filename,shape_type,target,center_x,center_y,size,color,quadrant,row,column,num_distractors,num_images,distractor_color,color_bin_index,rotation_angle,bin_group
image_0.png,2,True,200.49520035632318,95.373659020255,20,#FF0000,Quadrant 1,1,1,72,240,#FF0000,0,9.003871880160098,6
image_0.png,2,False,477.2459468343859,348.24387659243155,20,#0000ff,Quadrant 4,2,2,72,,#0000ff,,265.1296370990445,6
image_0.png,5,False,75.5560202646372,98.94581770169957,20,#ff0000,Quadrant 1,1,1,72,,#ff0000,,11.441764613442093,6
image_0.png,2,False,202.6733979709266,339.595521259729,20,#0000ff,Quadrant 3,2,1,72,,#0000ff,,161.7152566621873,6
image_0.png,5,False,118.12537537031749,372.8265412941633,20,#ff0000,Quadrant 3,2,1,72,,#ff0000,,122.49018594647707,6
image_0.png,5,False,77.6375836382567,331.3528704793398,20,#ff0000,Quadrant 3,2,1,72,,#ff0000,,33.38850361685325,6
image_0.png,5,False,380.4611550122888,378.8377587842021,20,#ff0000,Quadrant 4,2,2,72,,#ff0000,,262.70344320977443,6
image_0.png,5,False,582.4598136703135,244.800466393685,20,#ff0000,Quadrant 4,2,2,72,,#ff0000,,198.7346272583617,6
image_0.png,5,False,42.57300033875127,97.14554819628471,20,#ff0000,Quadrant 1,1,1,72,,#ff0000,,253.64586103737244,6
image_0.png,5,False,608.0072463943808,154.6877130648048,20,#0000ff,Quadrant 2,1,2,72,,#0000ff,,307.91437956545286,6
image_0.png,5,False,255.7815124567623,264.3262159147681,20,#0000ff,Quadrant 3,2,1,72,,#0000ff,,58.55547497619053,6
image_0.png,2,False,648.594522759019,271.1252202877924,20,#0000ff,Quadrant 4,2,2,72,,#0000ff,,97.18121764234007,6
image_0.png,2,False,545.6639390553627,97.58017120243146,20,#0000ff,Quadrant 2,1,2,72,,#0000ff,,303.42669126833147,6
image_0.png,5,False,56.603948990756045,356.165454942136,20,#ff0000,Quadrant 3,2,1,72,,#ff0000,,144.41932332803842,6
image_0.png,5,False,283.5903798307977,356.69898892192543,20,#ff0000,Quadrant 3,2,1,72,,#ff0000,,235.95791950615683,6
image_0.png,5,False,180.9263528011546,223.197154713671,20,#0000ff,Quadrant 3,2,1,72,,#0000ff,,95.35685993929889,6
image_0.png,2,False,286.18694804173373,93.90324696145309,20,#0000ff,Quadrant 1,1,1,72,,#0000ff,,323.2162380968917,6
image_0.png,2,False,43.463182667642116,52.44737127254916,20,#0000ff,Quadrant 1,1,1,72,,#0000ff,,32.7273883825658,6
image_0.png,5,False,276.1046777437305,236.24582592050643,20,#0000ff,Quadrant 3,2,1,72,,#0000ff,,214.70725106351057,6
image_0.png,2,False,604.0772148395691,15.339826294385823,20,#0000ff,Quadrant 2,1,2,72,,#0000ff,,349.58821594090256,6
image_0.png,2,False,245.38090091839015,121.94304862872708,20,#0000ff,Quadrant 1,1,1,72,,#0000ff,,276.69554375668054,6
image_0.png,5,False,508.52143024252854,283.03929283887936,20,#ff0000,Quadrant 4,2,2,72,,#ff0000,,1.1683137966225443,6
image_0.png,2,False,536.3699412517792,214.88527338521854,20,#0000ff,Quadrant 4,2,2,72,,#0000ff,,55.02213667786853,6
image_0.png,5,False,88.0768627460967,148.20672999439287,20,#ff0000,Quadrant 1,1,1,72,,#ff0000,,175.89805489042124,6
image_0.png,2,False,615.9486138515839,368.94689032264176,20,#0000ff,Quadrant 4,2,2,72,,#0000ff,,20.853059937907517,6
image_0.png,5,False,684.8313161436832,212.36293208215693,20,#ff0000,Quadrant 4,2,2,72,,#ff0000,,293.76837123123187,6
image_0.png,5,False,458.76598171358347,176.60183171968254,20,#ff0000,Quadrant 2,1,2,72,,#ff0000,,358.2537683979221,6
image_0.png,5,False,55.11384256885165,18.950950282668256,20,#ff0000,Quadrant 1,1,1,72,,#ff0000,,89.24602091976286,6
image_0.png,2,False,202.87083487157287,194.4866806788855,20,#0000ff,Quadrant 1,1,1,72,,#0000ff,,185.09620313109207,6
image_0.png,5,False,336.8783576888251,164.86866544168404,20,#0000ff,Quadrant 1,1,1,72,,#0000ff,,87.47900726246083,6
image_0.png,5,False,332.77999627726905,286.59067109582355,20,#0000ff,Quadrant 3,2,1,72,,#0000ff,,152.48830428717147,6
image_0.png,5,False,600.7611889107088,48.00949926020493,20,#0000ff,Quadrant 2,1,2,72,,#0000ff,,290.8880081034129,6
image_0.png,5,False,670.5918545523149,387.26977662824584,20,#ff0000,Quadrant 4,2,2,72,,#ff0000,,152.28269495645864,6
image_0.png,2,False,160.99591900736655,33.10668437875917,20,#0000ff,Quadrant 1,1,1,72,,#0000ff,,68.36323221634937,6
image_0.png,2,False,413.49836258223115,201.07744474357614,20,#0000ff,Quadrant 4,2,2,72,,#0000ff,,20.57949824669391,6
image_0.png,5,False,624.4079594351824,104.0694014641002,20,#0000ff,Quadrant 2,1,2,72,,#0000ff,,43.15918102096471,6
image_0.png,2,False,151.7345884028166,281.7205006983988,20,#0000ff,Quadrant 3,2,1,72,,#0000ff,,336.4942527851138,6
image_0.png,5,False,473.7945636194202,124.39889616393212,20,#ff0000,Quadrant 2,1,2,72,,#ff0000,,142.48290484485162,6
image_0.png,2,False,438.9787270347409,223.8115980515216,20,#0000ff,Quadrant 4,2,2,72,,#0000ff,,3.3535644783287033,6
image_0.png,2,False,251.4670872905509,37.00311671468728,20,#0000ff,Quadrant 1,1,1,72,,#0000ff,,47.68436533192823,6
image_0.png,5,False,312.9091708023121,216.33638973487982,20,#ff0000,Quadrant 3,2,1,72,,#ff0000,,102.59546083799643,6
image_0.png,5,False,522.525095262908,69.7593098949464,20,#ff0000,Quadrant 2,1,2,72,,#ff0000,,320.29657452205527,6
image_0.png,5,False,151.27854819361508,250.74194845856013,20,#0000ff,Quadrant 3,2,1,72,,#0000ff,,258.34038736996723,6
image_0.png,5,False,636.721582844596,30.20198180443659,20,#0000ff,Quadrant 2,1,2,72,,#0000ff,,90.40365074516188,6
image_0.png,5,False,240.82045509890574,60.44983174524345,20,#ff0000,Quadrant 1,1,1,72,,#ff0000,,15.871234247658009,6
image_0.png,2,False,391.1078101560836,172.6656553746968,20,#0000ff,Quadrant 2,1,2,72,,#0000ff,,266.8431270052551,6
image_0.png,5,False,113.03661825599555,59.174406288648456,20,#0000ff,Quadrant 1,1,1,72,,#0000ff,,209.70344393632584,6
image_0.png,5,False,559.5282680678607,336.34557599634127,20,#ff0000,Quadrant 4,2,2,72,,#ff0000,,323.6333359473324,6
image_0.png,2,False,174.11202190602813,72.4256679639658,20,#0000ff,Quadrant 1,1,1,72,,#0000ff,,333.2749761250404,6
image_0.png,5,False,518.4929210392515,136.56610688375002,20,#ff0000,Quadrant 2,1,2,72,,#ff0000,,8.92309028334794,6
image_0.png,2,False,553.5010367943396,51.86014678031779,20,#0000ff,Quadrant 2,1,2,72,,#0000ff,,96.05005545400994,6
image_0.png,5,False,573.6281712562841,184.9946227086401,20,#ff0000,Quadrant 2,1,2,72,,#ff0000,,80.0761383164392,6
image_0.png,5,False,203.3171199853694,253.48009719368326,20,#0000ff,Quadrant 3,2,1,72,,#0000ff,,348.08007745741,6
image_0.png,2,False,90.47046702563361,377.81143096640216,20,#0000ff,Quadrant 3,2,1,72,,#0000ff,,338.12537051689765,6
image_0.png,5,False,422.0375946865561,141.6697282149645,20,#0000ff,Quadrant 2,1,2,72,,#0000ff,,13.77259104717458,6
image_0.png,2,False,363.37048811227044,156.60387380430686,20,#0000ff,Quadrant 2,1,2,72,,#0000ff,,218.23518719021158,6
image_0.png,5,False,664.7745208342355,359.0513836504192,20,#ff0000,Quadrant 4,2,2,72,,#ff0000,,155.2670638649953,6
image_0.png,5,False,217.922042797561,127.90960231487092,20,#0000ff,Quadrant 1,1,1,72,,#0000ff,,259.1115346850221,6
image_0.png,5,False,214.7064345403775,59.11478804435992,20,#0000ff,Quadrant 1,1,1,72,,#0000ff,,144.86413934078087,6
image_0.png,5,False,633.0330210097494,243.66463822962183,20,#0000ff,Quadrant 4,2,2,72,,#0000ff,,243.83446029818384,6
image_0.png,5,False,11.279692451431107,119.45338497645447,20,#0000ff,Quadrant 1,1,1,72,,#0000ff,,197.25739672885135,6
image_0.png,5,False,315.6481017210123,91.77912957387991,20,#ff0000,Quadrant 1,1,1,72,,#ff0000,,167.3957484889251,6
image_0.png,2,False,112.67665676790446,270.9212721444364,20,#0000ff,Quadrant 3,2,1,72,,#0000ff,,143.87503063555357,6
image_0.png,5,False,565.0316909032955,274.05465148231406,20,#ff0000,Quadrant 4,2,2,72,,#ff0000,,78.78280925243499,6
image_0.png,2,False,643.1368399597983,56.87355049358731,20,#0000ff,Quadrant 2,1,2,72,,#0000ff,,200.66608585202232,6
image_0.png,5,False,691.6579001627827,236.08097638144065,20,#0000ff,Quadrant 4,2,2,72,,#0000ff,,240.32798373108713,6
image_0.png,5,False,388.48377397086074,350.1446630221731,20,#0000ff,Quadrant 4,2,2,72,,#0000ff,,299.0049010997094,6
image_0.png,2,False,383.16488131521646,63.305395253106866,20,#0000ff,Quadrant 2,1,2,72,,#0000ff,,115.09544463075443,6
image_0.png,5,False,497.7227886275465,35.27850556984591,20,#0000ff,Quadrant 2,1,2,72,,#0000ff,,249.82193242765882,6
image_0.png,5,False,413.43071638671114,273.90768889623195,20,#0000ff,Quadrant 4,2,2,72,,#0000ff,,325.7418522024637,6
image_0.png,5,False,253.36181504088722,295.81359727244785,20,#ff0000,Quadrant 3,2,1,72,,#ff0000,,2.122590090237506,6
image_0.png,5,False,136.21129926775475,109.33908666149718,20,#ff0000,Quadrant 1,1,1,72,,#ff0000,,312.06648801424683,6
image_0.png,5,False,243.53787762289687,343.5039147087165,20,#0000ff,Quadrant 3,2,1,72,,#0000ff,,163.69175700593357,6
image_1.png,2,True,527.0777158860841,30.68835991595057,20,#FF0000,Quadrant 2,1,2,10,240,#FF0000,0,169.3104610366969,3
image_1.png,5,False,165.4890721809065,36.937744031146835,20,#ff0000,Quadrant 1,1,1,10,,#ff0000,,342.69108925749157,3
image_1.png,5,False,161.177568684581,275.397759131045,20,#ff0000,Quadrant 3,2,1,10,,#ff0000,,203.02904949480688,3
image_1.png,2,False,675.0132386857329,282.5390324092911,20,#0000ff,Quadrant 4,2,2,10,,#0000ff,,218.12136932171208,3
image_1.png,5,False,28.692435167754088,128.91983838119478,20,#0000ff,Quadrant 1,1,1,10,,#0000ff,,38.91554987673837,3
image_1.png,5,False,147.64921641619182,234.81299155244412,20,#ff0000,Quadrant 3,2,1,10,,#ff0000,,338.92941547487146,3
image_1.png,5,False,400.9275306480807,26.524131217919454,20,#0000ff,Quadrant 2,1,2,10,,#0000ff,,286.6417979760763,3
image_1.png,5,False,457.15730204513875,15.782512762692466,20,#0000ff,Quadrant 2,1,2,10,,#0000ff,,24.824425147070585,3
image_1.png,5,False,672.9826338108446,251.25117010634656,20,#ff0000,Quadrant 4,2,2,10,,#ff0000,,37.99399343183949,3
image_1.png,5,False,516.584964465227,375.94907040799336,20,#0000ff,Quadrant 4,2,2,10,,#0000ff,,156.77537220276375,3
image_1.png,5,False,579.9311383119006,234.95540600607924,20,#ff0000,Quadrant 4,2,2,10,,#ff0000,,167.35455778842282,3
image_2.png,2,True,179.02190960256868,186.6598003760216,20,#FF0000,Quadrant 1,1,1,3,240,#FF0000,0,317.3872262409979,1
image_2.png,5,False,272.1236305443739,21.84859915709386,20,#ff0000,Quadrant 1,1,1,3,,#ff0000,,219.71941352298742,1
image_2.png,5,False,255.47440169532965,108.65721054858031,20,#0000ff,Quadrant 1,1,1,3,,#0000ff,,175.51797566088396,1
image_2.png,2,False,366.95617643158965,83.21932809324336,20,#0000ff,Quadrant 2,1,2,3,,#0000ff,,200.08477005105016,1
image_3.png,2,True,456.02709792151614,196.53046465970556,20,#FF0000,Quadrant 2,1,2,24,240,#FF0000,0,248.6193622007483,4
image_3.png,2,False,75.11375853216879,94.7634393786164,20,#0000ff,Quadrant 1,1,1,24,,#0000ff,,285.4558325276343,4
image_3.png,5,False,265.25509050545446,220.21277699387437,20,#0000ff,Quadrant 3,2,1,24,,#0000ff,,239.02560777485377,4
image_3.png,5,False,390.2176577293515,143.98437943815563,20,#0000ff,Quadrant 2,1,2,24,,#0000ff,,358.7873270253595,4
image_3.png,5,False,169.84071045467184,283.6454772412543,20,#ff0000,Quadrant 3,2,1,24,,#ff0000,,110.38427688557896,4
image_3.png,5,False,666.1546391110766,271.8818234651285,20,#0000ff,Quadrant 4,2,2,24,,#0000ff,,267.43718291007747,4
image_3.png,5,False,683.8822387664261,209.31273652305376,20,#ff0000,Quadrant 4,2,2,24,,#ff0000,,260.85060039349855,4
image_3.png,5,False,215.11381318968455,147.41304413846808,20,#ff0000,Quadrant 1,1,1,24,,#ff0000,,299.7462107977444,4
image_3.png,2,False,98.21565933525935,28.20493497165653,20,#0000ff,Quadrant 1,1,1,24,,#0000ff,,254.88665485597127,4
image_3.png,5,False,98.00657064834374,339.2783325653928,20,#ff0000,Quadrant 3,2,1,24,,#ff0000,,251.07026144767,4
image_3.png,5,False,406.53024732254295,188.43204518373287,20,#0000ff,Quadrant 2,1,2,24,,#0000ff,,314.17910459947245,4
image_3.png,5,False,46.39855813948513,366.722039578343,20,#ff0000,Quadrant 3,2,1,24,,#ff0000,,66.37092134042942,4
image_3.png,2,False,287.0874277115865,39.00306035663184,20,#0000ff,Quadrant 1,1,1,24,,#0000ff,,295.96163230779496,4
image_3.png,5,False,182.00356813977,221.95160708546356,20,#ff0000,Quadrant 3,2,1,24,,#ff0000,,30.665127022642817,4
image_3.png,5,False,273.0804600149725,354.41465474179785,20,#0000ff,Quadrant 3,2,1,24,,#0000ff,,279.24967429135825,4
image_3.png,2,False,438.88782421871036,241.44048482865927,20,#0000ff,Quadrant 4,2,2,24,,#0000ff,,109.93688795496975,4
image_3.png,2,False,119.21233733942435,76.70152126739224,20,#0000ff,Quadrant 1,1,1,24,,#0000ff,,237.7541293891332,4
image_3.png,2,False,420.1359134373791,121.09601125372843,20,#0000ff,Quadrant 2,1,2,24,,#0000ff,,162.18133366237285,4
image_3.png,2,False,495.3584275265711,182.62384138186235,20,#0000ff,Quadrant 2,1,2,24,,#0000ff,,254.50409875645198,4
image_3.png,5,False,165.89371123329042,67.31799360647443,20,#ff0000,Quadrant 1,1,1,24,,#ff0000,,41.31946888597647,4
image_3.png,5,False,125.3208017730793,127.2772651681799,20,#0000ff,Quadrant 1,1,1,24,,#0000ff,,25.70754126809309,4
image_3.png,5,False,485.4991359451326,275.49933292082113,20,#0000ff,Quadrant 4,2,2,24,,#0000ff,,44.767316942894965,4
image_3.png,5,False,423.0472601463204,347.2018521525475,20,#0000ff,Quadrant 4,2,2,24,,#0000ff,,157.59319088577527,4
image_3.png,5,False,536.7821038743051,77.22209516055365,20,#0000ff,Quadrant 2,1,2,24,,#0000ff,,207.44891445698886,4
image_3.png,5,False,414.29211181644166,250.94862395364484,20,#ff0000,Quadrant 4,2,2,24,,#ff0000,,65.33609300032533,4
image_4.png,2,True,232.2091383540778,50.538756372206706,20,#FF0000,Quadrant 1,1,1,28,240,#FF0000,0,147.0053136348055,4
image_4.png,5,False,294.6234668637899,198.28728992451968,20,#ff0000,Quadrant 1,1,1,28,,#ff0000,,57.89694695718078,4
image_4.png,5,False,227.7023212902457,133.19749121232599,20,#ff0000,Quadrant 1,1,1,28,,#ff0000,,163.7373270966226,4
image_4.png,2,False,384.8469865121074,167.20758176214352,20,#0000ff,Quadrant 2,1,2,28,,#0000ff,,236.75773913392644,4
image_4.png,5,False,354.46174754132795,178.09148126301483,20,#ff0000,Quadrant 1,1,1,28,,#ff0000,,224.14819413661607,4
image_4.png,5,False,312.86198950486863,274.93851100818114,20,#ff0000,Quadrant 3,2,1,28,,#ff0000,,333.9621939040012,4
image_4.png,2,False,75.22113968296904,386.07319869139303,20,#0000ff,Quadrant 3,2,1,28,,#0000ff,,198.8105072593439,4
image_4.png,5,False,457.27197557200975,69.20108503390802,20,#0000ff,Quadrant 2,1,2,28,,#0000ff,,340.9418672493682,4
image_4.png,5,False,646.1671553028461,203.11505702211392,20,#0000ff,Quadrant 4,2,2,28,,#0000ff,,138.09096476897398,4
image_4.png,2,False,553.7372925715987,111.99126663929002,20,#0000ff,Quadrant 2,1,2,28,,#0000ff,,122.35508752114639,4
image_4.png,5,False,588.0209106758243,230.21103910792675,20,#ff0000,Quadrant 4,2,2,28,,#ff0000,,261.3783537408717,4
image_4.png,5,False,344.7112146451353,136.66230325866326,20,#0000ff,Quadrant 1,1,1,28,,#0000ff,,160.75706149555,4
image_4.png,2,False,610.1555597482732,381.73281064372065,20,#0000ff,Quadrant 4,2,2,28,,#0000ff,,335.82681205749395,4
image_4.png,5,False,545.3501433433894,27.498679058780123,20,#0000ff,Quadrant 2,1,2,28,,#0000ff,,84.08248058084152,4
image_4.png,2,False,468.2816035148444,321.2425745462118,20,#0000ff,Quadrant 4,2,2,28,,#0000ff,,138.98835089675364,4
image_4.png,5,False,97.98367989866881,375.9036570868507,20,#ff0000,Quadrant 3,2,1,28,,#ff0000,,347.3367978135277,4
image_4.png,5,False,488.2734684263617,256.638254674965,20,#0000ff,Quadrant 4,2,2,28,,#0000ff,,121.8820442585154,4
image_4.png,5,False,442.86463433650357,346.4518221397242,20,#ff0000,Quadrant 4,2,2,28,,#ff0000,,343.4902533441634,4
image_4.png,5,False,172.75669749729283,269.70303912543653,20,#ff0000,Quadrant 3,2,1,28,,#ff0000,,222.28540617698033,4
image_4.png,2,False,310.0063441550336,48.211501772848834,20,#0000ff,Quadrant 1,1,1,28,,#0000ff,,268.8358920256537,4
image_4.png,5,False,217.33212928816062,21.94206027228074,20,#ff0000,Quadrant 1,1,1,28,,#ff0000,,59.89132322252106,4
image_4.png,5,False,269.2655108551919,66.02538277437262,20,#ff0000,Quadrant 1,1,1,28,,#ff0000,,105.61239934747516,4
image_4.png,2,False,65.4091936047363,340.17736828775514,20,#0000ff,Quadrant 3,2,1,28,,#0000ff,,61.19411366451506,4
image_4.png,5,False,109.60810916854315,185.31466724818907,20,#0000ff,Quadrant 1,1,1,28,,#0000ff,,328.6184457684797,4
image_4.png,5,False,17.474830272406148,315.1513030966053,20,#ff0000,Quadrant 3,2,1,28,,#ff0000,,91.91761493729545,4
image_4.png,5,False,662.2673524699711,384.3323407925822,20,#0000ff,Quadrant 4,2,2,28,,#0000ff,,26.590284101834275,4
image_4.png,5,False,273.7600010861064,146.68656156419894,20,#0000ff,Quadrant 1,1,1,28,,#0000ff,,38.39517627204993,4
image_4.png,5,False,582.8958798685695,160.61457006449686,20,#0000ff,Quadrant 2,1,2,28,,#0000ff,,7.898255229443403,4
image_4.png,5,False,169.55157137861684,314.1302799521187,20,#ff0000,Quadrant 3,2,1,28,,#ff0000,,279.2667526572171,4
image_5.png,2,True,456.32867952557024,127.77663013409644,20,#FF0000,Quadrant 2,1,2,71,240,#FF0000,0,325.22533346626847,6
image_5.png,2,False,410.3263518988295,287.83199228103206,20,#0000ff,Quadrant 4,2,2,71,,#0000ff,,158.69634845861216,6
image_5.png,5,False,297.28163136553763,86.9004323777288,20,#0000ff,Quadrant 1,1,1,71,,#0000ff,,117.61888525704374,6
image_5.png,5,False,188.05238826408774,322.73274914102996,20,#0000ff,Quadrant 3,2,1,71,,#0000ff,,298.97014304426307,6
image_5.png,2,False,244.37480986949964,54.53414941600906,20,#0000ff,Quadrant 1,1,1,71,,#0000ff,,268.7613662581362,6
image_5.png,5,False,565.3608867301672,149.26296867530408,20,#ff0000,Quadrant 2,1,2,71,,#ff0000,,348.21710902801163,6
image_5.png,5,False,96.15263963004624,150.32537895686272,20,#0000ff,Quadrant 1,1,1,71,,#0000ff,,95.20508820687257,6
image_5.png,2,False,658.8611134361129,51.9548266313092,20,#0000ff,Quadrant 2,1,2,71,,#0000ff,,296.07022844163873,6
image_5.png,5,False,620.2378083530332,223.2119904904542,20,#0000ff,Quadrant 4,2,2,71,,#0000ff,,9.008873872733636,6
image_5.png,2,False,91.38972040494052,28.141094563058438,20,#0000ff,Quadrant 1,1,1,71,,#0000ff,,233.72620066245278,6
image_5.png,2,False,91.00701121960044,99.7544122590424,20,#0000ff,Quadrant 1,1,1,71,,#0000ff,,358.5338549118106,6
image_5.png,5,False,472.96500478776795,291.9069659357588,20,#ff0000,Quadrant 4,2,2,71,,#ff0000,,163.31175248000133,6
image_5.png,5,False,462.24118737299665,326.13598548600953,20,#0000ff,Quadrant 4,2,2,71,,#0000ff,,318.7489622038486,6
image_5.png,2,False,266.295141568026,178.5988065309452,20,#0000ff,Quadrant 1,1,1,71,,#0000ff,,11.777863267816887,6
image_5.png,5,False,483.4337029166056,216.80809564025077,20,#ff0000,Quadrant 4,2,2,71,,#ff0000,,35.76766485820691,6
image_5.png,5,False,141.7780993289838,57.176373814985695,20,#ff0000,Quadrant 1,1,1,71,,#ff0000,,143.3302713879743,6
image_5.png,5,False,453.13437792368694,236.72117269838805,20,#ff0000,Quadrant 4,2,2,71,,#ff0000,,238.5967457023121,6
image_5.png,2,False,553.2279108836816,88.56770740400728,20,#0000ff,Quadrant 2,1,2,71,,#0000ff,,355.97552541891184,6
image_5.png,5,False,554.375546697273,236.28105809593077,20,#ff0000,Quadrant 4,2,2,71,,#ff0000,,278.7726880097352,6
image_5.png,5,False,383.2084497787113,312.8382253047817,20,#ff0000,Quadrant 4,2,2,71,,#ff0000,,355.509829571822,6
image_5.png,2,False,21.873166539189416,111.30891814683993,20,#0000ff,Quadrant 1,1,1,71,,#0000ff,,211.98705193815923,6
image_5.png,5,False,524.763374498423,191.0209749299886,20,#ff0000,Quadrant 2,1,2,71,,#ff0000,,189.39078957523216,6
image_5.png,5,False,163.64778217219836,243.510384115517,20,#0000ff,Quadrant 3,2,1,71,,#0000ff,,162.7219511671508,6
image_5.png,5,False,32.462790622626954,388.4657934237656,20,#0000ff,Quadrant 3,2,1,71,,#0000ff,,231.60264631397595,6
image_5.png,5,False,348.7952405053712,354.86691340555666,20,#ff0000,Quadrant 3,2,1,71,,#ff0000,,246.99509858240376,6
image_5.png,5,False,200.48602369542976,250.30300178578383,20,#0000ff,Quadrant 3,2,1,71,,#0000ff,,23.64560399524101,6
image_5.png,5,False,376.5536609901826,182.50442784352828,20,#ff0000,Quadrant 2,1,2,71,,#ff0000,,358.0659921099325,6
image_5.png,2,False,89.83129590432486,258.48149794374774,20,#0000ff,Quadrant 3,2,1,71,,#0000ff,,285.5145935165926,6
image_5.png,5,False,168.43207273719864,139.11615191969622,20,#0000ff,Quadrant 1,1,1,71,,#0000ff,,162.55976974750135,6
image_5.png,2,False,484.2196934367469,190.2732607526808,20,#0000ff,Quadrant 2,1,2,71,,#0000ff,,343.293306342885,6
image_5.png,2,False,520.0304429587252,317.8487898348543,20,#0000ff,Quadrant 4,2,2,71,,#0000ff,,34.76319572368282,6
image_5.png,5,False,294.047148083367,341.22358670457237,20,#ff0000,Quadrant 3,2,1,71,,#ff0000,,241.2047753036265,6
image_5.png,5,False,424.68255285380246,143.9222581920103,20,#ff0000,Quadrant 2,1,2,71,,#ff0000,,348.62350511213083,6
image_5.png,2,False,252.2285420184007,221.26834996743554,20,#0000ff,Quadrant 3,2,1,71,,#0000ff,,305.0189453285829,6
image_5.png,2,False,567.1755247239653,330.46865098211936,20,#0000ff,Quadrant 4,2,2,71,,#0000ff,,206.67600155932658,6
image_5.png,5,False,199.2832978230674,299.1907977968172,20,#0000ff,Quadrant 3,2,1,71,,#0000ff,,10.423145182056594,6
image_5.png,2,False,447.255516719649,22.588383187982437,20,#0000ff,Quadrant 2,1,2,71,,#0000ff,,51.07487549445671,6
image_5.png,5,False,245.87733143907028,150.88006895630747,20,#ff0000,Quadrant 1,1,1,71,,#ff0000,,151.13969775522114,6
image_5.png,5,False,118.19455344569248,296.1767623092445,20,#0000ff,Quadrant 3,2,1,71,,#0000ff,,318.0031864266036,6
image_5.png,5,False,345.6209146698964,178.0927025717605,20,#ff0000,Quadrant 1,1,1,71,,#ff0000,,238.29792941097404,6
image_5.png,5,False,89.420263087929,173.50735342440254,20,#0000ff,Quadrant 1,1,1,71,,#0000ff,,271.7795317206134,6
image_5.png,2,False,223.5009609855157,94.3559686199543,20,#0000ff,Quadrant 1,1,1,71,,#0000ff,,189.69627857333214,6
image_5.png,5,False,407.6980617476766,227.74507937484867,20,#0000ff,Quadrant 4,2,2,71,,#0000ff,,310.3596049003439,6
image_5.png,5,False,25.37016916805193,133.76237183040422,20,#0000ff,Quadrant 1,1,1,71,,#0000ff,,41.46241415896736,6
image_5.png,5,False,592.8497239123262,102.97362748299332,20,#ff0000,Quadrant 2,1,2,71,,#ff0000,,31.726757267238487,6
image_5.png,2,False,447.2917955410805,211.56862225206103,20,#0000ff,Quadrant 4,2,2,71,,#0000ff,,27.496575890287613,6
image_5.png,5,False,671.2158874590366,254.97744499209512,20,#ff0000,Quadrant 4,2,2,71,,#ff0000,,126.39590458464977,6
image_5.png,5,False,58.049232103575946,178.15464813011567,20,#0000ff,Quadrant 1,1,1,71,,#0000ff,,54.34466450150768,6
image_5.png,2,False,265.060206048481,119.51511832329867,20,#0000ff,Quadrant 1,1,1,71,,#0000ff,,13.538608405593147,6
image_5.png,5,False,404.8714569666684,82.15451779616707,20,#ff0000,Quadrant 2,1,2,71,,#ff0000,,327.2579843665192,6
image_5.png,5,False,321.4104221113979,317.54545467995064,20,#ff0000,Quadrant 3,2,1,71,,#ff0000,,344.7800491919706,6
image_5.png,5,False,129.89308997965543,104.64712752015144,20,#0000ff,Quadrant 1,1,1,71,,#0000ff,,181.63764054034465,6
image_5.png,5,False,395.4366533562792,157.1212693855729,20,#ff0000,Quadrant 2,1,2,71,,#ff0000,,118.68867184238238,6
image_5.png,2,False,492.252694377386,159.1601180787662,20,#0000ff,Quadrant 2,1,2,71,,#0000ff,,348.3707427693881,6
image_5.png,5,False,223.80872227401395,370.5420005393388,20,#0000ff,Quadrant 3,2,1,71,,#0000ff,,6.562993604951779,6
image_5.png,5,False,699.9838919399866,69.569275372985,20,#ff0000,Quadrant 2,1,2,71,,#ff0000,,69.12188411917906,6
image_5.png,2,False,382.90205254701937,290.2074331345548,20,#0000ff,Quadrant 4,2,2,71,,#0000ff,,182.76829658087266,6
image_5.png,5,False,477.01405338789914,100.78641614693767,20,#0000ff,Quadrant 2,1,2,71,,#0000ff,,147.90910013875205,6
image_5.png,2,False,551.4310950797181,352.7022998159592,20,#0000ff,Quadrant 4,2,2,71,,#0000ff,,347.6147893898531,6
image_5.png,2,False,198.9532054184447,353.20574699377516,20,#0000ff,Quadrant 3,2,1,71,,#0000ff,,274.72205890500874,6
image_5.png,5,False,638.3379131181849,319.7138307133792,20,#ff0000,Quadrant 4,2,2,71,,#ff0000,,33.01688507727362,6
image_5.png,5,False,284.1567822090007,152.35744234266957,20,#ff0000,Quadrant 1,1,1,71,,#ff0000,,149.36288609484194,6
image_5.png,5,False,30.42121886889539,362.85219199548226,20,#ff0000,Quadrant 3,2,1,71,,#ff0000,,134.96856243039633,6
image_5.png,5,False,14.618075632570756,40.947341540332644,20,#ff0000,Quadrant 1,1,1,71,,#ff0000,,161.49653063360878,6
image_5.png,2,False,174.7341161556033,57.058674469957424,20,#0000ff,Quadrant 1,1,1,71,,#0000ff,,279.42214774874276,6
image_5.png,5,False,340.70797724474966,79.9010834004441,20,#ff0000,Quadrant 1,1,1,71,,#ff0000,,353.09490688398574,6
image_5.png,2,False,41.18252392913581,86.39959714434119,20,#0000ff,Quadrant 1,1,1,71,,#0000ff,,105.63932562301125,6
image_5.png,5,False,366.0992929963497,384.88838146793466,20,#0000ff,Quadrant 4,2,2,71,,#0000ff,,336.01355278214305,6
image_5.png,5,False,561.7469215360671,176.16762282122596,20,#0000ff,Quadrant 2,1,2,71,,#0000ff,,98.35797820099444,6
image_5.png,5,False,277.3982453316169,379.0675148711868,20,#0000ff,Quadrant 3,2,1,71,,#0000ff,,322.0694981838192,6
image_5.png,2,False,560.3334165795226,111.82042301322502,20,#0000ff,Quadrant 2,1,2,71,,#0000ff,,132.2448937054855,6
image_5.png,5,False,426.0903228940266,321.84500366607716,20,#0000ff,Quadrant 4,2,2,71,,#0000ff,,28.413722179968435,6
image_6.png,2,True,214.69592509549585,179.5561584516687,20,#FF0000,Quadrant 1,1,1,1,240,#FF0000,0,118.05116592296153,1
image_6.png,5,False,125.81824795341451,178.79736805621351,20,#ff0000,Quadrant 1,1,1,1,,#ff0000,,258.35864807219644,1
image_7.png,2,True,310.6740073201704,252.71939936615757,20,#FF0000,Quadrant 3,2,1,87,240,#FF0000,0,221.34653359155516,6
image_7.png,5,False,50.51970631408214,264.70751000180644,20,#0000ff,Quadrant 3,2,1,87,,#0000ff,,284.9320183787165,6
image_7.png,5,False,527.6797111564421,71.47498265023822,20,#ff0000,Quadrant 2,1,2,87,,#ff0000,,184.71096700723876,6
image_7.png,5,False,173.60081710962274,254.87156701439739,20,#0000ff,Quadrant 3,2,1,87,,#0000ff,,45.44280874881154,6
image_7.png,5,False,33.31348822199055,68.99962576244366,20,#0000ff,Quadrant 1,1,1,87,,#0000ff,,341.8081602767711,6
image_7.png,5,False,536.7652010692212,227.94243221021256,20,#0000ff,Quadrant 4,2,2,87,,#0000ff,,133.92481624944614,6
image_7.png,5,False,203.01724898057003,374.07657975616735,20,#0000ff,Quadrant 3,2,1,87,,#0000ff,,113.17875887335735,6
image_7.png,5,False,92.13732589307521,303.9365747749025,20,#ff0000,Quadrant 3,2,1,87,,#ff0000,,328.8753020927472,6
image_7.png,5,False,598.5973140747983,181.8721350227602,20,#ff0000,Quadrant 2,1,2,87,,#ff0000,,44.14947188542951,6
image_7.png,5,False,677.64969185415,383.9252213448597,20,#ff0000,Quadrant 4,2,2,87,,#ff0000,,291.7847586087475,6
image_7.png,5,False,211.05961283391358,124.38362437348705,20,#ff0000,Quadrant 1,1,1,87,,#ff0000,,197.9989730952806,6
image_7.png,5,False,149.47547574142547,63.49545763050225,20,#ff0000,Quadrant 1,1,1,87,,#ff0000,,43.69048382824448,6
image_7.png,2,False,405.2991335032865,187.67940725225307,20,#0000ff,Quadrant 2,1,2,87,,#0000ff,,129.92274879997757,6
image_7.png,5,False,504.96724937335546,191.93541154796597,20,#0000ff,Quadrant 2,1,2,87,,#0000ff,,143.33759307752706,6
image_7.png,2,False,61.814241195843685,378.5595385122035,20,#0000ff,Quadrant 3,2,1,87,,#0000ff,,296.4021838230206,6
image_7.png,5,False,367.46104814388366,59.51048286161523,20,#ff0000,Quadrant 2,1,2,87,,#ff0000,,167.6999518635812,6
image_7.png,2,False,367.97236958464725,125.95907718122284,20,#0000ff,Quadrant 2,1,2,87,,#0000ff,,299.3006903283149,6
image_7.png,5,False,166.34902616895656,369.1486257140467,20,#ff0000,Quadrant 3,2,1,87,,#ff0000,,336.50562119006787,6
image_7.png,2,False,448.55433596615694,219.2180550526268,20,#0000ff,Quadrant 4,2,2,87,,#0000ff,,90.21791123351966,6
image_7.png,5,False,75.37217234278387,253.293247519019,20,#ff0000,Quadrant 3,2,1,87,,#ff0000,,221.19418019095127,6
image_7.png,5,False,30.549333162326676,28.184561644127267,20,#ff0000,Quadrant 1,1,1,87,,#ff0000,,297.08505623758754,6
image_7.png,5,False,485.45475088268574,70.75440897174832,20,#0000ff,Quadrant 2,1,2,87,,#0000ff,,163.27588786386167,6
image_7.png,5,False,245.3926795943746,65.30676525947587,20,#0000ff,Quadrant 1,1,1,87,,#0000ff,,167.1991767991206,6
image_7.png,2,False,101.09787841959428,151.0641948630101,20,#0000ff,Quadrant 1,1,1,87,,#0000ff,,351.1346860493569,6
image_7.png,2,False,95.41759535884843,180.94729253436128,20,#0000ff,Quadrant 1,1,1,87,,#0000ff,,87.02562993712816,6
image_7.png,5,False,332.63561612103456,343.29060084095823,20,#ff0000,Quadrant 3,2,1,87,,#ff0000,,358.54898799435006,6
image_7.png,5,False,281.9438648540618,183.83318274771827,20,#ff0000,Quadrant 1,1,1,87,,#ff0000,,32.41767421576236,6
image_7.png,5,False,61.66337557281802,201.60859000857138,20,#ff0000,Quadrant 3,2,1,87,,#ff0000,,199.1602535836146,6
image_7.png,5,False,77.61354387104251,152.06897113078196,20,#0000ff,Quadrant 1,1,1,87,,#0000ff,,46.318820648117466,6
image_7.png,5,False,148.15088038963802,203.44831113311884,20,#0000ff,Quadrant 3,2,1,87,,#0000ff,,271.78746202540583,6
image_7.png,2,False,113.62011789317049,348.60377960548675,20,#0000ff,Quadrant 3,2,1,87,,#0000ff,,186.95977571990997,6
image_7.png,5,False,230.46719188216255,159.5368342135306,20,#0000ff,Quadrant 1,1,1,87,,#0000ff,,335.29274479079635,6
image_7.png,5,False,362.1930154173236,196.16203448104594,20,#0000ff,Quadrant 2,1,2,87,,#0000ff,,182.63339503246675,6
image_7.png,5,False,264.7985309975153,265.6988163548002,20,#0000ff,Quadrant 3,2,1,87,,#0000ff,,293.6695799677767,6
image_7.png,2,False,510.7483824482283,271.08050015464767,20,#0000ff,Quadrant 4,2,2,87,,#0000ff,,286.83173301485294,6
image_7.png,5,False,462.7021798299316,378.43749460122916,20,#ff0000,Quadrant 4,2,2,87,,#ff0000,,95.59095731485968,6
image_7.png,5,False,507.89497348664673,303.80111707718055,20,#ff0000,Quadrant 4,2,2,87,,#ff0000,,188.7236397448859,6
image_7.png,2,False,177.87342993730365,227.43156259075963,20,#0000ff,Quadrant 3,2,1,87,,#0000ff,,295.7980648060268,6
image_7.png,5,False,115.336136844229,272.0090986272026,20,#0000ff,Quadrant 3,2,1,87,,#0000ff,,112.92929404050787,6
image_7.png,5,False,517.9918799041214,34.542326113455275,20,#0000ff,Quadrant 2,1,2,87,,#0000ff,,314.21437520843534,6
image_7.png,5,False,608.8138839804905,268.32194625713555,20,#0000ff,Quadrant 4,2,2,87,,#0000ff,,243.3126875602925,6
image_7.png,5,False,397.1759496727553,364.2354771395268,20,#0000ff,Quadrant 4,2,2,87,,#0000ff,,172.7292323527421,6
image_7.png,5,False,477.192727344174,154.5244020715166,20,#0000ff,Quadrant 2,1,2,87,,#0000ff,,43.874678063777424,6
image_7.png,5,False,565.3803095960769,120.79110245332964,20,#ff0000,Quadrant 2,1,2,87,,#ff0000,,343.6591908209261,6
image_7.png,5,False,315.7971410748716,107.93582272897622,20,#ff0000,Quadrant 1,1,1,87,,#ff0000,,124.69086507442194,6
image_7.png,2,False,521.4738829383716,101.44862092769992,20,#0000ff,Quadrant 2,1,2,87,,#0000ff,,39.3215693655888,6
image_7.png,2,False,336.4862919470328,268.4905709277806,20,#0000ff,Quadrant 3,2,1,87,,#0000ff,,118.90570445544198,6
image_7.png,5,False,456.02366542639595,354.2001704020653,20,#ff0000,Quadrant 4,2,2,87,,#ff0000,,115.6203727629,6
image_7.png,5,False,36.038156107450746,327.0848088865276,20,#ff0000,Quadrant 3,2,1,87,,#ff0000,,336.2121398081521,6
image_7.png,5,False,673.9085208774229,361.04300580485545,20,#ff0000,Quadrant 4,2,2,87,,#ff0000,,337.1791481199946,6
image_7.png,5,False,241.8440163363738,182.74395154326854,20,#ff0000,Quadrant 1,1,1,87,,#ff0000,,334.24374456612617,6
image_7.png,2,False,333.46630984533385,83.8827085475001,20,#0000ff,Quadrant 1,1,1,87,,#0000ff,,306.3815058880788,6
image_7.png,5,False,15.705953051753706,155.99111967553966,20,#0000ff,Quadrant 1,1,1,87,,#0000ff,,336.89713932049983,6
image_7.png,2,False,219.04068354752252,284.24959573557703,20,#0000ff,Quadrant 3,2,1,87,,#0000ff,,343.45253615576854,6
image_7.png,2,False,488.31755880126707,34.48299742060265,20,#0000ff,Quadrant 2,1,2,87,,#0000ff,,235.32601214527153,6
image_7.png,2,False,659.0979447609253,149.93159537262034,20,#0000ff,Quadrant 2,1,2,87,,#0000ff,,229.93607707177802,6
image_7.png,5,False,563.5745493364414,323.0781264346807,20,#0000ff,Quadrant 4,2,2,87,,#0000ff,,272.6461883895573,6
image_7.png,2,False,399.71224964642414,34.34454197642647,20,#0000ff,Quadrant 2,1,2,87,,#0000ff,,28.116979973078465,6
image_7.png,2,False,317.9375749169949,32.03033460227702,20,#0000ff,Quadrant 1,1,1,87,,#0000ff,,323.6001666168505,6
image_7.png,5,False,573.5362726679269,292.9140945104263,20,#0000ff,Quadrant 4,2,2,87,,#0000ff,,142.5415355831727,6
image_7.png,5,False,292.7093187794621,301.67143965655646,20,#0000ff,Quadrant 3,2,1,87,,#0000ff,,11.424553568308454,6
image_7.png,5,False,274.52845738859537,339.7164678474478,20,#0000ff,Quadrant 3,2,1,87,,#0000ff,,357.42837548911643,6
image_7.png,5,False,695.0714287174575,159.57616281436742,20,#0000ff,Quadrant 2,1,2,87,,#0000ff,,42.70794022269922,6
image_7.png,5,False,386.12283858823935,212.07090401177481,20,#0000ff,Quadrant 4,2,2,87,,#0000ff,,242.45994879956413,6
image_7.png,5,False,140.8630309021155,341.82869000776896,20,#ff0000,Quadrant 3,2,1,87,,#ff0000,,55.84369435335623,6
image_7.png,2,False,41.4791070085825,176.92794274226011,20,#0000ff,Quadrant 1,1,1,87,,#0000ff,,88.1042944386213,6
image_7.png,5,False,642.3975558207597,228.7697068493485,20,#ff0000,Quadrant 4,2,2,87,,#ff0000,,84.29814617099649,6
image_7.png,5,False,43.30314280024149,141.1888056540464,20,#0000ff,Quadrant 1,1,1,87,,#0000ff,,200.10623975413654,6
image_7.png,2,False,292.29057283558643,124.35785089658162,20,#0000ff,Quadrant 1,1,1,87,,#0000ff,,250.67102663127233,6
image_7.png,2,False,166.2623938337519,335.1505881806018,20,#0000ff,Quadrant 3,2,1,87,,#0000ff,,86.74854804398667,6
image_7.png,5,False,151.0990090783775,255.4548118851231,20,#0000ff,Quadrant 3,2,1,87,,#0000ff,,87.42906579225087,6
image_7.png,5,False,426.4132889974733,341.228533309046,20,#ff0000,Quadrant 4,2,2,87,,#ff0000,,242.52189142844824,6
image_7.png,5,False,240.41241015416784,372.75346947908247,20,#ff0000,Quadrant 3,2,1,87,,#ff0000,,313.01058654883366,6
image_7.png,5,False,273.27594187294363,212.71974816334745,20,#0000ff,Quadrant 3,2,1,87,,#0000ff,,279.1849975429573,6
image_7.png,5,False,231.64073321948732,87.782191694725,20,#0000ff,Quadrant 1,1,1,87,,#0000ff,,274.18642895149605,6
image_7.png,2,False,606.3544557724733,291.19339915483283,20,#0000ff,Quadrant 4,2,2,87,,#0000ff,,16.457561273194102,6
image_7.png,5,False,413.3979784923007,283.1645124692061,20,#ff0000,Quadrant 4,2,2,87,,#ff0000,,199.1921628751827,6
image_7.png,2,False,515.880071310238,144.1225916294935,20,#0000ff,Quadrant 2,1,2,87,,#0000ff,,165.8984394413539,6
image_7.png,2,False,623.7721609736404,385.34229845258574,20,#0000ff,Quadrant 4,2,2,87,,#0000ff,,66.2571982300563,6
image_7.png,2,False,445.5534354258895,36.69188194952976,20,#0000ff,Quadrant 2,1,2,87,,#0000ff,,49.49695097890566,6
image_7.png,5,False,436.68847751911727,263.0332877711624,20,#0000ff,Quadrant 4,2,2,87,,#0000ff,,134.35224936725228,6
image_7.png,2,False,377.6944021737755,166.48595610618344,20,#0000ff,Quadrant 2,1,2,87,,#0000ff,,5.663436072919104,6
image_7.png,5,False,208.5284016714338,200.83766018877498,20,#ff0000,Quadrant 3,2,1,87,,#ff0000,,192.86571705261292,6
image_7.png,2,False,77.36027038322042,67.2832496098147,20,#0000ff,Quadrant 1,1,1,87,,#0000ff,,38.52591433001744,6
image_7.png,5,False,195.18674357020208,161.026847704271,20,#0000ff,Quadrant 1,1,1,87,,#0000ff,,293.47718065678174,6
image_7.png,5,False,235.87350976774152,250.69847411898982,20,#0000ff,Quadrant 3,2,1,87,,#0000ff,,348.8113897925598,6
image_7.png,5,False,437.2263483890627,312.6648556974382,20,#ff0000,Quadrant 4,2,2,87,,#ff0000,,30.849882349224863,6
image_7.png,5,False,551.1004042085834,69.31666464797928,20,#0000ff,Quadrant 2,1,2,87,,#0000ff,,136.79999751004408,6
image_8.png,2,True,660.6995966389497,179.11015696859965,20,#FF0000,Quadrant 2,1,2,10,240,#FF0000,0,32.94735433064608,3
image_8.png,5,False,81.43744432402642,43.99835383023389,20,#0000ff,Quadrant 1,1,1,10,,#0000ff,,274.08473683234985,3
image_8.png,2,False,364.071744554806,50.04472653513399,20,#0000ff,Quadrant 2,1,2,10,,#0000ff,,200.51461159964202,3
image_8.png,5,False,422.28101859280594,307.5178377675612,20,#ff0000,Quadrant 4,2,2,10,,#ff0000,,199.5191299431259,3
image_8.png,5,False,278.1938964117133,43.01641739898151,20,#ff0000,Quadrant 1,1,1,10,,#ff0000,,105.06504646667555,3
image_8.png,5,False,218.47944184342236,197.4008501556766,20,#0000ff,Quadrant 1,1,1,10,,#0000ff,,49.982421225390034,3
image_8.png,5,False,352.60787890205233,244.1008033895286,20,#ff0000,Quadrant 3,2,1,10,,#ff0000,,259.5238028840134,3
image_8.png,5,False,15.662717534149873,160.5715678451814,20,#0000ff,Quadrant 1,1,1,10,,#0000ff,,48.77622924504338,3
image_8.png,2,False,307.69457623260166,322.29632077287283,20,#0000ff,Quadrant 3,2,1,10,,#0000ff,,158.48025173325118,3
image_8.png,5,False,663.6751772691041,86.92186272938311,20,#ff0000,Quadrant 2,1,2,10,,#ff0000,,115.43945593503156,3
image_8.png,5,False,678.4516777834732,121.16740129726011,20,#ff0000,Quadrant 2,1,2,10,,#ff0000,,347.2468643141258,3
image_9.png,2,True,552.4620403254949,148.97587313539978,20,#FF0000,Quadrant 2,1,2,15,240,#FF0000,0,100.9080527271183,3
image_9.png,5,False,148.66223356160836,387.96614192610826,20,#ff0000,Quadrant 3,2,1,15,,#ff0000,,335.5441749318405,3
image_9.png,5,False,211.7272023018685,272.8917355846016,20,#0000ff,Quadrant 3,2,1,15,,#0000ff,,157.84378355120708,3
image_9.png,2,False,219.6516906898661,106.51367690395264,20,#0000ff,Quadrant 1,1,1,15,,#0000ff,,50.10448417068253,3
image_9.png,5,False,61.96197841619674,385.4848322571739,20,#0000ff,Quadrant 3,2,1,15,,#0000ff,,284.06763475922264,3
image_9.png,5,False,647.2885745104418,339.72154785294794,20,#ff0000,Quadrant 4,2,2,15,,#ff0000,,192.37226443276217,3
image_9.png,2,False,258.71582068820305,349.49957280641985,20,#0000ff,Quadrant 3,2,1,15,,#0000ff,,284.6595301377333,3
image_9.png,5,False,433.1350746938617,223.8972704544954,20,#0000ff,Quadrant 4,2,2,15,,#0000ff,,59.88185758084015,3
image_9.png,5,False,307.58386974033556,14.987058112571228,20,#ff0000,Quadrant 1,1,1,15,,#ff0000,,347.65803997697816,3
image_9.png,2,False,368.4516613592018,230.43591570807357,20,#0000ff,Quadrant 4,2,2,15,,#0000ff,,183.84344658901608,3
image_9.png,2,False,330.05055069285476,267.8719742930457,20,#0000ff,Quadrant 3,2,1,15,,#0000ff,,134.6830444098137,3
image_9.png,2,False,343.62927721466497,122.67337935595742,20,#0000ff,Quadrant 1,1,1,15,,#0000ff,,359.17298114927524,3
image_9.png,5,False,324.7241856706293,89.19584930674287,20,#0000ff,Quadrant 1,1,1,15,,#0000ff,,112.28052380311492,3
image_9.png,5,False,569.218110536983,54.502230812141086,20,#ff0000,Quadrant 2,1,2,15,,#ff0000,,108.09506994549851,3
image_9.png,2,False,124.23996997413452,382.914377882369,20,#0000ff,Quadrant 3,2,1,15,,#0000ff,,243.77015984071824,3
image_9.png,5,False,671.3807463746913,98.6413969215131,20,#ff0000,Quadrant 2,1,2,15,,#ff0000,,201.54562289635072,3
image_10.png,2,True,519.0605866172884,344.81080753049724,20,#FF0000,Quadrant 4,2,2,8,240,#FF0000,0,142.4096561261208,2
image_10.png,5,False,306.9619075202036,12.682116377279606,20,#ff0000,Quadrant 1,1,1,8,,#ff0000,,161.84700409466873,2
image_10.png,5,False,561.857123894943,213.94404599570348,20,#0000ff,Quadrant 4,2,2,8,,#0000ff,,207.84524587266696,2
image_10.png,5,False,89.51497481585656,264.52513986883025,20,#0000ff,Quadrant 3,2,1,8,,#0000ff,,70.94673905311637,2
image_10.png,5,False,432.19150216477226,232.88778210565238,20,#0000ff,Quadrant 4,2,2,8,,#0000ff,,214.90949854187767,2
image_10.png,5,False,436.3628860627968,318.59306011063296,20,#ff0000,Quadrant 4,2,2,8,,#ff0000,,304.3864089610413,2
image_10.png,5,False,226.7849782124659,101.18049059386284,20,#ff0000,Quadrant 1,1,1,8,,#ff0000,,241.9596294181138,2
image_10.png,5,False,299.16674417955716,63.11383884606273,20,#0000ff,Quadrant 1,1,1,8,,#0000ff,,183.8969530153779,2
image_10.png,5,False,448.86063137839966,273.1176462280963,20,#0000ff,Quadrant 4,2,2,8,,#0000ff,,66.87133174539564,2
image_11.png,2,True,321.73966884444263,31.265057274456318,20,#FF0000,Quadrant 1,1,1,6,240,#FF0000,0,113.24880527790394,2
image_11.png,5,False,17.602989859100767,62.61012214242345,20,#0000ff,Quadrant 1,1,1,6,,#0000ff,,129.25410198169277,2
image_11.png,5,False,349.79913133658,279.4338169357113,20,#0000ff,Quadrant 3,2,1,6,,#0000ff,,147.28836541243493,2
image_11.png,2,False,400.55908367978793,311.8429762697175,20,#0000ff,Quadrant 4,2,2,6,,#0000ff,,60.211255474101165,2
image_11.png,5,False,165.9171140671695,120.11737723337852,20,#0000ff,Quadrant 1,1,1,6,,#0000ff,,11.770231268905476,2
image_11.png,5,False,89.00237575620396,54.170114213690205,20,#ff0000,Quadrant 1,1,1,6,,#ff0000,,197.90142643369848,2
image_11.png,5,False,315.1015734332606,93.60885143380777,20,#ff0000,Quadrant 1,1,1,6,,#ff0000,,273.601487121231,2
image_12.png,2,True,699.5264291331674,180.9988255898964,20,#FF0000,Quadrant 2,1,2,80,240,#FF0000,0,107.17521663704171,6
image_12.png,2,False,573.7259951452262,176.96842347889987,20,#0000ff,Quadrant 2,1,2,80,,#0000ff,,125.48771165603297,6
image_12.png,5,False,431.47038200481956,172.84714915410464,20,#0000ff,Quadrant 2,1,2,80,,#0000ff,,309.9775306572871,6
image_12.png,5,False,127.01200421152514,381.06205912032965,20,#0000ff,Quadrant 3,2,1,80,,#0000ff,,214.86876691845563,6
image_12.png,5,False,667.2017710072815,205.4488655963136,20,#ff0000,Quadrant 4,2,2,80,,#ff0000,,206.18480873289332,6
image_12.png,2,False,608.3957898088734,58.963727736020275,20,#0000ff,Quadrant 2,1,2,80,,#0000ff,,357.2950412320828,6
image_12.png,5,False,535.6553017736214,266.61666129857963,20,#ff0000,Quadrant 4,2,2,80,,#ff0000,,298.25344897150774,6
image_12.png,5,False,196.1461177882778,167.57708377998424,20,#ff0000,Quadrant 1,1,1,80,,#ff0000,,207.87319054949813,6
image_12.png,2,False,347.262647021579,230.97919588487463,20,#0000ff,Quadrant 3,2,1,80,,#0000ff,,163.6904336667915,6
image_12.png,5,False,491.43210569631646,332.3401586408838,20,#ff0000,Quadrant 4,2,2,80,,#ff0000,,228.54259639301728,6
image_12.png,5,False,409.1962781397956,225.00171792667902,20,#0000ff,Quadrant 4,2,2,80,,#0000ff,,121.59185586148345,6
image_12.png,5,False,536.1930214491038,28.36642589896357,20,#ff0000,Quadrant 2,1,2,80,,#ff0000,,321.89567689388014,6
image_12.png,2,False,601.921952350815,177.80608867528926,20,#0000ff,Quadrant 2,1,2,80,,#0000ff,,44.72538452294344,6
image_12.png,5,False,485.43980663703064,60.86314703115711,20,#ff0000,Quadrant 2,1,2,80,,#ff0000,,72.8345543030639,6
image_12.png,2,False,468.8465710633873,256.2884370577967,20,#0000ff,Quadrant 4,2,2,80,,#0000ff,,29.67139105397278,6
image_12.png,5,False,511.20598243113676,296.47775537152864,20,#ff0000,Quadrant 4,2,2,80,,#ff0000,,225.21753869938348,6
image_12.png,5,False,11.748463243597621,191.2329357226255,20,#ff0000,Quadrant 1,1,1,80,,#ff0000,,253.3312943150559,6
image_12.png,5,False,247.7225893735,56.584451165218304,20,#ff0000,Quadrant 1,1,1,80,,#ff0000,,2.9025248469036447,6
image_12.png,5,False,168.7443916792808,44.76714861563262,20,#0000ff,Quadrant 1,1,1,80,,#0000ff,,171.97208691759548,6
image_12.png,2,False,105.48208407830293,303.3680628199359,20,#0000ff,Quadrant 3,2,1,80,,#0000ff,,317.1560381928974,6
image_12.png,5,False,157.79520603080942,293.84562014951865,20,#0000ff,Quadrant 3,2,1,80,,#0000ff,,126.42757877763754,6
image_12.png,2,False,70.72805505806609,48.975812516547464,20,#0000ff,Quadrant 1,1,1,80,,#0000ff,,309.586508856774,6
image_12.png,2,False,306.84884290168446,310.026977932869,20,#0000ff,Quadrant 3,2,1,80,,#0000ff,,126.55283053792664,6
image_12.png,5,False,181.98708173103836,238.17764534654447,20,#ff0000,Quadrant 3,2,1,80,,#ff0000,,232.06340454764316,6
image_12.png,2,False,464.6412999886641,125.02344809218107,20,#0000ff,Quadrant 2,1,2,80,,#0000ff,,305.24115759838526,6
image_12.png,2,False,48.59813126950929,350.41094781494206,20,#0000ff,Quadrant 3,2,1,80,,#0000ff,,106.395138447144,6
image_12.png,5,False,604.100848712419,225.84778695617922,20,#ff0000,Quadrant 4,2,2,80,,#ff0000,,47.51383706377273,6
image_12.png,2,False,668.6181059352707,302.19874460690403,20,#0000ff,Quadrant 4,2,2,80,,#0000ff,,274.58133764241086,6
image_12.png,5,False,646.6571300749707,369.60103884601307,20,#0000ff,Quadrant 4,2,2,80,,#0000ff,,77.66745786620429,6
image_12.png,5,False,356.22273723437473,168.03329387390193,20,#ff0000,Quadrant 2,1,2,80,,#ff0000,,226.28545058180737,6
image_12.png,2,False,381.444541755739,68.71320775808991,20,#0000ff,Quadrant 2,1,2,80,,#0000ff,,230.59342379244666,6
image_12.png,2,False,448.02873642639383,326.4510053518365,20,#0000ff,Quadrant 4,2,2,80,,#0000ff,,140.6633410686059,6
image_12.png,2,False,513.941322050332,330.9649475232134,20,#0000ff,Quadrant 4,2,2,80,,#0000ff,,251.52331737797687,6
image_12.png,5,False,432.87249135587757,31.800818241474325,20,#0000ff,Quadrant 2,1,2,80,,#0000ff,,41.75516935597257,6
image_12.png,5,False,549.1944221765845,112.59297586269486,20,#0000ff,Quadrant 2,1,2,80,,#0000ff,,45.69501869320494,6
image_12.png,2,False,55.00780050584902,280.2581878197873,20,#0000ff,Quadrant 3,2,1,80,,#0000ff,,97.91301420768735,6
image_12.png,2,False,259.125364014488,199.85258217780287,20,#0000ff,Quadrant 1,1,1,80,,#0000ff,,163.8711999645939,6
image_12.png,2,False,543.8236487947514,349.0334628145311,20,#0000ff,Quadrant 4,2,2,80,,#0000ff,,56.631593196405376,6
image_12.png,2,False,645.0360896841312,78.64723296447474,20,#0000ff,Quadrant 2,1,2,80,,#0000ff,,131.03153867924667,6
image_12.png,5,False,182.05333333314056,357.19310112497834,20,#0000ff,Quadrant 3,2,1,80,,#0000ff,,80.82551297432722,6
image_12.png,5,False,404.78827824342864,56.133551417078635,20,#ff0000,Quadrant 2,1,2,80,,#ff0000,,297.3589183989118,6
image_12.png,5,False,607.6962064542579,303.39338725322466,20,#0000ff,Quadrant 4,2,2,80,,#0000ff,,315.71684574659093,6
image_12.png,5,False,325.6981152258125,150.45151775966357,20,#0000ff,Quadrant 1,1,1,80,,#0000ff,,31.09878807599024,6
image_12.png,5,False,387.57931815812174,311.8779985655692,20,#ff0000,Quadrant 4,2,2,80,,#ff0000,,263.68680122613597,6
image_12.png,2,False,249.68592774245084,328.35897460675375,20,#0000ff,Quadrant 3,2,1,80,,#0000ff,,83.87918706950747,6
image_12.png,5,False,170.48460307889476,330.6006010656728,20,#0000ff,Quadrant 3,2,1,80,,#0000ff,,15.804095653137429,6
image_12.png,2,False,526.3026858009231,230.53129714822848,20,#0000ff,Quadrant 4,2,2,80,,#0000ff,,165.04489027589352,6
image_12.png,5,False,402.22848179126447,175.42352804842443,20,#0000ff,Quadrant 2,1,2,80,,#0000ff,,26.938974358755896,6
image_12.png,5,False,649.0429047775476,159.53610960300472,20,#0000ff,Quadrant 2,1,2,80,,#0000ff,,306.3289340839029,6
image_12.png,2,False,291.08714826544826,213.57947955602893,20,#0000ff,Quadrant 3,2,1,80,,#0000ff,,167.77984047719823,6
image_12.png,2,False,193.59046164423395,56.32732430233877,20,#0000ff,Quadrant 1,1,1,80,,#0000ff,,110.99077855650165,6
image_12.png,5,False,491.14893045034563,26.244667465074755,20,#ff0000,Quadrant 2,1,2,80,,#ff0000,,297.4992076582739,6
image_12.png,2,False,182.02274593880475,145.47076158061924,20,#0000ff,Quadrant 1,1,1,80,,#0000ff,,32.8366453648855,6
image_12.png,5,False,693.576191461048,22.74903128961111,20,#0000ff,Quadrant 2,1,2,80,,#0000ff,,93.66004537964061,6
image_12.png,5,False,656.9891047491727,42.766902358221955,20,#ff0000,Quadrant 2,1,2,80,,#ff0000,,247.06269433280167,6
image_12.png,2,False,113.40704084838524,243.13228639996598,20,#0000ff,Quadrant 3,2,1,80,,#0000ff,,160.5641150327963,6
image_12.png,5,False,299.8527918042721,253.92265469132846,20,#0000ff,Quadrant 3,2,1,80,,#0000ff,,137.885499368645,6
image_12.png,5,False,549.408787920655,141.04489728057317,20,#0000ff,Quadrant 2,1,2,80,,#0000ff,,172.68639799972183,6
image_12.png,2,False,28.95738479276479,236.70998134307288,20,#0000ff,Quadrant 3,2,1,80,,#0000ff,,97.35684651683059,6
image_12.png,2,False,694.1650818436633,211.12540636293315,20,#0000ff,Quadrant 4,2,2,80,,#0000ff,,21.09284290012267,6
image_12.png,2,False,556.1624391376359,289.608731978636,20,#0000ff,Quadrant 4,2,2,80,,#0000ff,,192.12824325161168,6
image_12.png,5,False,589.2241318387715,330.49350109445413,20,#0000ff,Quadrant 4,2,2,80,,#0000ff,,127.72966844345756,6
image_12.png,5,False,30.4343265420126,275.8119836668361,20,#0000ff,Quadrant 3,2,1,80,,#0000ff,,329.0328014862724,6
image_12.png,5,False,37.1570176868687,32.23149523088058,20,#ff0000,Quadrant 1,1,1,80,,#ff0000,,63.20043635783427,6
image_12.png,5,False,592.7117355555414,133.31657067322845,20,#ff0000,Quadrant 2,1,2,80,,#ff0000,,330.76108343059417,6
image_12.png,5,False,105.01519984281065,70.53646891436773,20,#0000ff,Quadrant 1,1,1,80,,#0000ff,,108.63545534116886,6
image_12.png,5,False,64.60877390190356,142.09422713026035,20,#ff0000,Quadrant 1,1,1,80,,#ff0000,,119.22063341977892,6
image_12.png,5,False,80.88427758997679,192.24693665012668,20,#ff0000,Quadrant 1,1,1,80,,#ff0000,,196.56862836424355,6
image_12.png,5,False,128.2024849711704,152.92308018223864,20,#0000ff,Quadrant 1,1,1,80,,#0000ff,,26.712144635997355,6
image_12.png,5,False,239.1241652341505,379.3226030157063,20,#0000ff,Quadrant 3,2,1,80,,#0000ff,,19.280067357814374,6
image_12.png,5,False,215.90904625259907,47.25621829004732,20,#0000ff,Quadrant 1,1,1,80,,#0000ff,,237.81524137667049,6
image_12.png,5,False,259.61112672559113,172.6350519144797,20,#0000ff,Quadrant 1,1,1,80,,#0000ff,,55.29237642602431,6
image_12.png,5,False,28.731892292131477,75.57456845966033,20,#ff0000,Quadrant 1,1,1,80,,#ff0000,,71.88292827394068,6
image_12.png,2,False,273.81573391346444,81.52835175769815,20,#0000ff,Quadrant 1,1,1,80,,#0000ff,,133.56738894266908,6
image_12.png,2,False,484.38980541594304,364.94462266179636,20,#0000ff,Quadrant 4,2,2,80,,#0000ff,,347.62597346890857,6
image_12.png,2,False,283.02020762870825,333.7892525941696,20,#0000ff,Quadrant 3,2,1,80,,#0000ff,,107.58675924259286,6
image_12.png,2,False,689.2295452816526,378.4783240116721,20,#0000ff,Quadrant 4,2,2,80,,#0000ff,,62.236430210338,6
image_12.png,2,False,481.67344838370343,87.32548782950462,20,#0000ff,Quadrant 2,1,2,80,,#0000ff,,28.21266797021607,6
image_12.png,5,False,391.3653379954499,334.8039402842813,20,#ff0000,Quadrant 4,2,2,80,,#ff0000,,200.29111342912762,6
image_12.png,5,False,440.28691279768884,208.5284399500279,20,#ff0000,Quadrant 4,2,2,80,,#ff0000,,283.15822997799785,6
image_12.png,5,False,617.4135556066473,342.8437666991087,20,#0000ff,Quadrant 4,2,2,80,,#0000ff,,312.2910963954631,6
image_13.png,2,True,336.929118423267,76.09149724324453,20,#FF0000,Quadrant 1,1,1,96,240,#FF0000,0,205.92836632748225,6
image_13.png,5,False,436.970452646639,268.3472622946199,20,#ff0000,Quadrant 4,2,2,96,,#ff0000,,145.0706250353676,6
image_13.png,2,False,616.601808223124,272.01419907662995,20,#0000ff,Quadrant 4,2,2,96,,#0000ff,,142.48538792317146,6
image_13.png,5,False,629.0546085209521,18.64803188825677,20,#0000ff,Quadrant 2,1,2,96,,#0000ff,,331.5005938462195,6
image_13.png,2,False,349.7256380045694,274.15711528714047,20,#0000ff,Quadrant 3,2,1,96,,#0000ff,,100.92479514647097,6
image_13.png,5,False,316.3032125853545,323.1612194127457,20,#0000ff,Quadrant 3,2,1,96,,#0000ff,,350.7189928571918,6
image_13.png,5,False,72.51863985872032,177.96887406636483,20,#0000ff,Quadrant 1,1,1,96,,#0000ff,,217.79248768389024,6
image_13.png,5,False,608.4932007091055,321.344574326618,20,#0000ff,Quadrant 4,2,2,96,,#0000ff,,273.4175862814524,6
image_13.png,2,False,597.5424899401754,343.38771953402556,20,#0000ff,Quadrant 4,2,2,96,,#0000ff,,48.83393556614153,6
image_13.png,5,False,259.2984313480018,86.26349396678425,20,#0000ff,Quadrant 1,1,1,96,,#0000ff,,18.20134140917051,6
image_13.png,5,False,448.7973584532565,57.8239406606846,20,#0000ff,Quadrant 2,1,2,96,,#0000ff,,181.845494977379,6
image_13.png,5,False,133.3551652789007,340.04173178517897,20,#0000ff,Quadrant 3,2,1,96,,#0000ff,,213.85569364277447,6
image_13.png,2,False,627.3049330951026,294.10730883530476,20,#0000ff,Quadrant 4,2,2,96,,#0000ff,,58.864901226426305,6
image_13.png,5,False,45.20956851723189,333.7444614493366,20,#0000ff,Quadrant 3,2,1,96,,#0000ff,,9.882176363197278,6
image_13.png,2,False,606.7300218465122,376.57829846547907,20,#0000ff,Quadrant 4,2,2,96,,#0000ff,,184.78124415292476,6
image_13.png,5,False,457.03900082659163,238.23165728693377,20,#0000ff,Quadrant 4,2,2,96,,#0000ff,,328.14555769885385,6
image_13.png,5,False,499.7546873528367,115.09309500604097,20,#0000ff,Quadrant 2,1,2,96,,#0000ff,,256.5865757176935,6
image_13.png,5,False,161.34603825624978,125.21084450170504,20,#ff0000,Quadrant 1,1,1,96,,#ff0000,,165.23928680061948,6
image_13.png,5,False,699.6068427291729,376.3315017876128,20,#0000ff,Quadrant 4,2,2,96,,#0000ff,,2.6451261650393576,6
image_13.png,5,False,85.48402157364615,35.13040637310755,20,#0000ff,Quadrant 1,1,1,96,,#0000ff,,107.45133345118708,6
image_13.png,5,False,190.93021956135635,279.7934471661373,20,#ff0000,Quadrant 3,2,1,96,,#ff0000,,310.136976090659,6
image_13.png,5,False,538.4118535411964,351.0817029137971,20,#0000ff,Quadrant 4,2,2,96,,#0000ff,,53.97454668749635,6
image_13.png,5,False,507.96412314130873,258.74141563480293,20,#0000ff,Quadrant 4,2,2,96,,#0000ff,,245.07207013945745,6
image_13.png,2,False,289.7686383986578,289.48473219089647,20,#0000ff,Quadrant 3,2,1,96,,#0000ff,,326.48816250773996,6
image_13.png,5,False,164.20824064964927,213.09206838371256,20,#0000ff,Quadrant 3,2,1,96,,#0000ff,,261.5579555691253,6
image_13.png,2,False,99.15351225058075,108.77039951175858,20,#0000ff,Quadrant 1,1,1,96,,#0000ff,,35.13710297257536,6
image_13.png,5,False,164.1326694323887,95.41795579576007,20,#0000ff,Quadrant 1,1,1,96,,#0000ff,,235.59647196641515,6
image_13.png,5,False,239.277507372865,109.49139098335596,20,#0000ff,Quadrant 1,1,1,96,,#0000ff,,283.71255725073576,6
image_13.png,5,False,355.8289110254733,338.9141512759309,20,#0000ff,Quadrant 4,2,2,96,,#0000ff,,320.1933821293396,6
image_13.png,2,False,611.0150618372202,67.99425451400924,20,#0000ff,Quadrant 2,1,2,96,,#0000ff,,148.7186114449971,6
image_13.png,5,False,403.31907211370975,353.7027132433162,20,#ff0000,Quadrant 4,2,2,96,,#ff0000,,147.30906483075748,6
image_13.png,5,False,504.09556625981486,305.4397650699819,20,#0000ff,Quadrant 4,2,2,96,,#0000ff,,113.8980447535352,6
image_13.png,2,False,132.83191966222444,250.84061033970966,20,#0000ff,Quadrant 3,2,1,96,,#0000ff,,227.17179801457027,6
image_13.png,2,False,535.4621707571345,74.73297598833909,20,#0000ff,Quadrant 2,1,2,96,,#0000ff,,98.47003039253985,6
image_13.png,5,False,676.1108818495928,155.89360678020813,20,#ff0000,Quadrant 2,1,2,96,,#ff0000,,145.22165294326214,6
image_13.png,5,False,532.4680914662372,211.7307709458321,20,#0000ff,Quadrant 4,2,2,96,,#0000ff,,321.12230119106715,6
image_13.png,2,False,275.2662781760009,233.51752012753118,20,#0000ff,Quadrant 3,2,1,96,,#0000ff,,46.415088154188986,6
image_13.png,5,False,325.1332289462997,207.6690198289441,20,#0000ff,Quadrant 3,2,1,96,,#0000ff,,341.446815019086,6
image_13.png,2,False,512.0193225859255,60.59578348569501,20,#0000ff,Quadrant 2,1,2,96,,#0000ff,,82.23058254089717,6
image_13.png,5,False,556.7756098266199,152.82273955146732,20,#ff0000,Quadrant 2,1,2,96,,#ff0000,,255.9996324345062,6
image_13.png,2,False,44.044698864946305,51.8668841797751,20,#0000ff,Quadrant 1,1,1,96,,#0000ff,,213.81266443494619,6
image_13.png,2,False,80.57511470802694,207.67689052262423,20,#0000ff,Quadrant 3,2,1,96,,#0000ff,,151.51372431367074,6
image_13.png,2,False,83.28590922416679,282.6936328671115,20,#0000ff,Quadrant 3,2,1,96,,#0000ff,,299.03497936952033,6
image_13.png,2,False,84.21569502310614,86.08843812497467,20,#0000ff,Quadrant 1,1,1,96,,#0000ff,,41.04451896632925,6
image_13.png,2,False,19.78433747407215,44.64307334125529,20,#0000ff,Quadrant 1,1,1,96,,#0000ff,,84.42189574976027,6
image_13.png,5,False,325.70160073929145,380.41598020416785,20,#0000ff,Quadrant 3,2,1,96,,#0000ff,,231.9612449647315,6
image_13.png,5,False,571.2799271894212,341.4250897832962,20,#0000ff,Quadrant 4,2,2,96,,#0000ff,,18.028870492661035,6
image_13.png,2,False,226.45519669734458,290.16819400944263,20,#0000ff,Quadrant 3,2,1,96,,#0000ff,,288.574596968561,6
image_13.png,2,False,312.58530206275304,246.04305859968773,20,#0000ff,Quadrant 3,2,1,96,,#0000ff,,128.70986552558796,6
image_13.png,5,False,136.99703058920983,162.4939003981246,20,#0000ff,Quadrant 1,1,1,96,,#0000ff,,293.3871442331387,6
image_13.png,5,False,486.3427750625664,191.7766141471405,20,#ff0000,Quadrant 2,1,2,96,,#ff0000,,300.8550043318985,6
image_13.png,5,False,490.6610428578947,33.16833756143705,20,#0000ff,Quadrant 2,1,2,96,,#0000ff,,40.7003602959526,6
image_13.png,5,False,478.4128708757026,79.5164918831002,20,#0000ff,Quadrant 2,1,2,96,,#0000ff,,288.81532225623454,6
image_13.png,2,False,609.2809353105204,209.381170750602,20,#0000ff,Quadrant 4,2,2,96,,#0000ff,,4.449676674936254,6
image_13.png,5,False,485.19849234595705,244.69434806705658,20,#ff0000,Quadrant 4,2,2,96,,#ff0000,,186.87588444588437,6
image_13.png,5,False,45.69164230878877,95.18306575780603,20,#0000ff,Quadrant 1,1,1,96,,#0000ff,,349.25221756202404,6
image_13.png,5,False,325.3272590994439,139.84288776921818,20,#0000ff,Quadrant 1,1,1,96,,#0000ff,,235.65455408193748,6
image_13.png,5,False,438.0132411075111,189.8445314533766,20,#0000ff,Quadrant 2,1,2,96,,#0000ff,,201.65430423818455,6
image_13.png,5,False,675.4948079000403,121.3697871195304,20,#ff0000,Quadrant 2,1,2,96,,#ff0000,,298.7581988283844,6
image_13.png,5,False,124.1030483490143,64.08979280781007,20,#ff0000,Quadrant 1,1,1,96,,#ff0000,,16.48011954781234,6
image_13.png,2,False,549.3986581139919,281.94583166941163,20,#0000ff,Quadrant 4,2,2,96,,#0000ff,,164.536562985476,6
image_13.png,5,False,44.46583628038269,364.5465301543647,20,#ff0000,Quadrant 3,2,1,96,,#ff0000,,190.9311651068703,6
image_13.png,5,False,428.64477325363043,132.65694202895182,20,#0000ff,Quadrant 2,1,2,96,,#0000ff,,236.7078520074231,6
image_13.png,5,False,679.6687467894373,182.17567689875665,20,#0000ff,Quadrant 2,1,2,96,,#0000ff,,346.893673564711,6
image_13.png,2,False,388.4383142667077,129.6582805446424,20,#0000ff,Quadrant 2,1,2,96,,#0000ff,,303.50679526133797,6
image_13.png,2,False,645.7011256833783,61.14991340745103,20,#0000ff,Quadrant 2,1,2,96,,#0000ff,,247.18006703485312,6
image_13.png,5,False,302.0242083588391,15.82725470954129,20,#ff0000,Quadrant 1,1,1,96,,#ff0000,,315.8918045835822,6
image_13.png,5,False,111.88916080693953,34.44840744916237,20,#ff0000,Quadrant 1,1,1,96,,#ff0000,,246.02051831932334,6
image_13.png,5,False,670.1676573381486,379.8609889372157,20,#ff0000,Quadrant 4,2,2,96,,#ff0000,,139.5196735111165,6
image_13.png,5,False,184.17403744851865,245.57232094127895,20,#ff0000,Quadrant 3,2,1,96,,#ff0000,,4.667485562869791,6
image_13.png,5,False,394.4964495901844,60.16514838361072,20,#ff0000,Quadrant 2,1,2,96,,#ff0000,,154.26281318426433,6
image_13.png,5,False,544.0523944527738,247.3885984472936,20,#0000ff,Quadrant 4,2,2,96,,#0000ff,,214.87691952517594,6
image_13.png,2,False,369.6977319715439,308.20561446952115,20,#0000ff,Quadrant 4,2,2,96,,#0000ff,,344.5155783459013,6
image_13.png,2,False,288.95435876660406,143.07431542584948,20,#0000ff,Quadrant 1,1,1,96,,#0000ff,,195.50885582963332,6
image_13.png,5,False,213.27273209027047,370.21652846413735,20,#ff0000,Quadrant 3,2,1,96,,#ff0000,,119.18395318006885,6
image_13.png,5,False,116.93690370295776,184.58713892829576,20,#ff0000,Quadrant 1,1,1,96,,#ff0000,,268.88069724273436,6
image_13.png,5,False,48.390700844202875,311.21318947688655,20,#0000ff,Quadrant 3,2,1,96,,#0000ff,,31.507523256311494,6
image_13.png,2,False,379.5008809720304,253.4577981700598,20,#0000ff,Quadrant 4,2,2,96,,#0000ff,,242.3875436379766,6
image_13.png,5,False,84.12738834841107,308.44513731645145,20,#ff0000,Quadrant 3,2,1,96,,#ff0000,,334.0971900598802,6
image_13.png,2,False,649.4900161442076,155.1743311535776,20,#0000ff,Quadrant 2,1,2,96,,#0000ff,,101.346279945215,6
image_13.png,5,False,162.4874848422916,293.2729785874127,20,#ff0000,Quadrant 3,2,1,96,,#ff0000,,56.276450693967874,6
image_13.png,2,False,135.9556515090449,313.27150026289087,20,#0000ff,Quadrant 3,2,1,96,,#0000ff,,69.95743752467716,6
image_13.png,5,False,671.5159972094282,74.7457351224605,20,#ff0000,Quadrant 2,1,2,96,,#ff0000,,290.77191527098364,6
image_13.png,5,False,516.0182562727248,342.8408435540095,20,#0000ff,Quadrant 4,2,2,96,,#0000ff,,48.35009965783998,6
image_13.png,5,False,221.47006775083602,219.53195028855453,20,#ff0000,Quadrant 3,2,1,96,,#ff0000,,129.14697676089483,6
image_13.png,5,False,391.0482649845231,216.4314044410488,20,#ff0000,Quadrant 4,2,2,96,,#ff0000,,326.26928786334594,6
image_13.png,5,False,362.6738634138682,160.98478959158942,20,#ff0000,Quadrant 2,1,2,96,,#ff0000,,167.292411181363,6
image_13.png,2,False,664.6624519813421,260.25823002822517,20,#0000ff,Quadrant 4,2,2,96,,#0000ff,,64.49226620710348,6
image_13.png,5,False,324.24933690867806,28.553358935445328,20,#ff0000,Quadrant 1,1,1,96,,#ff0000,,169.0827224436752,6
image_13.png,5,False,636.0900318218587,206.18853365934157,20,#0000ff,Quadrant 4,2,2,96,,#0000ff,,135.47836117567627,6
image_13.png,2,False,343.1738518123438,239.39175054798963,20,#0000ff,Quadrant 3,2,1,96,,#0000ff,,175.2701625627032,6
image_13.png,5,False,64.11378753571908,254.23430690278107,20,#ff0000,Quadrant 3,2,1,96,,#ff0000,,59.61809607443717,6
image_13.png,2,False,99.11284419992718,234.90741562028833,20,#0000ff,Quadrant 3,2,1,96,,#0000ff,,87.72131067165702,6
image_13.png,5,False,160.23286492750879,240.2667894159947,20,#0000ff,Quadrant 3,2,1,96,,#0000ff,,341.0113927041699,6
image_13.png,2,False,583.1205029712495,238.11703404743363,20,#0000ff,Quadrant 4,2,2,96,,#0000ff,,61.40404223629066,6
image_13.png,5,False,483.37231186107175,359.6490351513901,20,#0000ff,Quadrant 4,2,2,96,,#0000ff,,60.379812573695524,6
image_13.png,5,False,22.411650191382673,208.58488766048592,20,#ff0000,Quadrant 3,2,1,96,,#ff0000,,47.596751444676826,6
image_14.png,2,True,632.208062451791,237.7296152171181,20,#FF0000,Quadrant 4,2,2,39,240,#FF0000,0,63.87198635423857,5
image_14.png,2,False,377.1552356689708,295.4008310915619,20,#0000ff,Quadrant 4,2,2,39,,#0000ff,,315.9909495874685,5
image_14.png,2,False,632.4674966915998,214.85010283293747,20,#0000ff,Quadrant 4,2,2,39,,#0000ff,,237.38134001879678,5
image_14.png,5,False,266.1900632214095,27.419671101189998,20,#ff0000,Quadrant 1,1,1,39,,#ff0000,,187.9359226781595,5
image_14.png,5,False,343.18305558714115,301.5578919806137,20,#ff0000,Quadrant 3,2,1,39,,#ff0000,,337.83178604266095,5
image_14.png,2,False,186.36292141489915,300.49466055549584,20,#0000ff,Quadrant 3,2,1,39,,#0000ff,,153.1761828675711,5
image_14.png,5,False,385.63067412046775,108.45028104968324,20,#ff0000,Quadrant 2,1,2,39,,#ff0000,,215.38524594631696,5
image_14.png,2,False,228.65628137956747,147.93798053479532,20,#0000ff,Quadrant 1,1,1,39,,#0000ff,,247.5960252399994,5
image_14.png,5,False,185.75294837383694,334.18127812927696,20,#0000ff,Quadrant 3,2,1,39,,#0000ff,,234.56733652005542,5
image_14.png,2,False,694.3492865036228,161.23766801788938,20,#0000ff,Quadrant 2,1,2,39,,#0000ff,,220.2770437240734,5
image_14.png,5,False,395.1606832103452,78.55600798085703,20,#0000ff,Quadrant 2,1,2,39,,#0000ff,,198.75778140249722,5
image_14.png,5,False,409.00164447919644,303.6455150446069,20,#ff0000,Quadrant 4,2,2,39,,#ff0000,,355.86297504898243,5
image_14.png,5,False,465.2458830479539,293.67376574019755,20,#ff0000,Quadrant 4,2,2,39,,#ff0000,,307.7996122164949,5
image_14.png,5,False,578.223015741492,189.29075351339392,20,#ff0000,Quadrant 2,1,2,39,,#ff0000,,289.5729699193827,5
image_14.png,2,False,163.79969854284377,41.25502047101341,20,#0000ff,Quadrant 1,1,1,39,,#0000ff,,23.06896429295181,5
image_14.png,5,False,287.044307358729,259.0342368851609,20,#ff0000,Quadrant 3,2,1,39,,#ff0000,,335.04659678340937,5
image_14.png,5,False,576.1375980210439,253.0301168923918,20,#ff0000,Quadrant 4,2,2,39,,#ff0000,,340.4577088244188,5
image_14.png,2,False,424.06577498292523,205.97755272696912,20,#0000ff,Quadrant 4,2,2,39,,#0000ff,,12.099366502653034,5
image_14.png,5,False,11.197930307835527,70.51411960144773,20,#0000ff,Quadrant 1,1,1,39,,#0000ff,,86.1323851034558,5
image_14.png,2,False,283.25360764828105,232.53830244926604,20,#0000ff,Quadrant 3,2,1,39,,#0000ff,,127.12595880835008,5
image_14.png,5,False,396.22945432693643,231.34845295235516,20,#0000ff,Quadrant 4,2,2,39,,#0000ff,,261.4099354946265,5
image_14.png,2,False,291.5157573878619,51.24375351639395,20,#0000ff,Quadrant 1,1,1,39,,#0000ff,,93.99870204189807,5
image_14.png,5,False,91.61919929256437,205.0223677280257,20,#0000ff,Quadrant 3,2,1,39,,#0000ff,,122.38772199247455,5
image_14.png,2,False,676.6122089312099,223.8777322382636,20,#0000ff,Quadrant 4,2,2,39,,#0000ff,,249.90907012966804,5
image_14.png,2,False,327.1465678112114,185.1523268735856,20,#0000ff,Quadrant 1,1,1,39,,#0000ff,,346.0459411085812,5
image_14.png,5,False,57.544885595603716,250.52415947699527,20,#0000ff,Quadrant 3,2,1,39,,#0000ff,,41.85658851873213,5
image_14.png,5,False,366.8714056541336,14.675366468052623,20,#ff0000,Quadrant 2,1,2,39,,#ff0000,,343.9604473644097,5
image_14.png,5,False,285.8632086156149,294.04191386972536,20,#ff0000,Quadrant 3,2,1,39,,#ff0000,,103.42424983891394,5
image_14.png,2,False,133.97667985667815,129.64391067353884,20,#0000ff,Quadrant 1,1,1,39,,#0000ff,,199.63854145484152,5
image_14.png,2,False,525.1016617690096,362.63648955488634,20,#0000ff,Quadrant 4,2,2,39,,#0000ff,,65.80240295054404,5
image_14.png,5,False,172.8194852598803,102.4973637453963,20,#ff0000,Quadrant 1,1,1,39,,#ff0000,,265.3604092589017,5
image_14.png,5,False,586.2739907655131,327.13452036551854,20,#ff0000,Quadrant 4,2,2,39,,#ff0000,,82.51471156623928,5
image_14.png,5,False,93.59628143913761,40.668302457459106,20,#ff0000,Quadrant 1,1,1,39,,#ff0000,,280.4178529859196,5
image_14.png,5,False,350.2225202382021,383.4665824846415,20,#0000ff,Quadrant 3,2,1,39,,#0000ff,,223.44029093943598,5
image_14.png,5,False,537.5767422253541,204.20851427272544,20,#ff0000,Quadrant 4,2,2,39,,#ff0000,,65.8338707266903,5
image_14.png,2,False,33.43566380594234,142.2752275081351,20,#0000ff,Quadrant 1,1,1,39,,#0000ff,,338.275591691408,5
image_14.png,2,False,492.0905074182401,184.90668303755055,20,#0000ff,Quadrant 2,1,2,39,,#0000ff,,351.54259028533505,5
image_14.png,5,False,235.2255417417288,242.63012042474958,20,#ff0000,Quadrant 3,2,1,39,,#ff0000,,209.16295883260085,5
image_14.png,5,False,174.38887607769868,189.16854787113616,20,#0000ff,Quadrant 1,1,1,39,,#0000ff,,197.4828241365079,5
image_14.png,5,False,303.0966446031397,169.41713265232272,20,#0000ff,Quadrant 1,1,1,39,,#0000ff,,66.2089227106959,5
image_15.png,2,True,404.7012958255029,381.1649867868978,20,#FF0000,Quadrant 4,2,2,25,240,#FF0000,0,162.2624369320282,4
image_15.png,2,False,571.9773675934243,283.4682436588463,20,#0000ff,Quadrant 4,2,2,25,,#0000ff,,246.96428837093728,4
image_15.png,2,False,146.08755454038328,313.41415921269294,20,#0000ff,Quadrant 3,2,1,25,,#0000ff,,308.27114594815686,4
image_15.png,5,False,132.68241361847325,199.84797827027955,20,#0000ff,Quadrant 1,1,1,25,,#0000ff,,290.04061016073246,4
image_15.png,5,False,398.313393477409,225.6414482596078,20,#ff0000,Quadrant 4,2,2,25,,#ff0000,,108.01230557524153,4
image_15.png,5,False,52.365064251847436,318.6232301601879,20,#ff0000,Quadrant 3,2,1,25,,#ff0000,,248.5955433458319,4
image_15.png,5,False,241.57835503653376,147.44364395883593,20,#0000ff,Quadrant 1,1,1,25,,#0000ff,,161.94773486296504,4
image_15.png,5,False,94.53263007030888,338.86532474222366,20,#0000ff,Quadrant 3,2,1,25,,#0000ff,,7.140720100953599,4
image_15.png,5,False,362.69627809437503,303.8533707738436,20,#ff0000,Quadrant 4,2,2,25,,#ff0000,,117.03250320516094,4
image_15.png,5,False,208.41474424693868,249.78720800275127,20,#0000ff,Quadrant 3,2,1,25,,#0000ff,,137.18555942862446,4
image_15.png,2,False,404.85828839904366,331.88449179286965,20,#0000ff,Quadrant 4,2,2,25,,#0000ff,,227.2584269973013,4
image_15.png,5,False,229.32910852824168,121.13270135629071,20,#0000ff,Quadrant 1,1,1,25,,#0000ff,,82.15845817963438,4
image_15.png,5,False,317.53498908945255,337.14085081856695,20,#0000ff,Quadrant 3,2,1,25,,#0000ff,,97.64931648648565,4
image_15.png,2,False,137.69759118223158,19.73221289563987,20,#0000ff,Quadrant 1,1,1,25,,#0000ff,,149.03606191452235,4
image_15.png,2,False,493.78018368460744,41.26447091695682,20,#0000ff,Quadrant 2,1,2,25,,#0000ff,,338.5574414416784,4
image_15.png,5,False,54.9529633183094,343.1451890980022,20,#ff0000,Quadrant 3,2,1,25,,#ff0000,,37.083353060478984,4
image_15.png,5,False,436.8723962901833,42.869658794453336,20,#0000ff,Quadrant 2,1,2,25,,#0000ff,,37.4142254477949,4
image_15.png,2,False,519.201734265661,178.51464133567885,20,#0000ff,Quadrant 2,1,2,25,,#0000ff,,82.56814397173184,4
image_15.png,5,False,235.06370717631387,190.9864919677312,20,#0000ff,Quadrant 1,1,1,25,,#0000ff,,309.73277426882134,4
image_15.png,5,False,664.5069450561863,214.85070087700967,20,#0000ff,Quadrant 4,2,2,25,,#0000ff,,48.64136687692411,4
image_15.png,5,False,451.6349633617495,128.05198202709073,20,#0000ff,Quadrant 2,1,2,25,,#0000ff,,188.44552956762269,4
image_15.png,5,False,565.4436509438061,178.02319550793,20,#0000ff,Quadrant 2,1,2,25,,#0000ff,,194.28052396898147,4
image_15.png,2,False,220.1617388298583,11.034906937282805,20,#0000ff,Quadrant 1,1,1,25,,#0000ff,,93.53053581758077,4
image_15.png,5,False,379.6831338609046,270.9770463000939,20,#0000ff,Quadrant 4,2,2,25,,#0000ff,,103.2344094582741,4
image_15.png,5,False,538.6838811678433,312.630685424244,20,#ff0000,Quadrant 4,2,2,25,,#ff0000,,107.8597864753584,4
image_15.png,2,False,397.22195310269507,160.2162860964293,20,#0000ff,Quadrant 2,1,2,25,,#0000ff,,148.22491286380844,4
image_16.png,2,True,301.92293471729425,101.55436604677588,20,#FF0000,Quadrant 1,1,1,24,240,#FF0000,0,94.67289916064965,4
image_16.png,5,False,637.9585839696673,316.2633274816236,20,#0000ff,Quadrant 4,2,2,24,,#0000ff,,275.2337858675812,4
image_16.png,5,False,377.5095992927935,112.61472539661575,20,#ff0000,Quadrant 2,1,2,24,,#ff0000,,233.44453474472223,4
image_16.png,5,False,436.6155661788331,113.86670131071389,20,#ff0000,Quadrant 2,1,2,24,,#ff0000,,229.28137543740485,4
image_16.png,2,False,115.83087122586733,377.55273026391075,20,#0000ff,Quadrant 3,2,1,24,,#0000ff,,115.43174033598856,4
image_16.png,5,False,503.7700041835685,285.8464726291682,20,#ff0000,Quadrant 4,2,2,24,,#ff0000,,96.9102478400924,4
image_16.png,5,False,225.67633610490523,313.19676903183455,20,#0000ff,Quadrant 3,2,1,24,,#0000ff,,123.08862739270545,4
image_16.png,5,False,32.866876658360006,41.32433075353873,20,#0000ff,Quadrant 1,1,1,24,,#0000ff,,250.8965289958782,4
image_16.png,5,False,334.9311290765179,83.64868672619916,20,#0000ff,Quadrant 1,1,1,24,,#0000ff,,25.69849010966046,4
image_16.png,2,False,95.03151221199606,301.35906358174975,20,#0000ff,Quadrant 3,2,1,24,,#0000ff,,298.1707370619593,4
image_16.png,5,False,316.2000891364719,289.81998674522623,20,#ff0000,Quadrant 3,2,1,24,,#ff0000,,277.6411198898404,4
image_16.png,5,False,687.6778216184681,189.72805600679274,20,#0000ff,Quadrant 2,1,2,24,,#0000ff,,187.61008322062222,4
image_16.png,5,False,216.88221470952467,147.24127599211332,20,#0000ff,Quadrant 1,1,1,24,,#0000ff,,173.24265353282692,4
image_16.png,5,False,558.3349837678144,232.0154130848314,20,#ff0000,Quadrant 4,2,2,24,,#ff0000,,5.424373896790491,4
image_16.png,5,False,39.933431255534735,307.1536408149006,20,#ff0000,Quadrant 3,2,1,24,,#ff0000,,3.214748120163171,4
image_16.png,2,False,72.65165299452568,70.61001644260779,20,#0000ff,Quadrant 1,1,1,24,,#0000ff,,133.70351878916412,4
image_16.png,2,False,697.9144679556559,247.30002081915575,20,#0000ff,Quadrant 4,2,2,24,,#0000ff,,335.1055624267058,4
image_16.png,2,False,494.21508847584903,310.1742403700504,20,#0000ff,Quadrant 4,2,2,24,,#0000ff,,232.04696279325063,4
image_16.png,5,False,687.3745648540813,309.0763701474382,20,#0000ff,Quadrant 4,2,2,24,,#0000ff,,83.76286710818287,4
image_16.png,2,False,25.712101719478028,153.79665797492348,20,#0000ff,Quadrant 1,1,1,24,,#0000ff,,263.9479794313573,4
image_16.png,5,False,345.3731697489716,176.37500157439237,20,#0000ff,Quadrant 1,1,1,24,,#0000ff,,323.51869593721534,4
image_16.png,5,False,139.58581624593253,142.41724866890436,20,#0000ff,Quadrant 1,1,1,24,,#0000ff,,68.31930103907452,4
image_16.png,2,False,423.49048157835443,336.2920054168155,20,#0000ff,Quadrant 4,2,2,24,,#0000ff,,312.3582623845775,4
image_16.png,2,False,192.44764626895264,149.76860324771593,20,#0000ff,Quadrant 1,1,1,24,,#0000ff,,106.44215803586451,4
image_16.png,5,False,619.3404046736507,245.25968128354452,20,#ff0000,Quadrant 4,2,2,24,,#ff0000,,264.11678691798704,4
image_17.png,2,True,382.3410433778559,157.47153758831809,20,#FF0000,Quadrant 2,1,2,10,240,#FF0000,0,236.9841902567352,3
image_17.png,5,False,353.81137094341807,219.45483114020308,20,#0000ff,Quadrant 3,2,1,10,,#0000ff,,188.66511677176283,3
image_17.png,2,False,232.87457434169787,47.38488036222606,20,#0000ff,Quadrant 1,1,1,10,,#0000ff,,147.52962999586322,3
image_17.png,5,False,32.92201628109354,253.58213055224135,20,#0000ff,Quadrant 3,2,1,10,,#0000ff,,68.98199048304029,3
image_17.png,5,False,494.20536086497697,107.74476446624371,20,#ff0000,Quadrant 2,1,2,10,,#ff0000,,189.2956905411882,3
image_17.png,2,False,59.83215909463406,362.6197719138213,20,#0000ff,Quadrant 3,2,1,10,,#0000ff,,218.143304723682,3
image_17.png,2,False,584.3015335879493,187.92635621715738,20,#0000ff,Quadrant 2,1,2,10,,#0000ff,,334.22533899781286,3
image_17.png,5,False,657.450017955204,168.2303106242867,20,#ff0000,Quadrant 2,1,2,10,,#ff0000,,200.8871602092078,3
image_17.png,2,False,194.14697216820235,26.3668915597016,20,#0000ff,Quadrant 1,1,1,10,,#0000ff,,296.5114678598642,3
image_17.png,5,False,159.75514355930883,207.36543326609637,20,#ff0000,Quadrant 3,2,1,10,,#ff0000,,28.056734949776903,3
image_17.png,2,False,463.5879179566929,226.47045886794376,20,#0000ff,Quadrant 4,2,2,10,,#0000ff,,69.52300123445036,3
image_18.png,2,True,408.25236104903183,265.95818909552975,20,#FF0000,Quadrant 4,2,2,71,240,#FF0000,0,275.8620312057789,6
image_18.png,2,False,305.2546683122646,50.350705959304555,20,#0000ff,Quadrant 1,1,1,71,,#0000ff,,252.9181498250905,6
image_18.png,5,False,464.03946602332275,212.81438029861366,20,#0000ff,Quadrant 4,2,2,71,,#0000ff,,181.6894009821462,6
image_18.png,5,False,390.0060449102371,387.80941875814835,20,#0000ff,Quadrant 4,2,2,71,,#0000ff,,324.8945894349798,6
image_18.png,5,False,307.6751821132062,285.37798440653415,20,#0000ff,Quadrant 3,2,1,71,,#0000ff,,275.10637244557364,6
image_18.png,5,False,322.7059937292885,373.81363488808444,20,#ff0000,Quadrant 3,2,1,71,,#ff0000,,129.6030761763054,6
image_18.png,5,False,695.4608745830775,125.0961451864467,20,#ff0000,Quadrant 2,1,2,71,,#ff0000,,186.3393691825185,6
image_18.png,5,False,227.96932110899866,302.63572121183046,20,#ff0000,Quadrant 3,2,1,71,,#ff0000,,77.33621260568015,6
image_18.png,5,False,328.19479610060756,70.00848619877021,20,#0000ff,Quadrant 1,1,1,71,,#0000ff,,33.94336591351827,6
image_18.png,5,False,183.151408154763,107.86017093499048,20,#ff0000,Quadrant 1,1,1,71,,#ff0000,,320.2651268957261,6
image_18.png,2,False,403.0857415379626,93.19129192495741,20,#0000ff,Quadrant 2,1,2,71,,#0000ff,,205.37537741606957,6
image_18.png,2,False,130.12981620000625,323.1165823774867,20,#0000ff,Quadrant 3,2,1,71,,#0000ff,,285.4455099531408,6
image_18.png,2,False,567.9470676188131,155.2244297688041,20,#0000ff,Quadrant 2,1,2,71,,#0000ff,,13.453774624199909,6
image_18.png,2,False,372.3001291928781,131.70165219972606,20,#0000ff,Quadrant 2,1,2,71,,#0000ff,,19.486061556056292,6
image_18.png,5,False,163.12925345117648,30.0964897471228,20,#0000ff,Quadrant 1,1,1,71,,#0000ff,,180.8645797610038,6
image_18.png,5,False,407.35059430270286,45.05135606190835,20,#0000ff,Quadrant 2,1,2,71,,#0000ff,,271.02247308379106,6
image_18.png,5,False,112.98054405360107,138.07157129944898,20,#ff0000,Quadrant 1,1,1,71,,#ff0000,,283.0925874557798,6
image_18.png,5,False,191.9024458648221,161.64322012431276,20,#ff0000,Quadrant 1,1,1,71,,#ff0000,,197.33486580631782,6
image_18.png,5,False,697.9872704213491,209.16566170067284,20,#0000ff,Quadrant 4,2,2,71,,#0000ff,,202.02033953189,6
image_18.png,5,False,647.7311377367121,44.866776991905915,20,#0000ff,Quadrant 2,1,2,71,,#0000ff,,116.42819081623604,6
image_18.png,2,False,142.24743194124648,141.2304157948908,20,#0000ff,Quadrant 1,1,1,71,,#0000ff,,131.49635199748593,6
image_18.png,5,False,251.95459941458893,321.55877213388806,20,#ff0000,Quadrant 3,2,1,71,,#ff0000,,60.9318950441084,6
image_18.png,5,False,647.7828995564614,99.2590676060394,20,#ff0000,Quadrant 2,1,2,71,,#ff0000,,158.56683266279038,6
image_18.png,2,False,598.5544960284691,53.47651801676941,20,#0000ff,Quadrant 2,1,2,71,,#0000ff,,272.78416173350234,6
image_18.png,5,False,489.024910063665,53.0630810956256,20,#0000ff,Quadrant 2,1,2,71,,#0000ff,,4.943985369635295,6
image_18.png,2,False,155.00757383457525,214.36606308884072,20,#0000ff,Quadrant 3,2,1,71,,#0000ff,,8.189321454432722,6
image_18.png,2,False,440.2759330788057,386.0902044730583,20,#0000ff,Quadrant 4,2,2,71,,#0000ff,,197.56801973200945,6
image_18.png,5,False,468.17102763775415,27.436198834795487,20,#ff0000,Quadrant 2,1,2,71,,#ff0000,,209.88177959750965,6
image_18.png,5,False,436.77773093367307,31.066223992073443,20,#0000ff,Quadrant 2,1,2,71,,#0000ff,,284.10785802267196,6
image_18.png,5,False,639.9665896580306,147.16283579691273,20,#0000ff,Quadrant 2,1,2,71,,#0000ff,,238.67338885925605,6
image_18.png,2,False,273.3031288414022,380.1593132783649,20,#0000ff,Quadrant 3,2,1,71,,#0000ff,,83.22070324961413,6
image_18.png,5,False,501.8912722677406,26.026408430294886,20,#0000ff,Quadrant 2,1,2,71,,#0000ff,,201.8475149086564,6
image_18.png,5,False,173.74508357226955,380.7763330184385,20,#ff0000,Quadrant 3,2,1,71,,#ff0000,,225.08314929036374,6
image_18.png,2,False,616.4086419177095,347.57198853777186,20,#0000ff,Quadrant 4,2,2,71,,#0000ff,,225.2852509376747,6
image_18.png,5,False,246.4906593125596,159.496013539435,20,#ff0000,Quadrant 1,1,1,71,,#ff0000,,81.20977114599154,6
image_18.png,5,False,405.7271029892874,172.20376887070427,20,#0000ff,Quadrant 2,1,2,71,,#0000ff,,150.2400011310718,6
image_18.png,5,False,101.79099913281019,257.6346602170313,20,#ff0000,Quadrant 3,2,1,71,,#ff0000,,161.70090671780818,6
image_18.png,2,False,637.3024436482063,302.0788991515905,20,#0000ff,Quadrant 4,2,2,71,,#0000ff,,154.82314734493855,6
image_18.png,2,False,378.2105058773344,282.9485111888527,20,#0000ff,Quadrant 4,2,2,71,,#0000ff,,24.413054888267112,6
image_18.png,5,False,111.26523044673944,22.14470493297602,20,#0000ff,Quadrant 1,1,1,71,,#0000ff,,302.2281035532782,6
image_18.png,5,False,84.56551722910334,80.83417570518645,20,#ff0000,Quadrant 1,1,1,71,,#ff0000,,280.47883859020544,6
image_18.png,5,False,593.9892445776343,188.19260235982557,20,#ff0000,Quadrant 2,1,2,71,,#ff0000,,48.2711859109763,6
image_18.png,5,False,21.34482545126059,113.00658960025652,20,#ff0000,Quadrant 1,1,1,71,,#ff0000,,275.2339874861645,6
image_18.png,5,False,691.8997146319771,297.4395509162878,20,#0000ff,Quadrant 4,2,2,71,,#0000ff,,267.25199819864383,6
image_18.png,5,False,429.86374100777203,322.5961785896229,20,#0000ff,Quadrant 4,2,2,71,,#0000ff,,279.43729888690604,6
image_18.png,5,False,522.5603518937739,235.45859292647427,20,#0000ff,Quadrant 4,2,2,71,,#0000ff,,220.14175488121873,6
image_18.png,5,False,40.22456613026837,387.4261484360902,20,#ff0000,Quadrant 3,2,1,71,,#ff0000,,297.72363659736595,6
image_18.png,5,False,366.61128465231616,249.3851530690483,20,#0000ff,Quadrant 4,2,2,71,,#0000ff,,200.7723419328274,6
image_18.png,5,False,234.28752351249233,256.16189064761556,20,#0000ff,Quadrant 3,2,1,71,,#0000ff,,32.46467806420939,6
image_18.png,2,False,498.315312837334,285.75830995308735,20,#0000ff,Quadrant 4,2,2,71,,#0000ff,,30.710355852352293,6
image_18.png,5,False,41.251291508461215,75.59452285492083,20,#ff0000,Quadrant 1,1,1,71,,#ff0000,,198.12451881929132,6
image_18.png,5,False,514.081443753737,374.24519092355376,20,#ff0000,Quadrant 4,2,2,71,,#ff0000,,110.90239399244328,6
image_18.png,2,False,600.3782178727128,216.4434383304255,20,#0000ff,Quadrant 4,2,2,71,,#0000ff,,165.11135681827318,6
image_18.png,5,False,71.42714959966099,52.15953008539762,20,#ff0000,Quadrant 1,1,1,71,,#ff0000,,119.19999160869783,6
image_18.png,5,False,527.2916834198518,147.15130879058964,20,#0000ff,Quadrant 2,1,2,71,,#0000ff,,347.86557498515856,6
image_18.png,5,False,272.089213245827,36.57800421633624,20,#ff0000,Quadrant 1,1,1,71,,#ff0000,,132.68499317102666,6
image_18.png,5,False,229.06061680544738,209.5978831753428,20,#ff0000,Quadrant 3,2,1,71,,#ff0000,,219.18405849641013,6
image_18.png,5,False,353.0174816331065,286.6318332317633,20,#0000ff,Quadrant 3,2,1,71,,#0000ff,,221.14439310542016,6
image_18.png,5,False,619.8442763602776,98.96877972666853,20,#ff0000,Quadrant 2,1,2,71,,#ff0000,,290.8729295787707,6
image_18.png,5,False,27.52690349002327,247.4241606232889,20,#0000ff,Quadrant 3,2,1,71,,#0000ff,,0.5691302012992328,6
image_18.png,5,False,57.73904769163791,124.50734994954375,20,#ff0000,Quadrant 1,1,1,71,,#ff0000,,91.59030798428043,6
image_18.png,5,False,646.4507582585056,192.102927329463,20,#ff0000,Quadrant 2,1,2,71,,#ff0000,,300.1771080617403,6
image_18.png,5,False,342.7504154299285,248.0817843535064,20,#0000ff,Quadrant 3,2,1,71,,#0000ff,,232.43479943924694,6
image_18.png,5,False,606.7050527560335,295.08219887711385,20,#ff0000,Quadrant 4,2,2,71,,#ff0000,,214.26907213079977,6
image_18.png,5,False,70.80367385946587,342.5244209306595,20,#0000ff,Quadrant 3,2,1,71,,#0000ff,,97.73906997586073,6
image_18.png,2,False,538.8981474119437,292.81968611566526,20,#0000ff,Quadrant 4,2,2,71,,#0000ff,,37.11701860582807,6
image_18.png,5,False,155.58367824618946,86.80998363183626,20,#0000ff,Quadrant 1,1,1,71,,#0000ff,,229.98630673564082,6
image_18.png,5,False,543.4503101105144,264.68488785976183,20,#ff0000,Quadrant 4,2,2,71,,#ff0000,,191.61929007540584,6
image_18.png,5,False,89.86321139717003,373.2366646041959,20,#0000ff,Quadrant 3,2,1,71,,#0000ff,,56.698565322974886,6
image_18.png,2,False,660.9184171132721,314.91307293679705,20,#0000ff,Quadrant 4,2,2,71,,#0000ff,,97.57875629484991,6
image_18.png,2,False,48.06811437261394,172.20405168939033,20,#0000ff,Quadrant 1,1,1,71,,#0000ff,,38.133690790056214,6
image_18.png,5,False,75.0192441124793,314.28848829599065,20,#ff0000,Quadrant 3,2,1,71,,#ff0000,,204.40414881293697,6
image_19.png,2,True,500.33875653232644,186.9199012805994,20,#FF0000,Quadrant 2,1,2,26,240,#FF0000,0,246.4120709299348,4
image_19.png,5,False,165.19437874871664,336.49439272712857,20,#0000ff,Quadrant 3,2,1,26,,#0000ff,,83.40991691560579,4
image_19.png,5,False,493.03447392579307,262.4382738088367,20,#0000ff,Quadrant 4,2,2,26,,#0000ff,,141.1476906091504,4
image_19.png,5,False,56.03662198413443,53.671307659481684,20,#0000ff,Quadrant 1,1,1,26,,#0000ff,,175.50242372524056,4
image_19.png,5,False,205.47532718711867,142.7766371703029,20,#ff0000,Quadrant 1,1,1,26,,#ff0000,,304.47585449731764,4
image_19.png,5,False,458.4720234115915,310.5388951465536,20,#0000ff,Quadrant 4,2,2,26,,#0000ff,,117.3131021873202,4
image_19.png,2,False,175.37837604271445,103.11522107664292,20,#0000ff,Quadrant 1,1,1,26,,#0000ff,,212.59294441967518,4
image_19.png,5,False,245.7520549854344,318.6601364489989,20,#0000ff,Quadrant 3,2,1,26,,#0000ff,,138.1739251597343,4
image_19.png,5,False,246.77637506409746,273.3823332731898,20,#ff0000,Quadrant 3,2,1,26,,#ff0000,,204.1960299271169,4
image_19.png,5,False,329.9439112408869,220.8231510588018,20,#ff0000,Quadrant 3,2,1,26,,#ff0000,,213.17872862955315,4
image_19.png,5,False,290.59185734361154,237.14197064269683,20,#0000ff,Quadrant 3,2,1,26,,#0000ff,,110.89286047308177,4
image_19.png,5,False,465.85351896555164,45.22147582663033,20,#0000ff,Quadrant 2,1,2,26,,#0000ff,,177.94625306275543,4
image_19.png,5,False,409.19474486330955,84.96198242709123,20,#0000ff,Quadrant 2,1,2,26,,#0000ff,,140.39375768308324,4
image_19.png,5,False,640.1977387459285,126.11995028848656,20,#0000ff,Quadrant 2,1,2,26,,#0000ff,,205.2995068279266,4
image_19.png,5,False,412.49888772215064,242.14350583305495,20,#ff0000,Quadrant 4,2,2,26,,#ff0000,,356.50413239109116,4
image_19.png,5,False,54.00087482776168,351.60661273806227,20,#ff0000,Quadrant 3,2,1,26,,#ff0000,,306.901864602465,4
image_19.png,5,False,607.4532697758547,99.92116243532638,20,#0000ff,Quadrant 2,1,2,26,,#0000ff,,310.04922227259965,4
image_19.png,5,False,290.7564989544325,175.50183829706086,20,#ff0000,Quadrant 1,1,1,26,,#ff0000,,256.2385146156271,4
image_19.png,5,False,275.98599474916426,360.45421217522636,20,#ff0000,Quadrant 3,2,1,26,,#ff0000,,67.76166170799559,4
image_19.png,5,False,612.3148915072942,58.457580020702444,20,#0000ff,Quadrant 2,1,2,26,,#0000ff,,103.84951382193097,4
image_19.png,5,False,104.5494886810564,62.869261404632134,20,#0000ff,Quadrant 1,1,1,26,,#0000ff,,350.99100974558553,4
image_19.png,2,False,490.1240679580862,362.65756270972025,20,#0000ff,Quadrant 4,2,2,26,,#0000ff,,321.6896888912784,4
image_19.png,5,False,391.36247093252246,181.11730004416526,20,#ff0000,Quadrant 2,1,2,26,,#ff0000,,183.389369194842,4
image_19.png,2,False,387.3085533910004,149.71466954535683,20,#0000ff,Quadrant 2,1,2,26,,#0000ff,,147.90161291929482,4
image_19.png,5,False,88.97025066469001,193.01943948519875,20,#0000ff,Quadrant 1,1,1,26,,#0000ff,,253.75771531975488,4
image_19.png,2,False,371.5928314041477,241.60669028336346,20,#0000ff,Quadrant 4,2,2,26,,#0000ff,,186.10183796409112,4
image_19.png,5,False,468.3147510642052,263.77507856126846,20,#ff0000,Quadrant 4,2,2,26,,#ff0000,,227.0386256799623,4
image_20.png,2,True,364.22488305920325,188.3698442202723,20,#FF0000,Quadrant 2,1,2,9,240,#FF0000,0,168.7927717227676,3
image_20.png,5,False,301.0800978255131,374.0997323363533,20,#0000ff,Quadrant 3,2,1,9,,#0000ff,,264.1732370804625,3
image_20.png,5,False,489.8902512107316,236.9066041803565,20,#0000ff,Quadrant 4,2,2,9,,#0000ff,,60.30293861566068,3
image_20.png,2,False,337.0076065163255,74.91195308075157,20,#0000ff,Quadrant 1,1,1,9,,#0000ff,,22.110394735247013,3
image_20.png,2,False,441.1544167757658,119.41631735294571,20,#0000ff,Quadrant 2,1,2,9,,#0000ff,,291.2024806846442,3
image_20.png,2,False,427.0330408462057,355.0297027207099,20,#0000ff,Quadrant 4,2,2,9,,#0000ff,,266.914499701245,3
image_20.png,2,False,131.85016247632376,306.795472598768,20,#0000ff,Quadrant 3,2,1,9,,#0000ff,,133.11605878787225,3
image_20.png,2,False,374.37092094814733,23.508219179485287,20,#0000ff,Quadrant 2,1,2,9,,#0000ff,,65.09130871127486,3
image_20.png,5,False,295.52108692961485,155.83712333399154,20,#ff0000,Quadrant 1,1,1,9,,#ff0000,,270.99406687684956,3
image_20.png,5,False,516.9748054371994,141.43862195711688,20,#ff0000,Quadrant 2,1,2,9,,#ff0000,,75.90842908615366,3
image_21.png,2,True,339.1238082695152,191.02863897416668,20,#FF0000,Quadrant 1,1,1,2,240,#FF0000,0,167.0453740920732,1
image_21.png,5,False,646.5744223513219,99.32397582802695,20,#0000ff,Quadrant 2,1,2,2,,#0000ff,,341.3706388389619,1
image_21.png,5,False,376.4746293471855,175.32957661512665,20,#0000ff,Quadrant 2,1,2,2,,#0000ff,,94.54505452702892,1
image_22.png,2,True,481.5017782196026,26.50465848150632,20,#FF0000,Quadrant 2,1,2,27,240,#FF0000,0,346.23458021053096,4
image_22.png,5,False,450.18524021497035,372.4374219262782,20,#0000ff,Quadrant 4,2,2,27,,#0000ff,,330.37637078214885,4
image_22.png,5,False,195.02350503054237,48.14862601846456,20,#0000ff,Quadrant 1,1,1,27,,#0000ff,,120.58826638249604,4
image_22.png,2,False,527.1236382022358,288.5704862771508,20,#0000ff,Quadrant 4,2,2,27,,#0000ff,,278.33436551023124,4
image_22.png,5,False,695.3250295815063,129.41599493471938,20,#ff0000,Quadrant 2,1,2,27,,#ff0000,,243.9785376824453,4
image_22.png,5,False,483.3091914896233,143.8732066820515,20,#0000ff,Quadrant 2,1,2,27,,#0000ff,,189.09513501380843,4
image_22.png,2,False,27.32962579849874,45.753804814080596,20,#0000ff,Quadrant 1,1,1,27,,#0000ff,,69.50863132070776,4
image_22.png,2,False,631.0291812226707,224.9740080208303,20,#0000ff,Quadrant 4,2,2,27,,#0000ff,,236.30206640801424,4
image_22.png,5,False,487.9406078564877,263.3449384049686,20,#0000ff,Quadrant 4,2,2,27,,#0000ff,,276.96928675259664,4
image_22.png,5,False,61.98397436776061,304.74604920731804,20,#0000ff,Quadrant 3,2,1,27,,#0000ff,,58.307771392637974,4
image_22.png,5,False,52.38040835355516,372.2189543041492,20,#ff0000,Quadrant 3,2,1,27,,#ff0000,,119.75570528615329,4
image_22.png,5,False,349.7963108332585,362.00562073180765,20,#ff0000,Quadrant 3,2,1,27,,#ff0000,,158.60693979996034,4
image_22.png,5,False,85.70859287774722,215.3589552683485,20,#ff0000,Quadrant 3,2,1,27,,#ff0000,,232.37394375458825,4
image_22.png,5,False,84.20605140021259,177.91788602189212,20,#ff0000,Quadrant 1,1,1,27,,#ff0000,,221.0278647512327,4
image_22.png,2,False,113.56059577930127,253.0467317873833,20,#0000ff,Quadrant 3,2,1,27,,#0000ff,,322.7444614408351,4
image_22.png,2,False,493.33803234438193,352.94543142559286,20,#0000ff,Quadrant 4,2,2,27,,#0000ff,,95.91713320149995,4
image_22.png,2,False,289.29588592462136,286.0960851996705,20,#0000ff,Quadrant 3,2,1,27,,#0000ff,,172.1301933898088,4
image_22.png,5,False,574.5859183170109,193.22107714276746,20,#0000ff,Quadrant 2,1,2,27,,#0000ff,,343.4959245334124,4
image_22.png,2,False,287.0235961528802,249.9990150546429,20,#0000ff,Quadrant 3,2,1,27,,#0000ff,,245.46086481972117,4
image_22.png,5,False,673.077684658045,41.41266460691866,20,#0000ff,Quadrant 2,1,2,27,,#0000ff,,192.46546676161248,4
image_22.png,5,False,132.6900118070364,25.8671870210759,20,#ff0000,Quadrant 1,1,1,27,,#ff0000,,233.20532585027343,4
image_22.png,5,False,279.78215565280186,51.35831032971476,20,#0000ff,Quadrant 1,1,1,27,,#0000ff,,107.5933242627801,4
image_22.png,2,False,446.9931844157785,288.9525411845563,20,#0000ff,Quadrant 4,2,2,27,,#0000ff,,30.550494482197568,4
image_22.png,5,False,557.197289395633,254.20808704437516,20,#0000ff,Quadrant 4,2,2,27,,#0000ff,,139.95631205050157,4
image_22.png,5,False,22.312199015337264,139.24977002433374,20,#ff0000,Quadrant 1,1,1,27,,#ff0000,,347.9666903503247,4
image_22.png,5,False,156.8462630442861,258.15527525727157,20,#ff0000,Quadrant 3,2,1,27,,#ff0000,,145.98282815923807,4
image_22.png,2,False,171.5271196529127,38.22865265562949,20,#0000ff,Quadrant 1,1,1,27,,#0000ff,,266.77853978100757,4
image_22.png,5,False,150.6197455425538,138.51569566693118,20,#0000ff,Quadrant 1,1,1,27,,#0000ff,,22.719640207314995,4
image_23.png,2,True,675.6730566505123,91.60163456855818,20,#FF0000,Quadrant 2,1,2,2,240,#FF0000,0,115.77235893244854,1
image_23.png,5,False,130.5054299545442,34.897873533083434,20,#ff0000,Quadrant 1,1,1,2,,#ff0000,,16.411156456997155,1
image_23.png,2,False,126.7870378102943,150.83253579726906,20,#0000ff,Quadrant 1,1,1,2,,#0000ff,,272.71803102981715,1
image_24.png,2,True,556.0350316825186,249.96956371890667,20,#FF0000,Quadrant 4,2,2,5,240,#FF0000,0,48.013515740546744,2
image_24.png,2,False,119.69227269865044,343.4989836370476,20,#0000ff,Quadrant 3,2,1,5,,#0000ff,,135.40718018977486,2
image_24.png,2,False,567.3067324374158,303.02870382318434,20,#0000ff,Quadrant 4,2,2,5,,#0000ff,,149.84000719831337,2
image_24.png,5,False,294.88958258066947,365.5978727488182,20,#ff0000,Quadrant 3,2,1,5,,#ff0000,,188.31127108745937,2
image_24.png,2,False,550.1997078919906,142.48864826784327,20,#0000ff,Quadrant 2,1,2,5,,#0000ff,,225.7889954562045,2
image_24.png,5,False,690.8928825398461,202.85040599768143,20,#ff0000,Quadrant 4,2,2,5,,#ff0000,,310.58318163459126,2
image_25.png,2,True,559.86633746185,270.02213916889934,20,#FF0000,Quadrant 4,2,2,9,240,#FF0000,0,69.73883748475075,3
image_25.png,5,False,337.8704466505924,77.65040296606065,20,#0000ff,Quadrant 1,1,1,9,,#0000ff,,348.6865816126344,3
image_25.png,5,False,184.20204622543596,244.15771447381442,20,#ff0000,Quadrant 3,2,1,9,,#ff0000,,75.45231101275824,3
image_25.png,5,False,47.14258330486316,214.1223218030148,20,#ff0000,Quadrant 3,2,1,9,,#ff0000,,37.59159584753274,3
image_25.png,5,False,173.12158358876943,179.14229746195014,20,#0000ff,Quadrant 1,1,1,9,,#0000ff,,25.50941945782676,3
image_25.png,2,False,477.35140410794935,134.10891447189377,20,#0000ff,Quadrant 2,1,2,9,,#0000ff,,71.55050239675663,3
image_25.png,5,False,650.314223229138,182.9865498342139,20,#0000ff,Quadrant 2,1,2,9,,#0000ff,,52.1788579063077,3
image_25.png,5,False,506.95681790838194,249.90398218890343,20,#ff0000,Quadrant 4,2,2,9,,#ff0000,,49.10566124905994,3
image_25.png,5,False,331.7531296533411,169.08860749538312,20,#ff0000,Quadrant 1,1,1,9,,#ff0000,,39.999337394494475,3
image_25.png,2,False,426.90519218166924,309.4487527783641,20,#0000ff,Quadrant 4,2,2,9,,#0000ff,,319.10722990526364,3
image_26.png,2,True,160.12895436286342,189.9788392512638,20,#FF0000,Quadrant 1,1,1,64,240,#FF0000,0,310.39165912895766,5
image_26.png,5,False,20.99315745370262,172.82571856882873,20,#0000ff,Quadrant 1,1,1,64,,#0000ff,,166.59465000407036,5
image_26.png,5,False,625.4657907860986,234.68967690827986,20,#ff0000,Quadrant 4,2,2,64,,#ff0000,,208.6081308131395,5
image_26.png,2,False,335.2796623659519,301.5332157358063,20,#0000ff,Quadrant 3,2,1,64,,#0000ff,,14.421124732929895,5
image_26.png,5,False,68.25005999056631,295.66374548298035,20,#ff0000,Quadrant 3,2,1,64,,#ff0000,,178.3026156319986,5
image_26.png,5,False,214.79960503961132,255.80799501839076,20,#0000ff,Quadrant 3,2,1,64,,#0000ff,,47.77632064391706,5
image_26.png,2,False,327.4458745204533,226.60394148882008,20,#0000ff,Quadrant 3,2,1,64,,#0000ff,,58.24902007870089,5
image_26.png,2,False,106.51187721135567,276.7849883975552,20,#0000ff,Quadrant 3,2,1,64,,#0000ff,,166.9538312991008,5
image_26.png,2,False,495.98852142255146,11.515459293310645,20,#0000ff,Quadrant 2,1,2,64,,#0000ff,,225.65194433291614,5
image_26.png,5,False,240.37232934537607,23.3659583040402,20,#0000ff,Quadrant 1,1,1,64,,#0000ff,,321.6363984992372,5
image_26.png,5,False,433.0133528838886,228.43670094246391,20,#ff0000,Quadrant 4,2,2,64,,#ff0000,,251.2997941717086,5
image_26.png,5,False,637.9928346636585,148.58841734868025,20,#0000ff,Quadrant 2,1,2,64,,#0000ff,,185.30513301727174,5
image_26.png,2,False,39.16241675524798,149.51167245396283,20,#0000ff,Quadrant 1,1,1,64,,#0000ff,,167.52703504925995,5
image_26.png,5,False,89.24124071141668,191.87052977628753,20,#0000ff,Quadrant 1,1,1,64,,#0000ff,,85.90777392885221,5
image_26.png,5,False,357.9569548120813,170.86720929116706,20,#0000ff,Quadrant 2,1,2,64,,#0000ff,,323.2558937091293,5
image_26.png,5,False,356.4991158163868,324.5736143319619,20,#0000ff,Quadrant 4,2,2,64,,#0000ff,,162.86783378602328,5
image_26.png,5,False,264.65249188344,265.5098493050641,20,#ff0000,Quadrant 3,2,1,64,,#ff0000,,162.71221774475615,5
image_26.png,2,False,629.6846974507074,120.00487594471095,20,#0000ff,Quadrant 2,1,2,64,,#0000ff,,28.861345206541536,5
image_26.png,5,False,112.94033560879896,67.88827004095467,20,#0000ff,Quadrant 1,1,1,64,,#0000ff,,40.328849039595994,5
image_26.png,5,False,384.04868610915605,60.90634540569823,20,#0000ff,Quadrant 2,1,2,64,,#0000ff,,349.04685799528073,5
image_26.png,2,False,455.18758022637144,121.19334932763077,20,#0000ff,Quadrant 2,1,2,64,,#0000ff,,159.78961874228213,5
image_26.png,5,False,491.1390071159939,329.2411750057427,20,#0000ff,Quadrant 4,2,2,64,,#0000ff,,213.60861181995213,5
image_26.png,2,False,101.91647960183204,309.3736429799729,20,#0000ff,Quadrant 3,2,1,64,,#0000ff,,109.46964177646186,5
image_26.png,5,False,267.240696130908,119.91929873053282,20,#0000ff,Quadrant 1,1,1,64,,#0000ff,,81.64149771874786,5
image_26.png,5,False,125.62415697601601,360.3217601089073,20,#ff0000,Quadrant 3,2,1,64,,#ff0000,,164.13355338750023,5
image_26.png,2,False,589.2995253644033,272.90080367014417,20,#0000ff,Quadrant 4,2,2,64,,#0000ff,,350.35419213123146,5
image_26.png,5,False,314.77227141276416,150.7360701839604,20,#0000ff,Quadrant 1,1,1,64,,#0000ff,,206.82906154938385,5
image_26.png,5,False,319.9676476863628,379.7260266204319,20,#ff0000,Quadrant 3,2,1,64,,#ff0000,,53.25991730577777,5
image_26.png,2,False,289.7434462123102,199.77959418669244,20,#0000ff,Quadrant 1,1,1,64,,#0000ff,,331.35623133907524,5
image_26.png,2,False,210.69092885448205,367.83560072685106,20,#0000ff,Quadrant 3,2,1,64,,#0000ff,,170.6078425239912,5
image_26.png,5,False,436.4726529223039,94.29789343906695,20,#ff0000,Quadrant 2,1,2,64,,#ff0000,,8.926414136489985,5
image_26.png,2,False,68.59320022140493,332.0926249502834,20,#0000ff,Quadrant 3,2,1,64,,#0000ff,,70.45764243690306,5
image_26.png,5,False,504.2990391423628,172.64810071677064,20,#0000ff,Quadrant 2,1,2,64,,#0000ff,,143.1208790336589,5
image_26.png,5,False,622.697559975593,291.2974617272744,20,#0000ff,Quadrant 4,2,2,64,,#0000ff,,77.65025602301361,5
image_26.png,5,False,566.1085489361916,377.7963344703579,20,#0000ff,Quadrant 4,2,2,64,,#0000ff,,103.90824659887343,5
image_26.png,2,False,415.56706656498983,43.53747429173923,20,#0000ff,Quadrant 2,1,2,64,,#0000ff,,50.24436727750411,5
image_26.png,2,False,608.725289895627,383.94929528823144,20,#0000ff,Quadrant 4,2,2,64,,#0000ff,,170.8607268021827,5
image_26.png,5,False,293.1183801005581,356.6471676030629,20,#ff0000,Quadrant 3,2,1,64,,#ff0000,,31.841380315890824,5
image_26.png,2,False,500.36018766682105,296.482136665446,20,#0000ff,Quadrant 4,2,2,64,,#0000ff,,200.09298418732868,5
image_26.png,5,False,520.7607998946183,95.86864374686421,20,#0000ff,Quadrant 2,1,2,64,,#0000ff,,177.87617475793644,5
image_26.png,5,False,585.7934761612893,189.62056197925565,20,#0000ff,Quadrant 2,1,2,64,,#0000ff,,344.1695746079078,5
image_26.png,2,False,443.68927671457783,190.9433896263674,20,#0000ff,Quadrant 2,1,2,64,,#0000ff,,312.60453054940814,5
image_26.png,2,False,407.3566800735038,330.51586572904176,20,#0000ff,Quadrant 4,2,2,64,,#0000ff,,184.50931298631886,5
image_26.png,2,False,488.67201787499863,146.0917058567013,20,#0000ff,Quadrant 2,1,2,64,,#0000ff,,165.97582844044425,5
image_26.png,2,False,449.37427604526334,372.04910360695476,20,#0000ff,Quadrant 4,2,2,64,,#0000ff,,130.01884125936806,5
image_26.png,5,False,451.23415591658966,40.040485249769176,20,#0000ff,Quadrant 2,1,2,64,,#0000ff,,104.99907516435113,5
image_26.png,2,False,253.27263430702618,65.32521975692595,20,#0000ff,Quadrant 1,1,1,64,,#0000ff,,192.39131636036032,5
image_26.png,2,False,345.09542805600324,139.6383485056682,20,#0000ff,Quadrant 1,1,1,64,,#0000ff,,134.28511023797705,5
image_26.png,5,False,487.13393474228485,63.54728517562619,20,#0000ff,Quadrant 2,1,2,64,,#0000ff,,125.35556846981083,5
image_26.png,2,False,220.92745459687197,292.40596175125995,20,#0000ff,Quadrant 3,2,1,64,,#0000ff,,61.99457746417937,5
image_26.png,2,False,100.72037590283517,40.712675680043645,20,#0000ff,Quadrant 1,1,1,64,,#0000ff,,45.12390520828038,5
image_26.png,2,False,40.29417221461112,51.75497034486861,20,#0000ff,Quadrant 1,1,1,64,,#0000ff,,272.6402523759685,5
image_26.png,5,False,185.32559267298095,36.041502520606755,20,#ff0000,Quadrant 1,1,1,64,,#ff0000,,42.811998479593896,5
image_26.png,5,False,381.08015093194416,379.0132036669705,20,#0000ff,Quadrant 4,2,2,64,,#0000ff,,324.59770494287034,5
image_26.png,5,False,138.5516616696846,265.5927139075744,20,#0000ff,Quadrant 3,2,1,64,,#0000ff,,251.3278464390114,5
image_26.png,5,False,369.0923034894736,198.4184557060856,20,#0000ff,Quadrant 2,1,2,64,,#0000ff,,167.72461056496067,5
image_26.png,5,False,424.6683713065399,128.93861228006773,20,#ff0000,Quadrant 2,1,2,64,,#ff0000,,102.1001193262672,5
image_26.png,5,False,211.216044937365,334.3282221091502,20,#0000ff,Quadrant 3,2,1,64,,#0000ff,,199.4097207979977,5
image_26.png,2,False,699.120371397551,196.8430851999826,20,#0000ff,Quadrant 2,1,2,64,,#0000ff,,64.5470220193483,5
image_26.png,5,False,420.9280118311667,385.46997844294646,20,#0000ff,Quadrant 4,2,2,64,,#0000ff,,121.90739268135171,5
image_26.png,5,False,502.59723327126216,230.96523987054593,20,#0000ff,Quadrant 4,2,2,64,,#0000ff,,100.26659962038785,5
image_26.png,5,False,324.2433370682393,57.187842717474425,20,#0000ff,Quadrant 1,1,1,64,,#0000ff,,53.05467573165772,5
image_26.png,5,False,660.3156701530901,22.235489932075737,20,#ff0000,Quadrant 2,1,2,64,,#ff0000,,83.09584547738407,5
image_26.png,5,False,77.37387010274921,39.923523916963234,20,#0000ff,Quadrant 1,1,1,64,,#0000ff,,223.90803414854216,5
image_26.png,5,False,467.18223774472204,196.31463617691708,20,#0000ff,Quadrant 2,1,2,64,,#0000ff,,72.69543160261699,5
image_27.png,2,True,32.771382477881474,173.6936213276349,20,#FF0000,Quadrant 1,1,1,34,240,#FF0000,0,342.92897816767817,5
image_27.png,5,False,275.3209850797772,129.90337677587925,20,#0000ff,Quadrant 1,1,1,34,,#0000ff,,329.37809707886186,5
image_27.png,5,False,33.640399522057606,221.41995608253302,20,#ff0000,Quadrant 3,2,1,34,,#ff0000,,165.47624597663582,5
image_27.png,5,False,103.6623988843315,281.54336568022086,20,#ff0000,Quadrant 3,2,1,34,,#ff0000,,176.9326591122538,5
image_27.png,5,False,348.9915074318211,220.3303137054401,20,#0000ff,Quadrant 3,2,1,34,,#0000ff,,204.7878805027071,5
image_27.png,5,False,118.69824935574829,32.0686335559447,20,#0000ff,Quadrant 1,1,1,34,,#0000ff,,202.41194805179927,5
image_27.png,5,False,271.3026187872248,266.7123822521023,20,#0000ff,Quadrant 3,2,1,34,,#0000ff,,212.77624271447561,5
image_27.png,5,False,417.82929302071494,59.45886805922619,20,#0000ff,Quadrant 2,1,2,34,,#0000ff,,22.112630085147273,5
image_27.png,5,False,413.3532479072659,300.243339694497,20,#0000ff,Quadrant 4,2,2,34,,#0000ff,,291.43923392251554,5
image_27.png,5,False,248.8035459775512,146.08437849364716,20,#ff0000,Quadrant 1,1,1,34,,#ff0000,,35.04601772228885,5
image_27.png,5,False,181.60599843155302,255.97530780712975,20,#ff0000,Quadrant 3,2,1,34,,#ff0000,,238.04640209617017,5
image_27.png,5,False,24.581561244794557,134.27216470337464,20,#0000ff,Quadrant 1,1,1,34,,#0000ff,,121.53393254518902,5
image_27.png,5,False,632.0713833509976,111.78193862521691,20,#ff0000,Quadrant 2,1,2,34,,#ff0000,,204.4977857568378,5
image_27.png,2,False,271.2612018732249,158.53369876649435,20,#0000ff,Quadrant 1,1,1,34,,#0000ff,,354.87532134313255,5
image_27.png,5,False,476.1516824802073,137.9957008195256,20,#ff0000,Quadrant 2,1,2,34,,#ff0000,,36.02040595345961,5
image_27.png,2,False,380.189642164865,119.62040132454503,20,#0000ff,Quadrant 2,1,2,34,,#0000ff,,302.53697593599816,5
image_27.png,5,False,287.99684565791097,96.38489931887628,20,#0000ff,Quadrant 1,1,1,34,,#0000ff,,358.64196960976307,5
image_27.png,2,False,563.0169276438866,190.6514427769633,20,#0000ff,Quadrant 2,1,2,34,,#0000ff,,24.217119544105113,5
image_27.png,2,False,388.2705547618417,343.9789028691653,20,#0000ff,Quadrant 4,2,2,34,,#0000ff,,241.7616894456684,5
image_27.png,5,False,673.8986644049928,291.55462815316713,20,#0000ff,Quadrant 4,2,2,34,,#0000ff,,76.66300980664965,5
image_27.png,5,False,378.04362183328834,243.2516285952092,20,#ff0000,Quadrant 4,2,2,34,,#ff0000,,337.37865321080005,5
image_27.png,2,False,261.985247050623,66.84711437569074,20,#0000ff,Quadrant 1,1,1,34,,#0000ff,,188.01705086405045,5
image_27.png,5,False,293.6693208482268,336.1502889977472,20,#0000ff,Quadrant 3,2,1,34,,#0000ff,,303.88391849949926,5
image_27.png,2,False,456.123388347347,107.93682798468434,20,#0000ff,Quadrant 2,1,2,34,,#0000ff,,296.5358536193971,5
image_27.png,2,False,694.0009498633115,170.5232307056824,20,#0000ff,Quadrant 2,1,2,34,,#0000ff,,174.73764688921722,5
image_27.png,5,False,189.0354279062339,314.7374331578449,20,#ff0000,Quadrant 3,2,1,34,,#ff0000,,49.11502637334964,5
image_27.png,5,False,509.99753822874226,64.13173742013836,20,#0000ff,Quadrant 2,1,2,34,,#0000ff,,339.5383711332959,5
image_27.png,5,False,175.0349532609946,57.220643045501035,20,#0000ff,Quadrant 1,1,1,34,,#0000ff,,318.4433504379508,5
image_27.png,2,False,518.9558476856054,315.6081278092076,20,#0000ff,Quadrant 4,2,2,34,,#0000ff,,299.6402994569945,5
image_27.png,5,False,84.59485511989355,91.93306525521778,20,#0000ff,Quadrant 1,1,1,34,,#0000ff,,78.48301866605911,5
image_27.png,5,False,605.53805430347,32.13980222758309,20,#ff0000,Quadrant 2,1,2,34,,#ff0000,,147.01520004533327,5
image_27.png,5,False,302.98532709609333,269.0751331680942,20,#ff0000,Quadrant 3,2,1,34,,#ff0000,,113.93638071766652,5
image_27.png,5,False,671.3952085280789,148.15922720278337,20,#0000ff,Quadrant 2,1,2,34,,#0000ff,,111.33666060881062,5
image_27.png,5,False,672.9553496819747,361.59779733181966,20,#0000ff,Quadrant 4,2,2,34,,#0000ff,,2.8317982518976237,5
image_27.png,5,False,577.8456230338231,100.00405197162819,20,#0000ff,Quadrant 2,1,2,34,,#0000ff,,32.490117975146035,5
image_28.png,2,True,199.8111661969149,41.27574355280963,20,#FF0000,Quadrant 1,1,1,91,240,#FF0000,0,284.15426382569524,6
image_28.png,5,False,349.7756922884426,289.5640633411659,20,#0000ff,Quadrant 3,2,1,91,,#0000ff,,280.6044055415567,6
image_28.png,5,False,576.1462629003267,322.6235272482766,20,#ff0000,Quadrant 4,2,2,91,,#ff0000,,315.6340418061363,6
image_28.png,5,False,425.85788404524743,318.475802295216,20,#0000ff,Quadrant 4,2,2,91,,#0000ff,,126.66828477020107,6
image_28.png,2,False,536.0010817713744,253.43891734273706,20,#0000ff,Quadrant 4,2,2,91,,#0000ff,,250.27563579266013,6
image_28.png,5,False,104.76754181920901,162.45017929098358,20,#0000ff,Quadrant 1,1,1,91,,#0000ff,,284.76695441302337,6
image_28.png,2,False,87.36062957152467,105.3501479118042,20,#0000ff,Quadrant 1,1,1,91,,#0000ff,,207.29136429431688,6
image_28.png,2,False,231.0660000449161,191.82215142388048,20,#0000ff,Quadrant 1,1,1,91,,#0000ff,,285.3512261673105,6
image_28.png,5,False,419.5910662833122,134.82540464566523,20,#ff0000,Quadrant 2,1,2,91,,#ff0000,,62.452449258328,6
image_28.png,5,False,264.2760990211494,159.74080019649435,20,#ff0000,Quadrant 1,1,1,91,,#ff0000,,30.383622267981707,6
image_28.png,5,False,26.826395251038726,222.12433444415274,20,#ff0000,Quadrant 3,2,1,91,,#ff0000,,7.464469532067444,6
image_28.png,5,False,597.9114702364269,29.817960616880615,20,#0000ff,Quadrant 2,1,2,91,,#0000ff,,94.24193957786272,6
image_28.png,5,False,671.0846433602048,75.30645008428426,20,#0000ff,Quadrant 2,1,2,91,,#0000ff,,53.73043233202438,6
image_28.png,5,False,351.4686817650125,95.85493302141937,20,#0000ff,Quadrant 1,1,1,91,,#0000ff,,297.8126827068598,6
image_28.png,5,False,292.4731062204195,66.16639809963283,20,#0000ff,Quadrant 1,1,1,91,,#0000ff,,150.59915680388474,6
image_28.png,5,False,321.7229404088047,104.86418875845567,20,#ff0000,Quadrant 1,1,1,91,,#ff0000,,84.77482514355246,6
image_28.png,5,False,102.77820092010906,133.18698030950787,20,#ff0000,Quadrant 1,1,1,91,,#ff0000,,3.715287214498062,6
image_28.png,5,False,499.1242318276126,289.2473518382018,20,#ff0000,Quadrant 4,2,2,91,,#ff0000,,256.8009416614351,6
image_28.png,2,False,51.48034410108319,136.8220403339149,20,#0000ff,Quadrant 1,1,1,91,,#0000ff,,34.300591949522406,6
image_28.png,5,False,697.7534719094039,366.06369338601235,20,#0000ff,Quadrant 4,2,2,91,,#0000ff,,326.96155345103597,6
image_28.png,5,False,651.9952624566314,342.8449722449189,20,#0000ff,Quadrant 4,2,2,91,,#0000ff,,181.3488198624725,6
image_28.png,2,False,91.50417669745352,27.693297042543236,20,#0000ff,Quadrant 1,1,1,91,,#0000ff,,51.04646424760044,6
image_28.png,5,False,586.1799820557941,293.6772329978932,20,#0000ff,Quadrant 4,2,2,91,,#0000ff,,313.8046412945817,6
image_28.png,5,False,192.35609155379123,324.5847096135554,20,#0000ff,Quadrant 3,2,1,91,,#0000ff,,325.005363491901,6
image_28.png,5,False,124.6738511503418,289.53657206852426,20,#ff0000,Quadrant 3,2,1,91,,#ff0000,,156.87913269819208,6
image_28.png,5,False,646.8455820900352,251.65452874993701,20,#ff0000,Quadrant 4,2,2,91,,#ff0000,,200.0428949824878,6
image_28.png,5,False,48.596778328522404,80.22741941776816,20,#0000ff,Quadrant 1,1,1,91,,#0000ff,,68.01118383931733,6
image_28.png,5,False,332.85452664420137,54.85708980401051,20,#ff0000,Quadrant 1,1,1,91,,#ff0000,,58.87978445102741,6
image_28.png,5,False,692.2960041725715,223.00300876353245,20,#0000ff,Quadrant 4,2,2,91,,#0000ff,,158.94708758851317,6
image_28.png,5,False,506.9173707982886,66.96430109993591,20,#ff0000,Quadrant 2,1,2,91,,#ff0000,,40.49671817199738,6
image_28.png,2,False,180.60247329120787,199.2858734121279,20,#0000ff,Quadrant 1,1,1,91,,#0000ff,,331.34875079736685,6
image_28.png,5,False,465.422593650372,182.63298472403616,20,#ff0000,Quadrant 2,1,2,91,,#ff0000,,299.0517212061166,6
image_28.png,5,False,41.21058267431726,246.2539155441424,20,#0000ff,Quadrant 3,2,1,91,,#0000ff,,118.59369180438952,6
image_28.png,5,False,49.263631526218276,37.73370566088743,20,#ff0000,Quadrant 1,1,1,91,,#ff0000,,116.34150480727037,6
image_28.png,5,False,133.6494417370498,375.7886391087747,20,#ff0000,Quadrant 3,2,1,91,,#ff0000,,143.5890589047894,6
image_28.png,5,False,154.4654682820002,157.85409681981938,20,#0000ff,Quadrant 1,1,1,91,,#0000ff,,7.384332916472083,6
image_28.png,2,False,518.0277169240812,359.40252793742934,20,#0000ff,Quadrant 4,2,2,91,,#0000ff,,288.39615162945563,6
image_28.png,5,False,584.284430408312,204.78291929923992,20,#0000ff,Quadrant 4,2,2,91,,#0000ff,,239.587306638063,6
image_28.png,5,False,339.2669440879099,223.83557508087753,20,#ff0000,Quadrant 3,2,1,91,,#ff0000,,318.7486939110773,6
image_28.png,5,False,569.7751137741999,243.04202214213092,20,#0000ff,Quadrant 4,2,2,91,,#0000ff,,272.3366316565356,6
image_28.png,5,False,364.69226538734284,378.89673685440715,20,#ff0000,Quadrant 4,2,2,91,,#ff0000,,33.46108596442424,6
image_28.png,5,False,312.337952543476,353.92451477783834,20,#0000ff,Quadrant 3,2,1,91,,#0000ff,,104.65308881222381,6
image_28.png,2,False,99.04713660845378,352.29756785597255,20,#0000ff,Quadrant 3,2,1,91,,#0000ff,,53.49835391571405,6
image_28.png,5,False,466.32926996271,225.88476351833162,20,#0000ff,Quadrant 4,2,2,91,,#0000ff,,34.01437049564969,6
image_28.png,2,False,67.33922789691104,201.30204649381014,20,#0000ff,Quadrant 3,2,1,91,,#0000ff,,91.74967356625524,6
image_28.png,5,False,216.07913837812123,232.964770732133,20,#0000ff,Quadrant 3,2,1,91,,#0000ff,,315.63192496878116,6
image_28.png,5,False,193.63625452801125,376.42001891915726,20,#ff0000,Quadrant 3,2,1,91,,#ff0000,,224.57174189999895,6
image_28.png,5,False,23.34358596823088,160.28499265092893,20,#0000ff,Quadrant 1,1,1,91,,#0000ff,,156.1676114229512,6
image_28.png,5,False,609.5897789609959,376.073839257101,20,#0000ff,Quadrant 4,2,2,91,,#0000ff,,249.0502427952958,6
image_28.png,5,False,682.0321837062924,147.35548000835138,20,#0000ff,Quadrant 2,1,2,91,,#0000ff,,222.65977481549746,6
image_28.png,5,False,104.09350961864372,83.1231874697128,20,#ff0000,Quadrant 1,1,1,91,,#ff0000,,31.548647023977438,6
image_28.png,5,False,311.25825844853966,247.65035912689248,20,#0000ff,Quadrant 3,2,1,91,,#0000ff,,233.9063373732632,6
image_28.png,5,False,335.8560578713084,336.0030563765552,20,#0000ff,Quadrant 3,2,1,91,,#0000ff,,346.99207346600934,6
image_28.png,5,False,16.425379594677413,249.29493476751415,20,#0000ff,Quadrant 3,2,1,91,,#0000ff,,18.33198487897232,6
image_28.png,5,False,375.0047693632881,170.517718969885,20,#ff0000,Quadrant 2,1,2,91,,#ff0000,,257.1445183594054,6
image_28.png,2,False,457.67889689212814,347.0951447406542,20,#0000ff,Quadrant 4,2,2,91,,#0000ff,,96.42559350606642,6
image_28.png,5,False,511.35809421857215,188.37288519720963,20,#ff0000,Quadrant 2,1,2,91,,#ff0000,,58.080037114649116,6
image_28.png,5,False,415.8968512590925,269.92020388096444,20,#ff0000,Quadrant 4,2,2,91,,#ff0000,,182.74894028226166,6
image_28.png,5,False,509.14355734098245,158.5603260457938,20,#0000ff,Quadrant 2,1,2,91,,#0000ff,,317.94242162720747,6
image_28.png,5,False,297.6132253763428,386.6440149741477,20,#ff0000,Quadrant 3,2,1,91,,#ff0000,,36.325341207188984,6
image_28.png,5,False,131.3784937296557,335.87651194710224,20,#0000ff,Quadrant 3,2,1,91,,#0000ff,,243.69402898175989,6
image_28.png,5,False,167.18958638723228,223.428987612636,20,#0000ff,Quadrant 3,2,1,91,,#0000ff,,41.028945612331114,6
image_28.png,5,False,551.7863189709263,301.82333478066073,20,#ff0000,Quadrant 4,2,2,91,,#ff0000,,357.7186158486956,6
image_28.png,5,False,612.9763203494396,239.42142515678452,20,#0000ff,Quadrant 4,2,2,91,,#0000ff,,307.226933303839,6
image_28.png,5,False,261.61472937125393,320.6427759086936,20,#0000ff,Quadrant 3,2,1,91,,#0000ff,,55.5464636754503,6
image_28.png,5,False,15.538838640024991,326.5594538141555,20,#0000ff,Quadrant 3,2,1,91,,#0000ff,,276.9189479712541,6
image_28.png,5,False,128.99937709961924,111.55390786216363,20,#0000ff,Quadrant 1,1,1,91,,#0000ff,,103.23298798358574,6
image_28.png,5,False,180.1159319986412,295.71196577568134,20,#ff0000,Quadrant 3,2,1,91,,#ff0000,,226.59854471235195,6
image_28.png,5,False,315.93671696117207,302.11740349054793,20,#0000ff,Quadrant 3,2,1,91,,#0000ff,,339.7464922868807,6
image_28.png,5,False,543.1647502647318,175.0793214234339,20,#ff0000,Quadrant 2,1,2,91,,#ff0000,,144.59431255981454,6
image_28.png,5,False,621.3043839195361,275.89876911986426,20,#0000ff,Quadrant 4,2,2,91,,#0000ff,,150.94990718901911,6
image_28.png,2,False,16.44463888410813,116.75712152033165,20,#0000ff,Quadrant 1,1,1,91,,#0000ff,,327.3231071524072,6
image_28.png,5,False,363.5417371107671,129.03141235608572,20,#ff0000,Quadrant 2,1,2,91,,#ff0000,,76.94442565303326,6
image_28.png,5,False,624.4300241683162,215.09453898643224,20,#ff0000,Quadrant 4,2,2,91,,#ff0000,,8.43182720274358,6
image_28.png,2,False,255.23213532795884,29.043025970307415,20,#0000ff,Quadrant 1,1,1,91,,#0000ff,,225.71623163446614,6
image_28.png,2,False,181.6193652711909,134.92615204467467,20,#0000ff,Quadrant 1,1,1,91,,#0000ff,,187.07999308038083,6
image_28.png,5,False,449.5217318887851,387.68145115934476,20,#0000ff,Quadrant 4,2,2,91,,#0000ff,,210.3493599562185,6
image_28.png,5,False,110.45451894764955,59.052863636917934,20,#ff0000,Quadrant 1,1,1,91,,#ff0000,,296.572258909221,6
image_28.png,2,False,364.5847992881698,211.0153382914214,20,#0000ff,Quadrant 4,2,2,91,,#0000ff,,348.49145035169187,6
image_28.png,2,False,221.2579710599811,118.15630934752365,20,#0000ff,Quadrant 1,1,1,91,,#0000ff,,337.25543589838634,6
image_28.png,2,False,388.2531994299525,36.53939560816609,20,#0000ff,Quadrant 2,1,2,91,,#0000ff,,0.7508713307830828,6
image_28.png,2,False,507.103078316211,239.95827046187242,20,#0000ff,Quadrant 4,2,2,91,,#0000ff,,171.08191743795268,6
image_28.png,5,False,470.71509320596226,67.31541937201183,20,#ff0000,Quadrant 2,1,2,91,,#ff0000,,274.20436115543976,6
image_28.png,5,False,69.66974965171526,372.0536273559193,20,#ff0000,Quadrant 3,2,1,91,,#ff0000,,231.80910826747873,6
image_28.png,2,False,429.1229717714866,162.87959306390258,20,#0000ff,Quadrant 2,1,2,91,,#0000ff,,290.4915686851426,6
image_28.png,5,False,231.50856858607614,167.04702293543642,20,#0000ff,Quadrant 1,1,1,91,,#0000ff,,140.37829604408083,6
image_28.png,2,False,581.3138236757854,56.72524760372881,20,#0000ff,Quadrant 2,1,2,91,,#0000ff,,135.1847369891994,6
image_28.png,2,False,640.5634827208623,18.039430690872518,20,#0000ff,Quadrant 2,1,2,91,,#0000ff,,228.07486626615048,6
image_28.png,5,False,654.1861962536542,193.26640623292704,20,#0000ff,Quadrant 2,1,2,91,,#0000ff,,0.19545541452620885,6
image_28.png,5,False,591.4402455060972,91.42106292538463,20,#ff0000,Quadrant 2,1,2,91,,#ff0000,,359.7270727642659,6
image_28.png,5,False,358.82115201399046,314.17737716673975,20,#0000ff,Quadrant 4,2,2,91,,#0000ff,,75.90606346547834,6
image_28.png,5,False,498.64257062914044,114.19896658480829,20,#0000ff,Quadrant 2,1,2,91,,#0000ff,,352.6705252451438,6
image_29.png,2,True,237.3070410187364,356.49889519451136,20,#FF0000,Quadrant 3,2,1,8,240,#FF0000,0,345.23736458886356,2
image_29.png,2,False,646.4356111393179,241.12139165496782,20,#0000ff,Quadrant 4,2,2,8,,#0000ff,,48.14126813947841,2
image_29.png,5,False,490.88157061914706,195.83319835522667,20,#ff0000,Quadrant 2,1,2,8,,#ff0000,,200.0846356324594,2
image_29.png,2,False,458.22802324386384,40.303737965296534,20,#0000ff,Quadrant 2,1,2,8,,#0000ff,,283.4298845799215,2
image_29.png,5,False,254.21337058942677,318.23131148718517,20,#0000ff,Quadrant 3,2,1,8,,#0000ff,,242.0085287424148,2
image_29.png,5,False,540.1284667654203,274.4773907950125,20,#0000ff,Quadrant 4,2,2,8,,#0000ff,,63.78718929061652,2
image_29.png,2,False,317.31400550493083,94.73484905741064,20,#0000ff,Quadrant 1,1,1,8,,#0000ff,,337.04922578838995,2
image_29.png,5,False,499.63726848765225,83.39141367381319,20,#ff0000,Quadrant 2,1,2,8,,#ff0000,,244.99956676143054,2
image_29.png,5,False,351.2341747244245,148.21368956497983,20,#0000ff,Quadrant 1,1,1,8,,#0000ff,,84.33285976084233,2
image_30.png,2,True,689.1575776692783,252.3288474360151,20,#FF0000,Quadrant 4,2,2,78,240,#FF0000,0,2.5687440528813044,6
image_30.png,2,False,202.0924647309738,200.1230914498588,20,#0000ff,Quadrant 3,2,1,78,,#0000ff,,39.940749951972386,6
image_30.png,5,False,600.4250027467906,344.0191692093329,20,#ff0000,Quadrant 4,2,2,78,,#ff0000,,336.08282420907307,6
image_30.png,5,False,26.927960913289173,377.5884641703116,20,#0000ff,Quadrant 3,2,1,78,,#0000ff,,305.16018393689643,6
image_30.png,2,False,305.2818743558658,265.431718963996,20,#0000ff,Quadrant 3,2,1,78,,#0000ff,,0.7037873390356575,6
image_30.png,5,False,696.6283623750321,114.58545538789993,20,#0000ff,Quadrant 2,1,2,78,,#0000ff,,155.71734178038653,6
image_30.png,5,False,533.9659613963004,345.0773229496275,20,#0000ff,Quadrant 4,2,2,78,,#0000ff,,130.12986351707937,6
image_30.png,5,False,228.89071370329515,159.1226583984634,20,#ff0000,Quadrant 1,1,1,78,,#ff0000,,191.66770161382956,6
image_30.png,2,False,567.4866353905295,385.3200357165478,20,#0000ff,Quadrant 4,2,2,78,,#0000ff,,316.8354452092577,6
image_30.png,5,False,642.809707784944,85.41943708191836,20,#0000ff,Quadrant 2,1,2,78,,#0000ff,,344.7992457955966,6
image_30.png,5,False,441.82804897907585,21.53590035011847,20,#ff0000,Quadrant 2,1,2,78,,#ff0000,,22.623884866819424,6
image_30.png,5,False,442.51870764983363,137.36635859095952,20,#ff0000,Quadrant 2,1,2,78,,#ff0000,,213.311077408489,6
image_30.png,2,False,175.2294974596428,139.82314387479138,20,#0000ff,Quadrant 1,1,1,78,,#0000ff,,38.82263519233127,6
image_30.png,5,False,174.1163857437989,38.56029606784355,20,#ff0000,Quadrant 1,1,1,78,,#ff0000,,187.0830160817504,6
image_30.png,5,False,409.8858493194384,43.33211624898512,20,#0000ff,Quadrant 2,1,2,78,,#0000ff,,225.1255527192669,6
image_30.png,2,False,488.7275665760371,306.8402786270419,20,#0000ff,Quadrant 4,2,2,78,,#0000ff,,320.43014515317356,6
image_30.png,2,False,431.7989227730156,174.23513812473948,20,#0000ff,Quadrant 2,1,2,78,,#0000ff,,19.72397885121096,6
image_30.png,5,False,553.5701430853445,246.8750831336474,20,#0000ff,Quadrant 4,2,2,78,,#0000ff,,311.2497879255362,6
image_30.png,5,False,476.609732921706,20.81744591624299,20,#ff0000,Quadrant 2,1,2,78,,#ff0000,,234.3317134494375,6
image_30.png,5,False,19.466833197144013,280.6271709913895,20,#0000ff,Quadrant 3,2,1,78,,#0000ff,,38.88237235671487,6
image_30.png,2,False,510.26527217601426,179.06799054353718,20,#0000ff,Quadrant 2,1,2,78,,#0000ff,,151.56252125876955,6
image_30.png,5,False,364.54363464759126,257.3444824751707,20,#0000ff,Quadrant 4,2,2,78,,#0000ff,,210.42802629549297,6
image_30.png,5,False,383.84801361200596,66.04613032728896,20,#0000ff,Quadrant 2,1,2,78,,#0000ff,,210.1197317144266,6
image_30.png,5,False,211.54305794182312,377.76246009062925,20,#0000ff,Quadrant 3,2,1,78,,#0000ff,,217.19861629191124,6
image_30.png,2,False,149.05624149994736,354.4130825555082,20,#0000ff,Quadrant 3,2,1,78,,#0000ff,,70.34656667369511,6
image_30.png,5,False,338.7745662831106,272.515900322549,20,#0000ff,Quadrant 3,2,1,78,,#0000ff,,68.16800594649948,6
image_30.png,5,False,401.0407703485467,137.87966316109137,20,#0000ff,Quadrant 2,1,2,78,,#0000ff,,306.72312563827535,6
image_30.png,2,False,83.24020069103047,342.1678708070095,20,#0000ff,Quadrant 3,2,1,78,,#0000ff,,118.30285771504634,6
image_30.png,2,False,13.547282786000494,95.30348353115745,20,#0000ff,Quadrant 1,1,1,78,,#0000ff,,78.98611732708879,6
image_30.png,5,False,175.68411847378408,288.6735751065291,20,#0000ff,Quadrant 3,2,1,78,,#0000ff,,224.6112063283463,6
image_30.png,5,False,137.9444689167447,385.1739004741773,20,#ff0000,Quadrant 3,2,1,78,,#ff0000,,73.91388970697314,6
image_30.png,5,False,31.682118610907427,54.54155260196285,20,#0000ff,Quadrant 1,1,1,78,,#0000ff,,26.54321647315619,6
image_30.png,5,False,414.53792438549056,300.37137371335695,20,#ff0000,Quadrant 4,2,2,78,,#ff0000,,69.98524000704622,6
image_30.png,2,False,191.51720936058805,76.87954867222166,20,#0000ff,Quadrant 1,1,1,78,,#0000ff,,78.82021456016301,6
image_30.png,5,False,155.85355390008436,183.44499049169326,20,#0000ff,Quadrant 1,1,1,78,,#0000ff,,121.81798053533642,6
image_30.png,5,False,659.4604496587256,380.3444978001015,20,#ff0000,Quadrant 4,2,2,78,,#ff0000,,237.92713747687284,6
image_30.png,5,False,619.1962312440806,60.440389070447424,20,#0000ff,Quadrant 2,1,2,78,,#0000ff,,42.65759506818357,6
image_30.png,2,False,47.69543382299944,311.74130578240533,20,#0000ff,Quadrant 3,2,1,78,,#0000ff,,117.96501762406372,6
image_30.png,5,False,67.08990657802173,188.91223698107112,20,#0000ff,Quadrant 1,1,1,78,,#0000ff,,75.3255264597198,6
image_30.png,5,False,330.8801542396097,132.64914422720696,20,#0000ff,Quadrant 1,1,1,78,,#0000ff,,179.49159940184094,6
image_30.png,2,False,627.5755066936265,181.8862664422214,20,#0000ff,Quadrant 2,1,2,78,,#0000ff,,74.59185510150685,6
image_30.png,2,False,303.84074680000873,153.53736004216972,20,#0000ff,Quadrant 1,1,1,78,,#0000ff,,78.69374148666597,6
image_30.png,5,False,28.030837414568563,177.95825097242573,20,#ff0000,Quadrant 1,1,1,78,,#ff0000,,98.28700764219113,6
image_30.png,5,False,78.80387658407577,37.96980001158671,20,#ff0000,Quadrant 1,1,1,78,,#ff0000,,333.5781309156639,6
image_30.png,5,False,698.6190410479088,388.39712698153926,20,#ff0000,Quadrant 4,2,2,78,,#ff0000,,254.0313495505769,6
image_30.png,5,False,205.19139121153057,142.02703200297412,20,#0000ff,Quadrant 1,1,1,78,,#0000ff,,277.2273927018843,6
image_30.png,2,False,533.1283856966164,15.494692298900373,20,#0000ff,Quadrant 2,1,2,78,,#0000ff,,295.87007380115506,6
image_30.png,2,False,509.3784282740611,90.33275791509195,20,#0000ff,Quadrant 2,1,2,78,,#0000ff,,81.92825735877057,6
image_30.png,5,False,328.9053835773054,310.34382780239787,20,#ff0000,Quadrant 3,2,1,78,,#ff0000,,260.1037264852462,6
image_30.png,5,False,659.9896168327446,168.88601284640308,20,#0000ff,Quadrant 2,1,2,78,,#0000ff,,154.3654706869064,6
image_30.png,5,False,17.67031513424472,317.33172351900186,20,#0000ff,Quadrant 3,2,1,78,,#0000ff,,339.6074404240386,6
image_30.png,5,False,304.3206309340191,295.49269742126296,20,#0000ff,Quadrant 3,2,1,78,,#0000ff,,81.1766304887312,6
image_30.png,5,False,151.69698217994903,158.6604633933462,20,#ff0000,Quadrant 1,1,1,78,,#ff0000,,352.86196155305714,6
image_30.png,5,False,237.5716988771844,374.61261924118065,20,#ff0000,Quadrant 3,2,1,78,,#ff0000,,170.91995566420113,6
image_30.png,5,False,475.99613559210866,78.14644377021759,20,#ff0000,Quadrant 2,1,2,78,,#ff0000,,61.71251742208555,6
image_30.png,5,False,58.87932351169671,375.01194217702727,20,#ff0000,Quadrant 3,2,1,78,,#ff0000,,67.20915788143533,6
image_30.png,5,False,87.30258037131914,213.7792412650599,20,#ff0000,Quadrant 3,2,1,78,,#ff0000,,56.53276381085993,6
image_30.png,5,False,482.8519551621451,115.1166895050081,20,#ff0000,Quadrant 2,1,2,78,,#ff0000,,180.8910076173986,6
image_30.png,5,False,427.7406850487951,104.30556659976955,20,#0000ff,Quadrant 2,1,2,78,,#0000ff,,296.84974479470617,6
image_30.png,5,False,591.5785975256966,310.5070848050387,20,#ff0000,Quadrant 4,2,2,78,,#ff0000,,124.8414624639895,6
image_30.png,5,False,134.7293176731141,244.5044031975136,20,#0000ff,Quadrant 3,2,1,78,,#0000ff,,149.418993068401,6
image_30.png,2,False,465.1061457350338,275.04132943553157,20,#0000ff,Quadrant 4,2,2,78,,#0000ff,,138.47939884588058,6
image_30.png,2,False,41.08481614403448,345.73480723100874,20,#0000ff,Quadrant 3,2,1,78,,#0000ff,,251.51211247181482,6
image_30.png,5,False,391.89566339945713,387.2295922143811,20,#0000ff,Quadrant 4,2,2,78,,#0000ff,,357.26029987834306,6
image_30.png,2,False,600.627696848989,160.94289592116192,20,#0000ff,Quadrant 2,1,2,78,,#0000ff,,268.54467737498175,6
image_30.png,5,False,642.907376222574,134.64771705397757,20,#0000ff,Quadrant 2,1,2,78,,#0000ff,,41.28577809986362,6
image_30.png,5,False,67.87600596895263,259.3545445620043,20,#ff0000,Quadrant 3,2,1,78,,#ff0000,,166.08851927940086,6
image_30.png,5,False,257.72193587273966,92.90217977797865,20,#ff0000,Quadrant 1,1,1,78,,#ff0000,,55.25873183188495,6
image_30.png,2,False,316.90682560290475,237.12162244143818,20,#0000ff,Quadrant 3,2,1,78,,#0000ff,,248.52481656519123,6
image_30.png,2,False,233.32622786056461,247.92527226842168,20,#0000ff,Quadrant 3,2,1,78,,#0000ff,,293.62476108797586,6
image_30.png,5,False,94.2339294040889,91.80883497018105,20,#0000ff,Quadrant 1,1,1,78,,#0000ff,,338.0123620781072,6
image_30.png,5,False,288.0741084411816,130.5388036707711,20,#ff0000,Quadrant 1,1,1,78,,#ff0000,,62.503760795280655,6
image_30.png,2,False,556.1779836004679,359.60063781943757,20,#0000ff,Quadrant 4,2,2,78,,#0000ff,,256.5111991243463,6
image_30.png,5,False,424.30846301078867,381.9752082561727,20,#ff0000,Quadrant 4,2,2,78,,#ff0000,,345.2524935760203,6
image_30.png,5,False,448.7585282089004,345.13953816832816,20,#0000ff,Quadrant 4,2,2,78,,#0000ff,,119.53675704538207,6
image_30.png,5,False,522.1097923751261,201.29277677881052,20,#ff0000,Quadrant 4,2,2,78,,#ff0000,,183.96941088596807,6
image_30.png,2,False,229.7841374907033,308.47499332924696,20,#0000ff,Quadrant 3,2,1,78,,#0000ff,,48.33612427208957,6
image_30.png,5,False,209.74556697256548,19.95607960645695,20,#0000ff,Quadrant 1,1,1,78,,#0000ff,,233.29671302866782,6
image_30.png,5,False,382.5857972149325,353.70691781403383,20,#0000ff,Quadrant 4,2,2,78,,#0000ff,,87.20963414083626,6
image_31.png,2,True,55.52103055520487,196.84078538756293,20,#FF0000,Quadrant 1,1,1,8,240,#FF0000,0,226.7217046184492,2
image_31.png,2,False,46.90162793605644,385.98075103386566,20,#0000ff,Quadrant 3,2,1,8,,#0000ff,,343.3180283701983,2
image_31.png,2,False,225.59798619974717,283.79268345735005,20,#0000ff,Quadrant 3,2,1,8,,#0000ff,,260.99607771744377,2
image_31.png,5,False,182.53993761417559,118.86339242672511,20,#ff0000,Quadrant 1,1,1,8,,#ff0000,,63.51678176303538,2
image_31.png,5,False,549.3080696130291,41.24603737505511,20,#0000ff,Quadrant 2,1,2,8,,#0000ff,,97.86988251263789,2
image_31.png,5,False,335.32159088632545,170.77956325561243,20,#ff0000,Quadrant 1,1,1,8,,#ff0000,,135.9782959550304,2
image_31.png,5,False,557.761876196403,18.488587156007224,20,#0000ff,Quadrant 2,1,2,8,,#0000ff,,295.05737083668043,2
image_31.png,5,False,533.8533841337926,359.3392846397126,20,#0000ff,Quadrant 4,2,2,8,,#0000ff,,307.4551957097935,2
image_31.png,2,False,503.54086253284726,84.98055309419216,20,#0000ff,Quadrant 2,1,2,8,,#0000ff,,119.96429032978627,2
image_32.png,2,True,658.8563548469069,377.84621668271217,20,#FF0000,Quadrant 4,2,2,29,240,#FF0000,0,333.2487856574003,4
image_32.png,2,False,348.3007177865628,253.31641686918837,20,#0000ff,Quadrant 3,2,1,29,,#0000ff,,134.33216317186856,4
image_32.png,5,False,694.8135312943506,58.05249823230676,20,#0000ff,Quadrant 2,1,2,29,,#0000ff,,318.59984914941845,4
image_32.png,5,False,528.8368320809826,142.76274399930207,20,#0000ff,Quadrant 2,1,2,29,,#0000ff,,277.6573363595527,4
image_32.png,5,False,459.4744646139036,361.2240898928586,20,#ff0000,Quadrant 4,2,2,29,,#ff0000,,250.72394833545133,4
image_32.png,5,False,260.0144445801259,278.07928509778435,20,#0000ff,Quadrant 3,2,1,29,,#0000ff,,331.7286769503765,4
image_32.png,5,False,112.53613164428215,104.52279516765806,20,#0000ff,Quadrant 1,1,1,29,,#0000ff,,339.9354797987933,4
image_32.png,5,False,305.114444890829,272.5143100041076,20,#0000ff,Quadrant 3,2,1,29,,#0000ff,,59.69649865262091,4
image_32.png,5,False,529.4464916649455,360.3931835670209,20,#ff0000,Quadrant 4,2,2,29,,#ff0000,,264.21603730454467,4
image_32.png,5,False,155.36310729221714,293.8537149461563,20,#ff0000,Quadrant 3,2,1,29,,#ff0000,,96.84768162327128,4
image_32.png,2,False,573.4922815099159,11.59670232696168,20,#0000ff,Quadrant 2,1,2,29,,#0000ff,,355.3291775332654,4
image_32.png,5,False,461.96510113527205,288.08996517135904,20,#ff0000,Quadrant 4,2,2,29,,#ff0000,,188.98631595122242,4
image_32.png,2,False,147.43614441289523,79.79007729879017,20,#0000ff,Quadrant 1,1,1,29,,#0000ff,,253.456990781125,4
image_32.png,5,False,640.0372976156054,52.27587914646289,20,#ff0000,Quadrant 2,1,2,29,,#ff0000,,158.662961912613,4
image_32.png,2,False,201.68915777114643,140.33342490504677,20,#0000ff,Quadrant 1,1,1,29,,#0000ff,,135.98227355543798,4
image_32.png,5,False,535.007646504473,14.593485810453771,20,#ff0000,Quadrant 2,1,2,29,,#ff0000,,174.66996701217926,4
image_32.png,5,False,337.05669861668434,138.3973279927108,20,#0000ff,Quadrant 1,1,1,29,,#0000ff,,335.5662171165154,4
image_32.png,2,False,624.3148631556359,388.7902611282065,20,#0000ff,Quadrant 4,2,2,29,,#0000ff,,133.48264400265808,4
image_32.png,5,False,271.7421960819322,32.637303610632635,20,#0000ff,Quadrant 1,1,1,29,,#0000ff,,239.42818271703783,4
image_32.png,5,False,13.125332793722787,340.0646910515467,20,#ff0000,Quadrant 3,2,1,29,,#ff0000,,290.2572738831032,4
image_32.png,2,False,95.67433768320558,211.5778901103044,20,#0000ff,Quadrant 3,2,1,29,,#0000ff,,9.244953816289478,4
image_32.png,5,False,483.78139298383616,339.80445968825654,20,#ff0000,Quadrant 4,2,2,29,,#ff0000,,162.690507938017,4
image_32.png,2,False,344.8454033115045,290.41935196191,20,#0000ff,Quadrant 3,2,1,29,,#0000ff,,84.08111466791243,4
image_32.png,5,False,474.73982864211473,218.42623757696904,20,#ff0000,Quadrant 4,2,2,29,,#ff0000,,108.48538979625312,4
image_32.png,5,False,669.0302918307675,193.25971012174128,20,#ff0000,Quadrant 2,1,2,29,,#ff0000,,322.70708740251666,4
image_32.png,5,False,651.058510429852,352.2011401277717,20,#ff0000,Quadrant 4,2,2,29,,#ff0000,,57.68470000059341,4
image_32.png,2,False,240.29996998434567,95.59874995211379,20,#0000ff,Quadrant 1,1,1,29,,#0000ff,,286.3945672589722,4
image_32.png,5,False,505.3180438049497,289.2089404170261,20,#0000ff,Quadrant 4,2,2,29,,#0000ff,,135.72371607765675,4
image_32.png,2,False,165.0265257918516,54.73080687216755,20,#0000ff,Quadrant 1,1,1,29,,#0000ff,,291.0410934985599,4
image_32.png,2,False,656.7381383004765,292.46551036893504,20,#0000ff,Quadrant 4,2,2,29,,#0000ff,,266.6092387824667,4
image_33.png,2,True,408.49570392620876,11.634469773486176,20,#FF0000,Quadrant 2,1,2,7,240,#FF0000,0,343.46470279149884,2
image_33.png,5,False,380.0304948226506,331.210829531543,20,#0000ff,Quadrant 4,2,2,7,,#0000ff,,22.278577181857212,2
image_33.png,2,False,560.4899978938638,364.0237124495334,20,#0000ff,Quadrant 4,2,2,7,,#0000ff,,277.66112485087353,2
image_33.png,5,False,598.277435387338,130.42011307699156,20,#ff0000,Quadrant 2,1,2,7,,#ff0000,,3.307867897938599,2
image_33.png,5,False,325.0355415461664,238.353926339168,20,#0000ff,Quadrant 3,2,1,7,,#0000ff,,179.93975940937645,2
image_33.png,5,False,485.4453980629645,114.36506114012576,20,#ff0000,Quadrant 2,1,2,7,,#ff0000,,180.85607794315098,2
image_33.png,5,False,496.1527884000207,153.39586107605064,20,#ff0000,Quadrant 2,1,2,7,,#ff0000,,178.20918906434056,2
image_33.png,2,False,156.1124160388126,287.9447627903196,20,#0000ff,Quadrant 3,2,1,7,,#0000ff,,298.03848995295067,2
image_34.png,2,True,572.5433795319756,355.8782689477495,20,#FF0000,Quadrant 4,2,2,90,240,#FF0000,0,107.67663981303744,6
image_34.png,5,False,25.858850930129456,159.28394660011702,20,#0000ff,Quadrant 1,1,1,90,,#0000ff,,57.309561049809716,6
image_34.png,5,False,533.0650735024282,158.82184978685657,20,#0000ff,Quadrant 2,1,2,90,,#0000ff,,356.5131479903353,6
image_34.png,5,False,145.41850971478127,334.6633391167804,20,#ff0000,Quadrant 3,2,1,90,,#ff0000,,250.6954736434144,6
image_34.png,2,False,529.3116046949489,230.38503094981127,20,#0000ff,Quadrant 4,2,2,90,,#0000ff,,47.124246034254774,6
image_34.png,5,False,123.78548843161354,62.99804268056191,20,#0000ff,Quadrant 1,1,1,90,,#0000ff,,164.7117000495511,6
image_34.png,5,False,692.0656054352133,66.79486358417635,20,#ff0000,Quadrant 2,1,2,90,,#ff0000,,244.19441016599333,6
image_34.png,2,False,77.1768872812187,379.2320112669843,20,#0000ff,Quadrant 3,2,1,90,,#0000ff,,333.3547212204288,6
image_34.png,5,False,679.1418846649198,247.99562261346023,20,#ff0000,Quadrant 4,2,2,90,,#ff0000,,213.62126049530292,6
image_34.png,2,False,176.94938513851358,195.7005878419926,20,#0000ff,Quadrant 1,1,1,90,,#0000ff,,12.237418016559719,6
image_34.png,5,False,459.06423520496134,115.03166321681488,20,#0000ff,Quadrant 2,1,2,90,,#0000ff,,311.3624842058886,6
image_34.png,5,False,91.35643995506227,57.13549082670038,20,#0000ff,Quadrant 1,1,1,90,,#0000ff,,4.176870310307561,6
image_34.png,5,False,76.14718105869603,235.10826431553446,20,#0000ff,Quadrant 3,2,1,90,,#0000ff,,249.7413068140249,6
image_34.png,5,False,495.18578228197475,123.78134521840461,20,#ff0000,Quadrant 2,1,2,90,,#ff0000,,359.9835088257103,6
image_34.png,5,False,605.0630264275513,214.17918331837922,20,#ff0000,Quadrant 4,2,2,90,,#ff0000,,256.9565326511635,6
image_34.png,5,False,574.2318989529548,307.1533820555373,20,#ff0000,Quadrant 4,2,2,90,,#ff0000,,141.766756178302,6
image_34.png,5,False,413.8731406879309,280.79716896650814,20,#0000ff,Quadrant 4,2,2,90,,#0000ff,,186.80440173575144,6
image_34.png,5,False,99.75421745502072,88.95490228159805,20,#ff0000,Quadrant 1,1,1,90,,#ff0000,,44.29630915888799,6
image_34.png,2,False,96.9300957674994,123.86245463360504,20,#0000ff,Quadrant 1,1,1,90,,#0000ff,,30.45971805434105,6
image_34.png,5,False,317.5500781413922,229.13301535984414,20,#0000ff,Quadrant 3,2,1,90,,#0000ff,,237.29672813621806,6
image_34.png,2,False,362.7967485530631,271.03765680957923,20,#0000ff,Quadrant 4,2,2,90,,#0000ff,,218.22196806785027,6
image_34.png,2,False,159.28171624738275,61.73062614806424,20,#0000ff,Quadrant 1,1,1,90,,#0000ff,,308.1906621139199,6
image_34.png,2,False,633.6216942036676,162.2224439709902,20,#0000ff,Quadrant 2,1,2,90,,#0000ff,,137.4416327023269,6
image_34.png,5,False,658.7973371112428,65.14621314832443,20,#ff0000,Quadrant 2,1,2,90,,#ff0000,,243.54924137237376,6
image_34.png,2,False,399.3494458637545,255.8574800651677,20,#0000ff,Quadrant 4,2,2,90,,#0000ff,,257.2001884428502,6
image_34.png,5,False,228.9722738921445,308.7823767804433,20,#ff0000,Quadrant 3,2,1,90,,#ff0000,,295.7644097153612,6
image_34.png,2,False,181.52590553771287,113.10733828773215,20,#0000ff,Quadrant 1,1,1,90,,#0000ff,,347.04637242331063,6
image_34.png,5,False,452.0822899140655,148.1457652128842,20,#0000ff,Quadrant 2,1,2,90,,#0000ff,,23.745369304483397,6
image_34.png,2,False,560.8890853714378,114.43848544156805,20,#0000ff,Quadrant 2,1,2,90,,#0000ff,,52.67866784921235,6
image_34.png,5,False,164.11341911463202,370.77392132350076,20,#0000ff,Quadrant 3,2,1,90,,#0000ff,,352.614676868606,6
image_34.png,5,False,251.3922457964261,227.27575229943227,20,#0000ff,Quadrant 3,2,1,90,,#0000ff,,34.394600618076616,6
image_34.png,5,False,628.7368976328275,75.54252347501094,20,#ff0000,Quadrant 2,1,2,90,,#ff0000,,218.68809994804718,6
image_34.png,5,False,521.7537283004253,376.90410725881543,20,#0000ff,Quadrant 4,2,2,90,,#0000ff,,124.26223971091656,6
image_34.png,2,False,189.49305043774658,270.55685591792854,20,#0000ff,Quadrant 3,2,1,90,,#0000ff,,213.2316446745842,6
image_34.png,5,False,195.21786386835365,358.1709413394964,20,#ff0000,Quadrant 3,2,1,90,,#ff0000,,204.3218790348772,6
image_34.png,5,False,299.169942885459,184.04333148310712,20,#0000ff,Quadrant 1,1,1,90,,#0000ff,,244.15748103807178,6
image_34.png,5,False,357.0359502555336,115.26108431882388,20,#ff0000,Quadrant 2,1,2,90,,#ff0000,,287.4488035494066,6
image_34.png,5,False,602.1078958131613,369.13785713568365,20,#0000ff,Quadrant 4,2,2,90,,#0000ff,,109.86747524759686,6
image_34.png,2,False,448.29223290650685,39.99003431143046,20,#0000ff,Quadrant 2,1,2,90,,#0000ff,,304.28841883279836,6
image_34.png,5,False,350.5740173678921,341.5054195824458,20,#ff0000,Quadrant 3,2,1,90,,#ff0000,,199.49751894661816,6
image_34.png,2,False,365.842914574213,388.22677294776315,20,#0000ff,Quadrant 4,2,2,90,,#0000ff,,172.6761411071559,6
image_34.png,2,False,527.5212193038074,103.31752137702624,20,#0000ff,Quadrant 2,1,2,90,,#0000ff,,252.93301695851184,6
image_34.png,2,False,475.74577403737385,344.3697537830662,20,#0000ff,Quadrant 4,2,2,90,,#0000ff,,347.2730581512424,6
image_34.png,5,False,268.19246856229654,53.80226647666355,20,#0000ff,Quadrant 1,1,1,90,,#0000ff,,136.47411570976843,6
image_34.png,5,False,193.41329273434303,11.844568408829856,20,#ff0000,Quadrant 1,1,1,90,,#ff0000,,173.92488588151494,6
image_34.png,2,False,651.1561055624021,373.5530077445807,20,#0000ff,Quadrant 4,2,2,90,,#0000ff,,332.30029187899174,6
image_34.png,2,False,595.5143765838116,32.73376362376851,20,#0000ff,Quadrant 2,1,2,90,,#0000ff,,321.29780696622674,6
image_34.png,2,False,254.8321008819046,12.948367403408863,20,#0000ff,Quadrant 1,1,1,90,,#0000ff,,118.2786484614479,6
image_34.png,5,False,80.82172959166633,196.99343307816827,20,#ff0000,Quadrant 1,1,1,90,,#ff0000,,127.6316365837376,6
image_34.png,5,False,15.761301370183691,301.8511955306488,20,#ff0000,Quadrant 3,2,1,90,,#ff0000,,328.7192804773776,6
image_34.png,2,False,268.8992231205652,148.77937377924528,20,#0000ff,Quadrant 1,1,1,90,,#0000ff,,169.4515247816531,6
image_34.png,5,False,313.1761554939797,328.2771203821662,20,#0000ff,Quadrant 3,2,1,90,,#0000ff,,39.13019743690586,6
image_34.png,5,False,619.784046931447,279.08494637176113,20,#ff0000,Quadrant 4,2,2,90,,#ff0000,,2.09167874846774,6
image_34.png,2,False,301.1074251872571,136.1987070782272,20,#0000ff,Quadrant 1,1,1,90,,#0000ff,,48.1249193998915,6
image_34.png,5,False,670.8405516097622,310.6454976796771,20,#ff0000,Quadrant 4,2,2,90,,#ff0000,,47.31036126243919,6
image_34.png,5,False,497.7515594012436,317.1620330732951,20,#ff0000,Quadrant 4,2,2,90,,#ff0000,,71.42848529369694,6
image_34.png,2,False,493.409455592562,381.4870009681556,20,#0000ff,Quadrant 4,2,2,90,,#0000ff,,188.98962550104065,6
image_34.png,2,False,53.26995953393044,172.43352892535964,20,#0000ff,Quadrant 1,1,1,90,,#0000ff,,153.38730851195965,6
image_34.png,5,False,261.50396464245796,367.4535264275019,20,#ff0000,Quadrant 3,2,1,90,,#ff0000,,39.61978179908239,6
image_34.png,2,False,43.76635560562364,26.456090779621732,20,#0000ff,Quadrant 1,1,1,90,,#0000ff,,115.14271857021929,6
image_34.png,5,False,664.398119989755,148.43370972840972,20,#ff0000,Quadrant 2,1,2,90,,#ff0000,,66.54240109633426,6
image_34.png,2,False,20.412830953005546,219.56838969316522,20,#0000ff,Quadrant 3,2,1,90,,#0000ff,,34.87939954415792,6
image_34.png,5,False,155.7129450038183,156.1706568075223,20,#ff0000,Quadrant 1,1,1,90,,#ff0000,,234.08940359458998,6
image_34.png,5,False,387.5929467417161,140.61543218760252,20,#ff0000,Quadrant 2,1,2,90,,#ff0000,,26.956656419146654,6
image_34.png,5,False,534.1957028435095,330.82127768379456,20,#0000ff,Quadrant 4,2,2,90,,#0000ff,,320.9711950700515,6
image_34.png,5,False,652.6879733520304,201.46264366026665,20,#ff0000,Quadrant 4,2,2,90,,#ff0000,,150.84149799164078,6
image_34.png,2,False,669.5482130504728,33.97990173309712,20,#0000ff,Quadrant 2,1,2,90,,#0000ff,,104.2762882736346,6
image_34.png,5,False,377.8717285737856,205.09834925265253,20,#0000ff,Quadrant 4,2,2,90,,#0000ff,,178.2093242294337,6
image_34.png,5,False,279.88011473555065,240.5285473810494,20,#0000ff,Quadrant 3,2,1,90,,#0000ff,,202.49949247072624,6
image_34.png,2,False,162.81172976787818,278.72027825935584,20,#0000ff,Quadrant 3,2,1,90,,#0000ff,,109.22766169079414,6
image_34.png,2,False,113.06809920124475,345.00173450255363,20,#0000ff,Quadrant 3,2,1,90,,#0000ff,,14.072643147867346,6
image_34.png,2,False,46.497260984947026,381.44894409272854,20,#0000ff,Quadrant 3,2,1,90,,#0000ff,,314.41782328951115,6
image_34.png,5,False,203.7062756700112,107.76316607942118,20,#0000ff,Quadrant 1,1,1,90,,#0000ff,,262.9716037771246,6
image_34.png,5,False,448.0365179210262,219.2318097645648,20,#ff0000,Quadrant 4,2,2,90,,#ff0000,,313.20928383948404,6
image_34.png,5,False,151.49993794982396,249.06464984508645,20,#ff0000,Quadrant 3,2,1,90,,#ff0000,,116.73469108913584,6
image_34.png,2,False,25.50159238800698,72.58324923087395,20,#0000ff,Quadrant 1,1,1,90,,#0000ff,,233.12313781332918,6
image_34.png,5,False,86.81446985528905,16.122678850460748,20,#ff0000,Quadrant 1,1,1,90,,#ff0000,,138.23659753395413,6
image_34.png,5,False,424.15001747980233,310.5273641890613,20,#ff0000,Quadrant 4,2,2,90,,#ff0000,,337.8954209823785,6
image_34.png,5,False,342.01312163780506,223.7577666291857,20,#ff0000,Quadrant 3,2,1,90,,#ff0000,,72.8357911864134,6
image_34.png,5,False,639.48303696179,20.072328818464293,20,#0000ff,Quadrant 2,1,2,90,,#0000ff,,51.06060952272822,6
image_34.png,5,False,693.6391888326664,95.86948885363564,20,#0000ff,Quadrant 2,1,2,90,,#0000ff,,177.05540702522737,6
image_34.png,5,False,240.93638045000893,147.2665469275028,20,#0000ff,Quadrant 1,1,1,90,,#0000ff,,27.464378935477384,6
image_34.png,5,False,479.1295517682544,67.78317349849964,20,#0000ff,Quadrant 2,1,2,90,,#0000ff,,215.86013455161134,6
image_34.png,2,False,501.090304049052,39.867668212857936,20,#0000ff,Quadrant 2,1,2,90,,#0000ff,,291.85898934688026,6
image_34.png,5,False,305.5152272295526,285.69552148330195,20,#ff0000,Quadrant 3,2,1,90,,#ff0000,,40.73905235546407,6
image_34.png,2,False,503.580605459573,210.18556738225587,20,#0000ff,Quadrant 4,2,2,90,,#0000ff,,30.10237968822578,6
image_34.png,5,False,695.8007601056995,17.484458304841866,20,#ff0000,Quadrant 2,1,2,90,,#ff0000,,1.031798073505441,6
image_34.png,2,False,52.04882163501055,143.05336803499256,20,#0000ff,Quadrant 1,1,1,90,,#0000ff,,331.5254762743136,6
image_34.png,5,False,303.62432302601957,31.44350444622236,20,#ff0000,Quadrant 1,1,1,90,,#ff0000,,250.60411235219797,6
image_34.png,5,False,334.66790404402775,63.96248651135334,20,#0000ff,Quadrant 1,1,1,90,,#0000ff,,275.5503733878793,6
image_34.png,2,False,52.340550311783424,253.8477184782998,20,#0000ff,Quadrant 3,2,1,90,,#0000ff,,40.05599987595857,6
image_35.png,2,True,582.5380609467584,358.43878697038156,20,#FF0000,Quadrant 4,2,2,31,240,#FF0000,0,199.49613165934704,4
image_35.png,2,False,499.74408977940624,171.14735888010404,20,#0000ff,Quadrant 2,1,2,31,,#0000ff,,180.67407749721573,4
image_35.png,5,False,370.3142198409068,380.65613524247414,20,#ff0000,Quadrant 4,2,2,31,,#ff0000,,350.32403851372857,4
image_35.png,2,False,137.56500940550796,292.98638874980236,20,#0000ff,Quadrant 3,2,1,31,,#0000ff,,78.80630866605597,4
image_35.png,5,False,460.71026702420994,164.12775272653911,20,#ff0000,Quadrant 2,1,2,31,,#ff0000,,171.86985517105666,4
image_35.png,5,False,266.9484368900948,171.35587428218244,20,#ff0000,Quadrant 1,1,1,31,,#ff0000,,19.681797096149122,4
image_35.png,5,False,260.901422467813,305.38536438359546,20,#ff0000,Quadrant 3,2,1,31,,#ff0000,,37.58402219422971,4
image_35.png,5,False,123.14191788539505,51.243597229500445,20,#ff0000,Quadrant 1,1,1,31,,#ff0000,,86.23077021237084,4
image_35.png,5,False,450.8499941469737,23.234647250523324,20,#ff0000,Quadrant 2,1,2,31,,#ff0000,,198.60889578328528,4
image_35.png,5,False,400.14500427185413,224.0934637255573,20,#ff0000,Quadrant 4,2,2,31,,#ff0000,,351.5987328085616,4
image_35.png,5,False,75.22233433334374,127.65263665620203,20,#0000ff,Quadrant 1,1,1,31,,#0000ff,,17.29760433173854,4
image_35.png,5,False,355.64888131823295,129.8705832674829,20,#0000ff,Quadrant 2,1,2,31,,#0000ff,,345.14604824281554,4
image_35.png,5,False,495.13054246350333,47.80957798092271,20,#ff0000,Quadrant 2,1,2,31,,#ff0000,,350.58626746107694,4
image_35.png,5,False,545.0164677536384,19.953047439100892,20,#0000ff,Quadrant 2,1,2,31,,#0000ff,,180.78376241548327,4
image_35.png,2,False,598.0466692356341,120.66512600289502,20,#0000ff,Quadrant 2,1,2,31,,#0000ff,,211.0889532623622,4
image_35.png,5,False,442.28142500130383,371.1653154162981,20,#0000ff,Quadrant 4,2,2,31,,#0000ff,,28.351029445777776,4
image_35.png,5,False,244.58526841841524,147.1995824550982,20,#ff0000,Quadrant 1,1,1,31,,#ff0000,,282.7266690673763,4
image_35.png,2,False,544.4065755568431,157.52575469302994,20,#0000ff,Quadrant 2,1,2,31,,#0000ff,,320.6447751566357,4
image_35.png,5,False,21.29486783047701,300.6679448562333,20,#ff0000,Quadrant 3,2,1,31,,#ff0000,,35.066175533097365,4
image_35.png,5,False,324.3626138355745,75.1532676150885,20,#ff0000,Quadrant 1,1,1,31,,#ff0000,,179.60841382951315,4
image_35.png,5,False,408.2165090615539,144.5732841918517,20,#0000ff,Quadrant 2,1,2,31,,#0000ff,,24.53826234372135,4
image_35.png,5,False,685.1753111735144,299.4693277580788,20,#ff0000,Quadrant 4,2,2,31,,#ff0000,,355.01159139256134,4
image_35.png,5,False,680.4879646886687,195.56190026526167,20,#0000ff,Quadrant 2,1,2,31,,#0000ff,,338.33860907426356,4
image_35.png,5,False,286.1042096189284,38.585939916323,20,#0000ff,Quadrant 1,1,1,31,,#0000ff,,56.95408944225414,4
image_35.png,5,False,515.195126948148,357.80001301101737,20,#0000ff,Quadrant 4,2,2,31,,#0000ff,,30.896116680640038,4
image_35.png,5,False,231.6085806451315,22.840190018657268,20,#ff0000,Quadrant 1,1,1,31,,#ff0000,,230.47789750135874,4
image_35.png,5,False,609.066194599923,371.0998135712519,20,#0000ff,Quadrant 4,2,2,31,,#0000ff,,19.467905433009843,4
image_35.png,5,False,613.0315880828381,181.63711231460636,20,#ff0000,Quadrant 2,1,2,31,,#ff0000,,29.415280129024715,4
image_35.png,2,False,189.75913858286987,324.9475565874173,20,#0000ff,Quadrant 3,2,1,31,,#0000ff,,241.07198388506782,4
image_35.png,5,False,529.9382988703812,73.19358033741119,20,#0000ff,Quadrant 2,1,2,31,,#0000ff,,123.1268932432806,4
image_35.png,5,False,379.96383440199645,307.2980939801074,20,#0000ff,Quadrant 4,2,2,31,,#0000ff,,173.38509180530747,4
image_35.png,2,False,403.9483226993386,322.0999336075344,20,#0000ff,Quadrant 4,2,2,31,,#0000ff,,328.5352144348958,4
image_36.png,2,True,628.6892664582736,363.98373296670565,20,#FF0000,Quadrant 4,2,2,85,240,#FF0000,0,5.107240186499493,6
image_36.png,5,False,229.00500025805187,310.38235754259654,20,#0000ff,Quadrant 3,2,1,85,,#0000ff,,179.80044060311081,6
image_36.png,2,False,13.533378063860516,181.3112897021798,20,#0000ff,Quadrant 1,1,1,85,,#0000ff,,187.44901135580966,6
image_36.png,2,False,409.50176444754254,24.791697283382735,20,#0000ff,Quadrant 2,1,2,85,,#0000ff,,230.00990233573842,6
image_36.png,2,False,544.5508485171467,238.15658991572545,20,#0000ff,Quadrant 4,2,2,85,,#0000ff,,250.72059151970626,6
image_36.png,2,False,142.70855256566372,267.89947561952596,20,#0000ff,Quadrant 3,2,1,85,,#0000ff,,75.51470862966534,6
image_36.png,2,False,22.155784152744232,349.93555735076166,20,#0000ff,Quadrant 3,2,1,85,,#0000ff,,292.960565767929,6
image_36.png,5,False,325.1822671836839,166.1262144964453,20,#0000ff,Quadrant 1,1,1,85,,#0000ff,,233.60820382578177,6
image_36.png,2,False,538.1409054054658,53.85763979077239,20,#0000ff,Quadrant 2,1,2,85,,#0000ff,,188.34113620717267,6
image_36.png,5,False,132.88076566790943,235.8691042325228,20,#0000ff,Quadrant 3,2,1,85,,#0000ff,,154.21810101213853,6
image_36.png,5,False,465.4682618931785,268.1465340358958,20,#ff0000,Quadrant 4,2,2,85,,#ff0000,,102.6100565808488,6
image_36.png,2,False,566.292496411909,50.24095095606997,20,#0000ff,Quadrant 2,1,2,85,,#0000ff,,358.3307596411054,6
image_36.png,5,False,566.2448743990501,263.3944310514918,20,#ff0000,Quadrant 4,2,2,85,,#ff0000,,181.2101472112841,6
image_36.png,5,False,252.57282773917532,311.0379599444798,20,#0000ff,Quadrant 3,2,1,85,,#0000ff,,342.19853851794153,6
image_36.png,5,False,455.3081376697293,307.59209402021656,20,#ff0000,Quadrant 4,2,2,85,,#ff0000,,326.8776847075706,6
image_36.png,5,False,549.9330812341892,202.85798771085194,20,#0000ff,Quadrant 4,2,2,85,,#0000ff,,338.26205145472113,6
image_36.png,5,False,116.67561503247522,152.52536991097716,20,#0000ff,Quadrant 1,1,1,85,,#0000ff,,5.590823363131685,6
image_36.png,5,False,405.2371502970104,173.5474412844491,20,#ff0000,Quadrant 2,1,2,85,,#ff0000,,61.34787071718134,6
image_36.png,5,False,281.99592482947463,30.497615671927925,20,#ff0000,Quadrant 1,1,1,85,,#ff0000,,221.8564500808445,6
image_36.png,5,False,279.9936593428107,286.2266029988611,20,#0000ff,Quadrant 3,2,1,85,,#0000ff,,338.18101725770873,6
image_36.png,5,False,312.3696934442072,48.64045524887288,20,#0000ff,Quadrant 1,1,1,85,,#0000ff,,186.21974808752321,6
image_36.png,5,False,516.8425538461474,382.7305643521321,20,#ff0000,Quadrant 4,2,2,85,,#ff0000,,9.104355478601605,6
image_36.png,2,False,629.6594667642515,123.23670739879704,20,#0000ff,Quadrant 2,1,2,85,,#0000ff,,86.2998783209039,6
image_36.png,5,False,465.22855217497766,114.93670382619017,20,#ff0000,Quadrant 2,1,2,85,,#ff0000,,277.3409707380287,6
image_36.png,5,False,205.6170334779793,349.1606100818311,20,#0000ff,Quadrant 3,2,1,85,,#0000ff,,38.54759522572708,6
image_36.png,2,False,154.2930214648049,49.05391004392481,20,#0000ff,Quadrant 1,1,1,85,,#0000ff,,328.5788865521082,6
image_36.png,5,False,671.9006322331385,39.84619496384168,20,#0000ff,Quadrant 2,1,2,85,,#0000ff,,26.48734908659921,6
image_36.png,5,False,447.5171888755288,181.43208408081188,20,#ff0000,Quadrant 2,1,2,85,,#ff0000,,320.2968674368454,6
image_36.png,2,False,434.0494425326219,217.57048769217357,20,#0000ff,Quadrant 4,2,2,85,,#0000ff,,174.20795737333427,6
image_36.png,2,False,143.87038390048085,22.171881769528085,20,#0000ff,Quadrant 1,1,1,85,,#0000ff,,333.5699445290394,6
image_36.png,2,False,160.48391414675007,134.8100172309397,20,#0000ff,Quadrant 1,1,1,85,,#0000ff,,41.32384451840858,6
image_36.png,5,False,352.6073750141762,204.78417466371255,20,#ff0000,Quadrant 3,2,1,85,,#ff0000,,268.270004177423,6
image_36.png,5,False,147.33686965243953,330.8015239641445,20,#0000ff,Quadrant 3,2,1,85,,#0000ff,,90.03353344101774,6
image_36.png,5,False,302.95501469724786,293.39596410611824,20,#ff0000,Quadrant 3,2,1,85,,#ff0000,,317.8286400483309,6
image_36.png,5,False,306.7966402590842,225.37968912275178,20,#ff0000,Quadrant 3,2,1,85,,#ff0000,,218.62643404227867,6
image_36.png,5,False,230.50791824037935,15.120587192113604,20,#ff0000,Quadrant 1,1,1,85,,#ff0000,,44.02929785451201,6
image_36.png,2,False,558.9199611660517,350.7252221401127,20,#0000ff,Quadrant 4,2,2,85,,#0000ff,,167.53558579302523,6
image_36.png,5,False,157.18868839207119,93.20117261189097,20,#ff0000,Quadrant 1,1,1,85,,#ff0000,,102.10113090760026,6
image_36.png,5,False,200.07224604660618,56.079910732113035,20,#ff0000,Quadrant 1,1,1,85,,#ff0000,,16.845063839059282,6
image_36.png,2,False,418.3168852388026,100.36748470279888,20,#0000ff,Quadrant 2,1,2,85,,#0000ff,,216.5150445526459,6
image_36.png,2,False,590.8919331592477,163.26247858993034,20,#0000ff,Quadrant 2,1,2,85,,#0000ff,,102.37169479713509,6
image_36.png,5,False,58.85388500062018,46.9552911198391,20,#0000ff,Quadrant 1,1,1,85,,#0000ff,,232.11923991037924,6
image_36.png,5,False,530.2939804738243,162.33016149812937,20,#0000ff,Quadrant 2,1,2,85,,#0000ff,,98.8824766441306,6
image_36.png,2,False,43.95779039516709,14.929698247027464,20,#0000ff,Quadrant 1,1,1,85,,#0000ff,,10.543745462932947,6
image_36.png,5,False,510.01056483525946,96.5569948727814,20,#ff0000,Quadrant 2,1,2,85,,#ff0000,,310.0999573434562,6
image_36.png,5,False,237.9076632557658,242.61973927345363,20,#0000ff,Quadrant 3,2,1,85,,#0000ff,,27.01518308327918,6
image_36.png,5,False,648.2274425694267,231.54531118379714,20,#ff0000,Quadrant 4,2,2,85,,#ff0000,,251.51933894546258,6
image_36.png,5,False,370.49519012502407,101.91786294013578,20,#0000ff,Quadrant 2,1,2,85,,#0000ff,,240.56469026248445,6
image_36.png,5,False,232.79692917579186,287.26681146370606,20,#0000ff,Quadrant 3,2,1,85,,#0000ff,,351.4858029856903,6
image_36.png,5,False,472.97377922324335,187.96084773091468,20,#ff0000,Quadrant 2,1,2,85,,#ff0000,,76.49116966669348,6
image_36.png,2,False,462.49435401041245,331.4710380636551,20,#0000ff,Quadrant 4,2,2,85,,#0000ff,,255.0644502300613,6
image_36.png,5,False,614.6992067533915,292.6198254350967,20,#ff0000,Quadrant 4,2,2,85,,#ff0000,,53.02430425542207,6
image_36.png,5,False,390.15963821054993,144.973343335815,20,#0000ff,Quadrant 2,1,2,85,,#0000ff,,42.597429854377935,6
image_36.png,5,False,47.625222661224534,114.03859162164551,20,#0000ff,Quadrant 1,1,1,85,,#0000ff,,182.85365671028362,6
image_36.png,5,False,86.22816238045395,29.85140791772571,20,#ff0000,Quadrant 1,1,1,85,,#ff0000,,186.7026456898713,6
image_36.png,5,False,80.61104173803012,96.60377594547649,20,#0000ff,Quadrant 1,1,1,85,,#0000ff,,23.705058929081396,6
image_36.png,5,False,552.3663518448435,142.40531680545135,20,#0000ff,Quadrant 2,1,2,85,,#0000ff,,74.05393527128159,6
image_36.png,5,False,75.93312846511083,201.224777647419,20,#0000ff,Quadrant 3,2,1,85,,#0000ff,,264.19761747955135,6
image_36.png,2,False,484.98784911937133,75.34791297549397,20,#0000ff,Quadrant 2,1,2,85,,#0000ff,,306.92301814556413,6
image_36.png,5,False,108.72338847060085,15.813764942883402,20,#0000ff,Quadrant 1,1,1,85,,#0000ff,,323.9529198697051,6
image_36.png,2,False,133.30787087486323,110.72856716152536,20,#0000ff,Quadrant 1,1,1,85,,#0000ff,,120.25949394328643,6
image_36.png,5,False,575.2403163461556,225.42682396663338,20,#ff0000,Quadrant 4,2,2,85,,#ff0000,,39.37895906167881,6
image_36.png,5,False,126.2729641585783,66.40835865621995,20,#0000ff,Quadrant 1,1,1,85,,#0000ff,,189.09690634260124,6
image_36.png,5,False,327.07927511888414,323.8893028594015,20,#0000ff,Quadrant 3,2,1,85,,#0000ff,,91.27326437193273,6
image_36.png,2,False,368.8038323055245,252.8445172893622,20,#0000ff,Quadrant 4,2,2,85,,#0000ff,,97.17748051049033,6
image_36.png,2,False,144.55721546207334,371.91984587013854,20,#0000ff,Quadrant 3,2,1,85,,#0000ff,,267.9714428792792,6
image_36.png,5,False,201.33427336159164,83.03646716129622,20,#ff0000,Quadrant 1,1,1,85,,#ff0000,,340.2959400252978,6
image_36.png,5,False,324.51406731032137,376.96184745114044,20,#0000ff,Quadrant 3,2,1,85,,#0000ff,,156.04546432435396,6
image_36.png,5,False,270.04053527919604,342.09831910726564,20,#ff0000,Quadrant 3,2,1,85,,#ff0000,,196.49904330085204,6
image_36.png,5,False,315.4700173009776,129.41245469780364,20,#0000ff,Quadrant 1,1,1,85,,#0000ff,,49.8995550689526,6
image_36.png,5,False,29.204840896366605,300.83894769182234,20,#ff0000,Quadrant 3,2,1,85,,#ff0000,,328.52098495667633,6
image_36.png,5,False,268.07358380177897,245.69632257041252,20,#ff0000,Quadrant 3,2,1,85,,#ff0000,,208.916070643026,6
image_36.png,2,False,281.5422731099262,163.31212363608142,20,#0000ff,Quadrant 1,1,1,85,,#0000ff,,271.9206624048847,6
image_36.png,2,False,613.8135911964454,184.963444614536,20,#0000ff,Quadrant 2,1,2,85,,#0000ff,,290.69316949455725,6
image_36.png,2,False,458.76727910903617,137.05674581721723,20,#0000ff,Quadrant 2,1,2,85,,#0000ff,,298.761944137681,6
image_36.png,5,False,486.8185097446362,337.7107390389359,20,#ff0000,Quadrant 4,2,2,85,,#ff0000,,203.5596240559849,6
image_36.png,5,False,656.2700026589974,315.5231671580154,20,#ff0000,Quadrant 4,2,2,85,,#ff0000,,258.89113512707576,6
image_36.png,5,False,688.0777275175324,321.0624218642915,20,#0000ff,Quadrant 4,2,2,85,,#0000ff,,145.64064096017944,6
image_36.png,5,False,470.9319796779272,373.53655465359026,20,#0000ff,Quadrant 4,2,2,85,,#0000ff,,104.41302794368302,6
image_36.png,5,False,18.592534713378,125.44387341203968,20,#ff0000,Quadrant 1,1,1,85,,#ff0000,,203.1152702882482,6
image_36.png,5,False,255.40681553905313,63.65673199943367,20,#0000ff,Quadrant 1,1,1,85,,#0000ff,,326.91900168762385,6
image_36.png,2,False,120.07871030634743,200.24130747845288,20,#0000ff,Quadrant 3,2,1,85,,#0000ff,,3.283222268755166,6
image_36.png,5,False,602.6194271671335,63.934854278062055,20,#0000ff,Quadrant 2,1,2,85,,#0000ff,,165.4134277810576,6
image_36.png,5,False,589.2952642775873,193.85548198465696,20,#ff0000,Quadrant 2,1,2,85,,#ff0000,,24.555639399719283,6
image_36.png,2,False,170.52731894802494,302.71897439385924,20,#0000ff,Quadrant 3,2,1,85,,#0000ff,,116.51737714981539,6
image_36.png,5,False,568.1751581677265,83.68781720485475,20,#0000ff,Quadrant 2,1,2,85,,#0000ff,,292.98158668183237,6
image_37.png,2,True,481.14687085862624,373.0270861860637,20,#FF0000,Quadrant 4,2,2,37,240,#FF0000,0,122.6560722791371,5
image_37.png,2,False,374.89845292914583,82.87174849695188,20,#0000ff,Quadrant 2,1,2,37,,#0000ff,,262.1820678651605,5
image_37.png,5,False,256.6182977119977,351.10767642548365,20,#0000ff,Quadrant 3,2,1,37,,#0000ff,,180.3061026838286,5
image_37.png,2,False,613.1700852724,226.1396158303198,20,#0000ff,Quadrant 4,2,2,37,,#0000ff,,225.16945224555252,5
image_37.png,5,False,354.612735680231,30.459065328263186,20,#ff0000,Quadrant 1,1,1,37,,#ff0000,,36.32868142764194,5
image_37.png,5,False,659.0854704509576,359.6193184036026,20,#0000ff,Quadrant 4,2,2,37,,#0000ff,,80.64764094112817,5
image_37.png,5,False,57.819491752333214,340.4169209724085,20,#ff0000,Quadrant 3,2,1,37,,#ff0000,,253.178393012627,5
image_37.png,5,False,177.32349792012198,206.71318729388577,20,#0000ff,Quadrant 3,2,1,37,,#0000ff,,192.39257162159765,5
image_37.png,5,False,387.1537753611046,348.10356633298505,20,#0000ff,Quadrant 4,2,2,37,,#0000ff,,222.71216973955444,5
image_37.png,2,False,33.23728591884054,170.2913535879035,20,#0000ff,Quadrant 1,1,1,37,,#0000ff,,235.1635203569538,5
image_37.png,5,False,51.9210666341324,88.20019032656413,20,#ff0000,Quadrant 1,1,1,37,,#ff0000,,319.69009127695057,5
image_37.png,2,False,61.23630034998926,369.3430915112617,20,#0000ff,Quadrant 3,2,1,37,,#0000ff,,84.82219262182593,5
image_37.png,2,False,665.4864623456409,237.09980366715334,20,#0000ff,Quadrant 4,2,2,37,,#0000ff,,353.1801753154003,5
image_37.png,2,False,197.3802920682297,26.77808932464674,20,#0000ff,Quadrant 1,1,1,37,,#0000ff,,340.7762435570899,5
image_37.png,5,False,459.08217131590504,174.11288285650312,20,#ff0000,Quadrant 2,1,2,37,,#ff0000,,182.73753554439702,5
image_37.png,2,False,49.14066118119487,303.42580572909804,20,#0000ff,Quadrant 3,2,1,37,,#0000ff,,7.719574386244656,5
image_37.png,2,False,519.4293398072373,219.84347288505376,20,#0000ff,Quadrant 4,2,2,37,,#0000ff,,245.49883787404167,5
image_37.png,5,False,490.1585263482374,173.43364919055762,20,#ff0000,Quadrant 2,1,2,37,,#ff0000,,275.6453455671818,5
image_37.png,5,False,92.29687164823777,243.71691028325301,20,#0000ff,Quadrant 3,2,1,37,,#0000ff,,41.609951836340315,5
image_37.png,5,False,311.765607972065,32.89470750114573,20,#ff0000,Quadrant 1,1,1,37,,#ff0000,,69.71242639068682,5
image_37.png,5,False,21.265107837865123,283.0945489888688,20,#ff0000,Quadrant 3,2,1,37,,#ff0000,,356.73794514414783,5
image_37.png,2,False,227.43273352772653,238.71325313798323,20,#0000ff,Quadrant 3,2,1,37,,#0000ff,,101.73455190464104,5
image_37.png,5,False,285.0970504643413,259.5663061012198,20,#ff0000,Quadrant 3,2,1,37,,#ff0000,,46.69784797880486,5
image_37.png,2,False,517.5656345892676,145.930242697209,20,#0000ff,Quadrant 2,1,2,37,,#0000ff,,178.17453066924114,5
image_37.png,5,False,659.6431945250725,305.9187772753194,20,#ff0000,Quadrant 4,2,2,37,,#ff0000,,256.72818920745556,5
image_37.png,5,False,195.3317867569164,274.7576978255543,20,#0000ff,Quadrant 3,2,1,37,,#0000ff,,189.66390759849736,5
image_37.png,2,False,439.46965676543937,116.75829361120326,20,#0000ff,Quadrant 2,1,2,37,,#0000ff,,253.98060308547943,5
image_37.png,2,False,156.2202763674662,151.7634143532534,20,#0000ff,Quadrant 1,1,1,37,,#0000ff,,267.0871171285781,5
image_37.png,5,False,416.2974681384691,124.55605628098249,20,#0000ff,Quadrant 2,1,2,37,,#0000ff,,97.30748608759221,5
image_37.png,2,False,605.4504663169627,156.4027084547241,20,#0000ff,Quadrant 2,1,2,37,,#0000ff,,178.32869952012186,5
image_37.png,5,False,250.6373269837145,20.82501465082475,20,#0000ff,Quadrant 1,1,1,37,,#0000ff,,194.95770003407202,5
image_37.png,5,False,418.1704937904992,297.24133785319674,20,#0000ff,Quadrant 4,2,2,37,,#0000ff,,291.68772720690527,5
image_37.png,5,False,550.2201360869169,361.9981280117234,20,#0000ff,Quadrant 4,2,2,37,,#0000ff,,311.66722501753054,5
image_37.png,5,False,657.2655148018194,186.2039589450481,20,#ff0000,Quadrant 2,1,2,37,,#ff0000,,309.0650734061063,5
image_37.png,2,False,332.9920738916228,386.20774295569885,20,#0000ff,Quadrant 3,2,1,37,,#0000ff,,345.70980293501,5
image_37.png,2,False,666.2164228115727,43.33293586633132,20,#0000ff,Quadrant 2,1,2,37,,#0000ff,,287.8520125578012,5
image_37.png,5,False,550.091712176341,317.2780898485419,20,#0000ff,Quadrant 4,2,2,37,,#0000ff,,237.3227796717344,5
image_37.png,2,False,594.9913483052137,178.75968319855463,20,#0000ff,Quadrant 2,1,2,37,,#0000ff,,300.9599266590648,5
image_38.png,2,True,258.1605958630387,252.06689155962297,20,#FF0000,Quadrant 3,2,1,4,240,#FF0000,0,13.321354595711652,1
image_38.png,2,False,292.5329020125042,230.07758200823773,20,#0000ff,Quadrant 3,2,1,4,,#0000ff,,200.3790277125187,1
image_38.png,5,False,390.9475829032382,371.34486238813724,20,#ff0000,Quadrant 4,2,2,4,,#ff0000,,322.9359419622888,1
image_38.png,5,False,553.0609028731544,109.10642344134246,20,#ff0000,Quadrant 2,1,2,4,,#ff0000,,92.8825050275896,1
image_38.png,2,False,131.22727419596404,340.3284109799924,20,#0000ff,Quadrant 3,2,1,4,,#0000ff,,81.87081088812458,1
image_39.png,2,True,505.2594530959369,33.98726403522515,20,#FF0000,Quadrant 2,1,2,53,240,#FF0000,0,15.104011291464992,5
image_39.png,5,False,189.48872276372853,108.31423825094602,20,#ff0000,Quadrant 1,1,1,53,,#ff0000,,257.2378429555119,5
image_39.png,5,False,251.9637292192402,40.28711595850095,20,#ff0000,Quadrant 1,1,1,53,,#ff0000,,216.20838198431483,5
image_39.png,5,False,174.27833202917037,134.1482594132297,20,#0000ff,Quadrant 1,1,1,53,,#0000ff,,183.97278627665398,5
image_39.png,2,False,304.84150255071233,118.00590360227258,20,#0000ff,Quadrant 1,1,1,53,,#0000ff,,25.701542728240256,5
image_39.png,5,False,259.2377058700115,379.5873573741018,20,#0000ff,Quadrant 3,2,1,53,,#0000ff,,218.50802632972005,5
image_39.png,5,False,213.60943201557083,22.777499233173167,20,#ff0000,Quadrant 1,1,1,53,,#ff0000,,339.292638230774,5
image_39.png,5,False,114.39358151167825,234.48397034147632,20,#0000ff,Quadrant 3,2,1,53,,#0000ff,,104.71414785765903,5
image_39.png,2,False,272.02054827191483,231.25540086867377,20,#0000ff,Quadrant 3,2,1,53,,#0000ff,,338.37834088022066,5
image_39.png,2,False,458.30712163484526,372.0577939839938,20,#0000ff,Quadrant 4,2,2,53,,#0000ff,,274.54026102435216,5
image_39.png,2,False,94.53599502886087,343.0652902684503,20,#0000ff,Quadrant 3,2,1,53,,#0000ff,,194.02825820368852,5
image_39.png,2,False,369.51150258526945,130.80307654850978,20,#0000ff,Quadrant 2,1,2,53,,#0000ff,,237.31119326354045,5
image_39.png,5,False,237.4636226779038,313.0242505086154,20,#ff0000,Quadrant 3,2,1,53,,#ff0000,,327.9850277889552,5
image_39.png,5,False,617.4762507709777,147.79107841940854,20,#ff0000,Quadrant 2,1,2,53,,#ff0000,,263.8073988611927,5
image_39.png,5,False,461.14431994842334,239.772624590041,20,#0000ff,Quadrant 4,2,2,53,,#0000ff,,329.26878430267357,5
image_39.png,2,False,581.368740950928,383.98959904429546,20,#0000ff,Quadrant 4,2,2,53,,#0000ff,,82.7147892487288,5
image_39.png,2,False,67.15760458602324,170.14653912857025,20,#0000ff,Quadrant 1,1,1,53,,#0000ff,,112.98396201779727,5
image_39.png,5,False,543.3523883036806,351.15179300314287,20,#ff0000,Quadrant 4,2,2,53,,#ff0000,,227.74671582370135,5
image_39.png,5,False,299.43304019023583,300.36261269175094,20,#ff0000,Quadrant 3,2,1,53,,#ff0000,,60.037539627283685,5
image_39.png,2,False,34.47813573873446,174.07670877163181,20,#0000ff,Quadrant 1,1,1,53,,#0000ff,,45.5032625273255,5
image_39.png,2,False,255.15939435970117,163.0760175692964,20,#0000ff,Quadrant 1,1,1,53,,#0000ff,,325.53374135530834,5
image_39.png,2,False,629.3267350288409,350.57777121104374,20,#0000ff,Quadrant 4,2,2,53,,#0000ff,,42.85067171790436,5
image_39.png,5,False,638.4545409285626,249.4544950426139,20,#0000ff,Quadrant 4,2,2,53,,#0000ff,,341.9708600759679,5
image_39.png,2,False,493.3783340583981,288.24150499213033,20,#0000ff,Quadrant 4,2,2,53,,#0000ff,,272.7576232832534,5
image_39.png,5,False,77.76313690863233,123.39774538923002,20,#ff0000,Quadrant 1,1,1,53,,#ff0000,,340.1165157428553,5
image_39.png,2,False,230.5004494248319,78.44117701372627,20,#0000ff,Quadrant 1,1,1,53,,#0000ff,,116.20802624720623,5
image_39.png,2,False,407.2699599939077,243.6504939558422,20,#0000ff,Quadrant 4,2,2,53,,#0000ff,,186.88858941325725,5
image_39.png,5,False,209.76190771246073,357.88797877776744,20,#ff0000,Quadrant 3,2,1,53,,#ff0000,,318.7256987464091,5
image_39.png,2,False,391.44061240498945,203.28790865345948,20,#0000ff,Quadrant 4,2,2,53,,#0000ff,,34.551364142175906,5
image_39.png,5,False,28.760563445191412,87.78727490108146,20,#0000ff,Quadrant 1,1,1,53,,#0000ff,,299.7016180758428,5
image_39.png,5,False,583.5850547529923,122.48791768403485,20,#0000ff,Quadrant 2,1,2,53,,#0000ff,,187.52180222738036,5
image_39.png,5,False,70.84917864682072,62.7172177537024,20,#ff0000,Quadrant 1,1,1,53,,#ff0000,,177.57199805006647,5
image_39.png,5,False,564.7087051158935,292.33690835442434,20,#ff0000,Quadrant 4,2,2,53,,#ff0000,,348.63824671014856,5
image_39.png,2,False,201.23843258944697,249.37585012635003,20,#0000ff,Quadrant 3,2,1,53,,#0000ff,,182.54166216195657,5
image_39.png,5,False,37.42786540535974,48.96586750771927,20,#ff0000,Quadrant 1,1,1,53,,#ff0000,,321.2181032665282,5
image_39.png,5,False,466.5188642749975,342.72279511882766,20,#ff0000,Quadrant 4,2,2,53,,#ff0000,,302.9151746700801,5
image_39.png,2,False,193.78208623759087,68.24171421783944,20,#0000ff,Quadrant 1,1,1,53,,#0000ff,,242.40514718327066,5
image_39.png,5,False,147.81677509366276,342.07657220611736,20,#ff0000,Quadrant 3,2,1,53,,#ff0000,,101.73588251654127,5
image_39.png,2,False,432.12864212459965,279.3764128485879,20,#0000ff,Quadrant 4,2,2,53,,#0000ff,,176.64881468404366,5
image_39.png,2,False,433.617595054358,249.52797319526823,20,#0000ff,Quadrant 4,2,2,53,,#0000ff,,247.6733974718047,5
image_39.png,5,False,463.6323259214831,79.06431846203124,20,#ff0000,Quadrant 2,1,2,53,,#ff0000,,174.3239026588649,5
image_39.png,5,False,471.2353274837606,196.30390682198146,20,#0000ff,Quadrant 2,1,2,53,,#0000ff,,315.01406628759,5
image_39.png,5,False,235.1985648755432,261.3940757557681,20,#0000ff,Quadrant 3,2,1,53,,#0000ff,,348.9703714920748,5
image_39.png,5,False,606.3023577633585,238.20022325021847,20,#0000ff,Quadrant 4,2,2,53,,#0000ff,,302.44349814727656,5
image_39.png,2,False,624.079512479387,306.9089441046432,20,#0000ff,Quadrant 4,2,2,53,,#0000ff,,182.69546506880386,5
image_39.png,5,False,229.8390488128128,158.94103287021474,20,#0000ff,Quadrant 1,1,1,53,,#0000ff,,94.17789103832882,5
image_39.png,2,False,639.6220550510466,112.42391432464895,20,#0000ff,Quadrant 2,1,2,53,,#0000ff,,143.52462421247196,5
image_39.png,5,False,24.724822549089204,284.00245651589694,20,#ff0000,Quadrant 3,2,1,53,,#ff0000,,217.78603400525623,5
image_39.png,5,False,689.8147174654015,327.8203417993646,20,#ff0000,Quadrant 4,2,2,53,,#ff0000,,192.7701585847015,5
image_39.png,5,False,122.20747787088489,152.32662081202713,20,#ff0000,Quadrant 1,1,1,53,,#ff0000,,104.46749425279154,5
image_39.png,5,False,182.35688205562164,16.156255778941045,20,#0000ff,Quadrant 1,1,1,53,,#0000ff,,199.06242120266234,5
image_39.png,5,False,358.6071578080637,276.9189335568391,20,#ff0000,Quadrant 4,2,2,53,,#ff0000,,27.549749512974067,5
image_39.png,5,False,583.0432965549073,239.64156347045588,20,#ff0000,Quadrant 4,2,2,53,,#ff0000,,5.307042206486381,5
image_39.png,5,False,327.1859851154487,48.67874467293948,20,#0000ff,Quadrant 1,1,1,53,,#0000ff,,108.77543165279852,5
image_40.png,2,True,677.1846811619539,223.05658584307793,20,#FF0000,Quadrant 4,2,2,15,240,#FF0000,0,33.50246220835344,3
image_40.png,2,False,636.3817066496905,212.55107557395354,20,#0000ff,Quadrant 4,2,2,15,,#0000ff,,174.0058268784901,3
image_40.png,5,False,353.4570394924811,159.7978787545181,20,#ff0000,Quadrant 1,1,1,15,,#ff0000,,6.196511667485685,3
image_40.png,2,False,409.1589674272114,20.40912731139195,20,#0000ff,Quadrant 2,1,2,15,,#0000ff,,162.81732708708873,3
image_40.png,5,False,399.01260145802405,253.98541757025205,20,#ff0000,Quadrant 4,2,2,15,,#ff0000,,133.1357855472734,3
image_40.png,5,False,683.3382076593056,47.05705524991964,20,#ff0000,Quadrant 2,1,2,15,,#ff0000,,291.48508330262433,3
image_40.png,5,False,288.80140518218684,327.7906097396354,20,#0000ff,Quadrant 3,2,1,15,,#0000ff,,30.199959955208,3
image_40.png,2,False,521.2121681108429,326.3742536077747,20,#0000ff,Quadrant 4,2,2,15,,#0000ff,,148.26908999773698,3
image_40.png,5,False,423.52503222303176,340.39975226004515,20,#ff0000,Quadrant 4,2,2,15,,#ff0000,,248.03913625711536,3
image_40.png,5,False,558.5453998426558,217.2325420150924,20,#ff0000,Quadrant 4,2,2,15,,#ff0000,,271.81365491798084,3
image_40.png,5,False,499.41017043429963,205.45496171502123,20,#ff0000,Quadrant 4,2,2,15,,#ff0000,,115.86166475783233,3
image_40.png,2,False,532.494940335954,72.27119718892087,20,#0000ff,Quadrant 2,1,2,15,,#0000ff,,135.2469781474895,3
image_40.png,5,False,89.31490258808189,345.7200709904796,20,#ff0000,Quadrant 3,2,1,15,,#ff0000,,313.109702392592,3
image_40.png,5,False,372.4418865716177,63.86911707460519,20,#0000ff,Quadrant 2,1,2,15,,#0000ff,,225.41936821591335,3
image_40.png,5,False,92.0148786011733,387.3913501293699,20,#0000ff,Quadrant 3,2,1,15,,#0000ff,,3.3330692859766486,3
image_40.png,2,False,267.05431900520136,256.78343055194216,20,#0000ff,Quadrant 3,2,1,15,,#0000ff,,221.4361754077392,3
image_41.png,2,True,666.924805240878,151.333750444096,20,#FF0000,Quadrant 2,1,2,46,240,#FF0000,0,289.01294217288444,5
image_41.png,5,False,336.28381513747894,90.61327589962292,20,#ff0000,Quadrant 1,1,1,46,,#ff0000,,217.62640156184264,5
image_41.png,5,False,503.6911050637224,190.12301839673822,20,#0000ff,Quadrant 2,1,2,46,,#0000ff,,59.12575594169081,5
image_41.png,2,False,335.16997765150717,386.47129991126786,20,#0000ff,Quadrant 3,2,1,46,,#0000ff,,64.52128122840571,5
image_41.png,5,False,148.29540287850145,46.47448542164639,20,#0000ff,Quadrant 1,1,1,46,,#0000ff,,252.52726754220419,5
image_41.png,2,False,441.60623451270334,235.70378626241714,20,#0000ff,Quadrant 4,2,2,46,,#0000ff,,34.09724430738987,5
image_41.png,5,False,619.6234539056892,141.39391450356408,20,#0000ff,Quadrant 2,1,2,46,,#0000ff,,229.08367008936546,5
image_41.png,5,False,609.1161862062523,231.92904954913357,20,#0000ff,Quadrant 4,2,2,46,,#0000ff,,295.47159499037156,5
image_41.png,2,False,288.8518994282049,107.29526723996135,20,#0000ff,Quadrant 1,1,1,46,,#0000ff,,224.82033696857079,5
image_41.png,5,False,399.36157849058463,58.89414519982287,20,#0000ff,Quadrant 2,1,2,46,,#0000ff,,64.1970936555977,5
image_41.png,5,False,550.7384271825223,384.87497128408864,20,#ff0000,Quadrant 4,2,2,46,,#ff0000,,60.51577986003072,5
image_41.png,5,False,628.3118527026562,30.727512775186586,20,#0000ff,Quadrant 2,1,2,46,,#0000ff,,116.40163531902037,5
image_41.png,5,False,236.36457186536998,200.1417897439212,20,#0000ff,Quadrant 3,2,1,46,,#0000ff,,239.34320248520424,5
image_41.png,5,False,497.60252349760634,145.18683691208042,20,#ff0000,Quadrant 2,1,2,46,,#ff0000,,278.6110640972163,5
image_41.png,5,False,591.2697512162973,372.1261265932915,20,#ff0000,Quadrant 4,2,2,46,,#ff0000,,317.982819213995,5
image_41.png,5,False,397.1747613198657,196.25534473916667,20,#ff0000,Quadrant 2,1,2,46,,#ff0000,,302.3553973243204,5
image_41.png,2,False,310.99981393137176,142.61222487158096,20,#0000ff,Quadrant 1,1,1,46,,#0000ff,,200.84583046968552,5
image_41.png,5,False,542.0431556303571,141.78480866081853,20,#ff0000,Quadrant 2,1,2,46,,#ff0000,,307.93403273662415,5
image_41.png,2,False,614.7671422701565,358.989141889631,20,#0000ff,Quadrant 4,2,2,46,,#0000ff,,222.11070985738817,5
image_41.png,2,False,653.9695945688786,387.2757225188179,20,#0000ff,Quadrant 4,2,2,46,,#0000ff,,134.71410918565104,5
image_41.png,5,False,145.27825002274227,232.57921824848415,20,#ff0000,Quadrant 3,2,1,46,,#ff0000,,129.95689592779377,5
image_41.png,2,False,641.9910919281905,201.0558886405168,20,#0000ff,Quadrant 4,2,2,46,,#0000ff,,327.9746721147915,5
image_41.png,2,False,200.44152703965773,191.961780388319,20,#0000ff,Quadrant 1,1,1,46,,#0000ff,,12.070148833084993,5
image_41.png,2,False,50.42940326121398,227.28438701642392,20,#0000ff,Quadrant 3,2,1,46,,#0000ff,,98.70257902962973,5
image_41.png,5,False,446.61341700060075,196.33358344201315,20,#ff0000,Quadrant 2,1,2,46,,#ff0000,,359.0033678614844,5
image_41.png,5,False,30.868672417865763,349.03222121023646,20,#ff0000,Quadrant 3,2,1,46,,#ff0000,,13.74969372922321,5
image_41.png,2,False,450.222449292221,34.55902860150796,20,#0000ff,Quadrant 2,1,2,46,,#0000ff,,20.177277919769885,5
image_41.png,2,False,595.4304878553017,130.62954797852325,20,#0000ff,Quadrant 2,1,2,46,,#0000ff,,301.4184701585526,5
image_41.png,2,False,92.10533977494208,187.24336147881667,20,#0000ff,Quadrant 1,1,1,46,,#0000ff,,201.80137936954588,5
image_41.png,5,False,643.5096426114218,79.98536716230245,20,#ff0000,Quadrant 2,1,2,46,,#ff0000,,31.738303317533457,5
image_41.png,5,False,554.4395716502686,93.22477205949605,20,#0000ff,Quadrant 2,1,2,46,,#0000ff,,276.02012471080496,5
image_41.png,5,False,510.0266916073152,104.2647406186291,20,#ff0000,Quadrant 2,1,2,46,,#ff0000,,29.258975951309637,5
image_41.png,5,False,208.795747441387,116.44816350252222,20,#0000ff,Quadrant 1,1,1,46,,#0000ff,,136.55176441467572,5
image_41.png,2,False,140.7010055404812,344.98892284413364,20,#0000ff,Quadrant 3,2,1,46,,#0000ff,,81.34573683663528,5
image_41.png,5,False,313.8832451572389,45.93175799531325,20,#0000ff,Quadrant 1,1,1,46,,#0000ff,,93.36747237385015,5
image_41.png,5,False,156.1466671652915,276.42686247823076,20,#0000ff,Quadrant 3,2,1,46,,#0000ff,,193.6615622396474,5
image_41.png,5,False,156.18744864992306,93.50035970498722,20,#ff0000,Quadrant 1,1,1,46,,#ff0000,,184.7780838491562,5
image_41.png,5,False,367.2335455163633,249.56096525839598,20,#ff0000,Quadrant 4,2,2,46,,#ff0000,,331.89097554614654,5
image_41.png,2,False,233.5407691635401,224.1048427585515,20,#0000ff,Quadrant 3,2,1,46,,#0000ff,,168.20887395184837,5
image_41.png,5,False,444.70626282148936,339.6064004047744,20,#0000ff,Quadrant 4,2,2,46,,#0000ff,,252.46378211424252,5
image_41.png,5,False,387.7301154379899,295.27307693825276,20,#0000ff,Quadrant 4,2,2,46,,#0000ff,,58.58843153761953,5
image_41.png,5,False,489.50942371557113,287.30093657186666,20,#ff0000,Quadrant 4,2,2,46,,#ff0000,,213.68691062441073,5
image_41.png,5,False,268.1449822563602,138.71798251872335,20,#0000ff,Quadrant 1,1,1,46,,#0000ff,,90.92691704939365,5
image_41.png,2,False,196.5897162802037,229.2904614469673,20,#0000ff,Quadrant 3,2,1,46,,#0000ff,,153.32192241151688,5
image_41.png,2,False,676.0473360022016,367.3959134675883,20,#0000ff,Quadrant 4,2,2,46,,#0000ff,,319.1742886220396,5
image_41.png,2,False,48.068267781689855,45.17068939585531,20,#0000ff,Quadrant 1,1,1,46,,#0000ff,,283.8849912998735,5
image_41.png,2,False,124.92069383967625,11.318733177736782,20,#0000ff,Quadrant 1,1,1,46,,#0000ff,,165.1368670356109,5
image_42.png,2,True,601.998153515822,176.0154773599139,20,#FF0000,Quadrant 2,1,2,10,240,#FF0000,0,66.45371649433736,3
image_42.png,5,False,117.2010385004256,220.92163140820452,20,#ff0000,Quadrant 3,2,1,10,,#ff0000,,260.68837946730633,3
image_42.png,5,False,248.50647377848907,188.96266250189683,20,#ff0000,Quadrant 1,1,1,10,,#ff0000,,171.84387219964512,3
image_42.png,5,False,471.55298994678924,325.24916302559484,20,#ff0000,Quadrant 4,2,2,10,,#ff0000,,328.61989654623073,3
image_42.png,5,False,655.3957921713561,162.15598535755606,20,#0000ff,Quadrant 2,1,2,10,,#0000ff,,114.6084114513989,3
image_42.png,5,False,514.226382116073,171.49594224723347,20,#ff0000,Quadrant 2,1,2,10,,#ff0000,,295.1247874119122,3
image_42.png,5,False,472.54503103461604,377.7453018849354,20,#0000ff,Quadrant 4,2,2,10,,#0000ff,,124.87218659960745,3
image_42.png,5,False,578.2110797323031,241.79414594535774,20,#ff0000,Quadrant 4,2,2,10,,#ff0000,,122.34634235891797,3
image_42.png,2,False,106.13705130268133,82.05286759678803,20,#0000ff,Quadrant 1,1,1,10,,#0000ff,,232.40781666954194,3
image_42.png,5,False,244.9752057613569,258.2289854138568,20,#ff0000,Quadrant 3,2,1,10,,#ff0000,,156.7442261682907,3
image_42.png,2,False,277.51589033203607,321.44195540015755,20,#0000ff,Quadrant 3,2,1,10,,#0000ff,,102.5870847105469,3
image_43.png,2,True,481.13210596481827,326.33988312058705,20,#FF0000,Quadrant 4,2,2,22,240,#FF0000,0,58.875435764773236,4
image_43.png,2,False,67.93928496980405,270.33280423991016,20,#0000ff,Quadrant 3,2,1,22,,#0000ff,,167.37217284919632,4
image_43.png,5,False,19.42267303056208,131.5917441745366,20,#0000ff,Quadrant 1,1,1,22,,#0000ff,,289.2780924624921,4
image_43.png,5,False,461.480075690043,264.33368235710174,20,#ff0000,Quadrant 4,2,2,22,,#ff0000,,4.171917252318367,4
image_43.png,5,False,189.20919494541573,250.69629384452313,20,#0000ff,Quadrant 3,2,1,22,,#0000ff,,109.0636246874424,4
image_43.png,5,False,686.7260759560828,211.98699566075857,20,#ff0000,Quadrant 4,2,2,22,,#ff0000,,282.7781005530226,4
image_43.png,5,False,243.27271022134002,364.1189347763319,20,#ff0000,Quadrant 3,2,1,22,,#ff0000,,54.139399249139586,4
image_43.png,5,False,434.4043596560971,340.6935632376818,20,#ff0000,Quadrant 4,2,2,22,,#ff0000,,185.36266336307403,4
image_43.png,5,False,38.45282383821116,339.0649590125448,20,#0000ff,Quadrant 3,2,1,22,,#0000ff,,167.31474266511964,4
image_43.png,5,False,423.9371470281562,150.59404620065936,20,#0000ff,Quadrant 2,1,2,22,,#0000ff,,18.02646398618618,4
image_43.png,5,False,539.3484544709897,19.89447068541446,20,#ff0000,Quadrant 2,1,2,22,,#ff0000,,242.99866129913926,4
image_43.png,5,False,298.3545010765685,179.87911628716515,20,#ff0000,Quadrant 1,1,1,22,,#ff0000,,105.56628680585868,4
image_43.png,5,False,257.14144818694945,24.839468574669223,20,#ff0000,Quadrant 1,1,1,22,,#ff0000,,214.48040604744838,4
image_43.png,2,False,379.6048029896655,58.64864925090699,20,#0000ff,Quadrant 2,1,2,22,,#0000ff,,63.08411322725466,4
image_43.png,2,False,200.2657048551078,378.36034908246745,20,#0000ff,Quadrant 3,2,1,22,,#0000ff,,155.19619674517216,4
image_43.png,5,False,510.7999592816009,138.67809623906408,20,#0000ff,Quadrant 2,1,2,22,,#0000ff,,184.5476209588046,4
image_43.png,2,False,137.72801250068292,293.27793774822595,20,#0000ff,Quadrant 3,2,1,22,,#0000ff,,144.26625168366766,4
image_43.png,5,False,557.8212635892813,226.79835628456493,20,#ff0000,Quadrant 4,2,2,22,,#ff0000,,347.45761813158657,4
image_43.png,2,False,44.644710427886714,227.72101411792005,20,#0000ff,Quadrant 3,2,1,22,,#0000ff,,249.93256991821136,4
image_43.png,2,False,485.6268021483338,81.19969243296039,20,#0000ff,Quadrant 2,1,2,22,,#0000ff,,98.92323128039482,4
image_43.png,5,False,478.28548352647357,114.07281450859678,20,#ff0000,Quadrant 2,1,2,22,,#ff0000,,327.5087075326871,4
image_43.png,5,False,296.46981464937033,60.05190449850671,20,#0000ff,Quadrant 1,1,1,22,,#0000ff,,6.738821577565397,4
image_43.png,2,False,683.3934618116634,131.26425119282175,20,#0000ff,Quadrant 2,1,2,22,,#0000ff,,215.66860232124446,4
image_44.png,2,True,512.7049755721625,241.32150622156664,20,#FF0000,Quadrant 4,2,2,5,240,#FF0000,0,220.09906041338496,2
image_44.png,5,False,300.9069377359626,235.9972275217493,20,#0000ff,Quadrant 3,2,1,5,,#0000ff,,165.83189496136526,2
image_44.png,5,False,19.658817800082595,139.7452796461059,20,#0000ff,Quadrant 1,1,1,5,,#0000ff,,334.7541704830271,2
image_44.png,2,False,599.65127639943,199.61241589204172,20,#0000ff,Quadrant 2,1,2,5,,#0000ff,,54.640305685260266,2
image_44.png,2,False,33.23162537978037,333.1662541624637,20,#0000ff,Quadrant 3,2,1,5,,#0000ff,,92.04933483196615,2
image_44.png,5,False,248.9111435581027,89.45435427686658,20,#0000ff,Quadrant 1,1,1,5,,#0000ff,,202.07726504341505,2
image_45.png,2,True,333.0248934952168,69.9303882136799,20,#FF0000,Quadrant 1,1,1,14,240,#FF0000,0,162.53970625117785,3
image_45.png,5,False,441.11867936157114,224.52934110998092,20,#ff0000,Quadrant 4,2,2,14,,#ff0000,,210.57727977651615,3
image_45.png,2,False,206.59861223687827,292.2516631447233,20,#0000ff,Quadrant 3,2,1,14,,#0000ff,,270.4998268962543,3
image_45.png,5,False,101.7395012433638,240.49201880882393,20,#ff0000,Quadrant 3,2,1,14,,#ff0000,,331.6234611983104,3
image_45.png,2,False,87.22597616347156,120.37391298651156,20,#0000ff,Quadrant 1,1,1,14,,#0000ff,,76.06986162936036,3
image_45.png,5,False,253.5449634614032,93.31048330718306,20,#0000ff,Quadrant 1,1,1,14,,#0000ff,,198.02532812256982,3
image_45.png,5,False,445.25992977459066,262.0806703898197,20,#0000ff,Quadrant 4,2,2,14,,#0000ff,,277.3798818196571,3
image_45.png,5,False,289.33255236551224,297.0810538929661,20,#0000ff,Quadrant 3,2,1,14,,#0000ff,,81.0357164536444,3
image_45.png,2,False,612.7325670077261,162.2205481158059,20,#0000ff,Quadrant 2,1,2,14,,#0000ff,,56.508409176824955,3
image_45.png,2,False,299.07083273870086,169.105900370263,20,#0000ff,Quadrant 1,1,1,14,,#0000ff,,208.85681834159436,3
image_45.png,5,False,26.653746134811193,238.30749818658614,20,#ff0000,Quadrant 3,2,1,14,,#ff0000,,342.66458908696865,3
image_45.png,5,False,122.19031955601844,150.5063135424012,20,#ff0000,Quadrant 1,1,1,14,,#ff0000,,306.11124492253686,3
image_45.png,2,False,212.86453988891859,349.10045870897414,20,#0000ff,Quadrant 3,2,1,14,,#0000ff,,116.18071263845277,3
image_45.png,5,False,482.0493820580732,178.7009080954763,20,#ff0000,Quadrant 2,1,2,14,,#ff0000,,165.309453369803,3
image_45.png,5,False,588.296185487789,340.6483034776069,20,#ff0000,Quadrant 4,2,2,14,,#ff0000,,289.32731045367154,3
image_46.png,2,True,290.97288149897906,207.47212079399867,20,#FF0000,Quadrant 3,2,1,1,240,#FF0000,0,245.52849504108767,1
image_46.png,5,False,276.4824416002773,306.9901526992013,20,#ff0000,Quadrant 3,2,1,1,,#ff0000,,169.27532099471114,1
image_47.png,2,True,313.1410520618886,323.89094864159824,20,#FF0000,Quadrant 3,2,1,99,240,#FF0000,0,257.3151174823883,6
image_47.png,2,False,570.2353893257331,324.1003253671181,20,#0000ff,Quadrant 4,2,2,99,,#0000ff,,21.523057114084814,6
image_47.png,5,False,649.9716419388699,248.86337831288625,20,#0000ff,Quadrant 4,2,2,99,,#0000ff,,143.79459781933474,6
image_47.png,5,False,82.396254789701,331.1926047744204,20,#0000ff,Quadrant 3,2,1,99,,#0000ff,,283.4724706758593,6
image_47.png,5,False,108.80361890822266,102.87995771109362,20,#ff0000,Quadrant 1,1,1,99,,#ff0000,,236.35331960276113,6
image_47.png,5,False,238.38769706608727,273.224669620382,20,#0000ff,Quadrant 3,2,1,99,,#0000ff,,95.22277351442911,6
image_47.png,5,False,532.5596179376519,140.44341700986325,20,#0000ff,Quadrant 2,1,2,99,,#0000ff,,270.90089029149885,6
image_47.png,2,False,492.9979922451682,225.79138974892356,20,#0000ff,Quadrant 4,2,2,99,,#0000ff,,283.4546214501218,6
image_47.png,5,False,617.4375392237039,224.01790575019837,20,#0000ff,Quadrant 4,2,2,99,,#0000ff,,9.338575300334035,6
image_47.png,5,False,120.07038492786812,250.61215119952135,20,#0000ff,Quadrant 3,2,1,99,,#0000ff,,340.125087929526,6
image_47.png,5,False,117.41004722142326,315.36509055451444,20,#0000ff,Quadrant 3,2,1,99,,#0000ff,,242.38033701596157,6
image_47.png,5,False,168.03552200865172,332.6474392265696,20,#ff0000,Quadrant 3,2,1,99,,#ff0000,,92.63007394399074,6
image_47.png,5,False,189.7411878325602,283.5906810033888,20,#0000ff,Quadrant 3,2,1,99,,#0000ff,,210.32451871293793,6
image_47.png,2,False,128.41257698078363,141.11271912884618,20,#0000ff,Quadrant 1,1,1,99,,#0000ff,,222.64559689165233,6
image_47.png,2,False,271.4273526315881,361.0591100709357,20,#0000ff,Quadrant 3,2,1,99,,#0000ff,,188.40147089042162,6
image_47.png,2,False,629.1250548938815,16.37992120374393,20,#0000ff,Quadrant 2,1,2,99,,#0000ff,,63.13944827198558,6
image_47.png,5,False,153.22975990585667,67.73346091213283,20,#0000ff,Quadrant 1,1,1,99,,#0000ff,,80.93706333153679,6
image_47.png,5,False,639.8520263434991,353.5821663931898,20,#ff0000,Quadrant 4,2,2,99,,#ff0000,,165.3558162226295,6
image_47.png,2,False,79.10077394505942,135.5567006007093,20,#0000ff,Quadrant 1,1,1,99,,#0000ff,,143.45684040713851,6
image_47.png,5,False,379.4454183601683,291.1954815183699,20,#ff0000,Quadrant 4,2,2,99,,#ff0000,,199.1824131175594,6
image_47.png,5,False,560.3189362471644,80.05480059017412,20,#ff0000,Quadrant 2,1,2,99,,#ff0000,,88.08920839567439,6
image_47.png,5,False,430.6958811142365,219.6467974549989,20,#ff0000,Quadrant 4,2,2,99,,#ff0000,,14.483805243491323,6
image_47.png,2,False,338.9886696637124,48.75309347372813,20,#0000ff,Quadrant 1,1,1,99,,#0000ff,,159.0833055229413,6
image_47.png,2,False,17.61610632241242,173.4476354830755,20,#0000ff,Quadrant 1,1,1,99,,#0000ff,,107.98594567893844,6
image_47.png,5,False,145.21634874327452,315.5794967860319,20,#ff0000,Quadrant 3,2,1,99,,#ff0000,,279.862511093511,6
image_47.png,2,False,291.5393512124792,113.3409304932113,20,#0000ff,Quadrant 1,1,1,99,,#0000ff,,90.62919997901983,6
image_47.png,5,False,365.2839619406139,370.64269362327235,20,#0000ff,Quadrant 4,2,2,99,,#0000ff,,182.62547354385757,6
image_47.png,5,False,182.57615943288081,115.05899572539688,20,#0000ff,Quadrant 1,1,1,99,,#0000ff,,312.2139480083317,6
image_47.png,2,False,532.305823688099,79.86414645839784,20,#0000ff,Quadrant 2,1,2,99,,#0000ff,,40.12922102065708,6
image_47.png,5,False,362.0785237638567,198.40783649432262,20,#0000ff,Quadrant 2,1,2,99,,#0000ff,,321.61219232356234,6
image_47.png,2,False,604.9385949251327,140.43919067919074,20,#0000ff,Quadrant 2,1,2,99,,#0000ff,,34.044471480744456,6
image_47.png,2,False,231.49092812138596,211.49101846195006,20,#0000ff,Quadrant 3,2,1,99,,#0000ff,,180.64068131102752,6
image_47.png,5,False,155.89113725293277,264.97337483195895,20,#ff0000,Quadrant 3,2,1,99,,#ff0000,,333.9185391323984,6
image_47.png,5,False,284.0093509809961,75.93181637071858,20,#0000ff,Quadrant 1,1,1,99,,#0000ff,,69.08546385096798,6
image_47.png,5,False,336.19537334705404,334.6577889577892,20,#0000ff,Quadrant 3,2,1,99,,#0000ff,,335.8236763971146,6
image_47.png,5,False,240.9345714651267,144.7868900258051,20,#0000ff,Quadrant 1,1,1,99,,#0000ff,,52.19514988544327,6
image_47.png,2,False,292.65477676420386,255.10964581690834,20,#0000ff,Quadrant 3,2,1,99,,#0000ff,,19.910673117077216,6
image_47.png,2,False,24.421460643181803,277.240107867394,20,#0000ff,Quadrant 3,2,1,99,,#0000ff,,276.13749577637486,6
image_47.png,5,False,268.3244036385031,132.6577106684027,20,#0000ff,Quadrant 1,1,1,99,,#0000ff,,106.12688049464393,6
image_47.png,5,False,520.1826847972163,312.44540517972695,20,#0000ff,Quadrant 4,2,2,99,,#0000ff,,200.90454043142506,6
image_47.png,5,False,663.2818951956477,306.3041627351946,20,#0000ff,Quadrant 4,2,2,99,,#0000ff,,342.73633174306104,6
image_47.png,2,False,690.9942171873124,232.55122984764847,20,#0000ff,Quadrant 4,2,2,99,,#0000ff,,89.94460508861644,6
image_47.png,5,False,405.6131526872304,299.33354675576925,20,#0000ff,Quadrant 4,2,2,99,,#0000ff,,88.28160075860588,6
image_47.png,5,False,328.49374259679325,136.87857306909856,20,#0000ff,Quadrant 1,1,1,99,,#0000ff,,168.59750361714973,6
image_47.png,5,False,653.6173797096483,64.02203581522392,20,#0000ff,Quadrant 2,1,2,99,,#0000ff,,217.30208090807568,6
image_47.png,5,False,312.23556545381194,23.12775868773429,20,#0000ff,Quadrant 1,1,1,99,,#0000ff,,5.83245697362162,6
image_47.png,2,False,240.9555206007032,36.367382881164374,20,#0000ff,Quadrant 1,1,1,99,,#0000ff,,101.75271188418246,6
image_47.png,5,False,695.1423609519113,295.22097798902973,20,#0000ff,Quadrant 4,2,2,99,,#0000ff,,219.61133386241374,6
image_47.png,2,False,623.7661360404824,386.86417862264835,20,#0000ff,Quadrant 4,2,2,99,,#0000ff,,167.65745969462313,6
image_47.png,5,False,457.3616658920733,139.44807383142256,20,#ff0000,Quadrant 2,1,2,99,,#ff0000,,26.289283226449577,6
image_47.png,5,False,213.43769955171547,246.75472439131255,20,#ff0000,Quadrant 3,2,1,99,,#ff0000,,144.52778463740364,6
image_47.png,2,False,233.1227885432996,67.88707981889257,20,#0000ff,Quadrant 1,1,1,99,,#0000ff,,3.07364583822173,6
image_47.png,5,False,461.33915070788476,86.72532669479187,20,#ff0000,Quadrant 2,1,2,99,,#ff0000,,191.65113899701234,6
image_47.png,5,False,228.26667572343894,97.97925729145959,20,#ff0000,Quadrant 1,1,1,99,,#ff0000,,117.88597727865111,6
image_47.png,2,False,197.77270073832884,364.92225670601414,20,#0000ff,Quadrant 3,2,1,99,,#0000ff,,152.74210987062233,6
image_47.png,2,False,608.7300907937906,333.8831065124797,20,#0000ff,Quadrant 4,2,2,99,,#0000ff,,9.15259957181576,6
image_47.png,5,False,313.1587825792564,86.08506303823734,20,#ff0000,Quadrant 1,1,1,99,,#ff0000,,17.717145091686067,6
image_47.png,5,False,131.64168406366247,356.22105369417915,20,#0000ff,Quadrant 3,2,1,99,,#0000ff,,33.42665425634206,6
image_47.png,5,False,21.920670341342614,375.48062811674697,20,#ff0000,Quadrant 3,2,1,99,,#ff0000,,315.3390539414445,6
image_47.png,2,False,182.55970588475407,224.4109559320327,20,#0000ff,Quadrant 3,2,1,99,,#0000ff,,50.66489476762213,6
image_47.png,5,False,53.1540261416501,314.29974312569254,20,#0000ff,Quadrant 3,2,1,99,,#0000ff,,274.423622593557,6
image_47.png,2,False,578.2197355293152,169.47239861767554,20,#0000ff,Quadrant 2,1,2,99,,#0000ff,,222.31981180128074,6
image_47.png,5,False,86.3707958306195,72.37726403275494,20,#ff0000,Quadrant 1,1,1,99,,#ff0000,,316.4678681864114,6
image_47.png,5,False,441.84030394348395,354.59476231082266,20,#0000ff,Quadrant 4,2,2,99,,#0000ff,,110.18333424117823,6
image_47.png,5,False,28.79689267620463,21.77182458321844,20,#ff0000,Quadrant 1,1,1,99,,#ff0000,,10.252145245498445,6
image_47.png,5,False,110.45081982355197,165.093328472799,20,#ff0000,Quadrant 1,1,1,99,,#ff0000,,264.58230222709585,6
image_47.png,2,False,21.292599903279168,350.137326688919,20,#0000ff,Quadrant 3,2,1,99,,#0000ff,,56.94212821156894,6
image_47.png,5,False,88.45089638572364,190.81058182981457,20,#0000ff,Quadrant 1,1,1,99,,#0000ff,,355.74894297031506,6
image_47.png,5,False,426.6537848166667,251.7312796583233,20,#0000ff,Quadrant 4,2,2,99,,#0000ff,,48.38594249255687,6
image_47.png,2,False,83.50223659796706,96.51244655812923,20,#0000ff,Quadrant 1,1,1,99,,#0000ff,,319.2904524609837,6
image_47.png,5,False,682.0561971919296,263.63870536771867,20,#ff0000,Quadrant 4,2,2,99,,#ff0000,,118.30527317349437,6
image_47.png,2,False,558.2002559702876,381.2625739638596,20,#0000ff,Quadrant 4,2,2,99,,#0000ff,,227.47688067917997,6
image_47.png,5,False,405.1677588243404,193.8933572039247,20,#ff0000,Quadrant 2,1,2,99,,#ff0000,,116.1116561607756,6
image_47.png,5,False,573.905757701898,229.18215989573514,20,#ff0000,Quadrant 4,2,2,99,,#ff0000,,226.3366516905226,6
image_47.png,5,False,192.07239622705373,177.2682129482599,20,#0000ff,Quadrant 1,1,1,99,,#0000ff,,163.14969408268124,6
image_47.png,5,False,625.950995544896,107.49751215347327,20,#0000ff,Quadrant 2,1,2,99,,#0000ff,,121.41165285413602,6
image_47.png,2,False,93.87136572800742,280.3988441659486,20,#0000ff,Quadrant 3,2,1,99,,#0000ff,,298.82806360728523,6
image_47.png,5,False,311.5170701162717,383.0698223795696,20,#ff0000,Quadrant 3,2,1,99,,#ff0000,,110.53094597848755,6
image_47.png,2,False,479.9157385964657,304.294494497179,20,#0000ff,Quadrant 4,2,2,99,,#0000ff,,51.01503299478151,6
image_47.png,2,False,548.3770705578502,223.76977532395796,20,#0000ff,Quadrant 4,2,2,99,,#0000ff,,189.20688790334066,6
image_47.png,2,False,488.9556810900245,387.9320925822026,20,#0000ff,Quadrant 4,2,2,99,,#0000ff,,194.20459332281703,6
image_47.png,5,False,479.79346466155994,250.99497443266338,20,#ff0000,Quadrant 4,2,2,99,,#ff0000,,57.14992699064094,6
image_47.png,5,False,671.7901108171184,369.68386289127125,20,#0000ff,Quadrant 4,2,2,99,,#0000ff,,100.23169679647967,6
image_47.png,5,False,657.380754416401,11.133665549017804,20,#0000ff,Quadrant 2,1,2,99,,#0000ff,,49.0031559747245,6
image_47.png,5,False,516.3542779567674,235.526304070698,20,#ff0000,Quadrant 4,2,2,99,,#ff0000,,75.15172788723389,6
image_47.png,2,False,577.6620221317878,300.0161277163916,20,#0000ff,Quadrant 4,2,2,99,,#0000ff,,51.76496426117094,6
image_47.png,5,False,82.00156405588062,388.094806005098,20,#ff0000,Quadrant 3,2,1,99,,#ff0000,,80.86802920864635,6
image_47.png,5,False,469.12341078916495,327.2760462850663,20,#0000ff,Quadrant 4,2,2,99,,#0000ff,,312.97006358196995,6
image_47.png,5,False,610.701095264349,263.3365587638167,20,#0000ff,Quadrant 4,2,2,99,,#0000ff,,218.3860199662152,6
image_47.png,5,False,505.9011216001915,26.068940768249938,20,#0000ff,Quadrant 2,1,2,99,,#0000ff,,293.50207434407054,6
image_47.png,2,False,481.59506013281833,144.19905415187085,20,#0000ff,Quadrant 2,1,2,99,,#0000ff,,129.09201573291892,6
image_47.png,5,False,43.93358874014793,184.2013284583499,20,#ff0000,Quadrant 1,1,1,99,,#ff0000,,160.56251616876963,6
image_47.png,2,False,435.70147883775644,290.66682531199484,20,#0000ff,Quadrant 4,2,2,99,,#0000ff,,120.15477602667875,6
image_47.png,5,False,671.9634427810181,133.00319586709537,20,#0000ff,Quadrant 2,1,2,99,,#0000ff,,271.71750468997845,6
image_47.png,5,False,381.8572534887394,161.4331258370133,20,#0000ff,Quadrant 2,1,2,99,,#0000ff,,272.43740798213815,6
image_47.png,5,False,585.107847742062,382.6731473861084,20,#ff0000,Quadrant 4,2,2,99,,#ff0000,,178.01745385534088,6
image_47.png,5,False,390.7948200768136,225.73639524479495,20,#ff0000,Quadrant 4,2,2,99,,#ff0000,,149.2293027063909,6
image_47.png,2,False,455.3815474048531,220.4395281401821,20,#0000ff,Quadrant 4,2,2,99,,#0000ff,,258.32323292472967,6
image_47.png,2,False,55.54919822312887,387.4080899861974,20,#0000ff,Quadrant 3,2,1,99,,#0000ff,,212.78265444208927,6
image_47.png,5,False,50.64903240080835,142.39397221926447,20,#ff0000,Quadrant 1,1,1,99,,#ff0000,,201.23857493773048,6
image_48.png,2,True,663.7249265663954,286.09346953350376,20,#FF0000,Quadrant 4,2,2,82,240,#FF0000,0,205.11130549553292,6
image_48.png,2,False,349.1679634663603,277.1943358103189,20,#0000ff,Quadrant 3,2,1,82,,#0000ff,,256.9003878175159,6
image_48.png,5,False,322.5049773862184,214.5135748203386,20,#0000ff,Quadrant 3,2,1,82,,#0000ff,,77.47349022513848,6
image_48.png,5,False,561.1088619719627,203.0069644278975,20,#ff0000,Quadrant 4,2,2,82,,#ff0000,,83.72316572925932,6
image_48.png,5,False,686.3430243688126,232.8377901827197,20,#ff0000,Quadrant 4,2,2,82,,#ff0000,,275.8680900503735,6
image_48.png,5,False,59.92822956251328,35.05166262577328,20,#ff0000,Quadrant 1,1,1,82,,#ff0000,,278.86353129034774,6
image_48.png,2,False,182.42287789337155,238.376627255019,20,#0000ff,Quadrant 3,2,1,82,,#0000ff,,263.72028134810046,6
image_48.png,5,False,239.6033875971574,46.59301982554506,20,#0000ff,Quadrant 1,1,1,82,,#0000ff,,262.320162676424,6
image_48.png,5,False,273.70929863922277,190.32605849472128,20,#ff0000,Quadrant 1,1,1,82,,#ff0000,,289.76902147178873,6
image_48.png,5,False,255.70313991037116,278.3453956147761,20,#0000ff,Quadrant 3,2,1,82,,#0000ff,,34.5107879640932,6
image_48.png,5,False,190.48833600866584,86.8295571481436,20,#ff0000,Quadrant 1,1,1,82,,#ff0000,,32.66441662940306,6
image_48.png,2,False,529.0008015169591,209.0218294816929,20,#0000ff,Quadrant 4,2,2,82,,#0000ff,,122.2992614106975,6
image_48.png,5,False,12.191211759449704,383.3786559999565,20,#0000ff,Quadrant 3,2,1,82,,#0000ff,,34.37651619810401,6
image_48.png,5,False,562.226301257647,225.73373205178868,20,#ff0000,Quadrant 4,2,2,82,,#ff0000,,110.25499917533455,6
image_48.png,5,False,140.86416384977045,245.6897660517701,20,#ff0000,Quadrant 3,2,1,82,,#ff0000,,344.05621247039335,6
image_48.png,2,False,639.791479949418,237.69351939436507,20,#0000ff,Quadrant 4,2,2,82,,#0000ff,,313.954954191634,6
image_48.png,2,False,617.093969739204,78.09198030658257,20,#0000ff,Quadrant 2,1,2,82,,#0000ff,,254.29232377223892,6
image_48.png,2,False,37.71547978681997,214.20896224492992,20,#0000ff,Quadrant 3,2,1,82,,#0000ff,,10.923000156504944,6
image_48.png,5,False,85.25692219658355,269.1861156835968,20,#ff0000,Quadrant 3,2,1,82,,#ff0000,,336.61170411791755,6
image_48.png,5,False,698.1685729808287,358.7596749330755,20,#0000ff,Quadrant 4,2,2,82,,#0000ff,,217.26121318259044,6
image_48.png,2,False,661.4236482470254,263.7705202816917,20,#0000ff,Quadrant 4,2,2,82,,#0000ff,,282.2625538800419,6
image_48.png,5,False,108.4117689429371,374.02631043678014,20,#ff0000,Quadrant 3,2,1,82,,#ff0000,,88.63998153544712,6
image_48.png,5,False,104.34273571227669,299.6115471635736,20,#0000ff,Quadrant 3,2,1,82,,#0000ff,,101.72216084088319,6
image_48.png,5,False,344.54799282594,157.96967160425547,20,#0000ff,Quadrant 1,1,1,82,,#0000ff,,115.74521960356141,6
image_48.png,2,False,492.54323939960153,210.4139490739645,20,#0000ff,Quadrant 4,2,2,82,,#0000ff,,277.5033849944089,6
image_48.png,5,False,379.1272788589193,28.84445350943786,20,#0000ff,Quadrant 2,1,2,82,,#0000ff,,266.13253904330855,6
image_48.png,5,False,675.324920158976,30.820526476025815,20,#ff0000,Quadrant 2,1,2,82,,#ff0000,,67.76604389127803,6
image_48.png,5,False,480.3009038026419,27.904427872823728,20,#ff0000,Quadrant 2,1,2,82,,#ff0000,,183.14841012281636,6
image_48.png,5,False,452.2501666871364,16.894044198828972,20,#ff0000,Quadrant 2,1,2,82,,#ff0000,,74.42529891142486,6
image_48.png,2,False,91.15207649656482,120.78695390963001,20,#0000ff,Quadrant 1,1,1,82,,#0000ff,,324.11545163527296,6
image_48.png,5,False,691.1019055891928,323.4442958706956,20,#0000ff,Quadrant 4,2,2,82,,#0000ff,,354.38470738933074,6
image_48.png,5,False,500.3088033506213,351.98919305726866,20,#ff0000,Quadrant 4,2,2,82,,#ff0000,,244.94245890821742,6
image_48.png,5,False,461.1487514118889,356.3922766078147,20,#ff0000,Quadrant 4,2,2,82,,#ff0000,,338.49820521716157,6
image_48.png,2,False,295.9978592160626,116.11676635232374,20,#0000ff,Quadrant 1,1,1,82,,#0000ff,,149.71945298075505,6
image_48.png,2,False,18.186068376034882,272.7737467995814,20,#0000ff,Quadrant 3,2,1,82,,#0000ff,,91.23317402636009,6
image_48.png,5,False,380.9514569980191,74.26462591174376,20,#0000ff,Quadrant 2,1,2,82,,#0000ff,,23.940113380618975,6
image_48.png,5,False,208.35644273580328,334.38205927238573,20,#ff0000,Quadrant 3,2,1,82,,#ff0000,,102.5304424245181,6
image_48.png,5,False,283.09040201427473,345.7566619080457,20,#ff0000,Quadrant 3,2,1,82,,#ff0000,,273.95614328223655,6
image_48.png,5,False,696.9397812157421,188.26574151958437,20,#ff0000,Quadrant 2,1,2,82,,#ff0000,,45.76141079188286,6
image_48.png,2,False,109.3607498225153,236.66655806250753,20,#0000ff,Quadrant 3,2,1,82,,#0000ff,,157.71908213052657,6
image_48.png,5,False,20.79147559090038,68.72458023599796,20,#ff0000,Quadrant 1,1,1,82,,#ff0000,,15.752843057874468,6
image_48.png,5,False,212.0540576603612,35.05946578934085,20,#0000ff,Quadrant 1,1,1,82,,#0000ff,,55.115106261191244,6
image_48.png,5,False,314.52551062259676,329.81363051312695,20,#ff0000,Quadrant 3,2,1,82,,#ff0000,,9.111482453952963,6
image_48.png,2,False,632.147012841054,269.6716774726229,20,#0000ff,Quadrant 4,2,2,82,,#0000ff,,13.834807661586472,6
image_48.png,2,False,51.24968670042956,157.48530820434445,20,#0000ff,Quadrant 1,1,1,82,,#0000ff,,1.2315431429162338,6
image_48.png,5,False,455.2604154869297,117.77307436734864,20,#0000ff,Quadrant 2,1,2,82,,#0000ff,,337.39593718750086,6
image_48.png,5,False,174.75397429991602,196.43256422553964,20,#0000ff,Quadrant 1,1,1,82,,#0000ff,,327.68678895611305,6
image_48.png,2,False,449.68462668720014,192.1107933189215,20,#0000ff,Quadrant 2,1,2,82,,#0000ff,,352.84719761961617,6
image_48.png,2,False,618.6549306844039,150.1335201987781,20,#0000ff,Quadrant 2,1,2,82,,#0000ff,,359.69057301130846,6
image_48.png,2,False,110.20482042670486,184.85432229280772,20,#0000ff,Quadrant 1,1,1,82,,#0000ff,,289.962172418451,6
image_48.png,5,False,442.65843717140405,89.66214850568065,20,#0000ff,Quadrant 2,1,2,82,,#0000ff,,45.00871943271697,6
image_48.png,5,False,328.34068042298077,181.97386406206718,20,#0000ff,Quadrant 1,1,1,82,,#0000ff,,318.1038453458341,6
image_48.png,2,False,235.62156843723568,161.77779691157747,20,#0000ff,Quadrant 1,1,1,82,,#0000ff,,130.88169426924344,6
image_48.png,5,False,388.7136006669719,299.78314718161226,20,#0000ff,Quadrant 4,2,2,82,,#0000ff,,324.1275585205505,6
image_48.png,2,False,158.1109274004367,64.4233031850149,20,#0000ff,Quadrant 1,1,1,82,,#0000ff,,231.84001736703243,6
image_48.png,5,False,584.8597597070033,303.7903560020173,20,#ff0000,Quadrant 4,2,2,82,,#ff0000,,108.11529879036082,6
image_48.png,5,False,243.66369227406773,347.3915192279213,20,#0000ff,Quadrant 3,2,1,82,,#0000ff,,71.78750901061393,6
image_48.png,5,False,316.21345549391646,273.3205121609519,20,#ff0000,Quadrant 3,2,1,82,,#ff0000,,64.91348400378033,6
image_48.png,5,False,562.7765572688796,67.95827117165561,20,#0000ff,Quadrant 2,1,2,82,,#0000ff,,207.0248913874418,6
image_48.png,5,False,519.8028553422723,299.2704619617271,20,#0000ff,Quadrant 4,2,2,82,,#0000ff,,88.45145309337103,6
image_48.png,2,False,131.72519904845637,125.62490098451677,20,#0000ff,Quadrant 1,1,1,82,,#0000ff,,121.90347800625231,6
image_48.png,2,False,633.6159605818209,379.97514683641674,20,#0000ff,Quadrant 4,2,2,82,,#0000ff,,248.3869363760806,6
image_48.png,5,False,38.131680409815374,343.7276206016449,20,#0000ff,Quadrant 3,2,1,82,,#0000ff,,34.94481617243934,6
image_48.png,5,False,539.558146668586,232.57429075322986,20,#0000ff,Quadrant 4,2,2,82,,#0000ff,,171.67681620541856,6
image_48.png,5,False,136.28339547822415,348.92748033632205,20,#0000ff,Quadrant 3,2,1,82,,#0000ff,,210.56083355760342,6
image_48.png,2,False,642.6504009142209,52.94734638418994,20,#0000ff,Quadrant 2,1,2,82,,#0000ff,,243.85433719829965,6
image_48.png,5,False,557.2267061598365,308.3262024477234,20,#0000ff,Quadrant 4,2,2,82,,#0000ff,,105.24580669482754,6
image_48.png,5,False,309.3023241277768,26.29226905951061,20,#ff0000,Quadrant 1,1,1,82,,#ff0000,,161.61518453520097,6
image_48.png,5,False,564.3676152540037,333.67087784112135,20,#0000ff,Quadrant 4,2,2,82,,#0000ff,,120.82856842909604,6
image_48.png,2,False,628.2193897382834,19.696819323788716,20,#0000ff,Quadrant 2,1,2,82,,#0000ff,,310.13248937699836,6
image_48.png,5,False,405.0451685503416,100.56533453177947,20,#ff0000,Quadrant 2,1,2,82,,#ff0000,,23.385301049368117,6
image_48.png,2,False,83.91875632895086,57.10783334993499,20,#0000ff,Quadrant 1,1,1,82,,#0000ff,,283.0073878122695,6
image_48.png,2,False,171.58918966234415,29.899482689932945,20,#0000ff,Quadrant 1,1,1,82,,#0000ff,,284.9733827025917,6
image_48.png,2,False,375.7107685039042,190.9446734267045,20,#0000ff,Quadrant 2,1,2,82,,#0000ff,,115.34578252704905,6
image_48.png,5,False,384.43692197258827,378.689564806019,20,#ff0000,Quadrant 4,2,2,82,,#ff0000,,51.80139777171308,6
image_48.png,5,False,448.71958110505216,234.8925007742641,20,#0000ff,Quadrant 4,2,2,82,,#0000ff,,58.472487494949014,6
image_48.png,5,False,183.9044113089058,141.31891903279356,20,#0000ff,Quadrant 1,1,1,82,,#0000ff,,78.57296193799665,6
image_48.png,5,False,574.3977191100664,41.22170922745194,20,#ff0000,Quadrant 2,1,2,82,,#ff0000,,223.14433985973926,6
image_48.png,5,False,512.0056103957493,131.60618435142538,20,#0000ff,Quadrant 2,1,2,82,,#0000ff,,204.91240631399623,6
image_48.png,5,False,217.87030407034752,195.875058863263,20,#0000ff,Quadrant 1,1,1,82,,#0000ff,,133.35962131537627,6
image_48.png,5,False,329.070110771726,360.0625957323843,20,#0000ff,Quadrant 3,2,1,82,,#0000ff,,167.38013384335395,6
image_48.png,5,False,330.9664848711308,68.71487182160713,20,#0000ff,Quadrant 1,1,1,82,,#0000ff,,312.72563937062205,6
image_48.png,5,False,612.7462525894393,308.9642853418103,20,#ff0000,Quadrant 4,2,2,82,,#ff0000,,341.8682778538222,6
image_49.png,2,True,556.2574485182158,261.1498430686217,20,#FF0000,Quadrant 4,2,2,28,240,#FF0000,0,5.022059354016588,4
image_49.png,5,False,419.53370572495146,80.5178359748695,20,#0000ff,Quadrant 2,1,2,28,,#0000ff,,62.20078151206607,4
image_49.png,5,False,243.41018529425725,19.195293903260506,20,#ff0000,Quadrant 1,1,1,28,,#ff0000,,53.96393788993676,4
image_49.png,5,False,669.1298794171087,218.6462239247494,20,#0000ff,Quadrant 4,2,2,28,,#0000ff,,109.26796718478303,4
image_49.png,2,False,663.7109838854551,71.41220557850097,20,#0000ff,Quadrant 2,1,2,28,,#0000ff,,155.82824734329225,4
image_49.png,5,False,57.098288637271274,133.20078515169848,20,#0000ff,Quadrant 1,1,1,28,,#0000ff,,346.11818997684225,4
image_49.png,2,False,368.4275001880517,197.8195401412929,20,#0000ff,Quadrant 2,1,2,28,,#0000ff,,50.932006274572515,4
image_49.png,5,False,670.2742766307092,249.71025264227168,20,#0000ff,Quadrant 4,2,2,28,,#0000ff,,176.58247414729246,4
image_49.png,2,False,306.5792304978582,57.05831271757021,20,#0000ff,Quadrant 1,1,1,28,,#0000ff,,246.2607245344882,4
image_49.png,2,False,268.2413843729244,271.25848094097427,20,#0000ff,Quadrant 3,2,1,28,,#0000ff,,122.79500678861461,4
image_49.png,5,False,337.25737701723807,17.694299690392306,20,#0000ff,Quadrant 1,1,1,28,,#0000ff,,203.51796797927508,4
image_49.png,5,False,393.39207034395486,229.18908350216753,20,#ff0000,Quadrant 4,2,2,28,,#ff0000,,283.25020984553754,4
image_49.png,2,False,676.211517205408,306.44295651580165,20,#0000ff,Quadrant 4,2,2,28,,#0000ff,,324.66809247261153,4
image_49.png,2,False,624.5938080352897,129.48789828377255,20,#0000ff,Quadrant 2,1,2,28,,#0000ff,,202.7872873031416,4
image_49.png,5,False,440.6652210326511,41.73429867663265,20,#0000ff,Quadrant 2,1,2,28,,#0000ff,,270.0692362592218,4
image_49.png,5,False,624.8373847349167,373.22709786235197,20,#ff0000,Quadrant 4,2,2,28,,#ff0000,,216.93591955419623,4
image_49.png,5,False,546.6514872096643,310.1044369417389,20,#ff0000,Quadrant 4,2,2,28,,#ff0000,,161.81457296198255,4
image_49.png,5,False,546.8761416946771,190.076341384719,20,#0000ff,Quadrant 2,1,2,28,,#0000ff,,130.9616844743356,4
image_49.png,5,False,343.4791004816731,66.23343426162492,20,#0000ff,Quadrant 1,1,1,28,,#0000ff,,296.9412409025051,4
image_49.png,2,False,227.4619441679659,344.8547036403808,20,#0000ff,Quadrant 3,2,1,28,,#0000ff,,174.4911771618012,4
image_49.png,5,False,517.755973015783,84.68848490628471,20,#ff0000,Quadrant 2,1,2,28,,#ff0000,,264.0311704710324,4
image_49.png,2,False,302.44102341491845,320.4257100993468,20,#0000ff,Quadrant 3,2,1,28,,#0000ff,,284.6553496670962,4
image_49.png,5,False,110.25706484925169,20.557236514198966,20,#ff0000,Quadrant 1,1,1,28,,#ff0000,,93.95563657228954,4
image_49.png,5,False,545.5240671922024,386.3463459297893,20,#0000ff,Quadrant 4,2,2,28,,#0000ff,,132.7073938204215,4
image_49.png,2,False,420.15924996891584,297.69847237113777,20,#0000ff,Quadrant 4,2,2,28,,#0000ff,,199.89517045402698,4
image_49.png,5,False,147.2708946514014,240.27305420756383,20,#ff0000,Quadrant 3,2,1,28,,#ff0000,,164.13956507550031,4
image_49.png,5,False,265.1183542286434,130.17158045189112,20,#ff0000,Quadrant 1,1,1,28,,#ff0000,,198.92704406199263,4
image_49.png,5,False,456.32021079328825,160.5132498836771,20,#ff0000,Quadrant 2,1,2,28,,#ff0000,,226.40052196631922,4
image_49.png,2,False,234.245757115707,296.9537396498337,20,#0000ff,Quadrant 3,2,1,28,,#0000ff,,231.70355187242635,4
image_50.png,2,True,81.45246680226789,72.7582949054719,20,#FF0000,Quadrant 1,1,1,1,240,#FF0000,0,50.36811720255889,1
image_50.png,5,False,74.29113066166965,147.19980029416638,20,#0000ff,Quadrant 1,1,1,1,,#0000ff,,256.98736551854677,1
image_51.png,2,True,58.938227700456764,162.41163329818917,20,#FF0000,Quadrant 1,1,1,4,240,#FF0000,0,123.68631564308889,1
image_51.png,2,False,297.86716020266033,309.51744732025475,20,#0000ff,Quadrant 3,2,1,4,,#0000ff,,22.374162889156935,1
image_51.png,5,False,536.5444464681401,339.35539131287686,20,#ff0000,Quadrant 4,2,2,4,,#ff0000,,57.26176441825696,1
image_51.png,2,False,533.6256146304803,370.08715632330194,20,#0000ff,Quadrant 4,2,2,4,,#0000ff,,15.183315268459324,1
image_51.png,2,False,531.8585599888397,264.35941505145814,20,#0000ff,Quadrant 4,2,2,4,,#0000ff,,116.26209154359321,1
image_52.png,2,True,491.31894934842563,218.91174874968422,20,#FF0000,Quadrant 4,2,2,17,240,#FF0000,0,241.0711465575336,4
image_52.png,5,False,417.28170785909776,89.9402383324002,20,#ff0000,Quadrant 2,1,2,17,,#ff0000,,14.446807444429272,4
image_52.png,2,False,66.55230498098453,344.26254946849264,20,#0000ff,Quadrant 3,2,1,17,,#0000ff,,125.77735224855478,4
image_52.png,5,False,380.4624583055385,356.945850545637,20,#0000ff,Quadrant 4,2,2,17,,#0000ff,,76.60019915410955,4
image_52.png,2,False,362.9960608007105,71.42833561869595,20,#0000ff,Quadrant 2,1,2,17,,#0000ff,,200.25457899829897,4
image_52.png,2,False,236.34301956498976,109.4092186869313,20,#0000ff,Quadrant 1,1,1,17,,#0000ff,,120.41486673413272,4
image_52.png,5,False,317.9794320145283,376.8037445115481,20,#ff0000,Quadrant 3,2,1,17,,#ff0000,,162.59391732792773,4
image_52.png,5,False,39.703800774771445,315.1523384924516,20,#ff0000,Quadrant 3,2,1,17,,#ff0000,,66.53953344054264,4
image_52.png,5,False,574.5057416485424,147.4346855380293,20,#ff0000,Quadrant 2,1,2,17,,#ff0000,,319.19477532485826,4
image_52.png,5,False,663.3418060171612,157.8801109950869,20,#0000ff,Quadrant 2,1,2,17,,#0000ff,,74.28697183618974,4
image_52.png,2,False,207.60096578119084,384.0032935152589,20,#0000ff,Quadrant 3,2,1,17,,#0000ff,,201.89875226338603,4
image_52.png,2,False,220.07467261438637,155.17710616787394,20,#0000ff,Quadrant 1,1,1,17,,#0000ff,,334.8573938012377,4
image_52.png,5,False,142.45117164386653,170.95662029398952,20,#ff0000,Quadrant 1,1,1,17,,#ff0000,,77.51111084578902,4
image_52.png,5,False,461.34829521499444,123.4436324628272,20,#ff0000,Quadrant 2,1,2,17,,#ff0000,,100.79232506674029,4
image_52.png,2,False,651.8566418164762,346.42282312870765,20,#0000ff,Quadrant 4,2,2,17,,#0000ff,,94.58123568068409,4
image_52.png,5,False,88.57228254764999,284.9778133240004,20,#0000ff,Quadrant 3,2,1,17,,#0000ff,,62.84926418337116,4
image_52.png,2,False,495.28206593592404,192.33604858757025,20,#0000ff,Quadrant 2,1,2,17,,#0000ff,,97.22406065554335,4
image_52.png,5,False,31.599801082939184,199.0260588040969,20,#0000ff,Quadrant 1,1,1,17,,#0000ff,,244.08693563843522,4
image_53.png,2,True,41.339226934345874,34.81787270802346,20,#FF0000,Quadrant 1,1,1,5,240,#FF0000,0,207.63384702106507,2
image_53.png,5,False,204.48699402155202,117.4329334775595,20,#ff0000,Quadrant 1,1,1,5,,#ff0000,,277.03189876299575,2
image_53.png,5,False,27.820471156285084,113.80180278484278,20,#ff0000,Quadrant 1,1,1,5,,#ff0000,,288.6987660543799,2
image_53.png,5,False,41.400819181322206,223.89412420822944,20,#0000ff,Quadrant 3,2,1,5,,#0000ff,,358.5014837538123,2
image_53.png,5,False,504.0272640033556,291.6748148938815,20,#0000ff,Quadrant 4,2,2,5,,#0000ff,,285.1069581758046,2
image_53.png,2,False,264.06773882628534,321.2299681946308,20,#0000ff,Quadrant 3,2,1,5,,#0000ff,,31.829759890568752,2
image_54.png,2,True,383.5884734122778,132.22884803938638,20,#FF0000,Quadrant 2,1,2,88,240,#FF0000,0,261.4314970252563,6
image_54.png,5,False,291.4241338659847,230.32005715275207,20,#0000ff,Quadrant 3,2,1,88,,#0000ff,,230.15310648712207,6
image_54.png,5,False,539.6788560114632,66.8053443415313,20,#0000ff,Quadrant 2,1,2,88,,#0000ff,,354.06460497585954,6
image_54.png,5,False,455.72479292345423,181.39058545902262,20,#ff0000,Quadrant 2,1,2,88,,#ff0000,,332.89886719823426,6
image_54.png,2,False,383.20540760404265,325.5009484107203,20,#0000ff,Quadrant 4,2,2,88,,#0000ff,,215.56531729544665,6
image_54.png,2,False,299.67451058192665,53.290624740797895,20,#0000ff,Quadrant 1,1,1,88,,#0000ff,,29.427622381147835,6
image_54.png,2,False,468.93485120115963,73.25731798716527,20,#0000ff,Quadrant 2,1,2,88,,#0000ff,,336.421895609509,6
image_54.png,5,False,235.26074884271534,327.18520053649775,20,#0000ff,Quadrant 3,2,1,88,,#0000ff,,176.10479714044692,6
image_54.png,5,False,575.5396600115225,93.80899764681863,20,#0000ff,Quadrant 2,1,2,88,,#0000ff,,188.32356956959575,6
image_54.png,5,False,691.6979490170474,96.35800069643119,20,#ff0000,Quadrant 2,1,2,88,,#ff0000,,247.60833912017628,6
image_54.png,5,False,627.816468529677,82.18916808608408,20,#ff0000,Quadrant 2,1,2,88,,#ff0000,,300.3657407300131,6
image_54.png,5,False,489.8118635686204,126.87814101139459,20,#0000ff,Quadrant 2,1,2,88,,#0000ff,,329.7037305384457,6
image_54.png,5,False,384.41518213416106,47.50997121398234,20,#ff0000,Quadrant 2,1,2,88,,#ff0000,,297.0835041651714,6
image_54.png,2,False,581.2553992473389,268.2220131826778,20,#0000ff,Quadrant 4,2,2,88,,#0000ff,,74.5514636252603,6
image_54.png,5,False,92.95857091770445,368.1626024629205,20,#ff0000,Quadrant 3,2,1,88,,#ff0000,,162.93577002260503,6
image_54.png,2,False,217.84846421661857,157.5684842744337,20,#0000ff,Quadrant 1,1,1,88,,#0000ff,,251.21466528715123,6
image_54.png,2,False,417.2969587413509,191.85012525404247,20,#0000ff,Quadrant 2,1,2,88,,#0000ff,,154.26859693924186,6
image_54.png,5,False,355.49644929339246,143.86584992508023,20,#0000ff,Quadrant 1,1,1,88,,#0000ff,,351.72484614958233,6
image_54.png,5,False,438.3396581020804,143.69876027679612,20,#ff0000,Quadrant 2,1,2,88,,#ff0000,,247.8928110850222,6
image_54.png,2,False,674.3473313439782,297.92070135787804,20,#0000ff,Quadrant 4,2,2,88,,#0000ff,,136.7882261717451,6
image_54.png,2,False,74.42165031405285,103.7572382075885,20,#0000ff,Quadrant 1,1,1,88,,#0000ff,,90.77629712033706,6
image_54.png,5,False,243.45667917512267,239.1641017493016,20,#ff0000,Quadrant 3,2,1,88,,#ff0000,,136.7464017097562,6
image_54.png,5,False,391.7591529299753,277.127152763715,20,#ff0000,Quadrant 4,2,2,88,,#ff0000,,116.23410248408382,6
image_54.png,2,False,76.42314104059733,269.48538890875284,20,#0000ff,Quadrant 3,2,1,88,,#0000ff,,220.93821129067652,6
image_54.png,5,False,135.86972675570104,114.85215401288518,20,#ff0000,Quadrant 1,1,1,88,,#ff0000,,24.875859176711266,6
image_54.png,2,False,92.0736425524295,206.32633077826665,20,#0000ff,Quadrant 3,2,1,88,,#0000ff,,91.15354993073626,6
image_54.png,2,False,117.65457513437511,327.5275362211332,20,#0000ff,Quadrant 3,2,1,88,,#0000ff,,39.48284542002265,6
image_54.png,2,False,14.922132349403391,304.22976344401116,20,#0000ff,Quadrant 3,2,1,88,,#0000ff,,175.0490827087712,6
image_54.png,5,False,136.86500395043345,139.54661519217336,20,#ff0000,Quadrant 1,1,1,88,,#ff0000,,15.794883287098894,6
image_54.png,5,False,568.0003534692335,369.359551061732,20,#0000ff,Quadrant 4,2,2,88,,#0000ff,,256.9780614978068,6
image_54.png,5,False,492.556706363348,18.763214765329117,20,#ff0000,Quadrant 2,1,2,88,,#ff0000,,132.00323168904666,6
image_54.png,5,False,34.10689718398167,175.91804528722486,20,#ff0000,Quadrant 1,1,1,88,,#ff0000,,150.70485271898568,6
image_54.png,5,False,192.05237234228196,369.59424834890274,20,#0000ff,Quadrant 3,2,1,88,,#0000ff,,23.463122482653414,6
image_54.png,2,False,644.380096849701,353.7009387965054,20,#0000ff,Quadrant 4,2,2,88,,#0000ff,,144.47771029592218,6
image_54.png,5,False,387.13811667423926,221.68528323930892,20,#ff0000,Quadrant 4,2,2,88,,#ff0000,,237.55030809899685,6
image_54.png,2,False,463.16499835116053,231.04155317105858,20,#0000ff,Quadrant 4,2,2,88,,#0000ff,,349.5115349024485,6
image_54.png,2,False,17.102811224789217,343.785395791624,20,#0000ff,Quadrant 3,2,1,88,,#0000ff,,210.80622606714775,6
image_54.png,2,False,603.9435374288867,313.86316010896917,20,#0000ff,Quadrant 4,2,2,88,,#0000ff,,331.463396904792,6
image_54.png,2,False,158.5303954947247,76.17399318970848,20,#0000ff,Quadrant 1,1,1,88,,#0000ff,,172.17915722984347,6
image_54.png,2,False,691.292221486677,225.0075007101071,20,#0000ff,Quadrant 4,2,2,88,,#0000ff,,184.8184516754157,6
image_54.png,5,False,260.22681184867236,96.17929448913625,20,#0000ff,Quadrant 1,1,1,88,,#0000ff,,302.31754113155944,6
image_54.png,5,False,308.559142787488,340.11277864235865,20,#ff0000,Quadrant 3,2,1,88,,#ff0000,,21.482286087077394,6
image_54.png,5,False,511.55522762468013,152.25188430930234,20,#ff0000,Quadrant 2,1,2,88,,#ff0000,,69.33804990199319,6
image_54.png,5,False,98.7278554982173,243.43060315302478,20,#ff0000,Quadrant 3,2,1,88,,#ff0000,,269.49906234966846,6
image_54.png,2,False,370.1470999134739,198.91645705872392,20,#0000ff,Quadrant 2,1,2,88,,#0000ff,,86.88261759007264,6
image_54.png,5,False,331.04538701448564,315.97470343831645,20,#0000ff,Quadrant 3,2,1,88,,#0000ff,,141.5762434981767,6
image_54.png,5,False,428.0488538545628,358.505527365786,20,#0000ff,Quadrant 4,2,2,88,,#0000ff,,301.0768100075777,6
image_54.png,2,False,611.228587615645,271.23473859469664,20,#0000ff,Quadrant 4,2,2,88,,#0000ff,,138.99378711484647,6
image_54.png,2,False,487.39118797619966,379.63567396574456,20,#0000ff,Quadrant 4,2,2,88,,#0000ff,,121.34709233608518,6
image_54.png,2,False,234.34923895502791,101.49879175390033,20,#0000ff,Quadrant 1,1,1,88,,#0000ff,,333.6551416374139,6
image_54.png,2,False,303.03134947577644,260.1440066337388,20,#0000ff,Quadrant 3,2,1,88,,#0000ff,,95.00765364761486,6
image_54.png,5,False,483.63998544264206,280.37075207508576,20,#ff0000,Quadrant 4,2,2,88,,#ff0000,,68.38777815816712,6
image_54.png,5,False,411.82507883278754,76.55110042024901,20,#ff0000,Quadrant 2,1,2,88,,#ff0000,,287.2910306347054,6
image_54.png,2,False,555.2721229079596,324.88714170103253,20,#0000ff,Quadrant 4,2,2,88,,#0000ff,,74.06417709087764,6
image_54.png,5,False,280.83323256457254,282.0416680152707,20,#0000ff,Quadrant 3,2,1,88,,#0000ff,,134.99950445017348,6
image_54.png,5,False,428.5228085863785,106.45849243577021,20,#0000ff,Quadrant 2,1,2,88,,#0000ff,,52.682370332637845,6
image_54.png,5,False,141.17145306961177,364.09811526774246,20,#0000ff,Quadrant 3,2,1,88,,#0000ff,,1.1761461493127223,6
image_54.png,5,False,687.3069925806695,248.42661034376422,20,#ff0000,Quadrant 4,2,2,88,,#ff0000,,95.65243377057827,6
image_54.png,5,False,277.56355255659537,56.15012443674311,20,#ff0000,Quadrant 1,1,1,88,,#ff0000,,171.4925357504338,6
image_54.png,5,False,59.4229064144067,51.62049535907418,20,#ff0000,Quadrant 1,1,1,88,,#ff0000,,14.772461540869575,6
image_54.png,2,False,648.8402410070815,270.58177445824253,20,#0000ff,Quadrant 4,2,2,88,,#0000ff,,282.19342972726093,6
image_54.png,5,False,23.016554136813546,71.62960461128642,20,#0000ff,Quadrant 1,1,1,88,,#0000ff,,195.01605914433887,6
image_54.png,2,False,180.62694484344405,164.62003239637593,20,#0000ff,Quadrant 1,1,1,88,,#0000ff,,44.8427798930266,6
image_54.png,5,False,198.21735490362133,344.32278295242503,20,#0000ff,Quadrant 3,2,1,88,,#0000ff,,194.85526379510836,6
image_54.png,5,False,289.36034852052626,93.37691999056972,20,#0000ff,Quadrant 1,1,1,88,,#0000ff,,60.617394772955635,6
image_54.png,5,False,503.5893778523631,350.61508432983226,20,#0000ff,Quadrant 4,2,2,88,,#0000ff,,98.69103647437419,6
image_54.png,5,False,26.074845157052117,227.08616184055512,20,#0000ff,Quadrant 3,2,1,88,,#0000ff,,256.70508062866503,6
image_54.png,5,False,311.6050839942617,179.33381652588454,20,#ff0000,Quadrant 1,1,1,88,,#ff0000,,7.377883916681176,6
image_54.png,5,False,161.9852369067277,232.31695225695802,20,#0000ff,Quadrant 3,2,1,88,,#0000ff,,56.91535190250721,6
image_54.png,2,False,168.49174743139037,278.2855192139094,20,#0000ff,Quadrant 3,2,1,88,,#0000ff,,17.27226938199763,6
image_54.png,5,False,653.154954588377,182.27211427936768,20,#ff0000,Quadrant 2,1,2,88,,#ff0000,,28.53193006732606,6
image_54.png,2,False,369.6299909577568,98.62631010669635,20,#0000ff,Quadrant 2,1,2,88,,#0000ff,,112.17540487636899,6
image_54.png,5,False,547.7718691951638,220.19981130663444,20,#ff0000,Quadrant 4,2,2,88,,#ff0000,,192.22319695867162,6
image_54.png,2,False,653.2514220305519,103.85439295657991,20,#0000ff,Quadrant 2,1,2,88,,#0000ff,,54.97869873133777,6
image_54.png,5,False,203.42188913820078,103.90821188665097,20,#ff0000,Quadrant 1,1,1,88,,#ff0000,,206.5912211085609,6
image_54.png,5,False,332.50132744677563,255.69952995003652,20,#0000ff,Quadrant 3,2,1,88,,#0000ff,,319.9653711096814,6
image_54.png,5,False,633.9698255296987,155.61232228656792,20,#0000ff,Quadrant 2,1,2,88,,#0000ff,,41.593030226100005,6
image_54.png,2,False,527.9894299983996,181.07748427275217,20,#0000ff,Quadrant 2,1,2,88,,#0000ff,,279.02594081940737,6
image_54.png,5,False,331.4466085327499,157.1184885598986,20,#ff0000,Quadrant 1,1,1,88,,#ff0000,,19.122962997852554,6
image_54.png,5,False,255.43955082248087,204.7482485808979,20,#ff0000,Quadrant 3,2,1,88,,#ff0000,,215.36512781547287,6
image_54.png,5,False,609.4854066275303,192.2353173018369,20,#0000ff,Quadrant 2,1,2,88,,#0000ff,,336.2317844725302,6
image_54.png,2,False,161.68002649050004,207.972410025736,20,#0000ff,Quadrant 3,2,1,88,,#0000ff,,8.886063273418046,6
image_54.png,5,False,561.1741991736445,184.98998703910357,20,#0000ff,Quadrant 2,1,2,88,,#0000ff,,145.22833943556796,6
image_54.png,5,False,365.1264612891631,262.8689663602291,20,#0000ff,Quadrant 4,2,2,88,,#0000ff,,156.02694358609818,6
image_54.png,5,False,314.0645456088255,284.12145055910474,20,#ff0000,Quadrant 3,2,1,88,,#ff0000,,237.821854182613,6
image_54.png,5,False,641.4314275106362,46.225669452387876,20,#0000ff,Quadrant 2,1,2,88,,#0000ff,,51.196047025614625,6
image_54.png,5,False,39.863346638718546,125.50008990302207,20,#ff0000,Quadrant 1,1,1,88,,#ff0000,,141.98378621999558,6
image_54.png,5,False,580.060342896743,68.32235936353015,20,#ff0000,Quadrant 2,1,2,88,,#ff0000,,150.33205872632414,6
image_54.png,5,False,56.63127410096446,335.64176648974603,20,#0000ff,Quadrant 3,2,1,88,,#0000ff,,0.20411339975548337,6
image_55.png,2,True,687.0449183441781,360.5826344061438,20,#FF0000,Quadrant 4,2,2,2,240,#FF0000,0,168.59038151389544,1
image_55.png,5,False,66.09900639376343,184.7311742217744,20,#0000ff,Quadrant 1,1,1,2,,#0000ff,,177.65360386017952,1
image_55.png,5,False,669.4555460143451,108.55551110299245,20,#0000ff,Quadrant 2,1,2,2,,#0000ff,,306.2137792171051,1
image_56.png,2,True,586.5621131786157,233.93668200506454,20,#FF0000,Quadrant 4,2,2,42,240,#FF0000,0,240.39067004251942,5
image_56.png,2,False,566.4641936657047,305.19593042814034,20,#0000ff,Quadrant 4,2,2,42,,#0000ff,,245.73651537617488,5
image_56.png,5,False,237.09784740670534,203.33964034628167,20,#0000ff,Quadrant 3,2,1,42,,#0000ff,,174.02254773667357,5
image_56.png,5,False,418.6763700540064,314.0326959212243,20,#ff0000,Quadrant 4,2,2,42,,#ff0000,,18.46316533354043,5
image_56.png,5,False,393.4047031631899,330.2165375065364,20,#ff0000,Quadrant 4,2,2,42,,#ff0000,,296.6648379956924,5
image_56.png,5,False,491.4960078267916,202.20890233823147,20,#0000ff,Quadrant 4,2,2,42,,#0000ff,,333.37858762960883,5
image_56.png,2,False,239.2058491712007,41.666838568916916,20,#0000ff,Quadrant 1,1,1,42,,#0000ff,,150.94495090817085,5
image_56.png,2,False,467.7259294889486,303.9371635368149,20,#0000ff,Quadrant 4,2,2,42,,#0000ff,,341.45698498358985,5
image_56.png,2,False,308.7635522048,167.57625605806572,20,#0000ff,Quadrant 1,1,1,42,,#0000ff,,146.13289425836427,5
image_56.png,5,False,92.45799222005235,100.08791686523364,20,#0000ff,Quadrant 1,1,1,42,,#0000ff,,337.53384778899573,5
image_56.png,5,False,290.2638933386115,332.09212305301486,20,#ff0000,Quadrant 3,2,1,42,,#ff0000,,211.83236060328994,5
image_56.png,5,False,124.6122601224532,71.17457611886601,20,#0000ff,Quadrant 1,1,1,42,,#0000ff,,219.80618066810536,5
image_56.png,5,False,80.35462491634011,42.113277457367175,20,#0000ff,Quadrant 1,1,1,42,,#0000ff,,307.1514918642954,5
image_56.png,2,False,654.7838584212324,310.9767863710316,20,#0000ff,Quadrant 4,2,2,42,,#0000ff,,322.769270786892,5
image_56.png,5,False,102.9699939026718,382.839002198526,20,#0000ff,Quadrant 3,2,1,42,,#0000ff,,63.926305262494566,5
image_56.png,5,False,71.30141083043928,73.45375106862586,20,#0000ff,Quadrant 1,1,1,42,,#0000ff,,239.78096340536334,5
image_56.png,5,False,697.4614041491817,42.12670902560504,20,#0000ff,Quadrant 2,1,2,42,,#0000ff,,35.98967145397666,5
image_56.png,2,False,419.83203794653855,243.6344621206018,20,#0000ff,Quadrant 4,2,2,42,,#0000ff,,38.713849605909765,5
image_56.png,5,False,329.5498947251555,333.2054761668539,20,#ff0000,Quadrant 3,2,1,42,,#ff0000,,49.9017612887867,5
image_56.png,2,False,33.071244761706154,333.11513167629073,20,#0000ff,Quadrant 3,2,1,42,,#0000ff,,248.051529989622,5
image_56.png,5,False,328.8265790005677,276.822684129125,20,#ff0000,Quadrant 3,2,1,42,,#ff0000,,75.79702263061151,5
image_56.png,5,False,61.60164530296211,302.19861578770923,20,#ff0000,Quadrant 3,2,1,42,,#ff0000,,53.75765577105507,5
image_56.png,5,False,310.94570099121114,57.34979426482388,20,#ff0000,Quadrant 1,1,1,42,,#ff0000,,258.71057281922424,5
image_56.png,5,False,463.10916617000913,148.67112777507825,20,#ff0000,Quadrant 2,1,2,42,,#ff0000,,322.4122697886987,5
image_56.png,5,False,353.85806325341923,259.8485318523411,20,#0000ff,Quadrant 3,2,1,42,,#0000ff,,67.16249713679231,5
image_56.png,2,False,528.7932226238091,339.15460023690224,20,#0000ff,Quadrant 4,2,2,42,,#0000ff,,344.90344114286876,5
image_56.png,5,False,346.47010675246963,384.60342209385533,20,#0000ff,Quadrant 3,2,1,42,,#0000ff,,149.68837226597876,5
image_56.png,2,False,507.62044459114526,168.95493333439344,20,#0000ff,Quadrant 2,1,2,42,,#0000ff,,326.63048262008977,5
image_56.png,5,False,562.3437428373859,152.00303135405457,20,#ff0000,Quadrant 2,1,2,42,,#ff0000,,256.09147849281635,5
image_56.png,5,False,240.1048465651652,259.9756123292342,20,#0000ff,Quadrant 3,2,1,42,,#0000ff,,75.98223427839653,5
image_56.png,2,False,695.6118067417002,242.51131135409003,20,#0000ff,Quadrant 4,2,2,42,,#0000ff,,320.2510934348751,5
image_56.png,5,False,514.845773558263,25.90273879447611,20,#0000ff,Quadrant 2,1,2,42,,#0000ff,,277.0962612475015,5
image_56.png,2,False,240.16512526827574,164.97312103780402,20,#0000ff,Quadrant 1,1,1,42,,#0000ff,,16.02491753112406,5
image_56.png,5,False,164.5777862336334,111.0567906611173,20,#0000ff,Quadrant 1,1,1,42,,#0000ff,,300.52878121079294,5
image_56.png,5,False,376.68180183271437,26.325687362557268,20,#ff0000,Quadrant 2,1,2,42,,#ff0000,,95.53172887520941,5
image_56.png,5,False,307.2774127417,373.36495486474,20,#0000ff,Quadrant 3,2,1,42,,#0000ff,,142.9128652871411,5
image_56.png,5,False,609.4281435336136,287.9795354930314,20,#ff0000,Quadrant 4,2,2,42,,#ff0000,,5.883625303437241,5
image_56.png,5,False,410.74143162401487,212.88602369999202,20,#ff0000,Quadrant 4,2,2,42,,#ff0000,,178.78881630295976,5
image_56.png,5,False,648.7584869460159,158.05202431950926,20,#ff0000,Quadrant 2,1,2,42,,#ff0000,,307.8841966728868,5
image_56.png,2,False,148.97712668621253,269.9617673780857,20,#0000ff,Quadrant 3,2,1,42,,#0000ff,,196.22277167586168,5
image_56.png,2,False,663.1926267268259,18.821158823340042,20,#0000ff,Quadrant 2,1,2,42,,#0000ff,,232.8634730608364,5
image_56.png,2,False,212.4061567178196,108.18095987355404,20,#0000ff,Quadrant 1,1,1,42,,#0000ff,,60.84814754638506,5
image_56.png,5,False,123.93212945777927,47.894429275431,20,#0000ff,Quadrant 1,1,1,42,,#0000ff,,73.47359793259383,5
image_57.png,2,True,118.18677994347645,56.90465504262929,20,#FF0000,Quadrant 1,1,1,37,240,#FF0000,0,27.441278053916207,5
image_57.png,5,False,668.0204299096087,35.94129921745744,20,#ff0000,Quadrant 2,1,2,37,,#ff0000,,337.357014128552,5
image_57.png,5,False,321.9399078827952,56.903958418779375,20,#ff0000,Quadrant 1,1,1,37,,#ff0000,,40.813473428518336,5
image_57.png,5,False,434.29817706904623,307.9178671052705,20,#ff0000,Quadrant 4,2,2,37,,#ff0000,,173.2470738923506,5
image_57.png,5,False,278.2497895564788,82.55546093080254,20,#ff0000,Quadrant 1,1,1,37,,#ff0000,,127.16645884143912,5
image_57.png,5,False,438.41561737071424,377.4415595968896,20,#ff0000,Quadrant 4,2,2,37,,#ff0000,,327.9311761930343,5
image_57.png,5,False,486.0860342046883,84.39642681885472,20,#ff0000,Quadrant 2,1,2,37,,#ff0000,,187.95121500997587,5
image_57.png,2,False,279.2126861076533,297.0538875866516,20,#0000ff,Quadrant 3,2,1,37,,#0000ff,,122.46507933186173,5
image_57.png,5,False,142.00900012940713,251.9709300900544,20,#0000ff,Quadrant 3,2,1,37,,#0000ff,,76.44959315887306,5
image_57.png,5,False,453.70136609041674,86.26474335930394,20,#ff0000,Quadrant 2,1,2,37,,#ff0000,,139.41921648380932,5
image_57.png,5,False,255.88538683054287,384.3363852442155,20,#0000ff,Quadrant 3,2,1,37,,#0000ff,,1.3398266251246893,5
image_57.png,5,False,588.0506714442718,377.50264985214415,20,#ff0000,Quadrant 4,2,2,37,,#ff0000,,149.59212563860234,5
image_57.png,5,False,77.12839793944957,207.75435984293998,20,#0000ff,Quadrant 3,2,1,37,,#0000ff,,48.26866286611598,5
image_57.png,5,False,391.05555173864684,298.87874687303497,20,#ff0000,Quadrant 4,2,2,37,,#ff0000,,199.29062425053746,5
image_57.png,5,False,577.4713928272305,121.92459780513389,20,#ff0000,Quadrant 2,1,2,37,,#ff0000,,112.34094376377276,5
image_57.png,5,False,687.1227717791475,379.5989722214919,20,#ff0000,Quadrant 4,2,2,37,,#ff0000,,305.9053196633662,5
image_57.png,2,False,519.9149656264191,164.79719241405115,20,#0000ff,Quadrant 2,1,2,37,,#0000ff,,179.3833368347484,5
image_57.png,2,False,501.43041202522465,339.67284649570695,20,#0000ff,Quadrant 4,2,2,37,,#0000ff,,117.99138357132234,5
image_57.png,5,False,682.5263329299814,301.303538770756,20,#ff0000,Quadrant 4,2,2,37,,#ff0000,,40.81470544827439,5
image_57.png,5,False,157.28191212680355,313.5404602125368,20,#0000ff,Quadrant 3,2,1,37,,#0000ff,,65.74282472959226,5
image_57.png,2,False,390.0935792854815,215.61379315781494,20,#0000ff,Quadrant 4,2,2,37,,#0000ff,,302.92818929127145,5
image_57.png,5,False,464.29290003336394,48.96470144713786,20,#ff0000,Quadrant 2,1,2,37,,#ff0000,,326.27498894074574,5
image_57.png,5,False,615.9173811860228,46.14170663569313,20,#0000ff,Quadrant 2,1,2,37,,#0000ff,,112.28119053529046,5
image_57.png,5,False,259.8173292109832,215.86254793707113,20,#ff0000,Quadrant 3,2,1,37,,#ff0000,,168.92032244369543,5
image_57.png,5,False,457.80668643574717,226.08775506067005,20,#ff0000,Quadrant 4,2,2,37,,#ff0000,,60.616730650115834,5
image_57.png,2,False,98.26971915882557,289.91171134901197,20,#0000ff,Quadrant 3,2,1,37,,#0000ff,,262.3495156685869,5
image_57.png,2,False,371.32986008320086,114.31284821025359,20,#0000ff,Quadrant 2,1,2,37,,#0000ff,,1.9031364121141214,5
image_57.png,5,False,51.9070743402781,90.76084168114888,20,#ff0000,Quadrant 1,1,1,37,,#ff0000,,197.12295745051065,5
image_57.png,5,False,212.67464473993,62.48757340691076,20,#0000ff,Quadrant 1,1,1,37,,#0000ff,,297.00913541019867,5
image_57.png,5,False,435.6891601896319,347.2565892720017,20,#0000ff,Quadrant 4,2,2,37,,#0000ff,,96.96968592443346,5
image_57.png,5,False,353.8996161595051,380.61438939960937,20,#ff0000,Quadrant 3,2,1,37,,#ff0000,,233.40154124716022,5
image_57.png,5,False,487.305673109916,228.96085288887693,20,#ff0000,Quadrant 4,2,2,37,,#ff0000,,268.8428286541777,5
image_57.png,5,False,294.2663927297389,260.2986460337886,20,#0000ff,Quadrant 3,2,1,37,,#0000ff,,117.04018050290642,5
image_57.png,2,False,469.7754686120171,368.87723030411263,20,#0000ff,Quadrant 4,2,2,37,,#0000ff,,67.6802494614004,5
image_57.png,2,False,199.71534301641293,29.496835003033688,20,#0000ff,Quadrant 1,1,1,37,,#0000ff,,176.0088648028037,5
image_57.png,2,False,53.307768787293384,347.01806872438516,20,#0000ff,Quadrant 3,2,1,37,,#0000ff,,166.889703401162,5
image_57.png,5,False,151.44567651924189,52.737431698544995,20,#ff0000,Quadrant 1,1,1,37,,#ff0000,,188.74151843835597,5
image_57.png,5,False,132.99439393445044,301.7022470325541,20,#ff0000,Quadrant 3,2,1,37,,#ff0000,,102.0406220894911,5
image_58.png,2,True,454.8882600631829,180.85168117246977,20,#FF0000,Quadrant 2,1,2,62,240,#FF0000,0,125.22347233556543,5
image_58.png,5,False,200.8991289242612,191.24371345494754,20,#0000ff,Quadrant 1,1,1,62,,#0000ff,,247.8351255579681,5
image_58.png,5,False,162.9697380875876,353.01687227530766,20,#0000ff,Quadrant 3,2,1,62,,#0000ff,,57.764985359654595,5
image_58.png,5,False,664.5270725649101,203.66573448951428,20,#0000ff,Quadrant 4,2,2,62,,#0000ff,,78.79424031926334,5
image_58.png,5,False,486.3465083546715,113.74497762200913,20,#0000ff,Quadrant 2,1,2,62,,#0000ff,,187.9301635304989,5
image_58.png,2,False,401.77039270460006,345.4576595313179,20,#0000ff,Quadrant 4,2,2,62,,#0000ff,,7.307842244717437,5
image_58.png,5,False,13.3225070292305,373.35893341450003,20,#0000ff,Quadrant 3,2,1,62,,#0000ff,,351.88262842743103,5
image_58.png,2,False,12.006297278570077,84.1124339761329,20,#0000ff,Quadrant 1,1,1,62,,#0000ff,,204.46238281478475,5
image_58.png,5,False,303.7207388658415,274.0981813232319,20,#ff0000,Quadrant 3,2,1,62,,#ff0000,,259.51707627697584,5
image_58.png,5,False,472.51719798949364,374.12720728959397,20,#ff0000,Quadrant 4,2,2,62,,#ff0000,,226.3849355630824,5
image_58.png,5,False,441.3626457767871,347.5171723855002,20,#ff0000,Quadrant 4,2,2,62,,#ff0000,,136.77174515923565,5
image_58.png,5,False,256.890770217653,297.87422739834466,20,#0000ff,Quadrant 3,2,1,62,,#0000ff,,308.8067185954248,5
image_58.png,5,False,670.7187371739589,17.21105938194447,20,#ff0000,Quadrant 2,1,2,62,,#ff0000,,81.927965544882,5
image_58.png,5,False,295.11595384479836,387.47138836381293,20,#ff0000,Quadrant 3,2,1,62,,#ff0000,,73.78536647669847,5
image_58.png,2,False,158.8137471491556,151.19149977424468,20,#0000ff,Quadrant 1,1,1,62,,#0000ff,,79.46357686585792,5
image_58.png,5,False,415.7872392676488,56.46488151488667,20,#0000ff,Quadrant 2,1,2,62,,#0000ff,,4.21121813769072,5
image_58.png,5,False,75.40975863353191,360.1083875110462,20,#ff0000,Quadrant 3,2,1,62,,#ff0000,,321.51698526196475,5
image_58.png,2,False,485.7187242650177,215.5264034803231,20,#0000ff,Quadrant 4,2,2,62,,#0000ff,,15.901399637494112,5
image_58.png,5,False,251.43262158317245,145.90807785658353,20,#ff0000,Quadrant 1,1,1,62,,#ff0000,,153.75805743557564,5
image_58.png,2,False,78.18520274539044,248.0840377219334,20,#0000ff,Quadrant 3,2,1,62,,#0000ff,,9.683774307401842,5
image_58.png,5,False,577.5743633221196,99.53499238763412,20,#0000ff,Quadrant 2,1,2,62,,#0000ff,,69.31606517690838,5
image_58.png,2,False,320.68277159672783,244.8482684854171,20,#0000ff,Quadrant 3,2,1,62,,#0000ff,,22.059057341501536,5
image_58.png,5,False,617.4346254273713,124.2463963444094,20,#ff0000,Quadrant 2,1,2,62,,#ff0000,,225.76700383702052,5
image_58.png,5,False,585.3639514885606,71.12803327344325,20,#ff0000,Quadrant 2,1,2,62,,#ff0000,,247.6501663236057,5
image_58.png,5,False,35.204229900668835,77.1861905062063,20,#ff0000,Quadrant 1,1,1,62,,#ff0000,,61.69505428398273,5
image_58.png,5,False,119.54115007013068,38.67452423359158,20,#ff0000,Quadrant 1,1,1,62,,#ff0000,,30.537831449436553,5
image_58.png,5,False,493.08471446395725,73.81951034516806,20,#0000ff,Quadrant 2,1,2,62,,#0000ff,,156.46264554956974,5
image_58.png,2,False,698.0829674709719,212.4164615696317,20,#0000ff,Quadrant 4,2,2,62,,#0000ff,,56.662976580554165,5
image_58.png,5,False,431.94369227796363,311.40285223900264,20,#0000ff,Quadrant 4,2,2,62,,#0000ff,,152.95907424366925,5
image_58.png,5,False,158.54735552639386,288.2306413632497,20,#0000ff,Quadrant 3,2,1,62,,#0000ff,,93.68232055203075,5
image_58.png,5,False,458.6124874880637,280.30571254206774,20,#ff0000,Quadrant 4,2,2,62,,#ff0000,,142.0585385513296,5
image_58.png,5,False,239.80026803312614,62.47602205742611,20,#0000ff,Quadrant 1,1,1,62,,#0000ff,,93.47695897527386,5
image_58.png,2,False,152.4519545231898,314.48488115244083,20,#0000ff,Quadrant 3,2,1,62,,#0000ff,,306.0882045451143,5
image_58.png,2,False,201.37846560780739,331.2513787570864,20,#0000ff,Quadrant 3,2,1,62,,#0000ff,,59.268468657747036,5
image_58.png,2,False,522.3744503460289,251.8008162338117,20,#0000ff,Quadrant 4,2,2,62,,#0000ff,,59.37261635602313,5
image_58.png,5,False,78.70155316931428,307.2195798757914,20,#ff0000,Quadrant 3,2,1,62,,#ff0000,,343.1119156623958,5
image_58.png,5,False,474.13102774578,311.3926556675874,20,#0000ff,Quadrant 4,2,2,62,,#0000ff,,112.6238493357317,5
image_58.png,2,False,638.1647287170821,39.95626500933021,20,#0000ff,Quadrant 2,1,2,62,,#0000ff,,176.8101038634775,5
image_58.png,5,False,554.1454918627055,129.73495390586783,20,#ff0000,Quadrant 2,1,2,62,,#ff0000,,180.50955164280373,5
image_58.png,5,False,332.97850249027596,27.687345091268444,20,#ff0000,Quadrant 1,1,1,62,,#ff0000,,182.57172730928934,5
image_58.png,5,False,449.664194973454,44.524273817497686,20,#ff0000,Quadrant 2,1,2,62,,#ff0000,,136.04246559982582,5
image_58.png,2,False,398.90803828617385,100.13307070809277,20,#0000ff,Quadrant 2,1,2,62,,#0000ff,,145.86600524171902,5
image_58.png,2,False,693.5699345440436,150.69606007621016,20,#0000ff,Quadrant 2,1,2,62,,#0000ff,,184.20572580415092,5
image_58.png,5,False,128.29237115354385,229.03992159570043,20,#ff0000,Quadrant 3,2,1,62,,#ff0000,,111.64549332684393,5
image_58.png,5,False,176.62861131590907,238.5947514293915,20,#0000ff,Quadrant 3,2,1,62,,#0000ff,,146.4234858367588,5
image_58.png,5,False,22.70911601305376,247.02249709007154,20,#ff0000,Quadrant 3,2,1,62,,#ff0000,,283.14836024900353,5
image_58.png,5,False,454.5626450870905,217.94655912006118,20,#0000ff,Quadrant 4,2,2,62,,#0000ff,,346.3747372366523,5
image_58.png,5,False,182.57156589099796,84.27764544574342,20,#0000ff,Quadrant 1,1,1,62,,#0000ff,,316.9634358221585,5
image_58.png,5,False,370.46747485331196,254.88033788702765,20,#0000ff,Quadrant 4,2,2,62,,#0000ff,,261.35626004273894,5
image_58.png,2,False,25.268759282167757,343.4306313744507,20,#0000ff,Quadrant 3,2,1,62,,#0000ff,,107.13122112373584,5
image_58.png,2,False,593.2322861776739,173.87605780992277,20,#0000ff,Quadrant 2,1,2,62,,#0000ff,,260.00981137962845,5
image_58.png,5,False,607.8624100671614,26.996655661841267,20,#ff0000,Quadrant 2,1,2,62,,#ff0000,,272.756882493349,5
image_58.png,2,False,265.27380637982685,216.43136160256952,20,#0000ff,Quadrant 3,2,1,62,,#0000ff,,259.60468503289167,5
image_58.png,2,False,607.3074740467764,286.65509713287526,20,#0000ff,Quadrant 4,2,2,62,,#0000ff,,69.00194037943056,5
image_58.png,5,False,294.3110301997707,116.75972932760284,20,#ff0000,Quadrant 1,1,1,62,,#ff0000,,135.8176078705684,5
image_58.png,2,False,514.5074705189243,150.24453810800313,20,#0000ff,Quadrant 2,1,2,62,,#0000ff,,277.9332828619473,5
image_58.png,5,False,484.2241170132682,32.7438562914851,20,#ff0000,Quadrant 2,1,2,62,,#ff0000,,13.514753463049436,5
image_58.png,5,False,159.91596042333327,377.55865644803305,20,#ff0000,Quadrant 3,2,1,62,,#ff0000,,73.67035455953274,5
image_58.png,2,False,188.56707655285854,130.09790004756695,20,#0000ff,Quadrant 1,1,1,62,,#0000ff,,298.26920769688866,5
image_58.png,5,False,566.8197392257725,315.6483402149558,20,#0000ff,Quadrant 4,2,2,62,,#0000ff,,262.2423654785482,5
image_58.png,5,False,553.5000533408194,216.7748522182469,20,#ff0000,Quadrant 4,2,2,62,,#ff0000,,259.6506210885551,5
image_58.png,5,False,509.39560134666544,372.4476035960099,20,#0000ff,Quadrant 4,2,2,62,,#0000ff,,307.7328712680391,5
image_58.png,2,False,636.5684857538864,357.50206061573334,20,#0000ff,Quadrant 4,2,2,62,,#0000ff,,345.73268578141887,5
image_59.png,2,True,50.92413491411199,128.64412923302763,20,#FF0000,Quadrant 1,1,1,14,240,#FF0000,0,48.213468483971205,3
image_59.png,5,False,95.866641864254,209.81341628470304,20,#ff0000,Quadrant 3,2,1,14,,#ff0000,,25.52856751579717,3
image_59.png,5,False,166.6065759018049,161.06680691464138,20,#0000ff,Quadrant 1,1,1,14,,#0000ff,,194.12255812591056,3
image_59.png,5,False,415.1378307862082,296.9650089505362,20,#ff0000,Quadrant 4,2,2,14,,#ff0000,,301.70348263901036,3
image_59.png,2,False,509.1153410571829,366.9248521886122,20,#0000ff,Quadrant 4,2,2,14,,#0000ff,,61.41624788478545,3
image_59.png,5,False,243.67163816979024,40.009467936016236,20,#ff0000,Quadrant 1,1,1,14,,#ff0000,,99.00707871220153,3
image_59.png,5,False,601.6640456279446,122.11248881488908,20,#ff0000,Quadrant 2,1,2,14,,#ff0000,,250.35014948670297,3
image_59.png,5,False,445.399312776656,305.09097153982646,20,#ff0000,Quadrant 4,2,2,14,,#ff0000,,298.64990660593617,3
image_59.png,5,False,283.4971232366062,175.57033237261192,20,#ff0000,Quadrant 1,1,1,14,,#ff0000,,177.255190736154,3
image_59.png,5,False,661.3112414846918,341.6853964203419,20,#0000ff,Quadrant 4,2,2,14,,#0000ff,,337.9842783151348,3
image_59.png,5,False,324.9282109892078,132.10296476957865,20,#0000ff,Quadrant 1,1,1,14,,#0000ff,,55.437053788951886,3
image_59.png,2,False,574.1870012516355,203.43065886207032,20,#0000ff,Quadrant 4,2,2,14,,#0000ff,,128.08632208957331,3
image_59.png,5,False,345.4310387192267,331.32918844693984,20,#ff0000,Quadrant 3,2,1,14,,#ff0000,,205.93494176237675,3
image_59.png,5,False,688.9207957638433,325.26600123725825,20,#ff0000,Quadrant 4,2,2,14,,#ff0000,,223.62431970170957,3
image_59.png,5,False,220.46026889676136,220.61261120345074,20,#ff0000,Quadrant 3,2,1,14,,#ff0000,,41.69828450050978,3
image_60.png,2,True,605.4924080642802,356.0097761452864,20,#FF0000,Quadrant 4,2,2,13,240,#FF0000,0,85.47324248909408,3
image_60.png,5,False,375.21088311854925,165.0188396381853,20,#ff0000,Quadrant 2,1,2,13,,#ff0000,,265.1969224344265,3
image_60.png,5,False,470.58074014870664,181.67981002657663,20,#ff0000,Quadrant 2,1,2,13,,#ff0000,,19.224121845445815,3
image_60.png,2,False,207.8916821893027,79.7120974467358,20,#0000ff,Quadrant 1,1,1,13,,#0000ff,,289.18314892177176,3
image_60.png,5,False,412.61748478745534,73.59719328790314,20,#0000ff,Quadrant 2,1,2,13,,#0000ff,,357.0818752936113,3
image_60.png,5,False,463.5153568851027,324.8466661641006,20,#ff0000,Quadrant 4,2,2,13,,#ff0000,,313.04879695912246,3
image_60.png,5,False,214.63223868630632,213.3300196243422,20,#0000ff,Quadrant 3,2,1,13,,#0000ff,,320.0944980084633,3
image_60.png,5,False,355.80204648804784,128.02626525807392,20,#ff0000,Quadrant 2,1,2,13,,#ff0000,,7.658411547748889,3
image_60.png,2,False,307.18359563873844,224.15992203073822,20,#0000ff,Quadrant 3,2,1,13,,#0000ff,,279.456760800478,3
image_60.png,2,False,26.81990178022982,221.88943037975963,20,#0000ff,Quadrant 3,2,1,13,,#0000ff,,223.99843284401246,3
image_60.png,2,False,325.99805119076683,168.8919827755204,20,#0000ff,Quadrant 1,1,1,13,,#0000ff,,230.48620941026505,3
image_60.png,5,False,159.7598219234251,223.30734998334876,20,#0000ff,Quadrant 3,2,1,13,,#0000ff,,62.6092647741702,3
image_60.png,2,False,630.0815889656172,207.63882196219055,20,#0000ff,Quadrant 4,2,2,13,,#0000ff,,234.06825160850764,3
image_60.png,5,False,629.20579874878,373.8877632619774,20,#0000ff,Quadrant 4,2,2,13,,#0000ff,,298.0848983012587,3
image_61.png,2,True,536.7795299750535,216.82115991218004,20,#FF0000,Quadrant 4,2,2,2,240,#FF0000,0,146.24313512879883,1
image_61.png,5,False,466.3729224897962,46.34201489538786,20,#0000ff,Quadrant 2,1,2,2,,#0000ff,,52.78041628220979,1
image_61.png,5,False,445.31310188145983,360.0684171575543,20,#0000ff,Quadrant 4,2,2,2,,#0000ff,,124.09827252099645,1
image_62.png,2,True,567.1831689412869,129.57658998690283,20,#FF0000,Quadrant 2,1,2,2,240,#FF0000,0,275.9367617108165,1
image_62.png,2,False,647.5161086770937,56.4302837642263,20,#0000ff,Quadrant 2,1,2,2,,#0000ff,,121.26689667232839,1
image_62.png,5,False,113.62795479427238,233.1170380636691,20,#0000ff,Quadrant 3,2,1,2,,#0000ff,,143.52137681043527,1
image_63.png,2,True,584.6131436519647,73.0847838881742,20,#FF0000,Quadrant 2,1,2,67,240,#FF0000,0,307.66929217132537,6
image_63.png,5,False,11.673965554592629,263.39677581291295,20,#0000ff,Quadrant 3,2,1,67,,#0000ff,,270.8398243825472,6
image_63.png,2,False,279.21825215320894,388.4116400394368,20,#0000ff,Quadrant 3,2,1,67,,#0000ff,,326.6420474550438,6
image_63.png,5,False,62.71409369227674,263.62308775693054,20,#ff0000,Quadrant 3,2,1,67,,#ff0000,,181.40375876978877,6
image_63.png,5,False,56.62725569685473,210.5130785194248,20,#ff0000,Quadrant 3,2,1,67,,#ff0000,,17.24981442334997,6
image_63.png,5,False,428.90170853889856,335.2623172913646,20,#ff0000,Quadrant 4,2,2,67,,#ff0000,,105.49244900606814,6
image_63.png,2,False,544.0478269389522,337.1756314930698,20,#0000ff,Quadrant 4,2,2,67,,#0000ff,,163.12928458157756,6
image_63.png,5,False,442.98761858026353,30.013087421142075,20,#ff0000,Quadrant 2,1,2,67,,#ff0000,,231.14635816222864,6
image_63.png,5,False,197.11371864816198,349.58158313640655,20,#0000ff,Quadrant 3,2,1,67,,#0000ff,,229.50103715604604,6
image_63.png,5,False,280.21845920259625,32.992795616471795,20,#ff0000,Quadrant 1,1,1,67,,#ff0000,,215.58085517093795,6
image_63.png,5,False,536.6838193879889,166.60222689648504,20,#ff0000,Quadrant 2,1,2,67,,#ff0000,,261.3676359143773,6
image_63.png,5,False,74.43589904084511,340.78547392794167,20,#0000ff,Quadrant 3,2,1,67,,#0000ff,,199.9672163093099,6
image_63.png,2,False,687.5859120853959,224.72927801555363,20,#0000ff,Quadrant 4,2,2,67,,#0000ff,,332.31242013849493,6
image_63.png,5,False,656.2998152600468,266.0110544389234,20,#ff0000,Quadrant 4,2,2,67,,#ff0000,,8.184625081869964,6
image_63.png,5,False,147.72464284775535,182.56151386900805,20,#0000ff,Quadrant 1,1,1,67,,#0000ff,,349.30691026372216,6
image_63.png,5,False,128.99020936045196,141.31214347615634,20,#ff0000,Quadrant 1,1,1,67,,#ff0000,,257.37080793842654,6
image_63.png,5,False,649.8179288248339,186.48840323107274,20,#ff0000,Quadrant 2,1,2,67,,#ff0000,,168.18940368359347,6
image_63.png,5,False,301.68879607292547,322.91326555628547,20,#ff0000,Quadrant 3,2,1,67,,#ff0000,,78.79358522684547,6
image_63.png,5,False,387.2717106051531,380.0917149513725,20,#ff0000,Quadrant 4,2,2,67,,#ff0000,,168.38197543076654,6
image_63.png,5,False,319.32016324413956,347.9494053904502,20,#0000ff,Quadrant 3,2,1,67,,#0000ff,,68.53939144739016,6
image_63.png,5,False,44.88791969571105,374.3479013127548,20,#ff0000,Quadrant 3,2,1,67,,#ff0000,,95.25552193313692,6
image_63.png,2,False,283.5605052529079,203.88153891454988,20,#0000ff,Quadrant 3,2,1,67,,#0000ff,,50.706407361360014,6
image_63.png,2,False,696.5059791091694,100.399838229695,20,#0000ff,Quadrant 2,1,2,67,,#0000ff,,99.14104150618478,6
image_63.png,2,False,355.26457314009525,205.06171794519034,20,#0000ff,Quadrant 3,2,1,67,,#0000ff,,266.7299253101442,6
image_63.png,5,False,387.28017446663057,288.6591331932285,20,#0000ff,Quadrant 4,2,2,67,,#0000ff,,61.78306345721424,6
image_63.png,5,False,244.20670696137702,227.37678743602723,20,#ff0000,Quadrant 3,2,1,67,,#ff0000,,147.03306027126686,6
image_63.png,5,False,495.2425128337248,216.85818055161198,20,#0000ff,Quadrant 4,2,2,67,,#0000ff,,177.41739155962142,6
image_63.png,2,False,696.1882394253278,182.45086700324288,20,#0000ff,Quadrant 2,1,2,67,,#0000ff,,245.0683117937889,6
image_63.png,5,False,353.06397383339316,351.31813109757013,20,#ff0000,Quadrant 3,2,1,67,,#ff0000,,309.9254534970967,6
image_63.png,2,False,109.9607096919333,260.06818470192917,20,#0000ff,Quadrant 3,2,1,67,,#0000ff,,135.40205921697194,6
image_63.png,5,False,120.70061611670482,386.03300291813053,20,#ff0000,Quadrant 3,2,1,67,,#ff0000,,118.04061682967762,6
image_63.png,2,False,382.42234783123246,180.07272026097934,20,#0000ff,Quadrant 2,1,2,67,,#0000ff,,279.82316762669655,6
image_63.png,2,False,114.5846168002886,38.54190197313245,20,#0000ff,Quadrant 1,1,1,67,,#0000ff,,145.77648703005497,6
image_63.png,2,False,678.5834952196778,296.3760196611039,20,#0000ff,Quadrant 4,2,2,67,,#0000ff,,204.43213301341947,6
image_63.png,5,False,440.54809257816004,215.8221877751346,20,#ff0000,Quadrant 4,2,2,67,,#ff0000,,84.67890616346885,6
image_63.png,5,False,487.64556192397885,97.86404730643726,20,#0000ff,Quadrant 2,1,2,67,,#0000ff,,342.50399513438305,6
image_63.png,5,False,212.0967840979053,60.135529538213355,20,#ff0000,Quadrant 1,1,1,67,,#ff0000,,182.65004388141347,6
image_63.png,5,False,206.37692825444773,181.80446295926635,20,#ff0000,Quadrant 1,1,1,67,,#ff0000,,233.01747165802928,6
image_63.png,5,False,315.1284293097084,145.92251478984548,20,#0000ff,Quadrant 1,1,1,67,,#0000ff,,250.30093070670839,6
image_63.png,5,False,146.0362477269552,301.72256102753744,20,#0000ff,Quadrant 3,2,1,67,,#0000ff,,140.57862588715935,6
image_63.png,5,False,117.04765692892674,326.28530009795935,20,#ff0000,Quadrant 3,2,1,67,,#ff0000,,258.67430764722866,6
image_63.png,5,False,527.5877267070559,309.81958840168664,20,#ff0000,Quadrant 4,2,2,67,,#ff0000,,177.8065779649398,6
image_63.png,2,False,139.31741965659987,247.32565983779116,20,#0000ff,Quadrant 3,2,1,67,,#0000ff,,143.49371546266826,6
image_63.png,5,False,196.56645112038476,22.301351151090117,20,#0000ff,Quadrant 1,1,1,67,,#0000ff,,18.673927265261003,6
image_63.png,5,False,437.8624805708468,270.16149238205105,20,#ff0000,Quadrant 4,2,2,67,,#ff0000,,137.13810877478045,6
image_63.png,5,False,247.07309519022564,152.5720769571206,20,#ff0000,Quadrant 1,1,1,67,,#ff0000,,280.2164690846965,6
image_63.png,5,False,281.8964469463566,235.37887942014135,20,#0000ff,Quadrant 3,2,1,67,,#0000ff,,336.32310977943655,6
image_63.png,2,False,164.0938375061398,366.5487749095755,20,#0000ff,Quadrant 3,2,1,67,,#0000ff,,298.91101294677134,6
image_63.png,5,False,190.64187071360035,269.7293794843565,20,#ff0000,Quadrant 3,2,1,67,,#ff0000,,145.76438113444857,6
image_63.png,5,False,243.8047911580499,384.9860714700587,20,#ff0000,Quadrant 3,2,1,67,,#ff0000,,191.89449127122276,6
image_63.png,2,False,247.5686144759784,74.38278748200372,20,#0000ff,Quadrant 1,1,1,67,,#0000ff,,329.02338519847973,6
image_63.png,5,False,163.71831537993498,273.55792230381235,20,#0000ff,Quadrant 3,2,1,67,,#0000ff,,340.58330544892493,6
image_63.png,2,False,603.8501882634667,366.1610277346813,20,#0000ff,Quadrant 4,2,2,67,,#0000ff,,36.79946035503828,6
image_63.png,5,False,395.93389804285243,16.909051139176587,20,#0000ff,Quadrant 2,1,2,67,,#0000ff,,341.84774775835876,6
image_63.png,5,False,208.95297293610804,109.92524961195986,20,#ff0000,Quadrant 1,1,1,67,,#ff0000,,278.28116658953655,6
image_63.png,5,False,626.8744535444805,322.59620167384,20,#0000ff,Quadrant 4,2,2,67,,#0000ff,,315.9900239344956,6
image_63.png,5,False,148.21284584956496,325.8832721141826,20,#ff0000,Quadrant 3,2,1,67,,#ff0000,,59.33336032092823,6
image_63.png,2,False,36.96878431931882,327.97674561796003,20,#0000ff,Quadrant 3,2,1,67,,#0000ff,,96.88816164167625,6
image_63.png,5,False,235.09448441360027,182.48980439188742,20,#0000ff,Quadrant 1,1,1,67,,#0000ff,,110.72897249277389,6
image_63.png,2,False,160.23455526854448,76.58665152184385,20,#0000ff,Quadrant 1,1,1,67,,#0000ff,,72.82698809057472,6
image_63.png,2,False,593.8081587700475,209.27036640650658,20,#0000ff,Quadrant 4,2,2,67,,#0000ff,,171.30802737193554,6
image_63.png,5,False,229.63364220075906,17.06945559981819,20,#ff0000,Quadrant 1,1,1,67,,#ff0000,,161.03766967774447,6
image_63.png,5,False,454.24199760587186,52.24157472815354,20,#ff0000,Quadrant 2,1,2,67,,#ff0000,,250.96533053467556,6
image_63.png,2,False,435.2302280785675,369.3346071622546,20,#0000ff,Quadrant 4,2,2,67,,#0000ff,,164.38787086200458,6
image_63.png,5,False,105.2894901360189,136.0776381693757,20,#0000ff,Quadrant 1,1,1,67,,#0000ff,,58.60422820200541,6
image_63.png,5,False,234.54961268842004,303.1658588840691,20,#0000ff,Quadrant 3,2,1,67,,#0000ff,,21.012897372220294,6
image_63.png,5,False,362.53356235764613,382.63218548911146,20,#0000ff,Quadrant 4,2,2,67,,#0000ff,,254.19659436971386,6
image_63.png,2,False,653.5438472878043,13.365355980256332,20,#0000ff,Quadrant 2,1,2,67,,#0000ff,,9.142468042709648,6
image_64.png,2,True,616.2229231663772,38.49880787952525,20,#FF0000,Quadrant 2,1,2,12,240,#FF0000,0,211.0792779404105,3
image_64.png,2,False,453.7861938290977,323.1589932874275,20,#0000ff,Quadrant 4,2,2,12,,#0000ff,,85.11165028218956,3
image_64.png,5,False,58.70813474468114,13.105348977917071,20,#0000ff,Quadrant 1,1,1,12,,#0000ff,,312.65463437330493,3
image_64.png,5,False,151.61888538617563,250.27594213864288,20,#0000ff,Quadrant 3,2,1,12,,#0000ff,,12.164149193788196,3
image_64.png,5,False,369.148408961159,244.19143871068607,20,#0000ff,Quadrant 4,2,2,12,,#0000ff,,102.37066944244474,3
image_64.png,2,False,674.5726454621976,271.95632864829173,20,#0000ff,Quadrant 4,2,2,12,,#0000ff,,51.8660567689717,3
image_64.png,5,False,450.1147396452892,177.72212648330904,20,#0000ff,Quadrant 2,1,2,12,,#0000ff,,161.64156916434132,3
image_64.png,2,False,15.385748299870553,149.45917251537819,20,#0000ff,Quadrant 1,1,1,12,,#0000ff,,53.89368674817711,3
image_64.png,5,False,665.345474925179,37.30623618336659,20,#ff0000,Quadrant 2,1,2,12,,#ff0000,,103.64877518485703,3
image_64.png,2,False,519.686253529721,345.71224631342045,20,#0000ff,Quadrant 4,2,2,12,,#0000ff,,21.2344167811891,3
image_64.png,5,False,121.34389961158028,282.2318520466833,20,#0000ff,Quadrant 3,2,1,12,,#0000ff,,94.46053368027229,3
image_64.png,2,False,124.7257475139068,189.28776111246333,20,#0000ff,Quadrant 1,1,1,12,,#0000ff,,8.72113966721833,3
image_64.png,5,False,135.47832396624815,143.33315281175138,20,#0000ff,Quadrant 1,1,1,12,,#0000ff,,63.6988184101303,3
image_65.png,2,True,194.01928763360658,62.28199046274893,20,#FF0000,Quadrant 1,1,1,14,240,#FF0000,0,202.33486880350432,3
image_65.png,5,False,404.56976559857196,23.358247302577958,20,#0000ff,Quadrant 2,1,2,14,,#0000ff,,55.7117768420695,3
image_65.png,5,False,392.568038166391,286.7722646940535,20,#ff0000,Quadrant 4,2,2,14,,#ff0000,,323.874524807662,3
image_65.png,2,False,136.15857703165096,177.14480420211342,20,#0000ff,Quadrant 1,1,1,14,,#0000ff,,197.77466887869633,3
image_65.png,5,False,325.9878814345276,92.29590078417515,20,#ff0000,Quadrant 1,1,1,14,,#ff0000,,63.19763766822141,3
image_65.png,2,False,462.56790314897887,376.3824443397232,20,#0000ff,Quadrant 4,2,2,14,,#0000ff,,333.28619214307173,3
image_65.png,2,False,117.92704638325058,372.0628788193956,20,#0000ff,Quadrant 3,2,1,14,,#0000ff,,65.44413285043677,3
image_65.png,5,False,669.230619508461,288.0003386098431,20,#ff0000,Quadrant 4,2,2,14,,#ff0000,,317.3611356439391,3
image_65.png,5,False,173.79145175301264,219.14907457220534,20,#0000ff,Quadrant 3,2,1,14,,#0000ff,,230.5287041451892,3
image_65.png,5,False,223.25431524820792,168.95689936112743,20,#0000ff,Quadrant 1,1,1,14,,#0000ff,,200.13988925733122,3
image_65.png,5,False,619.0468713026279,93.73135618172822,20,#0000ff,Quadrant 2,1,2,14,,#0000ff,,265.36137631325124,3
image_65.png,5,False,24.47705463654637,136.73193593824158,20,#0000ff,Quadrant 1,1,1,14,,#0000ff,,88.96870925339613,3
image_65.png,5,False,510.54551489095365,79.21405657870156,20,#0000ff,Quadrant 2,1,2,14,,#0000ff,,220.03662241679964,3
image_65.png,5,False,404.448771373285,177.37356287550608,20,#ff0000,Quadrant 2,1,2,14,,#ff0000,,0.967709327087527,3
image_65.png,5,False,421.57219628098665,298.18384873275477,20,#ff0000,Quadrant 4,2,2,14,,#ff0000,,240.019388529555,3
image_66.png,2,True,574.2576677964486,63.2680886766366,20,#FF0000,Quadrant 2,1,2,8,240,#FF0000,0,254.85071422411337,2
image_66.png,2,False,662.6591556997727,207.16117729145498,20,#0000ff,Quadrant 4,2,2,8,,#0000ff,,342.44494885945625,2
image_66.png,5,False,555.7135795525411,337.2057447770376,20,#0000ff,Quadrant 4,2,2,8,,#0000ff,,142.96740727508893,2
image_66.png,5,False,658.4718250011207,345.46400852499573,20,#0000ff,Quadrant 4,2,2,8,,#0000ff,,218.36878755614026,2
image_66.png,5,False,488.6972108173891,283.9328136777296,20,#0000ff,Quadrant 4,2,2,8,,#0000ff,,246.09502729632604,2
image_66.png,5,False,450.18729452496626,160.06270001371485,20,#0000ff,Quadrant 2,1,2,8,,#0000ff,,66.47623364065963,2
image_66.png,5,False,278.2294191992679,41.99973477383173,20,#ff0000,Quadrant 1,1,1,8,,#ff0000,,85.06344238010107,2
image_66.png,2,False,250.005465495898,340.5499357552513,20,#0000ff,Quadrant 3,2,1,8,,#0000ff,,165.67731785704964,2
image_66.png,5,False,74.71531558500799,86.16132973635332,20,#ff0000,Quadrant 1,1,1,8,,#ff0000,,239.04301113375112,2
image_67.png,2,True,408.2423819179658,386.0434460468331,20,#FF0000,Quadrant 4,2,2,2,240,#FF0000,0,328.1955993307269,1
image_67.png,5,False,484.1869608678753,199.94906149154338,20,#ff0000,Quadrant 2,1,2,2,,#ff0000,,29.75321408920104,1
image_67.png,5,False,515.179490682345,54.68152667834493,20,#0000ff,Quadrant 2,1,2,2,,#0000ff,,227.98464726161524,1
image_68.png,2,True,428.42190908252206,292.9959662002284,20,#FF0000,Quadrant 4,2,2,21,240,#FF0000,0,19.261246334461312,4
image_68.png,2,False,88.65690385996577,163.2191975824765,20,#0000ff,Quadrant 1,1,1,21,,#0000ff,,32.12517173391731,4
image_68.png,5,False,247.2849260264894,291.6951145816638,20,#ff0000,Quadrant 3,2,1,21,,#ff0000,,48.955238314567254,4
image_68.png,5,False,308.2680522353604,138.50438362938104,20,#0000ff,Quadrant 1,1,1,21,,#0000ff,,205.87818376183543,4
image_68.png,5,False,82.40077224445558,299.9281087572156,20,#ff0000,Quadrant 3,2,1,21,,#ff0000,,279.59355225829313,4
image_68.png,5,False,206.98634924476443,309.55838579736746,20,#ff0000,Quadrant 3,2,1,21,,#ff0000,,36.165122929484866,4
image_68.png,5,False,603.4324076549958,228.8903702150365,20,#ff0000,Quadrant 4,2,2,21,,#ff0000,,331.89443619084375,4
image_68.png,2,False,208.54523096064108,59.68920125416986,20,#0000ff,Quadrant 1,1,1,21,,#0000ff,,54.0461082359878,4
image_68.png,2,False,252.13300274435153,154.82734494944071,20,#0000ff,Quadrant 1,1,1,21,,#0000ff,,358.0441518751046,4
image_68.png,2,False,489.5522425845501,198.69894721568076,20,#0000ff,Quadrant 2,1,2,21,,#0000ff,,46.15319908051787,4
image_68.png,5,False,200.79327385448795,171.21988193313646,20,#0000ff,Quadrant 1,1,1,21,,#0000ff,,42.71411993411513,4
image_68.png,2,False,277.8970676398665,299.25226570129075,20,#0000ff,Quadrant 3,2,1,21,,#0000ff,,194.27015760547383,4
image_68.png,5,False,622.9024836993417,305.2809614765083,20,#ff0000,Quadrant 4,2,2,21,,#ff0000,,338.94455751017955,4
image_68.png,2,False,260.29575755610347,72.21856006368523,20,#0000ff,Quadrant 1,1,1,21,,#0000ff,,152.08552423358427,4
image_68.png,5,False,125.61641563294098,245.14256521503637,20,#ff0000,Quadrant 3,2,1,21,,#ff0000,,100.05507872783562,4
image_68.png,2,False,604.8933956553782,19.459788306541355,20,#0000ff,Quadrant 2,1,2,21,,#0000ff,,155.23988063209947,4
image_68.png,5,False,662.2100300853824,51.460998158332245,20,#0000ff,Quadrant 2,1,2,21,,#0000ff,,191.1769920143033,4
image_68.png,5,False,120.27432796606342,343.10595554651024,20,#ff0000,Quadrant 3,2,1,21,,#ff0000,,343.0492057730247,4
image_68.png,5,False,96.91463643771878,243.89986228409853,20,#0000ff,Quadrant 3,2,1,21,,#0000ff,,89.89107833141983,4
image_68.png,5,False,540.4362059447828,181.65702791003872,20,#0000ff,Quadrant 2,1,2,21,,#0000ff,,203.19418228502838,4
image_68.png,5,False,266.5418358005408,234.06645563194064,20,#0000ff,Quadrant 3,2,1,21,,#0000ff,,224.24630748747035,4
image_68.png,5,False,592.175158119503,368.50111811626607,20,#0000ff,Quadrant 4,2,2,21,,#0000ff,,102.6156988222989,4
image_69.png,2,True,184.0075917925157,175.12188147777843,20,#FF0000,Quadrant 1,1,1,2,240,#FF0000,0,301.23727389895623,1
image_69.png,5,False,393.35462551508505,301.7412984132515,20,#ff0000,Quadrant 4,2,2,2,,#ff0000,,39.80168324622879,1
image_69.png,2,False,285.661816196748,299.581924397746,20,#0000ff,Quadrant 3,2,1,2,,#0000ff,,36.13578857300637,1
image_70.png,2,True,386.0727442729912,206.37002768239307,20,#FF0000,Quadrant 4,2,2,8,240,#FF0000,0,185.86076896894303,2
image_70.png,2,False,472.7639912913891,180.25373685805508,20,#0000ff,Quadrant 2,1,2,8,,#0000ff,,292.4410201730929,2
image_70.png,2,False,330.32072577011365,84.89361430824727,20,#0000ff,Quadrant 1,1,1,8,,#0000ff,,253.549357815749,2
image_70.png,2,False,180.84056930337428,185.61565033622705,20,#0000ff,Quadrant 1,1,1,8,,#0000ff,,163.06672659963309,2
image_70.png,5,False,43.933088169656955,339.9466269668949,20,#0000ff,Quadrant 3,2,1,8,,#0000ff,,28.694727933102165,2
image_70.png,5,False,148.45173238148806,162.43327567087618,20,#ff0000,Quadrant 1,1,1,8,,#ff0000,,177.13192543450864,2
image_70.png,5,False,603.1297267070136,266.6663973951047,20,#0000ff,Quadrant 4,2,2,8,,#0000ff,,125.61608397520338,2
image_70.png,2,False,421.75443778813695,198.55382567063396,20,#0000ff,Quadrant 2,1,2,8,,#0000ff,,253.22679366629248,2
image_70.png,2,False,473.3539809489042,340.67954168996084,20,#0000ff,Quadrant 4,2,2,8,,#0000ff,,71.62732690508022,2
image_71.png,2,True,588.609860363753,347.28259873978715,20,#FF0000,Quadrant 4,2,2,8,240,#FF0000,0,331.9089306259126,2
image_71.png,2,False,113.60143969494935,144.52235245097904,20,#0000ff,Quadrant 1,1,1,8,,#0000ff,,157.25118708870937,2
image_71.png,5,False,50.67323191536903,111.54965530580341,20,#0000ff,Quadrant 1,1,1,8,,#0000ff,,6.833016064394015,2
image_71.png,5,False,675.9407739609373,247.94462995797966,20,#0000ff,Quadrant 4,2,2,8,,#0000ff,,36.0601820932065,2
image_71.png,2,False,96.65883609427026,106.3756839492811,20,#0000ff,Quadrant 1,1,1,8,,#0000ff,,239.9531502146207,2
image_71.png,2,False,385.73193326845677,366.8781557431004,20,#0000ff,Quadrant 4,2,2,8,,#0000ff,,210.8032560716771,2
image_71.png,2,False,228.0673660394636,263.3942612487773,20,#0000ff,Quadrant 3,2,1,8,,#0000ff,,206.700787254346,2
image_71.png,2,False,40.14258173893721,241.79107618439943,20,#0000ff,Quadrant 3,2,1,8,,#0000ff,,282.40476922663606,2
image_71.png,5,False,422.976068341429,198.83040204093354,20,#0000ff,Quadrant 2,1,2,8,,#0000ff,,232.77026250099496,2
image_72.png,2,True,147.87934583557916,234.1398848589402,20,#FF0000,Quadrant 3,2,1,79,240,#FF0000,0,233.2896890002691,6
image_72.png,5,False,571.615394246899,155.4796320343694,20,#ff0000,Quadrant 2,1,2,79,,#ff0000,,246.65605666711966,6
image_72.png,2,False,274.200771341521,48.640017137752956,20,#0000ff,Quadrant 1,1,1,79,,#0000ff,,147.91939591547302,6
image_72.png,5,False,44.83277493849197,192.39912994090292,20,#ff0000,Quadrant 1,1,1,79,,#ff0000,,103.19581108478225,6
image_72.png,5,False,131.02064572388247,132.8367863680856,20,#ff0000,Quadrant 1,1,1,79,,#ff0000,,83.98759736962558,6
image_72.png,5,False,318.34083820903476,16.541660735937455,20,#ff0000,Quadrant 1,1,1,79,,#ff0000,,358.4414048477755,6
image_72.png,2,False,595.3557350096338,372.27516197861604,20,#0000ff,Quadrant 4,2,2,79,,#0000ff,,318.03299751194805,6
image_72.png,2,False,328.45109624305104,352.74090227729096,20,#0000ff,Quadrant 3,2,1,79,,#0000ff,,18.35308630470667,6
image_72.png,2,False,120.10898895010983,262.50531722010476,20,#0000ff,Quadrant 3,2,1,79,,#0000ff,,19.77208839930503,6
image_72.png,5,False,652.382409613089,365.0018138609276,20,#0000ff,Quadrant 4,2,2,79,,#0000ff,,34.22809798913426,6
image_72.png,5,False,629.3408688913149,42.56330046752295,20,#ff0000,Quadrant 2,1,2,79,,#ff0000,,324.29968575222875,6
image_72.png,5,False,381.33875104050725,247.6131350705826,20,#ff0000,Quadrant 4,2,2,79,,#ff0000,,263.1444235225089,6
image_72.png,5,False,106.24780374566866,297.4607491154358,20,#0000ff,Quadrant 3,2,1,79,,#0000ff,,109.48106790063844,6
image_72.png,5,False,519.0999977199247,99.12609612845718,20,#0000ff,Quadrant 2,1,2,79,,#0000ff,,187.90066528865933,6
image_72.png,2,False,18.946942757366074,76.23336310184054,20,#0000ff,Quadrant 1,1,1,79,,#0000ff,,157.56042462365707,6
image_72.png,2,False,299.5446424767223,132.0348986454162,20,#0000ff,Quadrant 1,1,1,79,,#0000ff,,194.43419260424403,6
image_72.png,5,False,217.393857445,163.42075308105646,20,#0000ff,Quadrant 1,1,1,79,,#0000ff,,202.83447437469727,6
image_72.png,2,False,424.3322788619555,171.0733674881041,20,#0000ff,Quadrant 2,1,2,79,,#0000ff,,284.92678328995254,6
image_72.png,5,False,281.16002334395523,367.55612113803767,20,#ff0000,Quadrant 3,2,1,79,,#ff0000,,261.4339598326114,6
image_72.png,2,False,416.711917075126,97.68948633714312,20,#0000ff,Quadrant 2,1,2,79,,#0000ff,,96.16840761548644,6
image_72.png,2,False,71.93308057181785,230.60845114358972,20,#0000ff,Quadrant 3,2,1,79,,#0000ff,,325.6997442585938,6
image_72.png,5,False,351.6109234080868,219.598546481129,20,#0000ff,Quadrant 3,2,1,79,,#0000ff,,153.77387535458527,6
image_72.png,2,False,568.042668447279,220.1138989105442,20,#0000ff,Quadrant 4,2,2,79,,#0000ff,,242.70928473587787,6
image_72.png,5,False,254.9353396946871,305.4735999101537,20,#0000ff,Quadrant 3,2,1,79,,#0000ff,,260.23151111497924,6
image_72.png,5,False,451.95905095428566,345.4421035840682,20,#0000ff,Quadrant 4,2,2,79,,#0000ff,,65.42109031547571,6
image_72.png,5,False,270.2807632937314,217.6898102014628,20,#0000ff,Quadrant 3,2,1,79,,#0000ff,,300.63117727292274,6
image_72.png,2,False,323.15817913831563,129.0848087321117,20,#0000ff,Quadrant 1,1,1,79,,#0000ff,,9.22357302630012,6
image_72.png,5,False,397.4140360272999,49.635257228341004,20,#ff0000,Quadrant 2,1,2,79,,#ff0000,,4.181489162606953,6
image_72.png,2,False,378.0326716081642,200.683721334978,20,#0000ff,Quadrant 4,2,2,79,,#0000ff,,192.463947415702,6
image_72.png,5,False,189.12825919154946,192.2599209040852,20,#ff0000,Quadrant 1,1,1,79,,#ff0000,,49.485380311343626,6
image_72.png,5,False,440.41171336137654,34.96897142910015,20,#ff0000,Quadrant 2,1,2,79,,#ff0000,,152.969196497945,6
image_72.png,5,False,691.1365523203198,252.95666818334425,20,#ff0000,Quadrant 4,2,2,79,,#ff0000,,238.02520865184647,6
image_72.png,2,False,338.3510567835216,165.08508467748206,20,#0000ff,Quadrant 1,1,1,79,,#0000ff,,83.75360516312541,6
image_72.png,5,False,182.30287869402687,358.1365414873193,20,#ff0000,Quadrant 3,2,1,79,,#ff0000,,67.16893220815466,6
image_72.png,2,False,548.2538507052549,275.7253978124996,20,#0000ff,Quadrant 4,2,2,79,,#0000ff,,144.21898662807237,6
image_72.png,2,False,202.82907980738784,125.18932730953216,20,#0000ff,Quadrant 1,1,1,79,,#0000ff,,326.3144694582624,6
image_72.png,5,False,78.08203810098998,131.16002921617041,20,#0000ff,Quadrant 1,1,1,79,,#0000ff,,44.844959243093896,6
image_72.png,2,False,401.8141217894353,162.9804743488011,20,#0000ff,Quadrant 2,1,2,79,,#0000ff,,10.171786275291922,6
image_72.png,5,False,669.9775868304379,286.74561921565146,20,#0000ff,Quadrant 4,2,2,79,,#0000ff,,196.81357618253716,6
image_72.png,2,False,595.127933068167,50.533610758115756,20,#0000ff,Quadrant 2,1,2,79,,#0000ff,,148.9318107523752,6
image_72.png,5,False,644.2714224891665,247.85105714447053,20,#0000ff,Quadrant 4,2,2,79,,#0000ff,,224.1171058006202,6
image_72.png,2,False,381.9601865514605,315.2016798699065,20,#0000ff,Quadrant 4,2,2,79,,#0000ff,,221.9285398627852,6
image_72.png,5,False,389.641407991937,128.79076745850665,20,#0000ff,Quadrant 2,1,2,79,,#0000ff,,250.73254631963545,6
image_72.png,5,False,608.178518766268,134.72946261337194,20,#0000ff,Quadrant 2,1,2,79,,#0000ff,,247.92809099933763,6
image_72.png,2,False,44.96806509222895,57.91615803522991,20,#0000ff,Quadrant 1,1,1,79,,#0000ff,,289.2885446367143,6
image_72.png,2,False,680.2083046575689,105.58231025661983,20,#0000ff,Quadrant 2,1,2,79,,#0000ff,,107.53681503926981,6
image_72.png,5,False,599.6045871116554,80.67498534337084,20,#0000ff,Quadrant 2,1,2,79,,#0000ff,,281.9804785183832,6
image_72.png,5,False,48.33856516843064,160.87336548516058,20,#0000ff,Quadrant 1,1,1,79,,#0000ff,,252.21543151221096,6
image_72.png,5,False,47.998658398602515,273.63158513802307,20,#ff0000,Quadrant 3,2,1,79,,#ff0000,,82.40476171021778,6
image_72.png,2,False,92.58744174623153,68.51490230243249,20,#0000ff,Quadrant 1,1,1,79,,#0000ff,,308.0071758272178,6
image_72.png,5,False,618.2530499144897,273.3129600600264,20,#0000ff,Quadrant 4,2,2,79,,#0000ff,,154.14551397532395,6
image_72.png,5,False,537.2643379101723,242.81724290141165,20,#ff0000,Quadrant 4,2,2,79,,#ff0000,,144.44499439270166,6
image_72.png,5,False,367.26088617413427,157.75658236067878,20,#0000ff,Quadrant 2,1,2,79,,#0000ff,,192.02720438597723,6
image_72.png,5,False,552.2739071042525,16.1483500742351,20,#0000ff,Quadrant 2,1,2,79,,#0000ff,,159.8718021442076,6
image_72.png,2,False,505.8937636426839,310.57570433214454,20,#0000ff,Quadrant 4,2,2,79,,#0000ff,,48.56760619519475,6
image_72.png,5,False,514.2778872431473,358.5792215930509,20,#ff0000,Quadrant 4,2,2,79,,#ff0000,,27.41028825207728,6
image_72.png,2,False,131.45678644945224,59.3525133777218,20,#0000ff,Quadrant 1,1,1,79,,#0000ff,,341.2756799538448,6
image_72.png,5,False,244.2535112477825,66.05267467208938,20,#0000ff,Quadrant 1,1,1,79,,#0000ff,,234.79453271776927,6
image_72.png,5,False,434.58108913396404,289.389055328872,20,#ff0000,Quadrant 4,2,2,79,,#ff0000,,277.1103336916572,6
image_72.png,5,False,631.9063960759227,161.49842543044275,20,#ff0000,Quadrant 2,1,2,79,,#ff0000,,162.27004168793414,6
image_72.png,5,False,32.155810982225766,338.9565175974691,20,#ff0000,Quadrant 3,2,1,79,,#ff0000,,176.14267543777507,6
image_72.png,5,False,580.5973795856017,107.36350882309371,20,#ff0000,Quadrant 2,1,2,79,,#ff0000,,346.43383002950003,6
image_72.png,2,False,169.1381709208752,126.51063320388035,20,#0000ff,Quadrant 1,1,1,79,,#0000ff,,119.16866857705536,6
image_72.png,5,False,129.68023270465804,107.05078449965019,20,#0000ff,Quadrant 1,1,1,79,,#0000ff,,124.32253625991558,6
image_72.png,5,False,95.97632970914667,213.84646973426993,20,#0000ff,Quadrant 3,2,1,79,,#0000ff,,231.7137799745225,6
image_72.png,2,False,480.2253570687649,106.9337977502222,20,#0000ff,Quadrant 2,1,2,79,,#0000ff,,302.3084426059506,6
image_72.png,5,False,175.16607681185803,310.50783903159845,20,#ff0000,Quadrant 3,2,1,79,,#ff0000,,187.72684398865474,6
image_72.png,5,False,89.96927376254139,354.99540399957135,20,#0000ff,Quadrant 3,2,1,79,,#0000ff,,156.22938764531068,6
image_72.png,2,False,75.03598673610622,34.327069779692195,20,#0000ff,Quadrant 1,1,1,79,,#0000ff,,138.1377226626087,6
image_72.png,5,False,458.76431781123864,253.35594097232237,20,#0000ff,Quadrant 4,2,2,79,,#0000ff,,334.2802235108382,6
image_72.png,5,False,528.4907710408663,334.6490998121,20,#0000ff,Quadrant 4,2,2,79,,#0000ff,,151.6104585073427,6
image_72.png,2,False,687.9025352121547,130.596261713786,20,#0000ff,Quadrant 2,1,2,79,,#0000ff,,147.12049448406427,6
image_72.png,5,False,289.5473380768561,79.93942249809308,20,#0000ff,Quadrant 1,1,1,79,,#0000ff,,300.7083877218877,6
image_72.png,5,False,667.2703481716812,233.38733878235217,20,#ff0000,Quadrant 4,2,2,79,,#ff0000,,339.6450278058099,6
image_72.png,2,False,534.7838542320729,173.50087957563235,20,#0000ff,Quadrant 2,1,2,79,,#0000ff,,278.28200848557964,6
image_72.png,2,False,480.9863269852382,253.23703467429826,20,#0000ff,Quadrant 4,2,2,79,,#0000ff,,190.48990486713006,6
image_72.png,5,False,403.28193961926024,349.98744541798993,20,#0000ff,Quadrant 4,2,2,79,,#0000ff,,303.8014637523321,6
image_72.png,2,False,674.7772687882197,208.30716397035135,20,#0000ff,Quadrant 4,2,2,79,,#0000ff,,163.63876600367757,6
image_72.png,5,False,680.3741272956515,55.52029210400357,20,#0000ff,Quadrant 2,1,2,79,,#0000ff,,183.77883369600508,6
image_72.png,5,False,73.15629896740862,293.7263151865643,20,#0000ff,Quadrant 3,2,1,79,,#0000ff,,104.68343864518316,6
image_73.png,2,True,77.5381034486558,265.384274835547,20,#FF0000,Quadrant 3,2,1,22,240,#FF0000,0,282.2610079263611,4
image_73.png,5,False,390.93238702167724,116.96507345690559,20,#ff0000,Quadrant 2,1,2,22,,#ff0000,,300.5228456273166,4
image_73.png,5,False,132.97101998413535,64.2652179151321,20,#0000ff,Quadrant 1,1,1,22,,#0000ff,,156.86728370083574,4
image_73.png,5,False,62.29476458246484,31.183147286024102,20,#0000ff,Quadrant 1,1,1,22,,#0000ff,,184.401635315631,4
image_73.png,5,False,101.87245106330109,322.2102334740959,20,#0000ff,Quadrant 3,2,1,22,,#0000ff,,95.90437598414137,4
image_73.png,5,False,585.2394547188337,28.150400732212123,20,#ff0000,Quadrant 2,1,2,22,,#ff0000,,134.22542762010067,4
image_73.png,5,False,409.22674522189993,58.75218593511896,20,#0000ff,Quadrant 2,1,2,22,,#0000ff,,1.039012254564895,4
image_73.png,5,False,500.40126043443445,17.827366535370334,20,#ff0000,Quadrant 2,1,2,22,,#ff0000,,298.9816331865036,4
image_73.png,2,False,630.0502563994818,165.98330578201407,20,#0000ff,Quadrant 2,1,2,22,,#0000ff,,333.1226770094456,4
image_73.png,5,False,580.9964750089687,116.2526368826607,20,#ff0000,Quadrant 2,1,2,22,,#ff0000,,61.80374500198631,4
image_73.png,5,False,644.5647024723374,241.96803319469967,20,#ff0000,Quadrant 4,2,2,22,,#ff0000,,181.11552580195513,4
image_73.png,5,False,345.49214676318746,257.43696812786834,20,#0000ff,Quadrant 3,2,1,22,,#0000ff,,21.027875185201932,4
image_73.png,5,False,104.87605777121718,169.64104236215692,20,#0000ff,Quadrant 1,1,1,22,,#0000ff,,86.53337115371379,4
image_73.png,2,False,56.412737463370874,308.22184730202997,20,#0000ff,Quadrant 3,2,1,22,,#0000ff,,2.24891821540381,4
image_73.png,5,False,431.578284789936,329.97171113881956,20,#ff0000,Quadrant 4,2,2,22,,#ff0000,,350.90084463633036,4
image_73.png,5,False,526.049225787797,27.488206365571685,20,#ff0000,Quadrant 2,1,2,22,,#ff0000,,153.86532268757742,4
image_73.png,5,False,605.0521075727654,177.54260958824128,20,#ff0000,Quadrant 2,1,2,22,,#ff0000,,340.92153798117164,4
image_73.png,2,False,420.0237724206154,268.2234915909082,20,#0000ff,Quadrant 4,2,2,22,,#0000ff,,291.4783155535732,4
image_73.png,2,False,493.7554716680513,384.45427071361325,20,#0000ff,Quadrant 4,2,2,22,,#0000ff,,92.31324677302199,4
image_73.png,2,False,236.46064641847008,121.76744489228174,20,#0000ff,Quadrant 1,1,1,22,,#0000ff,,202.23877620768206,4
image_73.png,5,False,393.62438068430953,91.64197018032745,20,#0000ff,Quadrant 2,1,2,22,,#0000ff,,148.75357012089572,4
image_73.png,2,False,188.1355879623492,372.5758570618791,20,#0000ff,Quadrant 3,2,1,22,,#0000ff,,47.34182219404024,4
image_73.png,2,False,225.17883819144546,214.5226866993222,20,#0000ff,Quadrant 3,2,1,22,,#0000ff,,72.78645105450192,4
image_74.png,2,True,544.7567224268611,261.9874015664497,20,#FF0000,Quadrant 4,2,2,9,240,#FF0000,0,55.342464794562765,3
image_74.png,5,False,482.69103035485875,36.97643937920659,20,#ff0000,Quadrant 2,1,2,9,,#ff0000,,145.1814085233245,3
image_74.png,5,False,550.9497023207706,286.3246283386534,20,#0000ff,Quadrant 4,2,2,9,,#0000ff,,349.4952729150169,3
image_74.png,2,False,618.2218659791131,102.45958694469444,20,#0000ff,Quadrant 2,1,2,9,,#0000ff,,188.64644881351825,3
image_74.png,5,False,290.4801524054144,114.19721126606419,20,#ff0000,Quadrant 1,1,1,9,,#ff0000,,190.77828542717677,3
image_74.png,2,False,319.5374063290505,233.3721114182956,20,#0000ff,Quadrant 3,2,1,9,,#0000ff,,268.3194899151928,3
image_74.png,5,False,652.4238193064783,201.2775731816714,20,#ff0000,Quadrant 4,2,2,9,,#ff0000,,320.75847020631477,3
image_74.png,5,False,167.98968725374843,359.1899146062744,20,#0000ff,Quadrant 3,2,1,9,,#0000ff,,114.45101684386054,3
image_74.png,2,False,383.1923707699867,136.06066639907033,20,#0000ff,Quadrant 2,1,2,9,,#0000ff,,329.40162010225583,3
image_74.png,5,False,649.7112567472939,277.37203510810224,20,#0000ff,Quadrant 4,2,2,9,,#0000ff,,293.86958539456174,3
image_75.png,2,True,261.94901258553955,161.09090793337134,20,#FF0000,Quadrant 1,1,1,27,240,#FF0000,0,126.87811843173341,4
image_75.png,2,False,136.9300884262436,322.7184367901022,20,#0000ff,Quadrant 3,2,1,27,,#0000ff,,74.15639402900318,4
image_75.png,5,False,234.61663625999947,27.066954676056945,20,#ff0000,Quadrant 1,1,1,27,,#ff0000,,324.8328032764607,4
image_75.png,2,False,424.4609150669187,347.22465533234055,20,#0000ff,Quadrant 4,2,2,27,,#0000ff,,239.78966829509008,4
image_75.png,5,False,659.6272090693061,46.817285188944716,20,#0000ff,Quadrant 2,1,2,27,,#0000ff,,280.40730493294996,4
image_75.png,2,False,317.7326110071112,158.06660297815299,20,#0000ff,Quadrant 1,1,1,27,,#0000ff,,253.49745675380981,4
image_75.png,5,False,266.5838863361696,99.37936420081569,20,#ff0000,Quadrant 1,1,1,27,,#ff0000,,258.15123337174725,4
image_75.png,5,False,698.7673046473254,348.5422108267095,20,#0000ff,Quadrant 4,2,2,27,,#0000ff,,245.73165494028873,4
image_75.png,2,False,631.1673886768402,146.07618148317087,20,#0000ff,Quadrant 2,1,2,27,,#0000ff,,282.57608626633174,4
image_75.png,5,False,493.04923260340314,30.192535831326857,20,#ff0000,Quadrant 2,1,2,27,,#ff0000,,273.4367595053029,4
image_75.png,5,False,605.485503842814,362.72953025407395,20,#0000ff,Quadrant 4,2,2,27,,#0000ff,,121.41381529909043,4
image_75.png,5,False,586.1451834827918,48.75957726809619,20,#ff0000,Quadrant 2,1,2,27,,#ff0000,,15.777319253311948,4
image_75.png,5,False,330.4862616205793,219.18143381713034,20,#0000ff,Quadrant 3,2,1,27,,#0000ff,,304.02893130845314,4
image_75.png,2,False,640.3706926396723,262.90943115857635,20,#0000ff,Quadrant 4,2,2,27,,#0000ff,,231.80878765954162,4
image_75.png,5,False,477.8239726989421,92.7356205478126,20,#ff0000,Quadrant 2,1,2,27,,#ff0000,,103.62442541615175,4
image_75.png,5,False,629.2138030001222,55.79961056363273,20,#0000ff,Quadrant 2,1,2,27,,#0000ff,,73.17483729429969,4
image_75.png,2,False,32.657147237208875,92.08589975489909,20,#0000ff,Quadrant 1,1,1,27,,#0000ff,,45.38034243559513,4
image_75.png,5,False,384.9623753698581,247.95345637110537,20,#ff0000,Quadrant 4,2,2,27,,#ff0000,,23.18740744831495,4
image_75.png,2,False,258.4710046311358,298.2668434792471,20,#0000ff,Quadrant 3,2,1,27,,#0000ff,,345.5439677563281,4
image_75.png,5,False,291.8068263532711,195.04546762430004,20,#0000ff,Quadrant 1,1,1,27,,#0000ff,,11.972758929110729,4
image_75.png,2,False,637.1860983588302,217.95425361560692,20,#0000ff,Quadrant 4,2,2,27,,#0000ff,,339.4456527310802,4
image_75.png,2,False,339.99794734304476,27.665578262471385,20,#0000ff,Quadrant 1,1,1,27,,#0000ff,,258.1663766363534,4
image_75.png,5,False,489.43346531443484,58.365814707399394,20,#0000ff,Quadrant 2,1,2,27,,#0000ff,,180.34338247880424,4
image_75.png,2,False,674.631126424173,152.73814572240167,20,#0000ff,Quadrant 2,1,2,27,,#0000ff,,209.17913952171904,4
image_75.png,2,False,270.7371186598208,331.5690413116014,20,#0000ff,Quadrant 3,2,1,27,,#0000ff,,176.6795444864888,4
image_75.png,5,False,161.17871701500258,250.2298134231633,20,#ff0000,Quadrant 3,2,1,27,,#ff0000,,118.11302395834011,4
image_75.png,5,False,226.72838263039714,60.14298039498188,20,#ff0000,Quadrant 1,1,1,27,,#ff0000,,354.73255289058284,4
image_75.png,2,False,327.5117915060938,107.30350109536313,20,#0000ff,Quadrant 1,1,1,27,,#0000ff,,102.91286258456431,4
image_76.png,2,True,518.9506238740418,23.076455518291,20,#FF0000,Quadrant 2,1,2,10,240,#FF0000,0,25.107842128604663,3
image_76.png,2,False,627.6758178459636,170.4233307623538,20,#0000ff,Quadrant 2,1,2,10,,#0000ff,,14.34017473112323,3
image_76.png,5,False,450.03543284987234,373.5304374732318,20,#0000ff,Quadrant 4,2,2,10,,#0000ff,,87.9427054675124,3
image_76.png,2,False,115.36063096470029,352.27840228448093,20,#0000ff,Quadrant 3,2,1,10,,#0000ff,,87.47125897571458,3
image_76.png,2,False,162.54145104784106,62.438648901497274,20,#0000ff,Quadrant 1,1,1,10,,#0000ff,,141.32954776187128,3
image_76.png,5,False,241.47858488445632,379.65440131049,20,#0000ff,Quadrant 3,2,1,10,,#0000ff,,322.69849690945284,3
image_76.png,5,False,697.2595003218403,221.35078201146987,20,#0000ff,Quadrant 4,2,2,10,,#0000ff,,271.52535315993896,3
image_76.png,5,False,604.0248857006496,44.16074558075475,20,#0000ff,Quadrant 2,1,2,10,,#0000ff,,308.59555157731256,3
image_76.png,2,False,42.9876576894612,371.3289749079651,20,#0000ff,Quadrant 3,2,1,10,,#0000ff,,60.29535429393411,3
image_76.png,2,False,618.908369209287,312.3943334609433,20,#0000ff,Quadrant 4,2,2,10,,#0000ff,,241.57312757878353,3
image_76.png,5,False,369.7352580988787,40.38484435309054,20,#0000ff,Quadrant 2,1,2,10,,#0000ff,,133.21583842739702,3
image_77.png,2,True,317.54827103699915,45.33529338863395,20,#FF0000,Quadrant 1,1,1,2,240,#FF0000,0,0.3950542706185889,1
image_77.png,2,False,122.68871989453349,280.7764294015704,20,#0000ff,Quadrant 3,2,1,2,,#0000ff,,123.93080996772156,1
image_77.png,5,False,126.92320977295586,255.5792022839853,20,#ff0000,Quadrant 3,2,1,2,,#ff0000,,252.1526535203805,1
image_78.png,2,True,483.9264679119213,224.77540199240403,20,#FF0000,Quadrant 4,2,2,64,240,#FF0000,0,260.20418376877404,5
image_78.png,2,False,543.460960330162,201.1842325851956,20,#0000ff,Quadrant 4,2,2,64,,#0000ff,,156.144545959754,5
image_78.png,5,False,390.36416511379207,287.06474928907005,20,#0000ff,Quadrant 4,2,2,64,,#0000ff,,119.63366894487818,5
image_78.png,2,False,335.1367288112141,277.10357407552493,20,#0000ff,Quadrant 3,2,1,64,,#0000ff,,248.49625818589584,5
image_78.png,5,False,41.630920100090464,30.03000510972668,20,#ff0000,Quadrant 1,1,1,64,,#ff0000,,200.16466905202753,5
image_78.png,5,False,538.4900491678404,275.3596722056294,20,#ff0000,Quadrant 4,2,2,64,,#ff0000,,172.35007578575667,5
image_78.png,5,False,411.91839447944454,350.90315140157173,20,#0000ff,Quadrant 4,2,2,64,,#0000ff,,183.06731497571877,5
image_78.png,2,False,225.27330935622965,31.1929279303608,20,#0000ff,Quadrant 1,1,1,64,,#0000ff,,346.1201742108497,5
image_78.png,5,False,48.188319708322176,219.35353956221076,20,#ff0000,Quadrant 3,2,1,64,,#ff0000,,58.50488752453696,5
image_78.png,5,False,588.8523519247356,97.42533928999426,20,#ff0000,Quadrant 2,1,2,64,,#ff0000,,225.0979406653616,5
image_78.png,5,False,346.73226235300785,116.37170469408578,20,#0000ff,Quadrant 1,1,1,64,,#0000ff,,99.87275079152032,5
image_78.png,5,False,500.56218701779125,276.0160954584075,20,#ff0000,Quadrant 4,2,2,64,,#ff0000,,207.8187577193949,5
image_78.png,5,False,101.39717585573133,282.00313842227104,20,#0000ff,Quadrant 3,2,1,64,,#0000ff,,78.84630700092843,5
image_78.png,2,False,98.63536723827445,342.0563764201327,20,#0000ff,Quadrant 3,2,1,64,,#0000ff,,306.1751351873006,5
image_78.png,5,False,39.544466242746836,304.64782357973553,20,#0000ff,Quadrant 3,2,1,64,,#0000ff,,258.42683993150877,5
image_78.png,5,False,291.5318597230154,160.63995051742845,20,#ff0000,Quadrant 1,1,1,64,,#ff0000,,319.08091676929996,5
image_78.png,5,False,314.13957983863753,184.72837070014083,20,#ff0000,Quadrant 1,1,1,64,,#ff0000,,336.5649814765427,5
image_78.png,2,False,165.5047727447838,301.268142527731,20,#0000ff,Quadrant 3,2,1,64,,#0000ff,,219.99788815838744,5
image_78.png,2,False,571.1257723086159,380.78991827806846,20,#0000ff,Quadrant 4,2,2,64,,#0000ff,,245.74904291365846,5
image_78.png,5,False,607.1153069212558,26.451367417775266,20,#ff0000,Quadrant 2,1,2,64,,#ff0000,,107.47367006632115,5
image_78.png,2,False,522.15122090202,321.405269446167,20,#0000ff,Quadrant 4,2,2,64,,#0000ff,,303.17286899335625,5
image_78.png,5,False,114.92584151029573,41.678429297739925,20,#0000ff,Quadrant 1,1,1,64,,#0000ff,,141.0775400578443,5
image_78.png,5,False,49.49931141576859,164.41614026288727,20,#0000ff,Quadrant 1,1,1,64,,#0000ff,,5.037157687480698,5
image_78.png,2,False,636.2063002061362,185.0707298117105,20,#0000ff,Quadrant 2,1,2,64,,#0000ff,,302.91645786983133,5
image_78.png,5,False,282.4668423881725,68.82328869249363,20,#0000ff,Quadrant 1,1,1,64,,#0000ff,,84.19243732209083,5
image_78.png,5,False,219.90252306652155,119.46321553280579,20,#0000ff,Quadrant 1,1,1,64,,#0000ff,,130.20138071298626,5
image_78.png,5,False,140.9209504887889,95.94405785601577,20,#0000ff,Quadrant 1,1,1,64,,#0000ff,,217.67729786988858,5
image_78.png,5,False,456.936806317517,153.47909207068295,20,#ff0000,Quadrant 2,1,2,64,,#ff0000,,3.0730103614055215,5
image_78.png,2,False,420.3476758510293,270.77798516668616,20,#0000ff,Quadrant 4,2,2,64,,#0000ff,,341.6916757455343,5
image_78.png,2,False,176.4303334212341,128.60899368682703,20,#0000ff,Quadrant 1,1,1,64,,#0000ff,,53.10680680132813,5
image_78.png,5,False,149.4980925294546,139.07981007016613,20,#0000ff,Quadrant 1,1,1,64,,#0000ff,,94.9210977510894,5
image_78.png,5,False,375.4823777538626,164.34242442682384,20,#0000ff,Quadrant 2,1,2,64,,#0000ff,,305.40221572403607,5
image_78.png,5,False,323.4831413593031,232.82042306047822,20,#0000ff,Quadrant 3,2,1,64,,#0000ff,,119.0970615043027,5
image_78.png,5,False,259.37940773591725,101.69322445265618,20,#0000ff,Quadrant 1,1,1,64,,#0000ff,,340.9161987287745,5
image_78.png,5,False,197.61875966039239,157.15718773000737,20,#ff0000,Quadrant 1,1,1,64,,#ff0000,,356.80615386820347,5
image_78.png,2,False,635.1959493917682,58.806854172734376,20,#0000ff,Quadrant 2,1,2,64,,#0000ff,,155.1268866293417,5
image_78.png,2,False,26.24481957368657,274.74623362214714,20,#0000ff,Quadrant 3,2,1,64,,#0000ff,,102.79825518412942,5
image_78.png,5,False,656.4872380049987,357.65058186114373,20,#ff0000,Quadrant 4,2,2,64,,#ff0000,,333.10549245743334,5
image_78.png,2,False,138.71632899290233,161.8601614778268,20,#0000ff,Quadrant 1,1,1,64,,#0000ff,,293.3157411441846,5
image_78.png,5,False,266.76762101552424,155.12642838131117,20,#0000ff,Quadrant 1,1,1,64,,#0000ff,,283.1498567639477,5
image_78.png,2,False,264.5125385172488,282.1788884435109,20,#0000ff,Quadrant 3,2,1,64,,#0000ff,,49.21519135128733,5
image_78.png,2,False,95.42992932292253,318.55506123658984,20,#0000ff,Quadrant 3,2,1,64,,#0000ff,,65.37335528828312,5
image_78.png,2,False,413.04611445694997,104.67307732714238,20,#0000ff,Quadrant 2,1,2,64,,#0000ff,,234.23945513372288,5
image_78.png,2,False,673.163831995727,268.2931163280166,20,#0000ff,Quadrant 4,2,2,64,,#0000ff,,81.3619702870394,5
image_78.png,2,False,577.324678469215,358.6664627278642,20,#0000ff,Quadrant 4,2,2,64,,#0000ff,,338.45280521436695,5
image_78.png,5,False,318.730920274917,357.30479132009367,20,#0000ff,Quadrant 3,2,1,64,,#0000ff,,262.7602070393697,5
image_78.png,5,False,260.9334460197369,377.4562632195792,20,#ff0000,Quadrant 3,2,1,64,,#ff0000,,56.31062921346344,5
image_78.png,5,False,635.1262126287804,312.45896081721384,20,#0000ff,Quadrant 4,2,2,64,,#0000ff,,155.86040556508937,5
image_78.png,5,False,459.18543856898117,267.5533666332432,20,#ff0000,Quadrant 4,2,2,64,,#ff0000,,303.8909519083758,5
image_78.png,2,False,123.72084439708968,255.98359516978886,20,#0000ff,Quadrant 3,2,1,64,,#0000ff,,231.41369273777627,5
image_78.png,5,False,101.98719122829246,173.53043397750918,20,#0000ff,Quadrant 1,1,1,64,,#0000ff,,166.60767259499346,5
image_78.png,5,False,333.47306921591047,53.13759520152563,20,#ff0000,Quadrant 1,1,1,64,,#ff0000,,67.78809927547357,5
image_78.png,5,False,653.4435996636735,34.769322360260304,20,#0000ff,Quadrant 2,1,2,64,,#0000ff,,292.92170344410994,5
image_78.png,5,False,464.55856986368855,28.248247323532038,20,#ff0000,Quadrant 2,1,2,64,,#ff0000,,233.66777708300825,5
image_78.png,5,False,56.27596823894278,81.42464325487683,20,#ff0000,Quadrant 1,1,1,64,,#ff0000,,262.61576090819005,5
image_78.png,5,False,29.237662362339705,124.824841303349,20,#ff0000,Quadrant 1,1,1,64,,#ff0000,,43.169433721543435,5
image_78.png,5,False,113.21907513159833,67.9934363804463,20,#ff0000,Quadrant 1,1,1,64,,#ff0000,,327.43605468025254,5
image_78.png,5,False,141.98173264194418,208.39631182015927,20,#0000ff,Quadrant 3,2,1,64,,#0000ff,,251.75178573833028,5
image_78.png,2,False,487.2298344211019,324.09948630693503,20,#0000ff,Quadrant 4,2,2,64,,#0000ff,,307.03107513878723,5
image_78.png,5,False,167.15301210882728,172.3385188201567,20,#ff0000,Quadrant 1,1,1,64,,#ff0000,,81.18066375339741,5
image_78.png,5,False,74.1386063784154,29.504963743417186,20,#ff0000,Quadrant 1,1,1,64,,#ff0000,,169.03527545150044,5
image_78.png,2,False,279.0829834067488,199.18132912986582,20,#0000ff,Quadrant 1,1,1,64,,#0000ff,,184.12223389355478,5
image_78.png,5,False,20.75587276793437,58.129526741482366,20,#ff0000,Quadrant 1,1,1,64,,#ff0000,,13.886780705461682,5
image_78.png,2,False,593.4267023729643,322.33086045550533,20,#0000ff,Quadrant 4,2,2,64,,#0000ff,,127.51947367288331,5
image_78.png,5,False,591.0102009866674,175.33240113340474,20,#0000ff,Quadrant 2,1,2,64,,#0000ff,,239.8394307922728,5
image_79.png,2,True,315.96257727097634,110.28381751125394,20,#FF0000,Quadrant 1,1,1,32,240,#FF0000,0,72.10948166811662,4
image_79.png,2,False,685.9981760772815,375.4571849100975,20,#0000ff,Quadrant 4,2,2,32,,#0000ff,,52.25349840175558,4
image_79.png,2,False,117.08440991094047,222.76055042719275,20,#0000ff,Quadrant 3,2,1,32,,#0000ff,,91.35227053589955,4
image_79.png,5,False,270.771561154089,321.3579908000359,20,#ff0000,Quadrant 3,2,1,32,,#ff0000,,145.80985501838896,4
image_79.png,5,False,44.973859677093635,158.27308196997578,20,#ff0000,Quadrant 1,1,1,32,,#ff0000,,133.7726255967639,4
image_79.png,5,False,457.3027058545955,211.93445805422562,20,#0000ff,Quadrant 4,2,2,32,,#0000ff,,24.00087526314028,4
image_79.png,5,False,349.833873808475,50.51664536342361,20,#0000ff,Quadrant 1,1,1,32,,#0000ff,,246.1227146198884,4
image_79.png,2,False,396.0755588069332,126.24860216588033,20,#0000ff,Quadrant 2,1,2,32,,#0000ff,,82.48146465746956,4
image_79.png,5,False,623.1617789695713,38.11662279863716,20,#ff0000,Quadrant 2,1,2,32,,#ff0000,,53.458973801722635,4
image_79.png,5,False,50.501695264180604,307.55804062202117,20,#ff0000,Quadrant 3,2,1,32,,#ff0000,,144.4653484075922,4
image_79.png,5,False,507.1455403660224,259.2896681734305,20,#ff0000,Quadrant 4,2,2,32,,#ff0000,,205.52780582116463,4
image_79.png,5,False,201.74885839096913,190.98239303396971,20,#0000ff,Quadrant 1,1,1,32,,#0000ff,,112.97914909555855,4
image_79.png,2,False,61.105094467888854,76.87780141908046,20,#0000ff,Quadrant 1,1,1,32,,#0000ff,,90.51374111118695,4
image_79.png,2,False,684.396892594857,112.17855259197869,20,#0000ff,Quadrant 2,1,2,32,,#0000ff,,31.13206322582705,4
image_79.png,2,False,198.1456191066571,226.2995175928212,20,#0000ff,Quadrant 3,2,1,32,,#0000ff,,118.78139402103031,4
image_79.png,5,False,156.73725312317865,132.3533285589874,20,#0000ff,Quadrant 1,1,1,32,,#0000ff,,213.27302541222969,4
image_79.png,5,False,120.0657447973726,16.6355765527755,20,#ff0000,Quadrant 1,1,1,32,,#ff0000,,156.45484500752377,4
image_79.png,2,False,466.86471636500886,67.57569077780704,20,#0000ff,Quadrant 2,1,2,32,,#0000ff,,48.94389258643306,4
image_79.png,5,False,438.38959385480507,185.92230195618086,20,#0000ff,Quadrant 2,1,2,32,,#0000ff,,326.1372987984759,4
image_79.png,5,False,668.9199452809876,190.38612517345058,20,#0000ff,Quadrant 2,1,2,32,,#0000ff,,13.08084520624643,4
image_79.png,5,False,170.38237649241916,312.6023738349536,20,#0000ff,Quadrant 3,2,1,32,,#0000ff,,321.55069063748556,4
image_79.png,5,False,30.511357845391128,373.5563667579512,20,#0000ff,Quadrant 3,2,1,32,,#0000ff,,242.98203017764266,4
image_79.png,5,False,590.2147883413008,364.7964271800655,20,#ff0000,Quadrant 4,2,2,32,,#ff0000,,126.87007490846001,4
image_79.png,5,False,74.17820952121961,302.0461629218117,20,#0000ff,Quadrant 3,2,1,32,,#0000ff,,41.50372875438963,4
image_79.png,5,False,668.1771042057014,265.0588996118359,20,#ff0000,Quadrant 4,2,2,32,,#ff0000,,67.8153956764623,4
image_79.png,2,False,110.72015209104116,70.92794686375126,20,#0000ff,Quadrant 1,1,1,32,,#0000ff,,83.94295010632362,4
image_79.png,5,False,544.6964649001781,194.81760270338873,20,#0000ff,Quadrant 2,1,2,32,,#0000ff,,303.1793654595824,4
image_79.png,5,False,398.93480674935716,183.40383719076556,20,#0000ff,Quadrant 2,1,2,32,,#0000ff,,357.54743443283274,4
image_79.png,5,False,386.33655561840305,299.23078425621753,20,#0000ff,Quadrant 4,2,2,32,,#0000ff,,110.22132747849267,4
image_79.png,5,False,319.5521670478296,181.15251400343354,20,#ff0000,Quadrant 1,1,1,32,,#ff0000,,107.18779538618404,4
image_79.png,5,False,149.70003129331477,347.6189741743892,20,#ff0000,Quadrant 3,2,1,32,,#ff0000,,151.12425188599278,4
image_79.png,2,False,238.80122414048824,19.71425683598877,20,#0000ff,Quadrant 1,1,1,32,,#0000ff,,92.49536327156679,4
image_79.png,5,False,162.98705851293343,86.28998078574274,20,#0000ff,Quadrant 1,1,1,32,,#0000ff,,113.3045009646667,4
image_80.png,2,True,674.4284910706707,177.84142397263312,20,#FF0000,Quadrant 2,1,2,60,240,#FF0000,0,221.92513217873667,5
image_80.png,2,False,448.50792757111105,256.72791862010433,20,#0000ff,Quadrant 4,2,2,60,,#0000ff,,39.56758497494074,5
image_80.png,5,False,152.85728100789154,273.60472431945453,20,#ff0000,Quadrant 3,2,1,60,,#ff0000,,80.18645789917288,5
image_80.png,2,False,251.9877897044571,72.05153556144329,20,#0000ff,Quadrant 1,1,1,60,,#0000ff,,64.52865252258228,5
image_80.png,2,False,153.18897568363164,124.29025319772464,20,#0000ff,Quadrant 1,1,1,60,,#0000ff,,148.86916818314504,5
image_80.png,5,False,642.2377812593762,245.6491416340836,20,#0000ff,Quadrant 4,2,2,60,,#0000ff,,221.06934684807894,5
image_80.png,2,False,205.08645626313853,259.5195419958835,20,#0000ff,Quadrant 3,2,1,60,,#0000ff,,125.52513936264191,5
image_80.png,5,False,530.3125631312182,341.6211024122375,20,#ff0000,Quadrant 4,2,2,60,,#ff0000,,350.05487143208626,5
image_80.png,5,False,188.34712977151574,38.59170652378566,20,#ff0000,Quadrant 1,1,1,60,,#ff0000,,110.66095870176855,5
image_80.png,5,False,321.6634867297578,96.58485222846065,20,#0000ff,Quadrant 1,1,1,60,,#0000ff,,99.28366071131045,5
image_80.png,5,False,373.29310638457207,266.5361777715358,20,#0000ff,Quadrant 4,2,2,60,,#0000ff,,94.96596788006596,5
image_80.png,2,False,509.11257576698296,284.50040408594725,20,#0000ff,Quadrant 4,2,2,60,,#0000ff,,46.189333334251835,5
image_80.png,5,False,119.65070247194328,376.6538300142807,20,#ff0000,Quadrant 3,2,1,60,,#ff0000,,35.91322637873738,5
image_80.png,2,False,130.42925355832193,336.23923864187793,20,#0000ff,Quadrant 3,2,1,60,,#0000ff,,22.033418184950207,5
image_80.png,2,False,630.5748308730876,207.0202602255986,20,#0000ff,Quadrant 4,2,2,60,,#0000ff,,117.65645376212217,5
image_80.png,5,False,551.4302477718755,151.06564194906002,20,#ff0000,Quadrant 2,1,2,60,,#ff0000,,226.90701228016562,5
image_80.png,2,False,97.5803885437133,103.39599534750522,20,#0000ff,Quadrant 1,1,1,60,,#0000ff,,309.29166316977563,5
image_80.png,5,False,309.2249040562568,126.05816154336588,20,#ff0000,Quadrant 1,1,1,60,,#ff0000,,100.1295596659675,5
image_80.png,5,False,90.09633259910096,288.3910900839175,20,#0000ff,Quadrant 3,2,1,60,,#0000ff,,49.08975124629326,5
image_80.png,5,False,606.5158932018928,210.87317495970413,20,#ff0000,Quadrant 4,2,2,60,,#ff0000,,309.04980467001815,5
image_80.png,5,False,243.4560754127432,267.11042813481635,20,#ff0000,Quadrant 3,2,1,60,,#ff0000,,119.07625235353483,5
image_80.png,5,False,307.4381971353089,315.7301542298282,20,#0000ff,Quadrant 3,2,1,60,,#0000ff,,199.93580533840782,5
image_80.png,5,False,60.938018243942786,364.25945456989876,20,#ff0000,Quadrant 3,2,1,60,,#ff0000,,79.66341577821332,5
image_80.png,5,False,215.37352809594145,80.38839222495716,20,#ff0000,Quadrant 1,1,1,60,,#ff0000,,318.6064826972282,5
image_80.png,5,False,521.4537010306065,23.657508092482747,20,#0000ff,Quadrant 2,1,2,60,,#0000ff,,335.8037325849344,5
image_80.png,5,False,503.0876718628257,168.1290123513066,20,#ff0000,Quadrant 2,1,2,60,,#ff0000,,238.7828487327278,5
image_80.png,5,False,556.3226437658585,384.68194844518916,20,#ff0000,Quadrant 4,2,2,60,,#ff0000,,11.761034718012855,5
image_80.png,2,False,204.31946732703332,295.7335045055316,20,#0000ff,Quadrant 3,2,1,60,,#0000ff,,204.86911169981926,5
image_80.png,5,False,208.0859498558892,187.07852707506322,20,#ff0000,Quadrant 1,1,1,60,,#ff0000,,157.73550301892072,5
image_80.png,5,False,51.268846488812564,97.32797743991202,20,#ff0000,Quadrant 1,1,1,60,,#ff0000,,302.9300602873661,5
image_80.png,5,False,572.5809815392587,241.39173711056247,20,#0000ff,Quadrant 4,2,2,60,,#0000ff,,58.81302817400789,5
image_80.png,2,False,314.83054021492325,288.4759002452606,20,#0000ff,Quadrant 3,2,1,60,,#0000ff,,146.9849318909687,5
image_80.png,5,False,262.62287015996355,319.3667631599823,20,#0000ff,Quadrant 3,2,1,60,,#0000ff,,281.99275586207153,5
image_80.png,5,False,340.609414890888,241.56531646331524,20,#ff0000,Quadrant 3,2,1,60,,#ff0000,,51.11800282691461,5
image_80.png,2,False,659.7363077962356,76.40970933488681,20,#0000ff,Quadrant 2,1,2,60,,#0000ff,,20.178014547877638,5
image_80.png,5,False,128.56222353060986,21.978399723355935,20,#ff0000,Quadrant 1,1,1,60,,#ff0000,,293.7833042111177,5
image_80.png,5,False,383.1866123150849,184.29510730312998,20,#ff0000,Quadrant 2,1,2,60,,#ff0000,,16.800016505569857,5
image_80.png,2,False,467.0610847263062,61.048239518931524,20,#0000ff,Quadrant 2,1,2,60,,#0000ff,,344.7402615757761,5
image_80.png,5,False,572.0693784162879,283.9962645347114,20,#0000ff,Quadrant 4,2,2,60,,#0000ff,,21.0562887651084,5
image_80.png,5,False,671.3661449923791,325.38148344126444,20,#0000ff,Quadrant 4,2,2,60,,#0000ff,,262.67303317358824,5
image_80.png,5,False,258.8751626598472,215.73386782373052,20,#ff0000,Quadrant 3,2,1,60,,#ff0000,,18.01671817209008,5
image_80.png,2,False,334.2518835315664,67.07174429537974,20,#0000ff,Quadrant 1,1,1,60,,#0000ff,,283.9031249579025,5
image_80.png,5,False,624.799371685554,350.7492505308018,20,#ff0000,Quadrant 4,2,2,60,,#ff0000,,241.05946876018552,5
image_80.png,5,False,344.9798375423163,273.1754909428081,20,#ff0000,Quadrant 3,2,1,60,,#ff0000,,310.6633905826248,5
image_80.png,5,False,437.7847616023243,106.18764014914767,20,#ff0000,Quadrant 2,1,2,60,,#ff0000,,211.59250341195454,5
image_80.png,2,False,395.1562990999521,79.71582689748564,20,#0000ff,Quadrant 2,1,2,60,,#0000ff,,89.91840242827185,5
image_80.png,2,False,114.11127375402756,53.70903795962945,20,#0000ff,Quadrant 1,1,1,60,,#0000ff,,308.57580441336404,5
image_80.png,5,False,483.03335769263066,109.53442436037051,20,#ff0000,Quadrant 2,1,2,60,,#ff0000,,244.48579337731732,5
image_80.png,5,False,615.3970623123438,326.068243227908,20,#0000ff,Quadrant 4,2,2,60,,#0000ff,,108.73509168188795,5
image_80.png,5,False,410.69620956903026,135.96438961058158,20,#0000ff,Quadrant 2,1,2,60,,#0000ff,,183.08684599190437,5
image_80.png,5,False,494.6716645412155,79.66722914699196,20,#ff0000,Quadrant 2,1,2,60,,#ff0000,,92.65631664253065,5
image_80.png,5,False,615.6995749461487,291.1285820428226,20,#ff0000,Quadrant 4,2,2,60,,#ff0000,,57.58499697704843,5
image_80.png,5,False,322.669517865503,199.2470752241796,20,#ff0000,Quadrant 1,1,1,60,,#ff0000,,96.48268510844667,5
image_80.png,5,False,251.66059095372077,42.64425322104418,20,#ff0000,Quadrant 1,1,1,60,,#ff0000,,318.89601158926104,5
image_80.png,5,False,152.08151236723052,51.43433854212865,20,#ff0000,Quadrant 1,1,1,60,,#ff0000,,34.95457522594505,5
image_80.png,5,False,639.15890404349,53.58272979292632,20,#ff0000,Quadrant 2,1,2,60,,#ff0000,,184.09024714372052,5
image_80.png,5,False,385.4300692038293,213.52690490195403,20,#0000ff,Quadrant 4,2,2,60,,#0000ff,,313.1028720494991,5
image_80.png,5,False,82.64304343688342,231.31697146207043,20,#0000ff,Quadrant 3,2,1,60,,#0000ff,,321.7066195833459,5
image_80.png,5,False,51.297985153945454,127.91686932574692,20,#ff0000,Quadrant 1,1,1,60,,#ff0000,,200.25792683217034,5
image_80.png,5,False,475.19261949257134,27.095329943027398,20,#ff0000,Quadrant 2,1,2,60,,#ff0000,,301.3818021212165,5
image_80.png,5,False,357.2060503499594,363.46153199806054,20,#0000ff,Quadrant 4,2,2,60,,#0000ff,,205.20621459264092,5
image_81.png,2,True,545.6215453864636,373.7903101038705,20,#FF0000,Quadrant 4,2,2,7,240,#FF0000,0,187.48115120697915,2
image_81.png,5,False,205.13882531679457,339.94175504843747,20,#ff0000,Quadrant 3,2,1,7,,#ff0000,,229.61011755929573,2
image_81.png,2,False,509.98790421402833,93.29495659441828,20,#0000ff,Quadrant 2,1,2,7,,#0000ff,,214.485602354437,2
image_81.png,2,False,134.36247196604654,84.07040039585688,20,#0000ff,Quadrant 1,1,1,7,,#0000ff,,291.11879417403793,2
image_81.png,5,False,42.33029915316347,72.64996706869854,20,#ff0000,Quadrant 1,1,1,7,,#ff0000,,248.46372323503334,2
image_81.png,5,False,88.69708285397066,287.97531295981906,20,#0000ff,Quadrant 3,2,1,7,,#0000ff,,286.501566694147,2
image_81.png,5,False,534.8821198188299,233.31220002738473,20,#ff0000,Quadrant 4,2,2,7,,#ff0000,,55.23272884739668,2
image_81.png,2,False,364.93052603404874,86.28341896770746,20,#0000ff,Quadrant 2,1,2,7,,#0000ff,,234.60756583450816,2
image_82.png,2,True,485.1621477484095,74.53858835216673,20,#FF0000,Quadrant 2,1,2,30,240,#FF0000,0,7.53723729774479,4
image_82.png,2,False,14.7086422268947,364.9010618653581,20,#0000ff,Quadrant 3,2,1,30,,#0000ff,,0.767141449895985,4
image_82.png,2,False,283.86444088751347,340.98197023886826,20,#0000ff,Quadrant 3,2,1,30,,#0000ff,,69.6210440682609,4
image_82.png,2,False,236.05321019011313,78.83604279248235,20,#0000ff,Quadrant 1,1,1,30,,#0000ff,,227.45098931125378,4
image_82.png,2,False,122.50694801851677,168.97748305236237,20,#0000ff,Quadrant 1,1,1,30,,#0000ff,,199.13426137030484,4
image_82.png,2,False,602.0204584784684,78.02333346732087,20,#0000ff,Quadrant 2,1,2,30,,#0000ff,,336.08245855468226,4
image_82.png,2,False,68.39493081270521,138.09210100792274,20,#0000ff,Quadrant 1,1,1,30,,#0000ff,,324.0461864241524,4
image_82.png,5,False,324.40942469370435,104.68055646175294,20,#ff0000,Quadrant 1,1,1,30,,#ff0000,,63.73192655409709,4
image_82.png,5,False,62.25167307124841,69.60986018870379,20,#ff0000,Quadrant 1,1,1,30,,#ff0000,,0.29537283132298864,4
image_82.png,5,False,424.4596862555629,334.6202874923323,20,#0000ff,Quadrant 4,2,2,30,,#0000ff,,165.9911783440584,4
image_82.png,2,False,537.5708994366163,366.68837565720014,20,#0000ff,Quadrant 4,2,2,30,,#0000ff,,254.96894611151816,4
image_82.png,2,False,343.2898760265316,156.7729577265634,20,#0000ff,Quadrant 1,1,1,30,,#0000ff,,342.96033086206836,4
image_82.png,2,False,509.38929897614764,323.047232434127,20,#0000ff,Quadrant 4,2,2,30,,#0000ff,,271.98635448883385,4
image_82.png,5,False,643.6541924154963,273.63196584457813,20,#0000ff,Quadrant 4,2,2,30,,#0000ff,,42.040398164331535,4
image_82.png,5,False,378.40305488705843,104.34703131396112,20,#0000ff,Quadrant 2,1,2,30,,#0000ff,,208.6399435040531,4
image_82.png,2,False,133.7764098943643,266.3605216167012,20,#0000ff,Quadrant 3,2,1,30,,#0000ff,,237.8668154708466,4
image_82.png,2,False,254.83838662505212,324.52566922908943,20,#0000ff,Quadrant 3,2,1,30,,#0000ff,,220.18880064156605,4
image_82.png,2,False,223.24499983292586,202.7328651414868,20,#0000ff,Quadrant 3,2,1,30,,#0000ff,,161.35825360931756,4
image_82.png,2,False,426.01499607398347,264.69941532975963,20,#0000ff,Quadrant 4,2,2,30,,#0000ff,,117.41410523999966,4
image_82.png,2,False,621.8635627035129,229.98733564991426,20,#0000ff,Quadrant 4,2,2,30,,#0000ff,,265.7426806332927,4
image_82.png,5,False,338.39868710438645,300.1065643679759,20,#0000ff,Quadrant 3,2,1,30,,#0000ff,,96.52214695412343,4
image_82.png,5,False,697.9439367563226,34.78721370525358,20,#0000ff,Quadrant 2,1,2,30,,#0000ff,,212.49564078335902,4
image_82.png,5,False,398.5183112818803,220.12691093637136,20,#0000ff,Quadrant 4,2,2,30,,#0000ff,,174.39523732493612,4
image_82.png,5,False,354.1430302607496,222.35868800457254,20,#0000ff,Quadrant 3,2,1,30,,#0000ff,,246.9605961791995,4
image_82.png,5,False,668.0361345167578,84.15859236889385,20,#ff0000,Quadrant 2,1,2,30,,#ff0000,,99.28785970133889,4
image_82.png,5,False,178.10445704388582,328.1025734040948,20,#ff0000,Quadrant 3,2,1,30,,#ff0000,,147.94325565051733,4
image_82.png,5,False,413.5688451433345,21.566755341392543,20,#0000ff,Quadrant 2,1,2,30,,#0000ff,,105.4682263695155,4
image_82.png,5,False,128.75103122358286,326.89243311825425,20,#ff0000,Quadrant 3,2,1,30,,#ff0000,,117.60012647022997,4
image_82.png,2,False,37.929233881321124,162.2811806617221,20,#0000ff,Quadrant 1,1,1,30,,#0000ff,,346.02461669687284,4
image_82.png,5,False,185.08457881252627,207.59154712746752,20,#0000ff,Quadrant 3,2,1,30,,#0000ff,,192.47086331310103,4
image_82.png,5,False,572.399621789534,219.30265718379115,20,#0000ff,Quadrant 4,2,2,30,,#0000ff,,109.84365731502044,4
image_83.png,2,True,297.6198939393972,338.1566220478757,20,#FF0000,Quadrant 3,2,1,71,240,#FF0000,0,199.19959638377927,6
image_83.png,5,False,648.6380406583137,179.99555550499596,20,#ff0000,Quadrant 2,1,2,71,,#ff0000,,5.244799955009176,6
image_83.png,5,False,157.6564510214464,267.9103628574108,20,#0000ff,Quadrant 3,2,1,71,,#0000ff,,17.007586957718974,6
image_83.png,5,False,623.2485250833877,305.2935178686261,20,#ff0000,Quadrant 4,2,2,71,,#ff0000,,36.656105318535786,6
image_83.png,5,False,678.1180067715602,146.11095603136843,20,#ff0000,Quadrant 2,1,2,71,,#ff0000,,6.223462283743646,6
image_83.png,5,False,539.6380875521496,83.41795673986458,20,#0000ff,Quadrant 2,1,2,71,,#0000ff,,200.86493413136392,6
image_83.png,5,False,403.37325136125656,201.00306530089875,20,#ff0000,Quadrant 4,2,2,71,,#ff0000,,155.51755369884654,6
image_83.png,5,False,376.7346314138153,72.2342918415394,20,#0000ff,Quadrant 2,1,2,71,,#0000ff,,235.30597003246436,6
image_83.png,5,False,95.66104296445957,98.29010183053384,20,#0000ff,Quadrant 1,1,1,71,,#0000ff,,319.88001560908236,6
image_83.png,2,False,184.6727876858554,238.349226780427,20,#0000ff,Quadrant 3,2,1,71,,#0000ff,,341.8898131610037,6
image_83.png,5,False,469.36769036418553,371.87363019207953,20,#0000ff,Quadrant 4,2,2,71,,#0000ff,,174.22126724372166,6
image_83.png,5,False,311.53350392710576,191.56560799299484,20,#0000ff,Quadrant 1,1,1,71,,#0000ff,,220.06145935541647,6
image_83.png,5,False,137.93915637530495,334.2309710855962,20,#ff0000,Quadrant 3,2,1,71,,#ff0000,,276.52262586484665,6
image_83.png,5,False,448.65436478807567,260.4446631183504,20,#ff0000,Quadrant 4,2,2,71,,#ff0000,,77.56374728287196,6
image_83.png,5,False,222.73189026859262,351.4897660088949,20,#0000ff,Quadrant 3,2,1,71,,#0000ff,,93.10312673155528,6
image_83.png,5,False,235.39372902035544,236.7747595178523,20,#0000ff,Quadrant 3,2,1,71,,#0000ff,,246.5043473449964,6
image_83.png,2,False,595.3430802136484,320.1212782979412,20,#0000ff,Quadrant 4,2,2,71,,#0000ff,,61.46008398160339,6
image_83.png,5,False,583.1708860947547,377.4517809886783,20,#0000ff,Quadrant 4,2,2,71,,#0000ff,,2.1983907824427362,6
image_83.png,2,False,161.31317716852772,73.83272574226068,20,#0000ff,Quadrant 1,1,1,71,,#0000ff,,262.315496244813,6
image_83.png,2,False,138.35122871504603,45.55093088549305,20,#0000ff,Quadrant 1,1,1,71,,#0000ff,,45.98128793409712,6
image_83.png,2,False,543.1842168533225,213.63510548233523,20,#0000ff,Quadrant 4,2,2,71,,#0000ff,,56.53905744266156,6
image_83.png,5,False,501.8198282655221,132.42452822228054,20,#ff0000,Quadrant 2,1,2,71,,#ff0000,,200.0466191437438,6
image_83.png,5,False,471.66084336738044,75.3776261770669,20,#ff0000,Quadrant 2,1,2,71,,#ff0000,,65.14007069471577,6
image_83.png,5,False,226.4005648558346,164.49832203774173,20,#0000ff,Quadrant 1,1,1,71,,#0000ff,,256.6089557805526,6
image_83.png,5,False,68.89900964575838,36.159722467447715,20,#ff0000,Quadrant 1,1,1,71,,#ff0000,,132.56762162880005,6
image_83.png,2,False,449.70839760076797,148.31712247891892,20,#0000ff,Quadrant 2,1,2,71,,#0000ff,,190.47348399910786,6
image_83.png,5,False,222.69959978394064,189.27082046167078,20,#ff0000,Quadrant 1,1,1,71,,#ff0000,,161.36526825635795,6
image_83.png,5,False,108.24964462236301,176.700233849238,20,#ff0000,Quadrant 1,1,1,71,,#ff0000,,128.3839231584654,6
image_83.png,5,False,592.5879711195616,56.0131815129659,20,#0000ff,Quadrant 2,1,2,71,,#0000ff,,299.97605893171914,6
image_83.png,5,False,379.14344410498796,95.0088134393029,20,#ff0000,Quadrant 2,1,2,71,,#ff0000,,175.7989405378419,6
image_83.png,2,False,58.298246624279,86.99283330579217,20,#0000ff,Quadrant 1,1,1,71,,#0000ff,,314.5848927162998,6
image_83.png,5,False,364.44311920467914,202.2784321174793,20,#ff0000,Quadrant 4,2,2,71,,#ff0000,,337.0820717027518,6
image_83.png,5,False,338.42508871294694,14.644932149507857,20,#ff0000,Quadrant 1,1,1,71,,#ff0000,,172.7708473473029,6
image_83.png,5,False,584.06350875911,91.40320560520934,20,#ff0000,Quadrant 2,1,2,71,,#ff0000,,147.0937326372959,6
image_83.png,5,False,566.1803559239768,204.48227677420493,20,#0000ff,Quadrant 4,2,2,71,,#0000ff,,173.74713191673462,6
image_83.png,5,False,140.52616033373954,116.54377115232325,20,#0000ff,Quadrant 1,1,1,71,,#0000ff,,246.8012670592354,6
image_83.png,2,False,341.16247140627746,291.59195407647013,20,#0000ff,Quadrant 3,2,1,71,,#0000ff,,31.544043307598205,6
image_83.png,2,False,55.99473565816538,128.32803854983234,20,#0000ff,Quadrant 1,1,1,71,,#0000ff,,211.98612016120015,6
image_83.png,5,False,427.57023791657923,108.12805664474539,20,#0000ff,Quadrant 2,1,2,71,,#0000ff,,49.15861913232411,6
image_83.png,5,False,635.2582441215405,30.904832396101515,20,#0000ff,Quadrant 2,1,2,71,,#0000ff,,94.31752495319218,6
image_83.png,5,False,22.686748333722257,353.4380784812127,20,#ff0000,Quadrant 3,2,1,71,,#ff0000,,82.03501289992182,6
image_83.png,5,False,69.55423854491468,235.70246893784645,20,#0000ff,Quadrant 3,2,1,71,,#0000ff,,34.271879297031646,6
image_83.png,5,False,214.1234329090656,115.68156302164736,20,#0000ff,Quadrant 1,1,1,71,,#0000ff,,61.27242739646431,6
image_83.png,5,False,312.8098505408311,223.07312223536528,20,#0000ff,Quadrant 3,2,1,71,,#0000ff,,209.82201318037787,6
image_83.png,5,False,430.7406673578139,350.13934159616525,20,#ff0000,Quadrant 4,2,2,71,,#ff0000,,263.2061081675643,6
image_83.png,2,False,569.6998919481738,309.5850583352229,20,#0000ff,Quadrant 4,2,2,71,,#0000ff,,333.1585934634754,6
image_83.png,5,False,613.0817082535814,208.7213246381091,20,#ff0000,Quadrant 4,2,2,71,,#ff0000,,178.68230785278823,6
image_83.png,2,False,511.29630301112263,252.2378314079411,20,#0000ff,Quadrant 4,2,2,71,,#0000ff,,29.880063724525805,6
image_83.png,2,False,642.4241245306238,228.89346632579534,20,#0000ff,Quadrant 4,2,2,71,,#0000ff,,99.03680727104542,6
image_83.png,2,False,163.27668957505082,309.3624454829604,20,#0000ff,Quadrant 3,2,1,71,,#0000ff,,210.6724017469682,6
image_83.png,5,False,381.99965833381674,18.812325874102786,20,#ff0000,Quadrant 2,1,2,71,,#ff0000,,268.02486823240906,6
image_83.png,5,False,94.73959419847957,228.60449569782287,20,#0000ff,Quadrant 3,2,1,71,,#0000ff,,268.60636910787787,6
image_83.png,2,False,607.7701591040026,143.13433654485087,20,#0000ff,Quadrant 2,1,2,71,,#0000ff,,48.38439965750715,6
image_83.png,2,False,51.69978696456686,211.76290272189715,20,#0000ff,Quadrant 3,2,1,71,,#0000ff,,15.214512993606903,6
image_83.png,5,False,635.0802622847256,363.5478161389118,20,#ff0000,Quadrant 4,2,2,71,,#ff0000,,144.16593182894857,6
image_83.png,5,False,683.8582398416771,329.1074714290768,20,#ff0000,Quadrant 4,2,2,71,,#ff0000,,351.15398581753254,6
image_83.png,2,False,175.95265491243902,195.21580988721348,20,#0000ff,Quadrant 1,1,1,71,,#0000ff,,295.3480885565764,6
image_83.png,5,False,478.72259848313877,27.09801351643584,20,#0000ff,Quadrant 2,1,2,71,,#0000ff,,141.43945801516446,6
image_83.png,5,False,30.411221662717725,70.87820622248542,20,#0000ff,Quadrant 1,1,1,71,,#0000ff,,65.41587654126334,6
image_83.png,5,False,247.40652848648705,105.26337366926991,20,#0000ff,Quadrant 1,1,1,71,,#0000ff,,147.5493237501901,6
image_83.png,2,False,573.9131485045256,269.157992570213,20,#0000ff,Quadrant 4,2,2,71,,#0000ff,,92.31290925091264,6
image_83.png,2,False,193.9990749770864,379.6682757668888,20,#0000ff,Quadrant 3,2,1,71,,#0000ff,,147.4541075390933,6
image_83.png,2,False,654.2689522700099,203.44362892026467,20,#0000ff,Quadrant 4,2,2,71,,#0000ff,,151.99944412973167,6
image_83.png,2,False,477.06179216828394,182.34272776447526,20,#0000ff,Quadrant 2,1,2,71,,#0000ff,,228.1536025799714,6
image_83.png,2,False,190.22800486515362,296.83281334707914,20,#0000ff,Quadrant 3,2,1,71,,#0000ff,,178.3069585618935,6
image_83.png,5,False,498.0622740639911,325.1777816286798,20,#0000ff,Quadrant 4,2,2,71,,#0000ff,,40.27889868650065,6
image_83.png,5,False,532.9581231653839,328.1963269154277,20,#ff0000,Quadrant 4,2,2,71,,#ff0000,,283.9810255023613,6
image_83.png,5,False,334.75646991548064,257.4180390873706,20,#ff0000,Quadrant 3,2,1,71,,#ff0000,,73.99671403628301,6
image_83.png,2,False,183.98646575933648,98.90321020185894,20,#0000ff,Quadrant 1,1,1,71,,#0000ff,,5.012841661155472,6
image_83.png,2,False,193.24558073732436,74.07260650856665,20,#0000ff,Quadrant 1,1,1,71,,#0000ff,,47.966494601406836,6
image_83.png,2,False,120.93755145019188,151.32547462865693,20,#0000ff,Quadrant 1,1,1,71,,#0000ff,,203.40941427225567,6
image_83.png,2,False,514.1007607555086,221.93191456366367,20,#0000ff,Quadrant 4,2,2,71,,#0000ff,,10.13805964184861,6
image_84.png,2,True,133.26723139830588,40.53261870832355,20,#FF0000,Quadrant 1,1,1,15,240,#FF0000,0,73.68699569999877,3
image_84.png,5,False,216.69909733301168,65.48986227905289,20,#ff0000,Quadrant 1,1,1,15,,#ff0000,,178.56320994431886,3
image_84.png,5,False,624.2609175301728,255.06937489333527,20,#ff0000,Quadrant 4,2,2,15,,#ff0000,,95.40530249221192,3
image_84.png,2,False,581.7932454158324,30.51148952095658,20,#0000ff,Quadrant 2,1,2,15,,#0000ff,,38.83762621942894,3
image_84.png,5,False,308.3869774293925,270.89097805470516,20,#ff0000,Quadrant 3,2,1,15,,#ff0000,,137.72588751690512,3
image_84.png,2,False,286.15648659408396,273.50534001557185,20,#0000ff,Quadrant 3,2,1,15,,#0000ff,,53.751344059526325,3
image_84.png,5,False,173.91108597328102,348.65322935117877,20,#ff0000,Quadrant 3,2,1,15,,#ff0000,,280.5958059822924,3
image_84.png,5,False,259.3093783889202,165.70412032521423,20,#0000ff,Quadrant 1,1,1,15,,#0000ff,,25.228239935985528,3
image_84.png,5,False,226.64906453853303,33.654482500290285,20,#ff0000,Quadrant 1,1,1,15,,#ff0000,,171.286588145565,3
image_84.png,5,False,669.2120040638862,223.84643302137707,20,#ff0000,Quadrant 4,2,2,15,,#ff0000,,49.1621375089422,3
image_84.png,2,False,72.64843915082523,295.496120306445,20,#0000ff,Quadrant 3,2,1,15,,#0000ff,,221.52093742886547,3
image_84.png,5,False,75.43816595680431,88.18527789654249,20,#ff0000,Quadrant 1,1,1,15,,#ff0000,,61.79946405954042,3
image_84.png,5,False,336.6310438624699,39.565651369262454,20,#0000ff,Quadrant 1,1,1,15,,#0000ff,,267.5679861258998,3
image_84.png,5,False,500.152258328524,116.58588885542756,20,#ff0000,Quadrant 2,1,2,15,,#ff0000,,313.2499603326451,3
image_84.png,5,False,324.34904583513384,126.8166495007577,20,#ff0000,Quadrant 1,1,1,15,,#ff0000,,300.3244516422146,3
image_84.png,5,False,110.6981284578235,96.2703318232285,20,#0000ff,Quadrant 1,1,1,15,,#0000ff,,353.97013926665096,3
image_85.png,2,True,74.96880711938925,161.18371370300628,20,#FF0000,Quadrant 1,1,1,6,240,#FF0000,0,129.79652830899423,2
image_85.png,5,False,135.76668173752918,355.4976679843334,20,#ff0000,Quadrant 3,2,1,6,,#ff0000,,51.86546357896654,2
image_85.png,2,False,515.739615594232,365.0042643927974,20,#0000ff,Quadrant 4,2,2,6,,#0000ff,,51.08978646670241,2
image_85.png,5,False,578.2487666707298,312.58212235936134,20,#ff0000,Quadrant 4,2,2,6,,#ff0000,,109.83272751485414,2
image_85.png,5,False,26.574118446411156,265.9243108111227,20,#0000ff,Quadrant 3,2,1,6,,#0000ff,,135.29794411457078,2
image_85.png,5,False,165.78336913818148,60.34789459245471,20,#ff0000,Quadrant 1,1,1,6,,#ff0000,,113.69025732557785,2
image_85.png,5,False,426.2450698378464,124.4408037382039,20,#0000ff,Quadrant 2,1,2,6,,#0000ff,,234.5564437480474,2
image_86.png,2,True,252.67058990248523,155.49614252155223,20,#FF0000,Quadrant 1,1,1,87,240,#FF0000,0,210.36460306061775,6
image_86.png,5,False,84.24113679793491,263.2828085403618,20,#ff0000,Quadrant 3,2,1,87,,#ff0000,,47.308765337442836,6
image_86.png,5,False,307.17839615344553,343.9583589057631,20,#0000ff,Quadrant 3,2,1,87,,#0000ff,,61.4626312997367,6
image_86.png,5,False,394.08578982848195,310.0598830743841,20,#ff0000,Quadrant 4,2,2,87,,#ff0000,,91.90773317537467,6
image_86.png,2,False,272.38536289631344,33.221647464998355,20,#0000ff,Quadrant 1,1,1,87,,#0000ff,,77.00180714502355,6
image_86.png,2,False,189.32553576890325,204.2229576796155,20,#0000ff,Quadrant 3,2,1,87,,#0000ff,,112.30615797808126,6
image_86.png,5,False,395.11077834482865,44.479746723178145,20,#0000ff,Quadrant 2,1,2,87,,#0000ff,,295.51117566709,6
image_86.png,2,False,404.6123362464993,285.46566330512246,20,#0000ff,Quadrant 4,2,2,87,,#0000ff,,18.126686106018802,6
image_86.png,2,False,514.219594425339,59.33015380131425,20,#0000ff,Quadrant 2,1,2,87,,#0000ff,,218.85460306928445,6
image_86.png,5,False,202.95711723930424,112.68786548620199,20,#0000ff,Quadrant 1,1,1,87,,#0000ff,,352.67306926076145,6
image_86.png,5,False,665.9523261332592,201.57613955153735,20,#0000ff,Quadrant 4,2,2,87,,#0000ff,,161.657053679508,6
image_86.png,2,False,140.18175129589113,281.0492099482429,20,#0000ff,Quadrant 3,2,1,87,,#0000ff,,98.75557896055014,6
image_86.png,5,False,522.612562039769,338.4311308972384,20,#0000ff,Quadrant 4,2,2,87,,#0000ff,,247.07492335116973,6
image_86.png,2,False,154.40661634936004,93.32991473933915,20,#0000ff,Quadrant 1,1,1,87,,#0000ff,,0.5364334308633145,6
image_86.png,5,False,211.9749678184253,281.01192508456234,20,#0000ff,Quadrant 3,2,1,87,,#0000ff,,89.52005569324344,6
image_86.png,5,False,87.63739672896602,12.825456613820641,20,#ff0000,Quadrant 1,1,1,87,,#ff0000,,86.13817046394743,6
image_86.png,2,False,12.82592722732787,230.10583255417046,20,#0000ff,Quadrant 3,2,1,87,,#0000ff,,146.229764874247,6
image_86.png,5,False,522.3513807432358,230.98551759488922,20,#ff0000,Quadrant 4,2,2,87,,#ff0000,,336.174770030593,6
image_86.png,5,False,608.0879381135965,217.9977780487187,20,#0000ff,Quadrant 4,2,2,87,,#0000ff,,339.40898945663224,6
image_86.png,5,False,38.99438705225474,19.715798812164607,20,#ff0000,Quadrant 1,1,1,87,,#ff0000,,139.86283487215476,6
image_86.png,2,False,92.81234186462706,47.583245570203125,20,#0000ff,Quadrant 1,1,1,87,,#0000ff,,89.65482232304163,6
image_86.png,5,False,77.22757069480905,344.53981813931165,20,#ff0000,Quadrant 3,2,1,87,,#ff0000,,29.693496634400486,6
image_86.png,5,False,393.59891914524036,150.6256493661291,20,#0000ff,Quadrant 2,1,2,87,,#0000ff,,238.37500853453918,6
image_86.png,5,False,534.109182238766,374.9583403485679,20,#ff0000,Quadrant 4,2,2,87,,#ff0000,,180.4494608264251,6
image_86.png,2,False,175.7905492511301,167.06597259194982,20,#0000ff,Quadrant 1,1,1,87,,#0000ff,,116.61909725181825,6
image_86.png,5,False,661.0368040726006,240.52521377617944,20,#0000ff,Quadrant 4,2,2,87,,#0000ff,,115.7945905254949,6
image_86.png,5,False,496.0929544816169,337.301010585364,20,#0000ff,Quadrant 4,2,2,87,,#0000ff,,209.52167958472276,6
image_86.png,5,False,113.86205921404051,347.67814235261835,20,#ff0000,Quadrant 3,2,1,87,,#ff0000,,348.53255331818974,6
image_86.png,5,False,258.0140828714708,378.0149464668556,20,#0000ff,Quadrant 3,2,1,87,,#0000ff,,284.28070551594624,6
image_86.png,5,False,652.1504101167877,141.19862631255313,20,#ff0000,Quadrant 2,1,2,87,,#ff0000,,57.51699494103035,6
image_86.png,5,False,91.058605418207,169.25835486252117,20,#0000ff,Quadrant 1,1,1,87,,#0000ff,,38.58583388941538,6
image_86.png,5,False,208.64977515913463,338.4529204165347,20,#ff0000,Quadrant 3,2,1,87,,#ff0000,,203.205893087712,6
image_86.png,5,False,52.91342579679677,238.41048617179368,20,#0000ff,Quadrant 3,2,1,87,,#0000ff,,318.0130327598346,6
image_86.png,5,False,48.05587108984104,59.30342053077198,20,#ff0000,Quadrant 1,1,1,87,,#ff0000,,147.0234633123233,6
image_86.png,2,False,509.42692977649205,292.85101652881417,20,#0000ff,Quadrant 4,2,2,87,,#0000ff,,10.664897801750781,6
image_86.png,5,False,517.7102624389904,175.51550366014672,20,#ff0000,Quadrant 2,1,2,87,,#ff0000,,4.150204801507682,6
image_86.png,5,False,542.84176758707,287.13397815289153,20,#0000ff,Quadrant 4,2,2,87,,#0000ff,,344.0593040985079,6
image_86.png,5,False,42.69641006569887,341.8706801493797,20,#0000ff,Quadrant 3,2,1,87,,#0000ff,,137.46084020395722,6
image_86.png,2,False,598.1177295136081,124.34169650603614,20,#0000ff,Quadrant 2,1,2,87,,#0000ff,,355.52726953293893,6
image_86.png,2,False,263.14020162793236,282.84947144278283,20,#0000ff,Quadrant 3,2,1,87,,#0000ff,,85.17521562027696,6
image_86.png,5,False,113.59262648803654,99.78405250754237,20,#ff0000,Quadrant 1,1,1,87,,#ff0000,,177.05451298001367,6
image_86.png,5,False,293.3744617212437,74.9110788679328,20,#ff0000,Quadrant 1,1,1,87,,#ff0000,,176.82085275428233,6
image_86.png,5,False,13.613616563143513,159.1701856276461,20,#0000ff,Quadrant 1,1,1,87,,#0000ff,,163.10275104099233,6
image_86.png,5,False,653.0669130643181,307.03889187627715,20,#ff0000,Quadrant 4,2,2,87,,#ff0000,,336.58106540433806,6
image_86.png,5,False,439.1453992787913,178.04946212548327,20,#0000ff,Quadrant 2,1,2,87,,#0000ff,,344.30136035066255,6
image_86.png,5,False,592.7290270755332,309.6604127861569,20,#0000ff,Quadrant 4,2,2,87,,#0000ff,,183.82922044585143,6
image_86.png,5,False,682.7524186342613,52.14647190848345,20,#0000ff,Quadrant 2,1,2,87,,#0000ff,,13.139794383951564,6
image_86.png,2,False,427.5702592854019,294.9573656519798,20,#0000ff,Quadrant 4,2,2,87,,#0000ff,,303.6515877470375,6
image_86.png,5,False,552.3161003407429,17.498541613078846,20,#0000ff,Quadrant 2,1,2,87,,#0000ff,,92.44004731580267,6
image_86.png,5,False,453.9016653511693,44.241854441947055,20,#ff0000,Quadrant 2,1,2,87,,#ff0000,,288.3707453452033,6
image_86.png,5,False,243.44322663969467,232.79503697324543,20,#ff0000,Quadrant 3,2,1,87,,#ff0000,,110.4202801072972,6
image_86.png,5,False,374.95397643064734,115.79197358911848,20,#ff0000,Quadrant 2,1,2,87,,#ff0000,,260.64563530175565,6
image_86.png,2,False,573.6089268879683,386.34013002019094,20,#0000ff,Quadrant 4,2,2,87,,#0000ff,,304.8272075906563,6
image_86.png,5,False,463.33643794491167,116.44910680573383,20,#ff0000,Quadrant 2,1,2,87,,#ff0000,,111.96075045009249,6
image_86.png,5,False,150.6160378412474,34.61818732181153,20,#ff0000,Quadrant 1,1,1,87,,#ff0000,,355.4835437315963,6
image_86.png,5,False,176.8435832461726,294.58030647610605,20,#ff0000,Quadrant 3,2,1,87,,#ff0000,,292.7848991903627,6
image_86.png,5,False,332.51135718053655,257.54352810759303,20,#ff0000,Quadrant 3,2,1,87,,#ff0000,,212.28984248749046,6
image_86.png,2,False,658.5957499179424,269.4548194138649,20,#0000ff,Quadrant 4,2,2,87,,#0000ff,,273.801462617294,6
image_86.png,5,False,457.48176659861866,330.5615794342239,20,#0000ff,Quadrant 4,2,2,87,,#0000ff,,35.467983256730335,6
image_86.png,2,False,376.2451964477583,277.93180696014747,20,#0000ff,Quadrant 4,2,2,87,,#0000ff,,80.44447572209663,6
image_86.png,5,False,547.9994504633515,237.32534585484234,20,#ff0000,Quadrant 4,2,2,87,,#ff0000,,169.80258769941815,6
image_86.png,5,False,544.901919797833,213.4091086747568,20,#0000ff,Quadrant 4,2,2,87,,#0000ff,,173.2038388889104,6
image_86.png,5,False,475.204389065546,281.7682154442183,20,#0000ff,Quadrant 4,2,2,87,,#0000ff,,196.9307578010318,6
image_86.png,2,False,679.5233326095744,22.89861745810596,20,#0000ff,Quadrant 2,1,2,87,,#0000ff,,167.58795136338,6
image_86.png,5,False,212.98739427903706,312.7961652451473,20,#ff0000,Quadrant 3,2,1,87,,#ff0000,,240.88668340836142,6
image_86.png,2,False,578.9017090480194,158.68576104313368,20,#0000ff,Quadrant 2,1,2,87,,#0000ff,,58.416935125738604,6
image_86.png,5,False,336.31810430978993,158.0168801450742,20,#0000ff,Quadrant 1,1,1,87,,#0000ff,,143.42788338584785,6
image_86.png,5,False,212.76326943811154,35.93227979024995,20,#ff0000,Quadrant 1,1,1,87,,#ff0000,,195.05855134055466,6
image_86.png,2,False,424.8733554754792,316.98705506471265,20,#0000ff,Quadrant 4,2,2,87,,#0000ff,,265.8924743013911,6
image_86.png,5,False,262.29787570353824,316.2511610389354,20,#0000ff,Quadrant 3,2,1,87,,#0000ff,,171.4576221934725,6
image_86.png,5,False,558.195476970463,98.35141422158637,20,#ff0000,Quadrant 2,1,2,87,,#ff0000,,145.5407561112154,6
image_86.png,5,False,540.6394051135159,69.76693991900044,20,#ff0000,Quadrant 2,1,2,87,,#ff0000,,151.42000148778854,6
image_86.png,2,False,181.03273229447572,138.37089322000526,20,#0000ff,Quadrant 1,1,1,87,,#0000ff,,115.22062756184572,6
image_86.png,2,False,238.03638512750732,48.22564919774874,20,#0000ff,Quadrant 1,1,1,87,,#0000ff,,326.738654206429,6
image_86.png,5,False,353.95012163452185,48.21877796230024,20,#0000ff,Quadrant 1,1,1,87,,#0000ff,,275.4276687100783,6
image_86.png,5,False,599.4624485812635,252.7279048356582,20,#ff0000,Quadrant 4,2,2,87,,#ff0000,,55.71521144730592,6
image_86.png,2,False,333.84047094276315,24.86446010591796,20,#0000ff,Quadrant 1,1,1,87,,#0000ff,,278.339080263133,6
image_86.png,5,False,565.995677386245,296.27610807555936,20,#ff0000,Quadrant 4,2,2,87,,#ff0000,,130.19536806895334,6
image_86.png,5,False,508.91280542439057,92.84192570247941,20,#0000ff,Quadrant 2,1,2,87,,#0000ff,,173.2155981603906,6
image_86.png,5,False,61.225325212849185,125.04793401234103,20,#0000ff,Quadrant 1,1,1,87,,#0000ff,,106.74246620894714,6
image_86.png,5,False,139.11024322655322,206.12148956370555,20,#ff0000,Quadrant 3,2,1,87,,#ff0000,,321.66106076771445,6
image_86.png,5,False,388.90950905673753,359.08011030804505,20,#0000ff,Quadrant 4,2,2,87,,#0000ff,,74.96849493374292,6
image_86.png,2,False,291.03507339424976,264.9486884948852,20,#0000ff,Quadrant 3,2,1,87,,#0000ff,,218.65732683809517,6
image_86.png,2,False,655.9911717069477,386.59900145753676,20,#0000ff,Quadrant 4,2,2,87,,#0000ff,,186.12449147304977,6
image_86.png,5,False,299.0847123964008,42.67942571448823,20,#0000ff,Quadrant 1,1,1,87,,#0000ff,,72.00532680731847,6
image_86.png,2,False,188.32956819248594,14.339465773063058,20,#0000ff,Quadrant 1,1,1,87,,#0000ff,,154.46314917919116,6
image_86.png,5,False,50.80560181004972,190.05481133663974,20,#0000ff,Quadrant 1,1,1,87,,#0000ff,,148.13779892089562,6
image_86.png,2,False,248.19645525874296,71.02081306974827,20,#0000ff,Quadrant 1,1,1,87,,#0000ff,,255.8447796258355,6
image_87.png,2,True,603.7559248304515,294.3409281857079,20,#FF0000,Quadrant 4,2,2,6,240,#FF0000,0,171.66847464159756,2
image_87.png,2,False,513.0348330743668,79.13917956160395,20,#0000ff,Quadrant 2,1,2,6,,#0000ff,,46.88565048544851,2
image_87.png,5,False,535.7263653105703,326.9764793492114,20,#0000ff,Quadrant 4,2,2,6,,#0000ff,,37.1834799521421,2
image_87.png,5,False,94.15679796369798,196.9078843019739,20,#ff0000,Quadrant 1,1,1,6,,#ff0000,,153.3334930124061,2
image_87.png,5,False,213.92979284820314,244.14589741669187,20,#ff0000,Quadrant 3,2,1,6,,#ff0000,,20.59422016589054,2
image_87.png,5,False,587.7961526562547,163.7680629652221,20,#ff0000,Quadrant 2,1,2,6,,#ff0000,,104.02204227860084,2
image_87.png,5,False,586.6909869440549,372.1237789445003,20,#ff0000,Quadrant 4,2,2,6,,#ff0000,,338.39890507819894,2
image_88.png,2,True,284.89174218543855,198.28223896992165,20,#FF0000,Quadrant 1,1,1,3,240,#FF0000,0,66.3785004936082,1
image_88.png,2,False,301.96668670659506,20.553301663971542,20,#0000ff,Quadrant 1,1,1,3,,#0000ff,,27.875578863903932,1
image_88.png,5,False,622.1837648471969,18.30553247303854,20,#ff0000,Quadrant 2,1,2,3,,#ff0000,,167.23912207837182,1
image_88.png,5,False,547.4088089026782,346.729112963675,20,#ff0000,Quadrant 4,2,2,3,,#ff0000,,160.43336003537343,1
image_89.png,2,True,327.13938869132795,106.93835889218812,20,#FF0000,Quadrant 1,1,1,6,240,#FF0000,0,148.7767772424747,2
image_89.png,5,False,408.9471676889887,333.36276156279496,20,#ff0000,Quadrant 4,2,2,6,,#ff0000,,100.67866903263806,2
image_89.png,5,False,550.1561050984358,174.76140941694104,20,#0000ff,Quadrant 2,1,2,6,,#0000ff,,202.75250926844282,2
image_89.png,5,False,118.67261996114802,143.22215077851473,20,#ff0000,Quadrant 1,1,1,6,,#ff0000,,93.63944129579964,2
image_89.png,2,False,161.8798568516396,239.5808613821825,20,#0000ff,Quadrant 3,2,1,6,,#0000ff,,251.59709466475493,2
image_89.png,2,False,694.0101660589742,197.45087653479672,20,#0000ff,Quadrant 2,1,2,6,,#0000ff,,252.2571609681943,2
image_89.png,5,False,460.3777909495328,123.8198229113772,20,#ff0000,Quadrant 2,1,2,6,,#ff0000,,79.9951225914225,2
image_90.png,2,True,322.8155618179331,255.14326570306912,20,#FF0000,Quadrant 3,2,1,8,240,#FF0000,0,258.66946780026905,2
image_90.png,5,False,323.54230674069896,73.8252789752236,20,#0000ff,Quadrant 1,1,1,8,,#0000ff,,296.6626091434983,2
image_90.png,5,False,416.20924007218036,111.08494631689815,20,#ff0000,Quadrant 2,1,2,8,,#ff0000,,351.802976682389,2
image_90.png,5,False,11.393101665403817,335.76341602532364,20,#0000ff,Quadrant 3,2,1,8,,#0000ff,,162.95168295653866,2
image_90.png,5,False,299.4814408458662,198.17112436611308,20,#0000ff,Quadrant 1,1,1,8,,#0000ff,,293.7832304910132,2
image_90.png,2,False,25.95157449607703,27.856853576392155,20,#0000ff,Quadrant 1,1,1,8,,#0000ff,,304.735510301392,2
image_90.png,5,False,661.75807292173,344.4401168497992,20,#0000ff,Quadrant 4,2,2,8,,#0000ff,,279.5866222463596,2
image_90.png,5,False,640.6562500583813,232.04743775065592,20,#ff0000,Quadrant 4,2,2,8,,#ff0000,,195.19700352901245,2
image_90.png,2,False,130.41276435941614,372.89889649613264,20,#0000ff,Quadrant 3,2,1,8,,#0000ff,,89.01582832831433,2
image_91.png,2,True,268.85104367243633,257.44693750460686,20,#FF0000,Quadrant 3,2,1,1,240,#FF0000,0,55.42712458559497,1
image_91.png,2,False,599.0663312203446,33.44547785007471,20,#0000ff,Quadrant 2,1,2,1,,#0000ff,,119.29851028218032,1
image_92.png,2,True,481.55281467997577,23.62151374996994,20,#FF0000,Quadrant 2,1,2,14,240,#FF0000,0,286.6372670117681,3
image_92.png,5,False,411.2368367124968,318.37424583403134,20,#ff0000,Quadrant 4,2,2,14,,#ff0000,,307.91383017402325,3
image_92.png,2,False,531.2315251939145,103.83802846713947,20,#0000ff,Quadrant 2,1,2,14,,#0000ff,,224.5613869258074,3
image_92.png,5,False,282.54471677009013,72.69390159705353,20,#ff0000,Quadrant 1,1,1,14,,#ff0000,,305.92867857712747,3
image_92.png,2,False,381.2711051208036,142.0978167602195,20,#0000ff,Quadrant 2,1,2,14,,#0000ff,,2.6072863658104772,3
image_92.png,2,False,73.33098252420119,343.5280454990244,20,#0000ff,Quadrant 3,2,1,14,,#0000ff,,270.9570906853692,3
image_92.png,2,False,528.6848659241801,159.48663985979195,20,#0000ff,Quadrant 2,1,2,14,,#0000ff,,280.82726866008574,3
image_92.png,5,False,62.8499781675125,184.79900667666064,20,#0000ff,Quadrant 1,1,1,14,,#0000ff,,144.53585975849367,3
image_92.png,5,False,635.5195504520644,156.12583535083667,20,#ff0000,Quadrant 2,1,2,14,,#ff0000,,57.61912035646996,3
image_92.png,5,False,495.36054440465665,48.752583548809895,20,#ff0000,Quadrant 2,1,2,14,,#ff0000,,160.68187793616107,3
image_92.png,5,False,99.26698820682007,171.1027312664613,20,#0000ff,Quadrant 1,1,1,14,,#0000ff,,260.1169647595407,3
image_92.png,5,False,471.100278569381,203.28706622102786,20,#0000ff,Quadrant 4,2,2,14,,#0000ff,,114.66069142827476,3
image_92.png,2,False,629.2390817853183,64.62573242977989,20,#0000ff,Quadrant 2,1,2,14,,#0000ff,,137.91424987494065,3
image_92.png,5,False,568.1609178564385,97.39894162116933,20,#0000ff,Quadrant 2,1,2,14,,#0000ff,,43.36759002122873,3
image_92.png,5,False,197.36217785691593,83.21760473273244,20,#ff0000,Quadrant 1,1,1,14,,#ff0000,,314.8415730109385,3
image_93.png,2,True,75.82604513804675,90.33605088355121,20,#FF0000,Quadrant 1,1,1,14,240,#FF0000,0,3.575913864420497,3
image_93.png,5,False,80.15321657001914,252.86226315584406,20,#ff0000,Quadrant 3,2,1,14,,#ff0000,,277.88149722104254,3
image_93.png,5,False,45.015495125246275,332.81120885112193,20,#0000ff,Quadrant 3,2,1,14,,#0000ff,,239.82853846903024,3
image_93.png,2,False,190.77961856252634,239.86563000161766,20,#0000ff,Quadrant 3,2,1,14,,#0000ff,,229.57605011967362,3
image_93.png,5,False,184.1624289566205,60.62848642436418,20,#0000ff,Quadrant 1,1,1,14,,#0000ff,,249.27269001938134,3
image_93.png,5,False,382.8537311565016,52.37638154093092,20,#0000ff,Quadrant 2,1,2,14,,#0000ff,,252.14831095514828,3
image_93.png,5,False,308.24979826418087,250.66990004832326,20,#0000ff,Quadrant 3,2,1,14,,#0000ff,,177.34974157006326,3
image_93.png,2,False,612.2262776230665,367.3617783606529,20,#0000ff,Quadrant 4,2,2,14,,#0000ff,,34.2990008657324,3
image_93.png,5,False,385.05927624954194,120.55805460284076,20,#0000ff,Quadrant 2,1,2,14,,#0000ff,,168.21718110075733,3
image_93.png,5,False,369.11831056186173,251.61204937328722,20,#ff0000,Quadrant 4,2,2,14,,#ff0000,,20.638820216293237,3
image_93.png,5,False,384.08376420563167,378.6656784332438,20,#0000ff,Quadrant 4,2,2,14,,#0000ff,,298.63523860256544,3
image_93.png,5,False,340.2220731153953,163.91263932039325,20,#0000ff,Quadrant 1,1,1,14,,#0000ff,,255.81652645576366,3
image_93.png,5,False,464.68042051584445,305.43124594994265,20,#0000ff,Quadrant 4,2,2,14,,#0000ff,,173.6118072652708,3
image_93.png,5,False,605.0995765143341,252.0309272461433,20,#0000ff,Quadrant 4,2,2,14,,#0000ff,,332.6319977493161,3
image_93.png,2,False,414.47993939327733,74.79619666904044,20,#0000ff,Quadrant 2,1,2,14,,#0000ff,,28.85511549461494,3
image_94.png,2,True,253.9887706377549,311.81784879322464,20,#FF0000,Quadrant 3,2,1,1,240,#FF0000,0,191.9821094424007,1
image_94.png,5,False,290.55141652937095,297.12065815735525,20,#0000ff,Quadrant 3,2,1,1,,#0000ff,,336.1774366261559,1
image_95.png,2,True,534.9700601592283,343.94689303745236,20,#FF0000,Quadrant 4,2,2,8,240,#FF0000,0,67.93306031848233,2
image_95.png,5,False,73.45073405202663,368.49879162074046,20,#ff0000,Quadrant 3,2,1,8,,#ff0000,,232.60286900830607,2
image_95.png,2,False,406.07099805457244,235.54018303994894,20,#0000ff,Quadrant 4,2,2,8,,#0000ff,,103.49046412932407,2
image_95.png,2,False,583.8864665024502,178.59916024676198,20,#0000ff,Quadrant 2,1,2,8,,#0000ff,,141.99083761339435,2
image_95.png,5,False,191.70830306327622,325.134689294705,20,#ff0000,Quadrant 3,2,1,8,,#ff0000,,143.4606903798045,2
image_95.png,2,False,259.94018306197677,84.4096063671422,20,#0000ff,Quadrant 1,1,1,8,,#0000ff,,346.634299226526,2
image_95.png,5,False,456.7939600356218,18.09243508497397,20,#ff0000,Quadrant 2,1,2,8,,#ff0000,,300.94339357774345,2
image_95.png,5,False,133.3915931332781,71.60175461022645,20,#ff0000,Quadrant 1,1,1,8,,#ff0000,,193.9475931443818,2
image_95.png,5,False,418.80961861529073,155.51752631458095,20,#ff0000,Quadrant 2,1,2,8,,#ff0000,,31.263659163337728,2
image_96.png,2,True,465.1032497188472,132.10016100995438,20,#FF0000,Quadrant 2,1,2,42,240,#FF0000,0,166.10529225250534,5
image_96.png,5,False,87.40822571717243,269.9630159056257,20,#ff0000,Quadrant 3,2,1,42,,#ff0000,,101.15517693820578,5
image_96.png,5,False,311.3533198210782,60.06406006044621,20,#ff0000,Quadrant 1,1,1,42,,#ff0000,,170.64058446304443,5
image_96.png,2,False,502.4142472016941,144.80768342243306,20,#0000ff,Quadrant 2,1,2,42,,#0000ff,,255.13615391596974,5
image_96.png,2,False,130.5167998501725,113.58046953486797,20,#0000ff,Quadrant 1,1,1,42,,#0000ff,,82.17690144993648,5
image_96.png,2,False,465.07496497047276,335.09330287775447,20,#0000ff,Quadrant 4,2,2,42,,#0000ff,,297.41844827845586,5
image_96.png,5,False,453.9678309969171,310.5892715402578,20,#0000ff,Quadrant 4,2,2,42,,#0000ff,,41.279829773866304,5
image_96.png,5,False,675.8833465941473,124.27536585828648,20,#0000ff,Quadrant 2,1,2,42,,#0000ff,,256.5184667224828,5
image_96.png,2,False,574.0007486881989,54.962988823790994,20,#0000ff,Quadrant 2,1,2,42,,#0000ff,,99.36784270386507,5
image_96.png,5,False,334.73929963038285,349.219159132247,20,#0000ff,Quadrant 3,2,1,42,,#0000ff,,64.32376151540818,5
image_96.png,5,False,627.1696700744781,295.2756032046841,20,#ff0000,Quadrant 4,2,2,42,,#ff0000,,342.3678993529109,5
image_96.png,2,False,427.43515999173184,79.0629630964205,20,#0000ff,Quadrant 2,1,2,42,,#0000ff,,284.41407926650965,5
image_96.png,5,False,568.299024618111,189.93819551099875,20,#ff0000,Quadrant 2,1,2,42,,#ff0000,,316.79982240709717,5
image_96.png,5,False,315.1110265450438,388.246043359586,20,#ff0000,Quadrant 3,2,1,42,,#ff0000,,184.1749402744505,5
image_96.png,2,False,491.4625872218326,26.564668010722208,20,#0000ff,Quadrant 2,1,2,42,,#0000ff,,62.07678875268029,5
image_96.png,5,False,317.80916935930054,111.77809083182623,20,#ff0000,Quadrant 1,1,1,42,,#ff0000,,201.73028974912583,5
image_96.png,5,False,356.17739889530276,157.9366059485272,20,#0000ff,Quadrant 2,1,2,42,,#0000ff,,286.607004930775,5
image_96.png,5,False,698.2314957188636,73.56194692609893,20,#0000ff,Quadrant 2,1,2,42,,#0000ff,,205.2981388114987,5
image_96.png,5,False,271.78672481465304,298.6826234438736,20,#ff0000,Quadrant 3,2,1,42,,#ff0000,,268.328619607851,5
image_96.png,5,False,333.1836205062799,85.79107958779696,20,#0000ff,Quadrant 1,1,1,42,,#0000ff,,101.11463343916228,5
image_96.png,5,False,19.32859135944553,372.8512270094043,20,#ff0000,Quadrant 3,2,1,42,,#ff0000,,22.75893952713386,5
image_96.png,5,False,243.34193314009138,345.7705532036421,20,#0000ff,Quadrant 3,2,1,42,,#0000ff,,180.3095319478429,5
image_96.png,5,False,280.27141876736175,116.28325418102966,20,#ff0000,Quadrant 1,1,1,42,,#ff0000,,62.77718806932335,5
image_96.png,5,False,33.39345185226701,306.2227360703167,20,#ff0000,Quadrant 3,2,1,42,,#ff0000,,300.6824642964448,5
image_96.png,5,False,596.0158888772635,60.659222400389815,20,#ff0000,Quadrant 2,1,2,42,,#ff0000,,322.5950621744527,5
image_96.png,2,False,648.0606294236641,351.70236313825404,20,#0000ff,Quadrant 4,2,2,42,,#0000ff,,145.48757820757453,5
image_96.png,5,False,618.8826840681635,43.934353905607786,20,#ff0000,Quadrant 2,1,2,42,,#ff0000,,237.28376438391552,5
image_96.png,2,False,113.76622022678777,190.69286378817304,20,#0000ff,Quadrant 1,1,1,42,,#0000ff,,337.81768367835707,5
image_96.png,5,False,491.58046802950486,256.6289657801046,20,#ff0000,Quadrant 4,2,2,42,,#ff0000,,120.42774092229821,5
image_96.png,5,False,173.73345819370365,166.69723566320337,20,#ff0000,Quadrant 1,1,1,42,,#ff0000,,104.4201376398316,5
image_96.png,5,False,36.15192994489293,277.82562362950983,20,#0000ff,Quadrant 3,2,1,42,,#0000ff,,121.48593368972165,5
image_96.png,2,False,418.9845526653236,103.85461382464753,20,#0000ff,Quadrant 2,1,2,42,,#0000ff,,329.34486264683363,5
image_96.png,5,False,601.9013380448021,355.44288208493913,20,#ff0000,Quadrant 4,2,2,42,,#ff0000,,147.71254121979266,5
image_96.png,5,False,542.286079940942,181.90210160654948,20,#0000ff,Quadrant 2,1,2,42,,#0000ff,,221.15101133146945,5
image_96.png,2,False,534.5900517852521,266.62355059360266,20,#0000ff,Quadrant 4,2,2,42,,#0000ff,,78.4907953505016,5
image_96.png,5,False,488.8900636415559,339.2771105503657,20,#0000ff,Quadrant 4,2,2,42,,#0000ff,,250.6952096925185,5
image_96.png,5,False,592.4020522085933,312.9539473640106,20,#ff0000,Quadrant 4,2,2,42,,#ff0000,,8.665342234676729,5
image_96.png,5,False,449.75563178620337,226.83864338832373,20,#ff0000,Quadrant 4,2,2,42,,#ff0000,,303.783301424,5
image_96.png,2,False,601.0923940282518,170.7380542544113,20,#0000ff,Quadrant 2,1,2,42,,#0000ff,,94.4502290580288,5
image_96.png,5,False,316.07673634954205,164.8970150776585,20,#ff0000,Quadrant 1,1,1,42,,#ff0000,,245.8058355777253,5
image_96.png,2,False,673.9263945436358,349.8065180220561,20,#0000ff,Quadrant 4,2,2,42,,#0000ff,,208.03695630383282,5
image_96.png,5,False,568.8037223798724,230.75193347799546,20,#ff0000,Quadrant 4,2,2,42,,#ff0000,,68.99682804690254,5
image_96.png,5,False,641.0354677013746,13.29665370145235,20,#0000ff,Quadrant 2,1,2,42,,#0000ff,,164.71481163437352,5
image_97.png,2,True,415.6581529315144,70.62385732992183,20,#FF0000,Quadrant 2,1,2,49,240,#FF0000,0,61.78164143771713,5
image_97.png,2,False,490.16921145056136,213.44252568239048,20,#0000ff,Quadrant 4,2,2,49,,#0000ff,,74.24886091401268,5
image_97.png,5,False,692.8117307407892,238.36853292361164,20,#0000ff,Quadrant 4,2,2,49,,#0000ff,,108.89528190606558,5
image_97.png,2,False,431.6315997772961,169.21068727943566,20,#0000ff,Quadrant 2,1,2,49,,#0000ff,,279.03147133893583,5
image_97.png,5,False,54.757977843768295,139.51190392509724,20,#ff0000,Quadrant 1,1,1,49,,#ff0000,,215.57318377992212,5
image_97.png,2,False,189.08138361130153,240.54359007276395,20,#0000ff,Quadrant 3,2,1,49,,#0000ff,,0.7170332404314683,5
image_97.png,5,False,639.6868569418925,291.66467819543544,20,#ff0000,Quadrant 4,2,2,49,,#ff0000,,83.52009297987836,5
image_97.png,2,False,491.4911906203253,306.90218060800186,20,#0000ff,Quadrant 4,2,2,49,,#0000ff,,292.2203020717893,5
image_97.png,2,False,87.92412456454748,189.2179194819571,20,#0000ff,Quadrant 1,1,1,49,,#0000ff,,260.88450606137354,5
image_97.png,5,False,668.2013809500288,113.4679779614236,20,#ff0000,Quadrant 2,1,2,49,,#ff0000,,228.24636709456038,5
image_97.png,5,False,459.1885646378979,106.48194887920526,20,#ff0000,Quadrant 2,1,2,49,,#ff0000,,37.06421357885689,5
image_97.png,5,False,320.2013594714973,28.532149443458227,20,#ff0000,Quadrant 1,1,1,49,,#ff0000,,71.89673586348933,5
image_97.png,5,False,684.3779832015656,166.83665721451092,20,#ff0000,Quadrant 2,1,2,49,,#ff0000,,337.28967082252905,5
image_97.png,5,False,44.01970174365864,22.75119861946317,20,#ff0000,Quadrant 1,1,1,49,,#ff0000,,160.65595385984167,5
image_97.png,5,False,375.268880986433,238.0412688667964,20,#ff0000,Quadrant 4,2,2,49,,#ff0000,,144.7600198841106,5
image_97.png,5,False,541.801614619284,325.8451126596161,20,#ff0000,Quadrant 4,2,2,49,,#ff0000,,234.4615160915461,5
image_97.png,5,False,24.25674177941839,66.68135222179123,20,#ff0000,Quadrant 1,1,1,49,,#ff0000,,237.78481324193797,5
image_97.png,2,False,332.71247994897743,115.18061118999827,20,#0000ff,Quadrant 1,1,1,49,,#0000ff,,230.97093696046252,5
image_97.png,2,False,302.4348388212457,234.90312784232108,20,#0000ff,Quadrant 3,2,1,49,,#0000ff,,194.3412834464431,5
image_97.png,5,False,129.15695715001561,189.50968990864322,20,#ff0000,Quadrant 1,1,1,49,,#ff0000,,309.08864229667427,5
image_97.png,5,False,532.8554717248392,77.23704002672672,20,#ff0000,Quadrant 2,1,2,49,,#ff0000,,20.454691267139793,5
image_97.png,2,False,618.9482154867324,117.0709703848085,20,#0000ff,Quadrant 2,1,2,49,,#0000ff,,242.10642072921826,5
image_97.png,5,False,273.8432967455498,257.0631587170571,20,#0000ff,Quadrant 3,2,1,49,,#0000ff,,289.1047031741616,5
image_97.png,5,False,479.8416300556783,341.76698940367265,20,#ff0000,Quadrant 4,2,2,49,,#ff0000,,359.3951364449519,5
image_97.png,5,False,464.10668710759086,152.34742745199023,20,#ff0000,Quadrant 2,1,2,49,,#ff0000,,107.37237318180695,5
image_97.png,2,False,657.8248985934043,70.04741848766525,20,#0000ff,Quadrant 2,1,2,49,,#0000ff,,210.80407643622843,5
image_97.png,5,False,17.169950998117653,219.39884765282773,20,#0000ff,Quadrant 3,2,1,49,,#0000ff,,131.12347103291634,5
image_97.png,2,False,573.4736903875777,277.19363255967147,20,#0000ff,Quadrant 4,2,2,49,,#0000ff,,145.82485866733268,5
image_97.png,5,False,320.26406572408933,60.84276542897463,20,#ff0000,Quadrant 1,1,1,49,,#ff0000,,233.64907200616761,5
image_97.png,5,False,102.6077959078109,300.1152337711168,20,#ff0000,Quadrant 3,2,1,49,,#ff0000,,135.15574600225855,5
image_97.png,5,False,164.16875934748668,299.8291507260322,20,#ff0000,Quadrant 3,2,1,49,,#ff0000,,126.69500744156187,5
image_97.png,5,False,572.6400926030801,309.53413674837293,20,#ff0000,Quadrant 4,2,2,49,,#ff0000,,251.96843558403734,5
image_97.png,5,False,612.9820281540921,323.63210065094717,20,#ff0000,Quadrant 4,2,2,49,,#ff0000,,349.52302670110583,5
image_97.png,5,False,613.3777520426316,226.44319922304783,20,#ff0000,Quadrant 4,2,2,49,,#ff0000,,42.788318446428605,5
image_97.png,5,False,201.47076476379732,280.24947250801955,20,#ff0000,Quadrant 3,2,1,49,,#ff0000,,186.3974745049918,5
image_97.png,5,False,330.41537899058903,304.1249509619423,20,#0000ff,Quadrant 3,2,1,49,,#0000ff,,145.16357608472543,5
image_97.png,5,False,100.1206112793243,230.79823977750323,20,#ff0000,Quadrant 3,2,1,49,,#ff0000,,210.71058263278346,5
image_97.png,5,False,45.792927559141965,107.98432661821101,20,#ff0000,Quadrant 1,1,1,49,,#ff0000,,48.55984054102076,5
image_97.png,5,False,61.07063447622493,182.50045244828817,20,#ff0000,Quadrant 1,1,1,49,,#ff0000,,150.10303723317273,5
image_97.png,2,False,248.53456030579076,241.6831277193935,20,#0000ff,Quadrant 3,2,1,49,,#0000ff,,68.09176744009939,5
image_97.png,5,False,517.2798537013637,338.0309768439768,20,#0000ff,Quadrant 4,2,2,49,,#0000ff,,270.5384308027071,5
image_97.png,2,False,181.2236899775414,209.52252578189945,20,#0000ff,Quadrant 3,2,1,49,,#0000ff,,108.39883568667244,5
image_97.png,2,False,571.224845641824,47.15405426730284,20,#0000ff,Quadrant 2,1,2,49,,#0000ff,,322.27660938265274,5
image_97.png,5,False,14.044710285205497,36.136440615848464,20,#ff0000,Quadrant 1,1,1,49,,#ff0000,,3.543670256131466,5
image_97.png,5,False,464.51658704276576,187.30311634778738,20,#ff0000,Quadrant 2,1,2,49,,#ff0000,,234.8537197142835,5
image_97.png,5,False,510.09554556517406,367.7923316765879,20,#ff0000,Quadrant 4,2,2,49,,#ff0000,,302.427278325694,5
image_97.png,5,False,610.9227697465143,287.35171350632766,20,#ff0000,Quadrant 4,2,2,49,,#ff0000,,307.04654494041245,5
image_97.png,2,False,592.2517613657983,188.68922486935114,20,#0000ff,Quadrant 2,1,2,49,,#0000ff,,324.4080027103752,5
image_97.png,5,False,584.8152204347275,156.0553967081932,20,#ff0000,Quadrant 2,1,2,49,,#ff0000,,231.99385551960017,5
image_97.png,5,False,32.34538610195282,363.4804857904699,20,#0000ff,Quadrant 3,2,1,49,,#0000ff,,299.3942997125231,5
image_98.png,2,True,190.84193912106622,353.37125957404635,20,#FF0000,Quadrant 3,2,1,39,240,#FF0000,0,224.05869200512615,5
image_98.png,2,False,641.692477517353,225.84954298572535,20,#0000ff,Quadrant 4,2,2,39,,#0000ff,,144.24435708699258,5
image_98.png,5,False,101.74721939019788,12.630632312567307,20,#0000ff,Quadrant 1,1,1,39,,#0000ff,,144.82736581728844,5
image_98.png,5,False,655.3822032579343,180.55942442066737,20,#0000ff,Quadrant 2,1,2,39,,#0000ff,,88.56176365957494,5
image_98.png,5,False,373.5464763916481,227.16721829736,20,#ff0000,Quadrant 4,2,2,39,,#ff0000,,36.181454488046654,5
image_98.png,5,False,459.9781614517977,287.9000190992586,20,#ff0000,Quadrant 4,2,2,39,,#ff0000,,272.770439648727,5
image_98.png,5,False,559.0324536281109,127.17966813969949,20,#ff0000,Quadrant 2,1,2,39,,#ff0000,,111.46323300337171,5
image_98.png,2,False,230.09350271072907,375.53002579078895,20,#0000ff,Quadrant 3,2,1,39,,#0000ff,,255.89564993092452,5
image_98.png,5,False,228.55074504717837,163.97818439186156,20,#0000ff,Quadrant 1,1,1,39,,#0000ff,,237.7714149856732,5
image_98.png,5,False,453.5885113017681,38.69779362985773,20,#ff0000,Quadrant 2,1,2,39,,#ff0000,,178.51250909806595,5
image_98.png,2,False,70.36492435608258,228.5763227042449,20,#0000ff,Quadrant 3,2,1,39,,#0000ff,,81.27206884962122,5
image_98.png,5,False,523.7612725487612,231.68722872361872,20,#ff0000,Quadrant 4,2,2,39,,#ff0000,,299.9973552221428,5
image_98.png,2,False,38.776883489083204,123.7460543707474,20,#0000ff,Quadrant 1,1,1,39,,#0000ff,,75.58819178837437,5
image_98.png,5,False,224.94062795875587,331.0256313499316,20,#ff0000,Quadrant 3,2,1,39,,#ff0000,,306.6422849794502,5
image_98.png,5,False,350.9404051611764,20.704277722582866,20,#ff0000,Quadrant 1,1,1,39,,#ff0000,,280.70306075763773,5
image_98.png,2,False,228.1819227610577,35.83041267764478,20,#0000ff,Quadrant 1,1,1,39,,#0000ff,,278.80807192010695,5
image_98.png,2,False,63.513057162040404,297.16701400233586,20,#0000ff,Quadrant 3,2,1,39,,#0000ff,,148.8739871657416,5
image_98.png,5,False,684.467904628326,271.087118302906,20,#ff0000,Quadrant 4,2,2,39,,#ff0000,,226.75497749657754,5
image_98.png,5,False,175.5967804203806,259.5009591648086,20,#ff0000,Quadrant 3,2,1,39,,#ff0000,,173.9956543611552,5
image_98.png,5,False,275.2498700744772,378.2650020173925,20,#ff0000,Quadrant 3,2,1,39,,#ff0000,,96.47443508061086,5
image_98.png,2,False,386.2356272505929,40.88230627426255,20,#0000ff,Quadrant 2,1,2,39,,#0000ff,,123.9527356972845,5
image_98.png,5,False,322.3534017543057,113.53193673135635,20,#0000ff,Quadrant 1,1,1,39,,#0000ff,,322.2711141456694,5
image_98.png,2,False,470.15335859801246,359.45003949541217,20,#0000ff,Quadrant 4,2,2,39,,#0000ff,,89.59548962727071,5
image_98.png,5,False,12.855367704097391,118.75133793260447,20,#0000ff,Quadrant 1,1,1,39,,#0000ff,,295.6529379651409,5
image_98.png,2,False,91.77124046361465,115.43816049561761,20,#0000ff,Quadrant 1,1,1,39,,#0000ff,,321.40384191448214,5
image_98.png,5,False,121.45954373171277,366.23368098677025,20,#0000ff,Quadrant 3,2,1,39,,#0000ff,,141.71624807134538,5
image_98.png,2,False,203.0251205036614,378.45450212132226,20,#0000ff,Quadrant 3,2,1,39,,#0000ff,,246.4173744728198,5
image_98.png,2,False,19.576378743493244,159.0785298466762,20,#0000ff,Quadrant 1,1,1,39,,#0000ff,,192.30415250789048,5
image_98.png,5,False,631.9926000929778,117.77916326816819,20,#ff0000,Quadrant 2,1,2,39,,#ff0000,,32.595488648842334,5
image_98.png,5,False,508.71631325861034,140.4823115801428,20,#ff0000,Quadrant 2,1,2,39,,#ff0000,,312.102589855645,5
image_98.png,2,False,25.23820119099146,354.17979641059395,20,#0000ff,Quadrant 3,2,1,39,,#0000ff,,94.9129589349144,5
image_98.png,5,False,359.35090743724845,375.75281787466275,20,#ff0000,Quadrant 4,2,2,39,,#ff0000,,175.45752357934217,5
image_98.png,5,False,39.26710121753834,267.8505762555557,20,#ff0000,Quadrant 3,2,1,39,,#ff0000,,214.76911113074073,5
image_98.png,2,False,148.5878965261308,334.6280488383554,20,#0000ff,Quadrant 3,2,1,39,,#0000ff,,28.389876433277003,5
image_98.png,5,False,562.4359795611034,102.08621578280577,20,#ff0000,Quadrant 2,1,2,39,,#ff0000,,123.4476806125296,5
image_98.png,2,False,324.3722466775651,269.45529806692235,20,#0000ff,Quadrant 3,2,1,39,,#0000ff,,106.29670230977382,5
image_98.png,5,False,634.5338585160255,267.3295692402865,20,#0000ff,Quadrant 4,2,2,39,,#0000ff,,81.32050466703689,5
image_98.png,5,False,261.3539828434202,116.27901579431071,20,#ff0000,Quadrant 1,1,1,39,,#ff0000,,342.7102668445502,5
image_98.png,5,False,210.31078877290065,292.94938540276934,20,#ff0000,Quadrant 3,2,1,39,,#ff0000,,270.2574090873333,5
image_98.png,5,False,301.22371391087074,310.6300796395305,20,#0000ff,Quadrant 3,2,1,39,,#0000ff,,207.5684718640726,5
image_99.png,2,True,236.10791682043484,297.88088048853285,20,#FF0000,Quadrant 3,2,1,8,240,#FF0000,0,64.72871280723051,2
image_99.png,5,False,12.912684279047953,98.72970030465952,20,#ff0000,Quadrant 1,1,1,8,,#ff0000,,135.33369341660793,2
image_99.png,5,False,218.53152966745074,60.04167308927154,20,#0000ff,Quadrant 1,1,1,8,,#0000ff,,266.35072732317,2
image_99.png,2,False,635.8193201833385,206.4020331925574,20,#0000ff,Quadrant 4,2,2,8,,#0000ff,,2.137557549696063,2
image_99.png,5,False,46.71347548836786,100.39852466954531,20,#0000ff,Quadrant 1,1,1,8,,#0000ff,,334.1254881958389,2
image_99.png,5,False,582.3429423627449,151.22460827707013,20,#0000ff,Quadrant 2,1,2,8,,#0000ff,,85.93416121773551,2
image_99.png,2,False,440.82872769622395,233.17643515481194,20,#0000ff,Quadrant 4,2,2,8,,#0000ff,,301.4710852718736,2
image_99.png,2,False,430.12562153279333,139.12930506284596,20,#0000ff,Quadrant 2,1,2,8,,#0000ff,,48.692020538374564,2
image_99.png,5,False,402.6439288489612,274.13101902483623,20,#ff0000,Quadrant 4,2,2,8,,#ff0000,,272.5114069399973,2
image_100.png,2,True,39.703757972511355,246.60021234212635,20,#FF0000,Quadrant 3,2,1,2,240,#FF0000,0,348.9032919799711,1
image_100.png,5,False,40.62556688986741,337.22920447237084,20,#0000ff,Quadrant 3,2,1,2,,#0000ff,,192.04061713023393,1
image_100.png,5,False,663.8429065769517,364.22011834095593,20,#0000ff,Quadrant 4,2,2,2,,#0000ff,,330.20332614557384,1
image_101.png,2,True,207.936857438071,221.4843295505609,20,#FF0000,Quadrant 3,2,1,11,240,#FF0000,0,15.784108898402703,3
image_101.png,2,False,488.8117100863222,360.92551188546986,20,#0000ff,Quadrant 4,2,2,11,,#0000ff,,217.7909632127413,3
image_101.png,5,False,252.41938666814147,90.89459902884624,20,#0000ff,Quadrant 1,1,1,11,,#0000ff,,125.22987832524012,3
image_101.png,5,False,290.8335149519464,338.7093020190028,20,#ff0000,Quadrant 3,2,1,11,,#ff0000,,143.32928890680017,3
image_101.png,5,False,435.78986635866494,30.78184571140397,20,#0000ff,Quadrant 2,1,2,11,,#0000ff,,44.40526975390643,3
image_101.png,5,False,678.9906463638288,165.37096703621364,20,#ff0000,Quadrant 2,1,2,11,,#ff0000,,4.345780048550241,3
image_101.png,5,False,302.48640480639807,180.20979073616363,20,#0000ff,Quadrant 1,1,1,11,,#0000ff,,111.45489212150777,3
image_101.png,5,False,117.28746050673075,170.36456280111892,20,#ff0000,Quadrant 1,1,1,11,,#ff0000,,310.9293874392279,3
image_101.png,5,False,254.43711112474162,386.84736892410814,20,#0000ff,Quadrant 3,2,1,11,,#0000ff,,47.189458242256336,3
image_101.png,2,False,48.18435755362527,210.0394169117082,20,#0000ff,Quadrant 3,2,1,11,,#0000ff,,113.77201998508593,3
image_101.png,2,False,187.14978087120534,39.370152481446965,20,#0000ff,Quadrant 1,1,1,11,,#0000ff,,46.42147738134401,3
image_101.png,5,False,401.7784948708487,32.40024480409666,20,#0000ff,Quadrant 2,1,2,11,,#0000ff,,110.73266684443911,3
image_102.png,2,True,479.52648237516865,131.91236120821472,20,#FF0000,Quadrant 2,1,2,88,240,#FF0000,0,76.96589674760827,6
image_102.png,5,False,643.4337208206493,231.5723129106207,20,#0000ff,Quadrant 4,2,2,88,,#0000ff,,338.0288698934393,6
image_102.png,5,False,654.2337464440544,41.2218249343495,20,#0000ff,Quadrant 2,1,2,88,,#0000ff,,44.31896720946597,6
image_102.png,5,False,656.4065642054169,331.39748766716446,20,#ff0000,Quadrant 4,2,2,88,,#ff0000,,347.192577329978,6
image_102.png,5,False,278.56850533847046,57.51491964839064,20,#0000ff,Quadrant 1,1,1,88,,#0000ff,,154.68666940059646,6
image_102.png,2,False,473.01077262715313,184.88229393723225,20,#0000ff,Quadrant 2,1,2,88,,#0000ff,,94.98353530311923,6
image_102.png,2,False,44.88228340376728,81.20798844751077,20,#0000ff,Quadrant 1,1,1,88,,#0000ff,,247.19932026218376,6
image_102.png,5,False,563.0880269533708,44.52942537441115,20,#ff0000,Quadrant 2,1,2,88,,#ff0000,,305.1233888466448,6
image_102.png,2,False,177.6660035738539,82.68910741371472,20,#0000ff,Quadrant 1,1,1,88,,#0000ff,,155.69519382709865,6
image_102.png,5,False,481.3199112625205,90.50598998194536,20,#0000ff,Quadrant 2,1,2,88,,#0000ff,,76.57251509285145,6
image_102.png,2,False,139.18383284248165,222.9336440440226,20,#0000ff,Quadrant 3,2,1,88,,#0000ff,,93.26745640017484,6
image_102.png,5,False,123.90341013568457,160.22800954687264,20,#0000ff,Quadrant 1,1,1,88,,#0000ff,,86.4263045393762,6
image_102.png,2,False,420.0863919834675,81.62236842239348,20,#0000ff,Quadrant 2,1,2,88,,#0000ff,,222.23214499211193,6
image_102.png,5,False,174.12563456984736,363.6936733576883,20,#ff0000,Quadrant 3,2,1,88,,#ff0000,,170.42319395125378,6
image_102.png,2,False,11.091632418060387,170.99977722144345,20,#0000ff,Quadrant 1,1,1,88,,#0000ff,,247.94634369736247,6
image_102.png,2,False,157.35587682196754,123.23668008279381,20,#0000ff,Quadrant 1,1,1,88,,#0000ff,,105.60062922379403,6
image_102.png,5,False,232.2255817795559,42.791200847034474,20,#0000ff,Quadrant 1,1,1,88,,#0000ff,,119.30379282799498,6
image_102.png,5,False,279.0237713729731,356.8090458513854,20,#0000ff,Quadrant 3,2,1,88,,#0000ff,,45.66158266970286,6
image_102.png,2,False,486.2213420632735,246.24290688520918,20,#0000ff,Quadrant 4,2,2,88,,#0000ff,,157.11030337677778,6
image_102.png,5,False,689.4454329266698,91.68186562179245,20,#ff0000,Quadrant 2,1,2,88,,#ff0000,,283.8968716737968,6
image_102.png,2,False,350.51380015639074,187.69209945554945,20,#0000ff,Quadrant 1,1,1,88,,#0000ff,,328.89994506672883,6
image_102.png,5,False,359.79386760437575,373.91420181665586,20,#0000ff,Quadrant 4,2,2,88,,#0000ff,,319.21300933772,6
image_102.png,5,False,514.0480337697279,21.688762976556625,20,#ff0000,Quadrant 2,1,2,88,,#ff0000,,334.28872337598796,6
image_102.png,2,False,260.07778838333485,100.97919718217037,20,#0000ff,Quadrant 1,1,1,88,,#0000ff,,74.64073390561498,6
image_102.png,5,False,69.43708391145688,322.506618665236,20,#0000ff,Quadrant 3,2,1,88,,#0000ff,,226.86281907229883,6
image_102.png,2,False,102.13845511219593,198.51029731447983,20,#0000ff,Quadrant 1,1,1,88,,#0000ff,,262.0528481849467,6
image_102.png,5,False,533.6828173528735,202.39635037725932,20,#0000ff,Quadrant 4,2,2,88,,#0000ff,,170.3674197296831,6
image_102.png,2,False,38.56676652938849,278.09045103958806,20,#0000ff,Quadrant 3,2,1,88,,#0000ff,,4.965624089517178,6
image_102.png,5,False,557.9697415366436,367.7702892909804,20,#0000ff,Quadrant 4,2,2,88,,#0000ff,,228.34538746552036,6
image_102.png,5,False,205.79718323993063,180.27469635774543,20,#0000ff,Quadrant 1,1,1,88,,#0000ff,,262.4142624851358,6
image_102.png,2,False,588.824926787763,278.64950136100515,20,#0000ff,Quadrant 4,2,2,88,,#0000ff,,269.4821796324368,6
image_102.png,5,False,497.4792695246139,172.5002458169779,20,#0000ff,Quadrant 2,1,2,88,,#0000ff,,215.5471549108783,6
image_102.png,5,False,205.36389964432567,276.43169631484665,20,#0000ff,Quadrant 3,2,1,88,,#0000ff,,5.114175617986523,6
image_102.png,5,False,98.88814055772106,292.72399014293546,20,#0000ff,Quadrant 3,2,1,88,,#0000ff,,106.77558718571191,6
image_102.png,2,False,492.61912684539226,358.4599693641526,20,#0000ff,Quadrant 4,2,2,88,,#0000ff,,157.29745765680448,6
image_102.png,2,False,217.81796551450057,323.4967178868681,20,#0000ff,Quadrant 3,2,1,88,,#0000ff,,338.05685743074696,6
image_102.png,5,False,463.85522849593804,378.61676480230676,20,#ff0000,Quadrant 4,2,2,88,,#ff0000,,20.811086287632566,6
image_102.png,5,False,265.9836601626938,126.64809622414113,20,#0000ff,Quadrant 1,1,1,88,,#0000ff,,207.1924378817988,6
image_102.png,5,False,559.9812560939743,83.87754926084392,20,#ff0000,Quadrant 2,1,2,88,,#ff0000,,204.25284444552636,6
image_102.png,5,False,102.22943580973748,48.40553958912627,20,#0000ff,Quadrant 1,1,1,88,,#0000ff,,138.30879020899076,6
image_102.png,5,False,515.6614256336331,269.6970842591113,20,#0000ff,Quadrant 4,2,2,88,,#0000ff,,324.3126117789456,6
image_102.png,5,False,469.53617832480114,208.5951590238086,20,#0000ff,Quadrant 4,2,2,88,,#0000ff,,118.9958314577818,6
image_102.png,5,False,533.70917757592,346.84071004804423,20,#ff0000,Quadrant 4,2,2,88,,#ff0000,,118.00017737283432,6
image_102.png,5,False,129.60989918212266,188.75838888362333,20,#ff0000,Quadrant 1,1,1,88,,#ff0000,,356.8312971873773,6
image_102.png,5,False,277.2398126116462,179.74329368475574,20,#ff0000,Quadrant 1,1,1,88,,#ff0000,,2.465492031195149,6
image_102.png,5,False,50.610497960878675,37.948041280846,20,#0000ff,Quadrant 1,1,1,88,,#0000ff,,104.8212504832864,6
image_102.png,5,False,84.38633940399737,77.19728457250156,20,#0000ff,Quadrant 1,1,1,88,,#0000ff,,91.92743895228651,6
image_102.png,5,False,541.4199180526233,233.53934183115692,20,#0000ff,Quadrant 4,2,2,88,,#0000ff,,93.60435802292817,6
image_102.png,2,False,563.3544125429744,325.9450579304161,20,#0000ff,Quadrant 4,2,2,88,,#0000ff,,1.777779249394702,6
image_102.png,2,False,698.6988574070976,17.421677334213125,20,#0000ff,Quadrant 2,1,2,88,,#0000ff,,328.3737638025569,6
image_102.png,5,False,292.25617895019246,28.229946444608434,20,#0000ff,Quadrant 1,1,1,88,,#0000ff,,344.99933368156957,6
image_102.png,2,False,157.17876535837752,254.0493708360063,20,#0000ff,Quadrant 3,2,1,88,,#0000ff,,55.39784856044132,6
image_102.png,5,False,383.44401025249334,289.16433219691226,20,#ff0000,Quadrant 4,2,2,88,,#ff0000,,263.2759247531301,6
image_102.png,5,False,471.23369039228726,15.579844033027538,20,#ff0000,Quadrant 2,1,2,88,,#ff0000,,76.53281969488658,6
image_102.png,5,False,242.94176204601288,68.7797835162298,20,#ff0000,Quadrant 1,1,1,88,,#ff0000,,302.6518694921207,6
image_102.png,2,False,667.851821657195,227.60805655240404,20,#0000ff,Quadrant 4,2,2,88,,#0000ff,,230.47913245929018,6
image_102.png,2,False,443.64881011481503,218.3355719675831,20,#0000ff,Quadrant 4,2,2,88,,#0000ff,,210.4120735691438,6
image_102.png,5,False,505.16944518019983,105.86842040836895,20,#ff0000,Quadrant 2,1,2,88,,#ff0000,,0.39231375374555455,6
image_102.png,5,False,335.6326771590799,212.31916836727595,20,#0000ff,Quadrant 3,2,1,88,,#0000ff,,239.39564232186285,6
image_102.png,5,False,304.0735377174161,112.04121455189934,20,#0000ff,Quadrant 1,1,1,88,,#0000ff,,184.8547095341046,6
image_102.png,5,False,566.3208438379963,115.49950027522449,20,#ff0000,Quadrant 2,1,2,88,,#ff0000,,250.67929346225455,6
image_102.png,5,False,259.449616676955,218.38448110527682,20,#ff0000,Quadrant 3,2,1,88,,#ff0000,,265.25832020802056,6
image_102.png,5,False,588.8254706197207,121.57843803479294,20,#ff0000,Quadrant 2,1,2,88,,#ff0000,,165.3287818371981,6
image_102.png,2,False,375.9158022490852,348.75151607193476,20,#0000ff,Quadrant 4,2,2,88,,#0000ff,,353.42136422028324,6
image_102.png,2,False,398.99410668201733,167.61275597989672,20,#0000ff,Quadrant 2,1,2,88,,#0000ff,,295.8128294524466,6
image_102.png,5,False,173.30536321545833,184.94358079153722,20,#ff0000,Quadrant 1,1,1,88,,#ff0000,,334.0263788029143,6
image_102.png,5,False,405.9409055561353,24.57457169731202,20,#0000ff,Quadrant 2,1,2,88,,#0000ff,,244.55147667161245,6
image_102.png,5,False,612.442638075525,281.06866138379104,20,#ff0000,Quadrant 4,2,2,88,,#ff0000,,296.6119424863441,6
image_102.png,5,False,391.45837640994284,317.1496873509425,20,#0000ff,Quadrant 4,2,2,88,,#0000ff,,241.59557521258228,6
image_102.png,2,False,329.8477780913991,36.06476827961662,20,#0000ff,Quadrant 1,1,1,88,,#0000ff,,269.6209078702862,6
image_102.png,5,False,51.01583620415887,230.62967458624374,20,#0000ff,Quadrant 3,2,1,88,,#0000ff,,177.88050127707524,6
image_102.png,5,False,114.99606028080714,235.41021662114548,20,#ff0000,Quadrant 3,2,1,88,,#ff0000,,143.49372467799842,6
image_102.png,5,False,103.19860452313173,316.583313003458,20,#ff0000,Quadrant 3,2,1,88,,#ff0000,,183.86768040154718,6
image_102.png,2,False,278.3485155986255,298.4406951608365,20,#0000ff,Quadrant 3,2,1,88,,#0000ff,,329.54701531413485,6
image_102.png,2,False,162.19833990515633,305.58892035086205,20,#0000ff,Quadrant 3,2,1,88,,#0000ff,,211.00909924137486,6
image_102.png,5,False,626.5977796773373,95.63559964234051,20,#0000ff,Quadrant 2,1,2,88,,#0000ff,,199.1805319369609,6
image_102.png,5,False,236.92560229529815,204.17028086007636,20,#ff0000,Quadrant 3,2,1,88,,#ff0000,,151.46032643838768,6
image_102.png,2,False,315.71657968827003,290.6198583870394,20,#0000ff,Quadrant 3,2,1,88,,#0000ff,,288.1317610685663,6
image_102.png,5,False,446.534549693956,268.54862111130063,20,#0000ff,Quadrant 4,2,2,88,,#0000ff,,118.53705527257098,6
image_102.png,5,False,476.42078137675634,290.39896352707825,20,#0000ff,Quadrant 4,2,2,88,,#0000ff,,222.43223173366096,6
image_102.png,2,False,225.4027672730911,382.1414130064853,20,#0000ff,Quadrant 3,2,1,88,,#0000ff,,94.82670766187078,6
image_102.png,2,False,622.6693416018837,370.46810830706033,20,#0000ff,Quadrant 4,2,2,88,,#0000ff,,23.0009033611771,6
image_102.png,5,False,527.7858232345565,320.633216747648,20,#0000ff,Quadrant 4,2,2,88,,#0000ff,,116.74776513876523,6
image_102.png,5,False,364.028525442888,110.56693444953245,20,#0000ff,Quadrant 2,1,2,88,,#0000ff,,128.57777888690387,6
image_102.png,5,False,535.5236911318198,98.65915669302827,20,#0000ff,Quadrant 2,1,2,88,,#0000ff,,8.90630162799801,6
image_102.png,2,False,354.5416850124001,261.2001546527607,20,#0000ff,Quadrant 3,2,1,88,,#0000ff,,78.70672459168509,6
image_102.png,5,False,282.12343527848486,222.51378672257636,20,#0000ff,Quadrant 3,2,1,88,,#0000ff,,37.60581093472109,6
image_102.png,5,False,332.4624361638219,89.36089345335093,20,#0000ff,Quadrant 1,1,1,88,,#0000ff,,8.62775698918342,6
image_102.png,2,False,405.3160070910416,216.92281385614422,20,#0000ff,Quadrant 4,2,2,88,,#0000ff,,267.48376777461334,6
image_103.png,2,True,315.5059273691762,138.26130091370908,20,#FF0000,Quadrant 1,1,1,10,240,#FF0000,0,152.8901224055225,3
image_103.png,2,False,629.4187333366866,40.07673128059851,20,#0000ff,Quadrant 2,1,2,10,,#0000ff,,341.38965143384263,3
image_103.png,5,False,60.47384359516544,326.30083157401793,20,#ff0000,Quadrant 3,2,1,10,,#ff0000,,203.23586284110027,3
image_103.png,5,False,536.8504482850279,327.67975602572335,20,#0000ff,Quadrant 4,2,2,10,,#0000ff,,82.05356898594518,3
image_103.png,2,False,51.357226788295876,234.32191151712098,20,#0000ff,Quadrant 3,2,1,10,,#0000ff,,251.65817201263687,3
image_103.png,5,False,209.29526214895532,289.1868358893141,20,#0000ff,Quadrant 3,2,1,10,,#0000ff,,291.91007347337495,3
image_103.png,5,False,697.878366874902,378.07331752840236,20,#0000ff,Quadrant 4,2,2,10,,#0000ff,,239.1976501739911,3
image_103.png,5,False,527.1307880086737,228.40215295874626,20,#ff0000,Quadrant 4,2,2,10,,#ff0000,,348.92799121004697,3
image_103.png,5,False,624.6865806128877,168.1028934459997,20,#0000ff,Quadrant 2,1,2,10,,#0000ff,,41.96702123298412,3
image_103.png,5,False,525.1696168119806,385.20022294710884,20,#0000ff,Quadrant 4,2,2,10,,#0000ff,,44.32114255370159,3
image_103.png,5,False,12.03051000945149,388.010354671502,20,#ff0000,Quadrant 3,2,1,10,,#ff0000,,342.9167400901424,3
image_104.png,2,True,646.0646425269347,61.813510968670116,20,#FF0000,Quadrant 2,1,2,11,240,#FF0000,0,292.0707820508388,3
image_104.png,2,False,99.19609110115182,268.05866278858844,20,#0000ff,Quadrant 3,2,1,11,,#0000ff,,305.6506665183849,3
image_104.png,2,False,385.96610211802033,38.35605974544263,20,#0000ff,Quadrant 2,1,2,11,,#0000ff,,220.93868115408654,3
image_104.png,5,False,392.51771998455564,347.83704199738,20,#0000ff,Quadrant 4,2,2,11,,#0000ff,,349.9017390043707,3
image_104.png,5,False,22.124181565787488,190.305428182217,20,#ff0000,Quadrant 1,1,1,11,,#ff0000,,222.1909110734834,3
image_104.png,5,False,448.9729808699462,115.35755131980353,20,#ff0000,Quadrant 2,1,2,11,,#ff0000,,117.86321948393562,3
image_104.png,2,False,29.5353255269109,73.06933280726632,20,#0000ff,Quadrant 1,1,1,11,,#0000ff,,98.76521308538052,3
image_104.png,5,False,220.4873168145135,160.48119377502064,20,#0000ff,Quadrant 1,1,1,11,,#0000ff,,22.560160494235415,3
image_104.png,5,False,107.53750969792529,316.80348258067653,20,#ff0000,Quadrant 3,2,1,11,,#ff0000,,317.40555338994534,3
image_104.png,5,False,99.35783197396489,93.47403725334323,20,#0000ff,Quadrant 1,1,1,11,,#0000ff,,176.26185290946694,3
image_104.png,5,False,447.6232122087117,145.57367886782347,20,#0000ff,Quadrant 2,1,2,11,,#0000ff,,321.70604452820567,3
image_104.png,5,False,617.8702679723943,317.89548148984926,20,#ff0000,Quadrant 4,2,2,11,,#ff0000,,135.22647460021693,3
image_105.png,2,True,678.466146277249,358.475056214821,20,#FF0000,Quadrant 4,2,2,2,240,#FF0000,0,333.825853384982,1
image_105.png,5,False,12.708817573346792,78.62443714466329,20,#0000ff,Quadrant 1,1,1,2,,#0000ff,,197.1263131232224,1
image_105.png,5,False,508.4624012289371,89.7322097748446,20,#0000ff,Quadrant 2,1,2,2,,#0000ff,,22.876517044742766,1
image_106.png,2,True,286.13850428525785,64.17773620974035,20,#FF0000,Quadrant 1,1,1,81,240,#FF0000,0,315.0017395448501,6
image_106.png,5,False,380.2651912239942,227.46658085510126,20,#0000ff,Quadrant 4,2,2,81,,#0000ff,,192.04023218019145,6
image_106.png,5,False,670.1677263589943,35.98756986496724,20,#0000ff,Quadrant 2,1,2,81,,#0000ff,,271.81018596017446,6
image_106.png,5,False,520.1276721609847,42.63559369216212,20,#0000ff,Quadrant 2,1,2,81,,#0000ff,,136.0693960133003,6
image_106.png,2,False,147.40343233596417,146.1720862319805,20,#0000ff,Quadrant 1,1,1,81,,#0000ff,,208.89347120080217,6
image_106.png,5,False,416.3801889311822,209.82162551170703,20,#0000ff,Quadrant 4,2,2,81,,#0000ff,,250.80562354177505,6
image_106.png,5,False,103.33501599558187,271.14098731468016,20,#ff0000,Quadrant 3,2,1,81,,#ff0000,,76.91625433318285,6
image_106.png,5,False,207.65086521968013,177.627032826221,20,#0000ff,Quadrant 1,1,1,81,,#0000ff,,209.93863818051693,6
image_106.png,5,False,144.88591094067556,274.9819951035916,20,#ff0000,Quadrant 3,2,1,81,,#ff0000,,34.113089330343904,6
image_106.png,5,False,509.2067089679342,213.57532301247113,20,#ff0000,Quadrant 4,2,2,81,,#ff0000,,21.51883479927403,6
image_106.png,5,False,234.63043489647174,365.6844798962836,20,#ff0000,Quadrant 3,2,1,81,,#ff0000,,209.62695680820036,6
image_106.png,5,False,379.51900413817816,75.57383338089416,20,#ff0000,Quadrant 2,1,2,81,,#ff0000,,155.928296545872,6
image_106.png,5,False,78.05196951506586,243.52271573085085,20,#0000ff,Quadrant 3,2,1,81,,#0000ff,,197.56535622625603,6
image_106.png,2,False,99.79412877433435,298.65274318803466,20,#0000ff,Quadrant 3,2,1,81,,#0000ff,,152.36808738432248,6
image_106.png,5,False,460.0197984671624,11.869246139927371,20,#ff0000,Quadrant 2,1,2,81,,#ff0000,,231.23333452082971,6
image_106.png,5,False,568.149911508738,38.25455529037683,20,#ff0000,Quadrant 2,1,2,81,,#ff0000,,87.98080334677678,6
image_106.png,5,False,684.0198865145817,272.34257264599194,20,#ff0000,Quadrant 4,2,2,81,,#ff0000,,314.7403416088717,6
image_106.png,5,False,641.7880720758386,63.20384163841215,20,#ff0000,Quadrant 2,1,2,81,,#ff0000,,243.10084281503208,6
image_106.png,2,False,228.06055819200157,107.8037417744749,20,#0000ff,Quadrant 1,1,1,81,,#0000ff,,13.200545587501242,6
image_106.png,5,False,183.14580228776327,331.8481185569709,20,#ff0000,Quadrant 3,2,1,81,,#ff0000,,152.78935940132382,6
image_106.png,5,False,231.14660435111705,339.50504128206586,20,#0000ff,Quadrant 3,2,1,81,,#0000ff,,11.342576420582589,6
image_106.png,5,False,29.969063444974864,374.212750350761,20,#0000ff,Quadrant 3,2,1,81,,#0000ff,,50.34173366282443,6
image_106.png,2,False,407.7786192939341,83.74348779110474,20,#0000ff,Quadrant 2,1,2,81,,#0000ff,,75.26732653756271,6
image_106.png,2,False,272.0155489313667,378.7401372501934,20,#0000ff,Quadrant 3,2,1,81,,#0000ff,,65.35276700651893,6
image_106.png,5,False,603.4837750246776,267.76591647483787,20,#ff0000,Quadrant 4,2,2,81,,#ff0000,,120.79262271274162,6
image_106.png,5,False,14.428827236428555,110.68195623621072,20,#0000ff,Quadrant 1,1,1,81,,#0000ff,,154.15084574742957,6
image_106.png,5,False,130.79480463710814,31.604313551038363,20,#ff0000,Quadrant 1,1,1,81,,#ff0000,,69.5976035024536,6
image_106.png,2,False,323.6799590413044,264.2679214999318,20,#0000ff,Quadrant 3,2,1,81,,#0000ff,,157.41554729735483,6
image_106.png,2,False,256.4296423262631,326.56921507956145,20,#0000ff,Quadrant 3,2,1,81,,#0000ff,,298.9358967806339,6
image_106.png,5,False,698.1251017476148,382.13418196745556,20,#0000ff,Quadrant 4,2,2,81,,#0000ff,,247.80883002223752,6
image_106.png,5,False,398.71445960272973,36.07489270805705,20,#0000ff,Quadrant 2,1,2,81,,#0000ff,,293.0666846014978,6
image_106.png,2,False,265.7453109295001,104.09696560907028,20,#0000ff,Quadrant 1,1,1,81,,#0000ff,,345.7588250694735,6
image_106.png,5,False,83.50097898906549,189.69289536686145,20,#ff0000,Quadrant 1,1,1,81,,#ff0000,,149.93608018795152,6
image_106.png,5,False,546.6662859155523,369.71150188416595,20,#0000ff,Quadrant 4,2,2,81,,#0000ff,,316.13649874144284,6
image_106.png,5,False,470.5101904404244,138.7881418970749,20,#ff0000,Quadrant 2,1,2,81,,#ff0000,,259.0845045030196,6
image_106.png,5,False,617.7996240160321,228.94978578720935,20,#ff0000,Quadrant 4,2,2,81,,#ff0000,,274.28015551093614,6
image_106.png,5,False,150.55555406621903,355.27604087646307,20,#0000ff,Quadrant 3,2,1,81,,#0000ff,,55.474550010777996,6
image_106.png,5,False,208.48062667293794,218.34387245909812,20,#ff0000,Quadrant 3,2,1,81,,#ff0000,,338.46701858465,6
image_106.png,5,False,29.00646619147504,307.65147149770957,20,#ff0000,Quadrant 3,2,1,81,,#ff0000,,240.7521188854457,6
image_106.png,5,False,71.89691664380844,103.55070144489329,20,#ff0000,Quadrant 1,1,1,81,,#ff0000,,250.06975327644994,6
image_106.png,2,False,272.50277547242695,189.23847351408304,20,#0000ff,Quadrant 1,1,1,81,,#0000ff,,170.63416903531206,6
image_106.png,5,False,302.8688662588824,193.18600505943573,20,#0000ff,Quadrant 1,1,1,81,,#0000ff,,193.0699689751569,6
image_106.png,5,False,92.1811700226401,381.14220148548293,20,#0000ff,Quadrant 3,2,1,81,,#0000ff,,206.5827008700543,6
image_106.png,5,False,418.99359400048303,123.58738026002757,20,#0000ff,Quadrant 2,1,2,81,,#0000ff,,282.1515633964937,6
image_106.png,2,False,453.644107122139,327.88821962839836,20,#0000ff,Quadrant 4,2,2,81,,#0000ff,,66.21967253381983,6
image_106.png,2,False,215.31450601921725,294.74669101285696,20,#0000ff,Quadrant 3,2,1,81,,#0000ff,,303.28127244793814,6
image_106.png,5,False,652.2851855763768,336.29719097067965,20,#ff0000,Quadrant 4,2,2,81,,#ff0000,,49.93006579055213,6
image_106.png,2,False,576.4343340066148,110.1359730595875,20,#0000ff,Quadrant 2,1,2,81,,#0000ff,,77.48336003980171,6
image_106.png,2,False,163.04413801026888,52.93439424352077,20,#0000ff,Quadrant 1,1,1,81,,#0000ff,,78.64229409626991,6
image_106.png,5,False,252.0840966928685,303.3290842765634,20,#ff0000,Quadrant 3,2,1,81,,#ff0000,,38.677022614560805,6
image_106.png,5,False,643.2552523150575,169.48105784476715,20,#ff0000,Quadrant 2,1,2,81,,#ff0000,,77.55990245525308,6
image_106.png,2,False,386.84625654839823,272.3323165199476,20,#0000ff,Quadrant 4,2,2,81,,#0000ff,,297.1888515562313,6
image_106.png,5,False,289.4926565670168,216.74208983568235,20,#ff0000,Quadrant 3,2,1,81,,#ff0000,,333.2986605380861,6
image_106.png,5,False,593.640525030561,86.81628673862524,20,#0000ff,Quadrant 2,1,2,81,,#0000ff,,43.917803643035256,6
image_106.png,2,False,622.938912782372,387.64417046790857,20,#0000ff,Quadrant 4,2,2,81,,#0000ff,,199.2662007660264,6
image_106.png,2,False,615.1875879330528,306.8571556408015,20,#0000ff,Quadrant 4,2,2,81,,#0000ff,,41.76220680162415,6
image_106.png,5,False,573.8533094762133,387.6236171809257,20,#0000ff,Quadrant 4,2,2,81,,#0000ff,,333.4402187551149,6
image_106.png,5,False,102.3062878327348,212.7074910077776,20,#0000ff,Quadrant 3,2,1,81,,#0000ff,,33.12563034089798,6
image_106.png,5,False,362.4426491178434,196.5448896575968,20,#0000ff,Quadrant 2,1,2,81,,#0000ff,,171.51726950472545,6
image_106.png,5,False,60.434093203859156,220.4527253217817,20,#0000ff,Quadrant 3,2,1,81,,#0000ff,,67.50802679263552,6
image_106.png,5,False,452.93527456042887,55.97080996391708,20,#ff0000,Quadrant 2,1,2,81,,#ff0000,,60.954935921887234,6
image_106.png,2,False,174.61586087774035,358.7907164009275,20,#0000ff,Quadrant 3,2,1,81,,#0000ff,,27.408656296097767,6
image_106.png,2,False,422.2034473651912,174.80345421341687,20,#0000ff,Quadrant 2,1,2,81,,#0000ff,,18.50370010694317,6
image_106.png,5,False,388.4807134457204,318.74822993711325,20,#ff0000,Quadrant 4,2,2,81,,#ff0000,,23.91454984506355,6
image_106.png,2,False,447.1346465148238,117.97237628638166,20,#0000ff,Quadrant 2,1,2,81,,#0000ff,,0.7259751112389878,6
image_106.png,5,False,422.47816415576636,242.93389544112023,20,#0000ff,Quadrant 4,2,2,81,,#0000ff,,210.14981445229986,6
image_106.png,2,False,358.8525191330306,346.1017997790399,20,#0000ff,Quadrant 4,2,2,81,,#0000ff,,131.06220007081998,6
image_106.png,5,False,70.54477322821903,69.99155237758717,20,#ff0000,Quadrant 1,1,1,81,,#ff0000,,229.73455146542153,6
image_106.png,5,False,260.1598278590254,149.71024790247188,20,#0000ff,Quadrant 1,1,1,81,,#0000ff,,273.7517925741348,6
image_106.png,5,False,190.60645997466068,308.65734421285936,20,#ff0000,Quadrant 3,2,1,81,,#ff0000,,310.0125240147988,6
image_106.png,5,False,13.36353776781025,252.228810598075,20,#0000ff,Quadrant 3,2,1,81,,#0000ff,,315.7015639681616,6
image_106.png,5,False,107.95511143885989,189.30728103287046,20,#ff0000,Quadrant 1,1,1,81,,#ff0000,,48.807217427101044,6
image_106.png,5,False,109.40659209695143,66.97545670279062,20,#ff0000,Quadrant 1,1,1,81,,#ff0000,,50.40251674184685,6
image_106.png,2,False,335.5482526505391,338.4720580488136,20,#0000ff,Quadrant 3,2,1,81,,#0000ff,,192.97801390274225,6
image_106.png,5,False,662.5822866968437,129.8502140747211,20,#0000ff,Quadrant 2,1,2,81,,#0000ff,,297.3753624191718,6
image_106.png,5,False,493.4439077296083,262.33401656036995,20,#ff0000,Quadrant 4,2,2,81,,#ff0000,,42.35766641974726,6
image_106.png,5,False,330.9449093503318,101.81982531429546,20,#ff0000,Quadrant 1,1,1,81,,#ff0000,,215.56618476883702,6
image_106.png,5,False,638.0130922434583,280.2475251446516,20,#ff0000,Quadrant 4,2,2,81,,#ff0000,,223.94148307719405,6
image_106.png,5,False,78.07200114355925,322.4369953701418,20,#0000ff,Quadrant 3,2,1,81,,#0000ff,,240.34838089739702,6
image_106.png,5,False,627.5122139937972,11.250499884007002,20,#0000ff,Quadrant 2,1,2,81,,#0000ff,,67.16609066224484,6
image_106.png,2,False,44.65003030035744,123.65810529746224,20,#0000ff,Quadrant 1,1,1,81,,#0000ff,,203.91794077715127,6
image_106.png,5,False,56.94085996981441,29.322015172658535,20,#0000ff,Quadrant 1,1,1,81,,#0000ff,,5.318164347219341,6
image_107.png,2,True,531.9846100013766,151.33425716945317,20,#FF0000,Quadrant 2,1,2,24,240,#FF0000,0,84.07016011211988,4
image_107.png,5,False,68.18310871691573,131.3353155135722,20,#0000ff,Quadrant 1,1,1,24,,#0000ff,,321.7247621384506,4
image_107.png,2,False,164.42011729015022,261.947451932225,20,#0000ff,Quadrant 3,2,1,24,,#0000ff,,33.56403152286746,4
image_107.png,5,False,391.2157324877821,63.925070607781564,20,#ff0000,Quadrant 2,1,2,24,,#ff0000,,211.58852013655445,4
image_107.png,5,False,285.54463667720574,243.00907113220964,20,#0000ff,Quadrant 3,2,1,24,,#0000ff,,172.40782693206475,4
image_107.png,2,False,327.82423502354175,327.52348754244383,20,#0000ff,Quadrant 3,2,1,24,,#0000ff,,96.9671701525586,4
image_107.png,2,False,570.1869378261607,211.90842181883767,20,#0000ff,Quadrant 4,2,2,24,,#0000ff,,288.97465166090564,4
image_107.png,2,False,218.7207768482232,12.802086128648451,20,#0000ff,Quadrant 1,1,1,24,,#0000ff,,62.67920461694202,4
image_107.png,5,False,499.80281079431705,127.35377193846503,20,#0000ff,Quadrant 2,1,2,24,,#0000ff,,28.80594435015997,4
image_107.png,5,False,612.5697197053036,237.93327755353357,20,#0000ff,Quadrant 4,2,2,24,,#0000ff,,88.776185655794,4
image_107.png,2,False,205.15236171176193,372.6280578606913,20,#0000ff,Quadrant 3,2,1,24,,#0000ff,,113.51710293496338,4
image_107.png,5,False,354.80241836589283,316.79925810691213,20,#ff0000,Quadrant 3,2,1,24,,#ff0000,,62.68218085374447,4
image_107.png,2,False,53.32810473280023,387.7712673125565,20,#0000ff,Quadrant 3,2,1,24,,#0000ff,,132.8121420948522,4
image_107.png,5,False,211.5793770494925,79.5250262311608,20,#ff0000,Quadrant 1,1,1,24,,#ff0000,,243.2363487476271,4
image_107.png,2,False,166.96191749540043,116.66390450043,20,#0000ff,Quadrant 1,1,1,24,,#0000ff,,189.1298650151115,4
image_107.png,2,False,634.4216998780013,271.87993493166147,20,#0000ff,Quadrant 4,2,2,24,,#0000ff,,141.23159547280935,4
image_107.png,2,False,345.42195594752684,370.58326509100414,20,#0000ff,Quadrant 3,2,1,24,,#0000ff,,56.85538825180495,4
image_107.png,2,False,630.9946677969159,155.5660001066232,20,#0000ff,Quadrant 2,1,2,24,,#0000ff,,212.52250360990652,4
image_107.png,2,False,585.7726311118415,160.76930132245954,20,#0000ff,Quadrant 2,1,2,24,,#0000ff,,309.03763440688243,4
image_107.png,2,False,680.1405874449331,56.77957943933141,20,#0000ff,Quadrant 2,1,2,24,,#0000ff,,270.5487344554522,4
image_107.png,2,False,657.0209073788819,146.43430223218346,20,#0000ff,Quadrant 2,1,2,24,,#0000ff,,191.38997585240455,4
image_107.png,2,False,414.09163833847657,51.159818797556284,20,#0000ff,Quadrant 2,1,2,24,,#0000ff,,34.27908094013326,4
image_107.png,2,False,348.2028192824913,195.16672852662572,20,#0000ff,Quadrant 1,1,1,24,,#0000ff,,222.83826352096682,4
image_107.png,5,False,270.6033942755233,80.62981741247651,20,#0000ff,Quadrant 1,1,1,24,,#0000ff,,154.90328934641184,4
image_107.png,2,False,477.463541153465,275.6052436833286,20,#0000ff,Quadrant 4,2,2,24,,#0000ff,,257.5951526944263,4
image_108.png,2,True,320.70347148317046,388.0553406103205,20,#FF0000,Quadrant 3,2,1,13,240,#FF0000,0,0.8846508097192318,3
image_108.png,5,False,109.26966591430603,11.177837297152452,20,#ff0000,Quadrant 1,1,1,13,,#ff0000,,292.2823679705451,3
image_108.png,5,False,172.4553098311973,374.7770554986353,20,#0000ff,Quadrant 3,2,1,13,,#0000ff,,49.21791514339999,3
image_108.png,5,False,379.25301625142623,39.527193484295324,20,#0000ff,Quadrant 2,1,2,13,,#0000ff,,329.7776487578629,3
image_108.png,5,False,516.6687360360515,327.7136447178852,20,#ff0000,Quadrant 4,2,2,13,,#ff0000,,104.26510988766825,3
image_108.png,5,False,92.4878448076009,122.77775082888292,20,#ff0000,Quadrant 1,1,1,13,,#ff0000,,281.6536798062355,3
image_108.png,2,False,492.81743163369407,50.46702207445167,20,#0000ff,Quadrant 2,1,2,13,,#0000ff,,243.96449879661475,3
image_108.png,5,False,305.82874760610133,170.03222530295253,20,#0000ff,Quadrant 1,1,1,13,,#0000ff,,350.6525780232487,3
image_108.png,5,False,132.8118547792452,189.0120694710522,20,#ff0000,Quadrant 1,1,1,13,,#ff0000,,21.028793186368816,3
image_108.png,2,False,551.0061691665543,71.52572878693559,20,#0000ff,Quadrant 2,1,2,13,,#0000ff,,45.00778115943798,3
image_108.png,5,False,48.85645480655911,261.30436654418486,20,#0000ff,Quadrant 3,2,1,13,,#0000ff,,171.64443222491735,3
image_108.png,5,False,479.34958428108445,178.00003611361439,20,#0000ff,Quadrant 2,1,2,13,,#0000ff,,225.38288948650663,3
image_108.png,5,False,151.8989648895073,104.01613798150926,20,#ff0000,Quadrant 1,1,1,13,,#ff0000,,227.739992990554,3
image_108.png,2,False,414.5980896652506,38.06945690873098,20,#0000ff,Quadrant 2,1,2,13,,#0000ff,,194.09438705492659,3
image_109.png,2,True,456.8667342528791,149.96575676295276,20,#FF0000,Quadrant 2,1,2,98,240,#FF0000,0,259.3662195087537,6
image_109.png,2,False,354.1083477938917,42.421784103910056,20,#0000ff,Quadrant 1,1,1,98,,#0000ff,,79.44128549234078,6
image_109.png,2,False,38.58920886311308,365.9267725956514,20,#0000ff,Quadrant 3,2,1,98,,#0000ff,,69.32344621245889,6
image_109.png,2,False,543.5343984204512,103.8587773545346,20,#0000ff,Quadrant 2,1,2,98,,#0000ff,,298.86411310132394,6
image_109.png,5,False,424.01292687541354,247.76752546305528,20,#0000ff,Quadrant 4,2,2,98,,#0000ff,,157.44735184348121,6
image_109.png,5,False,98.37205859980924,191.96665644181553,20,#ff0000,Quadrant 1,1,1,98,,#ff0000,,220.53808953709185,6
image_109.png,5,False,392.5297578273344,313.94710746540323,20,#0000ff,Quadrant 4,2,2,98,,#0000ff,,176.71995250344216,6
image_109.png,5,False,31.900029765127616,157.60172368472183,20,#ff0000,Quadrant 1,1,1,98,,#ff0000,,240.22761906301488,6
image_109.png,5,False,281.72142623934724,80.54788389019082,20,#ff0000,Quadrant 1,1,1,98,,#ff0000,,252.11856390587462,6
image_109.png,5,False,265.10336928687843,315.47224995956543,20,#ff0000,Quadrant 3,2,1,98,,#ff0000,,313.74163597446324,6
image_109.png,2,False,228.67072451690765,141.5711105420409,20,#0000ff,Quadrant 1,1,1,98,,#0000ff,,357.63235316182636,6
image_109.png,5,False,262.7822470474973,159.27121395392572,20,#0000ff,Quadrant 1,1,1,98,,#0000ff,,342.0656128256931,6
image_109.png,5,False,190.26244432804066,177.80641833897613,20,#0000ff,Quadrant 1,1,1,98,,#0000ff,,351.8740182210786,6
image_109.png,5,False,203.0119438912461,314.2200986474148,20,#0000ff,Quadrant 3,2,1,98,,#0000ff,,57.50738247697965,6
image_109.png,5,False,650.9496043249231,335.60684714858223,20,#ff0000,Quadrant 4,2,2,98,,#ff0000,,137.90790224209033,6
image_109.png,5,False,614.4372535267967,279.7436110976921,20,#ff0000,Quadrant 4,2,2,98,,#ff0000,,270.2497738676639,6
image_109.png,5,False,413.58737815010863,92.4631058372366,20,#ff0000,Quadrant 2,1,2,98,,#ff0000,,221.00002287854159,6
image_109.png,5,False,407.5388102230445,124.83915161504294,20,#ff0000,Quadrant 2,1,2,98,,#ff0000,,26.261720710669042,6
image_109.png,2,False,601.4941949554982,364.3990575897647,20,#0000ff,Quadrant 4,2,2,98,,#0000ff,,198.03739155998645,6
image_109.png,5,False,681.0288964621903,284.3089524687517,20,#ff0000,Quadrant 4,2,2,98,,#ff0000,,327.85481485843667,6
image_109.png,2,False,606.30904680572,121.1139390013164,20,#0000ff,Quadrant 2,1,2,98,,#0000ff,,134.48891074834958,6
image_109.png,5,False,169.5928086017371,241.94444145431007,20,#0000ff,Quadrant 3,2,1,98,,#0000ff,,8.721846888216174,6
image_109.png,5,False,646.6224399354567,195.55383534190054,20,#ff0000,Quadrant 2,1,2,98,,#ff0000,,23.051262932988873,6
image_109.png,2,False,88.7355569631869,384.6301371476375,20,#0000ff,Quadrant 3,2,1,98,,#0000ff,,72.16604859802084,6
image_109.png,5,False,529.6365285770871,170.84093182508332,20,#0000ff,Quadrant 2,1,2,98,,#0000ff,,73.65339515675937,6
image_109.png,5,False,555.2986776087549,73.89376168515386,20,#0000ff,Quadrant 2,1,2,98,,#0000ff,,8.258746720245341,6
image_109.png,5,False,450.6767050781253,274.58388491114675,20,#ff0000,Quadrant 4,2,2,98,,#ff0000,,260.5613969745026,6
image_109.png,5,False,452.0392284212702,106.70754937299239,20,#0000ff,Quadrant 2,1,2,98,,#0000ff,,306.65567547682326,6
image_109.png,5,False,423.98244175085915,20.082144637004227,20,#0000ff,Quadrant 2,1,2,98,,#0000ff,,315.61490960235324,6
image_109.png,5,False,503.7674856900202,30.65545999249746,20,#0000ff,Quadrant 2,1,2,98,,#0000ff,,100.77542487214004,6
image_109.png,2,False,75.47780029236277,224.16380677923377,20,#0000ff,Quadrant 3,2,1,98,,#0000ff,,274.8951920284303,6
image_109.png,2,False,460.97479025070373,347.41959995483046,20,#0000ff,Quadrant 4,2,2,98,,#0000ff,,17.970657772967634,6
image_109.png,5,False,86.60014137929888,141.40267370281688,20,#0000ff,Quadrant 1,1,1,98,,#0000ff,,105.03846571550963,6
image_109.png,5,False,53.202022285696614,34.222745856590834,20,#0000ff,Quadrant 1,1,1,98,,#0000ff,,229.7006546298383,6
image_109.png,2,False,448.03642577656564,49.94451695485779,20,#0000ff,Quadrant 2,1,2,98,,#0000ff,,68.73558512388648,6
image_109.png,5,False,231.28623994223491,202.14924617764964,20,#0000ff,Quadrant 3,2,1,98,,#0000ff,,111.70594666085637,6
image_109.png,5,False,319.24391116040204,195.10802447662115,20,#0000ff,Quadrant 1,1,1,98,,#0000ff,,137.31594340100588,6
image_109.png,2,False,673.8638858109745,240.89900256739756,20,#0000ff,Quadrant 4,2,2,98,,#0000ff,,12.993009633092353,6
image_109.png,5,False,311.35677064477414,51.33376817612016,20,#0000ff,Quadrant 1,1,1,98,,#0000ff,,252.6216247455705,6
image_109.png,2,False,367.46041484684326,170.66536039596048,20,#0000ff,Quadrant 2,1,2,98,,#0000ff,,353.1429428426916,6
image_109.png,5,False,57.14498062562218,142.45989928773938,20,#0000ff,Quadrant 1,1,1,98,,#0000ff,,231.7045744812687,6
image_109.png,5,False,40.84358930470934,268.5387512805673,20,#0000ff,Quadrant 3,2,1,98,,#0000ff,,120.65439165712075,6
image_109.png,5,False,345.08053177352514,339.4846264319912,20,#ff0000,Quadrant 3,2,1,98,,#ff0000,,153.9925169743529,6
image_109.png,5,False,579.9292170206893,78.57487481130778,20,#0000ff,Quadrant 2,1,2,98,,#0000ff,,56.732507678434615,6
image_109.png,2,False,569.783221393313,279.4255037840079,20,#0000ff,Quadrant 4,2,2,98,,#0000ff,,229.66968397461707,6
image_109.png,5,False,367.80483029302127,367.6005916694816,20,#ff0000,Quadrant 4,2,2,98,,#ff0000,,45.28149481805869,6
image_109.png,5,False,14.044124594424249,216.77129356987584,20,#ff0000,Quadrant 3,2,1,98,,#ff0000,,348.58109389155464,6
image_109.png,5,False,591.3930042944344,252.50743887294107,20,#0000ff,Quadrant 4,2,2,98,,#0000ff,,318.9603908355661,6
image_109.png,5,False,644.779307310365,370.1477905634243,20,#ff0000,Quadrant 4,2,2,98,,#ff0000,,168.89137509552384,6
image_109.png,5,False,488.679603045315,192.71649557825083,20,#ff0000,Quadrant 2,1,2,98,,#ff0000,,114.85419128967669,6
image_109.png,5,False,585.7766553412127,307.23982588250703,20,#ff0000,Quadrant 4,2,2,98,,#ff0000,,272.66085760932924,6
image_109.png,5,False,412.3867455697648,190.4504918526945,20,#0000ff,Quadrant 2,1,2,98,,#0000ff,,244.02805901068874,6
image_109.png,5,False,310.37221731289003,302.77091743597117,20,#0000ff,Quadrant 3,2,1,98,,#0000ff,,255.51960542476922,6
image_109.png,5,False,39.03673573880751,241.35319797289608,20,#ff0000,Quadrant 3,2,1,98,,#ff0000,,146.41907115696688,6
image_109.png,5,False,547.716313990085,17.07739778311491,20,#ff0000,Quadrant 2,1,2,98,,#ff0000,,70.11769193057671,6
image_109.png,2,False,578.8187253810638,117.42549621463631,20,#0000ff,Quadrant 2,1,2,98,,#0000ff,,58.13167674109997,6
image_109.png,5,False,340.50788070145205,102.9472385292056,20,#0000ff,Quadrant 1,1,1,98,,#0000ff,,249.580601024814,6
image_109.png,5,False,415.2665057163342,42.22885952275955,20,#ff0000,Quadrant 2,1,2,98,,#ff0000,,283.89269911195566,6
image_109.png,2,False,77.26989866209726,37.173778683341496,20,#0000ff,Quadrant 1,1,1,98,,#0000ff,,268.27978590693806,6
image_109.png,5,False,72.49932993564568,81.64481688102519,20,#0000ff,Quadrant 1,1,1,98,,#0000ff,,177.11877883967102,6
image_109.png,2,False,73.89859146432013,106.3123627998283,20,#0000ff,Quadrant 1,1,1,98,,#0000ff,,169.91771999931615,6
image_109.png,2,False,277.8763056379626,118.21258353127789,20,#0000ff,Quadrant 1,1,1,98,,#0000ff,,354.58242765132565,6
image_109.png,5,False,574.1106064166753,165.09856225550791,20,#ff0000,Quadrant 2,1,2,98,,#ff0000,,249.36237879049227,6
image_109.png,5,False,108.82905719317795,159.49555696277653,20,#0000ff,Quadrant 1,1,1,98,,#0000ff,,280.3248672682133,6
image_109.png,5,False,27.596451956633985,300.4308796654189,20,#ff0000,Quadrant 3,2,1,98,,#ff0000,,30.965927631573216,6
image_109.png,2,False,637.6980285462851,155.16520121803188,20,#0000ff,Quadrant 2,1,2,98,,#0000ff,,304.2056688365614,6
image_109.png,5,False,511.9846000257655,317.00697733099526,20,#ff0000,Quadrant 4,2,2,98,,#ff0000,,187.5748080091543,6
image_109.png,5,False,454.5073670958853,369.47833586620004,20,#0000ff,Quadrant 4,2,2,98,,#0000ff,,62.456461411877235,6
image_109.png,2,False,642.254907055336,20.34890064207751,20,#0000ff,Quadrant 2,1,2,98,,#0000ff,,61.34172731760329,6
image_109.png,5,False,251.3163947220974,383.0057058412733,20,#0000ff,Quadrant 3,2,1,98,,#0000ff,,187.16861146718813,6
image_109.png,5,False,162.77841766733636,386.54608967202086,20,#ff0000,Quadrant 3,2,1,98,,#ff0000,,328.08980687268667,6
image_109.png,5,False,532.8955276453353,50.253715405558225,20,#0000ff,Quadrant 2,1,2,98,,#0000ff,,233.1499753174289,6
image_109.png,5,False,608.207245593699,203.4349282473368,20,#0000ff,Quadrant 4,2,2,98,,#0000ff,,172.41703486761807,6
image_109.png,5,False,129.43742212633646,71.06998529717711,20,#0000ff,Quadrant 1,1,1,98,,#0000ff,,332.75463152338955,6
image_109.png,5,False,365.64431240724724,272.2470869468462,20,#0000ff,Quadrant 4,2,2,98,,#0000ff,,156.59328311523169,6
image_109.png,5,False,341.9075815251756,68.56710317722926,20,#0000ff,Quadrant 1,1,1,98,,#0000ff,,224.0952787666293,6
image_109.png,5,False,28.181962946740803,327.99254467375016,20,#ff0000,Quadrant 3,2,1,98,,#ff0000,,136.86549325808056,6
image_109.png,5,False,252.78310326626087,46.083146557188385,20,#ff0000,Quadrant 1,1,1,98,,#ff0000,,312.2649230266616,6
image_109.png,5,False,459.87543827124694,303.5220344698119,20,#0000ff,Quadrant 4,2,2,98,,#0000ff,,20.189686971109246,6
image_109.png,5,False,450.9932854300179,208.63843459117402,20,#0000ff,Quadrant 4,2,2,98,,#0000ff,,213.97170523883523,6
image_109.png,5,False,404.8466372614214,377.2968070557566,20,#0000ff,Quadrant 4,2,2,98,,#0000ff,,99.08533708400671,6
image_109.png,2,False,135.81793896595457,96.82941092305796,20,#0000ff,Quadrant 1,1,1,98,,#0000ff,,53.72455267881519,6
image_109.png,2,False,104.77393711905265,109.91474913744347,20,#0000ff,Quadrant 1,1,1,98,,#0000ff,,7.1326668452564945,6
image_109.png,5,False,302.7739555664148,109.11457621500735,20,#0000ff,Quadrant 1,1,1,98,,#0000ff,,234.43497520544258,6
image_109.png,2,False,236.04914288170409,345.200982075603,20,#0000ff,Quadrant 3,2,1,98,,#0000ff,,251.02302738450527,6
image_109.png,5,False,636.830538524464,107.65919904996815,20,#0000ff,Quadrant 2,1,2,98,,#0000ff,,244.18416142247767,6
image_109.png,5,False,510.2174255712853,117.09983797333322,20,#0000ff,Quadrant 2,1,2,98,,#0000ff,,91.57893418453847,6
image_109.png,5,False,613.18490268457,86.08087365213913,20,#ff0000,Quadrant 2,1,2,98,,#ff0000,,127.41689871171296,6
image_109.png,2,False,582.7806988097923,206.64720481921552,20,#0000ff,Quadrant 4,2,2,98,,#0000ff,,352.30946407459174,6
image_109.png,5,False,372.397666949918,12.72951001964364,20,#ff0000,Quadrant 2,1,2,98,,#ff0000,,170.19441613086084,6
image_109.png,5,False,536.816528624871,309.7884248757168,20,#ff0000,Quadrant 4,2,2,98,,#ff0000,,128.17118442476172,6
image_109.png,5,False,507.58363699142683,236.24290871694888,20,#0000ff,Quadrant 4,2,2,98,,#0000ff,,130.02413480005708,6
image_109.png,5,False,643.3407567011132,297.58383208607273,20,#0000ff,Quadrant 4,2,2,98,,#0000ff,,100.93106703458368,6
image_109.png,5,False,519.6914818557009,353.8405049266671,20,#0000ff,Quadrant 4,2,2,98,,#0000ff,,81.81954927209165,6
image_109.png,5,False,646.3171688091215,263.1087276616606,20,#ff0000,Quadrant 4,2,2,98,,#ff0000,,228.57703897244357,6
image_109.png,2,False,695.0438662689334,52.55682246344758,20,#0000ff,Quadrant 2,1,2,98,,#0000ff,,120.62969923968653,6
image_109.png,2,False,26.95698885855277,80.92675638691563,20,#0000ff,Quadrant 1,1,1,98,,#0000ff,,357.2845807944149,6
image_109.png,5,False,167.38635544904275,35.468009297875625,20,#0000ff,Quadrant 1,1,1,98,,#0000ff,,75.49838039003583,6
image_109.png,2,False,484.1118845659439,269.75851023122857,20,#0000ff,Quadrant 4,2,2,98,,#0000ff,,277.8403294545474,6
image_110.png,2,True,560.4687096934649,285.0059389794976,20,#FF0000,Quadrant 4,2,2,54,240,#FF0000,0,67.71265378833537,5
image_110.png,2,False,109.00076559686225,259.2780958807475,20,#0000ff,Quadrant 3,2,1,54,,#0000ff,,36.20533198269543,5
image_110.png,5,False,125.97330746323873,146.31255605666277,20,#0000ff,Quadrant 1,1,1,54,,#0000ff,,357.75313461435894,5
image_110.png,2,False,310.11635328158377,266.3934341501815,20,#0000ff,Quadrant 3,2,1,54,,#0000ff,,53.63536803789314,5
image_110.png,5,False,46.21655306027462,148.39444787393546,20,#0000ff,Quadrant 1,1,1,54,,#0000ff,,39.96341950509144,5
image_110.png,5,False,668.6917919538184,109.10765632142156,20,#ff0000,Quadrant 2,1,2,54,,#ff0000,,105.32001974582478,5
image_110.png,2,False,578.5962420121022,247.55604121499204,20,#0000ff,Quadrant 4,2,2,54,,#0000ff,,287.34707845230594,5
image_110.png,5,False,339.4025256750908,351.90953993018195,20,#0000ff,Quadrant 3,2,1,54,,#0000ff,,33.756112964609905,5
image_110.png,5,False,226.42583505619635,269.6514618927954,20,#ff0000,Quadrant 3,2,1,54,,#ff0000,,298.3670408181286,5
image_110.png,2,False,298.91864730794634,190.13658228880388,20,#0000ff,Quadrant 1,1,1,54,,#0000ff,,332.57026817912435,5
image_110.png,2,False,181.49355640797623,105.56796169007217,20,#0000ff,Quadrant 1,1,1,54,,#0000ff,,164.02590358202667,5
image_110.png,2,False,269.0661919916372,170.96143895265158,20,#0000ff,Quadrant 1,1,1,54,,#0000ff,,298.96392115373885,5
image_110.png,2,False,80.93600913694561,295.73131296329984,20,#0000ff,Quadrant 3,2,1,54,,#0000ff,,92.63812391362538,5
image_110.png,5,False,363.1919973363132,307.17665004425515,20,#0000ff,Quadrant 4,2,2,54,,#0000ff,,189.25886245571212,5
image_110.png,5,False,416.9281034258721,363.6397221116846,20,#ff0000,Quadrant 4,2,2,54,,#ff0000,,57.52215299816144,5
image_110.png,2,False,584.4258162177711,101.90859849473189,20,#0000ff,Quadrant 2,1,2,54,,#0000ff,,30.181056985725778,5
image_110.png,5,False,501.75880517305325,283.57715170589177,20,#0000ff,Quadrant 4,2,2,54,,#0000ff,,120.81126191984858,5
image_110.png,2,False,564.8381913667262,369.2089941761344,20,#0000ff,Quadrant 4,2,2,54,,#0000ff,,81.92304703303839,5
image_110.png,2,False,581.3436278495939,211.72395750633225,20,#0000ff,Quadrant 4,2,2,54,,#0000ff,,281.3920638151066,5
image_110.png,5,False,596.7940504382448,45.19067216338009,20,#ff0000,Quadrant 2,1,2,54,,#ff0000,,180.74945303720435,5
image_110.png,5,False,265.44586559965325,319.41403855075106,20,#0000ff,Quadrant 3,2,1,54,,#0000ff,,20.5863515458247,5
image_110.png,5,False,539.5378662100276,177.91097100905748,20,#ff0000,Quadrant 2,1,2,54,,#ff0000,,169.69703532943333,5
image_110.png,5,False,55.04320512657751,282.53083471363027,20,#ff0000,Quadrant 3,2,1,54,,#ff0000,,218.296270813556,5
image_110.png,5,False,444.18173151676496,84.36318697350804,20,#ff0000,Quadrant 2,1,2,54,,#ff0000,,269.4553031227404,5
image_110.png,2,False,478.2823282904483,51.52275716678832,20,#0000ff,Quadrant 2,1,2,54,,#0000ff,,174.11188634285955,5
image_110.png,2,False,549.976632069065,139.41870625140808,20,#0000ff,Quadrant 2,1,2,54,,#0000ff,,140.3376680997758,5
image_110.png,5,False,122.42762894825613,53.16314643785654,20,#ff0000,Quadrant 1,1,1,54,,#ff0000,,76.90660855624014,5
image_110.png,5,False,68.4496648786027,31.251423093500073,20,#ff0000,Quadrant 1,1,1,54,,#ff0000,,246.7110030440847,5
image_110.png,5,False,481.20435893454544,195.20843234933906,20,#0000ff,Quadrant 2,1,2,54,,#0000ff,,203.35681695479238,5
image_110.png,2,False,420.85637400444017,244.88765951770748,20,#0000ff,Quadrant 4,2,2,54,,#0000ff,,124.65255488574023,5
image_110.png,2,False,49.914509409737725,114.63400928770673,20,#0000ff,Quadrant 1,1,1,54,,#0000ff,,310.8199494387122,5
image_110.png,5,False,369.79196761653327,222.8543803458722,20,#0000ff,Quadrant 4,2,2,54,,#0000ff,,267.2644520587473,5
image_110.png,2,False,43.54208572806903,256.160977799476,20,#0000ff,Quadrant 3,2,1,54,,#0000ff,,274.0436805991552,5
image_110.png,5,False,549.0202023556196,309.1206808817419,20,#0000ff,Quadrant 4,2,2,54,,#0000ff,,3.063175511742462,5
image_110.png,2,False,327.4151396387843,142.53858690330262,20,#0000ff,Quadrant 1,1,1,54,,#0000ff,,246.54387480257847,5
image_110.png,5,False,611.3584583102615,129.53024330622435,20,#0000ff,Quadrant 2,1,2,54,,#0000ff,,25.80154461747812,5
image_110.png,5,False,386.84403126640257,71.36020410271853,20,#ff0000,Quadrant 2,1,2,54,,#ff0000,,21.63831648378085,5
image_110.png,2,False,509.60506511656587,251.85211218436223,20,#0000ff,Quadrant 4,2,2,54,,#0000ff,,188.26987567365953,5
image_110.png,2,False,174.67816789684844,224.69862794731938,20,#0000ff,Quadrant 3,2,1,54,,#0000ff,,302.794599855345,5
image_110.png,5,False,306.174955242845,80.62278000603158,20,#ff0000,Quadrant 1,1,1,54,,#ff0000,,233.28577678645476,5
image_110.png,5,False,325.7021352622091,174.93920722056853,20,#0000ff,Quadrant 1,1,1,54,,#0000ff,,328.79690500483355,5
image_110.png,2,False,327.0979043723882,210.99463060764103,20,#0000ff,Quadrant 3,2,1,54,,#0000ff,,64.90920929617413,5
image_110.png,5,False,220.40928072694746,109.10676721730655,20,#0000ff,Quadrant 1,1,1,54,,#0000ff,,287.47711204982977,5
image_110.png,5,False,424.42743513880936,182.43038095312673,20,#ff0000,Quadrant 2,1,2,54,,#ff0000,,296.17293150244745,5
image_110.png,5,False,658.6294287920276,151.71249709566328,20,#ff0000,Quadrant 2,1,2,54,,#ff0000,,195.80500571990848,5
image_110.png,5,False,145.7664592872578,330.81345661046663,20,#0000ff,Quadrant 3,2,1,54,,#0000ff,,165.15589919269388,5
image_110.png,2,False,390.78126551186153,305.61686616665173,20,#0000ff,Quadrant 4,2,2,54,,#0000ff,,77.92222034831049,5
image_110.png,2,False,346.144311357483,239.0668258962176,20,#0000ff,Quadrant 3,2,1,54,,#0000ff,,194.86213147014493,5
image_110.png,5,False,110.8821624074201,371.96988716144796,20,#ff0000,Quadrant 3,2,1,54,,#ff0000,,268.8551901485912,5
image_110.png,2,False,423.23566896978275,116.90030929705844,20,#0000ff,Quadrant 2,1,2,54,,#0000ff,,137.98863886847343,5
image_110.png,5,False,119.0890731472346,192.3697826333432,20,#0000ff,Quadrant 1,1,1,54,,#0000ff,,46.18169147433841,5
image_110.png,5,False,339.6973100843632,118.67687886847658,20,#ff0000,Quadrant 1,1,1,54,,#ff0000,,299.7470728126049,5
image_110.png,5,False,651.6724943684296,61.962666945458935,20,#ff0000,Quadrant 2,1,2,54,,#ff0000,,113.66057886215125,5
image_110.png,5,False,387.3905462784825,165.68477173760064,20,#0000ff,Quadrant 2,1,2,54,,#0000ff,,39.736385498176226,5
image_110.png,5,False,519.3230931863222,219.9931550196452,20,#ff0000,Quadrant 4,2,2,54,,#ff0000,,128.14061392875118,5
image_111.png,2,True,482.76612077290895,372.96100956996736,20,#FF0000,Quadrant 4,2,2,23,240,#FF0000,0,227.4633214494878,4
image_111.png,5,False,290.9973936946847,102.95000605137251,20,#ff0000,Quadrant 1,1,1,23,,#ff0000,,254.36371201886166,4
image_111.png,5,False,126.86428031999033,185.25737864408188,20,#0000ff,Quadrant 1,1,1,23,,#0000ff,,298.4725877186851,4
image_111.png,5,False,133.64783755838255,338.6254674698808,20,#ff0000,Quadrant 3,2,1,23,,#ff0000,,161.50728147083066,4
image_111.png,5,False,221.2058343027895,166.17683464566787,20,#ff0000,Quadrant 1,1,1,23,,#ff0000,,150.67886780802948,4
image_111.png,2,False,589.195158133938,90.85595980778382,20,#0000ff,Quadrant 2,1,2,23,,#0000ff,,31.924785126933017,4
image_111.png,2,False,664.0063231501666,274.73036968635404,20,#0000ff,Quadrant 4,2,2,23,,#0000ff,,190.94445878334884,4
image_111.png,5,False,693.8735173955178,142.5663076286204,20,#ff0000,Quadrant 2,1,2,23,,#ff0000,,27.669505725551886,4
image_111.png,2,False,487.13559711716914,170.3616620459331,20,#0000ff,Quadrant 2,1,2,23,,#0000ff,,288.8912620702465,4
image_111.png,5,False,374.02266496399335,112.2136115628002,20,#ff0000,Quadrant 2,1,2,23,,#ff0000,,221.0112839188711,4
image_111.png,5,False,474.3906573619155,238.32035320284368,20,#0000ff,Quadrant 4,2,2,23,,#0000ff,,87.36213990628558,4
image_111.png,5,False,240.37380250488786,96.01501720532868,20,#ff0000,Quadrant 1,1,1,23,,#ff0000,,185.71986913344986,4
image_111.png,5,False,642.8607308697078,218.20399271484214,20,#0000ff,Quadrant 4,2,2,23,,#0000ff,,244.82969354966804,4
image_111.png,2,False,161.08298044643047,249.94044168487238,20,#0000ff,Quadrant 3,2,1,23,,#0000ff,,359.708588001925,4
image_111.png,5,False,625.5715573851446,51.00804695146786,20,#ff0000,Quadrant 2,1,2,23,,#ff0000,,279.7904570846756,4
image_111.png,2,False,493.68851561620255,80.64881202555993,20,#0000ff,Quadrant 2,1,2,23,,#0000ff,,300.1056681280702,4
image_111.png,2,False,608.8083075139641,350.45545238146605,20,#0000ff,Quadrant 4,2,2,23,,#0000ff,,299.54571379476164,4
image_111.png,2,False,94.72334464409278,215.87599949071077,20,#0000ff,Quadrant 3,2,1,23,,#0000ff,,291.99531296965597,4
image_111.png,5,False,78.29317379964338,89.58967554135573,20,#0000ff,Quadrant 1,1,1,23,,#0000ff,,128.88270000334737,4
image_111.png,2,False,370.1870246735067,289.5400286588156,20,#0000ff,Quadrant 4,2,2,23,,#0000ff,,215.21369057878414,4
image_111.png,5,False,221.73330016186637,344.36926944525726,20,#ff0000,Quadrant 3,2,1,23,,#ff0000,,250.4748666150619,4
image_111.png,5,False,641.2051837037703,23.137749870035506,20,#0000ff,Quadrant 2,1,2,23,,#0000ff,,226.66959002556973,4
image_111.png,2,False,625.6123315889964,135.21913132087494,20,#0000ff,Quadrant 2,1,2,23,,#0000ff,,228.97841810810513,4
image_111.png,2,False,55.3522488612519,342.6363385613411,20,#0000ff,Quadrant 3,2,1,23,,#0000ff,,144.16562991559516,4
image_112.png,2,True,340.4929270675099,62.440295053623814,20,#FF0000,Quadrant 1,1,1,8,240,#FF0000,0,163.01565446229148,2
image_112.png,5,False,166.9640461344716,122.03155017202144,20,#ff0000,Quadrant 1,1,1,8,,#ff0000,,172.37584677689102,2
image_112.png,5,False,456.3277921128057,288.82065762335014,20,#ff0000,Quadrant 4,2,2,8,,#ff0000,,234.1642476751976,2
image_112.png,5,False,372.8700747863664,310.3429793963258,20,#ff0000,Quadrant 4,2,2,8,,#ff0000,,247.80435727553495,2
image_112.png,5,False,126.88696862988003,298.57455235291326,20,#ff0000,Quadrant 3,2,1,8,,#ff0000,,104.46813923600294,2
image_112.png,5,False,471.35756286407366,70.47524483503474,20,#ff0000,Quadrant 2,1,2,8,,#ff0000,,240.9847426018857,2
image_112.png,5,False,530.4630815644009,13.768044082322087,20,#0000ff,Quadrant 2,1,2,8,,#0000ff,,291.063542524295,2
image_112.png,2,False,494.3691451495365,365.55640502531514,20,#0000ff,Quadrant 4,2,2,8,,#0000ff,,148.08698688725696,2
image_112.png,5,False,686.1336856391589,168.44774785715416,20,#ff0000,Quadrant 2,1,2,8,,#ff0000,,236.65320324484426,2
image_113.png,2,True,352.05003591045755,83.72928338301872,20,#FF0000,Quadrant 1,1,1,51,240,#FF0000,0,37.098054820407526,5
image_113.png,5,False,497.9033980351168,350.16234115341837,20,#ff0000,Quadrant 4,2,2,51,,#ff0000,,194.09461306940648,5
image_113.png,5,False,583.4336189136063,61.740879516534264,20,#ff0000,Quadrant 2,1,2,51,,#ff0000,,115.17083728296,5
image_113.png,2,False,440.6529507223364,203.23978945400424,20,#0000ff,Quadrant 4,2,2,51,,#0000ff,,246.3757913413463,5
image_113.png,2,False,470.83670182788757,321.6438525527922,20,#0000ff,Quadrant 4,2,2,51,,#0000ff,,309.6280478491901,5
image_113.png,5,False,435.77049668191825,79.50818976204017,20,#0000ff,Quadrant 2,1,2,51,,#0000ff,,137.99910750261688,5
image_113.png,5,False,309.1869562323858,261.9787958116283,20,#ff0000,Quadrant 3,2,1,51,,#ff0000,,256.0049961311943,5
image_113.png,5,False,403.6248586629715,99.34904910316646,20,#ff0000,Quadrant 2,1,2,51,,#ff0000,,279.132383021989,5
image_113.png,2,False,74.98409549260604,35.73064935425316,20,#0000ff,Quadrant 1,1,1,51,,#0000ff,,204.72520954919906,5
image_113.png,2,False,474.9364612431664,204.68239794290795,20,#0000ff,Quadrant 4,2,2,51,,#0000ff,,136.27681309633215,5
image_113.png,5,False,149.8829382755004,124.36521359516915,20,#ff0000,Quadrant 1,1,1,51,,#ff0000,,147.64014384801357,5
image_113.png,5,False,81.64152877047513,372.77103438082594,20,#0000ff,Quadrant 3,2,1,51,,#0000ff,,170.15033672402592,5
image_113.png,5,False,186.28285116784357,25.092782362714907,20,#0000ff,Quadrant 1,1,1,51,,#0000ff,,324.9107532234926,5
image_113.png,5,False,661.9082819522655,220.59535652885472,20,#ff0000,Quadrant 4,2,2,51,,#ff0000,,339.75958305060846,5
image_113.png,2,False,151.69546982107897,321.41076283769706,20,#0000ff,Quadrant 3,2,1,51,,#0000ff,,161.916045969992,5
image_113.png,5,False,534.0324950621807,222.46922088787994,20,#0000ff,Quadrant 4,2,2,51,,#0000ff,,58.712117602446924,5
image_113.png,5,False,645.681478980536,329.8535839075438,20,#0000ff,Quadrant 4,2,2,51,,#0000ff,,316.4896586148535,5
image_113.png,5,False,155.3656760331338,238.15521194290872,20,#0000ff,Quadrant 3,2,1,51,,#0000ff,,102.01652256871236,5
image_113.png,2,False,189.18523054195788,58.099103863318334,20,#0000ff,Quadrant 1,1,1,51,,#0000ff,,118.12943381166878,5
image_113.png,2,False,390.2798657899042,369.92610313083577,20,#0000ff,Quadrant 4,2,2,51,,#0000ff,,98.62873918633703,5
image_113.png,5,False,309.77677345322775,181.09012595309463,20,#0000ff,Quadrant 1,1,1,51,,#0000ff,,185.88413079555133,5
image_113.png,5,False,69.56743308221141,109.60593079643868,20,#ff0000,Quadrant 1,1,1,51,,#ff0000,,210.32714201909667,5
image_113.png,5,False,674.7646565568177,92.22947957965033,20,#0000ff,Quadrant 2,1,2,51,,#0000ff,,29.08568687345141,5
image_113.png,5,False,281.21821562960247,324.46378698581236,20,#0000ff,Quadrant 3,2,1,51,,#0000ff,,36.94645107701454,5
image_113.png,5,False,11.035496023704468,139.03105752874026,20,#ff0000,Quadrant 1,1,1,51,,#ff0000,,262.04242585066896,5
image_113.png,5,False,275.8236578521952,261.3064484192191,20,#ff0000,Quadrant 3,2,1,51,,#ff0000,,247.04099114635505,5
image_113.png,5,False,489.36873521624995,377.53024598194855,20,#0000ff,Quadrant 4,2,2,51,,#0000ff,,73.5876684060035,5
image_113.png,5,False,236.76202264314492,344.75261048287933,20,#0000ff,Quadrant 3,2,1,51,,#0000ff,,207.1741234225351,5
image_113.png,5,False,104.50723905342623,280.1106993501589,20,#ff0000,Quadrant 3,2,1,51,,#ff0000,,111.9120008975417,5
image_113.png,5,False,605.0587907525512,335.8022071494996,20,#0000ff,Quadrant 4,2,2,51,,#0000ff,,20.050931222152325,5
image_113.png,5,False,129.80403856625895,153.27620359195598,20,#ff0000,Quadrant 1,1,1,51,,#ff0000,,154.01972582969472,5
image_113.png,5,False,535.0473006352684,105.26116348460376,20,#ff0000,Quadrant 2,1,2,51,,#ff0000,,226.5066032712009,5
image_113.png,2,False,291.5634848860056,222.41074067480235,20,#0000ff,Quadrant 3,2,1,51,,#0000ff,,273.14673475560403,5
image_113.png,5,False,68.91676377617861,315.86172853952183,20,#0000ff,Quadrant 3,2,1,51,,#0000ff,,216.38958424364677,5
image_113.png,5,False,609.2082570839734,278.6667293840368,20,#0000ff,Quadrant 4,2,2,51,,#0000ff,,53.0747068402055,5
image_113.png,2,False,533.9418261287389,29.43606344610221,20,#0000ff,Quadrant 2,1,2,51,,#0000ff,,188.70511036647275,5
image_113.png,5,False,112.06320125278968,368.3439926910888,20,#ff0000,Quadrant 3,2,1,51,,#ff0000,,117.91724524932653,5
image_113.png,5,False,479.52194681605243,90.86567076826177,20,#0000ff,Quadrant 2,1,2,51,,#0000ff,,91.34259663116967,5
image_113.png,2,False,422.8493314468208,293.44478631948914,20,#0000ff,Quadrant 4,2,2,51,,#0000ff,,183.12121362326954,5
image_113.png,2,False,328.6180341989435,345.96165488501555,20,#0000ff,Quadrant 3,2,1,51,,#0000ff,,311.8993083286143,5
image_113.png,5,False,278.41755808746115,367.5299614543634,20,#0000ff,Quadrant 3,2,1,51,,#0000ff,,320.4691881606411,5
image_113.png,5,False,362.004330748472,351.8535035832757,20,#0000ff,Quadrant 4,2,2,51,,#0000ff,,250.78334580965677,5
image_113.png,5,False,352.60293730127705,303.338868979997,20,#0000ff,Quadrant 3,2,1,51,,#0000ff,,95.38780094743062,5
image_113.png,5,False,458.893567792812,366.67872296145686,20,#ff0000,Quadrant 4,2,2,51,,#ff0000,,246.28980147292876,5
image_113.png,5,False,595.5762947282784,179.63529744344896,20,#0000ff,Quadrant 2,1,2,51,,#0000ff,,211.47593831636738,5
image_113.png,2,False,609.8876954983547,374.75056060197755,20,#0000ff,Quadrant 4,2,2,51,,#0000ff,,316.1439402200118,5
image_113.png,5,False,26.5213709642517,338.5658733803554,20,#0000ff,Quadrant 3,2,1,51,,#0000ff,,313.9629564740296,5
image_113.png,2,False,223.29838761073697,179.26751597655414,20,#0000ff,Quadrant 1,1,1,51,,#0000ff,,127.68893412490301,5
image_113.png,5,False,267.72185146448675,145.97183361960657,20,#0000ff,Quadrant 1,1,1,51,,#0000ff,,286.67115052979307,5
image_113.png,5,False,246.60800513766424,79.15090067246481,20,#0000ff,Quadrant 1,1,1,51,,#0000ff,,131.5645173829842,5
image_113.png,2,False,699.6828891870163,289.5340291689452,20,#0000ff,Quadrant 4,2,2,51,,#0000ff,,10.4051359591498,5
image_113.png,5,False,530.1369190786032,147.71243761219347,20,#ff0000,Quadrant 2,1,2,51,,#ff0000,,210.56915220808975,5
image_114.png,2,True,695.6031029251293,43.79665567725762,20,#FF0000,Quadrant 2,1,2,4,240,#FF0000,0,300.0773056832622,1
image_114.png,5,False,621.9579780496358,200.9005553669018,20,#0000ff,Quadrant 4,2,2,4,,#0000ff,,36.64883409310147,1
image_114.png,5,False,63.70903962805658,287.00283734369265,20,#0000ff,Quadrant 3,2,1,4,,#0000ff,,144.64548761769146,1
image_114.png,5,False,75.0834825552307,253.99208507564208,20,#0000ff,Quadrant 3,2,1,4,,#0000ff,,153.01807949240543,1
image_114.png,5,False,204.37758998913333,185.46902716981882,20,#0000ff,Quadrant 1,1,1,4,,#0000ff,,240.81464767472127,1
image_115.png,2,True,112.46298744476574,243.13361681983608,20,#FF0000,Quadrant 3,2,1,89,240,#FF0000,0,197.1216341760585,6
image_115.png,5,False,501.57819399053017,150.42912014391922,20,#0000ff,Quadrant 2,1,2,89,,#0000ff,,266.53467010133727,6
image_115.png,5,False,453.2717643407721,36.628175589543346,20,#0000ff,Quadrant 2,1,2,89,,#0000ff,,6.039311510558862,6
image_115.png,5,False,600.3467627536768,130.27628965060802,20,#ff0000,Quadrant 2,1,2,89,,#ff0000,,326.9765307223659,6
image_115.png,2,False,301.98607897305885,356.72854200604536,20,#0000ff,Quadrant 3,2,1,89,,#0000ff,,224.33102363803067,6
image_115.png,5,False,57.32334043843981,342.00348589833453,20,#0000ff,Quadrant 3,2,1,89,,#0000ff,,19.7262535068333,6
image_115.png,2,False,344.85734837418056,181.50341317026624,20,#0000ff,Quadrant 1,1,1,89,,#0000ff,,11.603346995992334,6
image_115.png,2,False,219.38499556650154,59.46045974646895,20,#0000ff,Quadrant 1,1,1,89,,#0000ff,,107.72362106522796,6
image_115.png,5,False,205.3159044835261,17.30769079587389,20,#ff0000,Quadrant 1,1,1,89,,#ff0000,,218.0547476893963,6
image_115.png,5,False,694.5652990084718,214.0882717681198,20,#0000ff,Quadrant 4,2,2,89,,#0000ff,,301.78897357467974,6
image_115.png,5,False,608.4071512047907,198.8284180841367,20,#ff0000,Quadrant 2,1,2,89,,#ff0000,,111.63376698822988,6
image_115.png,5,False,678.8990419600153,358.25848843548624,20,#0000ff,Quadrant 4,2,2,89,,#0000ff,,73.36331183062585,6
image_115.png,5,False,631.5836723512563,377.84706066666735,20,#ff0000,Quadrant 4,2,2,89,,#ff0000,,70.41433614725517,6
image_115.png,5,False,347.8929947630315,238.67598386059876,20,#ff0000,Quadrant 3,2,1,89,,#ff0000,,249.75592585514377,6
image_115.png,5,False,371.01247133443144,277.82332731024053,20,#0000ff,Quadrant 4,2,2,89,,#0000ff,,291.18452823043674,6
image_115.png,2,False,368.47334649725036,346.3233985736555,20,#0000ff,Quadrant 4,2,2,89,,#0000ff,,129.96213771964892,6
image_115.png,2,False,533.1919940989791,78.2138895043728,20,#0000ff,Quadrant 2,1,2,89,,#0000ff,,165.8575952370335,6
image_115.png,5,False,668.7152030100408,45.66254618050574,20,#0000ff,Quadrant 2,1,2,89,,#0000ff,,191.69765200014157,6
image_115.png,5,False,81.82668076318248,240.9246109071522,20,#0000ff,Quadrant 3,2,1,89,,#0000ff,,329.3020431437718,6
image_115.png,5,False,177.85010326574454,299.46274311961866,20,#ff0000,Quadrant 3,2,1,89,,#ff0000,,268.0426119478514,6
image_115.png,2,False,144.10925713470058,45.27624978330193,20,#0000ff,Quadrant 1,1,1,89,,#0000ff,,169.98548422498237,6
image_115.png,5,False,71.71541924391852,105.29534393321228,20,#0000ff,Quadrant 1,1,1,89,,#0000ff,,260.54246771758693,6
image_115.png,5,False,595.943695047408,370.9580240080337,20,#ff0000,Quadrant 4,2,2,89,,#ff0000,,130.47955565512024,6
image_115.png,2,False,71.59816855053704,280.2153941968644,20,#0000ff,Quadrant 3,2,1,89,,#0000ff,,158.7423872337983,6
image_115.png,2,False,521.8399916243079,278.5939189147656,20,#0000ff,Quadrant 4,2,2,89,,#0000ff,,164.38266207605452,6
image_115.png,2,False,621.6918599245231,56.23879525070116,20,#0000ff,Quadrant 2,1,2,89,,#0000ff,,117.19307717429992,6
image_115.png,5,False,601.9463400724114,237.02552472716908,20,#ff0000,Quadrant 4,2,2,89,,#ff0000,,337.95344249155266,6
image_115.png,5,False,526.5187901743113,382.2724905177268,20,#ff0000,Quadrant 4,2,2,89,,#ff0000,,330.3784955301796,6
image_115.png,5,False,627.7731935481538,346.73516663608274,20,#ff0000,Quadrant 4,2,2,89,,#ff0000,,6.216969051915626,6
image_115.png,5,False,96.09005234911298,213.43685207849325,20,#ff0000,Quadrant 3,2,1,89,,#ff0000,,288.02225251808187,6
image_115.png,5,False,68.68216852853254,317.38873664070417,20,#0000ff,Quadrant 3,2,1,89,,#0000ff,,54.70018660519322,6
image_115.png,5,False,549.9109517375296,326.87877039396056,20,#ff0000,Quadrant 4,2,2,89,,#ff0000,,61.37971843881947,6
image_115.png,2,False,144.35784104506172,113.43424361723072,20,#0000ff,Quadrant 1,1,1,89,,#0000ff,,10.971716869384984,6
image_115.png,5,False,106.87594039851102,313.26882213135616,20,#0000ff,Quadrant 3,2,1,89,,#0000ff,,204.7331032376143,6
image_115.png,5,False,435.20668589260606,288.8360721222546,20,#ff0000,Quadrant 4,2,2,89,,#ff0000,,201.18843288910472,6
image_115.png,2,False,139.3374977019925,282.10855712525523,20,#0000ff,Quadrant 3,2,1,89,,#0000ff,,106.28696948650301,6
image_115.png,5,False,41.259379360503615,219.81403262049707,20,#ff0000,Quadrant 3,2,1,89,,#ff0000,,290.16490471986833,6
image_115.png,5,False,258.0837859341478,124.56477295653937,20,#0000ff,Quadrant 1,1,1,89,,#0000ff,,150.66325248735572,6
image_115.png,5,False,565.3994586617279,272.79903899385056,20,#ff0000,Quadrant 4,2,2,89,,#ff0000,,162.4158667300862,6
image_115.png,5,False,27.049414569094893,340.0961222614134,20,#0000ff,Quadrant 3,2,1,89,,#0000ff,,258.4861580181558,6
image_115.png,2,False,484.9015713323225,88.2018561462668,20,#0000ff,Quadrant 2,1,2,89,,#0000ff,,141.17132564378707,6
image_115.png,5,False,590.4473681091873,174.0749366908368,20,#0000ff,Quadrant 2,1,2,89,,#0000ff,,118.52240581603195,6
image_115.png,2,False,273.45178759465193,171.86468887003608,20,#0000ff,Quadrant 1,1,1,89,,#0000ff,,262.0818879963938,6
image_115.png,2,False,47.14963405653628,255.62433474045457,20,#0000ff,Quadrant 3,2,1,89,,#0000ff,,237.24068451846668,6
image_115.png,5,False,203.53567729215425,325.00757104671004,20,#0000ff,Quadrant 3,2,1,89,,#0000ff,,3.283745139522609,6
image_115.png,5,False,514.1603576513066,334.8847227992572,20,#ff0000,Quadrant 4,2,2,89,,#ff0000,,273.5740749505993,6
image_115.png,5,False,666.0587717062223,226.28529336722676,20,#ff0000,Quadrant 4,2,2,89,,#ff0000,,201.6430158961999,6
image_115.png,2,False,530.1515825545957,109.13465307451294,20,#0000ff,Quadrant 2,1,2,89,,#0000ff,,212.08367955734764,6
image_115.png,5,False,314.50433544287426,222.9802268630362,20,#ff0000,Quadrant 3,2,1,89,,#ff0000,,84.00903754491486,6
image_115.png,2,False,292.69033679176806,92.2899821234538,20,#0000ff,Quadrant 1,1,1,89,,#0000ff,,344.6325965579596,6
image_115.png,5,False,97.87916365282976,286.9981061732227,20,#ff0000,Quadrant 3,2,1,89,,#ff0000,,262.33662634776954,6
image_115.png,5,False,187.27893109367918,203.98143578286923,20,#0000ff,Quadrant 3,2,1,89,,#0000ff,,290.8182215718444,6
image_115.png,5,False,239.56105352802953,271.3537592723486,20,#ff0000,Quadrant 3,2,1,89,,#ff0000,,300.496734737478,6
image_115.png,2,False,120.44784215908561,353.5561552962315,20,#0000ff,Quadrant 3,2,1,89,,#0000ff,,314.1495382705791,6
image_115.png,5,False,216.3399503272716,367.12201318458904,20,#0000ff,Quadrant 3,2,1,89,,#0000ff,,192.6640196285956,6
image_115.png,5,False,451.3664991274404,200.9003295077566,20,#0000ff,Quadrant 4,2,2,89,,#0000ff,,326.39324983523426,6
image_115.png,5,False,391.09653973401106,192.30014026170934,20,#0000ff,Quadrant 2,1,2,89,,#0000ff,,116.62119752627356,6
image_115.png,5,False,66.91989263166396,191.52369323267476,20,#0000ff,Quadrant 1,1,1,89,,#0000ff,,229.02421260058728,6
image_115.png,5,False,120.30345565434256,201.1137295857641,20,#0000ff,Quadrant 3,2,1,89,,#0000ff,,215.89209963577213,6
image_115.png,2,False,326.11690699412316,115.49209048510009,20,#0000ff,Quadrant 1,1,1,89,,#0000ff,,193.48165612722565,6
image_115.png,2,False,276.79670942731207,346.4079360625398,20,#0000ff,Quadrant 3,2,1,89,,#0000ff,,349.4636916336626,6
image_115.png,5,False,60.567678554428035,146.39598837740417,20,#0000ff,Quadrant 1,1,1,89,,#0000ff,,283.3669316365248,6
image_115.png,5,False,432.2389866327901,177.54669177613275,20,#ff0000,Quadrant 2,1,2,89,,#ff0000,,319.2194101227317,6
image_115.png,2,False,16.46809406140294,316.7808131041534,20,#0000ff,Quadrant 3,2,1,89,,#0000ff,,336.73150882233125,6
image_115.png,2,False,574.7236046534723,34.067661178533356,20,#0000ff,Quadrant 2,1,2,89,,#0000ff,,265.10326937998866,6
image_115.png,2,False,44.97783324821467,42.30318753486523,20,#0000ff,Quadrant 1,1,1,89,,#0000ff,,235.7664585850896,6
image_115.png,5,False,151.5430980206479,354.97596933994123,20,#ff0000,Quadrant 3,2,1,89,,#ff0000,,2.9183984228089166,6
image_115.png,5,False,345.83359605730476,361.98958783416424,20,#0000ff,Quadrant 3,2,1,89,,#0000ff,,355.23524007852,6
image_115.png,5,False,105.93463934650512,62.420482040743615,20,#ff0000,Quadrant 1,1,1,89,,#ff0000,,227.8771404339779,6
image_115.png,2,False,491.07035401029873,310.870550550438,20,#0000ff,Quadrant 4,2,2,89,,#0000ff,,142.23158399063627,6
image_115.png,5,False,160.88790081671476,240.57449028011433,20,#0000ff,Quadrant 3,2,1,89,,#0000ff,,150.0425959641917,6
image_115.png,5,False,546.1886945693398,19.4580687149587,20,#0000ff,Quadrant 2,1,2,89,,#0000ff,,202.02431991266988,6
image_115.png,5,False,549.2995810044304,223.6539340127532,20,#0000ff,Quadrant 4,2,2,89,,#0000ff,,29.586988090495364,6
image_115.png,5,False,317.5645457154739,143.49087486677587,20,#ff0000,Quadrant 1,1,1,89,,#ff0000,,97.96078948967846,6
image_115.png,5,False,602.5724772024365,31.324370712335845,20,#ff0000,Quadrant 2,1,2,89,,#ff0000,,276.3654281236004,6
image_115.png,5,False,329.55478099282465,335.62951885502576,20,#0000ff,Quadrant 3,2,1,89,,#0000ff,,231.64164104174083,6
image_115.png,5,False,253.8019552189154,149.07675188047287,20,#0000ff,Quadrant 1,1,1,89,,#0000ff,,48.05707501069874,6
image_115.png,5,False,251.81797744931146,17.67281507885576,20,#0000ff,Quadrant 1,1,1,89,,#0000ff,,348.02574823972986,6
image_115.png,2,False,218.67278073611516,195.38806948723933,20,#0000ff,Quadrant 1,1,1,89,,#0000ff,,268.86144947416835,6
image_115.png,5,False,502.7010139377895,227.18032828373646,20,#0000ff,Quadrant 4,2,2,89,,#0000ff,,200.1495624016807,6
image_115.png,5,False,478.0073057005123,260.12221862325885,20,#ff0000,Quadrant 4,2,2,89,,#ff0000,,125.25645898043277,6
image_115.png,5,False,327.94821194294434,309.838342281176,20,#ff0000,Quadrant 3,2,1,89,,#ff0000,,338.4421966817851,6
image_115.png,2,False,285.1313748938087,276.9742640778736,20,#0000ff,Quadrant 3,2,1,89,,#0000ff,,244.76546403193507,6
image_115.png,5,False,183.24081806969684,388.32503016905486,20,#0000ff,Quadrant 3,2,1,89,,#0000ff,,144.6495276962826,6
image_115.png,5,False,677.28963355863,98.12292659818812,20,#ff0000,Quadrant 2,1,2,89,,#ff0000,,280.4725458527722,6
image_115.png,2,False,448.6892448471627,379.76949496772806,20,#0000ff,Quadrant 4,2,2,89,,#0000ff,,59.3886579371959,6
image_115.png,5,False,544.4096091486919,176.16820003714994,20,#ff0000,Quadrant 2,1,2,89,,#ff0000,,289.6533779137872,6
image_115.png,5,False,28.355832717686738,76.81217564857721,20,#ff0000,Quadrant 1,1,1,89,,#ff0000,,140.33948642589408,6
image_115.png,5,False,562.1443978999947,64.48339334907047,20,#0000ff,Quadrant 2,1,2,89,,#0000ff,,254.71511751581244,6
image_115.png,2,False,120.59695491728677,153.73687800188333,20,#0000ff,Quadrant 1,1,1,89,,#0000ff,,116.01767921466669,6
image_116.png,2,True,685.1520150162912,329.61691084451564,20,#FF0000,Quadrant 4,2,2,99,240,#FF0000,0,204.33915533252318,6
image_116.png,5,False,607.0861781755559,160.0508575380584,20,#0000ff,Quadrant 2,1,2,99,,#0000ff,,291.60431014545753,6
image_116.png,5,False,444.50292311951944,114.136689683132,20,#ff0000,Quadrant 2,1,2,99,,#ff0000,,346.9539694121341,6
image_116.png,5,False,483.95771241390514,130.8356698446125,20,#ff0000,Quadrant 2,1,2,99,,#ff0000,,65.11085014732542,6
image_116.png,5,False,78.21590496848967,302.9919204703517,20,#ff0000,Quadrant 3,2,1,99,,#ff0000,,39.375156964941965,6
image_116.png,2,False,645.8214423444139,81.90533038405438,20,#0000ff,Quadrant 2,1,2,99,,#0000ff,,76.97850121212562,6
image_116.png,5,False,152.98742168212698,323.0501418782001,20,#0000ff,Quadrant 3,2,1,99,,#0000ff,,51.97841332001928,6
image_116.png,5,False,548.6425261252001,214.00786264470705,20,#0000ff,Quadrant 4,2,2,99,,#0000ff,,184.67677554731787,6
image_116.png,2,False,190.2576694652383,264.54754445605647,20,#0000ff,Quadrant 3,2,1,99,,#0000ff,,338.0758651263835,6
image_116.png,5,False,178.99894484614427,102.82907675457837,20,#ff0000,Quadrant 1,1,1,99,,#ff0000,,238.27530524136063,6
image_116.png,2,False,87.68025884165192,178.4222056260402,20,#0000ff,Quadrant 1,1,1,99,,#0000ff,,323.7840684881846,6
image_116.png,5,False,12.115788773603771,193.07629510800533,20,#0000ff,Quadrant 1,1,1,99,,#0000ff,,4.110450971232544,6
image_116.png,2,False,343.7212683397427,287.8149069145155,20,#0000ff,Quadrant 3,2,1,99,,#0000ff,,168.7366182122942,6
image_116.png,2,False,343.9030817378537,51.97798887759856,20,#0000ff,Quadrant 1,1,1,99,,#0000ff,,238.10408949408207,6
image_116.png,5,False,521.1787353154225,152.06073116493684,20,#0000ff,Quadrant 2,1,2,99,,#0000ff,,135.7979200182649,6
image_116.png,5,False,485.750544269492,35.82720689922762,20,#ff0000,Quadrant 2,1,2,99,,#ff0000,,235.51404873878445,6
image_116.png,5,False,354.8024932330633,26.799130548334972,20,#ff0000,Quadrant 1,1,1,99,,#ff0000,,345.0460063947088,6
image_116.png,5,False,559.3373931945661,108.03358525319864,20,#0000ff,Quadrant 2,1,2,99,,#0000ff,,235.56287794010586,6
image_116.png,2,False,416.69858683102166,42.49289931120796,20,#0000ff,Quadrant 2,1,2,99,,#0000ff,,107.46382027348703,6
image_116.png,2,False,482.7488667266965,98.20119439279632,20,#0000ff,Quadrant 2,1,2,99,,#0000ff,,258.4526554214556,6
image_116.png,2,False,183.36895125733568,312.4941876465852,20,#0000ff,Quadrant 3,2,1,99,,#0000ff,,282.46587729618085,6
image_116.png,2,False,169.10349147450486,60.40021016537235,20,#0000ff,Quadrant 1,1,1,99,,#0000ff,,232.26225261068114,6
image_116.png,5,False,96.01076697217329,37.139200871695046,20,#ff0000,Quadrant 1,1,1,99,,#ff0000,,245.7637365095981,6
image_116.png,5,False,695.5008829190381,64.75217074960595,20,#0000ff,Quadrant 2,1,2,99,,#0000ff,,67.61815505443643,6
image_116.png,5,False,329.5739894512326,77.20727751071176,20,#ff0000,Quadrant 1,1,1,99,,#ff0000,,343.6144817164456,6
image_116.png,2,False,182.5391025790396,351.7020714613337,20,#0000ff,Quadrant 3,2,1,99,,#0000ff,,24.11449294842778,6
image_116.png,5,False,287.65355640924287,12.303069167920686,20,#ff0000,Quadrant 1,1,1,99,,#ff0000,,342.9361997684391,6
image_116.png,5,False,362.4203601243828,149.66491576752236,20,#ff0000,Quadrant 2,1,2,99,,#ff0000,,198.14506005363197,6
image_116.png,2,False,591.8561848136105,239.11701076969575,20,#0000ff,Quadrant 4,2,2,99,,#0000ff,,50.96323960529422,6
image_116.png,2,False,531.8876762457307,323.81619950130636,20,#0000ff,Quadrant 4,2,2,99,,#0000ff,,196.28509702596475,6
image_116.png,2,False,643.692353202506,153.6503141741308,20,#0000ff,Quadrant 2,1,2,99,,#0000ff,,112.13942350228052,6
image_116.png,5,False,614.6203675140059,288.60495354832904,20,#ff0000,Quadrant 4,2,2,99,,#ff0000,,43.96238751232167,6
image_116.png,2,False,538.1933628613225,67.90481038625126,20,#0000ff,Quadrant 2,1,2,99,,#0000ff,,326.6446221680237,6
image_116.png,5,False,666.592090534922,231.33872921071753,20,#ff0000,Quadrant 4,2,2,99,,#ff0000,,132.3516016063228,6
image_116.png,5,False,244.48471705414352,297.66268694369523,20,#ff0000,Quadrant 3,2,1,99,,#ff0000,,335.42347728756766,6
image_116.png,2,False,350.6385667705255,334.9536733156626,20,#0000ff,Quadrant 3,2,1,99,,#0000ff,,177.40149180904737,6
image_116.png,2,False,638.0424507836999,275.08858393424026,20,#0000ff,Quadrant 4,2,2,99,,#0000ff,,46.64501019800982,6
image_116.png,2,False,281.1985225496586,215.4490973193885,20,#0000ff,Quadrant 3,2,1,99,,#0000ff,,33.5601611937842,6
image_116.png,2,False,319.8222265198258,222.1566844124493,20,#0000ff,Quadrant 3,2,1,99,,#0000ff,,75.180203065756,6
image_116.png,5,False,289.15745019332326,186.6899499090242,20,#ff0000,Quadrant 1,1,1,99,,#ff0000,,275.02704933123437,6
image_116.png,5,False,203.79275401413165,128.2419946394698,20,#ff0000,Quadrant 1,1,1,99,,#ff0000,,3.3803783327232306,6
image_116.png,2,False,451.307347755155,189.5744296416268,20,#0000ff,Quadrant 2,1,2,99,,#0000ff,,303.39307597883345,6
image_116.png,5,False,300.51702198877337,324.2551043713731,20,#0000ff,Quadrant 3,2,1,99,,#0000ff,,208.85188344752964,6
image_116.png,2,False,11.222059199304338,216.19546555118652,20,#0000ff,Quadrant 3,2,1,99,,#0000ff,,41.87174171666337,6
image_116.png,2,False,688.4378711456485,285.18675766254427,20,#0000ff,Quadrant 4,2,2,99,,#0000ff,,252.32742603397753,6
image_116.png,2,False,601.0911249360715,330.45744408245986,20,#0000ff,Quadrant 4,2,2,99,,#0000ff,,139.32601695531707,6
image_116.png,5,False,420.5081774222954,331.81238747112144,20,#0000ff,Quadrant 4,2,2,99,,#0000ff,,18.52717223618251,6
image_116.png,5,False,295.94046444607585,55.36472888112344,20,#0000ff,Quadrant 1,1,1,99,,#0000ff,,288.9886597680661,6
image_116.png,5,False,114.25219911028556,224.67371792133204,20,#ff0000,Quadrant 3,2,1,99,,#ff0000,,122.91137908459078,6
image_116.png,2,False,479.72686255751813,297.6040493161695,20,#0000ff,Quadrant 4,2,2,99,,#0000ff,,339.5783981385306,6
image_116.png,5,False,272.97542489383096,335.4266230901679,20,#ff0000,Quadrant 3,2,1,99,,#ff0000,,344.3897733591587,6
image_116.png,5,False,368.86864418608957,363.1024650997814,20,#ff0000,Quadrant 4,2,2,99,,#ff0000,,24.364559640394088,6
image_116.png,2,False,164.52375178362914,188.06875436559406,20,#0000ff,Quadrant 1,1,1,99,,#0000ff,,51.95343207902806,6
image_116.png,5,False,552.088621324598,31.85581993849008,20,#ff0000,Quadrant 2,1,2,99,,#ff0000,,25.113269993877267,6
image_116.png,2,False,557.3589339955159,164.7955857514114,20,#0000ff,Quadrant 2,1,2,99,,#0000ff,,67.47528521603338,6
image_116.png,2,False,26.54223242838816,162.62924542904972,20,#0000ff,Quadrant 1,1,1,99,,#0000ff,,100.77227545135227,6
image_116.png,2,False,107.85603375407558,126.48677638284872,20,#0000ff,Quadrant 1,1,1,99,,#0000ff,,116.322731973753,6
image_116.png,5,False,621.3032809832043,221.04949369380918,20,#0000ff,Quadrant 4,2,2,99,,#0000ff,,91.37102597342803,6
image_116.png,2,False,245.70282539044877,51.307581335435096,20,#0000ff,Quadrant 1,1,1,99,,#0000ff,,280.7540567289998,6
image_116.png,5,False,252.19355302725683,128.56488166679736,20,#ff0000,Quadrant 1,1,1,99,,#ff0000,,60.01869239180979,6
image_116.png,2,False,293.62579145827425,386.48928021203193,20,#0000ff,Quadrant 3,2,1,99,,#0000ff,,350.79355209964433,6
image_116.png,5,False,29.88757291919587,79.20112445870294,20,#ff0000,Quadrant 1,1,1,99,,#ff0000,,195.9683232223948,6
image_116.png,5,False,75.09769251321781,377.22108099652024,20,#0000ff,Quadrant 3,2,1,99,,#0000ff,,324.70718774020725,6
image_116.png,2,False,646.6050109184976,370.6369566300924,20,#0000ff,Quadrant 4,2,2,99,,#0000ff,,347.2049038804624,6
image_116.png,2,False,560.2732468440284,76.65147252256273,20,#0000ff,Quadrant 2,1,2,99,,#0000ff,,204.25822116751598,6
image_116.png,2,False,408.85440711152523,128.0701962676469,20,#0000ff,Quadrant 2,1,2,99,,#0000ff,,329.65684980118186,6
image_116.png,2,False,145.14700184618334,80.07998933523109,20,#0000ff,Quadrant 1,1,1,99,,#0000ff,,3.003109130291053,6
image_116.png,2,False,482.80979732147927,67.7238112460133,20,#0000ff,Quadrant 2,1,2,99,,#0000ff,,112.3990050096149,6
image_116.png,5,False,437.84513364531074,259.9313426235899,20,#0000ff,Quadrant 4,2,2,99,,#0000ff,,190.73782547849504,6
image_116.png,5,False,613.4933971196125,131.78535352489672,20,#ff0000,Quadrant 2,1,2,99,,#ff0000,,149.41887205376392,6
image_116.png,5,False,479.8961511442358,180.08563115881358,20,#ff0000,Quadrant 2,1,2,99,,#ff0000,,146.07136134162945,6
image_116.png,2,False,594.5990644102701,193.7204036787075,20,#0000ff,Quadrant 2,1,2,99,,#0000ff,,219.34958601920275,6
image_116.png,5,False,64.27715401222181,329.39614766659406,20,#ff0000,Quadrant 3,2,1,99,,#ff0000,,291.7994717133154,6
image_116.png,5,False,124.59796673660972,18.332166356789074,20,#0000ff,Quadrant 1,1,1,99,,#0000ff,,101.67206865962675,6
image_116.png,2,False,217.02941311692973,317.4456149399819,20,#0000ff,Quadrant 3,2,1,99,,#0000ff,,329.30650641073777,6
image_116.png,5,False,528.780880225311,123.29131864234664,20,#ff0000,Quadrant 2,1,2,99,,#ff0000,,61.866389792208814,6
image_116.png,5,False,682.4210284305335,153.27608104645756,20,#ff0000,Quadrant 2,1,2,99,,#ff0000,,59.32473046553477,6
image_116.png,5,False,290.803317923835,279.75950178379435,20,#ff0000,Quadrant 3,2,1,99,,#ff0000,,121.52104113579756,6
image_116.png,5,False,606.3952112460643,374.26131042177553,20,#ff0000,Quadrant 4,2,2,99,,#ff0000,,169.5241112204317,6
image_116.png,2,False,299.6566914440109,144.93925756623779,20,#0000ff,Quadrant 1,1,1,99,,#0000ff,,216.5066941357671,6
image_116.png,5,False,209.42088718427715,74.42560803357983,20,#ff0000,Quadrant 1,1,1,99,,#ff0000,,149.47187785714956,6
image_116.png,5,False,534.9670356977,282.34065324009805,20,#ff0000,Quadrant 4,2,2,99,,#ff0000,,19.098483132986672,6
image_116.png,2,False,136.59030879173685,128.4593879917661,20,#0000ff,Quadrant 1,1,1,99,,#0000ff,,66.3648028303177,6
image_116.png,5,False,482.54601158378364,355.5824535798874,20,#0000ff,Quadrant 4,2,2,99,,#0000ff,,221.924446152242,6
image_116.png,2,False,67.78736378434567,144.40061891225133,20,#0000ff,Quadrant 1,1,1,99,,#0000ff,,287.01013219599525,6
image_116.png,5,False,357.73107689504,105.2805885545098,20,#0000ff,Quadrant 2,1,2,99,,#0000ff,,52.43363352551782,6
image_116.png,5,False,395.4178444751069,95.07932883794103,20,#ff0000,Quadrant 2,1,2,99,,#ff0000,,184.81829739191792,6
image_116.png,5,False,245.52658893356022,248.78894932194996,20,#0000ff,Quadrant 3,2,1,99,,#0000ff,,83.67964342090718,6
image_116.png,5,False,403.7692019953392,152.48849964254842,20,#ff0000,Quadrant 2,1,2,99,,#ff0000,,7.789968163332133,6
image_116.png,2,False,169.57438309470766,27.94286053289722,20,#0000ff,Quadrant 1,1,1,99,,#0000ff,,19.787300281389847,6
image_116.png,5,False,256.62487215116175,212.9734963236555,20,#ff0000,Quadrant 3,2,1,99,,#ff0000,,131.62950650599274,6
image_116.png,2,False,669.6992771388657,111.84024943166122,20,#0000ff,Quadrant 2,1,2,99,,#0000ff,,289.42985394293885,6
image_116.png,5,False,627.9037058369611,320.13583150293755,20,#0000ff,Quadrant 4,2,2,99,,#0000ff,,54.678767732028206,6
image_116.png,2,False,60.06122423873615,235.43041870449207,20,#0000ff,Quadrant 3,2,1,99,,#0000ff,,141.57729499040119,6
image_116.png,5,False,600.6812895190518,60.743251914087196,20,#ff0000,Quadrant 2,1,2,99,,#ff0000,,292.68440018604804,6
image_116.png,2,False,23.022657220721477,307.2892458644545,20,#0000ff,Quadrant 3,2,1,99,,#0000ff,,147.44864768215484,6
image_116.png,5,False,598.0790768957486,264.77068013783094,20,#0000ff,Quadrant 4,2,2,99,,#0000ff,,48.286035540217995,6
image_116.png,2,False,101.55065512194369,341.37230277434907,20,#0000ff,Quadrant 3,2,1,99,,#0000ff,,85.48075492485899,6
image_116.png,5,False,61.40555280017347,26.700435469323022,20,#0000ff,Quadrant 1,1,1,99,,#0000ff,,156.89463062761124,6
image_116.png,5,False,221.88356562558485,270.24699797899854,20,#ff0000,Quadrant 3,2,1,99,,#ff0000,,315.8152039933557,6
image_117.png,2,True,419.48100106523964,52.317020436239545,20,#FF0000,Quadrant 2,1,2,35,240,#FF0000,0,268.25864758764413,5
image_117.png,5,False,207.04088569644946,296.1292954970298,20,#ff0000,Quadrant 3,2,1,35,,#ff0000,,28.313009216828892,5
image_117.png,5,False,153.70846343312053,117.23598848369718,20,#ff0000,Quadrant 1,1,1,35,,#ff0000,,193.6609158948276,5
image_117.png,5,False,178.477290617677,208.69502899830988,20,#0000ff,Quadrant 3,2,1,35,,#0000ff,,138.91454441679602,5
image_117.png,5,False,516.628921328072,44.48890412876872,20,#0000ff,Quadrant 2,1,2,35,,#0000ff,,254.7797554197642,5
image_117.png,2,False,42.51894681293287,143.49555910583265,20,#0000ff,Quadrant 1,1,1,35,,#0000ff,,335.1469291338207,5
image_117.png,2,False,286.77896006983207,221.47204074801851,20,#0000ff,Quadrant 3,2,1,35,,#0000ff,,120.26569781880045,5
image_117.png,2,False,372.0397246376824,15.547915124336466,20,#0000ff,Quadrant 2,1,2,35,,#0000ff,,172.30786221768702,5
image_117.png,2,False,12.224767892343388,252.2844075692371,20,#0000ff,Quadrant 3,2,1,35,,#0000ff,,56.37347770246803,5
image_117.png,5,False,446.63652645114126,184.1623266911075,20,#0000ff,Quadrant 2,1,2,35,,#0000ff,,161.07429337174892,5
image_117.png,2,False,332.1498018977203,95.39837669479367,20,#0000ff,Quadrant 1,1,1,35,,#0000ff,,101.7784300922404,5
image_117.png,5,False,667.1346923506868,207.7221107286874,20,#ff0000,Quadrant 4,2,2,35,,#ff0000,,217.31776028603355,5
image_117.png,2,False,249.86214029873437,118.3730234180355,20,#0000ff,Quadrant 1,1,1,35,,#0000ff,,230.95556417039904,5
image_117.png,5,False,65.72781478826907,157.48566788244736,20,#ff0000,Quadrant 1,1,1,35,,#ff0000,,166.12221539774202,5
image_117.png,5,False,609.3257497300033,138.62273820014028,20,#ff0000,Quadrant 2,1,2,35,,#ff0000,,134.12672657233566,5
image_117.png,5,False,220.6778371269169,173.95856704692525,20,#0000ff,Quadrant 1,1,1,35,,#0000ff,,30.240389652514203,5
image_117.png,2,False,111.97270348073106,283.0689649301527,20,#0000ff,Quadrant 3,2,1,35,,#0000ff,,211.88565802215896,5
image_117.png,5,False,673.3528222103691,172.98140638487425,20,#0000ff,Quadrant 2,1,2,35,,#0000ff,,190.53215191186965,5
image_117.png,2,False,177.7064438737724,266.90860043185774,20,#0000ff,Quadrant 3,2,1,35,,#0000ff,,173.55994854909687,5
image_117.png,2,False,394.9173525380388,51.924311576330695,20,#0000ff,Quadrant 2,1,2,35,,#0000ff,,178.24646210301378,5
image_117.png,5,False,269.3395276308438,320.22838590776433,20,#0000ff,Quadrant 3,2,1,35,,#0000ff,,49.85845672649951,5
image_117.png,5,False,326.7326297851292,207.72193259582457,20,#ff0000,Quadrant 3,2,1,35,,#ff0000,,144.5261727809538,5
image_117.png,2,False,78.10633966252533,92.1018333210473,20,#0000ff,Quadrant 1,1,1,35,,#0000ff,,111.54829156326018,5
image_117.png,5,False,119.44066485610331,127.12666536702496,20,#0000ff,Quadrant 1,1,1,35,,#0000ff,,80.42458707566323,5
image_117.png,5,False,694.2053080532526,225.09676338397364,20,#0000ff,Quadrant 4,2,2,35,,#0000ff,,38.28837392900767,5
image_117.png,5,False,295.7721741565752,157.46968434515802,20,#ff0000,Quadrant 1,1,1,35,,#ff0000,,356.5330658683863,5
image_117.png,5,False,370.56771077426384,312.8130620623366,20,#ff0000,Quadrant 4,2,2,35,,#ff0000,,129.32146605789208,5
image_117.png,5,False,274.36449137562147,187.9409550332113,20,#ff0000,Quadrant 1,1,1,35,,#ff0000,,14.023067161596664,5
image_117.png,5,False,368.35473671928736,289.426800522472,20,#ff0000,Quadrant 4,2,2,35,,#ff0000,,237.34626004715648,5
image_117.png,2,False,597.2291806221307,73.74867007056366,20,#0000ff,Quadrant 2,1,2,35,,#0000ff,,332.28998471774,5
image_117.png,5,False,288.3548402801498,27.422028394364705,20,#0000ff,Quadrant 1,1,1,35,,#0000ff,,25.001903985547894,5
image_117.png,5,False,345.7948669004156,243.17189346788814,20,#ff0000,Quadrant 3,2,1,35,,#ff0000,,277.67668142279933,5
image_117.png,5,False,117.99671468292374,65.71460168441172,20,#ff0000,Quadrant 1,1,1,35,,#ff0000,,108.98860297393163,5
image_117.png,5,False,385.96746657247974,159.5110091294832,20,#ff0000,Quadrant 2,1,2,35,,#ff0000,,90.38235838121768,5
image_117.png,5,False,217.84015328330534,26.7067973581366,20,#0000ff,Quadrant 1,1,1,35,,#0000ff,,166.32849654295583,5
image_117.png,5,False,570.5874142416483,358.79276647887787,20,#ff0000,Quadrant 4,2,2,35,,#ff0000,,227.26744183434357,5
image_118.png,2,True,323.94386094985964,306.78930792098805,20,#FF0000,Quadrant 3,2,1,19,240,#FF0000,0,8.822620324268474,4
image_118.png,2,False,356.4374838266981,325.9921173406169,20,#0000ff,Quadrant 4,2,2,19,,#0000ff,,33.30535914308359,4
image_118.png,2,False,271.6935430166767,259.6399009058824,20,#0000ff,Quadrant 3,2,1,19,,#0000ff,,304.9196066058057,4
image_118.png,2,False,292.9435908569175,219.73596886480223,20,#0000ff,Quadrant 3,2,1,19,,#0000ff,,261.46119695181187,4
image_118.png,5,False,42.18860533748731,109.97311255089909,20,#ff0000,Quadrant 1,1,1,19,,#ff0000,,22.82059363108918,4
image_118.png,2,False,59.06500350159196,50.177659868499006,20,#0000ff,Quadrant 1,1,1,19,,#0000ff,,71.28149294870093,4
image_118.png,5,False,688.4753859006191,359.3760736173333,20,#ff0000,Quadrant 4,2,2,19,,#ff0000,,3.494687539039809,4
image_118.png,5,False,415.612754632591,11.841598801860972,20,#0000ff,Quadrant 2,1,2,19,,#0000ff,,160.17634000327243,4
image_118.png,5,False,259.83819159339794,11.515427503096365,20,#ff0000,Quadrant 1,1,1,19,,#ff0000,,13.878861224935196,4
image_118.png,5,False,632.984372393966,182.32295997316444,20,#0000ff,Quadrant 2,1,2,19,,#0000ff,,290.4019761067375,4
image_118.png,5,False,58.68497679387827,85.81849248354226,20,#0000ff,Quadrant 1,1,1,19,,#0000ff,,189.5641490561131,4
image_118.png,5,False,279.52086497282204,129.95753916425164,20,#0000ff,Quadrant 1,1,1,19,,#0000ff,,274.6538872104359,4
image_118.png,2,False,336.4812021266995,112.603830120202,20,#0000ff,Quadrant 1,1,1,19,,#0000ff,,238.10124987079206,4
image_118.png,5,False,443.27006837763076,242.87913674249128,20,#ff0000,Quadrant 4,2,2,19,,#ff0000,,92.97764258507843,4
image_118.png,2,False,169.24296704781273,240.9973486384236,20,#0000ff,Quadrant 3,2,1,19,,#0000ff,,217.53669961783697,4
image_118.png,2,False,699.2275575298507,120.2157454164883,20,#0000ff,Quadrant 2,1,2,19,,#0000ff,,269.2058273336394,4
image_118.png,2,False,59.78696928894158,326.04624598955024,20,#0000ff,Quadrant 3,2,1,19,,#0000ff,,346.8498434734748,4
image_118.png,2,False,284.2418575387398,44.10868454797746,20,#0000ff,Quadrant 1,1,1,19,,#0000ff,,333.16547499047635,4
image_118.png,2,False,214.4773381756659,308.412455080202,20,#0000ff,Quadrant 3,2,1,19,,#0000ff,,231.84255748706622,4
image_118.png,5,False,36.80432040001986,362.92592377289026,20,#0000ff,Quadrant 3,2,1,19,,#0000ff,,81.30938636227943,4
image_119.png,2,True,217.91608475986735,223.22078318223242,20,#FF0000,Quadrant 3,2,1,15,240,#FF0000,0,166.9964913711023,3
image_119.png,5,False,449.30712883392033,319.5646420129835,20,#0000ff,Quadrant 4,2,2,15,,#0000ff,,278.9630644679661,3
image_119.png,2,False,332.9676913719523,350.51321078509596,20,#0000ff,Quadrant 3,2,1,15,,#0000ff,,186.0352172327123,3
image_119.png,5,False,28.468329577810717,31.244636299248747,20,#0000ff,Quadrant 1,1,1,15,,#0000ff,,290.92450289687906,3
image_119.png,2,False,60.48121933096179,194.81633012727363,20,#0000ff,Quadrant 1,1,1,15,,#0000ff,,1.4143388812071267,3
image_119.png,5,False,636.2352113690246,236.10592863387106,20,#ff0000,Quadrant 4,2,2,15,,#ff0000,,112.75150691482364,3
image_119.png,5,False,620.7423655607278,178.20820459947925,20,#ff0000,Quadrant 2,1,2,15,,#ff0000,,39.83330618864181,3
image_119.png,2,False,202.56404422584336,19.930648076114146,20,#0000ff,Quadrant 1,1,1,15,,#0000ff,,357.3721755530306,3
image_119.png,5,False,70.34426318091354,378.317268835292,20,#0000ff,Quadrant 3,2,1,15,,#0000ff,,103.18104643926677,3
image_119.png,5,False,302.36023188003975,116.58147141319478,20,#0000ff,Quadrant 1,1,1,15,,#0000ff,,305.7149557254501,3
image_119.png,2,False,648.7506499807785,152.38167875533227,20,#0000ff,Quadrant 2,1,2,15,,#0000ff,,354.573694560518,3
image_119.png,2,False,29.2679405508673,90.80181100044734,20,#0000ff,Quadrant 1,1,1,15,,#0000ff,,279.41577318827933,3
image_119.png,2,False,11.869723870330127,365.1105778976949,20,#0000ff,Quadrant 3,2,1,15,,#0000ff,,87.76911531741723,3
image_119.png,5,False,560.1104352513274,231.60345894159715,20,#0000ff,Quadrant 4,2,2,15,,#0000ff,,222.18797124999344,3
image_119.png,2,False,158.75077255536536,156.87656060803897,20,#0000ff,Quadrant 1,1,1,15,,#0000ff,,352.7808219587364,3
image_119.png,5,False,325.433430576039,50.22341909931562,20,#ff0000,Quadrant 1,1,1,15,,#ff0000,,233.13401296235483,3
image_120.png,2,True,489.4902424669534,69.50319098838787,20,#FF0000,Quadrant 2,1,2,52,240,#FF0000,0,274.8055567884884,5
image_120.png,5,False,270.14378474682405,135.57726666752313,20,#0000ff,Quadrant 1,1,1,52,,#0000ff,,304.48710463478244,5
image_120.png,5,False,468.3454035723564,109.57276041127483,20,#ff0000,Quadrant 2,1,2,52,,#ff0000,,199.22692301246974,5
image_120.png,5,False,627.342358545647,193.04670978174622,20,#0000ff,Quadrant 2,1,2,52,,#0000ff,,284.77112117985234,5
image_120.png,2,False,307.5601321536304,149.08010863908066,20,#0000ff,Quadrant 1,1,1,52,,#0000ff,,337.4012116492996,5
image_120.png,2,False,579.2572476795857,185.82784844670016,20,#0000ff,Quadrant 2,1,2,52,,#0000ff,,314.17690040497763,5
image_120.png,2,False,27.87885758963088,274.64969555090755,20,#0000ff,Quadrant 3,2,1,52,,#0000ff,,49.04909582466203,5
image_120.png,5,False,281.87684662086446,162.4434764747366,20,#ff0000,Quadrant 1,1,1,52,,#ff0000,,270.0415320297364,5
image_120.png,5,False,214.92376996983822,380.3741559798435,20,#0000ff,Quadrant 3,2,1,52,,#0000ff,,36.58475680590972,5
image_120.png,2,False,594.5520260865874,98.23351726334776,20,#0000ff,Quadrant 2,1,2,52,,#0000ff,,174.9591449034581,5
image_120.png,2,False,338.57547056135104,328.4927759413969,20,#0000ff,Quadrant 3,2,1,52,,#0000ff,,238.10831790890765,5
image_120.png,5,False,525.9332082928623,375.7241661775562,20,#0000ff,Quadrant 4,2,2,52,,#0000ff,,143.1117938708906,5
image_120.png,5,False,585.4544334277252,256.1129828594584,20,#ff0000,Quadrant 4,2,2,52,,#ff0000,,45.41154636115749,5
image_120.png,5,False,130.63422335920754,383.2967532743459,20,#0000ff,Quadrant 3,2,1,52,,#0000ff,,223.6096713886407,5
image_120.png,2,False,59.514690287073,232.28869278547492,20,#0000ff,Quadrant 3,2,1,52,,#0000ff,,26.567850034684945,5
image_120.png,5,False,677.9126319172736,293.36036400257,20,#0000ff,Quadrant 4,2,2,52,,#0000ff,,283.60126801473086,5
image_120.png,5,False,441.2760077960805,299.8532478749074,20,#0000ff,Quadrant 4,2,2,52,,#0000ff,,299.59490572114186,5
image_120.png,5,False,375.6362355950079,197.6527066501207,20,#ff0000,Quadrant 2,1,2,52,,#ff0000,,239.51178948926758,5
image_120.png,5,False,295.3447482275809,351.59489513057804,20,#0000ff,Quadrant 3,2,1,52,,#0000ff,,226.12667260369764,5
image_120.png,5,False,59.3728210290588,63.354086531671,20,#ff0000,Quadrant 1,1,1,52,,#ff0000,,260.8701612862701,5
image_120.png,5,False,373.59953725386356,382.9706328981081,20,#ff0000,Quadrant 4,2,2,52,,#ff0000,,270.2350448770824,5
image_120.png,2,False,486.6014792661984,175.94481736163917,20,#0000ff,Quadrant 2,1,2,52,,#0000ff,,275.24773956755286,5
image_120.png,2,False,229.3194076426247,247.5054728715637,20,#0000ff,Quadrant 3,2,1,52,,#0000ff,,182.427458674749,5
image_120.png,5,False,310.4017907286247,16.651302220189798,20,#ff0000,Quadrant 1,1,1,52,,#ff0000,,305.1420113927045,5
image_120.png,5,False,378.6919629185531,345.72322938768025,20,#0000ff,Quadrant 4,2,2,52,,#0000ff,,283.82182779827514,5
image_120.png,2,False,131.44055997720454,346.687978533999,20,#0000ff,Quadrant 3,2,1,52,,#0000ff,,328.14335552313645,5
image_120.png,5,False,427.8542268924211,247.10546526744542,20,#ff0000,Quadrant 4,2,2,52,,#ff0000,,209.94240919957474,5
image_120.png,5,False,226.67168844842354,353.8450377168691,20,#0000ff,Quadrant 3,2,1,52,,#0000ff,,337.06166853860043,5
image_120.png,2,False,513.7261051798357,175.4323680382799,20,#0000ff,Quadrant 2,1,2,52,,#0000ff,,276.0278133545137,5
image_120.png,5,False,164.34580445380402,28.513562612685465,20,#ff0000,Quadrant 1,1,1,52,,#ff0000,,281.93532310123425,5
image_120.png,5,False,369.09896100234624,132.139387163587,20,#0000ff,Quadrant 2,1,2,52,,#0000ff,,217.79992829793446,5
image_120.png,2,False,241.08719709958814,276.537633712874,20,#0000ff,Quadrant 3,2,1,52,,#0000ff,,30.662243237555092,5
image_120.png,5,False,125.99372513904518,193.00009297269904,20,#ff0000,Quadrant 1,1,1,52,,#ff0000,,251.49615585774222,5
image_120.png,5,False,256.51189648092316,48.0322625495499,20,#0000ff,Quadrant 1,1,1,52,,#0000ff,,61.8229568900612,5
image_120.png,2,False,333.42586798934565,54.93488053909304,20,#0000ff,Quadrant 1,1,1,52,,#0000ff,,343.3377883191183,5
image_120.png,5,False,26.493769728205173,66.09508934556662,20,#0000ff,Quadrant 1,1,1,52,,#0000ff,,142.29712591278943,5
image_120.png,5,False,559.6534833582162,77.22903781608305,20,#0000ff,Quadrant 2,1,2,52,,#0000ff,,26.08569378158049,5
image_120.png,5,False,417.1222553640322,370.6246377610327,20,#ff0000,Quadrant 4,2,2,52,,#ff0000,,236.8418203512002,5
image_120.png,5,False,598.5205818551834,130.39021958899684,20,#ff0000,Quadrant 2,1,2,52,,#ff0000,,351.62851583951203,5
image_120.png,5,False,454.37063680074544,66.20643835019708,20,#0000ff,Quadrant 2,1,2,52,,#0000ff,,203.15701235980816,5
image_120.png,2,False,61.63491920653822,192.24505784590485,20,#0000ff,Quadrant 1,1,1,52,,#0000ff,,245.58826916457582,5
image_120.png,5,False,325.2181787354072,93.5620011729222,20,#ff0000,Quadrant 1,1,1,52,,#ff0000,,346.74311736278446,5
image_120.png,5,False,281.7390168529225,257.80981367096456,20,#ff0000,Quadrant 3,2,1,52,,#ff0000,,346.0682666886798,5
image_120.png,5,False,262.32506340163525,221.02095298654476,20,#0000ff,Quadrant 3,2,1,52,,#0000ff,,37.2276265748781,5
image_120.png,5,False,33.098556511152594,369.24306413595224,20,#ff0000,Quadrant 3,2,1,52,,#ff0000,,344.2466441521652,5
image_120.png,2,False,164.76525219162534,354.6446505857695,20,#0000ff,Quadrant 3,2,1,52,,#0000ff,,184.05948972613774,5
image_120.png,2,False,370.4529777509152,87.62921404435392,20,#0000ff,Quadrant 2,1,2,52,,#0000ff,,245.86268766076878,5
image_120.png,5,False,390.234685198996,63.06070889475234,20,#0000ff,Quadrant 2,1,2,52,,#0000ff,,304.18336993531943,5
image_120.png,2,False,58.78542514139474,268.7500354709151,20,#0000ff,Quadrant 3,2,1,52,,#0000ff,,298.65759463928987,5
image_120.png,5,False,499.75906298625915,17.92510413932898,20,#ff0000,Quadrant 2,1,2,52,,#ff0000,,32.894787538016146,5
image_120.png,5,False,90.1133572467232,125.75119203555772,20,#ff0000,Quadrant 1,1,1,52,,#ff0000,,11.649991160454768,5
image_120.png,2,False,615.3600188976556,252.82358993456313,20,#0000ff,Quadrant 4,2,2,52,,#0000ff,,245.8090258482424,5
image_120.png,5,False,152.0461421288809,54.36719380819003,20,#ff0000,Quadrant 1,1,1,52,,#ff0000,,119.12185050901986,5
image_121.png,2,True,88.0696242843335,168.0751958800664,20,#FF0000,Quadrant 1,1,1,34,240,#FF0000,0,311.2087689206904,5
image_121.png,5,False,96.41386533362049,328.60838280725517,20,#0000ff,Quadrant 3,2,1,34,,#0000ff,,142.70230173767263,5
image_121.png,5,False,335.6881104172958,266.55117036027775,20,#0000ff,Quadrant 3,2,1,34,,#0000ff,,301.01340532999217,5
image_121.png,5,False,185.12474141483955,367.4038681472021,20,#ff0000,Quadrant 3,2,1,34,,#ff0000,,100.24134164718825,5
image_121.png,2,False,192.82930307698444,186.50833712234663,20,#0000ff,Quadrant 1,1,1,34,,#0000ff,,156.92187771757642,5
image_121.png,2,False,516.9883653913239,219.77659528243095,20,#0000ff,Quadrant 4,2,2,34,,#0000ff,,104.45395174593047,5
image_121.png,2,False,128.09995779644,12.358129468856347,20,#0000ff,Quadrant 1,1,1,34,,#0000ff,,298.8487959622383,5
image_121.png,2,False,258.12003917383436,131.14772800540914,20,#0000ff,Quadrant 1,1,1,34,,#0000ff,,34.52134998772665,5
image_121.png,5,False,684.9969466239179,168.13548311080376,20,#ff0000,Quadrant 2,1,2,34,,#ff0000,,221.49858688065748,5
image_121.png,2,False,267.6372458495221,274.8934773835314,20,#0000ff,Quadrant 3,2,1,34,,#0000ff,,255.00538229428219,5
image_121.png,5,False,388.74296056516766,382.9921018658504,20,#0000ff,Quadrant 4,2,2,34,,#0000ff,,181.1571608594297,5
image_121.png,5,False,645.7301378825913,290.7842609110961,20,#0000ff,Quadrant 4,2,2,34,,#0000ff,,84.60419301646144,5
image_121.png,2,False,131.13183202274928,139.4679747674276,20,#0000ff,Quadrant 1,1,1,34,,#0000ff,,358.22105546037164,5
image_121.png,5,False,84.38327439055888,54.77673998275544,20,#ff0000,Quadrant 1,1,1,34,,#ff0000,,16.820228679267963,5
image_121.png,2,False,231.02615448838236,270.2411547346557,20,#0000ff,Quadrant 3,2,1,34,,#0000ff,,294.1456863050504,5
image_121.png,5,False,385.33223147273435,214.47849609680182,20,#ff0000,Quadrant 4,2,2,34,,#ff0000,,160.3156990817544,5
image_121.png,2,False,688.4069472752733,115.46422143963092,20,#0000ff,Quadrant 2,1,2,34,,#0000ff,,79.57766555014378,5
image_121.png,2,False,258.1748839081331,352.1108071038013,20,#0000ff,Quadrant 3,2,1,34,,#0000ff,,327.05134203272115,5
image_121.png,5,False,385.5187598950197,36.47983306739531,20,#ff0000,Quadrant 2,1,2,34,,#ff0000,,42.38384530870028,5
image_121.png,5,False,253.958236025816,164.75723284063386,20,#0000ff,Quadrant 1,1,1,34,,#0000ff,,265.12280200155516,5
image_121.png,5,False,429.40689602479335,333.2788971317077,20,#ff0000,Quadrant 4,2,2,34,,#ff0000,,178.53313904889202,5
image_121.png,5,False,221.45516673976726,136.25342694524053,20,#ff0000,Quadrant 1,1,1,34,,#ff0000,,6.595720165303551,5
image_121.png,5,False,183.32863072321126,300.94652390552477,20,#ff0000,Quadrant 3,2,1,34,,#ff0000,,159.1746905048018,5
image_121.png,5,False,685.4662270525645,331.8721941919015,20,#ff0000,Quadrant 4,2,2,34,,#ff0000,,197.817218640412,5
image_121.png,2,False,86.12149030026815,142.78234600435547,20,#0000ff,Quadrant 1,1,1,34,,#0000ff,,287.277172448818,5
image_121.png,5,False,421.03264659830324,153.11326032115386,20,#0000ff,Quadrant 2,1,2,34,,#0000ff,,255.35516700005266,5
image_121.png,5,False,526.6016681229304,60.103979363083745,20,#0000ff,Quadrant 2,1,2,34,,#0000ff,,155.74426535571467,5
image_121.png,5,False,603.7467228296883,235.68095146024316,20,#ff0000,Quadrant 4,2,2,34,,#ff0000,,207.83379493794192,5
image_121.png,2,False,618.6485105799491,266.7646756719461,20,#0000ff,Quadrant 4,2,2,34,,#0000ff,,269.34058036477217,5
image_121.png,5,False,674.6693139373672,222.99051944445776,20,#ff0000,Quadrant 4,2,2,34,,#ff0000,,264.1969325495886,5
image_121.png,5,False,539.4555199585976,304.30619973520993,20,#0000ff,Quadrant 4,2,2,34,,#0000ff,,196.59535764357832,5
image_121.png,5,False,46.242041605752526,354.74099140535316,20,#ff0000,Quadrant 3,2,1,34,,#ff0000,,250.80357288849785,5
image_121.png,5,False,207.06676778244466,231.1443419793425,20,#0000ff,Quadrant 3,2,1,34,,#0000ff,,178.7189249057977,5
image_121.png,5,False,482.26982419603564,253.89154217594256,20,#0000ff,Quadrant 4,2,2,34,,#0000ff,,112.54785721391237,5
image_121.png,5,False,596.6493232214035,27.33522306992113,20,#ff0000,Quadrant 2,1,2,34,,#ff0000,,99.75736170794781,5
image_122.png,2,True,452.1319184776131,361.1232203676552,20,#FF0000,Quadrant 4,2,2,92,240,#FF0000,0,48.75758006286989,6
image_122.png,5,False,171.0268514612902,301.5278673978708,20,#ff0000,Quadrant 3,2,1,92,,#ff0000,,102.53132786981146,6
image_122.png,5,False,32.35387870948324,313.52556654297246,20,#ff0000,Quadrant 3,2,1,92,,#ff0000,,248.17293510406995,6
image_122.png,5,False,460.4067378163829,205.8183926873999,20,#ff0000,Quadrant 4,2,2,92,,#ff0000,,122.71772122909175,6
image_122.png,5,False,428.5133816829731,306.9044581676277,20,#0000ff,Quadrant 4,2,2,92,,#0000ff,,166.3420463536306,6
image_122.png,2,False,227.50153767580377,202.7908282718952,20,#0000ff,Quadrant 3,2,1,92,,#0000ff,,182.2613619851018,6
image_122.png,2,False,469.8692830689783,312.40518345473697,20,#0000ff,Quadrant 4,2,2,92,,#0000ff,,118.75164024524612,6
image_122.png,5,False,224.19729269476437,322.4006579699707,20,#ff0000,Quadrant 3,2,1,92,,#ff0000,,171.70248321778433,6
image_122.png,5,False,669.1638928336569,90.57501372297338,20,#ff0000,Quadrant 2,1,2,92,,#ff0000,,175.97005563052727,6
image_122.png,5,False,589.8959796805227,187.03147396340952,20,#ff0000,Quadrant 2,1,2,92,,#ff0000,,290.29331898104385,6
image_122.png,5,False,483.710633395386,336.0348997791809,20,#ff0000,Quadrant 4,2,2,92,,#ff0000,,316.85811349476955,6
image_122.png,2,False,12.801078602220468,202.9714832758856,20,#0000ff,Quadrant 3,2,1,92,,#0000ff,,231.09070558481298,6
image_122.png,5,False,113.39382301587555,85.60633522613116,20,#0000ff,Quadrant 1,1,1,92,,#0000ff,,210.19255709961047,6
image_122.png,5,False,633.9868982380873,165.5264855463877,20,#ff0000,Quadrant 2,1,2,92,,#ff0000,,4.915454425414443,6
image_122.png,5,False,326.9759193875506,129.52642605056218,20,#ff0000,Quadrant 1,1,1,92,,#ff0000,,70.40427757131997,6
image_122.png,5,False,62.562401326009784,171.22698710453227,20,#ff0000,Quadrant 1,1,1,92,,#ff0000,,173.54570787718586,6
image_122.png,5,False,500.4388361716877,129.67813181250244,20,#0000ff,Quadrant 2,1,2,92,,#0000ff,,210.65762018776857,6
image_122.png,5,False,39.870235057377634,382.1798744666955,20,#ff0000,Quadrant 3,2,1,92,,#ff0000,,355.2100360088571,6
image_122.png,5,False,557.3542026382004,224.0411035240278,20,#0000ff,Quadrant 4,2,2,92,,#0000ff,,337.3264153004076,6
image_122.png,2,False,121.32091666203715,219.28265660319906,20,#0000ff,Quadrant 3,2,1,92,,#0000ff,,40.01654621772226,6
image_122.png,5,False,531.7632839332834,16.393735740745793,20,#0000ff,Quadrant 2,1,2,92,,#0000ff,,243.72028934710366,6
image_122.png,2,False,517.3756691753669,50.0730893501334,20,#0000ff,Quadrant 2,1,2,92,,#0000ff,,10.678940098999457,6
image_122.png,5,False,656.4620309088048,151.2298278343153,20,#0000ff,Quadrant 2,1,2,92,,#0000ff,,241.6308009741719,6
image_122.png,5,False,355.3087302104436,195.19507952306125,20,#ff0000,Quadrant 1,1,1,92,,#ff0000,,154.333405512438,6
image_122.png,5,False,105.32304007069233,165.95827597571994,20,#0000ff,Quadrant 1,1,1,92,,#0000ff,,83.55125242933451,6
image_122.png,2,False,368.9689777016854,273.43818794497724,20,#0000ff,Quadrant 4,2,2,92,,#0000ff,,12.731633562769238,6
image_122.png,2,False,507.6812989727782,382.5932275639122,20,#0000ff,Quadrant 4,2,2,92,,#0000ff,,203.60344838895406,6
image_122.png,2,False,398.7732333464124,80.45436382253156,20,#0000ff,Quadrant 2,1,2,92,,#0000ff,,320.3251127487954,6
image_122.png,2,False,243.30234423378351,19.83150864657301,20,#0000ff,Quadrant 1,1,1,92,,#0000ff,,134.8289071142906,6
image_122.png,5,False,36.57996318800616,254.17306507209162,20,#ff0000,Quadrant 3,2,1,92,,#ff0000,,278.3732144383876,6
image_122.png,5,False,57.25606010714141,139.807400214414,20,#0000ff,Quadrant 1,1,1,92,,#0000ff,,330.3672946964857,6
image_122.png,5,False,325.93900970143,237.4721316232205,20,#ff0000,Quadrant 3,2,1,92,,#ff0000,,220.1765058334116,6
image_122.png,5,False,596.7194891371845,95.79723877764205,20,#ff0000,Quadrant 2,1,2,92,,#ff0000,,40.490965253710755,6
image_122.png,5,False,644.6349016721186,26.922768617475043,20,#0000ff,Quadrant 2,1,2,92,,#0000ff,,57.46154891253317,6
image_122.png,5,False,136.28160907198983,305.6146387194493,20,#0000ff,Quadrant 3,2,1,92,,#0000ff,,269.4951607339246,6
image_122.png,5,False,234.33967833441443,288.9578171422859,20,#ff0000,Quadrant 3,2,1,92,,#ff0000,,223.35931033996886,6
image_122.png,5,False,189.23482972081416,276.9942297072306,20,#0000ff,Quadrant 3,2,1,92,,#0000ff,,324.55323804027626,6
image_122.png,2,False,618.0360219817455,196.6243071284667,20,#0000ff,Quadrant 2,1,2,92,,#0000ff,,49.44751491125367,6
image_122.png,5,False,577.2998359754887,255.4648389611383,20,#0000ff,Quadrant 4,2,2,92,,#0000ff,,294.65048439308805,6
image_122.png,5,False,160.87053184323352,218.9424505685529,20,#0000ff,Quadrant 3,2,1,92,,#0000ff,,130.24337981620053,6
image_122.png,5,False,635.3306011001777,109.60932275151856,20,#ff0000,Quadrant 2,1,2,92,,#ff0000,,178.1344955942317,6
image_122.png,5,False,434.6121400826493,200.0465554693257,20,#ff0000,Quadrant 4,2,2,92,,#ff0000,,51.22051183698677,6
image_122.png,5,False,531.8078299180002,108.20553705976131,20,#ff0000,Quadrant 2,1,2,92,,#ff0000,,254.67975491139606,6
image_122.png,2,False,513.0300615889962,161.37376324205863,20,#0000ff,Quadrant 2,1,2,92,,#0000ff,,120.4879923119345,6
image_122.png,5,False,699.625835516852,377.438535085613,20,#ff0000,Quadrant 4,2,2,92,,#ff0000,,136.07960067705193,6
image_122.png,5,False,259.7040023068727,382.5670486168897,20,#ff0000,Quadrant 3,2,1,92,,#ff0000,,200.3919813520939,6
image_122.png,2,False,556.5524432540384,43.03203065716277,20,#0000ff,Quadrant 2,1,2,92,,#0000ff,,301.8437685341197,6
image_122.png,2,False,370.8643412005494,12.044443144676347,20,#0000ff,Quadrant 2,1,2,92,,#0000ff,,200.21920775696185,6
image_122.png,5,False,81.80971819070079,75.46791275513783,20,#0000ff,Quadrant 1,1,1,92,,#0000ff,,314.00013657978434,6
image_122.png,5,False,165.9804910613822,379.5658410872024,20,#0000ff,Quadrant 3,2,1,92,,#0000ff,,102.59325356328478,6
image_122.png,5,False,323.1250642156473,68.3298401310154,20,#0000ff,Quadrant 1,1,1,92,,#0000ff,,214.9569333832752,6
image_122.png,5,False,250.7827356924882,120.26463524774317,20,#ff0000,Quadrant 1,1,1,92,,#ff0000,,17.303485970907,6
image_122.png,5,False,441.19113512853517,238.95142031412007,20,#0000ff,Quadrant 4,2,2,92,,#0000ff,,131.2107786954058,6
image_122.png,5,False,461.57348242572016,336.1161273435697,20,#ff0000,Quadrant 4,2,2,92,,#ff0000,,242.79800362448955,6
image_122.png,5,False,301.93779449440217,235.91114541703274,20,#0000ff,Quadrant 3,2,1,92,,#0000ff,,312.5362021900162,6
image_122.png,5,False,125.21104996421714,117.32408657310802,20,#0000ff,Quadrant 1,1,1,92,,#0000ff,,240.8216607081936,6
image_122.png,2,False,553.1773059254497,332.5976471341748,20,#0000ff,Quadrant 4,2,2,92,,#0000ff,,338.8167977750619,6
image_122.png,5,False,688.4930309585346,301.05843701103964,20,#0000ff,Quadrant 4,2,2,92,,#0000ff,,337.4754893865556,6
image_122.png,2,False,523.3006626576564,351.3926283002026,20,#0000ff,Quadrant 4,2,2,92,,#0000ff,,192.0863533130021,6
image_122.png,2,False,65.32130208982048,114.1449195619764,20,#0000ff,Quadrant 1,1,1,92,,#0000ff,,185.83601611323934,6
image_122.png,5,False,86.294139615826,351.71491308554766,20,#ff0000,Quadrant 3,2,1,92,,#ff0000,,265.18949995054663,6
image_122.png,5,False,580.2754769621204,321.95639302686385,20,#ff0000,Quadrant 4,2,2,92,,#ff0000,,106.7424145102025,6
image_122.png,5,False,108.08445364398996,35.28185822636657,20,#0000ff,Quadrant 1,1,1,92,,#0000ff,,258.57419088119815,6
image_122.png,2,False,14.389787972268628,76.96286172199694,20,#0000ff,Quadrant 1,1,1,92,,#0000ff,,109.81695517282724,6
image_122.png,5,False,617.029942312716,41.468335979660466,20,#ff0000,Quadrant 2,1,2,92,,#ff0000,,355.199993297343,6
image_122.png,5,False,674.2045244859465,175.4164718150655,20,#0000ff,Quadrant 2,1,2,92,,#0000ff,,248.85209439833142,6
image_122.png,5,False,340.69822354752944,102.6276285163344,20,#0000ff,Quadrant 1,1,1,92,,#0000ff,,283.54534943445134,6
image_122.png,5,False,622.2028526080018,381.8892083625006,20,#0000ff,Quadrant 4,2,2,92,,#0000ff,,42.778240230708434,6
image_122.png,2,False,81.37315425999991,24.27657530932747,20,#0000ff,Quadrant 1,1,1,92,,#0000ff,,348.4081477190823,6
image_122.png,2,False,217.3617458957189,104.77264621839038,20,#0000ff,Quadrant 1,1,1,92,,#0000ff,,228.83963028020517,6
image_122.png,5,False,132.44374611232945,345.51183652383975,20,#ff0000,Quadrant 3,2,1,92,,#ff0000,,345.67990245720307,6
image_122.png,5,False,449.0246662121595,72.21750339458592,20,#0000ff,Quadrant 2,1,2,92,,#0000ff,,193.28245571992016,6
image_122.png,5,False,253.62715855432148,82.08404092249472,20,#ff0000,Quadrant 1,1,1,92,,#ff0000,,313.9937528577566,6
image_122.png,2,False,347.41805304419205,297.6359401764251,20,#0000ff,Quadrant 3,2,1,92,,#0000ff,,200.73623810312438,6
image_122.png,5,False,270.5524862900722,144.67569498477263,20,#0000ff,Quadrant 1,1,1,92,,#0000ff,,184.89579695822562,6
image_122.png,5,False,657.3795833294404,356.82093561089005,20,#0000ff,Quadrant 4,2,2,92,,#0000ff,,50.22353788740586,6
image_122.png,5,False,503.4636304776484,209.8174693116991,20,#ff0000,Quadrant 4,2,2,92,,#ff0000,,212.15950349005524,6
image_122.png,5,False,686.3321394612129,58.92133392193133,20,#0000ff,Quadrant 2,1,2,92,,#0000ff,,188.26354382285743,6
image_122.png,5,False,167.78607635686282,94.86468004087209,20,#0000ff,Quadrant 1,1,1,92,,#0000ff,,239.70170939937108,6
image_122.png,5,False,246.7228349573719,171.75690966529433,20,#0000ff,Quadrant 1,1,1,92,,#0000ff,,172.921916599411,6
image_122.png,2,False,256.59602412015425,231.7562535374652,20,#0000ff,Quadrant 3,2,1,92,,#0000ff,,122.27647893925452,6
image_122.png,2,False,569.1634174122197,359.81117476958565,20,#0000ff,Quadrant 4,2,2,92,,#0000ff,,293.69329581266936,6
image_122.png,2,False,211.05374538733508,166.18585335475547,20,#0000ff,Quadrant 1,1,1,92,,#0000ff,,123.1858652948619,6
image_122.png,5,False,688.3310852175032,256.41234912440257,20,#ff0000,Quadrant 4,2,2,92,,#ff0000,,321.25430233464374,6
image_122.png,5,False,301.2934660041952,307.48132852224825,20,#0000ff,Quadrant 3,2,1,92,,#0000ff,,283.9373899263238,6
image_122.png,5,False,328.1017260211062,210.449216602655,20,#0000ff,Quadrant 3,2,1,92,,#0000ff,,313.00020837912297,6
image_122.png,5,False,215.64676148544038,375.9016228265104,20,#0000ff,Quadrant 3,2,1,92,,#0000ff,,219.13997414452814,6
image_122.png,2,False,595.971320037639,347.86137145098576,20,#0000ff,Quadrant 4,2,2,92,,#0000ff,,3.80428073797197,6
image_122.png,5,False,412.46910258360435,235.08771221407432,20,#ff0000,Quadrant 4,2,2,92,,#ff0000,,338.4060376331423,6
image_122.png,5,False,32.89211350949631,166.95539998325054,20,#ff0000,Quadrant 1,1,1,92,,#ff0000,,151.82849123218122,6
image_122.png,2,False,99.72495868395018,282.5592843729334,20,#0000ff,Quadrant 3,2,1,92,,#0000ff,,21.296482314553643,6
image_122.png,5,False,47.7519771889059,347.8329737299577,20,#ff0000,Quadrant 3,2,1,92,,#ff0000,,197.9005630674925,6
image_122.png,5,False,100.08798442130377,258.9441961351333,20,#ff0000,Quadrant 3,2,1,92,,#ff0000,,165.01831239181234,6
image_123.png,2,True,230.6326212288103,155.00726700036086,20,#FF0000,Quadrant 1,1,1,62,240,#FF0000,0,25.515993828135795,5
image_123.png,5,False,465.77462071080134,150.13835503826303,20,#0000ff,Quadrant 2,1,2,62,,#0000ff,,218.93505718810573,5
image_123.png,2,False,247.05367777035224,349.89625094195804,20,#0000ff,Quadrant 3,2,1,62,,#0000ff,,9.150497919109654,5
image_123.png,2,False,500.2407069439584,42.36600452285815,20,#0000ff,Quadrant 2,1,2,62,,#0000ff,,48.24134649881873,5
image_123.png,5,False,614.1035457646334,372.77222878828576,20,#ff0000,Quadrant 4,2,2,62,,#ff0000,,185.020586633965,5
image_123.png,5,False,441.1190181351238,367.09858514853926,20,#ff0000,Quadrant 4,2,2,62,,#ff0000,,201.29427791187325,5
image_123.png,5,False,544.0380443922425,254.89986147823478,20,#0000ff,Quadrant 4,2,2,62,,#0000ff,,321.91922665197114,5
image_123.png,5,False,57.23264466574809,248.81958471455755,20,#0000ff,Quadrant 3,2,1,62,,#0000ff,,34.66104950398085,5
image_123.png,5,False,500.55692060918886,131.83504888637717,20,#0000ff,Quadrant 2,1,2,62,,#0000ff,,176.91337098436532,5
image_123.png,5,False,618.4967490775219,186.10071486635422,20,#ff0000,Quadrant 2,1,2,62,,#ff0000,,275.4123185892851,5
image_123.png,5,False,513.1306702545071,269.25035502326386,20,#0000ff,Quadrant 4,2,2,62,,#0000ff,,67.87902516210336,5
image_123.png,5,False,494.8369322129276,231.27932879108155,20,#ff0000,Quadrant 4,2,2,62,,#ff0000,,3.4584932419840886,5
image_123.png,5,False,586.6570824032419,308.10306246828776,20,#ff0000,Quadrant 4,2,2,62,,#ff0000,,104.24214535828578,5
image_123.png,2,False,504.70260138816343,321.99597914914807,20,#0000ff,Quadrant 4,2,2,62,,#0000ff,,63.36987768857246,5
image_123.png,5,False,205.51374160032915,319.9391898576556,20,#ff0000,Quadrant 3,2,1,62,,#ff0000,,254.66473825043047,5
image_123.png,2,False,638.6079758821127,100.46006086321023,20,#0000ff,Quadrant 2,1,2,62,,#0000ff,,49.066370488493185,5
image_123.png,2,False,16.622981402955475,220.29412742120607,20,#0000ff,Quadrant 3,2,1,62,,#0000ff,,108.89522750965556,5
image_123.png,5,False,513.874161246602,99.15845758490822,20,#0000ff,Quadrant 2,1,2,62,,#0000ff,,266.7652129140775,5
image_123.png,5,False,158.67962232954443,300.97782959911007,20,#ff0000,Quadrant 3,2,1,62,,#ff0000,,24.716647809492777,5
image_123.png,2,False,305.5605688749983,168.25205898996916,20,#0000ff,Quadrant 1,1,1,62,,#0000ff,,321.29776095006656,5
image_123.png,5,False,575.5573433897111,54.83837472129789,20,#0000ff,Quadrant 2,1,2,62,,#0000ff,,86.11798602735611,5
image_123.png,5,False,123.14243675656301,209.69287023989747,20,#0000ff,Quadrant 3,2,1,62,,#0000ff,,201.77404412905224,5
image_123.png,5,False,259.3594344609431,82.16073283726354,20,#0000ff,Quadrant 1,1,1,62,,#0000ff,,108.7266866225378,5
image_123.png,5,False,171.88465333654437,173.9324142412735,20,#0000ff,Quadrant 1,1,1,62,,#0000ff,,345.27635734213595,5
image_123.png,2,False,217.97064869811885,360.94099145350145,20,#0000ff,Quadrant 3,2,1,62,,#0000ff,,19.380429960879923,5
image_123.png,5,False,602.3394686611674,93.27360718783346,20,#0000ff,Quadrant 2,1,2,62,,#0000ff,,30.627409846218406,5
image_123.png,2,False,571.2537706809533,22.40519856170924,20,#0000ff,Quadrant 2,1,2,62,,#0000ff,,12.87529614255873,5
image_123.png,2,False,192.54917590459306,150.05857988064042,20,#0000ff,Quadrant 1,1,1,62,,#0000ff,,342.9667410824051,5
image_123.png,2,False,504.01961335313905,182.52957431280927,20,#0000ff,Quadrant 2,1,2,62,,#0000ff,,20.891296397860945,5
image_123.png,2,False,460.9299469471698,68.46500537889749,20,#0000ff,Quadrant 2,1,2,62,,#0000ff,,254.69504408150016,5
image_123.png,2,False,358.1378424365336,40.041483857383696,20,#0000ff,Quadrant 2,1,2,62,,#0000ff,,345.4851686306023,5
image_123.png,5,False,85.47742129391828,268.48877847424274,20,#ff0000,Quadrant 3,2,1,62,,#ff0000,,10.54014397811006,5
image_123.png,2,False,44.45519980377977,170.08364140098152,20,#0000ff,Quadrant 1,1,1,62,,#0000ff,,98.76537498941398,5
image_123.png,5,False,32.09773424690295,295.4964684810599,20,#0000ff,Quadrant 3,2,1,62,,#0000ff,,77.57732707244759,5
image_123.png,2,False,618.4809402781502,215.7668904821503,20,#0000ff,Quadrant 4,2,2,62,,#0000ff,,105.53493159050566,5
image_123.png,2,False,597.2825082373377,133.85850335091598,20,#0000ff,Quadrant 2,1,2,62,,#0000ff,,51.17062977593845,5
image_123.png,5,False,243.65119330373793,114.70341758873111,20,#ff0000,Quadrant 1,1,1,62,,#ff0000,,198.1474666327104,5
image_123.png,5,False,541.0449226183592,348.99451312250596,20,#ff0000,Quadrant 4,2,2,62,,#ff0000,,76.16625922377558,5
image_123.png,5,False,644.4238187905465,207.32573094822504,20,#0000ff,Quadrant 4,2,2,62,,#0000ff,,346.9878965416375,5
image_123.png,5,False,398.62608723028336,250.99442963874503,20,#ff0000,Quadrant 4,2,2,62,,#ff0000,,142.69653406808075,5
image_123.png,5,False,313.45427404984486,207.13733170653845,20,#0000ff,Quadrant 3,2,1,62,,#0000ff,,148.03003260434429,5
image_123.png,5,False,199.42084766471828,173.81502964336062,20,#0000ff,Quadrant 1,1,1,62,,#0000ff,,323.49096661688964,5
image_123.png,5,False,94.93968139024106,146.45639486655406,20,#ff0000,Quadrant 1,1,1,62,,#ff0000,,143.86890659804567,5
image_123.png,5,False,87.41570939321393,304.4235727624304,20,#ff0000,Quadrant 3,2,1,62,,#ff0000,,184.6335592660151,5
image_123.png,5,False,133.8229385081719,53.61565818745871,20,#ff0000,Quadrant 1,1,1,62,,#ff0000,,133.15372406086664,5
image_123.png,5,False,625.3347704645731,38.47744737952176,20,#ff0000,Quadrant 2,1,2,62,,#ff0000,,253.09711677229453,5
image_123.png,2,False,277.44350992971124,22.73603089887359,20,#0000ff,Quadrant 1,1,1,62,,#0000ff,,36.71189181871461,5
image_123.png,2,False,366.79755107773076,73.89387845303668,20,#0000ff,Quadrant 2,1,2,62,,#0000ff,,27.40608239291118,5
image_123.png,5,False,285.38497552301595,377.57557261951166,20,#0000ff,Quadrant 3,2,1,62,,#0000ff,,63.16197951843331,5
image_123.png,2,False,660.7857691468756,378.0216736767182,20,#0000ff,Quadrant 4,2,2,62,,#0000ff,,332.963767243517,5
image_123.png,2,False,692.1720188178579,316.0289064371613,20,#0000ff,Quadrant 4,2,2,62,,#0000ff,,162.74772876666293,5
image_123.png,5,False,170.06761342150062,13.62531907680436,20,#ff0000,Quadrant 1,1,1,62,,#ff0000,,10.318396413266742,5
image_123.png,5,False,545.2756197097665,372.54233651881344,20,#0000ff,Quadrant 4,2,2,62,,#0000ff,,54.787591239478346,5
image_123.png,5,False,484.33543324181863,271.99597428304105,20,#ff0000,Quadrant 4,2,2,62,,#ff0000,,326.5549544702473,5
image_123.png,2,False,376.4297289153825,213.25997658798013,20,#0000ff,Quadrant 4,2,2,62,,#0000ff,,140.60839121955115,5
image_123.png,2,False,445.7458382601009,19.117956313339064,20,#0000ff,Quadrant 2,1,2,62,,#0000ff,,301.58355477828434,5
image_123.png,5,False,89.20285493118513,82.43288869920603,20,#ff0000,Quadrant 1,1,1,62,,#ff0000,,11.932674614298975,5
image_123.png,5,False,573.3938323898503,248.52183931477163,20,#ff0000,Quadrant 4,2,2,62,,#ff0000,,86.59731014843307,5
image_123.png,5,False,650.3593101204499,136.01200146478158,20,#ff0000,Quadrant 2,1,2,62,,#ff0000,,291.769531185367,5
image_123.png,5,False,135.87599536932515,371.85973428443816,20,#0000ff,Quadrant 3,2,1,62,,#0000ff,,109.75713500431458,5
image_123.png,5,False,277.7793941849285,228.7573742156965,20,#ff0000,Quadrant 3,2,1,62,,#ff0000,,220.70041291106318,5
image_123.png,2,False,522.5728021377072,387.5064547780046,20,#0000ff,Quadrant 4,2,2,62,,#0000ff,,348.0636842167275,5
image_123.png,5,False,221.85671907364994,230.22423543286166,20,#0000ff,Quadrant 3,2,1,62,,#0000ff,,73.68972105923862,5
image_124.png,2,True,475.4947903602357,319.4913498067493,20,#FF0000,Quadrant 4,2,2,44,240,#FF0000,0,84.32456189912574,5
image_124.png,5,False,390.5031334911256,322.21197285765214,20,#0000ff,Quadrant 4,2,2,44,,#0000ff,,256.17556807867504,5
image_124.png,5,False,365.4126591873255,194.86424633538167,20,#ff0000,Quadrant 2,1,2,44,,#ff0000,,327.4008573861558,5
image_124.png,5,False,676.5435057562202,50.100259001702646,20,#0000ff,Quadrant 2,1,2,44,,#0000ff,,167.44439065625403,5
image_124.png,5,False,666.9547197043951,289.8381062234103,20,#0000ff,Quadrant 4,2,2,44,,#0000ff,,161.44977648416793,5
image_124.png,5,False,72.91504749289341,359.1386347003639,20,#ff0000,Quadrant 3,2,1,44,,#ff0000,,201.39740632074322,5
image_124.png,2,False,624.9175624993575,331.47141090220873,20,#0000ff,Quadrant 4,2,2,44,,#0000ff,,225.1847953648941,5
image_124.png,5,False,544.1953262178516,308.55233012631805,20,#ff0000,Quadrant 4,2,2,44,,#ff0000,,256.9078839288477,5
image_124.png,5,False,568.8680388191325,280.49199974371203,20,#0000ff,Quadrant 4,2,2,44,,#0000ff,,242.82105678733484,5
image_124.png,5,False,393.25377409096365,260.307916482306,20,#0000ff,Quadrant 4,2,2,44,,#0000ff,,206.56018851456577,5
image_124.png,5,False,450.04023104475056,370.3213348593464,20,#ff0000,Quadrant 4,2,2,44,,#ff0000,,136.20856120147397,5
image_124.png,2,False,246.3977829863324,222.8189641021205,20,#0000ff,Quadrant 3,2,1,44,,#0000ff,,298.0579396322633,5
image_124.png,5,False,476.16854937585595,208.21794075347282,20,#ff0000,Quadrant 4,2,2,44,,#ff0000,,345.5229217820384,5
image_124.png,5,False,655.909993785605,195.3283927073975,20,#ff0000,Quadrant 2,1,2,44,,#ff0000,,335.64958885127186,5
image_124.png,5,False,653.8540182971619,108.44655242734184,20,#ff0000,Quadrant 2,1,2,44,,#ff0000,,27.383970828733098,5
image_124.png,5,False,699.5579975423123,334.66576947889104,20,#0000ff,Quadrant 4,2,2,44,,#0000ff,,348.42120973099463,5
image_124.png,5,False,129.82624061384888,301.0947367559823,20,#ff0000,Quadrant 3,2,1,44,,#ff0000,,288.0879896077158,5
image_124.png,5,False,699.9923240631124,263.92182965962826,20,#0000ff,Quadrant 4,2,2,44,,#0000ff,,86.82315274279566,5
image_124.png,5,False,49.93270345757165,222.80000866854658,20,#ff0000,Quadrant 3,2,1,44,,#ff0000,,165.05682886916006,5
image_124.png,2,False,652.7493958124659,70.27952018912472,20,#0000ff,Quadrant 2,1,2,44,,#0000ff,,62.12947279483339,5
image_124.png,5,False,24.455271238456305,215.55190599473406,20,#ff0000,Quadrant 3,2,1,44,,#ff0000,,148.29650597337363,5
image_124.png,5,False,159.140350640885,226.87235053189073,20,#0000ff,Quadrant 3,2,1,44,,#0000ff,,197.75297013960994,5
image_124.png,2,False,222.82537512727157,297.5166832056169,20,#0000ff,Quadrant 3,2,1,44,,#0000ff,,22.74383267426629,5
image_124.png,2,False,532.5818585547981,235.42896892555893,20,#0000ff,Quadrant 4,2,2,44,,#0000ff,,3.4654565118847724,5
image_124.png,2,False,496.7785805851117,175.2952787432963,20,#0000ff,Quadrant 2,1,2,44,,#0000ff,,330.857602483734,5
image_124.png,5,False,420.1749311721722,265.162109187263,20,#0000ff,Quadrant 4,2,2,44,,#0000ff,,181.65853662546846,5
image_124.png,5,False,598.318847001477,312.8115888704217,20,#0000ff,Quadrant 4,2,2,44,,#0000ff,,125.14074162643746,5
image_124.png,5,False,315.291185556327,172.43264974651356,20,#0000ff,Quadrant 1,1,1,44,,#0000ff,,142.18833173810202,5
image_124.png,5,False,72.88064349355048,237.07527851101898,20,#0000ff,Quadrant 3,2,1,44,,#0000ff,,243.71342435049712,5
image_124.png,5,False,408.82500762616996,12.320126822155059,20,#0000ff,Quadrant 2,1,2,44,,#0000ff,,179.42827769805828,5
image_124.png,5,False,531.0544744191691,34.0618267526566,20,#ff0000,Quadrant 2,1,2,44,,#ff0000,,275.2971083496189,5
image_124.png,5,False,694.278133272707,96.34033791762133,20,#0000ff,Quadrant 2,1,2,44,,#0000ff,,142.992689461442,5
image_124.png,5,False,667.637909273007,151.32002773899495,20,#ff0000,Quadrant 2,1,2,44,,#ff0000,,124.31277619197202,5
image_124.png,2,False,575.9920754037818,304.1614902727752,20,#0000ff,Quadrant 4,2,2,44,,#0000ff,,271.25487088485914,5
image_124.png,5,False,340.78000332875644,57.180886054818146,20,#ff0000,Quadrant 1,1,1,44,,#ff0000,,143.89634481122633,5
image_124.png,5,False,447.05220439290105,235.363672954902,20,#ff0000,Quadrant 4,2,2,44,,#ff0000,,173.5875725270828,5
image_124.png,2,False,160.58146490987076,108.47560522674009,20,#0000ff,Quadrant 1,1,1,44,,#0000ff,,156.41118469087286,5
image_124.png,2,False,120.78586058188046,368.76510166640674,20,#0000ff,Quadrant 3,2,1,44,,#0000ff,,250.97473579711362,5
image_124.png,2,False,552.914443268387,334.137637224611,20,#0000ff,Quadrant 4,2,2,44,,#0000ff,,50.33262552526167,5
image_124.png,5,False,516.277517919124,281.0359705139767,20,#ff0000,Quadrant 4,2,2,44,,#ff0000,,296.8387674991504,5
image_124.png,2,False,183.92749700421302,349.73151423680105,20,#0000ff,Quadrant 3,2,1,44,,#0000ff,,235.7928073014458,5
image_124.png,2,False,624.7970132319327,247.6041378713098,20,#0000ff,Quadrant 4,2,2,44,,#0000ff,,232.44109284335124,5
image_124.png,5,False,314.0829457909468,234.94300083803452,20,#ff0000,Quadrant 3,2,1,44,,#ff0000,,167.30640350940365,5
image_124.png,2,False,301.04591016971875,259.99808804521575,20,#0000ff,Quadrant 3,2,1,44,,#0000ff,,171.90666214981616,5
image_124.png,5,False,592.6197535652528,145.77296367367865,20,#ff0000,Quadrant 2,1,2,44,,#ff0000,,106.48526261024527,5
image_125.png,2,True,491.04578371072097,310.20602849192227,20,#FF0000,Quadrant 4,2,2,3,240,#FF0000,0,176.2083372447461,1
image_125.png,2,False,471.74616568094945,175.45880984798234,20,#0000ff,Quadrant 2,1,2,3,,#0000ff,,166.88427584961548,1
image_125.png,2,False,111.22855144400638,322.4371186957824,20,#0000ff,Quadrant 3,2,1,3,,#0000ff,,74.25310415613535,1
image_125.png,5,False,260.8724236781455,88.17936566056277,20,#0000ff,Quadrant 1,1,1,3,,#0000ff,,188.06210749264807,1
image_126.png,2,True,477.9487647603104,41.35440580621223,20,#FF0000,Quadrant 2,1,2,98,240,#FF0000,0,310.50304918266403,6
image_126.png,5,False,174.99750764423462,46.75997306764255,20,#0000ff,Quadrant 1,1,1,98,,#0000ff,,134.02600145510294,6
image_126.png,5,False,560.7309244794606,305.6046605743731,20,#ff0000,Quadrant 4,2,2,98,,#ff0000,,347.0227173295641,6
image_126.png,5,False,310.3026617707252,355.5505870459582,20,#ff0000,Quadrant 3,2,1,98,,#ff0000,,142.60412541723457,6
image_126.png,5,False,326.38468447143663,385.3965228983545,20,#0000ff,Quadrant 3,2,1,98,,#0000ff,,145.1780729937825,6
image_126.png,5,False,611.0036011205151,324.30083251591935,20,#ff0000,Quadrant 4,2,2,98,,#ff0000,,169.57124973612508,6
image_126.png,2,False,413.083214736881,284.7321130537323,20,#0000ff,Quadrant 4,2,2,98,,#0000ff,,51.237322996743,6
image_126.png,2,False,112.03246115252168,188.5476435577014,20,#0000ff,Quadrant 1,1,1,98,,#0000ff,,66.67145842128274,6
image_126.png,5,False,534.2076409228432,102.4810827005785,20,#0000ff,Quadrant 2,1,2,98,,#0000ff,,126.88907924110163,6
image_126.png,5,False,477.2217541426998,167.73095297908858,20,#0000ff,Quadrant 2,1,2,98,,#0000ff,,74.12336264695189,6
image_126.png,5,False,210.14192710054232,87.00166617552404,20,#0000ff,Quadrant 1,1,1,98,,#0000ff,,330.10338108786044,6
image_126.png,5,False,208.05167560851837,147.94707817294704,20,#ff0000,Quadrant 1,1,1,98,,#ff0000,,283.6350839426786,6
image_126.png,5,False,51.105178541201035,196.4469150759411,20,#ff0000,Quadrant 1,1,1,98,,#ff0000,,26.81510961931088,6
image_126.png,2,False,270.09370980841817,269.1348011107601,20,#0000ff,Quadrant 3,2,1,98,,#0000ff,,136.8609908352282,6
image_126.png,2,False,322.44010062951054,224.2979404242831,20,#0000ff,Quadrant 3,2,1,98,,#0000ff,,330.5247049167541,6
image_126.png,2,False,14.50590919030724,47.302444035845966,20,#0000ff,Quadrant 1,1,1,98,,#0000ff,,240.3114368089833,6
image_126.png,2,False,307.8152666246268,283.15904473312537,20,#0000ff,Quadrant 3,2,1,98,,#0000ff,,197.53759016829002,6
image_126.png,5,False,602.75294799294,69.30722624247093,20,#0000ff,Quadrant 2,1,2,98,,#0000ff,,74.83417593999617,6
image_126.png,5,False,434.07198229546367,249.17815070681462,20,#ff0000,Quadrant 4,2,2,98,,#ff0000,,185.07529294986583,6
image_126.png,5,False,307.78364148532626,33.029692422190166,20,#ff0000,Quadrant 1,1,1,98,,#ff0000,,174.36378566189913,6
image_126.png,5,False,212.62600823220518,365.4543829523015,20,#ff0000,Quadrant 3,2,1,98,,#ff0000,,330.6445779602238,6
image_126.png,2,False,252.19788457151876,196.53843024315273,20,#0000ff,Quadrant 1,1,1,98,,#0000ff,,5.212428739689923,6
image_126.png,5,False,673.3812318960781,326.7780241180628,20,#0000ff,Quadrant 4,2,2,98,,#0000ff,,150.6480836623792,6
image_126.png,5,False,485.49098226216904,377.1044502137594,20,#ff0000,Quadrant 4,2,2,98,,#ff0000,,285.39902654906285,6
image_126.png,5,False,552.815219115404,368.1190800589465,20,#ff0000,Quadrant 4,2,2,98,,#ff0000,,267.91210619775535,6
image_126.png,5,False,405.5214101498288,260.17037905308155,20,#0000ff,Quadrant 4,2,2,98,,#0000ff,,180.42244240357365,6
image_126.png,5,False,691.2952503006635,220.0815552647604,20,#0000ff,Quadrant 4,2,2,98,,#0000ff,,124.11738731429504,6
image_126.png,5,False,572.7335769602048,145.09935000839613,20,#0000ff,Quadrant 2,1,2,98,,#0000ff,,98.43801027822619,6
image_126.png,5,False,357.81773749707196,160.3369763912761,20,#ff0000,Quadrant 2,1,2,98,,#ff0000,,222.8290715601732,6
image_126.png,5,False,42.05930035878898,336.29688332755194,20,#0000ff,Quadrant 3,2,1,98,,#0000ff,,53.92691259315397,6
image_126.png,5,False,613.7822654171431,146.44763537443538,20,#0000ff,Quadrant 2,1,2,98,,#0000ff,,107.34129606805925,6
image_126.png,5,False,88.235508208066,321.05364302249603,20,#0000ff,Quadrant 3,2,1,98,,#0000ff,,63.64947973809044,6
image_126.png,2,False,173.00767635207086,181.80815075339476,20,#0000ff,Quadrant 1,1,1,98,,#0000ff,,11.589695931345494,6
image_126.png,5,False,300.1095948106614,120.89873469103563,20,#ff0000,Quadrant 1,1,1,98,,#ff0000,,312.4013050773955,6
image_126.png,5,False,415.7223750117457,33.150130704882685,20,#0000ff,Quadrant 2,1,2,98,,#0000ff,,325.6957142641826,6
image_126.png,5,False,201.30501346762463,173.65816908851042,20,#ff0000,Quadrant 1,1,1,98,,#ff0000,,93.44052969564942,6
image_126.png,2,False,90.78093261871774,138.77504273308617,20,#0000ff,Quadrant 1,1,1,98,,#0000ff,,67.05456870698146,6
image_126.png,5,False,633.1262263145612,27.788666248538675,20,#ff0000,Quadrant 2,1,2,98,,#ff0000,,229.85050292827506,6
image_126.png,5,False,425.9005250088118,92.21606099533405,20,#ff0000,Quadrant 2,1,2,98,,#ff0000,,112.9881500274551,6
image_126.png,2,False,164.93950486381027,129.61463774231814,20,#0000ff,Quadrant 1,1,1,98,,#0000ff,,36.15018496939606,6
image_126.png,2,False,343.04310954356754,309.55137023369093,20,#0000ff,Quadrant 3,2,1,98,,#0000ff,,282.7455752167857,6
image_126.png,2,False,600.8877793540488,46.787866935543676,20,#0000ff,Quadrant 2,1,2,98,,#0000ff,,291.83283900749296,6
image_126.png,2,False,276.10440241655044,356.6171016487522,20,#0000ff,Quadrant 3,2,1,98,,#0000ff,,201.21716663038464,6
image_126.png,5,False,542.0297465884424,54.82372259873047,20,#0000ff,Quadrant 2,1,2,98,,#0000ff,,218.7307724695918,6
image_126.png,5,False,256.45049404750455,56.6677454678104,20,#0000ff,Quadrant 1,1,1,98,,#0000ff,,13.025536207492525,6
image_126.png,2,False,309.4055498892282,260.5799033354822,20,#0000ff,Quadrant 3,2,1,98,,#0000ff,,29.334210906921893,6
image_126.png,2,False,18.90154305357605,128.62939145193133,20,#0000ff,Quadrant 1,1,1,98,,#0000ff,,2.8032558639083582,6
image_126.png,5,False,643.7838449270672,276.35399772475796,20,#ff0000,Quadrant 4,2,2,98,,#ff0000,,6.218131605852024,6
image_126.png,5,False,123.4402402238951,61.942732855010725,20,#ff0000,Quadrant 1,1,1,98,,#ff0000,,207.53549700293823,6
image_126.png,5,False,335.64622541339986,148.29544023702152,20,#0000ff,Quadrant 1,1,1,98,,#0000ff,,336.8281600952881,6
image_126.png,2,False,486.75860026179134,349.8000068818307,20,#0000ff,Quadrant 4,2,2,98,,#0000ff,,38.23804665048107,6
image_126.png,5,False,521.3123001267861,283.4679951549161,20,#0000ff,Quadrant 4,2,2,98,,#0000ff,,284.0375607571126,6
image_126.png,5,False,306.8057732738749,196.36614713584376,20,#ff0000,Quadrant 1,1,1,98,,#ff0000,,339.54930712607154,6
image_126.png,2,False,54.73247447958005,41.94640237021578,20,#0000ff,Quadrant 1,1,1,98,,#0000ff,,299.3264597025457,6
image_126.png,5,False,613.7486644884723,203.01207273212654,20,#ff0000,Quadrant 4,2,2,98,,#ff0000,,128.58380355043664,6
image_126.png,5,False,123.49806405870633,35.6086281336181,20,#ff0000,Quadrant 1,1,1,98,,#ff0000,,11.102951495057134,6
image_126.png,2,False,567.2110994195274,328.457558036338,20,#0000ff,Quadrant 4,2,2,98,,#0000ff,,268.9744461078101,6
image_126.png,2,False,187.83485895603283,315.0792061889986,20,#0000ff,Quadrant 3,2,1,98,,#0000ff,,326.5332174062317,6
image_126.png,5,False,235.3957818420881,117.02501170309473,20,#ff0000,Quadrant 1,1,1,98,,#ff0000,,152.94675322631207,6
image_126.png,5,False,18.96130641504335,268.0795066860899,20,#ff0000,Quadrant 3,2,1,98,,#ff0000,,295.2817012773337,6
image_126.png,5,False,101.74332214148453,368.08319943133944,20,#0000ff,Quadrant 3,2,1,98,,#0000ff,,149.02952714242397,6
image_126.png,5,False,697.8040879534464,178.47766103678194,20,#ff0000,Quadrant 2,1,2,98,,#ff0000,,334.76857743696934,6
image_126.png,5,False,142.27833199291473,298.69418018344106,20,#0000ff,Quadrant 3,2,1,98,,#0000ff,,113.83058179370997,6
image_126.png,5,False,280.07821048588136,43.347464918612445,20,#ff0000,Quadrant 1,1,1,98,,#ff0000,,146.2450989409517,6
image_126.png,5,False,540.6536233611515,215.17416142544604,20,#ff0000,Quadrant 4,2,2,98,,#ff0000,,139.3006435733884,6
image_126.png,5,False,223.51620502896955,208.3513000621307,20,#0000ff,Quadrant 3,2,1,98,,#0000ff,,276.47772303425336,6
image_126.png,5,False,577.0273147907038,122.64320426386871,20,#0000ff,Quadrant 2,1,2,98,,#0000ff,,268.56414777625884,6
image_126.png,2,False,134.54557640958956,87.76388834861402,20,#0000ff,Quadrant 1,1,1,98,,#0000ff,,53.26528145719993,6
image_126.png,2,False,49.973513721683354,303.08613892477103,20,#0000ff,Quadrant 3,2,1,98,,#0000ff,,344.0843801626634,6
image_126.png,5,False,635.8773713517721,335.36904301049884,20,#0000ff,Quadrant 4,2,2,98,,#0000ff,,95.48610635161428,6
image_126.png,5,False,77.60485054829351,54.37824067054529,20,#ff0000,Quadrant 1,1,1,98,,#ff0000,,272.27698127546535,6
image_126.png,5,False,461.0159350907384,373.9231380232863,20,#ff0000,Quadrant 4,2,2,98,,#ff0000,,180.80937027378187,6
image_126.png,5,False,123.04852724588804,165.3751640316678,20,#0000ff,Quadrant 1,1,1,98,,#0000ff,,310.14553242820216,6
image_126.png,5,False,494.8650385070576,200.85754540244082,20,#ff0000,Quadrant 4,2,2,98,,#ff0000,,76.75449755942861,6
image_126.png,5,False,497.9640119206043,323.90675037510243,20,#ff0000,Quadrant 4,2,2,98,,#ff0000,,107.72210684078217,6
image_126.png,5,False,100.1441465192967,247.54059480620305,20,#ff0000,Quadrant 3,2,1,98,,#ff0000,,260.26521384302924,6
image_126.png,5,False,591.1406942684096,92.32599461781876,20,#0000ff,Quadrant 2,1,2,98,,#0000ff,,26.01187442425762,6
image_126.png,5,False,668.7849598782735,94.11000144059672,20,#ff0000,Quadrant 2,1,2,98,,#ff0000,,92.49285254274913,6
image_126.png,5,False,208.1614027985946,64.80324191863113,20,#0000ff,Quadrant 1,1,1,98,,#0000ff,,99.85066184335327,6
image_126.png,2,False,328.87760119804125,113.52151413362301,20,#0000ff,Quadrant 1,1,1,98,,#0000ff,,126.90979968620705,6
image_126.png,5,False,218.75274329059948,237.6678264559389,20,#0000ff,Quadrant 3,2,1,98,,#0000ff,,81.46318127227882,6
image_126.png,2,False,504.9724582567967,247.96778145442667,20,#0000ff,Quadrant 4,2,2,98,,#0000ff,,292.9402592670727,6
image_126.png,5,False,47.99058316791608,279.58967531084005,20,#ff0000,Quadrant 3,2,1,98,,#ff0000,,184.22473509050553,6
image_126.png,5,False,42.029954689192024,358.6938712718189,20,#0000ff,Quadrant 3,2,1,98,,#0000ff,,210.01373881321223,6
image_126.png,5,False,651.3420953169657,176.9313808471625,20,#0000ff,Quadrant 2,1,2,98,,#0000ff,,200.4292140509531,6
image_126.png,5,False,23.401168982632946,163.2165651137267,20,#0000ff,Quadrant 1,1,1,98,,#0000ff,,2.2959667835782005,6
image_126.png,5,False,13.571230502075172,376.5181128220866,20,#ff0000,Quadrant 3,2,1,98,,#ff0000,,144.7980130054639,6
image_126.png,5,False,381.12043907275614,192.7277943791126,20,#0000ff,Quadrant 2,1,2,98,,#0000ff,,311.4762048797254,6
image_126.png,5,False,259.1455466271234,232.59475500402897,20,#ff0000,Quadrant 3,2,1,98,,#ff0000,,259.8921135107364,6
image_126.png,2,False,385.18252364355834,384.6670114811491,20,#0000ff,Quadrant 4,2,2,98,,#0000ff,,319.47995229318053,6
image_126.png,5,False,193.32586490845193,388.42592239781874,20,#ff0000,Quadrant 3,2,1,98,,#ff0000,,235.2354595742561,6
image_126.png,5,False,369.8689201566623,127.91044809659523,20,#0000ff,Quadrant 2,1,2,98,,#0000ff,,40.487451463723175,6
image_126.png,5,False,333.2332732081454,268.87512897994844,20,#ff0000,Quadrant 3,2,1,98,,#ff0000,,269.7701326356383,6
image_126.png,5,False,375.49974213801255,42.43578516359945,20,#0000ff,Quadrant 2,1,2,98,,#0000ff,,225.33086644030047,6
image_126.png,2,False,440.01608049129374,199.86416489556083,20,#0000ff,Quadrant 2,1,2,98,,#0000ff,,60.09116758682232,6
image_126.png,5,False,485.9604128255046,138.17957009228923,20,#ff0000,Quadrant 2,1,2,98,,#ff0000,,69.63165050337003,6
image_126.png,2,False,355.08064650840305,70.07529949081822,20,#0000ff,Quadrant 1,1,1,98,,#0000ff,,349.85523172021755,6
image_126.png,5,False,275.90218057174576,320.685090459949,20,#0000ff,Quadrant 3,2,1,98,,#0000ff,,288.08207434532704,6
image_126.png,5,False,529.7629009397424,148.60563484432316,20,#ff0000,Quadrant 2,1,2,98,,#ff0000,,239.24629795499183,6
image_127.png,2,True,92.67749755583783,268.52781552726765,20,#FF0000,Quadrant 3,2,1,8,240,#FF0000,0,168.0858367872289,2
image_127.png,5,False,437.19919654770064,326.07692015762547,20,#0000ff,Quadrant 4,2,2,8,,#0000ff,,110.97160670174974,2
image_127.png,5,False,567.970012120972,286.9995155801621,20,#ff0000,Quadrant 4,2,2,8,,#ff0000,,74.01669669990345,2
image_127.png,5,False,414.91838752585096,203.01509343568523,20,#0000ff,Quadrant 4,2,2,8,,#0000ff,,294.1762625270206,2
image_127.png,5,False,35.0691092559787,296.8389463422879,20,#0000ff,Quadrant 3,2,1,8,,#0000ff,,271.55690180228015,2
image_127.png,5,False,249.92377518979927,154.07384472210117,20,#0000ff,Quadrant 1,1,1,8,,#0000ff,,72.16796084519484,2
image_127.png,5,False,664.7870414863324,357.174562629602,20,#0000ff,Quadrant 4,2,2,8,,#0000ff,,298.5398229696879,2
image_127.png,5,False,352.8709294958456,74.5857326287969,20,#0000ff,Quadrant 1,1,1,8,,#0000ff,,97.75508402388473,2
image_127.png,5,False,464.26065748438754,345.5378674501685,20,#0000ff,Quadrant 4,2,2,8,,#0000ff,,302.27656198595514,2
image_128.png,2,True,462.8618042456806,157.3789854312994,20,#FF0000,Quadrant 2,1,2,14,240,#FF0000,0,186.5673336386825,3
image_128.png,5,False,575.4734343509389,250.2790058419062,20,#ff0000,Quadrant 4,2,2,14,,#ff0000,,222.84737775729494,3
image_128.png,2,False,591.1099541778718,316.85813991031495,20,#0000ff,Quadrant 4,2,2,14,,#0000ff,,125.59337055154114,3
image_128.png,5,False,636.0087129931073,337.41599222162927,20,#ff0000,Quadrant 4,2,2,14,,#ff0000,,307.32075631325597,3
image_128.png,2,False,177.28156065947528,198.1685845414464,20,#0000ff,Quadrant 1,1,1,14,,#0000ff,,278.87500681904066,3
image_128.png,5,False,526.3976055472077,242.01145540611077,20,#ff0000,Quadrant 4,2,2,14,,#ff0000,,244.52138498000699,3
image_128.png,2,False,189.24309928175714,342.70606167763873,20,#0000ff,Quadrant 3,2,1,14,,#0000ff,,231.00579488685463,3
image_128.png,2,False,251.73496816071986,220.399012697399,20,#0000ff,Quadrant 3,2,1,14,,#0000ff,,289.7026298441512,3
image_128.png,5,False,410.85832015327264,81.50822148301218,20,#0000ff,Quadrant 2,1,2,14,,#0000ff,,332.96862889117665,3
image_128.png,5,False,521.0893820794648,27.215963895061357,20,#ff0000,Quadrant 2,1,2,14,,#ff0000,,109.05979060654663,3
image_128.png,5,False,326.97406093048284,31.92705316654697,20,#ff0000,Quadrant 1,1,1,14,,#ff0000,,170.89868604919275,3
image_128.png,2,False,508.25868489041045,157.03040910187397,20,#0000ff,Quadrant 2,1,2,14,,#0000ff,,126.62933260553227,3
image_128.png,2,False,227.5017617658889,28.346254581351506,20,#0000ff,Quadrant 1,1,1,14,,#0000ff,,301.8351683806857,3
image_128.png,5,False,211.74108876286377,160.14677431159836,20,#0000ff,Quadrant 1,1,1,14,,#0000ff,,72.75275469353015,3
image_128.png,5,False,688.5968415624442,309.12203482225965,20,#0000ff,Quadrant 4,2,2,14,,#0000ff,,95.93203432110322,3
image_129.png,2,True,597.17677953504,370.72118864650605,20,#FF0000,Quadrant 4,2,2,67,240,#FF0000,0,89.15041088035541,6
image_129.png,5,False,146.43398375452054,307.27276515664346,20,#0000ff,Quadrant 3,2,1,67,,#0000ff,,325.2344230923747,6
image_129.png,5,False,420.70370728546834,306.80752180735175,20,#ff0000,Quadrant 4,2,2,67,,#ff0000,,40.12536764772802,6
image_129.png,5,False,72.17488778808098,78.67684289434436,20,#0000ff,Quadrant 1,1,1,67,,#0000ff,,19.214033452907778,6
image_129.png,5,False,565.0896813083993,52.646154223526025,20,#ff0000,Quadrant 2,1,2,67,,#ff0000,,16.171428366437105,6
image_129.png,5,False,683.9829660782857,110.17616781397058,20,#0000ff,Quadrant 2,1,2,67,,#0000ff,,141.02645775415516,6
image_129.png,5,False,334.3702022307007,206.94372068499058,20,#ff0000,Quadrant 3,2,1,67,,#ff0000,,203.6813296987498,6
image_129.png,5,False,159.10941678157909,132.50132332024546,20,#0000ff,Quadrant 1,1,1,67,,#0000ff,,94.89086933866152,6
image_129.png,5,False,336.9372574602387,234.03591696561259,20,#ff0000,Quadrant 3,2,1,67,,#ff0000,,254.09322366664506,6
image_129.png,2,False,638.8752062914782,263.7615846715692,20,#0000ff,Quadrant 4,2,2,67,,#0000ff,,340.5013511410526,6
image_129.png,5,False,535.0026484057214,21.959475491220388,20,#0000ff,Quadrant 2,1,2,67,,#0000ff,,11.413556239475389,6
image_129.png,5,False,605.3971083945955,226.45446072146018,20,#0000ff,Quadrant 4,2,2,67,,#0000ff,,332.0785879652725,6
image_129.png,5,False,423.1747268150358,233.35838460107692,20,#ff0000,Quadrant 4,2,2,67,,#ff0000,,91.2792993412136,6
image_129.png,2,False,676.5960017568832,354.6876897905464,20,#0000ff,Quadrant 4,2,2,67,,#0000ff,,251.95777703159274,6
image_129.png,2,False,355.87803468272944,14.39502899667759,20,#0000ff,Quadrant 2,1,2,67,,#0000ff,,148.04133189218243,6
image_129.png,5,False,533.6028057479523,248.37209434359997,20,#0000ff,Quadrant 4,2,2,67,,#0000ff,,208.36066442586286,6
image_129.png,2,False,31.64414270269521,172.5253764916214,20,#0000ff,Quadrant 1,1,1,67,,#0000ff,,42.877999537595855,6
image_129.png,5,False,324.54233701968485,88.48430687033377,20,#0000ff,Quadrant 1,1,1,67,,#0000ff,,12.89254447536508,6
image_129.png,5,False,196.27527993148584,377.27641739094975,20,#0000ff,Quadrant 3,2,1,67,,#0000ff,,191.12690465949763,6
image_129.png,5,False,309.2402021554183,338.37412665931066,20,#ff0000,Quadrant 3,2,1,67,,#ff0000,,166.47844848561303,6
image_129.png,5,False,434.2796542034658,82.49575657013493,20,#ff0000,Quadrant 2,1,2,67,,#ff0000,,185.0661860465412,6
image_129.png,5,False,552.4679181105097,314.75650163530287,20,#ff0000,Quadrant 4,2,2,67,,#ff0000,,285.06984292536447,6
image_129.png,5,False,67.98518356612024,197.14530182860642,20,#0000ff,Quadrant 1,1,1,67,,#0000ff,,266.16856888950116,6
image_129.png,2,False,697.1393910593179,378.3093122130862,20,#0000ff,Quadrant 4,2,2,67,,#0000ff,,8.623793363310902,6
image_129.png,5,False,267.1306322157889,12.91981413448115,20,#ff0000,Quadrant 1,1,1,67,,#ff0000,,225.479991730208,6
image_129.png,5,False,441.62122065777265,31.44415620674798,20,#ff0000,Quadrant 2,1,2,67,,#ff0000,,152.3971928876114,6
image_129.png,2,False,639.423742660454,25.274850068961364,20,#0000ff,Quadrant 2,1,2,67,,#0000ff,,74.42014977355157,6
image_129.png,5,False,161.85301036161857,373.6512126844387,20,#0000ff,Quadrant 3,2,1,67,,#0000ff,,137.19506405666553,6
image_129.png,5,False,481.3233420993821,89.80558079048963,20,#ff0000,Quadrant 2,1,2,67,,#ff0000,,289.5518021643177,6
image_129.png,2,False,683.7342216956209,134.3633035246679,20,#0000ff,Quadrant 2,1,2,67,,#0000ff,,33.630479581903124,6
image_129.png,5,False,65.00800963270328,369.1061516477363,20,#ff0000,Quadrant 3,2,1,67,,#ff0000,,46.08822369703687,6
image_129.png,5,False,345.4498834788956,179.9927986005028,20,#0000ff,Quadrant 1,1,1,67,,#0000ff,,272.3353828254316,6
image_129.png,2,False,236.59055113112768,209.92881551153815,20,#0000ff,Quadrant 3,2,1,67,,#0000ff,,229.71051070665777,6
image_129.png,5,False,380.1552580225831,194.7153768907367,20,#0000ff,Quadrant 2,1,2,67,,#0000ff,,308.8876669889126,6
image_129.png,2,False,415.361383375672,339.1317465277651,20,#0000ff,Quadrant 4,2,2,67,,#0000ff,,306.7026538203767,6
image_129.png,5,False,260.64984626005855,255.38504429564128,20,#ff0000,Quadrant 3,2,1,67,,#ff0000,,66.47972489518058,6
image_129.png,5,False,244.19052305605115,26.50506162725702,20,#0000ff,Quadrant 1,1,1,67,,#0000ff,,121.1556545339147,6
image_129.png,5,False,191.38142972484025,200.68341217500296,20,#ff0000,Quadrant 3,2,1,67,,#ff0000,,304.1877775579639,6
image_129.png,5,False,244.284493031064,322.6826095421135,20,#0000ff,Quadrant 3,2,1,67,,#0000ff,,243.07456648137122,6
image_129.png,5,False,90.32365552790543,280.51297142748496,20,#ff0000,Quadrant 3,2,1,67,,#ff0000,,210.67330171318622,6
image_129.png,5,False,104.86267312531524,107.50629610497043,20,#0000ff,Quadrant 1,1,1,67,,#0000ff,,183.75156705050986,6
image_129.png,2,False,361.22111461257316,40.40953672399738,20,#0000ff,Quadrant 2,1,2,67,,#0000ff,,309.939375219873,6
image_129.png,5,False,238.18768069682477,179.97663259631096,20,#0000ff,Quadrant 1,1,1,67,,#0000ff,,157.91014402618336,6
image_129.png,2,False,198.06997441038166,228.1322401339304,20,#0000ff,Quadrant 3,2,1,67,,#0000ff,,336.1578266139156,6
image_129.png,5,False,498.83913384331896,58.70020899146711,20,#ff0000,Quadrant 2,1,2,67,,#ff0000,,102.19386366440526,6
image_129.png,2,False,518.5592896811776,318.0244230681426,20,#0000ff,Quadrant 4,2,2,67,,#0000ff,,306.54931771639656,6
image_129.png,5,False,518.938789365155,185.5774559291805,20,#ff0000,Quadrant 2,1,2,67,,#ff0000,,204.9086282229127,6
image_129.png,5,False,347.63089398218284,69.22636947556748,20,#ff0000,Quadrant 1,1,1,67,,#ff0000,,237.23677087101004,6
image_129.png,5,False,31.5819515277373,74.78977045063512,20,#0000ff,Quadrant 1,1,1,67,,#0000ff,,123.66218689523367,6
image_129.png,2,False,117.70173584567505,304.2554968342627,20,#0000ff,Quadrant 3,2,1,67,,#0000ff,,44.61296738390508,6
image_129.png,2,False,343.56339601978846,147.24891472306982,20,#0000ff,Quadrant 1,1,1,67,,#0000ff,,53.109108244138895,6
image_129.png,2,False,664.472137264744,273.1168314906843,20,#0000ff,Quadrant 4,2,2,67,,#0000ff,,294.1329056949511,6
image_129.png,5,False,242.77269990642765,101.9693430418936,20,#0000ff,Quadrant 1,1,1,67,,#0000ff,,345.73762007976563,6
image_129.png,5,False,671.2130810228357,171.25789114098865,20,#0000ff,Quadrant 2,1,2,67,,#0000ff,,288.5112418788779,6
image_129.png,2,False,603.9830099835672,167.7234480141084,20,#0000ff,Quadrant 2,1,2,67,,#0000ff,,251.76797113861377,6
image_129.png,5,False,218.74880279663958,314.7354320672395,20,#ff0000,Quadrant 3,2,1,67,,#ff0000,,273.10593100488376,6
image_129.png,5,False,65.7463579054505,44.564293742704876,20,#0000ff,Quadrant 1,1,1,67,,#0000ff,,105.73311978826146,6
image_129.png,5,False,538.7455530414542,46.33911364177204,20,#ff0000,Quadrant 2,1,2,67,,#ff0000,,201.2959518699467,6
image_129.png,2,False,40.3272213073397,354.84658678562874,20,#0000ff,Quadrant 3,2,1,67,,#0000ff,,179.91872259584653,6
image_129.png,5,False,661.1658799515261,386.83895626573974,20,#0000ff,Quadrant 4,2,2,67,,#0000ff,,186.75358817757288,6
image_129.png,5,False,320.90853710544195,48.55040073779992,20,#0000ff,Quadrant 1,1,1,67,,#0000ff,,342.93297512893525,6
image_129.png,2,False,182.19297514249976,344.38472677158063,20,#0000ff,Quadrant 3,2,1,67,,#0000ff,,155.6196894161779,6
image_129.png,5,False,74.87377431895132,122.11165534287323,20,#0000ff,Quadrant 1,1,1,67,,#0000ff,,184.50130382008416,6
image_129.png,5,False,202.60681886666723,286.1578133889514,20,#0000ff,Quadrant 3,2,1,67,,#0000ff,,105.15672723251933,6
image_129.png,5,False,315.77453304220404,307.69052976485676,20,#ff0000,Quadrant 3,2,1,67,,#ff0000,,146.3274279703381,6
image_129.png,5,False,127.27890248110857,157.72839813684948,20,#ff0000,Quadrant 1,1,1,67,,#ff0000,,219.3782121236041,6
image_129.png,5,False,569.3474458405981,135.84629231286488,20,#0000ff,Quadrant 2,1,2,67,,#0000ff,,89.75569660266135,6
image_129.png,5,False,110.33501064056988,243.48891034363376,20,#ff0000,Quadrant 3,2,1,67,,#ff0000,,111.94286134313056,6
image_130.png,2,True,669.0987282836757,157.8911613047029,20,#FF0000,Quadrant 2,1,2,57,240,#FF0000,0,96.5768295201813,5
image_130.png,5,False,697.243782956814,207.31833867836957,20,#0000ff,Quadrant 4,2,2,57,,#0000ff,,150.5878096845887,5
image_130.png,2,False,105.64855058471885,352.45341382791884,20,#0000ff,Quadrant 3,2,1,57,,#0000ff,,201.66657728427887,5
image_130.png,5,False,345.8335940176603,221.922922897319,20,#ff0000,Quadrant 3,2,1,57,,#ff0000,,74.80394812632625,5
image_130.png,5,False,476.4125516099759,35.31365264220902,20,#0000ff,Quadrant 2,1,2,57,,#0000ff,,353.24944689311235,5
image_130.png,5,False,498.0155835193374,384.97758474105933,20,#0000ff,Quadrant 4,2,2,57,,#0000ff,,331.17030671453915,5
image_130.png,5,False,46.45439814447576,111.35724262573207,20,#0000ff,Quadrant 1,1,1,57,,#0000ff,,180.51950162692899,5
image_130.png,5,False,483.9889082927789,356.2514116780527,20,#0000ff,Quadrant 4,2,2,57,,#0000ff,,210.28379573386295,5
image_130.png,5,False,460.0393054827918,262.7799794991979,20,#0000ff,Quadrant 4,2,2,57,,#0000ff,,238.53324758844084,5
image_130.png,5,False,397.95787546376846,11.804749358104392,20,#0000ff,Quadrant 2,1,2,57,,#0000ff,,180.86964829813155,5
image_130.png,5,False,517.2501035838266,357.46119129312365,20,#0000ff,Quadrant 4,2,2,57,,#0000ff,,24.157387509216658,5
image_130.png,2,False,187.00385043099794,238.42535096242852,20,#0000ff,Quadrant 3,2,1,57,,#0000ff,,94.00977812776819,5
image_130.png,5,False,125.10447651660951,24.767125315739403,20,#ff0000,Quadrant 1,1,1,57,,#ff0000,,329.57584053806136,5
image_130.png,5,False,310.29681722585644,83.90973697380947,20,#0000ff,Quadrant 1,1,1,57,,#0000ff,,91.92961861466146,5
image_130.png,5,False,53.34025587944164,68.04985415325228,20,#0000ff,Quadrant 1,1,1,57,,#0000ff,,63.92577421092945,5
image_130.png,5,False,406.7883818735347,227.08338389577185,20,#ff0000,Quadrant 4,2,2,57,,#ff0000,,29.815949405476317,5
image_130.png,5,False,292.69621407785706,248.1381153634525,20,#0000ff,Quadrant 3,2,1,57,,#0000ff,,289.60795732229434,5
image_130.png,2,False,71.34997627325782,110.45606884211873,20,#0000ff,Quadrant 1,1,1,57,,#0000ff,,17.878348794820123,5
image_130.png,2,False,294.01129789903655,387.14903375073453,20,#0000ff,Quadrant 3,2,1,57,,#0000ff,,323.6554011135781,5
image_130.png,5,False,115.108795407718,238.98649083685237,20,#0000ff,Quadrant 3,2,1,57,,#0000ff,,13.737714967928367,5
image_130.png,5,False,588.7904049144852,305.2756574380946,20,#0000ff,Quadrant 4,2,2,57,,#0000ff,,165.2861038153244,5
image_130.png,2,False,423.43400390759473,137.1583874989934,20,#0000ff,Quadrant 2,1,2,57,,#0000ff,,130.26581959820126,5
image_130.png,5,False,563.421729741715,92.48500288760917,20,#ff0000,Quadrant 2,1,2,57,,#ff0000,,344.6922096662456,5
image_130.png,5,False,341.1239206794945,350.0092560237687,20,#ff0000,Quadrant 3,2,1,57,,#ff0000,,225.90401838893294,5
image_130.png,2,False,305.96552380116714,15.097338132843092,20,#0000ff,Quadrant 1,1,1,57,,#0000ff,,79.49710528890381,5
image_130.png,2,False,325.0285505062937,139.19954025560492,20,#0000ff,Quadrant 1,1,1,57,,#0000ff,,197.91347780497844,5
image_130.png,5,False,698.8579996004015,101.42015842578758,20,#ff0000,Quadrant 2,1,2,57,,#ff0000,,39.68319193799675,5
image_130.png,5,False,97.99242186211515,117.59744463926748,20,#0000ff,Quadrant 1,1,1,57,,#0000ff,,29.766457225770363,5
image_130.png,5,False,183.62668462538593,134.17630646678873,20,#ff0000,Quadrant 1,1,1,57,,#ff0000,,274.6205694406963,5
image_130.png,2,False,658.7816413019957,349.02551932979014,20,#0000ff,Quadrant 4,2,2,57,,#0000ff,,151.55510220292967,5
image_130.png,5,False,336.9447688233221,32.713479894563136,20,#0000ff,Quadrant 1,1,1,57,,#0000ff,,226.46040350938563,5
image_130.png,5,False,16.307801959661276,373.94213498131364,20,#0000ff,Quadrant 3,2,1,57,,#0000ff,,40.584461709692086,5
image_130.png,5,False,485.13951874965943,87.58636579105944,20,#ff0000,Quadrant 2,1,2,57,,#ff0000,,163.31039661929134,5
image_130.png,5,False,169.21936607961226,274.1869351372003,20,#0000ff,Quadrant 3,2,1,57,,#0000ff,,206.76585979198384,5
image_130.png,2,False,516.7783572414723,275.92617406573834,20,#0000ff,Quadrant 4,2,2,57,,#0000ff,,190.70105717685365,5
image_130.png,5,False,574.3949399935366,349.8333337844349,20,#ff0000,Quadrant 4,2,2,57,,#ff0000,,119.10494096807332,5
image_130.png,5,False,85.60009516489285,210.58891403587464,20,#ff0000,Quadrant 3,2,1,57,,#ff0000,,52.30088136976227,5
image_130.png,5,False,193.6309777054971,294.4531942584007,20,#0000ff,Quadrant 3,2,1,57,,#0000ff,,142.54013662059222,5
image_130.png,2,False,406.1670287319633,64.93473905653717,20,#0000ff,Quadrant 2,1,2,57,,#0000ff,,266.1176046709178,5
image_130.png,5,False,544.8475438917801,353.4372725374389,20,#0000ff,Quadrant 4,2,2,57,,#0000ff,,24.776637168450925,5
image_130.png,5,False,262.5020379381332,104.67331511359083,20,#ff0000,Quadrant 1,1,1,57,,#ff0000,,140.88625996476546,5
image_130.png,5,False,15.487586636272379,193.193706988369,20,#0000ff,Quadrant 1,1,1,57,,#0000ff,,275.0230646559728,5
image_130.png,2,False,112.09174346230677,308.21751893159416,20,#0000ff,Quadrant 3,2,1,57,,#0000ff,,230.32350266600764,5
image_130.png,2,False,87.69888112122187,80.52787087039209,20,#0000ff,Quadrant 1,1,1,57,,#0000ff,,158.7010075311032,5
image_130.png,5,False,453.29928077124873,331.1092453134883,20,#0000ff,Quadrant 4,2,2,57,,#0000ff,,33.31244440130209,5
image_130.png,5,False,323.81519332415843,239.73918703199948,20,#ff0000,Quadrant 3,2,1,57,,#ff0000,,190.50700157164528,5
image_130.png,2,False,76.03729288337448,370.7954228932392,20,#0000ff,Quadrant 3,2,1,57,,#0000ff,,127.65814913474266,5
image_130.png,5,False,625.9186940240611,233.892208276225,20,#ff0000,Quadrant 4,2,2,57,,#ff0000,,259.5991910301903,5
image_130.png,2,False,459.16696422349844,195.51166430554036,20,#0000ff,Quadrant 2,1,2,57,,#0000ff,,89.04554052867591,5
image_130.png,5,False,252.41562474667177,282.16792792783536,20,#0000ff,Quadrant 3,2,1,57,,#0000ff,,15.53773476820103,5
image_130.png,2,False,190.80125567360807,79.01225595633477,20,#0000ff,Quadrant 1,1,1,57,,#0000ff,,2.414332982582974,5
image_130.png,2,False,457.49439506763827,171.79312182697248,20,#0000ff,Quadrant 2,1,2,57,,#0000ff,,193.67448059517918,5
image_130.png,5,False,311.4797907928753,336.3600879983048,20,#ff0000,Quadrant 3,2,1,57,,#ff0000,,43.66117955744773,5
image_130.png,5,False,146.2539288798218,62.383051610340054,20,#ff0000,Quadrant 1,1,1,57,,#ff0000,,17.636095241074496,5
image_130.png,5,False,248.5160519192141,330.0353242997577,20,#0000ff,Quadrant 3,2,1,57,,#0000ff,,189.85739982638026,5
image_130.png,2,False,330.7965147079282,274.7157257779951,20,#0000ff,Quadrant 3,2,1,57,,#0000ff,,241.56884887755695,5
image_130.png,5,False,463.0101354459958,288.9242045340049,20,#0000ff,Quadrant 4,2,2,57,,#0000ff,,153.64888335088366,5
image_130.png,5,False,675.2927896544377,180.9480978731958,20,#0000ff,Quadrant 2,1,2,57,,#0000ff,,156.2450829903908,5
image_131.png,2,True,574.213026495482,67.43403477933495,20,#FF0000,Quadrant 2,1,2,20,240,#FF0000,0,356.5761081384361,4
image_131.png,2,False,573.1926954700631,330.1458150402292,20,#0000ff,Quadrant 4,2,2,20,,#0000ff,,127.47641944524233,4
image_131.png,5,False,600.4276551978082,286.6878419460165,20,#0000ff,Quadrant 4,2,2,20,,#0000ff,,144.45655499739144,4
image_131.png,5,False,550.0982317461143,241.50872485369175,20,#ff0000,Quadrant 4,2,2,20,,#ff0000,,263.018519811577,4
image_131.png,5,False,256.92093762698914,171.42914723244883,20,#0000ff,Quadrant 1,1,1,20,,#0000ff,,17.534840841264096,4
image_131.png,5,False,141.31520276650872,215.6264784455658,20,#0000ff,Quadrant 3,2,1,20,,#0000ff,,230.0263831782201,4
image_131.png,5,False,320.5502039367558,381.5826996464567,20,#0000ff,Quadrant 3,2,1,20,,#0000ff,,94.3704892952228,4
image_131.png,5,False,268.5591606186702,383.2939357174537,20,#0000ff,Quadrant 3,2,1,20,,#0000ff,,218.5966074910231,4
image_131.png,5,False,173.05043731547377,157.14560610403979,20,#ff0000,Quadrant 1,1,1,20,,#ff0000,,77.8176548580595,4
image_131.png,2,False,110.62617775508502,24.64448720521913,20,#0000ff,Quadrant 1,1,1,20,,#0000ff,,63.87975101352079,4
image_131.png,2,False,304.366385141342,229.457496572491,20,#0000ff,Quadrant 3,2,1,20,,#0000ff,,321.1411596201522,4
image_131.png,5,False,88.12385254189988,44.65965487755667,20,#ff0000,Quadrant 1,1,1,20,,#ff0000,,291.548136299289,4
image_131.png,5,False,175.65411447219543,25.20210823767989,20,#ff0000,Quadrant 1,1,1,20,,#ff0000,,75.89479217709548,4
image_131.png,5,False,452.92053766544115,211.4796283105356,20,#0000ff,Quadrant 4,2,2,20,,#0000ff,,14.257999029287852,4
image_131.png,5,False,237.97316174132916,136.30050654157859,20,#ff0000,Quadrant 1,1,1,20,,#ff0000,,83.57140812837946,4
image_131.png,5,False,423.17558939341336,115.61747215061388,20,#0000ff,Quadrant 2,1,2,20,,#0000ff,,19.174782699871948,4
image_131.png,2,False,96.36027053270014,81.4200983876328,20,#0000ff,Quadrant 1,1,1,20,,#0000ff,,172.81961516667224,4
image_131.png,5,False,468.8083457796429,85.4538528603666,20,#ff0000,Quadrant 2,1,2,20,,#ff0000,,212.72050341678934,4
image_131.png,5,False,404.1333609057892,73.44648188831852,20,#0000ff,Quadrant 2,1,2,20,,#0000ff,,162.7407500376774,4
image_131.png,2,False,242.26085566731908,363.56128465423217,20,#0000ff,Quadrant 3,2,1,20,,#0000ff,,183.8459562908152,4
image_131.png,2,False,569.859022457235,177.08453612917054,20,#0000ff,Quadrant 2,1,2,20,,#0000ff,,246.837633100447,4
image_132.png,2,True,352.0196221349157,193.39102135008895,20,#FF0000,Quadrant 1,1,1,16,240,#FF0000,0,249.38035635396855,3
image_132.png,5,False,65.34666740917127,124.64781302997113,20,#ff0000,Quadrant 1,1,1,16,,#ff0000,,304.2114138790653,3
image_132.png,5,False,230.97346321647413,143.20253970925552,20,#0000ff,Quadrant 1,1,1,16,,#0000ff,,108.65140192706923,3
image_132.png,5,False,601.5065917139025,64.19312097261944,20,#ff0000,Quadrant 2,1,2,16,,#ff0000,,126.61862262633989,3
image_132.png,2,False,198.18332172354457,24.09370774851402,20,#0000ff,Quadrant 1,1,1,16,,#0000ff,,18.058979681166388,3
image_132.png,5,False,599.8491176672812,181.36736741140842,20,#0000ff,Quadrant 2,1,2,16,,#0000ff,,212.9486946214632,3
image_132.png,2,False,432.5379990770298,85.49591433553861,20,#0000ff,Quadrant 2,1,2,16,,#0000ff,,67.12318955020426,3
image_132.png,2,False,624.1494966794097,309.99479957007827,20,#0000ff,Quadrant 4,2,2,16,,#0000ff,,192.90271651688417,3
image_132.png,2,False,286.4179133068182,297.90844013482604,20,#0000ff,Quadrant 3,2,1,16,,#0000ff,,116.82471071158477,3
image_132.png,5,False,84.1408830109644,308.05106671877786,20,#ff0000,Quadrant 3,2,1,16,,#ff0000,,95.76808727287926,3
image_132.png,5,False,548.0905295747215,235.15573702119704,20,#ff0000,Quadrant 4,2,2,16,,#ff0000,,308.91868513258134,3
image_132.png,2,False,657.3269472484981,253.48746075443918,20,#0000ff,Quadrant 4,2,2,16,,#0000ff,,220.06642760123424,3
image_132.png,5,False,667.784758770027,90.43186434981989,20,#ff0000,Quadrant 2,1,2,16,,#ff0000,,161.38734154110412,3
image_132.png,2,False,234.89107876095667,199.80514177833976,20,#0000ff,Quadrant 1,1,1,16,,#0000ff,,36.26836383413453,3
image_132.png,5,False,283.5832811345318,254.0637078208345,20,#0000ff,Quadrant 3,2,1,16,,#0000ff,,164.90000376846837,3
image_132.png,2,False,133.5515402814935,57.660557940154746,20,#0000ff,Quadrant 1,1,1,16,,#0000ff,,1.1687374735753453,3
image_132.png,2,False,168.83190618677614,156.50019236492668,20,#0000ff,Quadrant 1,1,1,16,,#0000ff,,239.90687360046343,3
image_133.png,2,True,507.59145847046284,30.14054471009655,20,#FF0000,Quadrant 2,1,2,16,240,#FF0000,0,246.66496141144222,3
image_133.png,5,False,556.2812545458715,361.15569317130155,20,#0000ff,Quadrant 4,2,2,16,,#0000ff,,18.260553528355473,3
image_133.png,5,False,141.831324833614,61.44850549238292,20,#ff0000,Quadrant 1,1,1,16,,#ff0000,,39.00807753820601,3
image_133.png,5,False,11.313540412503198,75.43274009632373,20,#ff0000,Quadrant 1,1,1,16,,#ff0000,,266.4765890228422,3
image_133.png,2,False,286.15905649528935,155.7625676879066,20,#0000ff,Quadrant 1,1,1,16,,#0000ff,,175.53762049722224,3
image_133.png,5,False,468.81126281522774,43.46794044881639,20,#0000ff,Quadrant 2,1,2,16,,#0000ff,,157.0041219228016,3
image_133.png,5,False,161.43069504546182,85.48824616026658,20,#0000ff,Quadrant 1,1,1,16,,#0000ff,,43.86470995119359,3
image_133.png,2,False,19.49746215931795,206.76189105753352,20,#0000ff,Quadrant 3,2,1,16,,#0000ff,,263.0949286319525,3
image_133.png,2,False,490.9866218266137,343.3634872195788,20,#0000ff,Quadrant 4,2,2,16,,#0000ff,,325.7246958851368,3
image_133.png,5,False,79.14479181581063,152.07350521397782,20,#ff0000,Quadrant 1,1,1,16,,#ff0000,,232.84692481566015,3
image_133.png,5,False,495.9801112697587,78.16270436987165,20,#ff0000,Quadrant 2,1,2,16,,#ff0000,,203.69506375071418,3
image_133.png,2,False,572.1491096540807,337.1334810100655,20,#0000ff,Quadrant 4,2,2,16,,#0000ff,,61.266224614023905,3
image_133.png,2,False,412.61591448133095,240.67441582818716,20,#0000ff,Quadrant 4,2,2,16,,#0000ff,,57.61165980513701,3
image_133.png,5,False,15.712654720946237,42.78630576877937,20,#0000ff,Quadrant 1,1,1,16,,#0000ff,,39.65706990903417,3
image_133.png,2,False,116.99316622273744,353.379070636831,20,#0000ff,Quadrant 3,2,1,16,,#0000ff,,148.3876865783414,3
image_133.png,5,False,40.59839050344486,30.520345673618994,20,#0000ff,Quadrant 1,1,1,16,,#0000ff,,108.70947778530886,3
image_133.png,5,False,686.0082455106254,205.0991321579716,20,#0000ff,Quadrant 4,2,2,16,,#0000ff,,156.90232770575165,3
image_134.png,2,True,487.1208453681819,66.51895182689071,20,#FF0000,Quadrant 2,1,2,13,240,#FF0000,0,195.75328697768617,3
image_134.png,5,False,561.7107524372791,58.10796807316493,20,#0000ff,Quadrant 2,1,2,13,,#0000ff,,67.18239678605205,3
image_134.png,2,False,236.26769671703093,240.32163148911522,20,#0000ff,Quadrant 3,2,1,13,,#0000ff,,319.2894923723408,3
image_134.png,2,False,199.17325200931538,252.64192691443813,20,#0000ff,Quadrant 3,2,1,13,,#0000ff,,112.38163131753399,3
image_134.png,2,False,114.02851522425998,53.970685821653575,20,#0000ff,Quadrant 1,1,1,13,,#0000ff,,68.89995162578546,3
image_134.png,5,False,161.01480052257298,146.81688344626673,20,#ff0000,Quadrant 1,1,1,13,,#ff0000,,317.76083029405646,3
image_134.png,5,False,654.5853722677967,378.73577166107145,20,#0000ff,Quadrant 4,2,2,13,,#0000ff,,195.53195692788088,3
image_134.png,5,False,281.82224300791887,326.1124511724147,20,#ff0000,Quadrant 3,2,1,13,,#ff0000,,62.695932830579835,3
image_134.png,5,False,677.6248044369206,344.07432324950514,20,#0000ff,Quadrant 4,2,2,13,,#0000ff,,337.4257479653645,3
image_134.png,2,False,571.5308259636306,190.20484479873647,20,#0000ff,Quadrant 2,1,2,13,,#0000ff,,287.9429564935538,3
image_134.png,5,False,437.5457702502215,287.5981168509077,20,#0000ff,Quadrant 4,2,2,13,,#0000ff,,278.19285607681866,3
image_134.png,5,False,637.9590144430747,125.30112549352494,20,#0000ff,Quadrant 2,1,2,13,,#0000ff,,254.99818341620306,3
image_134.png,5,False,62.70170646432906,180.65445840216523,20,#ff0000,Quadrant 1,1,1,13,,#ff0000,,310.7729060074215,3
image_134.png,2,False,591.7152087772995,30.564915059025953,20,#0000ff,Quadrant 2,1,2,13,,#0000ff,,285.6570150342621,3
image_135.png,2,True,572.1047321027858,296.13578480612506,20,#FF0000,Quadrant 4,2,2,1,240,#FF0000,0,247.65212328998095,1
image_135.png,5,False,350.7090433160852,357.71137269343626,20,#0000ff,Quadrant 3,2,1,1,,#0000ff,,257.28650324538165,1
image_136.png,2,True,308.8275365131999,120.37040021022493,20,#FF0000,Quadrant 1,1,1,7,240,#FF0000,0,99.54335112739257,2
image_136.png,5,False,524.2646225963302,262.9092037063963,20,#0000ff,Quadrant 4,2,2,7,,#0000ff,,23.303330818358653,2
image_136.png,2,False,667.9632151135806,279.22028323733036,20,#0000ff,Quadrant 4,2,2,7,,#0000ff,,270.88406607963515,2
image_136.png,5,False,162.25647660922033,259.55930749389876,20,#ff0000,Quadrant 3,2,1,7,,#ff0000,,251.75377478227674,2
image_136.png,5,False,442.69868246211036,304.7310629287907,20,#0000ff,Quadrant 4,2,2,7,,#0000ff,,349.28868592845186,2
image_136.png,2,False,340.41369325307295,382.87598017461914,20,#0000ff,Quadrant 3,2,1,7,,#0000ff,,185.75022434952126,2
image_136.png,5,False,614.8421380446825,144.16251221024632,20,#ff0000,Quadrant 2,1,2,7,,#ff0000,,65.0324230958287,2
image_136.png,2,False,434.18106420216435,149.80754484825886,20,#0000ff,Quadrant 2,1,2,7,,#0000ff,,28.466366138928972,2
image_137.png,2,True,459.40166102882887,131.48692673661364,20,#FF0000,Quadrant 2,1,2,76,240,#FF0000,0,242.80635974641876,6
image_137.png,2,False,333.1621141584317,32.55672693890625,20,#0000ff,Quadrant 1,1,1,76,,#0000ff,,112.48611610054373,6
image_137.png,5,False,697.6988214522535,12.246081943390434,20,#0000ff,Quadrant 2,1,2,76,,#0000ff,,354.026012030859,6
image_137.png,5,False,395.8683809864347,358.31657054048367,20,#0000ff,Quadrant 4,2,2,76,,#0000ff,,2.20678404239663,6
image_137.png,5,False,430.89150840519113,310.5153439871415,20,#ff0000,Quadrant 4,2,2,76,,#ff0000,,237.1041134598309,6
image_137.png,5,False,325.2312760454611,201.7269964315308,20,#ff0000,Quadrant 3,2,1,76,,#ff0000,,281.6057262177848,6
image_137.png,5,False,174.76161217517145,364.18956610814655,20,#0000ff,Quadrant 3,2,1,76,,#0000ff,,276.730901788543,6
image_137.png,5,False,549.207081006385,108.22340782600783,20,#0000ff,Quadrant 2,1,2,76,,#0000ff,,26.265353708859326,6
image_137.png,5,False,129.035968730052,351.2849491250336,20,#0000ff,Quadrant 3,2,1,76,,#0000ff,,100.04543266721755,6
image_137.png,2,False,574.0037392226471,322.64880661230444,20,#0000ff,Quadrant 4,2,2,76,,#0000ff,,36.29578434386858,6
image_137.png,5,False,252.85192482669711,47.38908529232175,20,#ff0000,Quadrant 1,1,1,76,,#ff0000,,220.44012683805465,6
image_137.png,5,False,255.1728233740227,359.03177197735783,20,#0000ff,Quadrant 3,2,1,76,,#0000ff,,237.40098333325403,6
image_137.png,5,False,84.8984550414182,98.08837085537311,20,#ff0000,Quadrant 1,1,1,76,,#ff0000,,111.10408278811693,6
image_137.png,5,False,255.92690472169778,239.8435529746905,20,#ff0000,Quadrant 3,2,1,76,,#ff0000,,144.68500548803456,6
image_137.png,2,False,349.4618165532861,198.72521519465184,20,#0000ff,Quadrant 1,1,1,76,,#0000ff,,90.65117883204508,6
image_137.png,5,False,607.7929433414417,195.0347551163965,20,#ff0000,Quadrant 2,1,2,76,,#ff0000,,48.35094922133754,6
image_137.png,2,False,556.9993555369756,209.95199941434637,20,#0000ff,Quadrant 4,2,2,76,,#0000ff,,22.72616624283398,6
image_137.png,5,False,222.66592643335215,178.49947014727823,20,#ff0000,Quadrant 1,1,1,76,,#ff0000,,340.0322275598271,6
image_137.png,5,False,93.68360219633267,352.39370252896447,20,#0000ff,Quadrant 3,2,1,76,,#0000ff,,343.51839106974836,6
image_137.png,5,False,302.52388522201744,297.3047749683696,20,#ff0000,Quadrant 3,2,1,76,,#ff0000,,341.2766886449151,6
image_137.png,5,False,221.70530357776795,328.9972997799604,20,#ff0000,Quadrant 3,2,1,76,,#ff0000,,25.318886574839258,6
image_137.png,5,False,48.094504054690645,174.29023847503396,20,#0000ff,Quadrant 1,1,1,76,,#0000ff,,350.6360576053382,6
image_137.png,2,False,29.153039607640114,99.78327651103392,20,#0000ff,Quadrant 1,1,1,76,,#0000ff,,242.3995645268911,6
image_137.png,2,False,666.8143419061724,281.3695472406809,20,#0000ff,Quadrant 4,2,2,76,,#0000ff,,107.22250578530871,6
image_137.png,5,False,185.19786720241515,216.62193181349477,20,#ff0000,Quadrant 3,2,1,76,,#ff0000,,27.288984166919352,6
image_137.png,5,False,191.37375640170922,170.76423559854535,20,#0000ff,Quadrant 1,1,1,76,,#0000ff,,48.49774946575243,6
image_137.png,5,False,453.01381450191474,250.02295431799962,20,#0000ff,Quadrant 4,2,2,76,,#0000ff,,191.8651846082615,6
image_137.png,5,False,599.4310271024951,90.23804281109328,20,#ff0000,Quadrant 2,1,2,76,,#ff0000,,310.27643925930465,6
image_137.png,2,False,468.69689296522404,107.69724516966244,20,#0000ff,Quadrant 2,1,2,76,,#0000ff,,231.92180329635448,6
image_137.png,2,False,82.98224785100015,166.4934991936563,20,#0000ff,Quadrant 1,1,1,76,,#0000ff,,109.95672975998627,6
image_137.png,5,False,12.339615190200849,15.53105705800898,20,#ff0000,Quadrant 1,1,1,76,,#ff0000,,303.64397065516846,6
image_137.png,2,False,507.5978948433316,298.21923141808526,20,#0000ff,Quadrant 4,2,2,76,,#0000ff,,47.93687684116544,6
image_137.png,5,False,603.9707422250378,272.74567392086675,20,#0000ff,Quadrant 4,2,2,76,,#0000ff,,152.37476193761375,6
image_137.png,5,False,63.884307926315806,208.59368567674434,20,#0000ff,Quadrant 3,2,1,76,,#0000ff,,286.1679235189956,6
image_137.png,5,False,339.04735802705517,176.54676146013838,20,#ff0000,Quadrant 1,1,1,76,,#ff0000,,176.79835015883262,6
image_137.png,5,False,341.9838748588531,259.07451181784705,20,#ff0000,Quadrant 3,2,1,76,,#ff0000,,78.38552668717787,6
image_137.png,5,False,360.1017399902939,95.98372422665041,20,#0000ff,Quadrant 2,1,2,76,,#0000ff,,15.01910790789573,6
image_137.png,5,False,185.25683152563607,140.11821785153253,20,#ff0000,Quadrant 1,1,1,76,,#ff0000,,42.087270105587876,6
image_137.png,5,False,393.753688829338,270.15339144747526,20,#0000ff,Quadrant 4,2,2,76,,#0000ff,,40.848918213533864,6
image_137.png,2,False,512.5329740172949,26.138937292505574,20,#0000ff,Quadrant 2,1,2,76,,#0000ff,,280.3894516245382,6
image_137.png,5,False,228.86188551333157,22.754570964818527,20,#ff0000,Quadrant 1,1,1,76,,#ff0000,,242.73796202894067,6
image_137.png,2,False,594.8861497544374,349.8412364155109,20,#0000ff,Quadrant 4,2,2,76,,#0000ff,,185.96236104551573,6
image_137.png,5,False,484.19351269960697,141.9260911026421,20,#0000ff,Quadrant 2,1,2,76,,#0000ff,,66.92810222403057,6
image_137.png,5,False,643.7737043323098,278.7020209754705,20,#0000ff,Quadrant 4,2,2,76,,#0000ff,,273.1841091667357,6
image_137.png,2,False,677.7356240510801,341.57132572449285,20,#0000ff,Quadrant 4,2,2,76,,#0000ff,,168.47427346911806,6
image_137.png,5,False,478.92492855289595,14.458265482367889,20,#ff0000,Quadrant 2,1,2,76,,#ff0000,,280.6653619583081,6
image_137.png,2,False,437.1811946394671,197.91720716066544,20,#0000ff,Quadrant 2,1,2,76,,#0000ff,,276.85025924589337,6
image_137.png,2,False,203.5676874987951,367.3068821844411,20,#0000ff,Quadrant 3,2,1,76,,#0000ff,,321.3016943610523,6
image_137.png,5,False,292.70098874803284,41.92747564052564,20,#0000ff,Quadrant 1,1,1,76,,#0000ff,,198.7026369117827,6
image_137.png,5,False,113.61613101803574,174.82659072920202,20,#0000ff,Quadrant 1,1,1,76,,#0000ff,,342.37300588512204,6
image_137.png,5,False,673.2593993307826,33.41317630541441,20,#0000ff,Quadrant 2,1,2,76,,#0000ff,,296.541225172565,6
image_137.png,2,False,90.2214789300101,16.923885735215684,20,#0000ff,Quadrant 1,1,1,76,,#0000ff,,169.20682601317108,6
image_137.png,5,False,488.434380974978,260.3338916379243,20,#ff0000,Quadrant 4,2,2,76,,#ff0000,,279.560913867669,6
image_137.png,5,False,569.692723498114,33.6202350951753,20,#ff0000,Quadrant 2,1,2,76,,#ff0000,,216.2589243953138,6
image_137.png,2,False,406.21754771337964,118.21206473238661,20,#0000ff,Quadrant 2,1,2,76,,#0000ff,,145.41959034601683,6
image_137.png,2,False,209.71609837447878,62.369969096333385,20,#0000ff,Quadrant 1,1,1,76,,#0000ff,,276.40936905097084,6
image_137.png,2,False,66.58422126176015,319.7804817960409,20,#0000ff,Quadrant 3,2,1,76,,#0000ff,,132.19334612849244,6
image_137.png,5,False,106.13185016940879,45.55282611309157,20,#0000ff,Quadrant 1,1,1,76,,#0000ff,,75.59457791432223,6
image_137.png,2,False,56.791950831047245,234.727854624358,20,#0000ff,Quadrant 3,2,1,76,,#0000ff,,39.31946120646217,6
image_137.png,2,False,81.59545764152921,289.58802455634066,20,#0000ff,Quadrant 3,2,1,76,,#0000ff,,4.168907820940588,6
image_137.png,5,False,132.63344899521695,380.5973635100647,20,#0000ff,Quadrant 3,2,1,76,,#0000ff,,313.611570941613,6
image_137.png,5,False,606.7157438920436,307.4184431029703,20,#ff0000,Quadrant 4,2,2,76,,#ff0000,,59.022064751553735,6
image_137.png,5,False,262.85527111166846,86.66288548621101,20,#ff0000,Quadrant 1,1,1,76,,#ff0000,,269.37460207554193,6
image_137.png,5,False,226.42969496029608,299.96115498843574,20,#0000ff,Quadrant 3,2,1,76,,#0000ff,,346.79543857835966,6
image_137.png,5,False,98.67690724110189,253.35683566480395,20,#ff0000,Quadrant 3,2,1,76,,#ff0000,,144.53138940623694,6
image_137.png,5,False,196.83123431126327,242.35143637240046,20,#ff0000,Quadrant 3,2,1,76,,#ff0000,,192.18871979659718,6
image_137.png,5,False,142.94616539796633,84.65466886232456,20,#ff0000,Quadrant 1,1,1,76,,#ff0000,,65.87007200469084,6
image_137.png,5,False,259.5307074086458,309.00105090882255,20,#ff0000,Quadrant 3,2,1,76,,#ff0000,,290.98627713512394,6
image_137.png,5,False,204.2636427125315,276.06565553643156,20,#0000ff,Quadrant 3,2,1,76,,#0000ff,,128.92627228126136,6
image_137.png,2,False,17.00057899445754,225.81741608026252,20,#0000ff,Quadrant 3,2,1,76,,#0000ff,,17.571181926980405,6
image_137.png,5,False,310.2948807384758,373.9866226491964,20,#0000ff,Quadrant 3,2,1,76,,#0000ff,,107.15450105578608,6
image_137.png,2,False,40.98763917973273,296.641778380461,20,#0000ff,Quadrant 3,2,1,76,,#0000ff,,217.09880885946004,6
image_137.png,2,False,314.40818815951087,65.1764487632997,20,#0000ff,Quadrant 1,1,1,76,,#0000ff,,168.744498872679,6
image_137.png,5,False,626.1087547173745,50.36977959512224,20,#0000ff,Quadrant 2,1,2,76,,#0000ff,,240.63437624057613,6
image_137.png,5,False,483.404349987452,303.51585831835644,20,#ff0000,Quadrant 4,2,2,76,,#ff0000,,72.46505621653098,6
image_137.png,5,False,170.25491123213502,268.1902476540515,20,#ff0000,Quadrant 3,2,1,76,,#ff0000,,233.67053253265837,6
image_137.png,5,False,422.6683266711771,364.2115151493244,20,#0000ff,Quadrant 4,2,2,76,,#0000ff,,242.63516119467994,6
image_138.png,2,True,257.3089445680203,270.18668567774165,20,#FF0000,Quadrant 3,2,1,8,240,#FF0000,0,200.45188550915282,2
image_138.png,5,False,73.56490164846758,332.7397364583904,20,#0000ff,Quadrant 3,2,1,8,,#0000ff,,87.4071821112685,2
image_138.png,5,False,242.5889448324458,312.80972452297215,20,#0000ff,Quadrant 3,2,1,8,,#0000ff,,261.3271368631932,2
image_138.png,2,False,516.068672786459,342.0700074422241,20,#0000ff,Quadrant 4,2,2,8,,#0000ff,,303.3804303728845,2
image_138.png,5,False,510.97134480055485,197.35835066616795,20,#ff0000,Quadrant 2,1,2,8,,#ff0000,,261.04916058105556,2
image_138.png,2,False,84.35810222132964,97.40391272432505,20,#0000ff,Quadrant 1,1,1,8,,#0000ff,,158.2015980971239,2
image_138.png,2,False,122.2055595140757,237.68709421728948,20,#0000ff,Quadrant 3,2,1,8,,#0000ff,,324.80459785849337,2
image_138.png,2,False,640.9018399277066,190.85127179668078,20,#0000ff,Quadrant 2,1,2,8,,#0000ff,,310.498919782324,2
image_138.png,5,False,573.0181805972736,279.56600987531925,20,#ff0000,Quadrant 4,2,2,8,,#ff0000,,147.11580075713923,2
image_139.png,2,True,263.5757779435597,41.53063832040182,20,#FF0000,Quadrant 1,1,1,15,240,#FF0000,0,121.08830898225908,3
image_139.png,5,False,170.43891849143532,41.03402767886713,20,#ff0000,Quadrant 1,1,1,15,,#ff0000,,198.87532007692997,3
image_139.png,5,False,498.36380076445766,315.16033972513026,20,#0000ff,Quadrant 4,2,2,15,,#0000ff,,337.58039153299194,3
image_139.png,2,False,244.23337707593654,145.75970687083657,20,#0000ff,Quadrant 1,1,1,15,,#0000ff,,244.50153879162016,3
image_139.png,5,False,631.0447960077173,196.35915930579785,20,#ff0000,Quadrant 2,1,2,15,,#ff0000,,280.7437435928803,3
image_139.png,5,False,155.8248785163469,275.30209723240154,20,#ff0000,Quadrant 3,2,1,15,,#ff0000,,74.26008839146839,3
image_139.png,2,False,102.77053074498572,177.4961191011309,20,#0000ff,Quadrant 1,1,1,15,,#0000ff,,263.30722006792786,3
image_139.png,5,False,409.56435706404335,41.1688388869281,20,#ff0000,Quadrant 2,1,2,15,,#ff0000,,277.10517368186606,3
image_139.png,5,False,106.04990523588577,11.534935914822388,20,#ff0000,Quadrant 1,1,1,15,,#ff0000,,14.783155950091924,3
image_139.png,5,False,144.46621979020009,248.39610297136048,20,#0000ff,Quadrant 3,2,1,15,,#0000ff,,24.376404379945107,3
image_139.png,5,False,403.2138249591496,308.59841183308214,20,#ff0000,Quadrant 4,2,2,15,,#ff0000,,344.3087792083252,3
image_139.png,5,False,58.04711656914222,352.1842815633642,20,#ff0000,Quadrant 3,2,1,15,,#ff0000,,314.8510904522136,3
image_139.png,5,False,29.152101876961957,79.61272944231283,20,#ff0000,Quadrant 1,1,1,15,,#ff0000,,40.1035334844374,3
image_139.png,2,False,569.0210725932521,384.51824540339993,20,#0000ff,Quadrant 4,2,2,15,,#0000ff,,10.915632244167025,3
image_139.png,2,False,590.6533625684294,187.55346608037075,20,#0000ff,Quadrant 2,1,2,15,,#0000ff,,224.17084392497907,3
image_139.png,2,False,623.5818249891772,115.00938418378743,20,#0000ff,Quadrant 2,1,2,15,,#0000ff,,356.0054563686044,3
image_140.png,2,True,685.3276489272421,71.44561894751737,20,#FF0000,Quadrant 2,1,2,54,240,#FF0000,0,18.60166640386317,5
image_140.png,5,False,472.52089443562414,388.1243819820785,20,#ff0000,Quadrant 4,2,2,54,,#ff0000,,248.5183957471897,5
image_140.png,2,False,51.507794814224724,67.98097848390441,20,#0000ff,Quadrant 1,1,1,54,,#0000ff,,0.093133290845131,5
image_140.png,5,False,118.91262447279466,295.6999129640177,20,#0000ff,Quadrant 3,2,1,54,,#0000ff,,30.740942014068096,5
image_140.png,5,False,421.7879835607159,254.12222138403087,20,#0000ff,Quadrant 4,2,2,54,,#0000ff,,64.79556685918486,5
image_140.png,5,False,101.53796639013065,90.2684940136671,20,#0000ff,Quadrant 1,1,1,54,,#0000ff,,278.0732641637992,5
image_140.png,5,False,90.22659520885442,147.37424727075805,20,#ff0000,Quadrant 1,1,1,54,,#ff0000,,340.5874434581449,5
image_140.png,5,False,205.9934831108357,36.340210271745384,20,#ff0000,Quadrant 1,1,1,54,,#ff0000,,318.956192864501,5
image_140.png,2,False,558.9584025583781,116.71746554990709,20,#0000ff,Quadrant 2,1,2,54,,#0000ff,,60.94800430318489,5
image_140.png,5,False,387.3728541998764,197.5902152624622,20,#0000ff,Quadrant 2,1,2,54,,#0000ff,,184.76527590377955,5
image_140.png,2,False,481.42975378702215,138.7959029444184,20,#0000ff,Quadrant 2,1,2,54,,#0000ff,,116.8350863653648,5
image_140.png,5,False,181.94616729974362,166.84996148292183,20,#0000ff,Quadrant 1,1,1,54,,#0000ff,,63.35118565300473,5
image_140.png,5,False,133.62918135281473,173.25595141317268,20,#ff0000,Quadrant 1,1,1,54,,#ff0000,,46.056981983130335,5
image_140.png,2,False,197.29886549996812,261.28513178567675,20,#0000ff,Quadrant 3,2,1,54,,#0000ff,,234.46835487514176,5
image_140.png,2,False,651.1270880317021,239.60462448590766,20,#0000ff,Quadrant 4,2,2,54,,#0000ff,,238.4636544407634,5
image_140.png,5,False,551.2528997324926,359.30890400829645,20,#0000ff,Quadrant 4,2,2,54,,#0000ff,,38.3829056715082,5
image_140.png,5,False,34.08995250073099,221.135026887698,20,#0000ff,Quadrant 3,2,1,54,,#0000ff,,92.30748287375826,5
image_140.png,5,False,318.65134244810855,245.58460912475175,20,#0000ff,Quadrant 3,2,1,54,,#0000ff,,191.84343690633452,5
image_140.png,5,False,460.9988281948484,181.10628866668472,20,#ff0000,Quadrant 2,1,2,54,,#ff0000,,224.9331277982445,5
image_140.png,5,False,47.09319513990143,376.53177678973,20,#ff0000,Quadrant 3,2,1,54,,#ff0000,,163.62506427001546,5
image_140.png,5,False,86.45560373417514,290.92229213220327,20,#ff0000,Quadrant 3,2,1,54,,#ff0000,,316.3732476805427,5
image_140.png,5,False,189.23068479984767,104.3084658900052,20,#ff0000,Quadrant 1,1,1,54,,#ff0000,,333.46878172298625,5
image_140.png,2,False,12.889896532057302,25.846908154895438,20,#0000ff,Quadrant 1,1,1,54,,#0000ff,,97.34659581290566,5
image_140.png,5,False,563.4407092308553,327.76506001492834,20,#0000ff,Quadrant 4,2,2,54,,#0000ff,,124.04180574847749,5
image_140.png,5,False,545.880655042544,55.53211129674095,20,#0000ff,Quadrant 2,1,2,54,,#0000ff,,347.0039847733395,5
image_140.png,5,False,693.2649401738001,384.8447855662861,20,#0000ff,Quadrant 4,2,2,54,,#0000ff,,320.76930950698414,5
image_140.png,2,False,605.2781527931832,142.8941824118784,20,#0000ff,Quadrant 2,1,2,54,,#0000ff,,237.5034217695972,5
image_140.png,5,False,497.1854965470728,79.65564546494532,20,#0000ff,Quadrant 2,1,2,54,,#0000ff,,84.28625681303545,5
image_140.png,2,False,410.8499955000006,307.53360183286185,20,#0000ff,Quadrant 4,2,2,54,,#0000ff,,7.099544424463775,5
image_140.png,5,False,569.9151705612995,91.46009661216982,20,#ff0000,Quadrant 2,1,2,54,,#ff0000,,330.0744129478777,5
image_140.png,5,False,683.1452164383089,321.64582638992243,20,#0000ff,Quadrant 4,2,2,54,,#0000ff,,295.6153157925419,5
image_140.png,5,False,97.13179970788498,205.89028237880035,20,#0000ff,Quadrant 3,2,1,54,,#0000ff,,235.5249350373248,5
image_140.png,2,False,354.6178539443993,365.806433041615,20,#0000ff,Quadrant 3,2,1,54,,#0000ff,,15.831577844633419,5
image_140.png,5,False,65.66861311849209,338.98475916430357,20,#0000ff,Quadrant 3,2,1,54,,#0000ff,,263.972031867885,5
image_140.png,5,False,206.47738396909793,157.48229415425442,20,#ff0000,Quadrant 1,1,1,54,,#ff0000,,321.02538393454,5
image_140.png,5,False,449.8445766274832,331.3927314238152,20,#ff0000,Quadrant 4,2,2,54,,#ff0000,,237.71431373175352,5
image_140.png,2,False,495.0460909669055,176.05859829844036,20,#0000ff,Quadrant 2,1,2,54,,#0000ff,,181.34422635848117,5
image_140.png,2,False,498.7244185467601,313.3964962199121,20,#0000ff,Quadrant 4,2,2,54,,#0000ff,,321.1326415246976,5
image_140.png,5,False,269.1381879610665,200.60220355714785,20,#ff0000,Quadrant 3,2,1,54,,#ff0000,,91.78801141682885,5
image_140.png,5,False,211.13381104808755,214.82284901913798,20,#0000ff,Quadrant 3,2,1,54,,#0000ff,,188.46828679536773,5
image_140.png,5,False,128.36420713323065,202.23190603155655,20,#ff0000,Quadrant 3,2,1,54,,#ff0000,,24.144693752075447,5
image_140.png,2,False,427.40544866506,200.2154159673125,20,#0000ff,Quadrant 4,2,2,54,,#0000ff,,261.28547805730057,5
image_140.png,2,False,188.92663416779055,227.19840013254822,20,#0000ff,Quadrant 3,2,1,54,,#0000ff,,74.60636448240824,5
image_140.png,5,False,27.405371880916327,185.2678179450314,20,#0000ff,Quadrant 1,1,1,54,,#0000ff,,202.74729104915983,5
image_140.png,5,False,189.15299999672112,306.0540220045911,20,#0000ff,Quadrant 3,2,1,54,,#0000ff,,341.3070993432721,5
image_140.png,5,False,343.7715557438734,148.3570959699008,20,#ff0000,Quadrant 1,1,1,54,,#ff0000,,332.5180188285166,5
image_140.png,5,False,331.1503095983231,273.98594134741313,20,#ff0000,Quadrant 3,2,1,54,,#ff0000,,264.2717482315108,5
image_140.png,5,False,519.8871013125062,151.0804166524463,20,#0000ff,Quadrant 2,1,2,54,,#0000ff,,246.82399164710472,5
image_140.png,5,False,575.4547900916068,368.62972873557493,20,#0000ff,Quadrant 4,2,2,54,,#0000ff,,331.42505618399184,5
image_140.png,2,False,43.292694123935775,144.35409296693663,20,#0000ff,Quadrant 1,1,1,54,,#0000ff,,350.1592712242723,5
image_140.png,5,False,107.23836158092011,175.72874568031517,20,#0000ff,Quadrant 1,1,1,54,,#0000ff,,305.95255397762236,5
image_140.png,2,False,521.1360284617331,64.57892651095287,20,#0000ff,Quadrant 2,1,2,54,,#0000ff,,129.81341591232305,5
image_140.png,5,False,128.245553112732,323.55662282323306,20,#ff0000,Quadrant 3,2,1,54,,#ff0000,,320.54802491245215,5
image_140.png,5,False,308.5064465995811,270.14587819716235,20,#0000ff,Quadrant 3,2,1,54,,#0000ff,,232.32771865596735,5
image_140.png,2,False,296.8561642774865,373.91502248657855,20,#0000ff,Quadrant 3,2,1,54,,#0000ff,,50.28934650051872,5
image_141.png,2,True,385.8062190543793,82.78918856332972,20,#FF0000,Quadrant 2,1,2,5,240,#FF0000,0,69.83303391953056,2
image_141.png,5,False,629.5533738413159,102.40585856334422,20,#ff0000,Quadrant 2,1,2,5,,#ff0000,,204.00141429509227,2
image_141.png,5,False,184.34685144363186,212.0117329823887,20,#0000ff,Quadrant 3,2,1,5,,#0000ff,,144.17412405692804,2
image_141.png,2,False,102.93308647654102,120.449773865723,20,#0000ff,Quadrant 1,1,1,5,,#0000ff,,115.12172351592064,2
image_141.png,5,False,62.55079451571997,83.90007003964304,20,#0000ff,Quadrant 1,1,1,5,,#0000ff,,37.563112405665294,2
image_141.png,5,False,498.4753099985298,208.80076517018458,20,#ff0000,Quadrant 4,2,2,5,,#ff0000,,124.71915843886275,2
image_142.png,2,True,325.3745677545264,360.8118867996266,20,#FF0000,Quadrant 3,2,1,23,240,#FF0000,0,234.0600903377055,4
image_142.png,5,False,237.11499009674915,377.23639242517584,20,#0000ff,Quadrant 3,2,1,23,,#0000ff,,236.4230943244168,4
image_142.png,5,False,181.48811092009768,384.0890068922947,20,#0000ff,Quadrant 3,2,1,23,,#0000ff,,350.41564878550525,4
image_142.png,2,False,58.05301543085991,257.9573523983985,20,#0000ff,Quadrant 3,2,1,23,,#0000ff,,239.1460246601773,4
image_142.png,5,False,277.6943404959662,28.35407519165593,20,#ff0000,Quadrant 1,1,1,23,,#ff0000,,340.03827546317893,4
image_142.png,5,False,303.5275039129933,238.84225930172295,20,#0000ff,Quadrant 3,2,1,23,,#0000ff,,94.94531445098043,4
image_142.png,5,False,126.83513256778414,85.06010070950082,20,#ff0000,Quadrant 1,1,1,23,,#ff0000,,253.3252374949458,4
image_142.png,5,False,603.5440466056805,327.20075878647526,20,#0000ff,Quadrant 4,2,2,23,,#0000ff,,155.38110993114003,4
image_142.png,5,False,342.6752843558944,285.7628415445748,20,#ff0000,Quadrant 3,2,1,23,,#ff0000,,68.8461509069693,4
image_142.png,5,False,51.0503490142247,308.3447504847753,20,#ff0000,Quadrant 3,2,1,23,,#ff0000,,218.41830904216144,4
image_142.png,5,False,140.44429847656374,372.0306350412555,20,#ff0000,Quadrant 3,2,1,23,,#ff0000,,301.20638074912284,4
image_142.png,5,False,99.60959045271434,304.26962032356977,20,#ff0000,Quadrant 3,2,1,23,,#ff0000,,36.309328745592445,4
image_142.png,5,False,447.76507478801284,350.8359488919125,20,#ff0000,Quadrant 4,2,2,23,,#ff0000,,205.96722733175488,4
image_142.png,5,False,572.8859465979621,284.3417448573575,20,#ff0000,Quadrant 4,2,2,23,,#ff0000,,297.4535366126042,4
image_142.png,5,False,75.66298171268924,138.22788362695766,20,#ff0000,Quadrant 1,1,1,23,,#ff0000,,54.181569016236566,4
image_142.png,5,False,173.48117088168877,91.1880079842016,20,#ff0000,Quadrant 1,1,1,23,,#ff0000,,227.58108381268832,4
image_142.png,5,False,209.3967615585974,287.61783090008896,20,#ff0000,Quadrant 3,2,1,23,,#ff0000,,187.8925560119539,4
image_142.png,5,False,475.10806919633546,45.527907541146874,20,#ff0000,Quadrant 2,1,2,23,,#ff0000,,116.29174833453928,4
image_142.png,5,False,454.16824374885493,129.64618051390028,20,#ff0000,Quadrant 2,1,2,23,,#ff0000,,84.60632457819227,4
image_142.png,5,False,626.9442512540638,34.166976730169175,20,#0000ff,Quadrant 2,1,2,23,,#0000ff,,242.1225176641016,4
image_142.png,5,False,664.2175604086805,29.624161470016556,20,#0000ff,Quadrant 2,1,2,23,,#0000ff,,68.26552324807992,4
image_142.png,2,False,668.8315997476795,237.89409157835996,20,#0000ff,Quadrant 4,2,2,23,,#0000ff,,5.213757705599642,4
image_142.png,5,False,193.583764634376,12.477785633964865,20,#0000ff,Quadrant 1,1,1,23,,#0000ff,,8.799657600350624,4
image_142.png,5,False,394.95366498686656,100.06044139089003,20,#ff0000,Quadrant 2,1,2,23,,#ff0000,,34.629337198576785,4
image_143.png,2,True,454.07478275151146,196.03811847322012,20,#FF0000,Quadrant 2,1,2,8,240,#FF0000,0,170.89744259905757,2
image_143.png,5,False,188.2487608323694,161.38236011953248,20,#ff0000,Quadrant 1,1,1,8,,#ff0000,,127.65563788662189,2
image_143.png,5,False,338.8367182574598,96.14143895801247,20,#0000ff,Quadrant 1,1,1,8,,#0000ff,,159.77272248646932,2
image_143.png,5,False,84.54338259623403,187.96172957432535,20,#0000ff,Quadrant 1,1,1,8,,#0000ff,,200.6698588552386,2
image_143.png,5,False,244.9745050826387,269.30301002703504,20,#ff0000,Quadrant 3,2,1,8,,#ff0000,,154.07664595597234,2
image_143.png,2,False,46.14196561599653,63.47997554786494,20,#0000ff,Quadrant 1,1,1,8,,#0000ff,,166.5616787583306,2
image_143.png,5,False,453.1094779124477,89.50836603654511,20,#ff0000,Quadrant 2,1,2,8,,#ff0000,,21.192886949669454,2
image_143.png,5,False,403.3124815733842,176.0590093998004,20,#0000ff,Quadrant 2,1,2,8,,#0000ff,,229.17156524838452,2
image_143.png,5,False,625.3390015545993,318.0706265774597,20,#ff0000,Quadrant 4,2,2,8,,#ff0000,,181.52874697101714,2
image_144.png,2,True,426.4815783865319,239.18839780092176,20,#FF0000,Quadrant 4,2,2,5,240,#FF0000,0,299.2847151113681,2
image_144.png,5,False,320.9964135524826,53.306567075192405,20,#0000ff,Quadrant 1,1,1,5,,#0000ff,,15.624420639701349,2
image_144.png,5,False,401.91053968747906,308.67966540958537,20,#0000ff,Quadrant 4,2,2,5,,#0000ff,,215.8035696094583,2
image_144.png,2,False,71.3110150457636,119.79724798479356,20,#0000ff,Quadrant 1,1,1,5,,#0000ff,,240.46471306108597,2
image_144.png,5,False,139.82445719319313,78.01007476970143,20,#0000ff,Quadrant 1,1,1,5,,#0000ff,,338.54849876763353,2
image_144.png,5,False,42.59626689297172,282.07945740497195,20,#ff0000,Quadrant 3,2,1,5,,#ff0000,,215.29439741360633,2
image_145.png,2,True,281.291930876631,120.65832766048956,20,#FF0000,Quadrant 1,1,1,25,240,#FF0000,0,315.55884150872083,4
image_145.png,5,False,121.49360921150333,305.13587710988116,20,#ff0000,Quadrant 3,2,1,25,,#ff0000,,75.69550794762652,4
image_145.png,2,False,623.6524972529285,177.86307391847643,20,#0000ff,Quadrant 2,1,2,25,,#0000ff,,59.45400037724836,4
image_145.png,5,False,361.43390913571113,331.23347341330015,20,#0000ff,Quadrant 4,2,2,25,,#0000ff,,56.595802353721886,4
image_145.png,5,False,84.3258411947234,238.3990568239143,20,#ff0000,Quadrant 3,2,1,25,,#ff0000,,240.71553329874095,4
image_145.png,2,False,41.0389813567183,27.400461554644107,20,#0000ff,Quadrant 1,1,1,25,,#0000ff,,14.217223265285073,4
image_145.png,5,False,683.0985528365659,140.31625235433165,20,#0000ff,Quadrant 2,1,2,25,,#0000ff,,76.21430298901393,4
image_145.png,5,False,620.564359365822,118.2334178845597,20,#0000ff,Quadrant 2,1,2,25,,#0000ff,,335.4578021208941,4
image_145.png,5,False,125.16626829533163,259.75048547109225,20,#ff0000,Quadrant 3,2,1,25,,#ff0000,,43.414389286907834,4
image_145.png,2,False,199.9359908443694,170.19748953773865,20,#0000ff,Quadrant 1,1,1,25,,#0000ff,,86.87852102626987,4
image_145.png,5,False,254.7041626857331,309.22404196462236,20,#0000ff,Quadrant 3,2,1,25,,#0000ff,,295.2163411399334,4
image_145.png,5,False,542.3737621070811,137.3218423139112,20,#ff0000,Quadrant 2,1,2,25,,#ff0000,,337.77880442166884,4
image_145.png,5,False,331.75664018383145,198.14037074980817,20,#ff0000,Quadrant 1,1,1,25,,#ff0000,,119.84289082580415,4
image_145.png,5,False,365.61005964491267,51.909157512454904,20,#0000ff,Quadrant 2,1,2,25,,#0000ff,,294.3452739429521,4
image_145.png,5,False,277.3706993411038,276.9742743881854,20,#0000ff,Quadrant 3,2,1,25,,#0000ff,,204.7973031018892,4
image_145.png,5,False,294.75848850374115,26.790959007831773,20,#0000ff,Quadrant 1,1,1,25,,#0000ff,,117.79520574260422,4
image_145.png,5,False,403.2951705145254,160.3710611201568,20,#0000ff,Quadrant 2,1,2,25,,#0000ff,,55.240636957003076,4
image_145.png,5,False,244.234402561964,192.42380469241607,20,#ff0000,Quadrant 1,1,1,25,,#ff0000,,263.6469687193891,4
image_145.png,5,False,100.88814859366532,194.20635601786194,20,#ff0000,Quadrant 1,1,1,25,,#ff0000,,163.137291601469,4
image_145.png,5,False,207.1859897387186,364.69979988340526,20,#ff0000,Quadrant 3,2,1,25,,#ff0000,,98.28568715774422,4
image_145.png,5,False,437.37220793268835,189.36461746303843,20,#ff0000,Quadrant 2,1,2,25,,#ff0000,,20.67035307406463,4
image_145.png,2,False,396.54010622464335,57.06298616603975,20,#0000ff,Quadrant 2,1,2,25,,#0000ff,,64.41762575895704,4
image_145.png,2,False,113.38876718694469,348.36196608870773,20,#0000ff,Quadrant 3,2,1,25,,#0000ff,,229.81472546305775,4
image_145.png,5,False,504.5301169573659,265.66163969147306,20,#0000ff,Quadrant 4,2,2,25,,#0000ff,,11.857437426609675,4
image_145.png,5,False,394.76743413021126,20.6681781873634,20,#0000ff,Quadrant 2,1,2,25,,#0000ff,,323.19717174702265,4
image_145.png,2,False,48.50586334370695,217.30105452867338,20,#0000ff,Quadrant 3,2,1,25,,#0000ff,,71.32915539476755,4
image_146.png,2,True,440.730891731147,30.012431840853075,20,#FF0000,Quadrant 2,1,2,29,240,#FF0000,0,164.84663670758678,4
image_146.png,5,False,359.4823259962068,128.44605945574824,20,#0000ff,Quadrant 2,1,2,29,,#0000ff,,351.7163795068011,4
image_146.png,2,False,270.9499147878074,127.65370313823873,20,#0000ff,Quadrant 1,1,1,29,,#0000ff,,352.99514935290443,4
image_146.png,5,False,575.6912950005981,268.0427541569726,20,#ff0000,Quadrant 4,2,2,29,,#ff0000,,334.54256062464555,4
image_146.png,5,False,359.3301448851221,343.18504060730714,20,#ff0000,Quadrant 4,2,2,29,,#ff0000,,186.4945786226607,4
image_146.png,5,False,242.08389370236455,79.33012679462725,20,#ff0000,Quadrant 1,1,1,29,,#ff0000,,190.57590542519486,4
image_146.png,2,False,557.2095103116743,153.5073600691706,20,#0000ff,Quadrant 2,1,2,29,,#0000ff,,205.51107325867332,4
image_146.png,5,False,572.2715607839859,195.40413344374292,20,#0000ff,Quadrant 2,1,2,29,,#0000ff,,161.25332433273707,4
image_146.png,2,False,576.0059380787311,239.96914871771995,20,#0000ff,Quadrant 4,2,2,29,,#0000ff,,331.852291185461,4
image_146.png,2,False,512.3546995886745,113.24216773155622,20,#0000ff,Quadrant 2,1,2,29,,#0000ff,,345.9395734946936,4
image_146.png,5,False,614.0393775761529,380.7373001031587,20,#0000ff,Quadrant 4,2,2,29,,#0000ff,,229.69208278138936,4
image_146.png,5,False,254.51881152383712,365.31493341568483,20,#0000ff,Quadrant 3,2,1,29,,#0000ff,,37.927857164667714,4
image_146.png,5,False,44.20790314257766,154.04593466888073,20,#ff0000,Quadrant 1,1,1,29,,#ff0000,,31.296287155633102,4
image_146.png,5,False,389.1903622599848,297.43001917954604,20,#ff0000,Quadrant 4,2,2,29,,#ff0000,,180.77525982969985,4
image_146.png,5,False,183.64972945455335,348.98246324302545,20,#ff0000,Quadrant 3,2,1,29,,#ff0000,,97.86209098898469,4
image_146.png,5,False,479.6446036943207,312.0067198946431,20,#ff0000,Quadrant 4,2,2,29,,#ff0000,,271.4081550277131,4
image_146.png,5,False,305.37117575310765,278.3504703229334,20,#ff0000,Quadrant 3,2,1,29,,#ff0000,,187.25092816760764,4
image_146.png,5,False,217.49032358189726,28.784890840468286,20,#ff0000,Quadrant 1,1,1,29,,#ff0000,,82.63725221305756,4
image_146.png,5,False,300.95051534093994,36.74823114351456,20,#0000ff,Quadrant 1,1,1,29,,#0000ff,,96.42786151774041,4
image_146.png,5,False,551.898930912218,249.75908145724617,20,#ff0000,Quadrant 4,2,2,29,,#ff0000,,216.88841245323226,4
image_146.png,5,False,537.6593212180345,79.18384912422304,20,#ff0000,Quadrant 2,1,2,29,,#ff0000,,34.48807552771804,4
image_146.png,5,False,650.516468765213,102.61431406121191,20,#ff0000,Quadrant 2,1,2,29,,#ff0000,,77.84967382513446,4
image_146.png,5,False,179.395924413138,218.62184394028802,20,#0000ff,Quadrant 3,2,1,29,,#0000ff,,16.380559400415066,4
image_146.png,5,False,585.4495117846241,80.14847118613648,20,#ff0000,Quadrant 2,1,2,29,,#ff0000,,67.42719153007232,4
image_146.png,5,False,664.5718295404738,47.924250994970976,20,#0000ff,Quadrant 2,1,2,29,,#0000ff,,323.1236757735989,4
image_146.png,2,False,285.8096987149831,228.46155187227143,20,#0000ff,Quadrant 3,2,1,29,,#0000ff,,228.81741192394526,4
image_146.png,5,False,188.19609959370166,93.67559762605808,20,#ff0000,Quadrant 1,1,1,29,,#ff0000,,190.6557062703734,4
image_146.png,5,False,61.111318844501156,118.60836101844792,20,#0000ff,Quadrant 1,1,1,29,,#0000ff,,134.17849547216542,4
image_146.png,2,False,90.42028876578333,186.84412962993503,20,#0000ff,Quadrant 1,1,1,29,,#0000ff,,156.73074411429704,4
image_146.png,5,False,343.53392869901035,212.48862498747528,20,#ff0000,Quadrant 3,2,1,29,,#ff0000,,3.8861323000100256,4
image_147.png,2,True,515.8826889797025,207.43699006479503,20,#FF0000,Quadrant 4,2,2,2,240,#FF0000,0,236.4439612392703,1
image_147.png,5,False,386.72272077128576,285.8401082932641,20,#ff0000,Quadrant 4,2,2,2,,#ff0000,,309.977123387495,1
image_147.png,5,False,152.172802787772,53.81074935053396,20,#ff0000,Quadrant 1,1,1,2,,#ff0000,,64.33963583003873,1
image_148.png,2,True,387.4588949817241,63.478631379195484,20,#FF0000,Quadrant 2,1,2,7,240,#FF0000,0,251.24184003016904,2
image_148.png,5,False,252.35890773516627,279.9087627711012,20,#ff0000,Quadrant 3,2,1,7,,#ff0000,,264.96988111352215,2
image_148.png,2,False,462.6674781494087,27.22794222960688,20,#0000ff,Quadrant 2,1,2,7,,#0000ff,,129.9405441665646,2
image_148.png,5,False,249.6161338158074,120.67042632852485,20,#0000ff,Quadrant 1,1,1,7,,#0000ff,,168.2360822188841,2
image_148.png,5,False,80.94311165264004,297.3190430815576,20,#0000ff,Quadrant 3,2,1,7,,#0000ff,,244.66797090743506,2
image_148.png,5,False,88.81549882447756,174.67641573524227,20,#0000ff,Quadrant 1,1,1,7,,#0000ff,,181.9932007781715,2
image_148.png,5,False,667.6755306414224,13.668423770799862,20,#ff0000,Quadrant 2,1,2,7,,#ff0000,,265.267754859118,2
image_148.png,2,False,360.46149689344406,341.62634458386043,20,#0000ff,Quadrant 4,2,2,7,,#0000ff,,119.91339287138531,2
image_149.png,2,True,128.5655086107496,26.420840638810922,20,#FF0000,Quadrant 1,1,1,24,240,#FF0000,0,280.69691245009426,4
image_149.png,5,False,68.64818945536466,270.2208585665797,20,#ff0000,Quadrant 3,2,1,24,,#ff0000,,206.41402771764916,4
image_149.png,2,False,26.954451009088984,368.37020834283544,20,#0000ff,Quadrant 3,2,1,24,,#0000ff,,230.65793177907776,4
image_149.png,5,False,64.46893549071532,208.28042218254873,20,#ff0000,Quadrant 3,2,1,24,,#ff0000,,285.09871565594585,4
image_149.png,5,False,559.006860198775,11.993683483000881,20,#0000ff,Quadrant 2,1,2,24,,#0000ff,,161.0491373840473,4
image_149.png,5,False,211.6460351754787,362.19483315191246,20,#ff0000,Quadrant 3,2,1,24,,#ff0000,,58.97399125389358,4
image_149.png,5,False,353.13903138338816,105.69026895515591,20,#0000ff,Quadrant 1,1,1,24,,#0000ff,,83.76655639261662,4
image_149.png,5,False,15.779830062704562,258.60923795742633,20,#0000ff,Quadrant 3,2,1,24,,#0000ff,,17.82397556439904,4
image_149.png,2,False,213.6455007076706,26.247579890658393,20,#0000ff,Quadrant 1,1,1,24,,#0000ff,,98.13660619822568,4
image_149.png,2,False,628.204846131499,42.83166056926645,20,#0000ff,Quadrant 2,1,2,24,,#0000ff,,117.96230985551342,4
image_149.png,5,False,452.81496930059575,382.15853040916585,20,#ff0000,Quadrant 4,2,2,24,,#ff0000,,60.11925402017286,4
image_149.png,5,False,119.62094365471843,323.38564028634806,20,#ff0000,Quadrant 3,2,1,24,,#ff0000,,32.39672564347335,4
image_149.png,2,False,145.66292943458382,155.90693791146424,20,#0000ff,Quadrant 1,1,1,24,,#0000ff,,153.7839546974064,4
image_149.png,5,False,219.66286518100014,162.66484511638942,20,#0000ff,Quadrant 1,1,1,24,,#0000ff,,10.60927439002134,4
image_149.png,2,False,338.01225977062217,40.34788146456894,20,#0000ff,Quadrant 1,1,1,24,,#0000ff,,308.10995744427214,4
image_149.png,5,False,281.6922527333713,215.4107377597788,20,#0000ff,Quadrant 3,2,1,24,,#0000ff,,17.648588423323694,4
image_149.png,5,False,394.1878016324069,370.9045959845312,20,#ff0000,Quadrant 4,2,2,24,,#ff0000,,328.44930815456394,4
image_149.png,5,False,465.90834186427037,20.540660443814886,20,#ff0000,Quadrant 2,1,2,24,,#ff0000,,161.21915836467883,4
image_149.png,5,False,384.71961288940054,259.5894883500002,20,#0000ff,Quadrant 4,2,2,24,,#0000ff,,338.4121180230598,4
image_149.png,5,False,355.39496856374143,273.7865854203721,20,#0000ff,Quadrant 3,2,1,24,,#0000ff,,251.5323617046682,4
image_149.png,2,False,60.07517955229296,336.27342836475356,20,#0000ff,Quadrant 3,2,1,24,,#0000ff,,149.79344192715666,4
image_149.png,2,False,519.3397200925077,47.45178192055997,20,#0000ff,Quadrant 2,1,2,24,,#0000ff,,203.21796405075574,4
image_149.png,5,False,239.13215221274547,363.29073461897474,20,#0000ff,Quadrant 3,2,1,24,,#0000ff,,151.97961233789104,4
image_149.png,2,False,221.37490880867864,201.81499643894125,20,#0000ff,Quadrant 3,2,1,24,,#0000ff,,344.6107566565355,4
image_149.png,2,False,372.12860277753765,221.02768168811428,20,#0000ff,Quadrant 4,2,2,24,,#0000ff,,191.56152588425786,4
image_150.png,2,True,685.1658974659543,372.86573716095205,20,#FF0000,Quadrant 4,2,2,97,240,#FF0000,0,179.58631800766727,6
image_150.png,5,False,614.8447803205341,82.88591847758737,20,#0000ff,Quadrant 2,1,2,97,,#0000ff,,222.98369660054306,6
image_150.png,5,False,443.01394738966627,72.76863012172642,20,#ff0000,Quadrant 2,1,2,97,,#ff0000,,321.02970157866315,6
image_150.png,5,False,432.948351600807,228.47330664206316,20,#0000ff,Quadrant 4,2,2,97,,#0000ff,,321.94073299771446,6
image_150.png,5,False,194.66475558453908,267.0304041501651,20,#0000ff,Quadrant 3,2,1,97,,#0000ff,,192.13756787001458,6
image_150.png,2,False,249.94752576328773,279.42260629403637,20,#0000ff,Quadrant 3,2,1,97,,#0000ff,,286.5831747929199,6
image_150.png,2,False,290.2249496310122,309.25486376225405,20,#0000ff,Quadrant 3,2,1,97,,#0000ff,,238.14483972959644,6
image_150.png,2,False,681.61028271653,338.5448826352702,20,#0000ff,Quadrant 4,2,2,97,,#0000ff,,89.61421608966967,6
image_150.png,5,False,658.0238016322674,249.4305752198264,20,#0000ff,Quadrant 4,2,2,97,,#0000ff,,322.1834895094504,6
image_150.png,5,False,197.14692571838282,33.340043307164024,20,#ff0000,Quadrant 1,1,1,97,,#ff0000,,69.99540454524426,6
image_150.png,5,False,285.4683745221239,85.18067540638903,20,#ff0000,Quadrant 1,1,1,97,,#ff0000,,33.07183127689107,6
image_150.png,5,False,297.35001423892936,162.63528180689892,20,#ff0000,Quadrant 1,1,1,97,,#ff0000,,350.0252049753069,6
image_150.png,5,False,145.32624962253246,184.64189188297397,20,#0000ff,Quadrant 1,1,1,97,,#0000ff,,319.2819166047405,6
image_150.png,5,False,211.14794946116623,66.67870929667298,20,#0000ff,Quadrant 1,1,1,97,,#0000ff,,97.52224679033912,6
image_150.png,5,False,407.7700164733002,121.76451244082216,20,#0000ff,Quadrant 2,1,2,97,,#0000ff,,95.44959932705075,6
image_150.png,5,False,125.85669274850234,318.29555371879144,20,#ff0000,Quadrant 3,2,1,97,,#ff0000,,230.95620530824962,6
image_150.png,2,False,540.3417589878707,154.0977250026673,20,#0000ff,Quadrant 2,1,2,97,,#0000ff,,308.26564539347277,6
image_150.png,5,False,415.1920988321584,343.05115790232196,20,#ff0000,Quadrant 4,2,2,97,,#ff0000,,103.77841699191949,6
image_150.png,5,False,512.8951262217829,133.17286840860618,20,#0000ff,Quadrant 2,1,2,97,,#0000ff,,91.14698081265209,6
image_150.png,2,False,403.6745271791197,55.70045177735762,20,#0000ff,Quadrant 2,1,2,97,,#0000ff,,275.2824943680541,6
image_150.png,5,False,93.14903648861794,150.3247236239485,20,#0000ff,Quadrant 1,1,1,97,,#0000ff,,113.79038342407027,6
image_150.png,5,False,133.24387186087307,270.82364412639186,20,#0000ff,Quadrant 3,2,1,97,,#0000ff,,318.03959075198287,6
image_150.png,5,False,217.60358612922835,370.1536442353973,20,#0000ff,Quadrant 3,2,1,97,,#0000ff,,145.6207054308743,6
image_150.png,2,False,223.58303540684426,292.5257601882109,20,#0000ff,Quadrant 3,2,1,97,,#0000ff,,338.31711396930217,6
image_150.png,5,False,20.12669112800126,170.03154100740056,20,#ff0000,Quadrant 1,1,1,97,,#ff0000,,227.48556665833718,6
image_150.png,5,False,271.1800997212737,337.9393355614293,20,#ff0000,Quadrant 3,2,1,97,,#ff0000,,261.14176876496214,6
image_150.png,5,False,17.16945429627815,40.305048429314915,20,#0000ff,Quadrant 1,1,1,97,,#0000ff,,138.87269498213774,6
image_150.png,5,False,512.0044202115832,83.2020893899197,20,#ff0000,Quadrant 2,1,2,97,,#ff0000,,0.8011654761845666,6
image_150.png,2,False,570.0237793911843,215.54847567607348,20,#0000ff,Quadrant 4,2,2,97,,#0000ff,,200.85186283445438,6
image_150.png,5,False,596.9717372460836,244.78438382835054,20,#0000ff,Quadrant 4,2,2,97,,#0000ff,,133.89323751037614,6
image_150.png,2,False,196.8139617144309,108.29274234379075,20,#0000ff,Quadrant 1,1,1,97,,#0000ff,,100.17524377802863,6
image_150.png,5,False,347.4646115365665,104.24917312488246,20,#ff0000,Quadrant 1,1,1,97,,#ff0000,,80.22167133679879,6
image_150.png,5,False,254.881764298705,150.18491642274273,20,#0000ff,Quadrant 1,1,1,97,,#0000ff,,258.62504119211445,6
image_150.png,5,False,234.00762711861722,188.86335949350905,20,#ff0000,Quadrant 1,1,1,97,,#ff0000,,164.50462900923898,6
image_150.png,2,False,629.494314785725,276.4798468286348,20,#0000ff,Quadrant 4,2,2,97,,#0000ff,,322.34079771688437,6
image_150.png,2,False,340.2458483802113,188.36851797632323,20,#0000ff,Quadrant 1,1,1,97,,#0000ff,,113.18097665614258,6
image_150.png,5,False,21.933794097401123,128.8917628982568,20,#ff0000,Quadrant 1,1,1,97,,#ff0000,,159.68811509339105,6
image_150.png,5,False,513.8069063533675,213.4134821524952,20,#ff0000,Quadrant 4,2,2,97,,#ff0000,,217.887908951446,6
image_150.png,5,False,574.1251607206914,97.89669945377558,20,#0000ff,Quadrant 2,1,2,97,,#0000ff,,277.87706927259944,6
image_150.png,5,False,613.5805613911931,211.619338098194,20,#0000ff,Quadrant 4,2,2,97,,#0000ff,,267.14685923717906,6
image_150.png,2,False,21.388983024773914,244.3778087529268,20,#0000ff,Quadrant 3,2,1,97,,#0000ff,,153.19256468122765,6
image_150.png,2,False,333.45404415623835,357.7201997375251,20,#0000ff,Quadrant 3,2,1,97,,#0000ff,,110.61149868029926,6
image_150.png,5,False,67.4205572923255,75.79416096891038,20,#ff0000,Quadrant 1,1,1,97,,#ff0000,,117.59521502475278,6
image_150.png,5,False,468.00379836738114,154.52266557129437,20,#ff0000,Quadrant 2,1,2,97,,#ff0000,,140.19116118155458,6
image_150.png,5,False,614.873449794224,60.38787896216536,20,#0000ff,Quadrant 2,1,2,97,,#0000ff,,189.50290835203361,6
image_150.png,2,False,52.94997101782035,142.93707269019137,20,#0000ff,Quadrant 1,1,1,97,,#0000ff,,209.6740140439721,6
image_150.png,5,False,176.6374764051755,70.52652186764033,20,#ff0000,Quadrant 1,1,1,97,,#ff0000,,145.90068351075325,6
image_150.png,5,False,323.2250333521352,286.9007334805336,20,#ff0000,Quadrant 3,2,1,97,,#ff0000,,169.42661880133812,6
image_150.png,5,False,508.96503228930385,168.76068863417188,20,#0000ff,Quadrant 2,1,2,97,,#0000ff,,296.26446814100746,6
image_150.png,5,False,164.99771290081915,341.9327477587158,20,#0000ff,Quadrant 3,2,1,97,,#0000ff,,165.1490643812605,6
image_150.png,5,False,557.4523707947504,330.6753606051514,20,#0000ff,Quadrant 4,2,2,97,,#0000ff,,150.95113042643268,6
image_150.png,2,False,598.0969930643076,333.0249788727715,20,#0000ff,Quadrant 4,2,2,97,,#0000ff,,278.2289801624646,6
image_150.png,5,False,535.1810890803573,386.00066885220696,20,#ff0000,Quadrant 4,2,2,97,,#ff0000,,202.5388375433899,6
image_150.png,5,False,441.0552609549049,198.6206857287333,20,#0000ff,Quadrant 2,1,2,97,,#0000ff,,75.24920704330307,6
image_150.png,2,False,231.39651218564993,347.0202442930774,20,#0000ff,Quadrant 3,2,1,97,,#0000ff,,203.1234761053804,6
image_150.png,5,False,695.3082535787117,266.4202442759309,20,#0000ff,Quadrant 4,2,2,97,,#0000ff,,24.90863095655831,6
image_150.png,5,False,240.9257852282091,243.48021074736894,20,#ff0000,Quadrant 3,2,1,97,,#ff0000,,253.95582831767794,6
image_150.png,2,False,509.15812978366057,293.68242011476195,20,#0000ff,Quadrant 4,2,2,97,,#0000ff,,112.42545103358295,6
image_150.png,5,False,255.02113008475308,19.4755202263278,20,#0000ff,Quadrant 1,1,1,97,,#0000ff,,21.438283801108092,6
image_150.png,5,False,374.24773733009266,199.31206475696052,20,#ff0000,Quadrant 2,1,2,97,,#ff0000,,27.44265425817084,6
image_150.png,5,False,370.1615192198421,256.96724388410337,20,#ff0000,Quadrant 4,2,2,97,,#ff0000,,161.5764833376727,6
image_150.png,5,False,487.47352347320805,26.523269254202702,20,#ff0000,Quadrant 2,1,2,97,,#ff0000,,237.24420695501817,6
image_150.png,5,False,565.9205037652243,29.245948084598552,20,#0000ff,Quadrant 2,1,2,97,,#0000ff,,289.60139541590087,6
image_150.png,5,False,375.57812763692704,124.91477489787923,20,#0000ff,Quadrant 2,1,2,97,,#0000ff,,101.29370146439517,6
image_150.png,2,False,135.52597663880636,17.007588582592586,20,#0000ff,Quadrant 1,1,1,97,,#0000ff,,19.51975374958888,6
image_150.png,2,False,383.2579557319317,287.37894794236644,20,#0000ff,Quadrant 4,2,2,97,,#0000ff,,327.8138741791029,6
image_150.png,5,False,324.4394663384245,333.55180786000403,20,#0000ff,Quadrant 3,2,1,97,,#0000ff,,281.92407255589825,6
image_150.png,5,False,257.02846411750613,123.94458404966846,20,#ff0000,Quadrant 1,1,1,97,,#ff0000,,135.8910548092029,6
image_150.png,2,False,566.2806998650548,274.01608968186906,20,#0000ff,Quadrant 4,2,2,97,,#0000ff,,220.8170127801337,6
image_150.png,5,False,508.40067730476005,51.77813983603352,20,#ff0000,Quadrant 2,1,2,97,,#ff0000,,277.74645765176666,6
image_150.png,5,False,688.56079997953,128.68124654962253,20,#0000ff,Quadrant 2,1,2,97,,#0000ff,,244.33739325608707,6
image_150.png,5,False,412.7781539426066,31.29107604253063,20,#0000ff,Quadrant 2,1,2,97,,#0000ff,,19.63143961679456,6
image_150.png,2,False,540.4347658673778,71.78543518083177,20,#0000ff,Quadrant 2,1,2,97,,#0000ff,,163.422230231426,6
image_150.png,2,False,539.1257486744581,238.77750532281703,20,#0000ff,Quadrant 4,2,2,97,,#0000ff,,191.0598340264783,6
image_150.png,5,False,257.82494765311696,42.20395615091307,20,#ff0000,Quadrant 1,1,1,97,,#ff0000,,298.8544820040922,6
image_150.png,5,False,128.04388916400484,341.002464764176,20,#0000ff,Quadrant 3,2,1,97,,#0000ff,,348.6725119750534,6
image_150.png,2,False,40.963222725633294,363.7943931286988,20,#0000ff,Quadrant 3,2,1,97,,#0000ff,,162.51368685065904,6
image_150.png,5,False,631.3129021967786,23.26683662259434,20,#ff0000,Quadrant 2,1,2,97,,#ff0000,,166.1134354329169,6
image_150.png,5,False,597.0740621067094,27.213519262999785,20,#ff0000,Quadrant 2,1,2,97,,#ff0000,,97.14589754029545,6
image_150.png,5,False,233.9698099333706,78.09006233801531,20,#0000ff,Quadrant 1,1,1,97,,#0000ff,,126.01808259871098,6
image_150.png,5,False,356.9629117935318,358.9210803220949,20,#ff0000,Quadrant 4,2,2,97,,#ff0000,,247.41572740436118,6
image_150.png,5,False,66.77513920714915,170.27710344428098,20,#ff0000,Quadrant 1,1,1,97,,#ff0000,,243.8434850417378,6
image_150.png,2,False,295.7779357456768,337.4478408147522,20,#0000ff,Quadrant 3,2,1,97,,#0000ff,,42.9906786264246,6
image_150.png,5,False,140.44910157542571,60.78216764764531,20,#ff0000,Quadrant 1,1,1,97,,#ff0000,,149.5173999242187,6
image_150.png,5,False,268.12982725429805,240.44278237779693,20,#0000ff,Quadrant 3,2,1,97,,#0000ff,,183.8735340050805,6
image_150.png,5,False,373.1345737570177,226.86385681394557,20,#ff0000,Quadrant 4,2,2,97,,#ff0000,,199.24056164549373,6
image_150.png,5,False,46.1047194976431,278.85889450787926,20,#ff0000,Quadrant 3,2,1,97,,#ff0000,,178.07782341324395,6
image_150.png,2,False,172.95678076132756,366.8081633564049,20,#0000ff,Quadrant 3,2,1,97,,#0000ff,,90.15827751109722,6
image_150.png,5,False,415.03653127414117,282.58920134309744,20,#0000ff,Quadrant 4,2,2,97,,#0000ff,,101.3642926956113,6
image_150.png,5,False,85.35630786357407,240.0448214724677,20,#ff0000,Quadrant 3,2,1,97,,#ff0000,,73.3678203097699,6
image_150.png,5,False,335.1399938836144,253.36348249428733,20,#0000ff,Quadrant 3,2,1,97,,#0000ff,,125.38728319245834,6
image_150.png,5,False,168.9658405205239,140.1023650702979,20,#ff0000,Quadrant 1,1,1,97,,#ff0000,,246.06384531308638,6
image_150.png,5,False,474.42078321992443,283.1124476362574,20,#0000ff,Quadrant 4,2,2,97,,#0000ff,,308.50111973837073,6
image_150.png,5,False,466.64696043161274,223.50478916294745,20,#0000ff,Quadrant 4,2,2,97,,#0000ff,,347.9700890924523,6
image_150.png,5,False,168.46073781164668,257.05216249954606,20,#0000ff,Quadrant 3,2,1,97,,#0000ff,,138.57760117626057,6
image_150.png,5,False,61.73637971937897,104.0875261117676,20,#0000ff,Quadrant 1,1,1,97,,#0000ff,,63.067267407198,6
image_150.png,5,False,505.09941237583337,263.4446667954321,20,#ff0000,Quadrant 4,2,2,97,,#ff0000,,219.99978853560543,6
image_150.png,5,False,485.9096330167298,371.17887027796013,20,#0000ff,Quadrant 4,2,2,97,,#0000ff,,45.41198689008259,6
image_151.png,2,True,246.84717818858897,318.4242136832924,20,#FF0000,Quadrant 3,2,1,20,240,#FF0000,0,209.53708549804537,4
image_151.png,5,False,515.0597072610453,31.606520530134862,20,#0000ff,Quadrant 2,1,2,20,,#0000ff,,298.1999349752233,4
image_151.png,5,False,325.24001529137723,36.34828370476532,20,#0000ff,Quadrant 1,1,1,20,,#0000ff,,199.96160851546784,4
image_151.png,2,False,596.1093145208356,246.33725139809806,20,#0000ff,Quadrant 4,2,2,20,,#0000ff,,54.63458405624289,4
image_151.png,5,False,509.30401814715526,372.44370136421463,20,#ff0000,Quadrant 4,2,2,20,,#ff0000,,57.59048706111351,4
image_151.png,5,False,332.6286548699676,198.73435564608823,20,#ff0000,Quadrant 1,1,1,20,,#ff0000,,99.55336221573113,4
image_151.png,5,False,511.1329918838656,165.30323386185432,20,#0000ff,Quadrant 2,1,2,20,,#0000ff,,88.59308052051915,4
image_151.png,5,False,249.65507828333918,203.07840587974675,20,#ff0000,Quadrant 3,2,1,20,,#ff0000,,149.01513712176822,4
image_151.png,5,False,462.64779885744287,259.1754802289737,20,#0000ff,Quadrant 4,2,2,20,,#0000ff,,302.28520962818607,4
image_151.png,5,False,215.29029074096292,264.6013212817074,20,#0000ff,Quadrant 3,2,1,20,,#0000ff,,208.94443571813838,4
image_151.png,5,False,585.3888225797912,383.99232322504776,20,#ff0000,Quadrant 4,2,2,20,,#ff0000,,164.8866171605353,4
image_151.png,5,False,174.7843758008312,216.00151198080977,20,#0000ff,Quadrant 3,2,1,20,,#0000ff,,259.8587283291505,4
image_151.png,5,False,22.338029200689938,289.51076321006394,20,#0000ff,Quadrant 3,2,1,20,,#0000ff,,225.12021751982797,4
image_151.png,5,False,524.1770491871265,205.8848267859076,20,#ff0000,Quadrant 4,2,2,20,,#ff0000,,259.2946611650322,4
image_151.png,5,False,21.517591703066294,55.234436012264766,20,#ff0000,Quadrant 1,1,1,20,,#ff0000,,138.10436673867665,4
image_151.png,2,False,327.7157973434483,167.89584610403838,20,#0000ff,Quadrant 1,1,1,20,,#0000ff,,55.5243434709488,4
image_151.png,5,False,293.32643059386794,277.66888498319685,20,#ff0000,Quadrant 3,2,1,20,,#ff0000,,241.68770732512044,4
image_151.png,5,False,313.0168824015153,11.271050101964189,20,#0000ff,Quadrant 1,1,1,20,,#0000ff,,358.2885224892166,4
image_151.png,2,False,306.31254451861685,94.09934009169709,20,#0000ff,Quadrant 1,1,1,20,,#0000ff,,306.87377968151026,4
image_151.png,2,False,11.662335484776099,253.14644667537576,20,#0000ff,Quadrant 3,2,1,20,,#0000ff,,151.38988087985456,4
image_151.png,5,False,601.5524628802978,196.3650097138427,20,#ff0000,Quadrant 2,1,2,20,,#ff0000,,146.0274722976009,4
image_152.png,2,True,34.40345679118198,109.52185456330574,20,#FF0000,Quadrant 1,1,1,59,240,#FF0000,0,176.08267793203765,5
image_152.png,5,False,149.64526875402214,103.2277401587976,20,#0000ff,Quadrant 1,1,1,59,,#0000ff,,294.73225088576146,5
image_152.png,5,False,14.884299864968032,368.691271772525,20,#0000ff,Quadrant 3,2,1,59,,#0000ff,,261.28913622287837,5
image_152.png,5,False,627.1489701105558,258.13732084149893,20,#ff0000,Quadrant 4,2,2,59,,#ff0000,,355.5840256307613,5
image_152.png,5,False,45.503913314876634,144.7314217359499,20,#ff0000,Quadrant 1,1,1,59,,#ff0000,,258.725430056373,5
image_152.png,2,False,121.8104846680568,91.26648189742659,20,#0000ff,Quadrant 1,1,1,59,,#0000ff,,20.927994444523456,5
image_152.png,5,False,300.08589626878756,130.53743003951092,20,#ff0000,Quadrant 1,1,1,59,,#ff0000,,302.0832803665933,5
image_152.png,5,False,399.28637973844917,205.92726552159385,20,#ff0000,Quadrant 4,2,2,59,,#ff0000,,247.11144724309082,5
image_152.png,5,False,548.1309685594151,156.9478371603248,20,#0000ff,Quadrant 2,1,2,59,,#0000ff,,305.78979069459785,5
image_152.png,5,False,19.95431303359547,20.667498354527012,20,#ff0000,Quadrant 1,1,1,59,,#ff0000,,276.6839380859853,5
image_152.png,5,False,657.4091938334384,108.38533447951501,20,#ff0000,Quadrant 2,1,2,59,,#ff0000,,186.85893552250002,5
image_152.png,5,False,512.9117754984288,117.99563840207743,20,#ff0000,Quadrant 2,1,2,59,,#ff0000,,227.0894899312471,5
image_152.png,5,False,449.3606213623893,23.259597909379753,20,#ff0000,Quadrant 2,1,2,59,,#ff0000,,295.3012496720664,5
image_152.png,5,False,406.7458124231401,131.18769757231496,20,#0000ff,Quadrant 2,1,2,59,,#0000ff,,75.8404257791676,5
image_152.png,2,False,161.9151976021985,52.28157468159734,20,#0000ff,Quadrant 1,1,1,59,,#0000ff,,24.36608127149405,5
image_152.png,5,False,653.502583637413,215.71122013731002,20,#ff0000,Quadrant 4,2,2,59,,#ff0000,,105.76549653192573,5
image_152.png,5,False,57.68938051429401,43.72971575951252,20,#0000ff,Quadrant 1,1,1,59,,#0000ff,,129.04628088245641,5
image_152.png,5,False,227.0108369074019,180.52571590920684,20,#0000ff,Quadrant 1,1,1,59,,#0000ff,,297.2489668825184,5
image_152.png,5,False,279.15114661626825,173.6178486921748,20,#ff0000,Quadrant 1,1,1,59,,#ff0000,,355.41245019863294,5
image_152.png,5,False,371.75229015735835,365.533106260214,20,#ff0000,Quadrant 4,2,2,59,,#ff0000,,302.95561210847364,5
image_152.png,5,False,399.7165899768099,320.24413669173856,20,#ff0000,Quadrant 4,2,2,59,,#ff0000,,233.15965053798914,5
image_152.png,5,False,208.5846092175353,263.9277896023892,20,#ff0000,Quadrant 3,2,1,59,,#ff0000,,192.1511161775051,5
image_152.png,5,False,532.0406893244299,262.184514621733,20,#ff0000,Quadrant 4,2,2,59,,#ff0000,,57.98878139711289,5
image_152.png,5,False,223.84401668844123,41.18135102281029,20,#ff0000,Quadrant 1,1,1,59,,#ff0000,,125.37033569831952,5
image_152.png,5,False,579.3582973215508,50.85612239958846,20,#0000ff,Quadrant 2,1,2,59,,#0000ff,,80.08631468098359,5
image_152.png,5,False,312.5847059363465,180.75086877841397,20,#0000ff,Quadrant 1,1,1,59,,#0000ff,,20.332939645672376,5
image_152.png,2,False,105.11410095105978,277.24256533149503,20,#0000ff,Quadrant 3,2,1,59,,#0000ff,,25.731336574626233,5
image_152.png,5,False,312.6809603862707,23.661660754257454,20,#ff0000,Quadrant 1,1,1,59,,#ff0000,,115.05231178833364,5
image_152.png,2,False,347.78547968027436,193.26195880672984,20,#0000ff,Quadrant 1,1,1,59,,#0000ff,,136.10570697222818,5
image_152.png,5,False,336.3105973704671,362.0922534625059,20,#0000ff,Quadrant 3,2,1,59,,#0000ff,,273.46420329031037,5
image_152.png,5,False,617.6263377339814,35.246565055635614,20,#0000ff,Quadrant 2,1,2,59,,#0000ff,,122.97731928701499,5
image_152.png,5,False,296.3887257456372,369.35361523786673,20,#ff0000,Quadrant 3,2,1,59,,#ff0000,,207.42753940038338,5
image_152.png,5,False,224.0215250102326,97.51643403683343,20,#ff0000,Quadrant 1,1,1,59,,#ff0000,,249.97825047549776,5
image_152.png,5,False,506.51229761547535,378.62839326974785,20,#ff0000,Quadrant 4,2,2,59,,#ff0000,,127.95986771304065,5
image_152.png,5,False,233.64270801926173,283.2736617511559,20,#ff0000,Quadrant 3,2,1,59,,#ff0000,,353.9153494550652,5
image_152.png,5,False,81.98470955525288,53.4180866401411,20,#0000ff,Quadrant 1,1,1,59,,#0000ff,,274.2831228165108,5
image_152.png,5,False,553.4817120805528,216.42262870683666,20,#ff0000,Quadrant 4,2,2,59,,#ff0000,,321.5357018252917,5
image_152.png,5,False,305.7713983330061,289.21880231003325,20,#ff0000,Quadrant 3,2,1,59,,#ff0000,,115.11611257181262,5
image_152.png,2,False,52.53607202650543,167.3815618592693,20,#0000ff,Quadrant 1,1,1,59,,#0000ff,,233.64338735175846,5
image_152.png,5,False,495.0554215364668,78.0864807445855,20,#0000ff,Quadrant 2,1,2,59,,#0000ff,,156.21044841781207,5
image_152.png,5,False,306.1166627076761,104.97991006387527,20,#0000ff,Quadrant 1,1,1,59,,#0000ff,,183.2923604779358,5
image_152.png,5,False,485.1357694944733,333.8536801046355,20,#0000ff,Quadrant 4,2,2,59,,#0000ff,,135.6560474111899,5
image_152.png,5,False,541.0523620485146,181.88257760002827,20,#ff0000,Quadrant 2,1,2,59,,#ff0000,,49.82641324700949,5
image_152.png,5,False,617.7549994888984,138.47799334744113,20,#ff0000,Quadrant 2,1,2,59,,#ff0000,,114.04525779848657,5
image_152.png,5,False,379.9005741533495,13.8562656449484,20,#ff0000,Quadrant 2,1,2,59,,#ff0000,,144.87426064354364,5
image_152.png,5,False,271.1223499540989,262.4049854619542,20,#ff0000,Quadrant 3,2,1,59,,#ff0000,,167.03541421832412,5
image_152.png,5,False,183.8957853517357,168.99139251874507,20,#ff0000,Quadrant 1,1,1,59,,#ff0000,,345.0900151200678,5
image_152.png,5,False,394.4348640023903,257.2490465311108,20,#0000ff,Quadrant 4,2,2,59,,#0000ff,,75.28239642404569,5
image_152.png,2,False,316.84738384333554,339.9586369002928,20,#0000ff,Quadrant 3,2,1,59,,#0000ff,,201.69589722657793,5
image_152.png,2,False,558.1938572009453,375.01850642573055,20,#0000ff,Quadrant 4,2,2,59,,#0000ff,,32.49950526566471,5
image_152.png,2,False,176.80990051556333,230.15136482392853,20,#0000ff,Quadrant 3,2,1,59,,#0000ff,,66.7547277023369,5
image_152.png,2,False,264.59126254680064,35.35234504023267,20,#0000ff,Quadrant 1,1,1,59,,#0000ff,,98.8468784318965,5
image_152.png,5,False,410.32508110538396,296.3933905857714,20,#0000ff,Quadrant 4,2,2,59,,#0000ff,,354.1874128642662,5
image_152.png,5,False,129.93454675338438,215.08019776748102,20,#0000ff,Quadrant 3,2,1,59,,#0000ff,,188.82325910342823,5
image_152.png,5,False,441.6986096197019,123.66527586922041,20,#ff0000,Quadrant 2,1,2,59,,#ff0000,,105.18197883479012,5
image_152.png,5,False,371.9337126816795,341.07969890917025,20,#0000ff,Quadrant 4,2,2,59,,#0000ff,,246.68010685466234,5
image_152.png,5,False,423.011612193967,257.1032700231003,20,#0000ff,Quadrant 4,2,2,59,,#0000ff,,63.75360717951874,5
image_152.png,5,False,613.9586478453695,91.69106293118115,20,#ff0000,Quadrant 2,1,2,59,,#ff0000,,168.05906277781045,5
image_152.png,2,False,677.5711965091431,68.55007593593382,20,#0000ff,Quadrant 2,1,2,59,,#0000ff,,267.91912184571737,5
image_152.png,5,False,44.83092191983335,322.9903828513458,20,#0000ff,Quadrant 3,2,1,59,,#0000ff,,112.1747140520769,5
image_153.png,2,True,309.41086820537544,388.52364558389024,20,#FF0000,Quadrant 3,2,1,10,240,#FF0000,0,227.40783536813973,3
image_153.png,2,False,460.22654749731777,95.13133083651361,20,#0000ff,Quadrant 2,1,2,10,,#0000ff,,91.48574491712488,3
image_153.png,2,False,540.5677697778717,174.1194130601969,20,#0000ff,Quadrant 2,1,2,10,,#0000ff,,148.33750757986795,3
image_153.png,2,False,230.2079482589114,38.35606084510252,20,#0000ff,Quadrant 1,1,1,10,,#0000ff,,130.61992810182923,3
image_153.png,5,False,640.5999971576913,333.63681715428334,20,#ff0000,Quadrant 4,2,2,10,,#ff0000,,163.33733068045757,3
image_153.png,5,False,407.13172374311665,39.710064088696896,20,#0000ff,Quadrant 2,1,2,10,,#0000ff,,58.62287493216411,3
image_153.png,5,False,274.64567603720553,382.35815488266894,20,#ff0000,Quadrant 3,2,1,10,,#ff0000,,28.72757444604212,3
image_153.png,5,False,555.5730222719345,80.04401176768027,20,#ff0000,Quadrant 2,1,2,10,,#ff0000,,266.3183024342117,3
image_153.png,5,False,418.2939522424174,251.83978428897007,20,#0000ff,Quadrant 4,2,2,10,,#0000ff,,106.62992768572303,3
image_153.png,2,False,242.15981547746335,204.2004724106168,20,#0000ff,Quadrant 3,2,1,10,,#0000ff,,220.4939415875381,3
image_153.png,5,False,103.39324998967709,129.03563051580244,20,#0000ff,Quadrant 1,1,1,10,,#0000ff,,320.834874327728,3
image_154.png,2,True,209.35638251230662,383.99196009264347,20,#FF0000,Quadrant 3,2,1,96,240,#FF0000,0,196.44801256034592,6
image_154.png,2,False,163.1648728961268,323.87475035902486,20,#0000ff,Quadrant 3,2,1,96,,#0000ff,,314.5105368999036,6
image_154.png,5,False,613.7729171248914,355.4242299071358,20,#ff0000,Quadrant 4,2,2,96,,#ff0000,,125.692501516284,6
image_154.png,5,False,544.4147523314441,227.30501197074304,20,#0000ff,Quadrant 4,2,2,96,,#0000ff,,322.88753774855553,6
image_154.png,2,False,594.6778929504078,16.28664130140748,20,#0000ff,Quadrant 2,1,2,96,,#0000ff,,267.3128805423363,6
image_154.png,2,False,435.79946088338596,152.6980164428336,20,#0000ff,Quadrant 2,1,2,96,,#0000ff,,272.14180604929555,6
image_154.png,5,False,527.0810346153914,328.7216763712086,20,#0000ff,Quadrant 4,2,2,96,,#0000ff,,229.9298329267453,6
image_154.png,2,False,383.6720213080546,99.44631829540931,20,#0000ff,Quadrant 2,1,2,96,,#0000ff,,33.94293197191758,6
image_154.png,5,False,186.50514353477382,228.3163595155978,20,#0000ff,Quadrant 3,2,1,96,,#0000ff,,275.02536556876015,6
image_154.png,2,False,569.3506631736869,75.5263359604683,20,#0000ff,Quadrant 2,1,2,96,,#0000ff,,91.96836788054745,6
image_154.png,5,False,409.9239705911702,70.20014763017976,20,#ff0000,Quadrant 2,1,2,96,,#ff0000,,271.3474821525608,6
image_154.png,5,False,415.10530381063677,388.7761721094299,20,#ff0000,Quadrant 4,2,2,96,,#ff0000,,17.12111818227158,6
image_154.png,2,False,314.4958280060834,159.35593513378012,20,#0000ff,Quadrant 1,1,1,96,,#0000ff,,39.83855772098523,6
image_154.png,5,False,125.54249772607736,375.717282795862,20,#ff0000,Quadrant 3,2,1,96,,#ff0000,,218.61983861655028,6
image_154.png,5,False,168.07343232587664,280.308141331071,20,#ff0000,Quadrant 3,2,1,96,,#ff0000,,171.80153239668255,6
image_154.png,5,False,424.9405650980297,101.19449825941685,20,#ff0000,Quadrant 2,1,2,96,,#ff0000,,83.40617239076195,6
image_154.png,5,False,127.01830892332615,105.72773209909975,20,#ff0000,Quadrant 1,1,1,96,,#ff0000,,267.0728751423943,6
image_154.png,5,False,176.15919401969745,98.07373874785826,20,#0000ff,Quadrant 1,1,1,96,,#0000ff,,283.7977766271137,6
image_154.png,2,False,639.7761041215406,369.6495025885126,20,#0000ff,Quadrant 4,2,2,96,,#0000ff,,17.01824540738571,6
image_154.png,5,False,255.4434801488942,90.56397526960774,20,#ff0000,Quadrant 1,1,1,96,,#ff0000,,231.24906257893488,6
image_154.png,5,False,398.31604181921375,145.70499019867648,20,#0000ff,Quadrant 2,1,2,96,,#0000ff,,303.47162621679314,6
image_154.png,2,False,209.07525033887254,166.5336551049823,20,#0000ff,Quadrant 1,1,1,96,,#0000ff,,295.6071757865725,6
image_154.png,5,False,240.23025312645393,32.631476022248464,20,#0000ff,Quadrant 1,1,1,96,,#0000ff,,292.36977076029297,6
image_154.png,5,False,638.8893687997544,187.38404204360884,20,#0000ff,Quadrant 2,1,2,96,,#0000ff,,200.55375460604304,6
image_154.png,5,False,335.18847606610683,272.14979357651396,20,#ff0000,Quadrant 3,2,1,96,,#ff0000,,104.01850709748275,6
image_154.png,5,False,479.24520564808563,201.5592065154807,20,#0000ff,Quadrant 4,2,2,96,,#0000ff,,142.01445810522426,6
image_154.png,5,False,654.1342383725937,296.12996237475124,20,#0000ff,Quadrant 4,2,2,96,,#0000ff,,118.6394065820801,6
image_154.png,5,False,282.29929914883513,286.79304055827305,20,#0000ff,Quadrant 3,2,1,96,,#0000ff,,48.63618551853217,6
image_154.png,5,False,112.95805889816984,222.04832327310584,20,#ff0000,Quadrant 3,2,1,96,,#ff0000,,94.79395000095133,6
image_154.png,2,False,117.00297290833014,328.5933266443626,20,#0000ff,Quadrant 3,2,1,96,,#0000ff,,180.38544587930133,6
image_154.png,5,False,663.5851717896429,364.5514463737522,20,#ff0000,Quadrant 4,2,2,96,,#ff0000,,201.82993400306157,6
image_154.png,2,False,371.51219095948187,184.85476981928488,20,#0000ff,Quadrant 2,1,2,96,,#0000ff,,144.13782335189677,6
image_154.png,5,False,104.46235686691524,274.914626923013,20,#ff0000,Quadrant 3,2,1,96,,#ff0000,,215.7896117270751,6
image_154.png,5,False,211.00274865044844,337.998828719659,20,#0000ff,Quadrant 3,2,1,96,,#0000ff,,316.67904202063625,6
image_154.png,5,False,610.0360862221283,180.9215559039177,20,#ff0000,Quadrant 2,1,2,96,,#ff0000,,72.61387468804719,6
image_154.png,5,False,416.45146942477396,243.8323457469325,20,#0000ff,Quadrant 4,2,2,96,,#0000ff,,99.16539992322319,6
image_154.png,5,False,662.6616687070274,99.07943263969113,20,#ff0000,Quadrant 2,1,2,96,,#ff0000,,206.98709020420108,6
image_154.png,5,False,32.57884048692836,86.81569676334458,20,#ff0000,Quadrant 1,1,1,96,,#ff0000,,280.7262824073945,6
image_154.png,2,False,152.65423180142645,350.07242229397656,20,#0000ff,Quadrant 3,2,1,96,,#0000ff,,123.52430678346091,6
image_154.png,5,False,202.48260858275378,92.11010490344064,20,#ff0000,Quadrant 1,1,1,96,,#ff0000,,224.96382944349787,6
image_154.png,2,False,477.74934823310554,171.4017824246846,20,#0000ff,Quadrant 2,1,2,96,,#0000ff,,288.67556441282926,6
image_154.png,2,False,329.7271711061544,98.54450880771944,20,#0000ff,Quadrant 1,1,1,96,,#0000ff,,115.29888646504439,6
image_154.png,5,False,92.79444738538676,110.67493220697963,20,#0000ff,Quadrant 1,1,1,96,,#0000ff,,274.7511043045816,6
image_154.png,5,False,376.05163009709247,48.76998062281416,20,#0000ff,Quadrant 2,1,2,96,,#0000ff,,9.299882871980332,6
image_154.png,2,False,144.18443224968271,280.6131067408016,20,#0000ff,Quadrant 3,2,1,96,,#0000ff,,315.240412745234,6
image_154.png,5,False,630.5496747333515,87.8102866028541,20,#0000ff,Quadrant 2,1,2,96,,#0000ff,,77.22163292813244,6
image_154.png,2,False,679.979603881978,19.23985651413233,20,#0000ff,Quadrant 2,1,2,96,,#0000ff,,203.57475687028037,6
image_154.png,2,False,586.0457319394193,107.49168858625764,20,#0000ff,Quadrant 2,1,2,96,,#0000ff,,270.4953734875566,6
image_154.png,5,False,12.561646858543153,33.34351760237543,20,#ff0000,Quadrant 1,1,1,96,,#ff0000,,269.90437202120773,6
image_154.png,2,False,265.64858966093476,28.061303170926358,20,#0000ff,Quadrant 1,1,1,96,,#0000ff,,282.3637884858442,6
image_154.png,5,False,545.3207267731525,179.0334697408999,20,#ff0000,Quadrant 2,1,2,96,,#ff0000,,112.44548938301855,6
image_154.png,5,False,372.0736295674933,71.98219115066345,20,#0000ff,Quadrant 2,1,2,96,,#0000ff,,210.35242012146617,6
image_154.png,5,False,521.4467013839947,67.39832063568335,20,#ff0000,Quadrant 2,1,2,96,,#ff0000,,207.2603518979249,6
image_154.png,2,False,453.3907284563304,236.4988623232136,20,#0000ff,Quadrant 4,2,2,96,,#0000ff,,286.90640827246517,6
image_154.png,5,False,578.7427299788669,132.60367553603493,20,#0000ff,Quadrant 2,1,2,96,,#0000ff,,146.83156361568774,6
image_154.png,5,False,263.3291742392955,351.7049988503524,20,#ff0000,Quadrant 3,2,1,96,,#ff0000,,263.7950526049246,6
image_154.png,2,False,344.69300406309003,36.29833003936524,20,#0000ff,Quadrant 1,1,1,96,,#0000ff,,343.7098708753064,6
image_154.png,5,False,415.42178041641284,274.034305334142,20,#ff0000,Quadrant 4,2,2,96,,#ff0000,,67.50512294926332,6
image_154.png,5,False,165.6110483463181,18.5677862704987,20,#0000ff,Quadrant 1,1,1,96,,#0000ff,,104.21127657755599,6
image_154.png,5,False,51.56308502111436,121.94947740217164,20,#0000ff,Quadrant 1,1,1,96,,#0000ff,,343.4727988062532,6
image_154.png,2,False,331.28042562762255,66.81527374351168,20,#0000ff,Quadrant 1,1,1,96,,#0000ff,,304.82007129425546,6
image_154.png,5,False,118.31143041884685,180.29884434936127,20,#ff0000,Quadrant 1,1,1,96,,#ff0000,,39.77970508203317,6
image_154.png,2,False,157.75065339914156,372.9293357219592,20,#0000ff,Quadrant 3,2,1,96,,#0000ff,,158.0682807772667,6
image_154.png,5,False,429.5602626402481,19.88847514909106,20,#ff0000,Quadrant 2,1,2,96,,#ff0000,,205.0091440934839,6
image_154.png,5,False,444.43235086930264,195.11652150297934,20,#0000ff,Quadrant 2,1,2,96,,#0000ff,,184.21949712330766,6
image_154.png,5,False,653.7836462089099,74.48510121266811,20,#ff0000,Quadrant 2,1,2,96,,#ff0000,,143.15013921840207,6
image_154.png,5,False,694.016523703491,228.18133194170724,20,#0000ff,Quadrant 4,2,2,96,,#0000ff,,230.5258601475273,6
image_154.png,5,False,198.89660623900136,193.38205797724302,20,#0000ff,Quadrant 1,1,1,96,,#0000ff,,358.4201129642337,6
image_154.png,5,False,571.2543472596678,159.50524333185132,20,#ff0000,Quadrant 2,1,2,96,,#ff0000,,11.813225438628256,6
image_154.png,2,False,290.6960350679397,133.0832786730832,20,#0000ff,Quadrant 1,1,1,96,,#0000ff,,158.0589306112652,6
image_154.png,2,False,448.46324403707393,115.97670885369108,20,#0000ff,Quadrant 2,1,2,96,,#0000ff,,84.35222197262992,6
image_154.png,2,False,202.22572730812766,137.60733522880696,20,#0000ff,Quadrant 1,1,1,96,,#0000ff,,352.0212397237929,6
image_154.png,5,False,90.74799338016842,153.94598040908397,20,#0000ff,Quadrant 1,1,1,96,,#0000ff,,80.7664852384085,6
image_154.png,5,False,239.9192012575076,151.7255219252319,20,#ff0000,Quadrant 1,1,1,96,,#ff0000,,106.78050405147162,6
image_154.png,2,False,16.786760418960466,375.39945526214905,20,#0000ff,Quadrant 3,2,1,96,,#0000ff,,353.43985452638077,6
image_154.png,5,False,285.55111979152406,197.24512668121466,20,#0000ff,Quadrant 1,1,1,96,,#0000ff,,13.002444225300112,6
image_154.png,5,False,543.2112953928543,140.9083283612878,20,#ff0000,Quadrant 2,1,2,96,,#ff0000,,33.33955262314267,6
image_154.png,2,False,307.8801669269386,24.226910224013043,20,#0000ff,Quadrant 1,1,1,96,,#0000ff,,88.74330276929551,6
image_154.png,5,False,54.34403054650784,44.03436412223375,20,#0000ff,Quadrant 1,1,1,96,,#0000ff,,239.58434614913054,6
image_154.png,5,False,414.0858177864624,190.4071086175216,20,#0000ff,Quadrant 2,1,2,96,,#0000ff,,27.200257120726125,6
image_154.png,5,False,88.16696643815071,365.53279350417245,20,#ff0000,Quadrant 3,2,1,96,,#ff0000,,247.57839066849124,6
image_154.png,2,False,481.75454119258467,40.085258550203505,20,#0000ff,Quadrant 2,1,2,96,,#0000ff,,142.81598999949838,6
image_154.png,2,False,544.1347530470069,25.789672823791495,20,#0000ff,Quadrant 2,1,2,96,,#0000ff,,325.0611453976379,6
image_154.png,5,False,85.50878885858187,231.32064566287838,20,#ff0000,Quadrant 3,2,1,96,,#ff0000,,190.0891739782373,6
image_154.png,5,False,461.8708901133764,384.9372437445379,20,#ff0000,Quadrant 4,2,2,96,,#ff0000,,118.69216611232554,6
image_154.png,2,False,521.6007229192464,273.66394405668495,20,#0000ff,Quadrant 4,2,2,96,,#0000ff,,199.03182820965037,6
image_154.png,5,False,299.01556112755696,347.3097501532925,20,#0000ff,Quadrant 3,2,1,96,,#0000ff,,204.62243280742948,6
image_154.png,2,False,582.4979798106514,304.24473081253,20,#0000ff,Quadrant 4,2,2,96,,#0000ff,,346.60500110153976,6
image_154.png,2,False,594.7449734704228,157.9636917091977,20,#0000ff,Quadrant 2,1,2,96,,#0000ff,,215.57458361198456,6
image_154.png,5,False,265.547050055022,377.13773193678793,20,#0000ff,Quadrant 3,2,1,96,,#0000ff,,268.23134985405784,6
image_154.png,5,False,611.6033411746357,297.90672541109745,20,#0000ff,Quadrant 4,2,2,96,,#0000ff,,257.55621287630765,6
image_154.png,2,False,603.9678619668099,204.64589530817835,20,#0000ff,Quadrant 4,2,2,96,,#0000ff,,176.7487143443785,6
image_154.png,5,False,440.67534431782,332.0598390823204,20,#ff0000,Quadrant 4,2,2,96,,#ff0000,,352.7904516971991,6
image_154.png,2,False,253.3279226734577,210.72128994587118,20,#0000ff,Quadrant 3,2,1,96,,#0000ff,,143.25681908012336,6
image_154.png,5,False,653.4488472932857,148.22863704877204,20,#0000ff,Quadrant 2,1,2,96,,#0000ff,,293.307569789302,6
image_154.png,2,False,267.92111137087295,242.79894282030037,20,#0000ff,Quadrant 3,2,1,96,,#0000ff,,220.28851850261208,6
image_154.png,2,False,164.7915704422825,148.8771317162036,20,#0000ff,Quadrant 1,1,1,96,,#0000ff,,96.2842774669772,6
image_155.png,2,True,439.0652927864414,22.585988334179063,20,#FF0000,Quadrant 2,1,2,3,240,#FF0000,0,250.7462299526858,1
image_155.png,2,False,665.398787239281,289.1913693300171,20,#0000ff,Quadrant 4,2,2,3,,#0000ff,,78.10644736186066,1
image_155.png,2,False,526.6577323613319,376.27354087795004,20,#0000ff,Quadrant 4,2,2,3,,#0000ff,,301.6724994679742,1
image_155.png,5,False,346.0967924314341,292.49266902468247,20,#0000ff,Quadrant 3,2,1,3,,#0000ff,,151.93035714554185,1
image_156.png,2,True,501.8645624407265,47.89010429412732,20,#FF0000,Quadrant 2,1,2,73,240,#FF0000,0,270.41610463430305,6
image_156.png,2,False,53.38516845140438,11.580912503547934,20,#0000ff,Quadrant 1,1,1,73,,#0000ff,,238.27229942451248,6
image_156.png,5,False,333.64154823885144,221.85184012019351,20,#ff0000,Quadrant 3,2,1,73,,#ff0000,,88.88385971638955,6
image_156.png,5,False,453.6211517108321,179.95294087527054,20,#0000ff,Quadrant 2,1,2,73,,#0000ff,,285.2479320062385,6
image_156.png,5,False,140.8002227768745,363.7476848390442,20,#ff0000,Quadrant 3,2,1,73,,#ff0000,,231.96605145788155,6
image_156.png,5,False,156.89111289027923,96.41923677745795,20,#ff0000,Quadrant 1,1,1,73,,#ff0000,,47.97017989174186,6
image_156.png,2,False,537.5173922356938,191.26561452807897,20,#0000ff,Quadrant 2,1,2,73,,#0000ff,,129.6300294892946,6
image_156.png,2,False,260.49515015800284,265.94315806158704,20,#0000ff,Quadrant 3,2,1,73,,#0000ff,,164.22759511181326,6
image_156.png,5,False,79.76737801497262,360.8658959015176,20,#0000ff,Quadrant 3,2,1,73,,#0000ff,,67.21246744367784,6
image_156.png,2,False,167.59198516504523,154.05855267994443,20,#0000ff,Quadrant 1,1,1,73,,#0000ff,,358.30107549238454,6
image_156.png,5,False,379.0846633244258,215.88358225350055,20,#ff0000,Quadrant 4,2,2,73,,#ff0000,,256.141478685367,6
image_156.png,5,False,21.896208460218354,293.77388467505983,20,#0000ff,Quadrant 3,2,1,73,,#0000ff,,292.08071650682007,6
image_156.png,2,False,485.074164936048,272.5549961947563,20,#0000ff,Quadrant 4,2,2,73,,#0000ff,,119.24122515378585,6
image_156.png,5,False,556.4094231598572,128.58574648942016,20,#ff0000,Quadrant 2,1,2,73,,#ff0000,,238.81928131780538,6
image_156.png,5,False,408.0212856931732,370.9238667265834,20,#ff0000,Quadrant 4,2,2,73,,#ff0000,,316.96560426052474,6
image_156.png,5,False,451.2495722740818,67.78068133082235,20,#0000ff,Quadrant 2,1,2,73,,#0000ff,,47.088817598499716,6
image_156.png,5,False,598.1479028326568,280.3961556213514,20,#0000ff,Quadrant 4,2,2,73,,#0000ff,,146.62884346572287,6
image_156.png,2,False,691.1521315476128,254.7512963336164,20,#0000ff,Quadrant 4,2,2,73,,#0000ff,,148.14338139151747,6
image_156.png,2,False,296.42854216840385,358.57404213880034,20,#0000ff,Quadrant 3,2,1,73,,#0000ff,,77.48973651475129,6
image_156.png,2,False,211.20710141662255,251.86675962802147,20,#0000ff,Quadrant 3,2,1,73,,#0000ff,,222.6240797244967,6
image_156.png,5,False,204.4605708745979,91.8028598342573,20,#0000ff,Quadrant 1,1,1,73,,#0000ff,,31.458453705595385,6
image_156.png,5,False,475.8570891360024,201.95862884799254,20,#0000ff,Quadrant 4,2,2,73,,#0000ff,,49.550170185940054,6
image_156.png,5,False,672.3964256474181,367.7016477526921,20,#0000ff,Quadrant 4,2,2,73,,#0000ff,,105.14149841431137,6
image_156.png,5,False,498.81203621490266,220.39508888887383,20,#ff0000,Quadrant 4,2,2,73,,#ff0000,,205.26923351676803,6
image_156.png,2,False,291.9741650381502,168.32999079931471,20,#0000ff,Quadrant 1,1,1,73,,#0000ff,,181.6595063665435,6
image_156.png,5,False,70.1207701022038,195.63133178823605,20,#ff0000,Quadrant 1,1,1,73,,#ff0000,,65.59374418188074,6
image_156.png,2,False,412.47412272255053,296.2976081648166,20,#0000ff,Quadrant 4,2,2,73,,#0000ff,,91.20892220835891,6
image_156.png,2,False,446.76943406038095,307.54190137625665,20,#0000ff,Quadrant 4,2,2,73,,#0000ff,,160.30974027019573,6
image_156.png,5,False,131.22737346081504,335.25146301493385,20,#0000ff,Quadrant 3,2,1,73,,#0000ff,,56.38557133991186,6
image_156.png,5,False,665.4471584852067,141.53519090605926,20,#ff0000,Quadrant 2,1,2,73,,#ff0000,,307.2530992042612,6
image_156.png,5,False,117.99378722077016,136.45343518384965,20,#ff0000,Quadrant 1,1,1,73,,#ff0000,,211.07654159746687,6
image_156.png,5,False,319.3244476498185,193.9752998212948,20,#ff0000,Quadrant 1,1,1,73,,#ff0000,,134.32986798275078,6
image_156.png,5,False,508.58526423762845,321.25511414684786,20,#0000ff,Quadrant 4,2,2,73,,#0000ff,,90.24868074917941,6
image_156.png,5,False,343.1713643246905,29.17732906473303,20,#0000ff,Quadrant 1,1,1,73,,#0000ff,,191.53168519969705,6
image_156.png,5,False,187.9081490315164,188.77807912908824,20,#ff0000,Quadrant 1,1,1,73,,#ff0000,,215.735583254502,6
image_156.png,2,False,483.46334479392175,79.91997824532258,20,#0000ff,Quadrant 2,1,2,73,,#0000ff,,226.63734080164113,6
image_156.png,2,False,465.98938049372305,228.88720729509527,20,#0000ff,Quadrant 4,2,2,73,,#0000ff,,30.72206212977655,6
image_156.png,5,False,697.5532046682538,159.56780498797633,20,#0000ff,Quadrant 2,1,2,73,,#0000ff,,303.2528452211034,6
image_156.png,2,False,199.0620552225178,68.29004313052799,20,#0000ff,Quadrant 1,1,1,73,,#0000ff,,299.70900446669896,6
image_156.png,2,False,355.81142411591645,317.05451484473343,20,#0000ff,Quadrant 4,2,2,73,,#0000ff,,140.41735255979256,6
image_156.png,5,False,277.544721096248,384.81241415724287,20,#ff0000,Quadrant 3,2,1,73,,#ff0000,,272.5806342884989,6
image_156.png,5,False,235.56214806855488,179.3949470449277,20,#0000ff,Quadrant 1,1,1,73,,#0000ff,,318.08779217650385,6
image_156.png,5,False,513.4843220878264,190.3794329054894,20,#ff0000,Quadrant 2,1,2,73,,#ff0000,,74.476906621928,6
image_156.png,5,False,165.33418573844418,236.05633071413763,20,#0000ff,Quadrant 3,2,1,73,,#0000ff,,188.1330872169602,6
image_156.png,5,False,511.2293227692843,294.1841347846846,20,#ff0000,Quadrant 4,2,2,73,,#ff0000,,96.49061039852667,6
image_156.png,5,False,173.97273211882427,302.4136537211822,20,#ff0000,Quadrant 3,2,1,73,,#ff0000,,241.26457196125992,6
image_156.png,5,False,642.4881135234443,137.155913495324,20,#0000ff,Quadrant 2,1,2,73,,#0000ff,,309.8279579456567,6
image_156.png,5,False,608.6995673928773,25.458445045351283,20,#ff0000,Quadrant 2,1,2,73,,#ff0000,,80.26745594169162,6
image_156.png,5,False,587.5824460247184,159.64801095365561,20,#ff0000,Quadrant 2,1,2,73,,#ff0000,,226.6370074291232,6
image_156.png,5,False,53.486694523621594,159.8811946356435,20,#ff0000,Quadrant 1,1,1,73,,#ff0000,,359.58138500111966,6
image_156.png,5,False,92.38483791099168,385.44377160327724,20,#ff0000,Quadrant 3,2,1,73,,#ff0000,,255.96231828040695,6
image_156.png,5,False,385.9023362135788,177.57203282554832,20,#ff0000,Quadrant 2,1,2,73,,#ff0000,,209.0681793521917,6
image_156.png,5,False,136.49922751448452,233.19421683054335,20,#ff0000,Quadrant 3,2,1,73,,#ff0000,,32.101833483940936,6
image_156.png,2,False,98.70452445301176,104.47453926492308,20,#0000ff,Quadrant 1,1,1,73,,#0000ff,,17.865353796398868,6
image_156.png,2,False,343.1183858930682,273.02528845655974,20,#0000ff,Quadrant 3,2,1,73,,#0000ff,,129.49420675560816,6
image_156.png,5,False,441.90334411111183,152.52700681880856,20,#0000ff,Quadrant 2,1,2,73,,#0000ff,,62.20139184697332,6
image_156.png,5,False,486.96351028041624,133.15580247572547,20,#ff0000,Quadrant 2,1,2,73,,#ff0000,,317.8475755950256,6
image_156.png,2,False,629.8938252643977,84.69462302454178,20,#0000ff,Quadrant 2,1,2,73,,#0000ff,,313.06550499644146,6
image_156.png,5,False,118.93093788520264,209.92177142995106,20,#0000ff,Quadrant 3,2,1,73,,#0000ff,,174.39275070696695,6
image_156.png,2,False,201.83957099681317,147.05588735135223,20,#0000ff,Quadrant 1,1,1,73,,#0000ff,,95.7897477481488,6
image_156.png,5,False,44.84208932489197,215.06021618477402,20,#0000ff,Quadrant 3,2,1,73,,#0000ff,,189.48073325067105,6
image_156.png,2,False,575.1702956676056,367.06216504077844,20,#0000ff,Quadrant 4,2,2,73,,#0000ff,,266.412444351462,6
image_156.png,5,False,349.8656731081014,376.2233281305285,20,#0000ff,Quadrant 3,2,1,73,,#0000ff,,175.1334632488688,6
image_156.png,5,False,416.3194332880392,179.79088158060335,20,#0000ff,Quadrant 2,1,2,73,,#0000ff,,156.68704411817015,6
image_156.png,5,False,162.06874982420746,124.5317795791937,20,#0000ff,Quadrant 1,1,1,73,,#0000ff,,87.20528287416792,6
image_156.png,5,False,603.966687581696,70.05001748975212,20,#ff0000,Quadrant 2,1,2,73,,#ff0000,,207.77655662521184,6
image_156.png,2,False,435.5147721114405,39.07199193822464,20,#0000ff,Quadrant 2,1,2,73,,#0000ff,,180.71950287520588,6
image_156.png,2,False,389.54705746845246,252.47286866994546,20,#0000ff,Quadrant 4,2,2,73,,#0000ff,,104.46117337364677,6
image_156.png,2,False,45.64205737142383,375.25222993057065,20,#0000ff,Quadrant 3,2,1,73,,#0000ff,,355.2995180544267,6
image_156.png,5,False,636.8075259730906,12.476033743056838,20,#ff0000,Quadrant 2,1,2,73,,#ff0000,,3.1223362312971137,6
image_156.png,5,False,29.203812496007437,191.75994734991048,20,#ff0000,Quadrant 1,1,1,73,,#ff0000,,270.55757872771585,6
image_156.png,5,False,196.81039509082242,369.9016719317013,20,#0000ff,Quadrant 3,2,1,73,,#0000ff,,214.26205804476643,6
image_156.png,5,False,75.16921593642739,295.02006239189734,20,#ff0000,Quadrant 3,2,1,73,,#ff0000,,218.3393737703111,6
image_156.png,5,False,262.3738581630232,243.09110004291895,20,#0000ff,Quadrant 3,2,1,73,,#0000ff,,139.99210444764316,6
image_157.png,2,True,611.8712777090117,182.11429046113105,20,#FF0000,Quadrant 2,1,2,14,240,#FF0000,0,325.13690379000144,3
image_157.png,5,False,562.0546783527316,242.36401111120858,20,#0000ff,Quadrant 4,2,2,14,,#0000ff,,88.10650557848314,3
image_157.png,2,False,178.5360906399166,224.37608513988712,20,#0000ff,Quadrant 3,2,1,14,,#0000ff,,330.7748341310818,3
image_157.png,2,False,339.97796392044035,193.71482907949738,20,#0000ff,Quadrant 1,1,1,14,,#0000ff,,172.40112282597102,3
image_157.png,5,False,65.67826611969335,95.01431740722576,20,#0000ff,Quadrant 1,1,1,14,,#0000ff,,230.47560674557042,3
image_157.png,2,False,275.2233286484941,319.00203306588213,20,#0000ff,Quadrant 3,2,1,14,,#0000ff,,159.9751997955786,3
image_157.png,5,False,350.52289223164524,340.0387949109939,20,#ff0000,Quadrant 3,2,1,14,,#ff0000,,119.55964486593466,3
image_157.png,2,False,252.6185040062167,53.83116501287191,20,#0000ff,Quadrant 1,1,1,14,,#0000ff,,115.08808838721308,3
image_157.png,5,False,262.0168014536762,23.253637924138072,20,#0000ff,Quadrant 1,1,1,14,,#0000ff,,115.95040856443714,3
image_157.png,5,False,211.1199591951712,58.50894609821979,20,#ff0000,Quadrant 1,1,1,14,,#ff0000,,333.20099612001775,3
image_157.png,2,False,140.83779831481465,99.56274020189014,20,#0000ff,Quadrant 1,1,1,14,,#0000ff,,353.0432004370033,3
image_157.png,2,False,150.3008810148466,342.612562024311,20,#0000ff,Quadrant 3,2,1,14,,#0000ff,,121.04450199923193,3
image_157.png,2,False,336.4179360209888,363.56152657261333,20,#0000ff,Quadrant 3,2,1,14,,#0000ff,,220.51159665107795,3
image_157.png,2,False,118.78063094688154,81.27189850828971,20,#0000ff,Quadrant 1,1,1,14,,#0000ff,,359.11160895078547,3
image_157.png,5,False,372.9642715951038,222.7330138591291,20,#0000ff,Quadrant 4,2,2,14,,#0000ff,,329.8416817190763,3
image_158.png,2,True,553.0838709550192,383.03960116170794,20,#FF0000,Quadrant 4,2,2,42,240,#FF0000,0,280.17630288423265,5
image_158.png,5,False,658.2805205119563,104.57425902722771,20,#0000ff,Quadrant 2,1,2,42,,#0000ff,,167.42501517160383,5
image_158.png,2,False,452.8048575231863,205.8482105132181,20,#0000ff,Quadrant 4,2,2,42,,#0000ff,,79.01727295798037,5
image_158.png,5,False,294.8094380703436,226.16477519883176,20,#0000ff,Quadrant 3,2,1,42,,#0000ff,,304.3957160304147,5
image_158.png,2,False,683.520593633295,309.98409873567465,20,#0000ff,Quadrant 4,2,2,42,,#0000ff,,334.77586091005503,5
image_158.png,2,False,261.6580881696374,28.527602014802152,20,#0000ff,Quadrant 1,1,1,42,,#0000ff,,99.87890302049539,5
image_158.png,2,False,431.15037434145034,378.8005236811053,20,#0000ff,Quadrant 4,2,2,42,,#0000ff,,56.54809519839009,5
image_158.png,2,False,500.651816981843,271.7202336560065,20,#0000ff,Quadrant 4,2,2,42,,#0000ff,,220.37541093883075,5
image_158.png,5,False,320.1123287236009,70.8519998092114,20,#0000ff,Quadrant 1,1,1,42,,#0000ff,,128.0492649464152,5
image_158.png,2,False,240.1382085529994,126.02139530724897,20,#0000ff,Quadrant 1,1,1,42,,#0000ff,,85.53664330878765,5
image_158.png,5,False,94.41515987840936,184.431243606694,20,#ff0000,Quadrant 1,1,1,42,,#ff0000,,153.1278155740728,5
image_158.png,5,False,589.8745490906797,372.83721222046097,20,#ff0000,Quadrant 4,2,2,42,,#ff0000,,210.2593263865442,5
image_158.png,5,False,473.4956318144577,125.97184311375891,20,#0000ff,Quadrant 2,1,2,42,,#0000ff,,353.59888540333105,5
image_158.png,2,False,537.9570039967581,272.07801775734487,20,#0000ff,Quadrant 4,2,2,42,,#0000ff,,256.26240755284147,5
image_158.png,5,False,160.4614082852358,245.06276447639124,20,#ff0000,Quadrant 3,2,1,42,,#ff0000,,157.45632698958025,5
image_158.png,5,False,521.3835912575563,379.0758141062065,20,#ff0000,Quadrant 4,2,2,42,,#ff0000,,276.99245842723514,5
image_158.png,5,False,598.0661917873432,165.5059856256226,20,#0000ff,Quadrant 2,1,2,42,,#0000ff,,287.1015264716557,5
image_158.png,5,False,548.0631343016832,213.12767643000356,20,#0000ff,Quadrant 4,2,2,42,,#0000ff,,65.40215062601347,5
image_158.png,2,False,391.8727647660874,306.36446680590046,20,#0000ff,Quadrant 4,2,2,42,,#0000ff,,197.10339074760316,5
image_158.png,5,False,369.7577669956034,137.1004596860792,20,#ff0000,Quadrant 2,1,2,42,,#ff0000,,311.41892895074517,5
image_158.png,2,False,685.2029070832936,285.0671479313427,20,#0000ff,Quadrant 4,2,2,42,,#0000ff,,40.19007313223741,5
image_158.png,2,False,336.98920579448185,192.22944576460262,20,#0000ff,Quadrant 1,1,1,42,,#0000ff,,30.409606994466024,5
image_158.png,2,False,396.3351641051032,269.35099074439785,20,#0000ff,Quadrant 4,2,2,42,,#0000ff,,12.002084455482219,5
image_158.png,5,False,380.11811359915674,171.86425132302543,20,#ff0000,Quadrant 2,1,2,42,,#ff0000,,58.277954396773104,5
image_158.png,5,False,338.1395009475643,151.38672112202565,20,#0000ff,Quadrant 1,1,1,42,,#0000ff,,336.3506637787267,5
image_158.png,5,False,178.78094537872133,356.49714643349273,20,#0000ff,Quadrant 3,2,1,42,,#0000ff,,161.60485746322817,5
image_158.png,5,False,13.07070190767212,367.6210225047836,20,#0000ff,Quadrant 3,2,1,42,,#0000ff,,36.17405661879622,5
image_158.png,5,False,101.14779399903415,380.38939616466075,20,#ff0000,Quadrant 3,2,1,42,,#ff0000,,324.0731048376733,5
image_158.png,5,False,485.33912898212964,314.5606569277614,20,#0000ff,Quadrant 4,2,2,42,,#0000ff,,64.38078223284651,5
image_158.png,5,False,115.2103200818421,140.50742966767294,20,#0000ff,Quadrant 1,1,1,42,,#0000ff,,190.29546202063162,5
image_158.png,5,False,444.5764265257598,28.563783503899483,20,#ff0000,Quadrant 2,1,2,42,,#ff0000,,282.30722613742284,5
image_158.png,5,False,208.2319966182923,150.80275745990127,20,#0000ff,Quadrant 1,1,1,42,,#0000ff,,5.909817855578163,5
image_158.png,2,False,91.57355061754835,154.2525881469832,20,#0000ff,Quadrant 1,1,1,42,,#0000ff,,208.7472919232418,5
image_158.png,5,False,577.452962144807,43.5044197124129,20,#0000ff,Quadrant 2,1,2,42,,#0000ff,,275.9496269001913,5
image_158.png,2,False,72.55008759446412,255.9076174911363,20,#0000ff,Quadrant 3,2,1,42,,#0000ff,,348.9144688637652,5
image_158.png,5,False,218.29877399927875,369.7080473020129,20,#ff0000,Quadrant 3,2,1,42,,#ff0000,,120.85745631693686,5
image_158.png,2,False,625.4750650986882,246.48286747715954,20,#0000ff,Quadrant 4,2,2,42,,#0000ff,,146.20957609035472,5
image_158.png,5,False,555.0571015480169,246.80205943788988,20,#0000ff,Quadrant 4,2,2,42,,#0000ff,,111.66084839786245,5
image_158.png,5,False,520.2412651445878,333.1693248640717,20,#ff0000,Quadrant 4,2,2,42,,#ff0000,,233.6847711010449,5
image_158.png,2,False,288.9769983127356,195.17616898536357,20,#0000ff,Quadrant 1,1,1,42,,#0000ff,,202.4721190207631,5
image_158.png,2,False,513.6596869544801,100.09931694047728,20,#0000ff,Quadrant 2,1,2,42,,#0000ff,,13.817334090411206,5
image_158.png,5,False,473.4523265774983,24.312386611227375,20,#0000ff,Quadrant 2,1,2,42,,#0000ff,,252.84532941283652,5
image_158.png,2,False,636.0481465924723,279.40082856592676,20,#0000ff,Quadrant 4,2,2,42,,#0000ff,,76.21878752865777,5
image_159.png,2,True,298.3949448512247,249.88327324867947,20,#FF0000,Quadrant 3,2,1,99,240,#FF0000,0,287.65167314701864,6
image_159.png,5,False,82.9934606313428,14.87282985334512,20,#ff0000,Quadrant 1,1,1,99,,#ff0000,,303.1807824509139,6
image_159.png,5,False,46.09054760656738,230.06974577711185,20,#ff0000,Quadrant 3,2,1,99,,#ff0000,,265.946544986299,6
image_159.png,2,False,579.1733963384115,371.010338626912,20,#0000ff,Quadrant 4,2,2,99,,#0000ff,,26.465821707352237,6
image_159.png,5,False,671.9212014931928,355.36952818959435,20,#0000ff,Quadrant 4,2,2,99,,#0000ff,,349.0679394175316,6
image_159.png,5,False,479.08158868891155,218.71700878636233,20,#ff0000,Quadrant 4,2,2,99,,#ff0000,,216.98574750937127,6
image_159.png,5,False,184.89143771886688,109.69921942492952,20,#0000ff,Quadrant 1,1,1,99,,#0000ff,,36.413244136929414,6
image_159.png,2,False,265.71808645578886,98.55771368908594,20,#0000ff,Quadrant 1,1,1,99,,#0000ff,,358.3180836979098,6
image_159.png,5,False,85.4154419948307,177.83979986697676,20,#0000ff,Quadrant 1,1,1,99,,#0000ff,,78.85293358425305,6
image_159.png,5,False,608.3152023738655,308.3469437192098,20,#0000ff,Quadrant 4,2,2,99,,#0000ff,,61.997517327216826,6
image_159.png,5,False,451.1853041993421,367.0072607758041,20,#0000ff,Quadrant 4,2,2,99,,#0000ff,,285.0408726067711,6
image_159.png,5,False,393.65198574431076,249.4688698591148,20,#ff0000,Quadrant 4,2,2,99,,#ff0000,,130.98958532039018,6
image_159.png,2,False,303.3440092680674,348.8587685002955,20,#0000ff,Quadrant 3,2,1,99,,#0000ff,,33.85717284546188,6
image_159.png,5,False,580.788308201975,111.19106582817992,20,#0000ff,Quadrant 2,1,2,99,,#0000ff,,337.6162011902492,6
image_159.png,5,False,298.5835213021581,24.945129324541128,20,#0000ff,Quadrant 1,1,1,99,,#0000ff,,31.522851607170534,6
image_159.png,5,False,265.91557924233166,173.59305444916447,20,#0000ff,Quadrant 1,1,1,99,,#0000ff,,275.78206239435053,6
image_159.png,5,False,355.6552701276617,250.22570383711295,20,#0000ff,Quadrant 4,2,2,99,,#0000ff,,245.58737216483988,6
image_159.png,5,False,265.3171528059209,43.62560401429944,20,#ff0000,Quadrant 1,1,1,99,,#ff0000,,262.2241204602172,6
image_159.png,5,False,359.62122344403105,324.169664859772,20,#ff0000,Quadrant 4,2,2,99,,#ff0000,,91.54457847906174,6
image_159.png,5,False,652.3953224130423,289.1863378754799,20,#ff0000,Quadrant 4,2,2,99,,#ff0000,,213.92257974433676,6
image_159.png,5,False,472.71087574393476,11.91879241543032,20,#0000ff,Quadrant 2,1,2,99,,#0000ff,,294.03078623920743,6
image_159.png,5,False,310.94274558143366,57.86224685569629,20,#ff0000,Quadrant 1,1,1,99,,#ff0000,,286.8327181140222,6
image_159.png,2,False,235.3039551479353,140.0819285785886,20,#0000ff,Quadrant 1,1,1,99,,#0000ff,,101.66935843059487,6
image_159.png,5,False,102.30904465120325,376.80648472567145,20,#ff0000,Quadrant 3,2,1,99,,#ff0000,,98.34135066497282,6
image_159.png,2,False,373.1326458432768,75.98690877491819,20,#0000ff,Quadrant 2,1,2,99,,#0000ff,,233.00312664846498,6
image_159.png,2,False,60.48462130310852,158.90822381615413,20,#0000ff,Quadrant 1,1,1,99,,#0000ff,,56.28750659147421,6
image_159.png,2,False,468.4677906260187,259.1854087391393,20,#0000ff,Quadrant 4,2,2,99,,#0000ff,,11.742881903170716,6
image_159.png,2,False,83.5656423214515,306.9799599634944,20,#0000ff,Quadrant 3,2,1,99,,#0000ff,,190.61925155719572,6
image_159.png,5,False,321.94707885011064,103.1725658659493,20,#ff0000,Quadrant 1,1,1,99,,#ff0000,,169.1504113153267,6
image_159.png,5,False,642.0482142252453,173.36785641259883,20,#0000ff,Quadrant 2,1,2,99,,#0000ff,,161.57711178791854,6
image_159.png,2,False,242.3270053344807,202.49822123304136,20,#0000ff,Quadrant 3,2,1,99,,#0000ff,,317.55181775380987,6
image_159.png,5,False,381.2881478816804,179.71995569752497,20,#0000ff,Quadrant 2,1,2,99,,#0000ff,,274.4338668773268,6
image_159.png,5,False,115.07247547216464,228.4172387528559,20,#ff0000,Quadrant 3,2,1,99,,#ff0000,,210.08514141260352,6
image_159.png,5,False,149.66397410161218,195.83586705480877,20,#ff0000,Quadrant 1,1,1,99,,#ff0000,,283.45149566421327,6
image_159.png,5,False,582.3555846093175,294.6003930146476,20,#0000ff,Quadrant 4,2,2,99,,#0000ff,,355.74829870372855,6
image_159.png,2,False,502.37059117142184,304.7197198422002,20,#0000ff,Quadrant 4,2,2,99,,#0000ff,,44.43924370928799,6
image_159.png,5,False,21.20670698079025,102.97712497644028,20,#ff0000,Quadrant 1,1,1,99,,#ff0000,,162.06642758007547,6
image_159.png,2,False,51.18324473906069,56.07045563573339,20,#0000ff,Quadrant 1,1,1,99,,#0000ff,,48.661908757600294,6
image_159.png,5,False,410.48360199175085,42.92579470666311,20,#0000ff,Quadrant 2,1,2,99,,#0000ff,,309.6918475203775,6
image_159.png,5,False,300.54470718589414,80.30625721132182,20,#0000ff,Quadrant 1,1,1,99,,#0000ff,,4.432365149549415,6
image_159.png,5,False,225.2371698505118,370.8209859349183,20,#ff0000,Quadrant 3,2,1,99,,#ff0000,,291.5060810124766,6
image_159.png,5,False,390.1307415535043,274.2054418127653,20,#ff0000,Quadrant 4,2,2,99,,#ff0000,,229.79806096446038,6
image_159.png,5,False,545.9046782971029,138.51860557717356,20,#ff0000,Quadrant 2,1,2,99,,#ff0000,,339.39531002303073,6
image_159.png,5,False,375.73329457777305,23.53667734006136,20,#0000ff,Quadrant 2,1,2,99,,#0000ff,,23.421526713105848,6
image_159.png,2,False,624.2157117944421,198.64653015867384,20,#0000ff,Quadrant 2,1,2,99,,#0000ff,,303.96669999419044,6
image_159.png,2,False,434.82353232253615,208.86537675785803,20,#0000ff,Quadrant 4,2,2,99,,#0000ff,,48.941344434580536,6
image_159.png,5,False,137.73154902116383,372.3739690613924,20,#0000ff,Quadrant 3,2,1,99,,#0000ff,,231.32420992385212,6
image_159.png,5,False,394.87848435910234,317.0000202702532,20,#ff0000,Quadrant 4,2,2,99,,#ff0000,,274.6080817347765,6
image_159.png,2,False,166.7384092625195,383.57138425167403,20,#0000ff,Quadrant 3,2,1,99,,#0000ff,,159.3088896824012,6
image_159.png,5,False,204.31514174342806,85.72423723859463,20,#0000ff,Quadrant 1,1,1,99,,#0000ff,,29.792545232703716,6
image_159.png,2,False,559.5069697295041,193.3380610998631,20,#0000ff,Quadrant 2,1,2,99,,#0000ff,,63.74965595610024,6
image_159.png,5,False,364.9158090848384,134.36646030458175,20,#ff0000,Quadrant 2,1,2,99,,#ff0000,,177.27756397984854,6
image_159.png,2,False,126.91615314194586,97.3397778083003,20,#0000ff,Quadrant 1,1,1,99,,#0000ff,,22.71995516995449,6
image_159.png,2,False,116.19385514915982,307.60532532852704,20,#0000ff,Quadrant 3,2,1,99,,#0000ff,,338.1426148316275,6
image_159.png,2,False,419.34197508661583,333.61962556479415,20,#0000ff,Quadrant 4,2,2,99,,#0000ff,,40.36809404803371,6
image_159.png,2,False,619.6178078385706,121.24032284860195,20,#0000ff,Quadrant 2,1,2,99,,#0000ff,,176.14903924992765,6
image_159.png,5,False,196.7518809376364,172.97430048813652,20,#0000ff,Quadrant 1,1,1,99,,#0000ff,,265.1204153421533,6
image_159.png,2,False,678.8520289406126,244.25340674549057,20,#0000ff,Quadrant 4,2,2,99,,#0000ff,,269.163728708912,6
image_159.png,2,False,76.4479798538451,343.1915643171188,20,#0000ff,Quadrant 3,2,1,99,,#0000ff,,284.2358649680897,6
image_159.png,5,False,497.8565934726844,11.893869615201837,20,#0000ff,Quadrant 2,1,2,99,,#0000ff,,356.89565845967593,6
image_159.png,2,False,193.33838443210942,54.67102417671395,20,#0000ff,Quadrant 1,1,1,99,,#0000ff,,209.04714458725437,6
image_159.png,5,False,73.44759256322548,244.63663487116492,20,#ff0000,Quadrant 3,2,1,99,,#ff0000,,146.05396815507063,6
image_159.png,2,False,655.8661512103871,73.8920551299316,20,#0000ff,Quadrant 2,1,2,99,,#0000ff,,2.5684427150687617,6
image_159.png,2,False,277.1808696958481,327.7183808992792,20,#0000ff,Quadrant 3,2,1,99,,#0000ff,,46.9630357160557,6
image_159.png,5,False,698.4460699006734,148.89500106932314,20,#ff0000,Quadrant 2,1,2,99,,#ff0000,,288.9248686298018,6
image_159.png,5,False,308.78466138554273,147.6512174668981,20,#ff0000,Quadrant 1,1,1,99,,#ff0000,,169.86333346306458,6
image_159.png,5,False,477.9281362850274,142.4970401800807,20,#ff0000,Quadrant 2,1,2,99,,#ff0000,,249.87535301787236,6
image_159.png,2,False,331.102416018635,355.9945848402201,20,#0000ff,Quadrant 3,2,1,99,,#0000ff,,113.72704498240672,6
image_159.png,5,False,392.59445295353385,105.22574145558143,20,#ff0000,Quadrant 2,1,2,99,,#ff0000,,293.6418532008729,6
image_159.png,5,False,670.4423037177432,46.386952886054694,20,#ff0000,Quadrant 2,1,2,99,,#ff0000,,114.20944118259038,6
image_159.png,5,False,90.93057445675475,121.66428163088638,20,#0000ff,Quadrant 1,1,1,99,,#0000ff,,260.3947768711595,6
image_159.png,5,False,676.6794316615684,177.1689604965081,20,#ff0000,Quadrant 2,1,2,99,,#ff0000,,319.26104120855996,6
image_159.png,5,False,334.8044956634826,329.1079809400937,20,#ff0000,Quadrant 3,2,1,99,,#ff0000,,332.312078675523,6
image_159.png,2,False,601.531779001182,262.24395515020217,20,#0000ff,Quadrant 4,2,2,99,,#0000ff,,191.6128095969288,6
image_159.png,5,False,671.9352189701245,332.9805565324664,20,#0000ff,Quadrant 4,2,2,99,,#0000ff,,199.06392347191073,6
image_159.png,5,False,536.2258942155274,76.21555337695546,20,#0000ff,Quadrant 2,1,2,99,,#0000ff,,74.07912148270351,6
image_159.png,5,False,368.2598872096248,369.82573932299226,20,#ff0000,Quadrant 4,2,2,99,,#ff0000,,19.73309547270616,6
image_159.png,5,False,243.84066314712115,67.2494171558986,20,#0000ff,Quadrant 1,1,1,99,,#0000ff,,226.0488716707347,6
image_159.png,5,False,112.18815462685968,330.5994582984417,20,#0000ff,Quadrant 3,2,1,99,,#0000ff,,140.72777237517212,6
image_159.png,5,False,234.75396673199418,298.7524422244221,20,#0000ff,Quadrant 3,2,1,99,,#0000ff,,152.88771161856795,6
image_159.png,5,False,227.67209428980513,173.5959940459651,20,#0000ff,Quadrant 1,1,1,99,,#0000ff,,208.97573713439553,6
image_159.png,5,False,487.11988715423377,91.58761975060636,20,#0000ff,Quadrant 2,1,2,99,,#0000ff,,37.2240590647328,6
image_159.png,2,False,555.1414540619147,250.1743763071327,20,#0000ff,Quadrant 4,2,2,99,,#0000ff,,267.41881876086626,6
image_159.png,5,False,595.1546767446068,28.20391451964031,20,#0000ff,Quadrant 2,1,2,99,,#0000ff,,195.5958883129341,6
image_159.png,5,False,231.3214692518889,107.05474629818586,20,#ff0000,Quadrant 1,1,1,99,,#ff0000,,286.9267072568466,6
image_159.png,5,False,526.1197862672167,206.93236283797873,20,#0000ff,Quadrant 4,2,2,99,,#0000ff,,29.73830020649128,6
image_159.png,5,False,23.29832296305034,245.41801336036073,20,#0000ff,Quadrant 3,2,1,99,,#0000ff,,96.71962732028162,6
image_159.png,5,False,252.21934101619433,359.4028694454994,20,#0000ff,Quadrant 3,2,1,99,,#0000ff,,11.703348574241122,6
image_159.png,5,False,280.1036046026191,202.01340663998656,20,#ff0000,Quadrant 3,2,1,99,,#ff0000,,262.77173143025385,6
image_159.png,2,False,428.7706491594078,251.07008076516712,20,#0000ff,Quadrant 4,2,2,99,,#0000ff,,266.7637616124375,6
image_159.png,2,False,105.39529778467852,11.87286421422057,20,#0000ff,Quadrant 1,1,1,99,,#0000ff,,174.97645988622983,6
image_159.png,2,False,625.5327438155192,57.60225335140321,20,#0000ff,Quadrant 2,1,2,99,,#0000ff,,339.43495565951355,6
image_159.png,2,False,671.04370202745,109.73573910258071,20,#0000ff,Quadrant 2,1,2,99,,#0000ff,,251.74941600714462,6
image_159.png,2,False,353.29868244169,278.7722540717215,20,#0000ff,Quadrant 3,2,1,99,,#0000ff,,284.8166571766796,6
image_159.png,2,False,662.476465709849,266.67798567388047,20,#0000ff,Quadrant 4,2,2,99,,#0000ff,,67.58058797019754,6
image_159.png,5,False,408.3960407761892,371.86854139381956,20,#ff0000,Quadrant 4,2,2,99,,#ff0000,,145.80204688582234,6
image_159.png,5,False,532.4997131637133,282.9857639338594,20,#ff0000,Quadrant 4,2,2,99,,#ff0000,,338.8066053131885,6
image_159.png,5,False,313.88888524924266,207.24983210510388,20,#ff0000,Quadrant 3,2,1,99,,#ff0000,,202.26850625925874,6
image_159.png,5,False,84.52282485623633,98.65257567290907,20,#0000ff,Quadrant 1,1,1,99,,#0000ff,,24.338255629357054,6
image_159.png,5,False,226.7670326502324,22.783591718799006,20,#ff0000,Quadrant 1,1,1,99,,#ff0000,,303.2330373812342,6
image_160.png,2,True,643.6521896148993,132.68177111226663,20,#FF0000,Quadrant 2,1,2,3,240,#FF0000,0,328.9578837435663,1
image_160.png,5,False,368.4424702874287,333.8332505173047,20,#ff0000,Quadrant 4,2,2,3,,#ff0000,,339.5973412899223,1
image_160.png,5,False,547.7686661720189,21.36988729543473,20,#ff0000,Quadrant 2,1,2,3,,#ff0000,,240.1689947005718,1
image_160.png,5,False,104.89791464352032,355.24357949352407,20,#0000ff,Quadrant 3,2,1,3,,#0000ff,,290.1499555630449,1
image_161.png,2,True,366.141747080384,289.32937927434097,20,#FF0000,Quadrant 4,2,2,22,240,#FF0000,0,346.1503502921762,4
image_161.png,5,False,59.33398332863749,151.27517073669827,20,#ff0000,Quadrant 1,1,1,22,,#ff0000,,78.90545135154412,4
image_161.png,5,False,596.5346206123153,369.0469010828165,20,#ff0000,Quadrant 4,2,2,22,,#ff0000,,115.60582606740799,4
image_161.png,2,False,297.6879003290272,348.06326306247706,20,#0000ff,Quadrant 3,2,1,22,,#0000ff,,137.27721801361113,4
image_161.png,2,False,634.8353704846454,45.25084689073682,20,#0000ff,Quadrant 2,1,2,22,,#0000ff,,76.73919018803697,4
image_161.png,5,False,699.2418464340178,384.9208202513498,20,#0000ff,Quadrant 4,2,2,22,,#0000ff,,250.90626085987384,4
image_161.png,2,False,28.612043626117657,103.57329809105508,20,#0000ff,Quadrant 1,1,1,22,,#0000ff,,267.6827731674812,4
image_161.png,2,False,169.72204237432706,197.31413983856646,20,#0000ff,Quadrant 1,1,1,22,,#0000ff,,246.66438743878922,4
image_161.png,5,False,664.1135149678033,194.5739678763254,20,#ff0000,Quadrant 2,1,2,22,,#ff0000,,3.031665374521353,4
image_161.png,2,False,411.10908892363364,343.30698546185573,20,#0000ff,Quadrant 4,2,2,22,,#0000ff,,291.87013561906514,4
image_161.png,5,False,266.66630694613525,59.98514299870776,20,#ff0000,Quadrant 1,1,1,22,,#ff0000,,354.5875460731614,4
image_161.png,5,False,280.50494688563543,324.0314281893812,20,#0000ff,Quadrant 3,2,1,22,,#0000ff,,290.32233889952397,4
image_161.png,5,False,308.37176424316095,113.06618568430952,20,#ff0000,Quadrant 1,1,1,22,,#ff0000,,45.712376739677126,4
image_161.png,2,False,585.9553415298667,228.5516204811302,20,#0000ff,Quadrant 4,2,2,22,,#0000ff,,340.208954202019,4
image_161.png,5,False,161.78304843591525,316.07179866688904,20,#ff0000,Quadrant 3,2,1,22,,#ff0000,,257.941571182002,4
image_161.png,2,False,572.152558641539,383.9392236327139,20,#0000ff,Quadrant 4,2,2,22,,#0000ff,,46.57882071079551,4
image_161.png,5,False,685.1916164537405,48.31466864678218,20,#0000ff,Quadrant 2,1,2,22,,#0000ff,,4.022664214235063,4
image_161.png,5,False,311.01494567138184,370.6526184985681,20,#ff0000,Quadrant 3,2,1,22,,#ff0000,,99.96455755725505,4
image_161.png,2,False,670.8886444799255,147.67079010443072,20,#0000ff,Quadrant 2,1,2,22,,#0000ff,,19.991466504014927,4
image_161.png,5,False,469.8611020929919,169.69469440789942,20,#ff0000,Quadrant 2,1,2,22,,#ff0000,,332.3666722221881,4
image_161.png,5,False,131.08537999852535,55.24235592553391,20,#0000ff,Quadrant 1,1,1,22,,#0000ff,,203.03155424701416,4
image_161.png,2,False,425.3772032210675,236.57248147481096,20,#0000ff,Quadrant 4,2,2,22,,#0000ff,,287.60125453580366,4
image_161.png,5,False,65.04398299693756,341.04198864531327,20,#ff0000,Quadrant 3,2,1,22,,#ff0000,,311.0742830184217,4
image_162.png,2,True,60.71886417836536,107.33061830800602,20,#FF0000,Quadrant 1,1,1,32,240,#FF0000,0,6.877748709380702,4
image_162.png,5,False,667.9154056504964,146.83450207804472,20,#ff0000,Quadrant 2,1,2,32,,#ff0000,,282.67096264538793,4
image_162.png,5,False,20.336960395410593,347.21587140154617,20,#0000ff,Quadrant 3,2,1,32,,#0000ff,,351.45834190881686,4
image_162.png,5,False,258.2029456538886,246.596102614862,20,#ff0000,Quadrant 3,2,1,32,,#ff0000,,91.7532067427913,4
image_162.png,5,False,677.7932061251419,317.0774458690889,20,#ff0000,Quadrant 4,2,2,32,,#ff0000,,106.44870507305006,4
image_162.png,2,False,24.040478895121666,386.55177600963447,20,#0000ff,Quadrant 3,2,1,32,,#0000ff,,130.06136228340657,4
image_162.png,5,False,103.70585869178379,178.63662400495699,20,#0000ff,Quadrant 1,1,1,32,,#0000ff,,142.67354363947825,4
image_162.png,5,False,72.44288450891625,202.6999635426389,20,#0000ff,Quadrant 3,2,1,32,,#0000ff,,265.8524762726065,4
image_162.png,2,False,464.2760319032104,33.63399507476337,20,#0000ff,Quadrant 2,1,2,32,,#0000ff,,63.67779229026305,4
image_162.png,2,False,425.5453765131496,127.52815317228445,20,#0000ff,Quadrant 2,1,2,32,,#0000ff,,203.8118934539288,4
image_162.png,2,False,313.60359329778316,327.8324502663227,20,#0000ff,Quadrant 3,2,1,32,,#0000ff,,338.42998093182104,4
image_162.png,5,False,446.4160049350941,269.46228986806875,20,#0000ff,Quadrant 4,2,2,32,,#0000ff,,92.4202083469645,4
image_162.png,2,False,679.7684611176828,260.97290352278605,20,#0000ff,Quadrant 4,2,2,32,,#0000ff,,308.4323316503067,4
image_162.png,5,False,50.900506084629825,147.91973134991008,20,#ff0000,Quadrant 1,1,1,32,,#ff0000,,144.72020335384886,4
image_162.png,5,False,185.9918471225671,121.57413568428208,20,#0000ff,Quadrant 1,1,1,32,,#0000ff,,148.78613727958847,4
image_162.png,2,False,535.3841278136958,254.2931207337888,20,#0000ff,Quadrant 4,2,2,32,,#0000ff,,101.82830133714175,4
image_162.png,2,False,68.87434594836556,262.0966548544735,20,#0000ff,Quadrant 3,2,1,32,,#0000ff,,245.9461890979997,4
image_162.png,5,False,198.3089445669154,292.9427039929992,20,#0000ff,Quadrant 3,2,1,32,,#0000ff,,227.777438504385,4
image_162.png,5,False,421.43505281900826,279.4711058988491,20,#0000ff,Quadrant 4,2,2,32,,#0000ff,,336.0735468302463,4
image_162.png,5,False,74.60632943672073,335.77605487858114,20,#0000ff,Quadrant 3,2,1,32,,#0000ff,,352.4878824270526,4
image_162.png,5,False,14.42172973442068,260.68773687634354,20,#0000ff,Quadrant 3,2,1,32,,#0000ff,,7.2054564957718625,4
image_162.png,5,False,606.2508541427675,107.41594747514516,20,#ff0000,Quadrant 2,1,2,32,,#ff0000,,306.2648385306192,4
image_162.png,5,False,559.1393148127733,69.46415221369537,20,#0000ff,Quadrant 2,1,2,32,,#0000ff,,317.5089543266234,4
image_162.png,2,False,454.7296453547842,191.15133758064243,20,#0000ff,Quadrant 2,1,2,32,,#0000ff,,201.65395890610182,4
image_162.png,5,False,450.99518733540185,315.49583193983784,20,#0000ff,Quadrant 4,2,2,32,,#0000ff,,143.02699506125273,4
image_162.png,2,False,334.84464966122596,88.78402435142493,20,#0000ff,Quadrant 1,1,1,32,,#0000ff,,307.33220700905383,4
image_162.png,2,False,601.1072275786307,143.53095878774386,20,#0000ff,Quadrant 2,1,2,32,,#0000ff,,89.36332209934997,4
image_162.png,5,False,98.36290502073457,214.450494543341,20,#0000ff,Quadrant 3,2,1,32,,#0000ff,,44.14295220705574,4
image_162.png,5,False,566.8378978623198,174.49655554211807,20,#ff0000,Quadrant 2,1,2,32,,#ff0000,,158.9543673148613,4
image_162.png,2,False,67.23215347049843,56.54573976490474,20,#0000ff,Quadrant 1,1,1,32,,#0000ff,,249.14600625501214,4
image_162.png,5,False,588.7979746937642,58.69588066242167,20,#0000ff,Quadrant 2,1,2,32,,#0000ff,,58.92546159772011,4
image_162.png,2,False,352.8937671596039,361.91607485787915,20,#0000ff,Quadrant 3,2,1,32,,#0000ff,,311.2816525144388,4
image_162.png,5,False,157.45183555626082,347.81503897408436,20,#0000ff,Quadrant 3,2,1,32,,#0000ff,,264.1172337758868,4
image_163.png,2,True,551.931852741795,191.4830330247999,20,#FF0000,Quadrant 2,1,2,3,240,#FF0000,0,308.05964812554527,1
image_163.png,2,False,579.3445403286256,52.951613893356004,20,#0000ff,Quadrant 2,1,2,3,,#0000ff,,173.2746181637998,1
image_163.png,5,False,593.8046469605902,187.93059518243345,20,#ff0000,Quadrant 2,1,2,3,,#ff0000,,289.7851792134442,1
image_163.png,5,False,259.0229532935896,374.90479782695587,20,#0000ff,Quadrant 3,2,1,3,,#0000ff,,250.99635623990483,1
image_164.png,2,True,234.07700298783013,150.93642936057847,20,#FF0000,Quadrant 1,1,1,3,240,#FF0000,0,164.984741303379,1
image_164.png,5,False,160.1475574674554,108.65122758609012,20,#0000ff,Quadrant 1,1,1,3,,#0000ff,,357.61019369047074,1
image_164.png,5,False,515.7358190124858,279.1980820664859,20,#0000ff,Quadrant 4,2,2,3,,#0000ff,,128.49718362977774,1
image_164.png,5,False,658.3339665435551,265.4360123498751,20,#0000ff,Quadrant 4,2,2,3,,#0000ff,,339.20395597845686,1
image_165.png,2,True,688.1797812737645,20.973403959584672,20,#FF0000,Quadrant 2,1,2,5,240,#FF0000,0,255.0896373814761,2
image_165.png,2,False,246.26683090580866,92.57855387755592,20,#0000ff,Quadrant 1,1,1,5,,#0000ff,,203.505364086173,2
image_165.png,2,False,650.7612600962847,188.7163826332995,20,#0000ff,Quadrant 2,1,2,5,,#0000ff,,57.79747493081918,2
image_165.png,5,False,236.29246419058165,202.83871450213394,20,#ff0000,Quadrant 3,2,1,5,,#ff0000,,140.06645296396655,2
image_165.png,2,False,393.61722469595315,385.58955054790897,20,#0000ff,Quadrant 4,2,2,5,,#0000ff,,340.8324856926493,2
image_165.png,5,False,26.74417951514107,165.88487724734307,20,#ff0000,Quadrant 1,1,1,5,,#ff0000,,294.0863614165028,2
image_166.png,2,True,310.8382336083496,341.8030237090267,20,#FF0000,Quadrant 3,2,1,76,240,#FF0000,0,280.03252511684735,6
image_166.png,5,False,129.8382883589099,352.88912581774275,20,#ff0000,Quadrant 3,2,1,76,,#ff0000,,95.11303480524317,6
image_166.png,5,False,42.82027038946802,374.07110868525194,20,#ff0000,Quadrant 3,2,1,76,,#ff0000,,249.10698480702297,6
image_166.png,5,False,165.2906480541758,198.38609368438452,20,#0000ff,Quadrant 1,1,1,76,,#0000ff,,155.64675009071345,6
image_166.png,5,False,349.2800814818722,169.78838070957087,20,#ff0000,Quadrant 1,1,1,76,,#ff0000,,50.24393394700927,6
image_166.png,5,False,279.4283238649948,368.1510592786502,20,#0000ff,Quadrant 3,2,1,76,,#0000ff,,211.11083001055314,6
image_166.png,2,False,587.2483885590965,188.93828233677812,20,#0000ff,Quadrant 2,1,2,76,,#0000ff,,7.81447341763041,6
image_166.png,2,False,248.2009818394162,48.46301495089019,20,#0000ff,Quadrant 1,1,1,76,,#0000ff,,218.6584912489019,6
image_166.png,2,False,339.26161691011407,34.42783927601145,20,#0000ff,Quadrant 1,1,1,76,,#0000ff,,153.7530200235371,6
image_166.png,2,False,25.56186532197399,34.93201035517262,20,#0000ff,Quadrant 1,1,1,76,,#0000ff,,241.16065007887164,6
image_166.png,5,False,410.28737183411187,64.45641954848995,20,#0000ff,Quadrant 2,1,2,76,,#0000ff,,296.93786967773417,6
image_166.png,5,False,78.29398348529843,12.429155648711754,20,#0000ff,Quadrant 1,1,1,76,,#0000ff,,224.4664047755777,6
image_166.png,2,False,433.4759926213326,55.59780618367794,20,#0000ff,Quadrant 2,1,2,76,,#0000ff,,326.74556121146264,6
image_166.png,5,False,192.09843048576124,104.47081003910866,20,#ff0000,Quadrant 1,1,1,76,,#ff0000,,151.3907859057206,6
image_166.png,2,False,641.3267110893869,234.066674380571,20,#0000ff,Quadrant 4,2,2,76,,#0000ff,,94.74035767072807,6
image_166.png,5,False,276.10776090534114,174.37972406321003,20,#0000ff,Quadrant 1,1,1,76,,#0000ff,,216.98552714838232,6
image_166.png,5,False,406.45721713297144,361.4748123560148,20,#0000ff,Quadrant 4,2,2,76,,#0000ff,,55.50588338124303,6
image_166.png,5,False,476.71968096414236,345.5826728272594,20,#ff0000,Quadrant 4,2,2,76,,#ff0000,,316.9924008119118,6
image_166.png,5,False,217.63773117364275,102.60319427541586,20,#ff0000,Quadrant 1,1,1,76,,#ff0000,,190.7644195879046,6
image_166.png,5,False,389.8762232364192,305.07767719523883,20,#0000ff,Quadrant 4,2,2,76,,#0000ff,,110.33680547782022,6
image_166.png,5,False,482.1274987407117,40.98339036313913,20,#ff0000,Quadrant 2,1,2,76,,#ff0000,,284.52318854027266,6
image_166.png,5,False,287.31044873689297,146.2294995904593,20,#0000ff,Quadrant 1,1,1,76,,#0000ff,,293.04762949692594,6
image_166.png,2,False,303.4933074830572,244.37312010817692,20,#0000ff,Quadrant 3,2,1,76,,#0000ff,,71.2324015562129,6
image_166.png,2,False,462.0426385373677,126.37792165105644,20,#0000ff,Quadrant 2,1,2,76,,#0000ff,,310.28941290888406,6
image_166.png,5,False,668.4226065554006,282.667167472815,20,#ff0000,Quadrant 4,2,2,76,,#ff0000,,51.68987558817114,6
image_166.png,5,False,617.1042514956008,210.0167036595309,20,#ff0000,Quadrant 4,2,2,76,,#ff0000,,264.1686536645306,6
image_166.png,5,False,600.1158114508174,376.72369002464103,20,#ff0000,Quadrant 4,2,2,76,,#ff0000,,288.4812118241788,6
image_166.png,5,False,341.807452515881,199.19237473633225,20,#ff0000,Quadrant 1,1,1,76,,#ff0000,,182.31316518435963,6
image_166.png,2,False,23.41027172882286,154.4131231194346,20,#0000ff,Quadrant 1,1,1,76,,#0000ff,,18.723311022244836,6
image_166.png,2,False,670.5092320019459,154.97961059586336,20,#0000ff,Quadrant 2,1,2,76,,#0000ff,,311.83202850337597,6
image_166.png,5,False,64.39268371692046,349.6187966093841,20,#ff0000,Quadrant 3,2,1,76,,#ff0000,,7.26757746185438,6
image_166.png,5,False,103.77464322039998,304.17368505963003,20,#ff0000,Quadrant 3,2,1,76,,#ff0000,,204.04037941144455,6
image_166.png,2,False,182.21223948488617,32.254599627905165,20,#0000ff,Quadrant 1,1,1,76,,#0000ff,,283.2167798865697,6
image_166.png,5,False,375.5560449366206,48.68300583986863,20,#ff0000,Quadrant 2,1,2,76,,#ff0000,,131.18867335922263,6
image_166.png,2,False,54.47602846418703,41.035892288926846,20,#0000ff,Quadrant 1,1,1,76,,#0000ff,,75.24945680014972,6
image_166.png,2,False,42.91551471327769,274.59949438708117,20,#0000ff,Quadrant 3,2,1,76,,#0000ff,,20.713256373897796,6
image_166.png,5,False,30.13260852184715,199.87477235193546,20,#ff0000,Quadrant 1,1,1,76,,#ff0000,,149.34703396683125,6
image_166.png,5,False,173.63729568943793,236.12344412390905,20,#ff0000,Quadrant 3,2,1,76,,#ff0000,,163.13191798855988,6
image_166.png,5,False,63.88017609612872,312.9838284719602,20,#ff0000,Quadrant 3,2,1,76,,#ff0000,,148.943321826566,6
image_166.png,5,False,297.5746995232333,89.89468237872767,20,#0000ff,Quadrant 1,1,1,76,,#0000ff,,353.8171863558223,6
image_166.png,5,False,488.10591362389835,172.1626026051607,20,#ff0000,Quadrant 2,1,2,76,,#ff0000,,97.17256177016581,6
image_166.png,5,False,508.3664727698451,326.45592159487586,20,#ff0000,Quadrant 4,2,2,76,,#ff0000,,122.90093746255893,6
image_166.png,2,False,394.85054700099477,333.59174218546406,20,#0000ff,Quadrant 4,2,2,76,,#0000ff,,23.09201940013546,6
image_166.png,2,False,68.1219154007247,130.38405461701808,20,#0000ff,Quadrant 1,1,1,76,,#0000ff,,122.02624901334188,6
image_166.png,5,False,638.894141280228,374.66992139919444,20,#ff0000,Quadrant 4,2,2,76,,#ff0000,,220.04894515963082,6
image_166.png,2,False,115.10942351104472,164.55664937913997,20,#0000ff,Quadrant 1,1,1,76,,#0000ff,,298.9902322522178,6
image_166.png,5,False,687.0250497929276,197.88118991813647,20,#0000ff,Quadrant 2,1,2,76,,#0000ff,,286.808821661013,6
image_166.png,5,False,594.8216474766549,108.02069579829424,20,#0000ff,Quadrant 2,1,2,76,,#0000ff,,150.17013175701157,6
image_166.png,5,False,192.51838069971797,293.04927354805164,20,#ff0000,Quadrant 3,2,1,76,,#ff0000,,212.6386505039174,6
image_166.png,5,False,534.6961302310696,138.5786292577783,20,#ff0000,Quadrant 2,1,2,76,,#ff0000,,280.929740834289,6
image_166.png,2,False,265.305770445966,221.2959799018588,20,#0000ff,Quadrant 3,2,1,76,,#0000ff,,137.7656848727613,6
image_166.png,5,False,605.4755737527436,144.8577235055307,20,#ff0000,Quadrant 2,1,2,76,,#ff0000,,241.6191488716229,6
image_166.png,5,False,287.6290169575976,289.97038539719534,20,#0000ff,Quadrant 3,2,1,76,,#0000ff,,200.39681599546523,6
image_166.png,5,False,203.2262548164048,62.936782612812394,20,#ff0000,Quadrant 1,1,1,76,,#ff0000,,326.20929475185596,6
image_166.png,2,False,351.14909201846245,248.82095994874618,20,#0000ff,Quadrant 3,2,1,76,,#0000ff,,269.53917075384885,6
image_166.png,2,False,464.31108845003024,381.2317735359322,20,#0000ff,Quadrant 4,2,2,76,,#0000ff,,240.86939561551245,6
image_166.png,2,False,186.54795449411458,166.35065086397546,20,#0000ff,Quadrant 1,1,1,76,,#0000ff,,105.59311100447653,6
image_166.png,5,False,635.5814850750563,13.108466985209205,20,#ff0000,Quadrant 2,1,2,76,,#ff0000,,53.95234163608484,6
image_166.png,5,False,518.9298914982996,269.2384256266537,20,#0000ff,Quadrant 4,2,2,76,,#0000ff,,140.9162058532379,6
image_166.png,5,False,380.91340043930734,13.25538186772128,20,#0000ff,Quadrant 2,1,2,76,,#0000ff,,255.72916140654547,6
image_166.png,5,False,134.34435310406002,118.33249761269423,20,#0000ff,Quadrant 1,1,1,76,,#0000ff,,199.29491646700853,6
image_166.png,5,False,81.72319472437853,247.29991765129577,20,#0000ff,Quadrant 3,2,1,76,,#0000ff,,164.35924915409313,6
image_166.png,5,False,309.65987965317174,195.5033238947674,20,#ff0000,Quadrant 1,1,1,76,,#ff0000,,287.69286465992536,6
image_166.png,5,False,18.353815786679576,251.06430364941698,20,#ff0000,Quadrant 3,2,1,76,,#ff0000,,93.2201426767453,6
image_166.png,5,False,567.9935494242603,316.4744460904995,20,#0000ff,Quadrant 4,2,2,76,,#0000ff,,213.48309494733104,6
image_166.png,5,False,52.910582211826885,92.71547666823781,20,#0000ff,Quadrant 1,1,1,76,,#0000ff,,287.1350297813035,6
image_166.png,2,False,517.5695916596651,161.5260759257228,20,#0000ff,Quadrant 2,1,2,76,,#0000ff,,258.36606068175695,6
image_166.png,5,False,115.50300769497639,227.4203492955762,20,#0000ff,Quadrant 3,2,1,76,,#0000ff,,253.90151134733904,6
image_166.png,2,False,565.6947611470555,386.79626929238304,20,#0000ff,Quadrant 4,2,2,76,,#0000ff,,129.45125532567658,6
image_166.png,5,False,23.63717622335612,177.01508621393555,20,#ff0000,Quadrant 1,1,1,76,,#ff0000,,221.19998109760505,6
image_166.png,5,False,635.2414131199364,336.8712969962036,20,#ff0000,Quadrant 4,2,2,76,,#ff0000,,296.04847122057384,6
image_166.png,5,False,380.17778235878694,86.63383536344567,20,#ff0000,Quadrant 2,1,2,76,,#ff0000,,294.20058982410757,6
image_166.png,5,False,687.7642527078518,252.8148754811889,20,#0000ff,Quadrant 4,2,2,76,,#0000ff,,271.680913717551,6
image_166.png,5,False,494.37679356648664,129.3821069763057,20,#ff0000,Quadrant 2,1,2,76,,#ff0000,,22.311948247643087,6
image_166.png,5,False,430.7528235521875,333.27889956350697,20,#ff0000,Quadrant 4,2,2,76,,#ff0000,,255.2113067517096,6
image_166.png,5,False,559.9967109535775,118.58937216433044,20,#ff0000,Quadrant 2,1,2,76,,#ff0000,,134.26668304633174,6
image_166.png,2,False,89.25813668575532,82.0915130202233,20,#0000ff,Quadrant 1,1,1,76,,#0000ff,,94.63872054664955,6
image_167.png,2,True,92.48693762474494,246.5635405642421,20,#FF0000,Quadrant 3,2,1,68,240,#FF0000,0,322.9579984212868,6
image_167.png,5,False,236.835091641685,196.57614784044347,20,#0000ff,Quadrant 1,1,1,68,,#0000ff,,333.93965439739463,6
image_167.png,5,False,384.517870999668,303.87389685280505,20,#ff0000,Quadrant 4,2,2,68,,#ff0000,,75.51034186069047,6
image_167.png,2,False,27.785228541160734,71.44730824960034,20,#0000ff,Quadrant 1,1,1,68,,#0000ff,,174.49737392875903,6
image_167.png,2,False,317.20002830666147,141.21130909747905,20,#0000ff,Quadrant 1,1,1,68,,#0000ff,,282.2605571222358,6
image_167.png,5,False,673.8567123746296,147.35534308538723,20,#0000ff,Quadrant 2,1,2,68,,#0000ff,,249.64858122477472,6
image_167.png,5,False,91.6586980365028,135.54199842621688,20,#0000ff,Quadrant 1,1,1,68,,#0000ff,,323.4112386419696,6
image_167.png,5,False,562.8719585357974,219.98022498812315,20,#0000ff,Quadrant 4,2,2,68,,#0000ff,,29.023451753508848,6
image_167.png,2,False,260.0346574941012,89.7238457331053,20,#0000ff,Quadrant 1,1,1,68,,#0000ff,,4.845141612286903,6
image_167.png,5,False,27.889365585535266,293.99254737048074,20,#ff0000,Quadrant 3,2,1,68,,#ff0000,,31.605572586040957,6
image_167.png,2,False,677.7959791003495,364.9295140935486,20,#0000ff,Quadrant 4,2,2,68,,#0000ff,,45.78318631607046,6
image_167.png,5,False,648.3438276554747,380.50824277023,20,#ff0000,Quadrant 4,2,2,68,,#ff0000,,92.98485239969271,6
image_167.png,2,False,410.94880447502686,356.567427923609,20,#0000ff,Quadrant 4,2,2,68,,#0000ff,,119.23940266680289,6
image_167.png,5,False,441.6024751676624,307.5764888874165,20,#0000ff,Quadrant 4,2,2,68,,#0000ff,,146.57970169228807,6
image_167.png,2,False,363.0296185590875,327.523949736671,20,#0000ff,Quadrant 4,2,2,68,,#0000ff,,161.30644948337567,6
image_167.png,2,False,151.31827039481104,29.309203698703037,20,#0000ff,Quadrant 1,1,1,68,,#0000ff,,64.14026190547332,6
image_167.png,5,False,294.50123488840313,28.14868029891402,20,#ff0000,Quadrant 1,1,1,68,,#ff0000,,148.59939568884772,6
image_167.png,5,False,152.3712026336311,330.5302684925137,20,#ff0000,Quadrant 3,2,1,68,,#ff0000,,73.29082885224663,6
image_167.png,5,False,626.6811273950702,158.18231294089358,20,#ff0000,Quadrant 2,1,2,68,,#ff0000,,204.2971986521639,6
image_167.png,5,False,154.01041773630396,172.60326767175633,20,#0000ff,Quadrant 1,1,1,68,,#0000ff,,155.04453232208587,6
image_167.png,5,False,91.84777419017378,22.993036650626237,20,#ff0000,Quadrant 1,1,1,68,,#ff0000,,198.69239981343352,6
image_167.png,2,False,234.50874612978274,241.80012253325202,20,#0000ff,Quadrant 3,2,1,68,,#0000ff,,276.66586110191986,6
image_167.png,5,False,278.8131458424478,290.04795137459536,20,#0000ff,Quadrant 3,2,1,68,,#0000ff,,234.834180288162,6
image_167.png,5,False,359.79900057253826,169.17974860961343,20,#ff0000,Quadrant 2,1,2,68,,#ff0000,,171.58749747372394,6
image_167.png,5,False,591.9201662184677,303.8099059222301,20,#ff0000,Quadrant 4,2,2,68,,#ff0000,,190.76968357591488,6
image_167.png,5,False,45.70897860596553,270.8456017555098,20,#ff0000,Quadrant 3,2,1,68,,#ff0000,,167.09093704815703,6
image_167.png,2,False,646.3902591315178,63.39406694047278,20,#0000ff,Quadrant 2,1,2,68,,#0000ff,,188.50970692383237,6
image_167.png,5,False,289.1940927744777,210.35784546466698,20,#0000ff,Quadrant 3,2,1,68,,#0000ff,,302.21834382209096,6
image_167.png,5,False,271.7186651900313,345.2332292625097,20,#ff0000,Quadrant 3,2,1,68,,#ff0000,,4.05838880656499,6
image_167.png,5,False,120.98452875830796,233.26152440717064,20,#ff0000,Quadrant 3,2,1,68,,#ff0000,,315.0877106672252,6
image_167.png,5,False,386.0215568914815,111.64599870644187,20,#ff0000,Quadrant 2,1,2,68,,#ff0000,,133.0147259076608,6
image_167.png,5,False,545.8309148827877,267.13857051688296,20,#ff0000,Quadrant 4,2,2,68,,#ff0000,,152.02431199353455,6
image_167.png,5,False,431.0447479164456,183.49676501383388,20,#ff0000,Quadrant 2,1,2,68,,#ff0000,,239.6974851191989,6
image_167.png,2,False,39.44719074810293,34.54498704361336,20,#0000ff,Quadrant 1,1,1,68,,#0000ff,,78.0997497170571,6
image_167.png,5,False,14.020976913461428,217.413846563818,20,#0000ff,Quadrant 3,2,1,68,,#0000ff,,201.15527913687373,6
image_167.png,5,False,378.9150939581172,83.72626607404347,20,#0000ff,Quadrant 2,1,2,68,,#0000ff,,323.0571411546162,6
image_167.png,2,False,643.4591120170285,184.07466510119087,20,#0000ff,Quadrant 2,1,2,68,,#0000ff,,194.1070122701883,6
image_167.png,2,False,526.1614268198055,167.87831990800515,20,#0000ff,Quadrant 2,1,2,68,,#0000ff,,253.16379392220895,6
image_167.png,5,False,428.42412217836136,229.46939088501188,20,#ff0000,Quadrant 4,2,2,68,,#ff0000,,331.88400052777513,6
image_167.png,2,False,453.62402762192204,137.4138131952482,20,#0000ff,Quadrant 2,1,2,68,,#0000ff,,332.04463356156947,6
image_167.png,5,False,299.1868115468509,342.4516208660458,20,#ff0000,Quadrant 3,2,1,68,,#ff0000,,38.4895334066476,6
image_167.png,5,False,449.6199382530062,99.8053841054272,20,#ff0000,Quadrant 2,1,2,68,,#ff0000,,194.5844604236212,6
image_167.png,2,False,206.47296725943792,74.15944772825628,20,#0000ff,Quadrant 1,1,1,68,,#0000ff,,257.18591830147494,6
image_167.png,5,False,278.12360512260653,62.9845970876366,20,#0000ff,Quadrant 1,1,1,68,,#0000ff,,240.7158681881387,6
image_167.png,2,False,120.58540282966713,96.44001496636609,20,#0000ff,Quadrant 1,1,1,68,,#0000ff,,351.37162742064965,6
image_167.png,5,False,314.525954416902,114.6633818020184,20,#0000ff,Quadrant 1,1,1,68,,#0000ff,,331.77152013595844,6
image_167.png,5,False,537.3777758567536,136.51605429618337,20,#0000ff,Quadrant 2,1,2,68,,#0000ff,,322.87657234727567,6
image_167.png,5,False,247.2888632256284,58.3312939516017,20,#0000ff,Quadrant 1,1,1,68,,#0000ff,,303.2997601768109,6
image_167.png,5,False,241.19514454429734,308.9578813275866,20,#0000ff,Quadrant 3,2,1,68,,#0000ff,,53.888036718236165,6
image_167.png,5,False,27.171461531053264,129.8559587885693,20,#ff0000,Quadrant 1,1,1,68,,#ff0000,,156.04371785994317,6
image_167.png,2,False,123.74854741233501,282.12794780232616,20,#0000ff,Quadrant 3,2,1,68,,#0000ff,,81.95925642576107,6
image_167.png,5,False,373.1482735845216,384.8503651576739,20,#ff0000,Quadrant 4,2,2,68,,#ff0000,,241.5310698264597,6
image_167.png,5,False,196.12407995717126,220.654501271118,20,#ff0000,Quadrant 3,2,1,68,,#ff0000,,134.25312414024427,6
image_167.png,2,False,649.0521669504811,277.88060679617263,20,#0000ff,Quadrant 4,2,2,68,,#0000ff,,176.62050690245889,6
image_167.png,5,False,170.7201654458922,149.20907534314216,20,#ff0000,Quadrant 1,1,1,68,,#ff0000,,52.43706951420312,6
image_167.png,5,False,64.1557721452196,321.6867412907442,20,#0000ff,Quadrant 3,2,1,68,,#0000ff,,18.823347856911248,6
image_167.png,5,False,449.68416145788007,24.74998580893992,20,#ff0000,Quadrant 2,1,2,68,,#ff0000,,307.926803980246,6
image_167.png,5,False,469.8786906636726,340.9962580660164,20,#0000ff,Quadrant 4,2,2,68,,#0000ff,,128.02246615611887,6
image_167.png,5,False,655.5539773125823,104.97765452150408,20,#0000ff,Quadrant 2,1,2,68,,#0000ff,,339.39630383218423,6
image_167.png,5,False,100.77190893119214,288.90299559050476,20,#0000ff,Quadrant 3,2,1,68,,#0000ff,,307.51615780628987,6
image_167.png,2,False,459.4122641683887,70.07040204153287,20,#0000ff,Quadrant 2,1,2,68,,#0000ff,,310.3904005395333,6
image_167.png,5,False,503.00342450989564,139.4726806093074,20,#ff0000,Quadrant 2,1,2,68,,#ff0000,,65.12325924399488,6
image_167.png,2,False,544.0994580556394,85.95553473879202,20,#0000ff,Quadrant 2,1,2,68,,#0000ff,,20.339578536651697,6
image_167.png,5,False,319.2823450396378,248.0809255777074,20,#ff0000,Quadrant 3,2,1,68,,#ff0000,,16.50564037124944,6
image_167.png,5,False,571.6837516787639,46.23206981021781,20,#ff0000,Quadrant 2,1,2,68,,#ff0000,,311.23100312397,6
image_167.png,5,False,257.3861612982954,370.2787811494243,20,#0000ff,Quadrant 3,2,1,68,,#0000ff,,230.1589156155018,6
image_167.png,5,False,307.9974387897713,270.23803278577503,20,#ff0000,Quadrant 3,2,1,68,,#ff0000,,50.45345105484807,6
image_167.png,5,False,681.503841717597,118.52131923031097,20,#0000ff,Quadrant 2,1,2,68,,#0000ff,,305.0520765420577,6
image_167.png,5,False,697.2222563650556,16.62230348089148,20,#0000ff,Quadrant 2,1,2,68,,#0000ff,,28.631489794028813,6
image_168.png,2,True,424.0593793652075,351.2989495846278,20,#FF0000,Quadrant 4,2,2,8,240,#FF0000,0,123.61024446259505,2
image_168.png,5,False,229.0185343432757,363.2935392205204,20,#ff0000,Quadrant 3,2,1,8,,#ff0000,,177.67575034718118,2
image_168.png,5,False,618.4249991599373,72.85997536580655,20,#0000ff,Quadrant 2,1,2,8,,#0000ff,,242.31805357288866,2
image_168.png,2,False,25.10420483491968,260.05223421025966,20,#0000ff,Quadrant 3,2,1,8,,#0000ff,,262.2723686930321,2
image_168.png,5,False,203.40374153252378,254.1929788051198,20,#ff0000,Quadrant 3,2,1,8,,#ff0000,,164.8744485807919,2
image_168.png,5,False,505.3994563814829,65.99135698533175,20,#0000ff,Quadrant 2,1,2,8,,#0000ff,,82.04447090070099,2
image_168.png,5,False,372.9317611403508,369.60856160042204,20,#0000ff,Quadrant 4,2,2,8,,#0000ff,,244.4778919544645,2
image_168.png,5,False,48.06306926317682,387.9100755144538,20,#0000ff,Quadrant 3,2,1,8,,#0000ff,,316.1357591647837,2
image_168.png,5,False,449.4040640407749,299.98775730046765,20,#0000ff,Quadrant 4,2,2,8,,#0000ff,,46.612335549727895,2
image_169.png,2,True,214.81936298915463,223.78392433034693,20,#FF0000,Quadrant 3,2,1,6,240,#FF0000,0,238.13868491708735,2
image_169.png,2,False,321.52008042907204,350.4024284442196,20,#0000ff,Quadrant 3,2,1,6,,#0000ff,,3.6621068986200056,2
image_169.png,2,False,211.88980511708053,76.67425946849656,20,#0000ff,Quadrant 1,1,1,6,,#0000ff,,201.25309277301335,2
image_169.png,2,False,101.35164723872519,59.63979592952433,20,#0000ff,Quadrant 1,1,1,6,,#0000ff,,228.97971491130008,2
image_169.png,5,False,251.2223248013862,239.47988012132927,20,#ff0000,Quadrant 3,2,1,6,,#ff0000,,127.97852264442578,2
image_169.png,2,False,454.2020673797152,188.49838664456377,20,#0000ff,Quadrant 2,1,2,6,,#0000ff,,0.6353679542201762,2
image_169.png,2,False,582.2127966756923,291.99740799273536,20,#0000ff,Quadrant 4,2,2,6,,#0000ff,,276.1268382184421,2
image_170.png,2,True,252.34159144987984,55.21707642039696,20,#FF0000,Quadrant 1,1,1,87,240,#FF0000,0,321.2056295305927,6
image_170.png,5,False,541.9315726653899,119.41850766039994,20,#0000ff,Quadrant 2,1,2,87,,#0000ff,,53.059311194748446,6
image_170.png,2,False,609.855793364624,272.4916265915361,20,#0000ff,Quadrant 4,2,2,87,,#0000ff,,20.11458738162977,6
image_170.png,2,False,160.13773502408472,366.3160864811901,20,#0000ff,Quadrant 3,2,1,87,,#0000ff,,307.19481374943695,6
image_170.png,5,False,212.50458326510972,132.97232595576142,20,#0000ff,Quadrant 1,1,1,87,,#0000ff,,219.72643012887542,6
image_170.png,5,False,437.7510985073358,291.63728863475285,20,#0000ff,Quadrant 4,2,2,87,,#0000ff,,308.47778586605756,6
image_170.png,2,False,76.22148866052488,260.48263897826666,20,#0000ff,Quadrant 3,2,1,87,,#0000ff,,229.459425023108,6
image_170.png,2,False,540.267232564066,379.42802169375545,20,#0000ff,Quadrant 4,2,2,87,,#0000ff,,92.16990779733136,6
image_170.png,5,False,324.99773319605134,195.31016360234153,20,#ff0000,Quadrant 1,1,1,87,,#ff0000,,228.83293293246308,6
image_170.png,2,False,439.36234653471035,368.9667357052035,20,#0000ff,Quadrant 4,2,2,87,,#0000ff,,159.8214519698155,6
image_170.png,5,False,276.1478669327176,93.1442662933458,20,#0000ff,Quadrant 1,1,1,87,,#0000ff,,335.7513931904166,6
image_170.png,5,False,186.95039465132632,259.2597377612566,20,#0000ff,Quadrant 3,2,1,87,,#0000ff,,64.54993468078199,6
image_170.png,2,False,13.28518073194908,301.6799544058757,20,#0000ff,Quadrant 3,2,1,87,,#0000ff,,163.0814359713505,6
image_170.png,2,False,38.62409297816845,205.0743137965462,20,#0000ff,Quadrant 3,2,1,87,,#0000ff,,265.9359316288822,6
image_170.png,5,False,367.29090073439477,197.97088312227757,20,#ff0000,Quadrant 2,1,2,87,,#ff0000,,217.53569910570627,6
image_170.png,5,False,460.06790070585146,245.47967732407687,20,#ff0000,Quadrant 4,2,2,87,,#ff0000,,252.13277838668515,6
image_170.png,5,False,566.0160871892299,317.4675204176424,20,#0000ff,Quadrant 4,2,2,87,,#0000ff,,139.96909144264797,6
image_170.png,2,False,505.85049113194196,225.96856406379752,20,#0000ff,Quadrant 4,2,2,87,,#0000ff,,162.8546869033115,6
image_170.png,5,False,522.4904858070213,17.749101475105576,20,#0000ff,Quadrant 2,1,2,87,,#0000ff,,291.08642796315746,6
image_170.png,2,False,426.6580810732458,229.2154344511217,20,#0000ff,Quadrant 4,2,2,87,,#0000ff,,37.67754341397149,6
image_170.png,5,False,318.52354819483327,313.76166370066625,20,#ff0000,Quadrant 3,2,1,87,,#ff0000,,334.26663266317297,6
image_170.png,5,False,239.39852518679035,95.62703498437553,20,#ff0000,Quadrant 1,1,1,87,,#ff0000,,130.00221752674133,6
image_170.png,5,False,617.2227181628455,243.94657226233082,20,#ff0000,Quadrant 4,2,2,87,,#ff0000,,322.8277061719612,6
image_170.png,5,False,272.44785424004596,249.30925350727216,20,#0000ff,Quadrant 3,2,1,87,,#0000ff,,309.3733409592873,6
image_170.png,5,False,460.12195009587344,341.5939411191148,20,#ff0000,Quadrant 4,2,2,87,,#ff0000,,184.58492489971945,6
image_170.png,2,False,493.4217572355772,136.0823677355663,20,#0000ff,Quadrant 2,1,2,87,,#0000ff,,34.39936176735113,6
image_170.png,5,False,635.8289989942936,269.4251141504579,20,#0000ff,Quadrant 4,2,2,87,,#0000ff,,228.13090925810084,6
image_170.png,2,False,476.9873794242289,190.8256233775915,20,#0000ff,Quadrant 2,1,2,87,,#0000ff,,327.89806325451974,6
image_170.png,5,False,190.24157290459257,310.8327890785145,20,#ff0000,Quadrant 3,2,1,87,,#ff0000,,58.86673540324074,6
image_170.png,5,False,29.112123021795494,133.91486222008584,20,#0000ff,Quadrant 1,1,1,87,,#0000ff,,309.3281301578782,6
image_170.png,2,False,430.3994859860438,316.8822561798504,20,#0000ff,Quadrant 4,2,2,87,,#0000ff,,90.39450373865824,6
image_170.png,5,False,228.43042272099288,267.48516122424905,20,#ff0000,Quadrant 3,2,1,87,,#ff0000,,237.5134365056435,6
image_170.png,5,False,472.0317859390974,219.98253089984115,20,#0000ff,Quadrant 4,2,2,87,,#0000ff,,227.87817995676608,6
image_170.png,2,False,62.30471010041037,145.0945887586212,20,#0000ff,Quadrant 1,1,1,87,,#0000ff,,338.85115652784697,6
image_170.png,5,False,14.816543749139583,179.09604072737253,20,#ff0000,Quadrant 1,1,1,87,,#ff0000,,190.05927442989324,6
image_170.png,5,False,118.52178620440489,44.51848145057578,20,#0000ff,Quadrant 1,1,1,87,,#0000ff,,322.4517064913318,6
image_170.png,2,False,522.1121596186867,167.58680586816158,20,#0000ff,Quadrant 2,1,2,87,,#0000ff,,100.01627190650814,6
image_170.png,5,False,512.7284598077349,270.4202274254969,20,#ff0000,Quadrant 4,2,2,87,,#ff0000,,290.1672114794891,6
image_170.png,5,False,246.7515081653868,154.06925893185843,20,#0000ff,Quadrant 1,1,1,87,,#0000ff,,235.45679400812222,6
image_170.png,5,False,592.6243630767789,330.7851354700877,20,#0000ff,Quadrant 4,2,2,87,,#0000ff,,133.25112842717138,6
image_170.png,2,False,68.592888241636,33.17291508315928,20,#0000ff,Quadrant 1,1,1,87,,#0000ff,,350.69456747405076,6
image_170.png,5,False,139.02930700633888,128.41387286576673,20,#ff0000,Quadrant 1,1,1,87,,#ff0000,,273.8724706542185,6
image_170.png,2,False,629.2813996740269,94.0571639995594,20,#0000ff,Quadrant 2,1,2,87,,#0000ff,,305.91515378268724,6
image_170.png,2,False,614.0112205819102,123.01570227994057,20,#0000ff,Quadrant 2,1,2,87,,#0000ff,,73.38238954075113,6
image_170.png,5,False,59.43797492591495,347.78420618584914,20,#ff0000,Quadrant 3,2,1,87,,#ff0000,,255.3629749279222,6
image_170.png,5,False,54.000739126708034,228.53934736226873,20,#ff0000,Quadrant 3,2,1,87,,#ff0000,,208.3612629239366,6
image_170.png,5,False,284.7449426359501,31.63201061826883,20,#0000ff,Quadrant 1,1,1,87,,#0000ff,,143.30851021284352,6
image_170.png,2,False,407.98801250292433,112.75542225510097,20,#0000ff,Quadrant 2,1,2,87,,#0000ff,,20.764614339156644,6
image_170.png,5,False,406.5686935544919,334.13959700939984,20,#0000ff,Quadrant 4,2,2,87,,#0000ff,,236.49101482590373,6
image_170.png,5,False,475.8910469389125,50.277640571382804,20,#0000ff,Quadrant 2,1,2,87,,#0000ff,,219.16134443184,6
image_170.png,2,False,402.155339716593,246.08880159540203,20,#0000ff,Quadrant 4,2,2,87,,#0000ff,,159.53917631224255,6
image_170.png,2,False,322.6475052633444,223.88401278705845,20,#0000ff,Quadrant 3,2,1,87,,#0000ff,,256.37386716062457,6
image_170.png,5,False,324.6805542403499,246.01063751008553,20,#0000ff,Quadrant 3,2,1,87,,#0000ff,,279.96620146964966,6
image_170.png,5,False,318.97719186326384,106.87426792074412,20,#ff0000,Quadrant 1,1,1,87,,#ff0000,,358.6437548973266,6
image_170.png,2,False,696.0444313432354,333.06575715314244,20,#0000ff,Quadrant 4,2,2,87,,#0000ff,,41.637842450056304,6
image_170.png,2,False,115.30597943649599,259.6740133256229,20,#0000ff,Quadrant 3,2,1,87,,#0000ff,,162.837971067744,6
image_170.png,2,False,537.89043614463,208.2716569121892,20,#0000ff,Quadrant 4,2,2,87,,#0000ff,,137.46887803515787,6
image_170.png,5,False,120.8132584872587,213.12035139641975,20,#0000ff,Quadrant 3,2,1,87,,#0000ff,,6.394806152973738,6
image_170.png,2,False,235.65009702399612,225.66573966513397,20,#0000ff,Quadrant 3,2,1,87,,#0000ff,,151.2505382684292,6
image_170.png,5,False,62.37244528243787,102.21476160061611,20,#0000ff,Quadrant 1,1,1,87,,#0000ff,,184.55667005304437,6
image_170.png,2,False,250.16340043501435,315.4449834861839,20,#0000ff,Quadrant 3,2,1,87,,#0000ff,,21.59395990666337,6
image_170.png,2,False,535.0430063342086,243.93391691427337,20,#0000ff,Quadrant 4,2,2,87,,#0000ff,,35.366815758834036,6
image_170.png,5,False,621.8903026220353,388.8707305573753,20,#ff0000,Quadrant 4,2,2,87,,#ff0000,,201.50087865641703,6
image_170.png,2,False,355.86712301105536,386.5294215605398,20,#0000ff,Quadrant 4,2,2,87,,#0000ff,,7.5991262831324535,6
image_170.png,5,False,371.0963558557003,348.3797623618938,20,#0000ff,Quadrant 4,2,2,87,,#0000ff,,297.67143556462565,6
image_170.png,5,False,292.9582434090146,338.1329430878349,20,#0000ff,Quadrant 3,2,1,87,,#0000ff,,349.3257361703001,6
image_170.png,5,False,482.3897502578986,379.53852885546684,20,#0000ff,Quadrant 4,2,2,87,,#0000ff,,174.42987990534246,6
image_170.png,2,False,698.9425144617221,23.656120696057933,20,#0000ff,Quadrant 2,1,2,87,,#0000ff,,63.590227831555666,6
image_170.png,2,False,395.727950621437,175.50703900539656,20,#0000ff,Quadrant 2,1,2,87,,#0000ff,,125.11768141547093,6
image_170.png,5,False,447.5970654689021,187.99709263825696,20,#ff0000,Quadrant 2,1,2,87,,#ff0000,,219.878228823466,6
image_170.png,5,False,37.11222829680784,14.788431655734254,20,#ff0000,Quadrant 1,1,1,87,,#ff0000,,215.67013596096615,6
image_170.png,2,False,653.3302689275444,326.65291992285523,20,#0000ff,Quadrant 4,2,2,87,,#0000ff,,76.41064237392459,6
image_170.png,2,False,346.0792962869996,298.2010591102658,20,#0000ff,Quadrant 3,2,1,87,,#0000ff,,330.9639199874498,6
image_170.png,5,False,596.8800754757698,73.53051416396761,20,#0000ff,Quadrant 2,1,2,87,,#0000ff,,207.81188778683395,6
image_170.png,5,False,489.251959858235,107.79369657816582,20,#0000ff,Quadrant 2,1,2,87,,#0000ff,,95.01096510486639,6
image_170.png,5,False,655.2797919667893,188.8687884113997,20,#ff0000,Quadrant 2,1,2,87,,#ff0000,,56.55389402835289,6
image_170.png,2,False,505.26684009158276,66.64434511491129,20,#0000ff,Quadrant 2,1,2,87,,#0000ff,,245.314061291763,6
image_170.png,5,False,499.8162919168967,334.8271929853876,20,#0000ff,Quadrant 4,2,2,87,,#0000ff,,4.433671171323104,6
image_170.png,5,False,602.1063434157624,215.51838258051276,20,#ff0000,Quadrant 4,2,2,87,,#ff0000,,15.000174725861047,6
image_170.png,5,False,250.28898946463934,177.57910823026438,20,#ff0000,Quadrant 1,1,1,87,,#ff0000,,131.51310611129998,6
image_170.png,5,False,273.1847438396099,208.91195303845583,20,#0000ff,Quadrant 3,2,1,87,,#0000ff,,260.62150119491565,6
image_170.png,5,False,104.48272585974935,366.7456926838425,20,#ff0000,Quadrant 3,2,1,87,,#ff0000,,71.26789172024387,6
image_170.png,5,False,613.4695975167816,365.2658730931747,20,#0000ff,Quadrant 4,2,2,87,,#0000ff,,298.5952553571837,6
image_170.png,5,False,532.6554805981639,332.747532589958,20,#ff0000,Quadrant 4,2,2,87,,#ff0000,,332.95437813914174,6
image_170.png,5,False,72.8374735553469,384.1790593725558,20,#ff0000,Quadrant 3,2,1,87,,#ff0000,,264.99975484251456,6
image_170.png,5,False,209.53401534906573,54.006040766278204,20,#0000ff,Quadrant 1,1,1,87,,#0000ff,,97.13851906595337,6
image_170.png,2,False,127.4632130604175,15.54535244959998,20,#0000ff,Quadrant 1,1,1,87,,#0000ff,,55.68737162768138,6
image_170.png,2,False,583.6425997141969,266.7575276167454,20,#0000ff,Quadrant 4,2,2,87,,#0000ff,,277.7797724815086,6
image_171.png,2,True,319.3743673473101,222.3023400023545,20,#FF0000,Quadrant 3,2,1,2,240,#FF0000,0,186.41044214723408,1
image_171.png,5,False,270.1205825102868,357.18306378663584,20,#ff0000,Quadrant 3,2,1,2,,#ff0000,,317.65930816049865,1
image_171.png,5,False,192.20226632185182,39.06214240165621,20,#ff0000,Quadrant 1,1,1,2,,#ff0000,,217.87656140012197,1
image_172.png,2,True,59.64562167675194,66.0757800512545,20,#FF0000,Quadrant 1,1,1,42,240,#FF0000,0,221.88702591300182,5
image_172.png,5,False,699.95189819043,153.77531212240643,20,#ff0000,Quadrant 2,1,2,42,,#ff0000,,209.59725786646302,5
image_172.png,2,False,268.1741459001374,198.24794455250486,20,#0000ff,Quadrant 1,1,1,42,,#0000ff,,174.50771169711075,5
image_172.png,5,False,447.81034020773814,147.1911778625569,20,#0000ff,Quadrant 2,1,2,42,,#0000ff,,234.3342407691055,5
image_172.png,5,False,228.7091672993617,24.06443197673145,20,#0000ff,Quadrant 1,1,1,42,,#0000ff,,328.64960121687204,5
image_172.png,2,False,158.62334800409178,74.54606523223217,20,#0000ff,Quadrant 1,1,1,42,,#0000ff,,26.3945464079206,5
image_172.png,2,False,372.9212767873579,45.68608592675336,20,#0000ff,Quadrant 2,1,2,42,,#0000ff,,274.5096007822364,5
image_172.png,2,False,421.53325534609246,76.93069746736317,20,#0000ff,Quadrant 2,1,2,42,,#0000ff,,35.806404811470344,5
image_172.png,2,False,548.3902677411822,167.49047952358458,20,#0000ff,Quadrant 2,1,2,42,,#0000ff,,9.240159750098291,5
image_172.png,5,False,467.3556867938535,119.18515040490655,20,#ff0000,Quadrant 2,1,2,42,,#ff0000,,353.3613893464683,5
image_172.png,5,False,347.2142221968911,305.6780145219514,20,#0000ff,Quadrant 3,2,1,42,,#0000ff,,288.79859134373163,5
image_172.png,5,False,599.1843155778279,91.29244803330687,20,#ff0000,Quadrant 2,1,2,42,,#ff0000,,357.68895908058965,5
image_172.png,5,False,215.65981448603597,101.98112442818578,20,#0000ff,Quadrant 1,1,1,42,,#0000ff,,184.4916698417563,5
image_172.png,5,False,542.4664070749761,204.7679773616543,20,#ff0000,Quadrant 4,2,2,42,,#ff0000,,118.60204149096799,5
image_172.png,5,False,94.73368269339235,297.9935737786337,20,#0000ff,Quadrant 3,2,1,42,,#0000ff,,42.20814913449161,5
image_172.png,5,False,423.2882912907063,280.66548669700114,20,#0000ff,Quadrant 4,2,2,42,,#0000ff,,166.55503079151657,5
image_172.png,2,False,314.6871847288143,157.5311529247902,20,#0000ff,Quadrant 1,1,1,42,,#0000ff,,222.88226372771769,5
image_172.png,5,False,319.51360556433923,294.95200524040615,20,#ff0000,Quadrant 3,2,1,42,,#ff0000,,190.01679033635259,5
image_172.png,5,False,609.508652395332,197.70554412583945,20,#ff0000,Quadrant 2,1,2,42,,#ff0000,,253.17023611083053,5
image_172.png,5,False,378.2799736167014,241.97058332638386,20,#ff0000,Quadrant 4,2,2,42,,#ff0000,,314.2392747742524,5
image_172.png,2,False,191.31993291649334,155.03874494178854,20,#0000ff,Quadrant 1,1,1,42,,#0000ff,,8.750180814659254,5
image_172.png,2,False,40.29779551787131,379.01050893792956,20,#0000ff,Quadrant 3,2,1,42,,#0000ff,,34.87099153032147,5
image_172.png,5,False,589.0101654799358,297.4247824729743,20,#ff0000,Quadrant 4,2,2,42,,#ff0000,,216.70786676684094,5
image_172.png,2,False,385.2776326124682,17.805827710115025,20,#0000ff,Quadrant 2,1,2,42,,#0000ff,,56.196383164738144,5
image_172.png,2,False,132.6959998503367,332.5161039816514,20,#0000ff,Quadrant 3,2,1,42,,#0000ff,,343.79634895560145,5
image_172.png,2,False,496.41219328162015,319.43323222046945,20,#0000ff,Quadrant 4,2,2,42,,#0000ff,,29.651490386651492,5
image_172.png,5,False,627.2989281508997,70.23995920815692,20,#0000ff,Quadrant 2,1,2,42,,#0000ff,,178.31920751495088,5
image_172.png,2,False,502.2596206642741,372.3394244494427,20,#0000ff,Quadrant 4,2,2,42,,#0000ff,,17.483603139213677,5
image_172.png,5,False,628.3759244981142,271.77996423098796,20,#ff0000,Quadrant 4,2,2,42,,#ff0000,,264.89560025405257,5
image_172.png,5,False,153.49158710023204,21.290068420389453,20,#ff0000,Quadrant 1,1,1,42,,#ff0000,,86.75190646806942,5
image_172.png,5,False,93.34730688039839,103.32784330410739,20,#ff0000,Quadrant 1,1,1,42,,#ff0000,,136.0317866341031,5
image_172.png,2,False,663.9031262832233,48.987032921786586,20,#0000ff,Quadrant 2,1,2,42,,#0000ff,,291.6489450821291,5
image_172.png,2,False,48.97092282734946,337.8941430385265,20,#0000ff,Quadrant 3,2,1,42,,#0000ff,,159.52683324430296,5
image_172.png,2,False,340.1758472932592,46.2913742442441,20,#0000ff,Quadrant 1,1,1,42,,#0000ff,,351.1670565608396,5
image_172.png,5,False,479.70928251824813,167.8220640387389,20,#ff0000,Quadrant 2,1,2,42,,#ff0000,,204.14273938116307,5
image_172.png,5,False,367.5423805314397,371.11474739610804,20,#0000ff,Quadrant 4,2,2,42,,#0000ff,,237.93675536594054,5
image_172.png,2,False,427.8531912469301,233.28060292446585,20,#0000ff,Quadrant 4,2,2,42,,#0000ff,,72.2205543492929,5
image_172.png,5,False,108.57130857308903,153.57928072301965,20,#ff0000,Quadrant 1,1,1,42,,#ff0000,,36.70979992348989,5
image_172.png,2,False,224.64519357406692,207.37670458228573,20,#0000ff,Quadrant 3,2,1,42,,#0000ff,,33.30821258435066,5
image_172.png,5,False,14.747598014368446,324.8784715044146,20,#0000ff,Quadrant 3,2,1,42,,#0000ff,,140.87830879226524,5
image_172.png,5,False,259.55975376062304,281.87854229916775,20,#0000ff,Quadrant 3,2,1,42,,#0000ff,,312.20911818123767,5
image_172.png,5,False,209.1387104907024,71.9852352602135,20,#0000ff,Quadrant 1,1,1,42,,#0000ff,,309.7252716678401,5
image_172.png,5,False,591.8781901981848,53.37046700657391,20,#0000ff,Quadrant 2,1,2,42,,#0000ff,,267.8866017289186,5
image_173.png,2,True,93.66919695800307,382.6211821350862,20,#FF0000,Quadrant 3,2,1,4,240,#FF0000,0,348.8528582727644,1
image_173.png,5,False,122.28485168985519,318.97740950855075,20,#0000ff,Quadrant 3,2,1,4,,#0000ff,,208.21295479681922,1
image_173.png,2,False,563.8628867894337,117.05308712772543,20,#0000ff,Quadrant 2,1,2,4,,#0000ff,,228.23915457393986,1
image_173.png,5,False,467.0329757419076,265.6356900403434,20,#ff0000,Quadrant 4,2,2,4,,#ff0000,,233.1010843620924,1
image_173.png,5,False,475.2952393677365,141.70358233631333,20,#ff0000,Quadrant 2,1,2,4,,#ff0000,,264.0126807799519,1
image_174.png,2,True,188.13598101156248,377.5977136751625,20,#FF0000,Quadrant 3,2,1,2,240,#FF0000,0,319.774640509921,1
image_174.png,2,False,345.97236848882784,347.33168897996285,20,#0000ff,Quadrant 3,2,1,2,,#0000ff,,200.05550438514834,1
image_174.png,5,False,244.81867579918654,118.46741766051247,20,#0000ff,Quadrant 1,1,1,2,,#0000ff,,281.87811883170446,1
image_175.png,2,True,109.29012525721774,375.32528679551626,20,#FF0000,Quadrant 3,2,1,3,240,#FF0000,0,104.92925258480147,1
image_175.png,5,False,334.1515732797485,270.3941892296096,20,#0000ff,Quadrant 3,2,1,3,,#0000ff,,309.7767191278629,1
image_175.png,5,False,55.389865741431485,123.11219275994573,20,#0000ff,Quadrant 1,1,1,3,,#0000ff,,121.36167584685853,1
image_175.png,5,False,396.7936874560203,30.248946627988758,20,#0000ff,Quadrant 2,1,2,3,,#0000ff,,5.517209951497519,1
image_176.png,2,True,228.12817265566989,355.460544189611,20,#FF0000,Quadrant 3,2,1,16,240,#FF0000,0,70.48777424244243,3
image_176.png,5,False,570.0893737332156,271.0365895371234,20,#ff0000,Quadrant 4,2,2,16,,#ff0000,,91.53959101947561,3
image_176.png,5,False,74.9640196129422,371.58739176464707,20,#0000ff,Quadrant 3,2,1,16,,#0000ff,,148.61926664790238,3
image_176.png,5,False,370.3250141458116,110.83600363352478,20,#0000ff,Quadrant 2,1,2,16,,#0000ff,,20.407146455286895,3
image_176.png,2,False,114.94844546937097,85.88577242295037,20,#0000ff,Quadrant 1,1,1,16,,#0000ff,,159.10307865466,3
image_176.png,2,False,349.9771883548965,307.4851631205021,20,#0000ff,Quadrant 3,2,1,16,,#0000ff,,106.41659200522648,3
image_176.png,2,False,139.48140418406658,81.57617877709913,20,#0000ff,Quadrant 1,1,1,16,,#0000ff,,162.03843289356053,3
image_176.png,5,False,58.7227921995585,150.85103257381544,20,#ff0000,Quadrant 1,1,1,16,,#ff0000,,107.70071248261519,3
image_176.png,5,False,320.4512960619243,24.67307428029351,20,#ff0000,Quadrant 1,1,1,16,,#ff0000,,351.8874468804207,3
image_176.png,2,False,318.02622127892477,242.92749656122,20,#0000ff,Quadrant 3,2,1,16,,#0000ff,,199.33543086722608,3
image_176.png,2,False,633.7218269719885,20.94148030577351,20,#0000ff,Quadrant 2,1,2,16,,#0000ff,,222.63732960082876,3
image_176.png,2,False,683.189005321796,175.07731871262476,20,#0000ff,Quadrant 2,1,2,16,,#0000ff,,234.62048737663983,3
image_176.png,5,False,202.38793149342732,165.52383610814385,20,#0000ff,Quadrant 1,1,1,16,,#0000ff,,102.56100311224837,3
image_176.png,2,False,393.39759124543053,145.4177978377989,20,#0000ff,Quadrant 2,1,2,16,,#0000ff,,93.49685614461504,3
image_176.png,5,False,393.4505296659623,359.40052565508194,20,#ff0000,Quadrant 4,2,2,16,,#ff0000,,323.6259709088916,3
image_176.png,2,False,581.6120055902746,227.81798874863958,20,#0000ff,Quadrant 4,2,2,16,,#0000ff,,285.9459793143863,3
image_176.png,2,False,21.75781640972273,230.28649275633435,20,#0000ff,Quadrant 3,2,1,16,,#0000ff,,168.66255162509742,3
image_177.png,2,True,248.25805857878208,137.60989397064122,20,#FF0000,Quadrant 1,1,1,1,240,#FF0000,0,51.93157514593104,1
image_177.png,2,False,183.85927500776558,210.85339304505013,20,#0000ff,Quadrant 3,2,1,1,,#0000ff,,299.76620643246645,1
image_178.png,2,True,180.573178834604,365.8781014668845,20,#FF0000,Quadrant 3,2,1,86,240,#FF0000,0,50.74389162685272,6
image_178.png,5,False,510.52641037178444,298.74597168531574,20,#ff0000,Quadrant 4,2,2,86,,#ff0000,,242.1283423367787,6
image_178.png,2,False,675.5558052076799,336.49577538090006,20,#0000ff,Quadrant 4,2,2,86,,#0000ff,,193.22013016431913,6
image_178.png,2,False,600.9560683023459,316.9234950437239,20,#0000ff,Quadrant 4,2,2,86,,#0000ff,,66.84349053226423,6
image_178.png,5,False,679.8526584832442,195.83679608181575,20,#ff0000,Quadrant 2,1,2,86,,#ff0000,,70.11422310352799,6
image_178.png,5,False,307.7976857955145,190.45789977432133,20,#ff0000,Quadrant 1,1,1,86,,#ff0000,,37.6572455878848,6
image_178.png,5,False,611.1115101791925,230.87333286549818,20,#ff0000,Quadrant 4,2,2,86,,#ff0000,,250.57897931268076,6
image_178.png,5,False,213.0405551448633,355.47082331103667,20,#0000ff,Quadrant 3,2,1,86,,#0000ff,,352.17706244150514,6
image_178.png,2,False,202.09175351917557,332.1722450926492,20,#0000ff,Quadrant 3,2,1,86,,#0000ff,,337.034432101244,6
image_178.png,5,False,542.7062178154979,360.9340518232594,20,#0000ff,Quadrant 4,2,2,86,,#0000ff,,88.44594450235861,6
image_178.png,5,False,303.55672183712727,129.8673102751173,20,#ff0000,Quadrant 1,1,1,86,,#ff0000,,148.73461468757716,6
image_178.png,2,False,135.05887406094283,165.57827666139215,20,#0000ff,Quadrant 1,1,1,86,,#0000ff,,202.7506239396927,6
image_178.png,5,False,674.7066614346251,369.2571055167974,20,#ff0000,Quadrant 4,2,2,86,,#ff0000,,78.63842860060699,6
image_178.png,2,False,537.9399564286224,269.26363100540397,20,#0000ff,Quadrant 4,2,2,86,,#0000ff,,147.26543714091096,6
image_178.png,5,False,171.93213542806882,83.27105806737858,20,#0000ff,Quadrant 1,1,1,86,,#0000ff,,22.64087145538669,6
image_178.png,5,False,600.7321062753806,67.81836075220082,20,#0000ff,Quadrant 2,1,2,86,,#0000ff,,186.6108128031778,6
image_178.png,5,False,388.0963557820794,253.2755116470054,20,#ff0000,Quadrant 4,2,2,86,,#ff0000,,291.837477462449,6
image_178.png,2,False,569.3309900220718,248.10703442089974,20,#0000ff,Quadrant 4,2,2,86,,#0000ff,,335.73864525198996,6
image_178.png,2,False,121.33814746147334,112.31388269618398,20,#0000ff,Quadrant 1,1,1,86,,#0000ff,,285.27833731976284,6
image_178.png,2,False,315.14980581025003,286.51902282296726,20,#0000ff,Quadrant 3,2,1,86,,#0000ff,,269.7669703253612,6
image_178.png,2,False,42.1835481034709,93.3491134990421,20,#0000ff,Quadrant 1,1,1,86,,#0000ff,,89.7781451961443,6
image_178.png,5,False,62.72384266433631,141.20520766739799,20,#ff0000,Quadrant 1,1,1,86,,#ff0000,,69.40017956053762,6
image_178.png,2,False,527.4823499314451,65.01202926421567,20,#0000ff,Quadrant 2,1,2,86,,#0000ff,,289.7254222443574,6
image_178.png,5,False,648.4638572402599,75.47749101754381,20,#ff0000,Quadrant 2,1,2,86,,#ff0000,,166.05588300102,6
image_178.png,2,False,382.14892741096696,345.8422524113386,20,#0000ff,Quadrant 4,2,2,86,,#0000ff,,91.9218522761373,6
image_178.png,2,False,322.47236248828034,365.2781861733805,20,#0000ff,Quadrant 3,2,1,86,,#0000ff,,313.49572144385286,6
image_178.png,5,False,236.176139803234,77.57465592705036,20,#ff0000,Quadrant 1,1,1,86,,#ff0000,,184.26807725552553,6
image_178.png,5,False,511.31924337876217,16.214208619112913,20,#ff0000,Quadrant 2,1,2,86,,#ff0000,,170.43073288613328,6
image_178.png,5,False,696.8325221632559,50.33056431218338,20,#0000ff,Quadrant 2,1,2,86,,#0000ff,,182.5568928188686,6
image_178.png,5,False,375.83586952788534,28.856538120166327,20,#ff0000,Quadrant 2,1,2,86,,#ff0000,,3.518490991515111,6
image_178.png,2,False,438.74564293777803,294.8989878375229,20,#0000ff,Quadrant 4,2,2,86,,#0000ff,,182.97194843116006,6
image_178.png,2,False,288.0790989371361,281.49739150533424,20,#0000ff,Quadrant 3,2,1,86,,#0000ff,,102.35980139137365,6
image_178.png,2,False,152.4003331789869,272.7580288701323,20,#0000ff,Quadrant 3,2,1,86,,#0000ff,,23.616717519043576,6
image_178.png,2,False,567.9596951751264,326.440530197406,20,#0000ff,Quadrant 4,2,2,86,,#0000ff,,78.31081178096181,6
image_178.png,2,False,486.0981776829924,206.1536160280948,20,#0000ff,Quadrant 4,2,2,86,,#0000ff,,203.03078018317242,6
image_178.png,5,False,536.7856069171742,233.82057140033805,20,#0000ff,Quadrant 4,2,2,86,,#0000ff,,327.9235888133251,6
image_178.png,2,False,168.9249126334751,304.41539594144837,20,#0000ff,Quadrant 3,2,1,86,,#0000ff,,2.4318828729999264,6
image_178.png,5,False,461.9725949074727,162.8959099664862,20,#0000ff,Quadrant 2,1,2,86,,#0000ff,,204.3669894360017,6
image_178.png,5,False,138.41095527089664,191.41080071544968,20,#ff0000,Quadrant 1,1,1,86,,#ff0000,,91.82582951357328,6
image_178.png,2,False,261.6435229476526,350.47162095048407,20,#0000ff,Quadrant 3,2,1,86,,#0000ff,,200.97567399642898,6
image_178.png,2,False,292.1733448682894,257.3288166534995,20,#0000ff,Quadrant 3,2,1,86,,#0000ff,,175.20563470457103,6
image_178.png,2,False,363.01015779195404,128.09347680201003,20,#0000ff,Quadrant 2,1,2,86,,#0000ff,,4.802160379548206,6
image_178.png,5,False,640.3006080094383,270.19816591464655,20,#ff0000,Quadrant 4,2,2,86,,#ff0000,,57.55110583386888,6
image_178.png,2,False,71.68448620753166,192.73184982684353,20,#0000ff,Quadrant 1,1,1,86,,#0000ff,,89.34523948697488,6
image_178.png,5,False,696.9272711118145,304.74153322150954,20,#ff0000,Quadrant 4,2,2,86,,#ff0000,,339.03638744696855,6
image_178.png,5,False,405.2271008270106,105.47262423014355,20,#ff0000,Quadrant 2,1,2,86,,#ff0000,,98.60216463544616,6
image_178.png,2,False,571.9972926270004,167.61443584764186,20,#0000ff,Quadrant 2,1,2,86,,#0000ff,,227.64215371150038,6
image_178.png,2,False,623.7888504864839,325.28976400120484,20,#0000ff,Quadrant 4,2,2,86,,#0000ff,,155.45341765818978,6
image_178.png,5,False,31.228036772108098,267.72716755963387,20,#0000ff,Quadrant 3,2,1,86,,#0000ff,,179.38710331108126,6
image_178.png,2,False,696.5361998925015,115.68729414060003,20,#0000ff,Quadrant 2,1,2,86,,#0000ff,,176.83671275873866,6
image_178.png,2,False,83.47820559449495,383.151058966482,20,#0000ff,Quadrant 3,2,1,86,,#0000ff,,106.1474358849851,6
image_178.png,5,False,573.415941753509,216.83550897532876,20,#ff0000,Quadrant 4,2,2,86,,#ff0000,,66.89501491981781,6
image_178.png,2,False,28.455042747479848,168.253616096513,20,#0000ff,Quadrant 1,1,1,86,,#0000ff,,348.79027714283717,6
image_178.png,2,False,497.3635653293371,165.08756490551986,20,#0000ff,Quadrant 2,1,2,86,,#0000ff,,230.6239407051821,6
image_178.png,5,False,337.9426835032902,39.14323454989763,20,#0000ff,Quadrant 1,1,1,86,,#0000ff,,129.50415580077262,6
image_178.png,5,False,671.0913092466701,167.94880986931756,20,#0000ff,Quadrant 2,1,2,86,,#0000ff,,231.98978900126755,6
image_178.png,5,False,69.9940487546267,336.31933484764494,20,#0000ff,Quadrant 3,2,1,86,,#0000ff,,149.93487716600487,6
image_178.png,5,False,342.99619627772955,193.06743450516268,20,#0000ff,Quadrant 1,1,1,86,,#0000ff,,79.71424969550492,6
image_178.png,5,False,485.0267163728605,115.54532984342876,20,#ff0000,Quadrant 2,1,2,86,,#ff0000,,202.62905217494517,6
image_178.png,5,False,383.9741275957633,224.785830286901,20,#ff0000,Quadrant 4,2,2,86,,#ff0000,,104.98936498418212,6
image_178.png,2,False,196.1158491145708,133.6210456314908,20,#0000ff,Quadrant 1,1,1,86,,#0000ff,,101.53721665583339,6
image_178.png,5,False,509.3429574394253,374.8379551657119,20,#0000ff,Quadrant 4,2,2,86,,#0000ff,,273.2486194300172,6
image_178.png,2,False,73.02864523022495,70.25680474342673,20,#0000ff,Quadrant 1,1,1,86,,#0000ff,,176.7048291263437,6
image_178.png,5,False,602.5639722180741,16.73792569395527,20,#ff0000,Quadrant 2,1,2,86,,#ff0000,,114.7766947362405,6
image_178.png,2,False,419.98151975627883,357.9819501242365,20,#0000ff,Quadrant 4,2,2,86,,#0000ff,,221.29875225714216,6
image_178.png,5,False,525.1951615004242,89.23777332988377,20,#ff0000,Quadrant 2,1,2,86,,#ff0000,,305.26658461344147,6
image_178.png,5,False,335.4835376463919,149.77966894420973,20,#ff0000,Quadrant 1,1,1,86,,#ff0000,,59.928474451966906,6
image_178.png,5,False,40.493539344116215,346.4186435900508,20,#0000ff,Quadrant 3,2,1,86,,#0000ff,,129.22765794873575,6
image_178.png,5,False,262.407683052327,190.46621027502474,20,#ff0000,Quadrant 1,1,1,86,,#ff0000,,161.39138736724013,6
image_178.png,5,False,393.56317198340304,378.62144035149777,20,#ff0000,Quadrant 4,2,2,86,,#ff0000,,228.45662752871297,6
image_178.png,5,False,289.8566597071864,305.39068492384035,20,#0000ff,Quadrant 3,2,1,86,,#0000ff,,18.285610124528063,6
image_178.png,2,False,292.1259468373504,379.09043018478013,20,#0000ff,Quadrant 3,2,1,86,,#0000ff,,298.0972769999285,6
image_178.png,5,False,486.73629530819915,343.1959654896017,20,#0000ff,Quadrant 4,2,2,86,,#0000ff,,82.8515421844497,6
image_178.png,5,False,240.02345657015923,310.4087250293264,20,#0000ff,Quadrant 3,2,1,86,,#0000ff,,118.13065264330399,6
image_178.png,2,False,275.92430460820736,83.02330995668207,20,#0000ff,Quadrant 1,1,1,86,,#0000ff,,282.71155183026895,6
image_178.png,2,False,144.9113737958428,340.26564903861845,20,#0000ff,Quadrant 3,2,1,86,,#0000ff,,7.703074620514112,6
image_178.png,5,False,416.69755161808,175.51869690723527,20,#0000ff,Quadrant 2,1,2,86,,#0000ff,,218.88021479245063,6
image_178.png,2,False,387.70036975440917,306.3669503120228,20,#0000ff,Quadrant 4,2,2,86,,#0000ff,,261.3365159784588,6
image_178.png,5,False,143.9515427851368,381.8665647679236,20,#0000ff,Quadrant 3,2,1,86,,#0000ff,,230.19292836691713,6
image_178.png,5,False,83.55036725223252,314.15449295121783,20,#ff0000,Quadrant 3,2,1,86,,#ff0000,,93.6363762625452,6
image_178.png,2,False,661.2461121031508,37.51869696006025,20,#0000ff,Quadrant 2,1,2,86,,#0000ff,,105.95024464697757,6
image_178.png,5,False,605.9641611354126,379.62801317033063,20,#ff0000,Quadrant 4,2,2,86,,#ff0000,,125.44489443919302,6
image_178.png,2,False,266.12963858403765,375.73731454965105,20,#0000ff,Quadrant 3,2,1,86,,#0000ff,,233.0463284638808,6
image_178.png,2,False,237.29231707044428,181.6864703165795,20,#0000ff,Quadrant 1,1,1,86,,#0000ff,,169.79497606231863,6
image_178.png,5,False,648.852242981131,210.70570373726972,20,#0000ff,Quadrant 4,2,2,86,,#0000ff,,73.21595252703416,6
image_178.png,5,False,203.11403354001828,56.76910384771784,20,#0000ff,Quadrant 1,1,1,86,,#0000ff,,145.32562111103974,6
image_178.png,5,False,539.1408204147664,207.90262178474592,20,#ff0000,Quadrant 4,2,2,86,,#ff0000,,175.28557581479114,6
image_179.png,2,True,170.8102058409025,356.08069819030254,20,#FF0000,Quadrant 3,2,1,63,240,#FF0000,0,186.55815774646013,5
image_179.png,2,False,215.64542760101804,214.82926168919477,20,#0000ff,Quadrant 3,2,1,63,,#0000ff,,355.28462278457283,5
image_179.png,5,False,524.9149789393721,350.8823175398894,20,#ff0000,Quadrant 4,2,2,63,,#ff0000,,210.27079950080412,5
image_179.png,5,False,555.2780400180797,109.43575144055255,20,#ff0000,Quadrant 2,1,2,63,,#ff0000,,247.31953368576347,5
image_179.png,5,False,322.9318998745106,147.94983215227222,20,#0000ff,Quadrant 1,1,1,63,,#0000ff,,164.8949496387438,5
image_179.png,5,False,580.9508874738157,72.6553770434226,20,#0000ff,Quadrant 2,1,2,63,,#0000ff,,90.9161633672124,5
image_179.png,5,False,325.4416188510536,381.49394279836724,20,#0000ff,Quadrant 3,2,1,63,,#0000ff,,325.7390607873552,5
image_179.png,5,False,175.8320386726157,217.4402784379761,20,#0000ff,Quadrant 3,2,1,63,,#0000ff,,287.224888821131,5
image_179.png,2,False,423.2494131983477,271.53171814625364,20,#0000ff,Quadrant 4,2,2,63,,#0000ff,,188.3499874313969,5
image_179.png,5,False,341.9327354005433,11.160439779343701,20,#0000ff,Quadrant 1,1,1,63,,#0000ff,,192.57863356270457,5
image_179.png,5,False,142.86737947665614,258.2301443081137,20,#0000ff,Quadrant 3,2,1,63,,#0000ff,,10.585069941522933,5
image_179.png,5,False,322.324734397634,242.32003257918618,20,#0000ff,Quadrant 3,2,1,63,,#0000ff,,348.6273639015049,5
image_179.png,2,False,569.0280429255291,318.8705931048463,20,#0000ff,Quadrant 4,2,2,63,,#0000ff,,278.35115882412566,5
image_179.png,5,False,57.19653037514607,163.43047808505543,20,#0000ff,Quadrant 1,1,1,63,,#0000ff,,279.9744446103239,5
image_179.png,5,False,171.145924390262,96.60295606701256,20,#ff0000,Quadrant 1,1,1,63,,#ff0000,,145.35156164119513,5
image_179.png,5,False,93.25286554987274,14.91255756270362,20,#ff0000,Quadrant 1,1,1,63,,#ff0000,,284.8033758423515,5
image_179.png,5,False,575.4726901629256,205.93956542969713,20,#ff0000,Quadrant 4,2,2,63,,#ff0000,,109.09664605961933,5
image_179.png,5,False,288.2536290004348,149.44907872276465,20,#0000ff,Quadrant 1,1,1,63,,#0000ff,,219.61503156297857,5
image_179.png,5,False,86.05773682705153,186.7992865126569,20,#ff0000,Quadrant 1,1,1,63,,#ff0000,,37.14672571051247,5
image_179.png,5,False,642.8977812248323,309.56577614555965,20,#ff0000,Quadrant 4,2,2,63,,#ff0000,,191.7487272865671,5
image_179.png,5,False,232.4071732821581,120.17976565113779,20,#0000ff,Quadrant 1,1,1,63,,#0000ff,,309.05718608733724,5
image_179.png,5,False,437.48505437023834,237.2966483451728,20,#ff0000,Quadrant 4,2,2,63,,#ff0000,,188.86912221814603,5
image_179.png,2,False,21.046217920415096,113.96110206324762,20,#0000ff,Quadrant 1,1,1,63,,#0000ff,,290.21286776787025,5
image_179.png,2,False,236.3403276664478,271.63516198757884,20,#0000ff,Quadrant 3,2,1,63,,#0000ff,,229.41514524982819,5
image_179.png,2,False,298.48015232015615,330.63907360455397,20,#0000ff,Quadrant 3,2,1,63,,#0000ff,,152.3357539342124,5
image_179.png,5,False,642.9397610630873,371.93304726665514,20,#0000ff,Quadrant 4,2,2,63,,#0000ff,,161.66343698726655,5
image_179.png,5,False,435.1153660124631,352.9034028237472,20,#0000ff,Quadrant 4,2,2,63,,#0000ff,,337.91290419485773,5
image_179.png,2,False,204.8445971087497,16.25034669651506,20,#0000ff,Quadrant 1,1,1,63,,#0000ff,,263.2887601047046,5
image_179.png,5,False,459.26591077588967,342.9468709730059,20,#ff0000,Quadrant 4,2,2,63,,#ff0000,,22.678556360852795,5
image_179.png,5,False,450.88556627982655,150.3315133331213,20,#0000ff,Quadrant 2,1,2,63,,#0000ff,,240.61174977582257,5
image_179.png,5,False,626.4225835827846,147.8374778508049,20,#ff0000,Quadrant 2,1,2,63,,#ff0000,,133.00378391452463,5
image_179.png,5,False,465.113022590754,34.2678180881158,20,#0000ff,Quadrant 2,1,2,63,,#0000ff,,45.890806723792046,5
image_179.png,5,False,130.55798159631883,109.39687732179623,20,#ff0000,Quadrant 1,1,1,63,,#ff0000,,163.78603490554022,5
image_179.png,5,False,687.6533453470612,139.38787900888985,20,#ff0000,Quadrant 2,1,2,63,,#ff0000,,297.84768998787274,5
image_179.png,2,False,503.69144969579986,320.3907752816041,20,#0000ff,Quadrant 4,2,2,63,,#0000ff,,123.42655142137771,5
image_179.png,5,False,456.4518872693733,198.6793283683591,20,#0000ff,Quadrant 2,1,2,63,,#0000ff,,290.19730410918766,5
image_179.png,5,False,594.4543324208702,103.55849058428032,20,#ff0000,Quadrant 2,1,2,63,,#ff0000,,286.2320861213901,5
image_179.png,5,False,199.24103369641,44.34333695568503,20,#ff0000,Quadrant 1,1,1,63,,#ff0000,,166.751501278264,5
image_179.png,2,False,615.2098845621989,345.415431247519,20,#0000ff,Quadrant 4,2,2,63,,#0000ff,,134.74943259037272,5
image_179.png,5,False,249.23378904719775,363.96525275089806,20,#0000ff,Quadrant 3,2,1,63,,#0000ff,,18.64465916869331,5
image_179.png,2,False,64.79702209946069,33.474528996447795,20,#0000ff,Quadrant 1,1,1,63,,#0000ff,,256.47001062687997,5
image_179.png,5,False,441.0986311610112,306.69353315921984,20,#0000ff,Quadrant 4,2,2,63,,#0000ff,,39.11385234040086,5
image_179.png,5,False,271.84480706721484,97.14633167622952,20,#0000ff,Quadrant 1,1,1,63,,#0000ff,,192.65216572756898,5
image_179.png,5,False,533.5718155353804,217.78484906411163,20,#0000ff,Quadrant 4,2,2,63,,#0000ff,,321.13354370156816,5
image_179.png,5,False,53.15398501374491,385.15319533896184,20,#ff0000,Quadrant 3,2,1,63,,#ff0000,,242.19407294743797,5
image_179.png,5,False,396.9784174047067,102.82996302623265,20,#ff0000,Quadrant 2,1,2,63,,#ff0000,,344.101564064491,5
image_179.png,5,False,525.000368223178,71.12411973337944,20,#ff0000,Quadrant 2,1,2,63,,#ff0000,,340.4135822283249,5
image_179.png,5,False,238.93835218589524,148.70736426615395,20,#0000ff,Quadrant 1,1,1,63,,#0000ff,,9.038947535293484,5
image_179.png,2,False,510.4050938633476,155.61297692034898,20,#0000ff,Quadrant 2,1,2,63,,#0000ff,,338.16592525129516,5
image_179.png,5,False,266.9411511790971,312.13668623900276,20,#ff0000,Quadrant 3,2,1,63,,#ff0000,,218.51986213935356,5
image_179.png,5,False,569.2725534370674,235.64479306216802,20,#ff0000,Quadrant 4,2,2,63,,#ff0000,,300.348435895995,5
image_179.png,5,False,409.4849759334673,143.71713712834648,20,#0000ff,Quadrant 2,1,2,63,,#0000ff,,25.790456314491962,5
image_179.png,5,False,19.34869242444412,333.7889860489086,20,#0000ff,Quadrant 3,2,1,63,,#0000ff,,186.6356086096738,5
image_179.png,5,False,416.4856217772937,300.8789824038482,20,#0000ff,Quadrant 4,2,2,63,,#0000ff,,227.21853190390794,5
image_179.png,5,False,300.07336566913534,264.0008156949752,20,#0000ff,Quadrant 3,2,1,63,,#0000ff,,122.93011272608021,5
image_179.png,2,False,155.13801568378668,70.17319951324491,20,#0000ff,Quadrant 1,1,1,63,,#0000ff,,1.2759265493219463,5
image_179.png,2,False,687.2611264125596,353.56612777678833,20,#0000ff,Quadrant 4,2,2,63,,#0000ff,,122.90449499327718,5
image_179.png,5,False,25.379212595452024,161.78432709115458,20,#0000ff,Quadrant 1,1,1,63,,#0000ff,,74.9365655270593,5
image_179.png,5,False,352.0074428469595,243.04571146822195,20,#0000ff,Quadrant 3,2,1,63,,#0000ff,,172.80377804055843,5
image_179.png,5,False,547.7559699064723,15.9256066666645,20,#ff0000,Quadrant 2,1,2,63,,#ff0000,,296.88980491906125,5
image_179.png,5,False,406.5943497369346,41.50707909147377,20,#0000ff,Quadrant 2,1,2,63,,#0000ff,,228.76232681011427,5
image_179.png,2,False,431.582137460251,377.81021259208285,20,#0000ff,Quadrant 4,2,2,63,,#0000ff,,327.52160358972213,5
image_179.png,5,False,546.0955488871626,159.29184941136202,20,#0000ff,Quadrant 2,1,2,63,,#0000ff,,352.3674111806138,5
image_179.png,2,False,693.8067031585612,195.73387220855997,20,#0000ff,Quadrant 2,1,2,63,,#0000ff,,174.0297489155928,5
image_180.png,2,True,263.63497194005333,384.7088182492582,20,#FF0000,Quadrant 3,2,1,8,240,#FF0000,0,122.9945194073618,2
image_180.png,5,False,385.6148417357199,51.21801065279791,20,#ff0000,Quadrant 2,1,2,8,,#ff0000,,254.60951960815626,2
image_180.png,5,False,372.6502006084561,78.46298697768833,20,#ff0000,Quadrant 2,1,2,8,,#ff0000,,228.79409694437277,2
image_180.png,5,False,655.1435699255119,33.458843329461125,20,#0000ff,Quadrant 2,1,2,8,,#0000ff,,356.10128734071924,2
image_180.png,5,False,519.7200540901297,342.2337461763168,20,#ff0000,Quadrant 4,2,2,8,,#ff0000,,25.00761010230967,2
image_180.png,5,False,389.8396820448071,20.147942986165816,20,#ff0000,Quadrant 2,1,2,8,,#ff0000,,341.7843569335797,2
image_180.png,5,False,468.11156538883046,47.44776279014788,20,#ff0000,Quadrant 2,1,2,8,,#ff0000,,200.23899397729068,2
image_180.png,5,False,597.5475898532522,124.6636018186082,20,#0000ff,Quadrant 2,1,2,8,,#0000ff,,76.41351198444696,2
image_180.png,5,False,37.2762230214272,29.236315704100626,20,#ff0000,Quadrant 1,1,1,8,,#ff0000,,170.71045370135644,2
image_181.png,2,True,174.22232243124267,354.1813564992143,20,#FF0000,Quadrant 3,2,1,31,240,#FF0000,0,345.38079583497625,4
image_181.png,5,False,621.1410115524152,73.18868803506415,20,#ff0000,Quadrant 2,1,2,31,,#ff0000,,190.21084928056806,4
image_181.png,2,False,38.11558665569514,184.55177283909714,20,#0000ff,Quadrant 1,1,1,31,,#0000ff,,195.6182190957381,4
image_181.png,2,False,569.0565363945849,325.3849633298669,20,#0000ff,Quadrant 4,2,2,31,,#0000ff,,169.53261392887794,4
image_181.png,5,False,248.59837622743655,158.68691766707738,20,#0000ff,Quadrant 1,1,1,31,,#0000ff,,21.94318342615601,4
image_181.png,5,False,382.6137826064857,150.99776053292442,20,#0000ff,Quadrant 2,1,2,31,,#0000ff,,266.4715844331325,4
image_181.png,2,False,621.7294363767913,315.50021203240965,20,#0000ff,Quadrant 4,2,2,31,,#0000ff,,213.32378899800608,4
image_181.png,5,False,610.9014271404639,132.03560599208734,20,#0000ff,Quadrant 2,1,2,31,,#0000ff,,226.23550717547928,4
image_181.png,5,False,684.2666588296584,326.04695454035596,20,#0000ff,Quadrant 4,2,2,31,,#0000ff,,335.3997756328678,4
image_181.png,5,False,158.45078643700487,111.00524519009375,20,#ff0000,Quadrant 1,1,1,31,,#ff0000,,113.69391249259746,4
image_181.png,5,False,330.0129742303889,23.20091552146305,20,#0000ff,Quadrant 1,1,1,31,,#0000ff,,9.3745881580532,4
image_181.png,5,False,191.44307581153694,142.24822128174583,20,#0000ff,Quadrant 1,1,1,31,,#0000ff,,125.82500071464838,4
image_181.png,2,False,72.5691979788339,171.41832057900422,20,#0000ff,Quadrant 1,1,1,31,,#0000ff,,284.36478149974005,4
image_181.png,2,False,335.5915046725419,320.42985653372205,20,#0000ff,Quadrant 3,2,1,31,,#0000ff,,29.040620606205785,4
image_181.png,2,False,72.82490809312726,313.9698725496299,20,#0000ff,Quadrant 3,2,1,31,,#0000ff,,182.50460430225303,4
image_181.png,2,False,483.0732622445176,338.1874488967092,20,#0000ff,Quadrant 4,2,2,31,,#0000ff,,344.39651788059626,4
image_181.png,5,False,65.48228108837861,73.84860434927093,20,#ff0000,Quadrant 1,1,1,31,,#ff0000,,316.9954151665449,4
image_181.png,5,False,494.73840440170613,98.56953645280844,20,#0000ff,Quadrant 2,1,2,31,,#0000ff,,108.9306163015763,4
image_181.png,5,False,547.622660346248,359.7399037841083,20,#ff0000,Quadrant 4,2,2,31,,#ff0000,,245.31061692845412,4
image_181.png,2,False,366.89078222088017,11.298987697392974,20,#0000ff,Quadrant 2,1,2,31,,#0000ff,,252.85243768752264,4
image_181.png,5,False,631.3073155546095,379.2385866944946,20,#ff0000,Quadrant 4,2,2,31,,#ff0000,,359.7264721215114,4
image_181.png,2,False,115.89414552766331,169.087321318312,20,#0000ff,Quadrant 1,1,1,31,,#0000ff,,30.689120293984423,4
image_181.png,5,False,19.609049561828947,300.1055938339496,20,#0000ff,Quadrant 3,2,1,31,,#0000ff,,41.23653639978875,4
image_181.png,5,False,309.4362093124519,169.45170661071876,20,#ff0000,Quadrant 1,1,1,31,,#ff0000,,189.35264462322175,4
image_181.png,5,False,242.28579030108148,251.3311045049125,20,#ff0000,Quadrant 3,2,1,31,,#ff0000,,197.73215237958584,4
image_181.png,5,False,569.9456592283346,94.5759549530937,20,#ff0000,Quadrant 2,1,2,31,,#ff0000,,258.2817439262477,4
image_181.png,5,False,631.4520118890644,23.8544965899085,20,#ff0000,Quadrant 2,1,2,31,,#ff0000,,139.69052542400235,4
image_181.png,5,False,477.0074466629241,17.414037699531548,20,#ff0000,Quadrant 2,1,2,31,,#ff0000,,35.945560450955035,4
image_181.png,5,False,662.7810826585115,286.33332881546147,20,#0000ff,Quadrant 4,2,2,31,,#0000ff,,223.5546021131542,4
image_181.png,5,False,115.00264187192572,282.30274173171915,20,#ff0000,Quadrant 3,2,1,31,,#ff0000,,327.9191748564773,4
image_181.png,5,False,260.003222897784,375.58141959341623,20,#ff0000,Quadrant 3,2,1,31,,#ff0000,,252.72657150721062,4
image_181.png,2,False,546.8869242297924,303.4065998649438,20,#0000ff,Quadrant 4,2,2,31,,#0000ff,,82.83741511081591,4
image_182.png,2,True,388.25628661730144,299.77054053803766,20,#FF0000,Quadrant 4,2,2,5,240,#FF0000,0,156.38712515433332,2
image_182.png,5,False,506.83163617001435,286.63226913260013,20,#ff0000,Quadrant 4,2,2,5,,#ff0000,,31.352183785503133,2
image_182.png,2,False,556.3921404481592,83.95898072493956,20,#0000ff,Quadrant 2,1,2,5,,#0000ff,,238.19019420595603,2
image_182.png,2,False,451.20515493036055,92.44595165130609,20,#0000ff,Quadrant 2,1,2,5,,#0000ff,,338.99277560550706,2
image_182.png,5,False,152.1297343724001,105.37851614962928,20,#ff0000,Quadrant 1,1,1,5,,#ff0000,,293.64292833412804,2
image_182.png,2,False,653.7153130983239,199.5367279606015,20,#0000ff,Quadrant 2,1,2,5,,#0000ff,,249.25809143967447,2
image_183.png,2,True,494.1832802038328,46.56826651132472,20,#FF0000,Quadrant 2,1,2,21,240,#FF0000,0,106.1256254073912,4
image_183.png,5,False,278.08426319349746,46.659873207500894,20,#0000ff,Quadrant 1,1,1,21,,#0000ff,,152.78556828912585,4
image_183.png,5,False,436.2743352538004,119.12672934618143,20,#ff0000,Quadrant 2,1,2,21,,#ff0000,,86.90872734347445,4
image_183.png,2,False,149.51556463912618,158.73727418247708,20,#0000ff,Quadrant 1,1,1,21,,#0000ff,,216.97397403792252,4
image_183.png,2,False,27.660681912155376,282.87009593137344,20,#0000ff,Quadrant 3,2,1,21,,#0000ff,,188.09706191634177,4
image_183.png,2,False,474.0201352335282,222.7369854913096,20,#0000ff,Quadrant 4,2,2,21,,#0000ff,,37.52926849890429,4
image_183.png,2,False,373.56110856719044,69.3499778713512,20,#0000ff,Quadrant 2,1,2,21,,#0000ff,,125.4417745421286,4
image_183.png,2,False,152.74974638831443,49.585542080300854,20,#0000ff,Quadrant 1,1,1,21,,#0000ff,,171.63957570553174,4
image_183.png,5,False,101.00718529454124,301.5110412946017,20,#0000ff,Quadrant 3,2,1,21,,#0000ff,,187.63557877111256,4
image_183.png,2,False,164.6063529419996,13.653691819368508,20,#0000ff,Quadrant 1,1,1,21,,#0000ff,,353.8092212742101,4
image_183.png,5,False,522.43461152793,109.7468546313839,20,#0000ff,Quadrant 2,1,2,21,,#0000ff,,350.9026842725943,4
image_183.png,5,False,136.47029619290703,301.7413801162218,20,#0000ff,Quadrant 3,2,1,21,,#0000ff,,122.78735173798718,4
image_183.png,2,False,287.36781687702444,312.7486527051434,20,#0000ff,Quadrant 3,2,1,21,,#0000ff,,304.1293142729134,4
image_183.png,5,False,56.83984265045549,151.12711864168045,20,#ff0000,Quadrant 1,1,1,21,,#ff0000,,213.37857085520344,4
image_183.png,5,False,323.9975624762089,280.01978257816944,20,#ff0000,Quadrant 3,2,1,21,,#ff0000,,93.7982108538068,4
image_183.png,5,False,255.21403314949814,345.38374616337387,20,#0000ff,Quadrant 3,2,1,21,,#0000ff,,225.221805336201,4
image_183.png,5,False,668.9931304156764,194.21514298948094,20,#0000ff,Quadrant 2,1,2,21,,#0000ff,,255.32137386170416,4
image_183.png,2,False,352.33182219526833,303.2034388689847,20,#0000ff,Quadrant 3,2,1,21,,#0000ff,,156.85477328841813,4
image_183.png,2,False,383.5135508670009,251.86370839732245,20,#0000ff,Quadrant 4,2,2,21,,#0000ff,,218.3931540177332,4
image_183.png,2,False,208.70003245911917,371.41272932077277,20,#0000ff,Quadrant 3,2,1,21,,#0000ff,,130.4308331433474,4
image_183.png,2,False,468.05468652561217,343.62413208048554,20,#0000ff,Quadrant 4,2,2,21,,#0000ff,,314.1545221624353,4
image_183.png,2,False,191.5508559421355,50.010186118690875,20,#0000ff,Quadrant 1,1,1,21,,#0000ff,,38.38765420517372,4
image_184.png,2,True,402.470834937437,260.6524635198274,20,#FF0000,Quadrant 4,2,2,94,240,#FF0000,0,311.1726170782707,6
image_184.png,2,False,444.62591822244326,324.10277769041403,20,#0000ff,Quadrant 4,2,2,94,,#0000ff,,319.24047074183517,6
image_184.png,2,False,205.112560606575,382.6672378359084,20,#0000ff,Quadrant 3,2,1,94,,#0000ff,,187.11988963294266,6
image_184.png,5,False,104.33382116181305,178.2430252157623,20,#ff0000,Quadrant 1,1,1,94,,#ff0000,,170.9373148266594,6
image_184.png,5,False,276.38632070946215,200.7188796128033,20,#ff0000,Quadrant 3,2,1,94,,#ff0000,,329.23002895570124,6
image_184.png,5,False,346.8553808754398,355.00028725539596,20,#ff0000,Quadrant 3,2,1,94,,#ff0000,,101.44226951679562,6
image_184.png,2,False,12.372272101682663,83.68906467322122,20,#0000ff,Quadrant 1,1,1,94,,#0000ff,,328.37225101454493,6
image_184.png,5,False,77.75912446424421,244.49788632045048,20,#0000ff,Quadrant 3,2,1,94,,#0000ff,,94.11291225345593,6
image_184.png,2,False,214.54154544840208,69.42108238141418,20,#0000ff,Quadrant 1,1,1,94,,#0000ff,,200.1054518638995,6
image_184.png,5,False,232.82508283353826,321.4994729104288,20,#0000ff,Quadrant 3,2,1,94,,#0000ff,,151.48148306205002,6
image_184.png,2,False,372.50390135364205,362.0855506042459,20,#0000ff,Quadrant 4,2,2,94,,#0000ff,,347.82199089689834,6
image_184.png,5,False,133.93111286004307,167.51261447769977,20,#ff0000,Quadrant 1,1,1,94,,#ff0000,,115.28881990254914,6
image_184.png,2,False,93.76564392903771,209.70730617983017,20,#0000ff,Quadrant 3,2,1,94,,#0000ff,,240.8858626542854,6
image_184.png,5,False,325.2285253385957,69.12745531235971,20,#0000ff,Quadrant 1,1,1,94,,#0000ff,,333.98718379618356,6
image_184.png,5,False,552.5378938855343,258.83454948791166,20,#ff0000,Quadrant 4,2,2,94,,#ff0000,,226.66637106009534,6
image_184.png,5,False,602.6470644079818,34.63300369725725,20,#ff0000,Quadrant 2,1,2,94,,#ff0000,,22.10908945364201,6
image_184.png,5,False,152.2921950561198,278.4743356193602,20,#0000ff,Quadrant 3,2,1,94,,#0000ff,,338.23364630243924,6
image_184.png,5,False,280.8039702720476,53.6567107174773,20,#ff0000,Quadrant 1,1,1,94,,#ff0000,,340.11398340101346,6
image_184.png,2,False,684.7564495810058,36.613924166215604,20,#0000ff,Quadrant 2,1,2,94,,#0000ff,,125.42292286782993,6
image_184.png,5,False,547.4541610837485,349.2224675712276,20,#ff0000,Quadrant 4,2,2,94,,#ff0000,,0.9390248493899822,6
image_184.png,5,False,125.83097450527883,321.5069510231487,20,#ff0000,Quadrant 3,2,1,94,,#ff0000,,223.07418911706802,6
image_184.png,2,False,292.7317675447371,136.54611877605646,20,#0000ff,Quadrant 1,1,1,94,,#0000ff,,238.39348615034066,6
image_184.png,5,False,495.7037034907601,158.58737747138835,20,#0000ff,Quadrant 2,1,2,94,,#0000ff,,210.15070125682502,6
image_184.png,2,False,252.94058625851395,44.432812974156505,20,#0000ff,Quadrant 1,1,1,94,,#0000ff,,221.67563078231905,6
image_184.png,5,False,372.3622103807391,142.70952667440355,20,#0000ff,Quadrant 2,1,2,94,,#0000ff,,130.76735038835557,6
image_184.png,5,False,424.3104789288857,143.35471410606684,20,#0000ff,Quadrant 2,1,2,94,,#0000ff,,29.39207195148112,6
image_184.png,5,False,492.06013340035815,67.54368691066813,20,#ff0000,Quadrant 2,1,2,94,,#ff0000,,74.86428116767314,6
image_184.png,2,False,333.4631645469517,134.88803628897762,20,#0000ff,Quadrant 1,1,1,94,,#0000ff,,23.21433778326632,6
image_184.png,2,False,642.4271798135942,243.52246229263127,20,#0000ff,Quadrant 4,2,2,94,,#0000ff,,214.4874566873134,6
image_184.png,5,False,192.38556941116528,215.65297145077275,20,#ff0000,Quadrant 3,2,1,94,,#ff0000,,118.18752457418626,6
image_184.png,5,False,243.32190835942487,206.08015857429717,20,#0000ff,Quadrant 3,2,1,94,,#0000ff,,184.7963108170224,6
image_184.png,2,False,40.576463944530616,27.674136488495954,20,#0000ff,Quadrant 1,1,1,94,,#0000ff,,211.28572384034743,6
image_184.png,5,False,638.8966252827952,206.33533871710154,20,#0000ff,Quadrant 4,2,2,94,,#0000ff,,66.18563591648464,6
image_184.png,5,False,589.9605767372235,381.4592254506993,20,#ff0000,Quadrant 4,2,2,94,,#ff0000,,264.6069052399976,6
image_184.png,2,False,581.6525603119244,221.71519079106804,20,#0000ff,Quadrant 4,2,2,94,,#0000ff,,355.4245055296001,6
image_184.png,5,False,25.23685405664014,226.40144855902525,20,#0000ff,Quadrant 3,2,1,94,,#0000ff,,164.45924288615382,6
image_184.png,5,False,675.4867841265794,259.57129251314404,20,#0000ff,Quadrant 4,2,2,94,,#0000ff,,311.06285568859954,6
image_184.png,2,False,112.18611969115962,354.08522752814815,20,#0000ff,Quadrant 3,2,1,94,,#0000ff,,115.7436427982194,6
image_184.png,5,False,575.4846063874476,274.6548267382958,20,#0000ff,Quadrant 4,2,2,94,,#0000ff,,123.78362683955515,6
image_184.png,5,False,494.8175663481392,217.85688559343117,20,#ff0000,Quadrant 4,2,2,94,,#ff0000,,180.0785485566919,6
image_184.png,2,False,244.88826211208885,257.951860654977,20,#0000ff,Quadrant 3,2,1,94,,#0000ff,,0.5170094774585676,6
image_184.png,5,False,14.216795022071604,378.8292562844972,20,#ff0000,Quadrant 3,2,1,94,,#ff0000,,244.21822885708102,6
image_184.png,5,False,38.4127689218366,349.79181900643806,20,#ff0000,Quadrant 3,2,1,94,,#ff0000,,205.97493238257533,6
image_184.png,5,False,196.55810874088831,171.6385675753158,20,#0000ff,Quadrant 1,1,1,94,,#0000ff,,110.9754825382534,6
image_184.png,5,False,629.404826788472,327.62700076837643,20,#0000ff,Quadrant 4,2,2,94,,#0000ff,,248.07454656401836,6
image_184.png,5,False,277.1874397121388,371.10008433020374,20,#0000ff,Quadrant 3,2,1,94,,#0000ff,,103.98424509844406,6
image_184.png,2,False,380.71559691889314,22.19458808828145,20,#0000ff,Quadrant 2,1,2,94,,#0000ff,,47.53122121818908,6
image_184.png,5,False,452.6104981607222,127.19513575148089,20,#ff0000,Quadrant 2,1,2,94,,#ff0000,,89.94451385835163,6
image_184.png,5,False,117.09352081340843,84.61767557132988,20,#0000ff,Quadrant 1,1,1,94,,#0000ff,,16.401632160428896,6
image_184.png,5,False,325.65766487787323,92.19384802866719,20,#ff0000,Quadrant 1,1,1,94,,#ff0000,,315.22772046869954,6
image_184.png,5,False,595.9425678762819,153.93930451658375,20,#0000ff,Quadrant 2,1,2,94,,#0000ff,,335.07417396046236,6
image_184.png,5,False,250.11441426441849,136.44424960295066,20,#0000ff,Quadrant 1,1,1,94,,#0000ff,,261.96045226307785,6
image_184.png,2,False,677.7741197806906,191.28835933286067,20,#0000ff,Quadrant 2,1,2,94,,#0000ff,,96.25439640040759,6
image_184.png,5,False,290.18931052610475,111.17728418660295,20,#0000ff,Quadrant 1,1,1,94,,#0000ff,,126.84623281679833,6
image_184.png,5,False,251.54505030709163,232.11685450644043,20,#0000ff,Quadrant 3,2,1,94,,#0000ff,,223.81347792966278,6
image_184.png,2,False,470.1209594863314,156.77074161275547,20,#0000ff,Quadrant 2,1,2,94,,#0000ff,,12.681482422490857,6
image_184.png,5,False,147.3004162422487,254.78660731502217,20,#0000ff,Quadrant 3,2,1,94,,#0000ff,,233.3996436255079,6
image_184.png,5,False,15.002185799623199,51.80304401984145,20,#0000ff,Quadrant 1,1,1,94,,#0000ff,,29.152992867893275,6
image_184.png,2,False,192.9025212962344,246.7662491757473,20,#0000ff,Quadrant 3,2,1,94,,#0000ff,,18.57671095979083,6
image_184.png,2,False,313.1191302721212,387.023178217076,20,#0000ff,Quadrant 3,2,1,94,,#0000ff,,217.30132025398424,6
image_184.png,2,False,197.9285175655526,106.59376553857753,20,#0000ff,Quadrant 1,1,1,94,,#0000ff,,206.43906471934662,6
image_184.png,5,False,446.346951328261,45.2775670053882,20,#0000ff,Quadrant 2,1,2,94,,#0000ff,,29.33843508918911,6
image_184.png,2,False,677.6636542307085,130.5954215816048,20,#0000ff,Quadrant 2,1,2,94,,#0000ff,,137.91575514201776,6
image_184.png,5,False,554.9070883320027,167.5901297020408,20,#ff0000,Quadrant 2,1,2,94,,#ff0000,,68.05866412271568,6
image_184.png,5,False,634.6744751284933,179.9754809176327,20,#ff0000,Quadrant 2,1,2,94,,#ff0000,,261.2282406109857,6
image_184.png,5,False,348.67345241563856,34.48014018608591,20,#0000ff,Quadrant 1,1,1,94,,#0000ff,,250.88858712108677,6
image_184.png,5,False,268.91320800391935,340.2259370052105,20,#ff0000,Quadrant 3,2,1,94,,#ff0000,,206.36123117475813,6
image_184.png,2,False,352.7424365073267,102.38964960341323,20,#0000ff,Quadrant 1,1,1,94,,#0000ff,,81.77350142976253,6
image_184.png,5,False,135.79493662792353,142.36590151994147,20,#ff0000,Quadrant 1,1,1,94,,#ff0000,,347.263562006443,6
image_184.png,5,False,538.6751232596598,386.66274542893944,20,#0000ff,Quadrant 4,2,2,94,,#0000ff,,330.1427706821615,6
image_184.png,5,False,240.3975118529001,355.1315301067337,20,#ff0000,Quadrant 3,2,1,94,,#ff0000,,277.7267098036264,6
image_184.png,5,False,670.2511233608548,60.03086166324318,20,#ff0000,Quadrant 2,1,2,94,,#ff0000,,228.22145614772495,6
image_184.png,5,False,288.98487993181374,78.7482646549801,20,#ff0000,Quadrant 1,1,1,94,,#ff0000,,26.58115190063455,6
image_184.png,5,False,670.0799212326642,97.09443812077517,20,#ff0000,Quadrant 2,1,2,94,,#ff0000,,244.08344678832873,6
image_184.png,5,False,458.5887227834455,263.7117488394789,20,#ff0000,Quadrant 4,2,2,94,,#ff0000,,170.9451470304602,6
image_184.png,5,False,523.9200140108305,260.1427846992932,20,#ff0000,Quadrant 4,2,2,94,,#ff0000,,94.76568119883362,6
image_184.png,2,False,447.48188601297653,294.94028125380714,20,#0000ff,Quadrant 4,2,2,94,,#0000ff,,139.8455904309819,6
image_184.png,5,False,650.116816997722,363.59979318196605,20,#ff0000,Quadrant 4,2,2,94,,#ff0000,,320.96960034251526,6
image_184.png,5,False,376.7396849906316,239.43126668861007,20,#0000ff,Quadrant 4,2,2,94,,#0000ff,,131.60552409416684,6
image_184.png,5,False,124.77485116768837,112.28804258606127,20,#ff0000,Quadrant 1,1,1,94,,#ff0000,,304.4311647746066,6
image_184.png,5,False,299.5738317258633,311.39985977988243,20,#0000ff,Quadrant 3,2,1,94,,#0000ff,,270.72343300772513,6
image_184.png,5,False,546.9804091476321,123.29930386165321,20,#ff0000,Quadrant 2,1,2,94,,#ff0000,,220.50873639418725,6
image_184.png,5,False,516.9934045817918,58.542416777381106,20,#ff0000,Quadrant 2,1,2,94,,#ff0000,,224.5492439753822,6
image_184.png,5,False,654.0521335115085,338.92131010669067,20,#ff0000,Quadrant 4,2,2,94,,#ff0000,,116.30689824049665,6
image_184.png,5,False,286.1152125800031,271.895794885009,20,#0000ff,Quadrant 3,2,1,94,,#0000ff,,6.531506345071252,6
image_184.png,5,False,80.40304185571428,331.44718311043204,20,#ff0000,Quadrant 3,2,1,94,,#ff0000,,301.7260368502828,6
image_184.png,2,False,112.27260895955871,29.677692628614622,20,#0000ff,Quadrant 1,1,1,94,,#0000ff,,353.53609814306037,6
image_184.png,5,False,573.036496099094,92.76059901428472,20,#ff0000,Quadrant 2,1,2,94,,#ff0000,,39.17187130516408,6
image_184.png,5,False,111.34776879846844,290.0560382512697,20,#ff0000,Quadrant 3,2,1,94,,#ff0000,,107.2607583484894,6
image_184.png,5,False,170.4626616562739,60.70736483164964,20,#ff0000,Quadrant 1,1,1,94,,#ff0000,,8.049355249992395,6
image_184.png,5,False,414.789586246942,195.580230358183,20,#ff0000,Quadrant 2,1,2,94,,#ff0000,,22.093883087111447,6
image_184.png,2,False,427.27043286971764,378.86105385332587,20,#0000ff,Quadrant 4,2,2,94,,#0000ff,,273.2157115507698,6
image_184.png,2,False,11.183914276180749,186.7458233611506,20,#0000ff,Quadrant 1,1,1,94,,#0000ff,,198.6577548691549,6
image_184.png,2,False,651.6942518251019,153.3993082396349,20,#0000ff,Quadrant 2,1,2,94,,#0000ff,,88.55418445620131,6
image_184.png,5,False,637.9191206175451,283.6593244561075,20,#0000ff,Quadrant 4,2,2,94,,#0000ff,,341.4291684893358,6
image_185.png,2,True,348.5294768356981,363.4927689697492,20,#FF0000,Quadrant 3,2,1,22,240,#FF0000,0,151.70285064570325,4
image_185.png,5,False,306.80262579661655,233.15059831015236,20,#0000ff,Quadrant 3,2,1,22,,#0000ff,,281.0588394940679,4
image_185.png,5,False,471.60396083929265,227.28740793408605,20,#0000ff,Quadrant 4,2,2,22,,#0000ff,,292.19475548981404,4
image_185.png,5,False,511.4083483794149,79.91121899543015,20,#ff0000,Quadrant 2,1,2,22,,#ff0000,,70.37368532866905,4
image_185.png,2,False,118.62163034167294,116.59930492462803,20,#0000ff,Quadrant 1,1,1,22,,#0000ff,,340.6840275293745,4
image_185.png,2,False,123.54069288698766,138.70781030747662,20,#0000ff,Quadrant 1,1,1,22,,#0000ff,,63.57663288618178,4
image_185.png,5,False,480.64545238675964,302.5933321087153,20,#ff0000,Quadrant 4,2,2,22,,#ff0000,,52.03724335673702,4
image_185.png,5,False,484.64554993861765,388.4976848590848,20,#ff0000,Quadrant 4,2,2,22,,#ff0000,,315.8809359287741,4
image_185.png,2,False,244.15336371913966,71.6321311155589,20,#0000ff,Quadrant 1,1,1,22,,#0000ff,,61.837208510486825,4
image_185.png,5,False,278.24277026259995,266.28265885960224,20,#ff0000,Quadrant 3,2,1,22,,#ff0000,,291.95004621956616,4
image_185.png,5,False,637.2166492243762,273.3840898940676,20,#0000ff,Quadrant 4,2,2,22,,#0000ff,,100.63508860315335,4
image_185.png,5,False,647.0467596319414,335.7276369279494,20,#0000ff,Quadrant 4,2,2,22,,#0000ff,,40.65730070225342,4
image_185.png,2,False,65.90401261233151,353.33420015056333,20,#0000ff,Quadrant 3,2,1,22,,#0000ff,,283.59496313847467,4
image_185.png,5,False,33.23357567296679,252.54491644689256,20,#0000ff,Quadrant 3,2,1,22,,#0000ff,,87.23131861150287,4
image_185.png,2,False,260.0104453116171,141.62388791424075,20,#0000ff,Quadrant 1,1,1,22,,#0000ff,,202.10141698716993,4
image_185.png,2,False,339.6528864127183,96.04811695784113,20,#0000ff,Quadrant 1,1,1,22,,#0000ff,,291.1037517136773,4
image_185.png,5,False,301.3244475883976,346.84597255643183,20,#0000ff,Quadrant 3,2,1,22,,#0000ff,,1.6122531998243161,4
image_185.png,5,False,216.30617074920963,268.5205666609998,20,#0000ff,Quadrant 3,2,1,22,,#0000ff,,181.0639165139888,4
image_185.png,5,False,520.8231040811463,371.6647613071622,20,#0000ff,Quadrant 4,2,2,22,,#0000ff,,197.17641927197954,4
image_185.png,5,False,450.599249968626,155.0140464602425,20,#ff0000,Quadrant 2,1,2,22,,#ff0000,,14.882324041124825,4
image_185.png,2,False,82.17607932114159,52.795864313738385,20,#0000ff,Quadrant 1,1,1,22,,#0000ff,,321.2318112352798,4
image_185.png,5,False,628.5822041802386,202.79732064822576,20,#ff0000,Quadrant 4,2,2,22,,#ff0000,,160.45115524170635,4
image_185.png,2,False,402.6442621885402,125.23808058279684,20,#0000ff,Quadrant 2,1,2,22,,#0000ff,,266.028655117059,4
image_186.png,2,True,591.4065091576489,133.81567233188116,20,#FF0000,Quadrant 2,1,2,11,240,#FF0000,0,302.8923054342124,3
image_186.png,5,False,503.73711785229443,19.868686963664942,20,#0000ff,Quadrant 2,1,2,11,,#0000ff,,71.4977734701979,3
image_186.png,5,False,515.694797038813,64.00783553573461,20,#ff0000,Quadrant 2,1,2,11,,#ff0000,,306.124532085127,3
image_186.png,2,False,163.03184184862667,339.2841406775453,20,#0000ff,Quadrant 3,2,1,11,,#0000ff,,106.17545303610041,3
image_186.png,5,False,113.90706893768346,329.2306198988585,20,#ff0000,Quadrant 3,2,1,11,,#ff0000,,25.630468758067483,3
image_186.png,5,False,40.634332130789716,35.55433567379732,20,#ff0000,Quadrant 1,1,1,11,,#ff0000,,286.15715535815497,3
image_186.png,5,False,31.78209288088368,356.372811955586,20,#ff0000,Quadrant 3,2,1,11,,#ff0000,,234.19637715612507,3
image_186.png,5,False,664.3059775737116,293.5323886371534,20,#ff0000,Quadrant 4,2,2,11,,#ff0000,,261.5783464052066,3
image_186.png,5,False,542.4484041994494,115.19012330236218,20,#0000ff,Quadrant 2,1,2,11,,#0000ff,,265.5459340629541,3
image_186.png,5,False,330.3806740830669,175.37928303840653,20,#0000ff,Quadrant 1,1,1,11,,#0000ff,,157.68986700213324,3
image_186.png,5,False,359.8151494186725,248.1025109886004,20,#ff0000,Quadrant 4,2,2,11,,#ff0000,,101.45164086518623,3
image_186.png,5,False,65.6593729339446,26.041809429202374,20,#0000ff,Quadrant 1,1,1,11,,#0000ff,,165.6730543726106,3
image_187.png,2,True,428.53483404276477,123.38359464886842,20,#FF0000,Quadrant 2,1,2,33,240,#FF0000,0,133.8910202758191,5
image_187.png,5,False,88.49215274375528,203.50300428520518,20,#ff0000,Quadrant 3,2,1,33,,#ff0000,,46.383936984260565,5
image_187.png,5,False,187.50597188245442,37.30001859713077,20,#ff0000,Quadrant 1,1,1,33,,#ff0000,,9.18668464278873,5
image_187.png,5,False,484.83463017780497,287.6829124055988,20,#ff0000,Quadrant 4,2,2,33,,#ff0000,,251.50751850935296,5
image_187.png,2,False,206.14496418576854,238.15888755488703,20,#0000ff,Quadrant 3,2,1,33,,#0000ff,,359.7092834940263,5
image_187.png,5,False,622.9534204715206,43.35624127965185,20,#ff0000,Quadrant 2,1,2,33,,#ff0000,,104.09875557106302,5
image_187.png,5,False,200.12855621430964,376.81494657862885,20,#0000ff,Quadrant 3,2,1,33,,#0000ff,,241.64823222955386,5
image_187.png,5,False,160.53149639625423,148.7554246422747,20,#0000ff,Quadrant 1,1,1,33,,#0000ff,,282.9046118509756,5
image_187.png,5,False,297.1115388097155,302.34972850074445,20,#0000ff,Quadrant 3,2,1,33,,#0000ff,,14.002843345206152,5
image_187.png,2,False,195.1515451515825,111.12425621943254,20,#0000ff,Quadrant 1,1,1,33,,#0000ff,,233.0936411147898,5
image_187.png,5,False,239.83846015305724,18.94539644012828,20,#ff0000,Quadrant 1,1,1,33,,#ff0000,,337.40403611891367,5
image_187.png,5,False,382.97942161206834,54.41642905461214,20,#ff0000,Quadrant 2,1,2,33,,#ff0000,,280.23734601527656,5
image_187.png,5,False,636.0712304915794,175.2130546706522,20,#ff0000,Quadrant 2,1,2,33,,#ff0000,,42.293447468714135,5
image_187.png,5,False,528.7178728340699,243.9753194517005,20,#ff0000,Quadrant 4,2,2,33,,#ff0000,,92.1796547979876,5
image_187.png,5,False,83.37152559974157,334.9487896372651,20,#ff0000,Quadrant 3,2,1,33,,#ff0000,,12.874102752202553,5
image_187.png,2,False,668.1525261967313,341.0944185598718,20,#0000ff,Quadrant 4,2,2,33,,#0000ff,,227.44945832872264,5
image_187.png,5,False,94.70407959228704,275.1333539904698,20,#ff0000,Quadrant 3,2,1,33,,#ff0000,,125.19467322202276,5
image_187.png,5,False,62.24901906228811,66.04648760413218,20,#ff0000,Quadrant 1,1,1,33,,#ff0000,,179.73460855191956,5
image_187.png,5,False,32.93861259531268,255.92544677581873,20,#0000ff,Quadrant 3,2,1,33,,#0000ff,,115.88677364676062,5
image_187.png,2,False,526.1067938194775,124.64234577254348,20,#0000ff,Quadrant 2,1,2,33,,#0000ff,,292.92638466402144,5
image_187.png,5,False,169.632583408491,99.7504286321892,20,#ff0000,Quadrant 1,1,1,33,,#ff0000,,275.67050084689527,5
image_187.png,5,False,421.01122386073456,269.1767720499339,20,#ff0000,Quadrant 4,2,2,33,,#ff0000,,9.266503245245428,5
image_187.png,5,False,193.3703638624458,83.46945165536184,20,#ff0000,Quadrant 1,1,1,33,,#ff0000,,288.1879100809925,5
image_187.png,5,False,304.7708374526547,254.72505871700454,20,#ff0000,Quadrant 3,2,1,33,,#ff0000,,53.51370532708555,5
image_187.png,5,False,500.0743410786752,247.38285028183614,20,#0000ff,Quadrant 4,2,2,33,,#0000ff,,191.71668274152478,5
image_187.png,2,False,389.05757878048894,343.15866690410735,20,#0000ff,Quadrant 4,2,2,33,,#0000ff,,321.92475363795427,5
image_187.png,5,False,436.47857525926173,99.2930618874565,20,#0000ff,Quadrant 2,1,2,33,,#0000ff,,169.46864023184153,5
image_187.png,2,False,56.92137484977683,197.41798424088122,20,#0000ff,Quadrant 1,1,1,33,,#0000ff,,165.1578529382911,5
image_187.png,5,False,357.7854150836855,310.52006501202806,20,#ff0000,Quadrant 4,2,2,33,,#ff0000,,345.82973435052446,5
image_187.png,2,False,604.3929627965138,93.77515003231356,20,#0000ff,Quadrant 2,1,2,33,,#0000ff,,257.70901776896073,5
image_187.png,2,False,133.92777131297655,223.40837766341787,20,#0000ff,Quadrant 3,2,1,33,,#0000ff,,163.5858747920393,5
image_187.png,2,False,581.9252012038147,157.42778170874934,20,#0000ff,Quadrant 2,1,2,33,,#0000ff,,138.72404359432156,5
image_187.png,5,False,642.847417600895,233.880317008223,20,#ff0000,Quadrant 4,2,2,33,,#ff0000,,297.45569758753686,5
image_187.png,5,False,273.7543135955901,329.5238189274236,20,#ff0000,Quadrant 3,2,1,33,,#ff0000,,244.51525159591876,5
image_188.png,2,True,302.6330096988727,52.714118477066016,20,#FF0000,Quadrant 1,1,1,91,240,#FF0000,0,342.39786812003155,6
image_188.png,5,False,675.3797940813887,220.6678371607385,20,#0000ff,Quadrant 4,2,2,91,,#0000ff,,31.4768033199616,6
image_188.png,5,False,160.06749241691358,166.73181800396236,20,#ff0000,Quadrant 1,1,1,91,,#ff0000,,323.3467997165515,6
image_188.png,5,False,153.47365522069342,319.5329614166561,20,#ff0000,Quadrant 3,2,1,91,,#ff0000,,319.67496372422346,6
image_188.png,5,False,494.8221593322861,253.96614743029238,20,#0000ff,Quadrant 4,2,2,91,,#0000ff,,140.80620572548858,6
image_188.png,5,False,504.3282663711452,144.89548502478374,20,#ff0000,Quadrant 2,1,2,91,,#ff0000,,3.0914411331426006,6
image_188.png,5,False,47.75062312816633,93.4467780312398,20,#ff0000,Quadrant 1,1,1,91,,#ff0000,,244.35961230866639,6
image_188.png,5,False,674.763684343252,347.85085607281565,20,#0000ff,Quadrant 4,2,2,91,,#0000ff,,354.07394611384586,6
image_188.png,5,False,414.09165130128287,294.0496093692981,20,#ff0000,Quadrant 4,2,2,91,,#ff0000,,287.99461862459464,6
image_188.png,5,False,281.3898503124019,151.54113715036115,20,#0000ff,Quadrant 1,1,1,91,,#0000ff,,150.40084200873713,6
image_188.png,2,False,92.06135340213736,249.27154990134207,20,#0000ff,Quadrant 3,2,1,91,,#0000ff,,33.19640434722575,6
image_188.png,5,False,380.7174634786741,167.13563448543363,20,#ff0000,Quadrant 2,1,2,91,,#ff0000,,220.06759968289623,6
image_188.png,5,False,588.0962818297648,46.408831134954525,20,#0000ff,Quadrant 2,1,2,91,,#0000ff,,85.32367891233852,6
image_188.png,2,False,669.450241820702,46.37157833727797,20,#0000ff,Quadrant 2,1,2,91,,#0000ff,,202.85695329359586,6
image_188.png,2,False,240.32704123005232,19.803856807193505,20,#0000ff,Quadrant 1,1,1,91,,#0000ff,,156.76325468718292,6
image_188.png,5,False,351.1639048350199,253.55727099747827,20,#0000ff,Quadrant 3,2,1,91,,#0000ff,,67.77905119405726,6
image_188.png,5,False,381.94396295195156,322.18570053042686,20,#ff0000,Quadrant 4,2,2,91,,#ff0000,,18.877394332198342,6
image_188.png,5,False,306.82020917243926,332.4227086164492,20,#0000ff,Quadrant 3,2,1,91,,#0000ff,,104.8094859710154,6
image_188.png,5,False,599.0099876532535,302.82419205009694,20,#ff0000,Quadrant 4,2,2,91,,#ff0000,,342.54592546969997,6
image_188.png,5,False,182.10142268428197,261.0062637039777,20,#0000ff,Quadrant 3,2,1,91,,#0000ff,,319.8981275675605,6
image_188.png,2,False,654.5833826522365,198.66523637170172,20,#0000ff,Quadrant 2,1,2,91,,#0000ff,,72.6982272821995,6
image_188.png,2,False,536.3989743249896,281.3481768201371,20,#0000ff,Quadrant 4,2,2,91,,#0000ff,,196.44858253088108,6
image_188.png,2,False,570.97919733414,164.09552609652127,20,#0000ff,Quadrant 2,1,2,91,,#0000ff,,326.3850065682925,6
image_188.png,5,False,496.25855058026275,213.14253730259634,20,#ff0000,Quadrant 4,2,2,91,,#ff0000,,125.09865623759906,6
image_188.png,5,False,285.6256808573699,223.62758824962407,20,#0000ff,Quadrant 3,2,1,91,,#0000ff,,319.1848559990352,6
image_188.png,5,False,194.17838563176346,237.50648106735184,20,#ff0000,Quadrant 3,2,1,91,,#ff0000,,93.8631462490171,6
image_188.png,5,False,210.07249070857418,264.7868064858221,20,#ff0000,Quadrant 3,2,1,91,,#ff0000,,282.2676209538655,6
image_188.png,2,False,456.6837556538188,58.30211511713922,20,#0000ff,Quadrant 2,1,2,91,,#0000ff,,156.30129117592975,6
image_188.png,5,False,618.3851128731245,60.984320723394745,20,#0000ff,Quadrant 2,1,2,91,,#0000ff,,248.3344294311345,6
image_188.png,2,False,556.4185569183066,368.7788770363776,20,#0000ff,Quadrant 4,2,2,91,,#0000ff,,280.9881188969706,6
image_188.png,5,False,596.180820018613,208.7782442985685,20,#0000ff,Quadrant 4,2,2,91,,#0000ff,,6.957864079176024,6
image_188.png,2,False,239.1222164696122,64.71936717087505,20,#0000ff,Quadrant 1,1,1,91,,#0000ff,,128.05222496070772,6
image_188.png,5,False,471.717369221588,181.02016686014133,20,#0000ff,Quadrant 2,1,2,91,,#0000ff,,305.9318488025002,6
image_188.png,2,False,428.8711998818464,34.961751633788126,20,#0000ff,Quadrant 2,1,2,91,,#0000ff,,68.46947607142195,6
image_188.png,5,False,293.91686487238223,307.69047058777267,20,#0000ff,Quadrant 3,2,1,91,,#0000ff,,200.32495765926004,6
image_188.png,5,False,515.2914181902515,331.25089403164714,20,#ff0000,Quadrant 4,2,2,91,,#ff0000,,91.80602044305749,6
image_188.png,2,False,454.78855522768066,24.984320584994666,20,#0000ff,Quadrant 2,1,2,91,,#0000ff,,135.98734466440456,6
image_188.png,5,False,164.45709024356862,290.0242557290589,20,#0000ff,Quadrant 3,2,1,91,,#0000ff,,157.80839057417379,6
image_188.png,2,False,159.8748871544739,210.82116319532258,20,#0000ff,Quadrant 3,2,1,91,,#0000ff,,141.2443857740711,6
image_188.png,5,False,405.40148241855115,15.924805357257256,20,#ff0000,Quadrant 2,1,2,91,,#ff0000,,64.69976764748222,6
image_188.png,5,False,464.69456057274726,130.9563006626833,20,#0000ff,Quadrant 2,1,2,91,,#0000ff,,260.800315306951,6
image_188.png,5,False,14.120669554155691,208.7095015500591,20,#ff0000,Quadrant 3,2,1,91,,#ff0000,,145.1671003151956,6
image_188.png,5,False,271.5070447206417,348.2365144005475,20,#0000ff,Quadrant 3,2,1,91,,#0000ff,,31.9048360519365,6
image_188.png,5,False,121.28488291214484,128.34389979337377,20,#0000ff,Quadrant 1,1,1,91,,#0000ff,,180.7334116396493,6
image_188.png,5,False,642.5037274256136,248.36644721860623,20,#0000ff,Quadrant 4,2,2,91,,#0000ff,,252.88064442502278,6
image_188.png,5,False,23.238430753419944,98.90846309901002,20,#ff0000,Quadrant 1,1,1,91,,#ff0000,,225.36245585403904,6
image_188.png,5,False,634.6574808639164,293.1781977856286,20,#0000ff,Quadrant 4,2,2,91,,#0000ff,,189.72196666962597,6
image_188.png,5,False,26.61521333059406,56.28573263886863,20,#0000ff,Quadrant 1,1,1,91,,#0000ff,,216.96235769969624,6
image_188.png,5,False,280.6073274578294,27.46148341860307,20,#0000ff,Quadrant 1,1,1,91,,#0000ff,,218.57741975173926,6
image_188.png,5,False,137.29941940733391,221.1275518555725,20,#ff0000,Quadrant 3,2,1,91,,#ff0000,,355.75707048957327,6
image_188.png,5,False,22.474921317977223,348.18699272833146,20,#0000ff,Quadrant 3,2,1,91,,#0000ff,,7.977427337868992,6
image_188.png,2,False,59.5327052740093,240.13565463955328,20,#0000ff,Quadrant 3,2,1,91,,#0000ff,,291.37359376804795,6
image_188.png,2,False,530.2113049322124,203.00594284312382,20,#0000ff,Quadrant 4,2,2,91,,#0000ff,,124.94247062813288,6
image_188.png,5,False,27.284589212111513,314.4477004544754,20,#ff0000,Quadrant 3,2,1,91,,#ff0000,,318.07690505699014,6
image_188.png,5,False,102.55300762930926,321.2549200177175,20,#ff0000,Quadrant 3,2,1,91,,#ff0000,,189.4900144927026,6
image_188.png,5,False,230.57343028178542,311.67146564384336,20,#ff0000,Quadrant 3,2,1,91,,#ff0000,,349.84814666185724,6
image_188.png,2,False,281.40546016093316,181.98492590333402,20,#0000ff,Quadrant 1,1,1,91,,#0000ff,,234.8317101536738,6
image_188.png,5,False,537.727326397969,46.21186445734322,20,#ff0000,Quadrant 2,1,2,91,,#ff0000,,358.23333984809966,6
image_188.png,2,False,228.7160554149088,168.15096050441238,20,#0000ff,Quadrant 1,1,1,91,,#0000ff,,53.93920348357404,6
image_188.png,2,False,541.0775286520102,311.6790634618043,20,#0000ff,Quadrant 4,2,2,91,,#0000ff,,182.98964885733213,6
image_188.png,5,False,472.42254442451355,300.5062746442656,20,#0000ff,Quadrant 4,2,2,91,,#0000ff,,28.809281120719746,6
image_188.png,2,False,511.00600560363324,34.20999230390948,20,#0000ff,Quadrant 2,1,2,91,,#0000ff,,9.234349156435787,6
image_188.png,5,False,362.909025217287,87.45282745407313,20,#0000ff,Quadrant 2,1,2,91,,#0000ff,,148.4348380832153,6
image_188.png,5,False,318.3691836482071,105.27554955020031,20,#0000ff,Quadrant 1,1,1,91,,#0000ff,,298.43442533541815,6
image_188.png,5,False,335.5869867649207,56.89214334651353,20,#ff0000,Quadrant 1,1,1,91,,#ff0000,,338.0036678841247,6
image_188.png,2,False,322.2239978073862,259.9854385250187,20,#0000ff,Quadrant 3,2,1,91,,#0000ff,,318.94132695775573,6
image_188.png,5,False,560.5707118152694,254.76028129183157,20,#0000ff,Quadrant 4,2,2,91,,#0000ff,,294.6419808878596,6
image_188.png,5,False,323.99568024885764,298.90086036316325,20,#0000ff,Quadrant 3,2,1,91,,#0000ff,,139.85758024713678,6
image_188.png,2,False,547.7870069303463,231.80725472876685,20,#0000ff,Quadrant 4,2,2,91,,#0000ff,,4.9953627912055465,6
image_188.png,5,False,257.68327150376894,100.53404133721645,20,#ff0000,Quadrant 1,1,1,91,,#ff0000,,130.04955309080265,6
image_188.png,5,False,621.0680223190559,198.06304211317425,20,#0000ff,Quadrant 2,1,2,91,,#0000ff,,119.40964469711562,6
image_188.png,5,False,499.29698409981825,86.93538143266919,20,#0000ff,Quadrant 2,1,2,91,,#0000ff,,181.55778911318512,6
image_188.png,2,False,225.09428749418453,340.9371393640386,20,#0000ff,Quadrant 3,2,1,91,,#0000ff,,197.68139358201023,6
image_188.png,5,False,434.935272194686,387.2827260258112,20,#ff0000,Quadrant 4,2,2,91,,#ff0000,,21.847646952431386,6
image_188.png,2,False,623.092596680956,328.78634421801485,20,#0000ff,Quadrant 4,2,2,91,,#0000ff,,144.20470350809924,6
image_188.png,2,False,313.60624183560725,186.90225037307027,20,#0000ff,Quadrant 1,1,1,91,,#0000ff,,59.600798715972765,6
image_188.png,5,False,95.46720281988104,344.8637858970642,20,#ff0000,Quadrant 3,2,1,91,,#ff0000,,320.12811918846603,6
image_188.png,2,False,24.8161864012715,252.84739264066167,20,#0000ff,Quadrant 3,2,1,91,,#0000ff,,22.7003430205205,6
image_188.png,2,False,681.8488272018599,249.13853140584766,20,#0000ff,Quadrant 4,2,2,91,,#0000ff,,167.1993735806586,6
image_188.png,5,False,460.40264160834533,347.3337558726451,20,#0000ff,Quadrant 4,2,2,91,,#0000ff,,177.85267551045717,6
image_188.png,5,False,484.30640527663815,49.745014848827246,20,#ff0000,Quadrant 2,1,2,91,,#ff0000,,15.269483292733344,6
image_188.png,5,False,368.46204688095605,226.75548091395308,20,#ff0000,Quadrant 4,2,2,91,,#ff0000,,229.63146221906874,6
image_188.png,2,False,380.8392092015231,272.52157574309234,20,#0000ff,Quadrant 4,2,2,91,,#0000ff,,120.23369494227714,6
image_188.png,5,False,340.5710588951284,340.6057542362267,20,#0000ff,Quadrant 3,2,1,91,,#0000ff,,358.4257988850969,6
image_188.png,5,False,138.94076906005864,79.31681296663567,20,#ff0000,Quadrant 1,1,1,91,,#ff0000,,186.44186673368608,6
image_188.png,5,False,336.3138570638494,172.57161118540296,20,#0000ff,Quadrant 1,1,1,91,,#0000ff,,156.52252915677278,6
image_188.png,5,False,392.38676554969726,84.01582918534888,20,#ff0000,Quadrant 2,1,2,91,,#ff0000,,112.5770336967999,6
image_188.png,2,False,76.65667037133589,315.1760276069758,20,#0000ff,Quadrant 3,2,1,91,,#0000ff,,15.22017690308505,6
image_188.png,2,False,266.5472256435065,315.14188658935745,20,#0000ff,Quadrant 3,2,1,91,,#0000ff,,118.71041976199928,6
image_188.png,2,False,435.4776654064022,205.90334830792,20,#0000ff,Quadrant 4,2,2,91,,#0000ff,,314.92465532942435,6
image_188.png,2,False,551.1655670867838,335.8665352875139,20,#0000ff,Quadrant 4,2,2,91,,#0000ff,,270.57282095867146,6
image_188.png,5,False,551.3879461427022,114.85696271917436,20,#ff0000,Quadrant 2,1,2,91,,#ff0000,,295.44696104148113,6
image_189.png,2,True,72.72056117048452,324.5539537528134,20,#FF0000,Quadrant 3,2,1,41,240,#FF0000,0,272.28507330635824,5
image_189.png,5,False,191.9619059590903,91.3168902455866,20,#ff0000,Quadrant 1,1,1,41,,#ff0000,,95.88824392023278,5
image_189.png,2,False,468.2903441936065,215.6851389413529,20,#0000ff,Quadrant 4,2,2,41,,#0000ff,,155.11197728468784,5
image_189.png,5,False,92.7613985541551,63.316888033878634,20,#ff0000,Quadrant 1,1,1,41,,#ff0000,,48.38044937660437,5
image_189.png,5,False,665.9844910027999,267.1200631492883,20,#0000ff,Quadrant 4,2,2,41,,#0000ff,,281.1620816583192,5
image_189.png,5,False,348.6590514716172,171.95677795797926,20,#ff0000,Quadrant 1,1,1,41,,#ff0000,,338.48388871032,5
image_189.png,5,False,684.1912500150713,204.86030284328152,20,#ff0000,Quadrant 4,2,2,41,,#ff0000,,260.31912078041074,5
image_189.png,5,False,65.5995480630956,275.87886397989735,20,#ff0000,Quadrant 3,2,1,41,,#ff0000,,187.49173168912725,5
image_189.png,5,False,297.8218747501807,357.14116154030376,20,#0000ff,Quadrant 3,2,1,41,,#0000ff,,330.35534952945767,5
image_189.png,5,False,240.00516491980054,249.65335617509197,20,#ff0000,Quadrant 3,2,1,41,,#ff0000,,95.78320091034459,5
image_189.png,2,False,591.4484968031285,386.30066730527244,20,#0000ff,Quadrant 4,2,2,41,,#0000ff,,214.6733863384563,5
image_189.png,5,False,151.5455753704564,161.41356482708596,20,#ff0000,Quadrant 1,1,1,41,,#ff0000,,195.13197085568606,5
image_189.png,2,False,67.58792081837179,348.87399269082664,20,#0000ff,Quadrant 3,2,1,41,,#0000ff,,38.66929674354223,5
image_189.png,5,False,276.26589328185236,90.4601714015016,20,#0000ff,Quadrant 1,1,1,41,,#0000ff,,6.49602222937625,5
image_189.png,5,False,688.3193847371305,258.673983848336,20,#ff0000,Quadrant 4,2,2,41,,#ff0000,,227.40009921839084,5
image_189.png,5,False,13.054991147099084,231.52168494844503,20,#ff0000,Quadrant 3,2,1,41,,#ff0000,,45.3955401567795,5
image_189.png,2,False,565.0209911134704,383.1283512293368,20,#0000ff,Quadrant 4,2,2,41,,#0000ff,,120.51680946741998,5
image_189.png,5,False,558.3327327241929,140.98967785282147,20,#ff0000,Quadrant 2,1,2,41,,#ff0000,,79.35800361979078,5
image_189.png,2,False,477.5625279708375,388.0762009166459,20,#0000ff,Quadrant 4,2,2,41,,#0000ff,,333.74393456410735,5
image_189.png,5,False,352.3688677755964,111.06742258117235,20,#0000ff,Quadrant 1,1,1,41,,#0000ff,,357.96122233970505,5
image_189.png,5,False,687.308248032849,47.76737360829441,20,#ff0000,Quadrant 2,1,2,41,,#ff0000,,116.17326474383317,5
image_189.png,5,False,205.85926440183215,329.8025795212059,20,#0000ff,Quadrant 3,2,1,41,,#0000ff,,58.67403222841739,5
image_189.png,5,False,639.1337540231245,224.85205125386958,20,#ff0000,Quadrant 4,2,2,41,,#ff0000,,35.90726605801768,5
image_189.png,2,False,442.842459283865,99.62054027579089,20,#0000ff,Quadrant 2,1,2,41,,#0000ff,,204.0503224382708,5
image_189.png,2,False,286.8599389035694,177.550009844972,20,#0000ff,Quadrant 1,1,1,41,,#0000ff,,293.1563761599431,5
image_189.png,5,False,687.7962672454969,356.44285646577566,20,#0000ff,Quadrant 4,2,2,41,,#0000ff,,55.862482682629484,5
image_189.png,2,False,504.42393695204277,109.71887104753381,20,#0000ff,Quadrant 2,1,2,41,,#0000ff,,191.03163566526484,5
image_189.png,2,False,20.65290880603363,387.72154809323473,20,#0000ff,Quadrant 3,2,1,41,,#0000ff,,51.98539653695687,5
image_189.png,5,False,553.7431756700773,324.15046658972716,20,#0000ff,Quadrant 4,2,2,41,,#0000ff,,278.5188189759234,5
image_189.png,5,False,148.7283986838234,281.29059095339124,20,#ff0000,Quadrant 3,2,1,41,,#ff0000,,185.01183572915443,5
image_189.png,5,False,335.8583432140761,295.0757967472314,20,#0000ff,Quadrant 3,2,1,41,,#0000ff,,77.16731550388228,5
image_189.png,2,False,663.7303457169861,40.348667456428075,20,#0000ff,Quadrant 2,1,2,41,,#0000ff,,187.3806760098898,5
image_189.png,2,False,509.01341863908414,142.95033955078284,20,#0000ff,Quadrant 2,1,2,41,,#0000ff,,351.019655824244,5
image_189.png,5,False,50.47549534109895,38.17695493431975,20,#ff0000,Quadrant 1,1,1,41,,#ff0000,,5.132751129502284,5
image_189.png,5,False,463.78988256460775,284.57148211766093,20,#ff0000,Quadrant 4,2,2,41,,#ff0000,,109.59127502244786,5
image_189.png,5,False,620.135823671263,275.493512066349,20,#ff0000,Quadrant 4,2,2,41,,#ff0000,,114.59750978394025,5
image_189.png,5,False,259.82768350995593,40.60395686814298,20,#ff0000,Quadrant 1,1,1,41,,#ff0000,,116.34884344840451,5
image_189.png,5,False,589.9987954597564,242.39373076040886,20,#ff0000,Quadrant 4,2,2,41,,#ff0000,,22.558530927521648,5
image_189.png,5,False,278.3381260221285,308.8211743391142,20,#ff0000,Quadrant 3,2,1,41,,#ff0000,,47.41729292602804,5
image_189.png,2,False,593.4239184258163,33.811483596994194,20,#0000ff,Quadrant 2,1,2,41,,#0000ff,,330.0726352108274,5
image_189.png,2,False,635.0160987922026,81.59521899885144,20,#0000ff,Quadrant 2,1,2,41,,#0000ff,,234.19385736653467,5
image_189.png,5,False,79.51474224160688,102.03937228137707,20,#0000ff,Quadrant 1,1,1,41,,#0000ff,,181.77881502118078,5
image_190.png,2,True,26.589234104210192,194.95984220304456,20,#FF0000,Quadrant 1,1,1,6,240,#FF0000,0,288.7032942616228,2
image_190.png,5,False,454.13077757831184,129.60959558912091,20,#0000ff,Quadrant 2,1,2,6,,#0000ff,,238.48571134351334,2
image_190.png,5,False,536.9123402576913,358.7894191869782,20,#ff0000,Quadrant 4,2,2,6,,#ff0000,,2.666962305559637,2
image_190.png,5,False,58.32571955322698,216.4053488037123,20,#ff0000,Quadrant 3,2,1,6,,#ff0000,,188.895089259653,2
image_190.png,2,False,318.0269620558268,78.71022883375362,20,#0000ff,Quadrant 1,1,1,6,,#0000ff,,119.28915905166343,2
image_190.png,2,False,208.52669190584598,360.3956179785293,20,#0000ff,Quadrant 3,2,1,6,,#0000ff,,66.60899287515292,2
image_190.png,5,False,642.3709503091986,356.2054112124028,20,#ff0000,Quadrant 4,2,2,6,,#ff0000,,209.882565950188,2
image_191.png,2,True,391.1968734931818,235.13722220849306,20,#FF0000,Quadrant 4,2,2,14,240,#FF0000,0,121.01455474486423,3
image_191.png,5,False,555.3480452715374,74.30223132209571,20,#0000ff,Quadrant 2,1,2,14,,#0000ff,,258.54587041497376,3
image_191.png,5,False,229.71108591442166,63.06114416046905,20,#ff0000,Quadrant 1,1,1,14,,#ff0000,,88.8546179658987,3
image_191.png,5,False,221.4794909918939,110.97679163264088,20,#ff0000,Quadrant 1,1,1,14,,#ff0000,,46.15738539851073,3
image_191.png,5,False,52.14739800180122,72.2751949616001,20,#ff0000,Quadrant 1,1,1,14,,#ff0000,,203.9488583244891,3
image_191.png,2,False,544.9287676683622,258.1255602157927,20,#0000ff,Quadrant 4,2,2,14,,#0000ff,,138.22507823384655,3
image_191.png,5,False,226.2218002804195,137.85865968392312,20,#ff0000,Quadrant 1,1,1,14,,#ff0000,,52.41938718997292,3
image_191.png,5,False,179.27105316153992,121.00169927757436,20,#ff0000,Quadrant 1,1,1,14,,#ff0000,,355.51359501380415,3
image_191.png,2,False,167.49607871267042,93.66098733883234,20,#0000ff,Quadrant 1,1,1,14,,#0000ff,,259.7999839055223,3
image_191.png,2,False,162.3082036136959,16.74863500658176,20,#0000ff,Quadrant 1,1,1,14,,#0000ff,,305.9490575158842,3
image_191.png,5,False,584.8254187317165,80.89737407579666,20,#ff0000,Quadrant 2,1,2,14,,#ff0000,,152.74549565354198,3
image_191.png,2,False,340.43091914800664,267.2418545985376,20,#0000ff,Quadrant 3,2,1,14,,#0000ff,,167.39007615439402,3
image_191.png,2,False,636.8501181246913,63.19923293096141,20,#0000ff,Quadrant 2,1,2,14,,#0000ff,,120.8941224140275,3
image_191.png,5,False,27.217122765867558,260.70443713637343,20,#ff0000,Quadrant 3,2,1,14,,#ff0000,,347.6803738678433,3
image_191.png,5,False,399.1572998489098,162.01149648036895,20,#0000ff,Quadrant 2,1,2,14,,#0000ff,,266.5759518003408,3
image_192.png,2,True,473.9088852751782,175.82133031585144,20,#FF0000,Quadrant 2,1,2,76,240,#FF0000,0,126.55327696371266,6
image_192.png,2,False,64.64286938195556,91.01917910140673,20,#0000ff,Quadrant 1,1,1,76,,#0000ff,,280.71926407560153,6
image_192.png,5,False,552.733907310518,244.65217235184514,20,#0000ff,Quadrant 4,2,2,76,,#0000ff,,248.75790354912203,6
image_192.png,2,False,319.1396076516119,163.28798360988614,20,#0000ff,Quadrant 1,1,1,76,,#0000ff,,60.44133970297087,6
image_192.png,2,False,662.4984280213789,178.4134298174306,20,#0000ff,Quadrant 2,1,2,76,,#0000ff,,182.17064745324893,6
image_192.png,5,False,43.88150646890682,369.64968510859495,20,#ff0000,Quadrant 3,2,1,76,,#ff0000,,179.67695022451937,6
image_192.png,5,False,76.55858740589224,65.44466513609723,20,#ff0000,Quadrant 1,1,1,76,,#ff0000,,46.12923425713805,6
image_192.png,5,False,109.10605209019923,372.45188331964255,20,#ff0000,Quadrant 3,2,1,76,,#ff0000,,263.59990135955525,6
image_192.png,2,False,505.5198713827301,63.27917548616526,20,#0000ff,Quadrant 2,1,2,76,,#0000ff,,84.76906652465948,6
image_192.png,2,False,87.96680402702128,349.30613155118465,20,#0000ff,Quadrant 3,2,1,76,,#0000ff,,83.62772640876771,6
image_192.png,5,False,519.9287569621143,245.9098427782035,20,#0000ff,Quadrant 4,2,2,76,,#0000ff,,354.5422019526533,6
image_192.png,5,False,638.8279042892186,167.23407355008428,20,#ff0000,Quadrant 2,1,2,76,,#ff0000,,244.15507428841715,6
image_192.png,5,False,92.09804528936762,197.76523795774358,20,#ff0000,Quadrant 1,1,1,76,,#ff0000,,285.050508078779,6
image_192.png,5,False,655.7532845474558,205.96499673609236,20,#0000ff,Quadrant 4,2,2,76,,#0000ff,,232.98575530068172,6
image_192.png,5,False,288.8095430022609,78.18852716412425,20,#0000ff,Quadrant 1,1,1,76,,#0000ff,,46.88192692163702,6
image_192.png,5,False,381.4926837905028,381.4950586107331,20,#ff0000,Quadrant 4,2,2,76,,#ff0000,,286.91680359403506,6
image_192.png,5,False,570.774072436354,185.51746198942936,20,#0000ff,Quadrant 2,1,2,76,,#0000ff,,160.55279660901493,6
image_192.png,5,False,368.70100900284035,19.717320851511722,20,#ff0000,Quadrant 2,1,2,76,,#ff0000,,311.1533126927201,6
image_192.png,5,False,682.7097077473205,330.41368469698654,20,#0000ff,Quadrant 4,2,2,76,,#0000ff,,24.29960638306911,6
image_192.png,5,False,52.64783490886072,288.1865312920312,20,#0000ff,Quadrant 3,2,1,76,,#0000ff,,100.47363473228783,6
image_192.png,2,False,222.4126125553426,98.34029193900359,20,#0000ff,Quadrant 1,1,1,76,,#0000ff,,61.19464769531372,6
image_192.png,5,False,670.2933204169451,119.33190894881665,20,#0000ff,Quadrant 2,1,2,76,,#0000ff,,140.30296172198263,6
image_192.png,5,False,214.83892513424576,179.36141520187226,20,#0000ff,Quadrant 1,1,1,76,,#0000ff,,232.06192433307794,6
image_192.png,2,False,367.81948819345894,121.25662128412213,20,#0000ff,Quadrant 2,1,2,76,,#0000ff,,157.7356024835868,6
image_192.png,5,False,487.5208717473317,102.6097229775688,20,#0000ff,Quadrant 2,1,2,76,,#0000ff,,322.55218658313504,6
image_192.png,2,False,600.0689726121442,56.70323177992458,20,#0000ff,Quadrant 2,1,2,76,,#0000ff,,178.38279782051697,6
image_192.png,5,False,449.73736956067887,22.301303443512577,20,#ff0000,Quadrant 2,1,2,76,,#ff0000,,214.98203906743208,6
image_192.png,5,False,315.51416983674176,31.8919839758897,20,#0000ff,Quadrant 1,1,1,76,,#0000ff,,171.42702401904114,6
image_192.png,2,False,156.01568222392848,385.6028147000793,20,#0000ff,Quadrant 3,2,1,76,,#0000ff,,121.46054140281565,6
image_192.png,2,False,545.8177622293324,110.10771579620719,20,#0000ff,Quadrant 2,1,2,76,,#0000ff,,70.50229607073105,6
image_192.png,2,False,253.14338822633158,77.3048911168537,20,#0000ff,Quadrant 1,1,1,76,,#0000ff,,61.95183713848783,6
image_192.png,5,False,455.91184274484766,247.80893285167474,20,#ff0000,Quadrant 4,2,2,76,,#ff0000,,123.09472504051544,6
image_192.png,5,False,209.9264948239692,212.01634901964854,20,#0000ff,Quadrant 3,2,1,76,,#0000ff,,179.30430329511057,6
image_192.png,2,False,458.9072544131352,127.43688941700877,20,#0000ff,Quadrant 2,1,2,76,,#0000ff,,56.164654585097445,6
image_192.png,2,False,245.5736621972102,280.9186966517789,20,#0000ff,Quadrant 3,2,1,76,,#0000ff,,58.29565476892033,6
image_192.png,5,False,299.9481653902779,246.459572936837,20,#ff0000,Quadrant 3,2,1,76,,#ff0000,,184.87726037262527,6
image_192.png,2,False,268.63937678274203,31.76945926854291,20,#0000ff,Quadrant 1,1,1,76,,#0000ff,,158.08358744745425,6
image_192.png,5,False,589.387324207255,246.16517963825345,20,#ff0000,Quadrant 4,2,2,76,,#ff0000,,140.30039295138437,6
image_192.png,5,False,250.34094778236025,161.05126467179898,20,#ff0000,Quadrant 1,1,1,76,,#ff0000,,152.09099756318187,6
image_192.png,5,False,540.189463286578,137.9347878245508,20,#0000ff,Quadrant 2,1,2,76,,#0000ff,,242.28959902743074,6
image_192.png,5,False,98.23144953551093,161.03578718391813,20,#ff0000,Quadrant 1,1,1,76,,#ff0000,,240.99910681281625,6
image_192.png,5,False,522.719937792251,313.5445409310407,20,#0000ff,Quadrant 4,2,2,76,,#0000ff,,37.25405637898046,6
image_192.png,5,False,34.48876436025558,33.10400991297695,20,#ff0000,Quadrant 1,1,1,76,,#ff0000,,145.4080619575518,6
image_192.png,2,False,139.49927425050274,327.19968927691997,20,#0000ff,Quadrant 3,2,1,76,,#0000ff,,88.18311438269768,6
image_192.png,2,False,425.9822554608884,189.70952237480114,20,#0000ff,Quadrant 2,1,2,76,,#0000ff,,113.41634753986605,6
image_192.png,2,False,371.3544367592942,144.67802352150127,20,#0000ff,Quadrant 2,1,2,76,,#0000ff,,9.886556278441049,6
image_192.png,5,False,156.92775380881696,350.7553312579976,20,#ff0000,Quadrant 3,2,1,76,,#ff0000,,244.34798275506324,6
image_192.png,5,False,125.35292870408266,223.19332431587466,20,#0000ff,Quadrant 3,2,1,76,,#0000ff,,164.6687002525779,6
image_192.png,5,False,401.2573466495995,288.40375658333863,20,#0000ff,Quadrant 4,2,2,76,,#0000ff,,328.512573409067,6
image_192.png,5,False,512.3314949339745,23.46581593909606,20,#0000ff,Quadrant 2,1,2,76,,#0000ff,,59.18144132692638,6
image_192.png,2,False,536.6931212624991,206.02217550337116,20,#0000ff,Quadrant 4,2,2,76,,#0000ff,,326.0011808645617,6
image_192.png,5,False,654.6983793451525,67.8487262964426,20,#ff0000,Quadrant 2,1,2,76,,#ff0000,,61.964727098750274,6
image_192.png,5,False,331.70002942700654,137.79083765090397,20,#0000ff,Quadrant 1,1,1,76,,#0000ff,,53.26051768462832,6
image_192.png,5,False,563.5011223454118,161.26745875797246,20,#0000ff,Quadrant 2,1,2,76,,#0000ff,,286.4367150421476,6
image_192.png,5,False,430.91784191128,218.47981879585197,20,#ff0000,Quadrant 4,2,2,76,,#ff0000,,198.09340331893466,6
image_192.png,5,False,509.8099409216825,149.51051536802612,20,#ff0000,Quadrant 2,1,2,76,,#ff0000,,37.7388428342788,6
image_192.png,5,False,181.61826718085334,259.98435905765643,20,#ff0000,Quadrant 3,2,1,76,,#ff0000,,168.1499055832272,6
image_192.png,5,False,622.7915813697354,123.58150510033921,20,#ff0000,Quadrant 2,1,2,76,,#ff0000,,47.61887970176408,6
image_192.png,2,False,433.12067426265565,292.33336250839244,20,#0000ff,Quadrant 4,2,2,76,,#0000ff,,266.8549258916828,6
image_192.png,5,False,584.2562518791234,100.83683384095181,20,#ff0000,Quadrant 2,1,2,76,,#ff0000,,280.2657253869249,6
image_192.png,5,False,381.1945588787029,350.1444961015178,20,#ff0000,Quadrant 4,2,2,76,,#ff0000,,3.459393276856879,6
image_192.png,5,False,419.689372901728,355.51401338680614,20,#0000ff,Quadrant 4,2,2,76,,#0000ff,,30.609955569009045,6
image_192.png,5,False,132.22373184974623,81.35920425133985,20,#0000ff,Quadrant 1,1,1,76,,#0000ff,,263.5375640147552,6
image_192.png,5,False,534.992841709271,40.08193950189518,20,#0000ff,Quadrant 2,1,2,76,,#0000ff,,217.8727485661339,6
image_192.png,5,False,411.80503043663344,164.24922556885272,20,#ff0000,Quadrant 2,1,2,76,,#ff0000,,286.745765718175,6
image_192.png,5,False,279.8906520954827,196.2046389070976,20,#0000ff,Quadrant 1,1,1,76,,#0000ff,,347.99269418715295,6
image_192.png,5,False,472.55346281830765,337.14967427697394,20,#ff0000,Quadrant 4,2,2,76,,#ff0000,,58.24672801461604,6
image_192.png,5,False,20.68790079846696,232.2459695006806,20,#ff0000,Quadrant 3,2,1,76,,#ff0000,,156.95909616231975,6
image_192.png,5,False,175.3827416825038,20.542307262841298,20,#0000ff,Quadrant 1,1,1,76,,#0000ff,,150.1487124035101,6
image_192.png,2,False,149.98043730657804,165.66457272400808,20,#0000ff,Quadrant 1,1,1,76,,#0000ff,,4.867387575869988,6
image_192.png,2,False,14.94598868003185,69.73682239501824,20,#0000ff,Quadrant 1,1,1,76,,#0000ff,,169.3221470306873,6
image_192.png,5,False,495.6312788335687,246.15442153219527,20,#0000ff,Quadrant 4,2,2,76,,#0000ff,,356.1699093920363,6
image_192.png,2,False,578.2033765541686,291.2594185555468,20,#0000ff,Quadrant 4,2,2,76,,#0000ff,,56.80904611608789,6
image_192.png,2,False,611.9137190398494,204.06724186981188,20,#0000ff,Quadrant 4,2,2,76,,#0000ff,,263.1465229889664,6
image_192.png,2,False,335.7456638201359,312.7216824625283,20,#0000ff,Quadrant 3,2,1,76,,#0000ff,,10.72046134216112,6
image_192.png,5,False,28.538712264467172,313.1835070053579,20,#ff0000,Quadrant 3,2,1,76,,#ff0000,,239.32564214188582,6
image_192.png,5,False,170.24483244487,284.3607125051627,20,#ff0000,Quadrant 3,2,1,76,,#ff0000,,224.98952653130968,6
image_193.png,2,True,98.51964125731902,193.91570611186714,20,#FF0000,Quadrant 1,1,1,13,240,#FF0000,0,118.55147345708752,3
image_193.png,5,False,628.1034817454822,49.521481905692035,20,#0000ff,Quadrant 2,1,2,13,,#0000ff,,64.6016751731396,3
image_193.png,5,False,231.539230209419,304.7603505731708,20,#ff0000,Quadrant 3,2,1,13,,#ff0000,,85.72054395498448,3
image_193.png,5,False,139.0887392644218,363.4259376903828,20,#0000ff,Quadrant 3,2,1,13,,#0000ff,,279.8335840892185,3
image_193.png,5,False,69.80233389499955,262.40845479943494,20,#ff0000,Quadrant 3,2,1,13,,#ff0000,,130.13695414943214,3
image_193.png,5,False,387.639085061084,76.57932179359817,20,#0000ff,Quadrant 2,1,2,13,,#0000ff,,151.94986582932776,3
image_193.png,5,False,165.8445099466592,230.64127816809577,20,#ff0000,Quadrant 3,2,1,13,,#ff0000,,316.3485854733462,3
image_193.png,5,False,665.806337497883,323.9616994820635,20,#ff0000,Quadrant 4,2,2,13,,#ff0000,,341.76328200668695,3
image_193.png,5,False,290.8058417456947,292.1831894459141,20,#ff0000,Quadrant 3,2,1,13,,#ff0000,,230.90696071823186,3
image_193.png,5,False,75.42276767487076,43.40106041886194,20,#ff0000,Quadrant 1,1,1,13,,#ff0000,,351.4201113944581,3
image_193.png,2,False,406.0385235605435,231.35548350448084,20,#0000ff,Quadrant 4,2,2,13,,#0000ff,,69.5910708997742,3
image_193.png,2,False,238.10560004642295,148.9494102837097,20,#0000ff,Quadrant 1,1,1,13,,#0000ff,,350.41555899278376,3
image_193.png,5,False,326.6492094014952,289.7426333643748,20,#0000ff,Quadrant 3,2,1,13,,#0000ff,,349.17837661622735,3
image_193.png,2,False,437.2584511562445,295.34492000501234,20,#0000ff,Quadrant 4,2,2,13,,#0000ff,,127.87000345601693,3
image_194.png,2,True,521.3008579360481,63.130589251099316,20,#FF0000,Quadrant 2,1,2,31,240,#FF0000,0,146.15029709129882,4
image_194.png,5,False,688.5911604171517,227.25409999559102,20,#ff0000,Quadrant 4,2,2,31,,#ff0000,,136.16595431347167,4
image_194.png,5,False,172.56809874821607,262.9858301707543,20,#ff0000,Quadrant 3,2,1,31,,#ff0000,,305.1166613709479,4
image_194.png,2,False,184.5877820772856,69.61953039597321,20,#0000ff,Quadrant 1,1,1,31,,#0000ff,,319.4527021404562,4
image_194.png,5,False,147.09951141053864,199.03662291819612,20,#0000ff,Quadrant 1,1,1,31,,#0000ff,,55.919657608397884,4
image_194.png,5,False,85.21542061975308,281.88196727720145,20,#ff0000,Quadrant 3,2,1,31,,#ff0000,,348.1425591741134,4
image_194.png,2,False,323.6002247040784,49.15380078415857,20,#0000ff,Quadrant 1,1,1,31,,#0000ff,,73.4408920811453,4
image_194.png,2,False,513.1029814370593,134.5787632582518,20,#0000ff,Quadrant 2,1,2,31,,#0000ff,,194.5616785072367,4
image_194.png,5,False,216.61190835681694,89.34826630522183,20,#ff0000,Quadrant 1,1,1,31,,#ff0000,,36.40375888930599,4
image_194.png,2,False,229.98291497662535,172.21309021595786,20,#0000ff,Quadrant 1,1,1,31,,#0000ff,,347.49636022993593,4
image_194.png,5,False,56.087069534336585,177.12944963595498,20,#ff0000,Quadrant 1,1,1,31,,#ff0000,,358.6415287931431,4
image_194.png,5,False,145.7657776432744,142.6334939504455,20,#ff0000,Quadrant 1,1,1,31,,#ff0000,,334.7158101968963,4
image_194.png,2,False,611.5546305884632,338.1027310834663,20,#0000ff,Quadrant 4,2,2,31,,#0000ff,,252.5665140827549,4
image_194.png,2,False,345.00283801376565,166.04313361514332,20,#0000ff,Quadrant 1,1,1,31,,#0000ff,,108.96964191489556,4
image_194.png,5,False,102.60353886680724,368.8117846235483,20,#0000ff,Quadrant 3,2,1,31,,#0000ff,,332.29631211001714,4
image_194.png,5,False,484.8595837252686,76.66775184315556,20,#0000ff,Quadrant 2,1,2,31,,#0000ff,,278.098411249967,4
image_194.png,5,False,475.57985388141975,168.86015442429178,20,#ff0000,Quadrant 2,1,2,31,,#ff0000,,165.91013373925324,4
image_194.png,2,False,213.10928498416575,239.70770269549786,20,#0000ff,Quadrant 3,2,1,31,,#0000ff,,132.89302005555575,4
image_194.png,5,False,296.43477273759726,272.7014375024847,20,#ff0000,Quadrant 3,2,1,31,,#ff0000,,283.2091879866513,4
image_194.png,5,False,306.8197285990227,15.100477549993752,20,#ff0000,Quadrant 1,1,1,31,,#ff0000,,155.1873835635791,4
image_194.png,2,False,480.8653026124,193.98971727777135,20,#0000ff,Quadrant 2,1,2,31,,#0000ff,,81.54604854407218,4
image_194.png,5,False,529.7419783773453,333.97281934097975,20,#0000ff,Quadrant 4,2,2,31,,#0000ff,,150.33754332341982,4
image_194.png,2,False,304.64083378392223,383.6909875514062,20,#0000ff,Quadrant 3,2,1,31,,#0000ff,,355.4194430550128,4
image_194.png,5,False,307.2926340470132,242.65996308514914,20,#0000ff,Quadrant 3,2,1,31,,#0000ff,,32.06623941406657,4
image_194.png,5,False,620.9929783270078,181.95609553539143,20,#0000ff,Quadrant 2,1,2,31,,#0000ff,,198.7034241349986,4
image_194.png,5,False,189.097677274306,346.90977263832775,20,#0000ff,Quadrant 3,2,1,31,,#0000ff,,176.90374096666,4
image_194.png,5,False,588.3321441325095,175.22450283474865,20,#ff0000,Quadrant 2,1,2,31,,#ff0000,,93.77882585520324,4
image_194.png,5,False,516.1618931358678,362.73617138535207,20,#ff0000,Quadrant 4,2,2,31,,#ff0000,,194.94072723719333,4
image_194.png,5,False,339.492174556185,117.34713043773478,20,#0000ff,Quadrant 1,1,1,31,,#0000ff,,304.34286576739845,4
image_194.png,2,False,446.62413873940574,230.9475694390762,20,#0000ff,Quadrant 4,2,2,31,,#0000ff,,294.66882774251815,4
image_194.png,5,False,654.3534221782851,295.41068805280133,20,#0000ff,Quadrant 4,2,2,31,,#0000ff,,46.6303521996909,4
image_194.png,5,False,477.6069925936004,32.25237538240694,20,#0000ff,Quadrant 2,1,2,31,,#0000ff,,70.78364720289991,4
image_195.png,2,True,659.0389250500134,67.15905943145248,20,#FF0000,Quadrant 2,1,2,6,240,#FF0000,0,68.3385205396936,2
image_195.png,5,False,305.5476374029091,204.4386411884309,20,#ff0000,Quadrant 3,2,1,6,,#ff0000,,223.07889727516073,2
image_195.png,5,False,380.15345383289423,269.2221997506352,20,#ff0000,Quadrant 4,2,2,6,,#ff0000,,336.05161345910807,2
image_195.png,5,False,330.17354871874227,304.03383694738073,20,#ff0000,Quadrant 3,2,1,6,,#ff0000,,313.7220390016621,2
image_195.png,5,False,363.63993682397796,159.10363277767414,20,#0000ff,Quadrant 2,1,2,6,,#0000ff,,184.40869964890203,2
image_195.png,5,False,488.0050609068051,85.1439933114715,20,#ff0000,Quadrant 2,1,2,6,,#ff0000,,81.56959306885155,2
image_195.png,2,False,77.8009542370875,185.43145487519791,20,#0000ff,Quadrant 1,1,1,6,,#0000ff,,180.93239083168396,2
image_196.png,2,True,246.97739610308068,297.29099887469994,20,#FF0000,Quadrant 3,2,1,12,240,#FF0000,0,347.47319511541434,3
image_196.png,5,False,145.5424358411587,112.81228883372945,20,#ff0000,Quadrant 1,1,1,12,,#ff0000,,124.95474898668284,3
image_196.png,2,False,402.43477183748774,243.59682341920373,20,#0000ff,Quadrant 4,2,2,12,,#0000ff,,152.99684643426764,3
image_196.png,5,False,173.24005879206277,314.2004899763359,20,#ff0000,Quadrant 3,2,1,12,,#ff0000,,193.7228154292853,3
image_196.png,2,False,235.11168866229877,248.33571164755585,20,#0000ff,Quadrant 3,2,1,12,,#0000ff,,187.3833820228958,3
image_196.png,5,False,493.8568367867935,301.5803443412538,20,#ff0000,Quadrant 4,2,2,12,,#ff0000,,208.93942381125066,3
image_196.png,5,False,629.0988393199076,277.4195691412207,20,#ff0000,Quadrant 4,2,2,12,,#ff0000,,30.654171052600784,3
image_196.png,2,False,256.43769079392047,128.18825756755086,20,#0000ff,Quadrant 1,1,1,12,,#0000ff,,327.8427200439722,3
image_196.png,2,False,279.2801311932889,128.6645089827241,20,#0000ff,Quadrant 1,1,1,12,,#0000ff,,166.5402321766942,3
image_196.png,5,False,33.73295630562855,19.5390692094285,20,#ff0000,Quadrant 1,1,1,12,,#ff0000,,178.06447039702948,3
image_196.png,5,False,487.63266030763293,251.64192823391565,20,#ff0000,Quadrant 4,2,2,12,,#ff0000,,268.05447221625184,3
image_196.png,5,False,184.27495449410793,185.5919755616799,20,#ff0000,Quadrant 1,1,1,12,,#ff0000,,72.3815892081332,3
image_196.png,5,False,322.9634482701474,375.61368902820703,20,#0000ff,Quadrant 3,2,1,12,,#0000ff,,17.99716641978415,3
image_197.png,2,True,11.318826172759106,21.64410028902605,20,#FF0000,Quadrant 1,1,1,10,240,#FF0000,0,240.15655332889247,3
image_197.png,2,False,254.6551593777189,319.822497034269,20,#0000ff,Quadrant 3,2,1,10,,#0000ff,,253.43750324854736,3
image_197.png,2,False,127.84175198899692,313.3993989024565,20,#0000ff,Quadrant 3,2,1,10,,#0000ff,,8.32105856805768,3
image_197.png,2,False,292.20784191529106,148.04466446172748,20,#0000ff,Quadrant 1,1,1,10,,#0000ff,,342.22007043442534,3
image_197.png,2,False,521.1562685600895,199.6312932286528,20,#0000ff,Quadrant 2,1,2,10,,#0000ff,,42.603670778656586,3
image_197.png,5,False,493.29576290480077,244.67375495081862,20,#ff0000,Quadrant 4,2,2,10,,#ff0000,,31.69468158887834,3
image_197.png,5,False,518.1625330637177,125.85544303637428,20,#0000ff,Quadrant 2,1,2,10,,#0000ff,,23.04903151018238,3
image_197.png,5,False,405.2388805878675,278.73498248555165,20,#0000ff,Quadrant 4,2,2,10,,#0000ff,,63.534462914498214,3
image_197.png,2,False,342.81109459898266,81.98429768098124,20,#0000ff,Quadrant 1,1,1,10,,#0000ff,,45.557363678735655,3
image_197.png,5,False,641.6120854149386,141.3843076189883,20,#0000ff,Quadrant 2,1,2,10,,#0000ff,,220.7509758000255,3
image_197.png,5,False,385.94394226464397,118.18304162889882,20,#ff0000,Quadrant 2,1,2,10,,#ff0000,,135.6276581747447,3
image_198.png,2,True,180.2400979641303,350.7306762757266,20,#FF0000,Quadrant 3,2,1,6,240,#FF0000,0,296.40341594566024,2
image_198.png,5,False,385.84124558664166,127.2496604194579,20,#0000ff,Quadrant 2,1,2,6,,#0000ff,,228.43760640112333,2
image_198.png,5,False,644.132889397201,89.31272710482048,20,#ff0000,Quadrant 2,1,2,6,,#ff0000,,23.835599463161145,2
image_198.png,5,False,290.44986915586685,302.4219540251019,20,#0000ff,Quadrant 3,2,1,6,,#0000ff,,286.0733736876599,2
image_198.png,2,False,39.26298019832133,149.40104591455398,20,#0000ff,Quadrant 1,1,1,6,,#0000ff,,289.63570005741656,2
image_198.png,5,False,92.82487300050593,194.4526777574218,20,#ff0000,Quadrant 1,1,1,6,,#ff0000,,333.8144032340938,2
image_198.png,2,False,505.904108975295,257.2323914941186,20,#0000ff,Quadrant 4,2,2,6,,#0000ff,,73.40046094725984,2
image_199.png,2,True,79.81207850580165,332.5448359760495,20,#FF0000,Quadrant 3,2,1,2,240,#FF0000,0,299.5081105185993,1
image_199.png,5,False,562.7791198106271,264.46349388642386,20,#ff0000,Quadrant 4,2,2,2,,#ff0000,,57.45691115504488,1
image_199.png,5,False,673.5305826693922,36.33681115221913,20,#0000ff,Quadrant 2,1,2,2,,#0000ff,,204.8317627563057,1
image_200.png,2,True,69.5347577237807,315.5101454518005,20,#FF0000,Quadrant 3,2,1,98,240,#FF0000,0,40.85686328305391,6
image_200.png,2,False,563.8690054885681,362.1763315421491,20,#0000ff,Quadrant 4,2,2,98,,#0000ff,,9.818340210987593,6
image_200.png,2,False,479.46788747224355,354.9173862514634,20,#0000ff,Quadrant 4,2,2,98,,#0000ff,,359.00107449135373,6
image_200.png,5,False,619.2162896472493,101.63344059678525,20,#0000ff,Quadrant 2,1,2,98,,#0000ff,,161.9033037046609,6
image_200.png,5,False,548.6116194276892,273.31853504375147,20,#ff0000,Quadrant 4,2,2,98,,#ff0000,,105.11313712274345,6
image_200.png,5,False,400.6737067943039,159.23182448327927,20,#ff0000,Quadrant 2,1,2,98,,#ff0000,,213.0600553207707,6
image_200.png,5,False,170.53227026771887,276.50345743594784,20,#0000ff,Quadrant 3,2,1,98,,#0000ff,,238.88239276745654,6
image_200.png,2,False,191.06791750352977,14.787466984416344,20,#0000ff,Quadrant 1,1,1,98,,#0000ff,,224.29446657828333,6
image_200.png,2,False,106.38500218169128,349.3031192142093,20,#0000ff,Quadrant 3,2,1,98,,#0000ff,,276.1577335933796,6
image_200.png,5,False,666.0795104383213,306.6727577852756,20,#0000ff,Quadrant 4,2,2,98,,#0000ff,,84.80012631024697,6
image_200.png,5,False,157.80556682987296,207.44632947198852,20,#0000ff,Quadrant 3,2,1,98,,#0000ff,,81.53289168525036,6
image_200.png,5,False,231.45285873119045,92.79927775530221,20,#ff0000,Quadrant 1,1,1,98,,#ff0000,,349.2694124214132,6
image_200.png,5,False,487.9624321882743,228.91030334769894,20,#ff0000,Quadrant 4,2,2,98,,#ff0000,,309.27677530111237,6
image_200.png,5,False,395.007058967286,218.08424446317431,20,#ff0000,Quadrant 4,2,2,98,,#ff0000,,84.76923634577157,6
image_200.png,5,False,12.112884123521974,359.8295518182179,20,#0000ff,Quadrant 3,2,1,98,,#0000ff,,9.798753458511062,6
image_200.png,5,False,223.33210387335427,332.0044484227623,20,#ff0000,Quadrant 3,2,1,98,,#ff0000,,108.9852648866554,6
image_200.png,5,False,197.7363858091356,149.51351131225076,20,#ff0000,Quadrant 1,1,1,98,,#ff0000,,1.4088904915003697,6
image_200.png,5,False,478.50199114371776,75.28320462116983,20,#0000ff,Quadrant 2,1,2,98,,#0000ff,,350.4635163244661,6
image_200.png,5,False,432.87166202556165,61.63228236274208,20,#ff0000,Quadrant 2,1,2,98,,#ff0000,,118.15387831273301,6
image_200.png,5,False,28.951073946366353,383.29769999480015,20,#ff0000,Quadrant 3,2,1,98,,#ff0000,,206.70149823127983,6
image_200.png,5,False,246.33947366692144,325.72647843780373,20,#0000ff,Quadrant 3,2,1,98,,#0000ff,,62.03618358342452,6
image_200.png,5,False,89.83795041084082,174.03834822118887,20,#ff0000,Quadrant 1,1,1,98,,#ff0000,,318.46401385114154,6
image_200.png,2,False,351.2767813090536,240.54025244086674,20,#0000ff,Quadrant 3,2,1,98,,#0000ff,,231.6936163610223,6
image_200.png,2,False,277.7297280644488,176.15010797894618,20,#0000ff,Quadrant 1,1,1,98,,#0000ff,,37.25108331520501,6
image_200.png,2,False,624.5927695262214,142.40040774888638,20,#0000ff,Quadrant 2,1,2,98,,#0000ff,,131.19177168426899,6
image_200.png,5,False,656.4107841585965,161.35376347851732,20,#ff0000,Quadrant 2,1,2,98,,#ff0000,,346.3041241707729,6
image_200.png,5,False,516.7017096172218,125.89140302447947,20,#ff0000,Quadrant 2,1,2,98,,#ff0000,,210.04747303295593,6
image_200.png,5,False,354.43735204731246,358.2145787525128,20,#0000ff,Quadrant 3,2,1,98,,#0000ff,,270.25411864726664,6
image_200.png,2,False,531.3925906593063,298.59891797626284,20,#0000ff,Quadrant 4,2,2,98,,#0000ff,,304.5496448170337,6
image_200.png,5,False,696.6534705454272,176.17387372171913,20,#0000ff,Quadrant 2,1,2,98,,#0000ff,,327.50874811577893,6
image_200.png,2,False,345.9232857382842,12.691769641254188,20,#0000ff,Quadrant 1,1,1,98,,#0000ff,,243.71402843891303,6
image_200.png,5,False,659.3920018002583,30.753139196379905,20,#0000ff,Quadrant 2,1,2,98,,#0000ff,,310.1653782392166,6
image_200.png,5,False,606.5065861587872,36.1825375973179,20,#ff0000,Quadrant 2,1,2,98,,#ff0000,,332.4171717525889,6
image_200.png,5,False,105.6330613631425,388.14422990953307,20,#0000ff,Quadrant 3,2,1,98,,#0000ff,,112.68551127499484,6
image_200.png,5,False,431.5351500598245,244.3506592585711,20,#0000ff,Quadrant 4,2,2,98,,#0000ff,,136.04542571808307,6
image_200.png,5,False,549.9410206021724,324.2534834696216,20,#ff0000,Quadrant 4,2,2,98,,#ff0000,,182.59850720676863,6
image_200.png,5,False,81.4231799295393,64.75896141248678,20,#0000ff,Quadrant 1,1,1,98,,#0000ff,,257.7693395798669,6
image_200.png,2,False,138.080987578197,304.1053273788649,20,#0000ff,Quadrant 3,2,1,98,,#0000ff,,62.921257611851786,6
image_200.png,5,False,234.36132334854733,282.75916151895575,20,#0000ff,Quadrant 3,2,1,98,,#0000ff,,136.09194671849258,6
image_200.png,5,False,598.7154932671776,249.15709351471637,20,#ff0000,Quadrant 4,2,2,98,,#ff0000,,94.87996974915345,6
image_200.png,5,False,422.58984360891844,135.28871870228528,20,#ff0000,Quadrant 2,1,2,98,,#ff0000,,47.35934259186067,6
image_200.png,2,False,387.3227614295385,95.52232339441781,20,#0000ff,Quadrant 2,1,2,98,,#0000ff,,262.8457572649488,6
image_200.png,5,False,164.53728585249007,142.61112860299542,20,#ff0000,Quadrant 1,1,1,98,,#ff0000,,212.54028443307655,6
image_200.png,5,False,503.9756144376728,257.560336253567,20,#ff0000,Quadrant 4,2,2,98,,#ff0000,,48.049345895981844,6
image_200.png,5,False,15.832838130404141,272.9553871504453,20,#0000ff,Quadrant 3,2,1,98,,#0000ff,,46.70982507552467,6
image_200.png,5,False,326.226004532396,300.6033756428672,20,#0000ff,Quadrant 3,2,1,98,,#0000ff,,271.4631090094121,6
image_200.png,5,False,302.8814895977875,20.622233043557,20,#ff0000,Quadrant 1,1,1,98,,#ff0000,,85.97395118759648,6
image_200.png,5,False,696.7579888901251,132.8018081542277,20,#ff0000,Quadrant 2,1,2,98,,#ff0000,,101.460211888853,6
image_200.png,5,False,322.62376844890827,256.2612843490492,20,#ff0000,Quadrant 3,2,1,98,,#ff0000,,222.6425170569629,6
image_200.png,5,False,474.2755183319532,120.94389148933443,20,#ff0000,Quadrant 2,1,2,98,,#ff0000,,94.22103232136826,6
image_200.png,5,False,504.38291173789503,72.57983340554622,20,#ff0000,Quadrant 2,1,2,98,,#ff0000,,32.044327005239424,6
image_200.png,5,False,139.8203327860056,248.0751081713343,20,#0000ff,Quadrant 3,2,1,98,,#0000ff,,315.5094950267851,6
image_200.png,5,False,35.83182137494391,186.85091293482284,20,#ff0000,Quadrant 1,1,1,98,,#ff0000,,97.7160221733049,6
image_200.png,2,False,34.99739382041504,152.09422933678778,20,#0000ff,Quadrant 1,1,1,98,,#0000ff,,116.79535477177811,6
image_200.png,2,False,94.22930095108941,29.203197992469658,20,#0000ff,Quadrant 1,1,1,98,,#0000ff,,357.35143094716017,6
image_200.png,2,False,319.49450385600977,187.10087940814097,20,#0000ff,Quadrant 1,1,1,98,,#0000ff,,133.0812464696839,6
image_200.png,2,False,384.4208886019877,308.931834428984,20,#0000ff,Quadrant 4,2,2,98,,#0000ff,,61.86078916618574,6
image_200.png,2,False,121.32279230457901,186.02236354804919,20,#0000ff,Quadrant 1,1,1,98,,#0000ff,,193.71437064546663,6
image_200.png,5,False,594.2656476313955,345.9822498081889,20,#ff0000,Quadrant 4,2,2,98,,#ff0000,,209.88943921757783,6
image_200.png,5,False,278.7889802318124,265.326030178255,20,#ff0000,Quadrant 3,2,1,98,,#ff0000,,295.4250920925426,6
image_200.png,2,False,25.361611115068406,208.9654563055269,20,#0000ff,Quadrant 3,2,1,98,,#0000ff,,156.5862810545443,6
image_200.png,2,False,24.392149630338043,75.15015495568714,20,#0000ff,Quadrant 1,1,1,98,,#0000ff,,152.89825234406115,6
image_200.png,5,False,464.3768670539682,21.25336842875195,20,#0000ff,Quadrant 2,1,2,98,,#0000ff,,293.1320922650748,6
image_200.png,2,False,499.13612785046524,156.05386262072008,20,#0000ff,Quadrant 2,1,2,98,,#0000ff,,357.36978986180185,6
image_200.png,5,False,649.9039426323492,260.6487874980264,20,#0000ff,Quadrant 4,2,2,98,,#0000ff,,202.48890462958803,6
image_200.png,5,False,363.7096735302229,283.59414440035846,20,#0000ff,Quadrant 4,2,2,98,,#0000ff,,204.1519131658314,6
image_200.png,5,False,88.85574383020821,205.99712442963119,20,#0000ff,Quadrant 3,2,1,98,,#0000ff,,313.45462382568894,6
image_200.png,2,False,656.0635668868349,89.79901954807261,20,#0000ff,Quadrant 2,1,2,98,,#0000ff,,315.8685332585913,6
image_200.png,5,False,200.8093512593168,248.95059199765504,20,#ff0000,Quadrant 3,2,1,98,,#ff0000,,84.64630052382417,6
image_200.png,2,False,616.1442300794281,299.05421979093376,20,#0000ff,Quadrant 4,2,2,98,,#0000ff,,240.89921092623604,6
image_200.png,2,False,542.8253493276709,168.34618081685863,20,#0000ff,Quadrant 2,1,2,98,,#0000ff,,181.16061191750802,6
image_200.png,5,False,435.6198524014066,26.4735543292378,20,#0000ff,Quadrant 2,1,2,98,,#0000ff,,273.4065390577829,6
image_200.png,5,False,464.91937866009084,281.76454772372665,20,#ff0000,Quadrant 4,2,2,98,,#ff0000,,186.86132480015232,6
image_200.png,2,False,414.84288437958406,190.85653190398733,20,#0000ff,Quadrant 2,1,2,98,,#0000ff,,317.05466130337123,6
image_200.png,2,False,200.47048546366847,47.85395801407758,20,#0000ff,Quadrant 1,1,1,98,,#0000ff,,59.06250303924098,6
image_200.png,5,False,201.0057833822303,108.31407777367741,20,#0000ff,Quadrant 1,1,1,98,,#0000ff,,177.1900150429255,6
image_200.png,5,False,43.29820498294872,248.4485125698371,20,#ff0000,Quadrant 3,2,1,98,,#ff0000,,273.6210979402901,6
image_200.png,5,False,650.0026950883785,194.90009779445663,20,#0000ff,Quadrant 2,1,2,98,,#0000ff,,220.75162488335545,6
image_200.png,2,False,47.89084777501061,73.04064248848263,20,#0000ff,Quadrant 1,1,1,98,,#0000ff,,3.1289648130112324,6
image_200.png,2,False,407.2022407956562,54.950590937603565,20,#0000ff,Quadrant 2,1,2,98,,#0000ff,,54.85165132676783,6
image_200.png,5,False,270.73665553538876,358.40804998818555,20,#ff0000,Quadrant 3,2,1,98,,#ff0000,,332.645672694348,6
image_200.png,5,False,575.876805351647,42.230228068078596,20,#0000ff,Quadrant 2,1,2,98,,#0000ff,,212.36422902144835,6
image_200.png,5,False,553.16293305816,126.9079482319669,20,#0000ff,Quadrant 2,1,2,98,,#0000ff,,176.2184856105914,6
image_200.png,2,False,261.17920824258454,127.97689221318612,20,#0000ff,Quadrant 1,1,1,98,,#0000ff,,249.7555602218724,6
image_200.png,5,False,121.27517869669104,61.890337093560014,20,#0000ff,Quadrant 1,1,1,98,,#0000ff,,266.12738188022735,6
image_200.png,2,False,347.0088705948872,193.8434098845961,20,#0000ff,Quadrant 1,1,1,98,,#0000ff,,221.48877708074437,6
image_200.png,5,False,699.0609039101896,106.01378069781912,20,#ff0000,Quadrant 2,1,2,98,,#ff0000,,265.6125232868901,6
image_200.png,5,False,172.7364509886438,357.6388969088089,20,#0000ff,Quadrant 3,2,1,98,,#0000ff,,85.03489358745651,6
image_200.png,5,False,512.0825978814521,221.46022343497373,20,#ff0000,Quadrant 4,2,2,98,,#ff0000,,316.44711640502436,6
image_200.png,5,False,639.3163326658365,313.025062134176,20,#ff0000,Quadrant 4,2,2,98,,#ff0000,,189.99701979821802,6
image_200.png,5,False,453.70037858505657,166.63708612671667,20,#0000ff,Quadrant 2,1,2,98,,#0000ff,,48.56510848410439,6
image_200.png,5,False,270.18803167179885,94.74594927257196,20,#ff0000,Quadrant 1,1,1,98,,#ff0000,,80.98983258137861,6
image_200.png,2,False,341.8036601571634,101.38624113161514,20,#0000ff,Quadrant 1,1,1,98,,#0000ff,,110.08128383470476,6
image_200.png,2,False,314.6100601591753,226.66412577285504,20,#0000ff,Quadrant 3,2,1,98,,#0000ff,,359.84700689788224,6
image_200.png,5,False,592.2475207653666,150.06325120342564,20,#0000ff,Quadrant 2,1,2,98,,#0000ff,,49.54165937171708,6
image_200.png,5,False,174.13808794355253,113.10959904028627,20,#ff0000,Quadrant 1,1,1,98,,#ff0000,,357.74184727254607,6
image_200.png,5,False,167.31450756058845,28.93914087104674,20,#ff0000,Quadrant 1,1,1,98,,#ff0000,,311.68083712329206,6
image_200.png,5,False,337.9850071578902,61.68924801660197,20,#ff0000,Quadrant 1,1,1,98,,#ff0000,,353.6383040784185,6
image_200.png,5,False,27.969724633231223,25.007717899964472,20,#0000ff,Quadrant 1,1,1,98,,#0000ff,,83.69103788314806,6
image_201.png,2,True,121.28759931875572,387.4445640862708,20,#FF0000,Quadrant 3,2,1,44,240,#FF0000,0,243.53601788100485,5
image_201.png,5,False,235.61975949146563,331.86896255895164,20,#0000ff,Quadrant 3,2,1,44,,#0000ff,,207.27311743424735,5
image_201.png,5,False,531.4987311658479,265.1682785697251,20,#0000ff,Quadrant 4,2,2,44,,#0000ff,,343.33950381030076,5
image_201.png,5,False,63.96472199253974,238.52214174619044,20,#0000ff,Quadrant 3,2,1,44,,#0000ff,,80.11415222457201,5
image_201.png,2,False,421.07049129190875,329.4176047611594,20,#0000ff,Quadrant 4,2,2,44,,#0000ff,,127.4041876478192,5
image_201.png,5,False,255.59472053004527,293.69632923460784,20,#ff0000,Quadrant 3,2,1,44,,#ff0000,,121.79770649306752,5
image_201.png,5,False,151.57230347266116,71.18031969314906,20,#0000ff,Quadrant 1,1,1,44,,#0000ff,,299.8837591355209,5
image_201.png,5,False,608.3100495305564,292.7445763752985,20,#0000ff,Quadrant 4,2,2,44,,#0000ff,,152.69006284089647,5
image_201.png,2,False,350.68441988935297,254.43809341193278,20,#0000ff,Quadrant 3,2,1,44,,#0000ff,,140.34260113980756,5
image_201.png,5,False,696.5817678187444,137.75643601419532,20,#ff0000,Quadrant 2,1,2,44,,#ff0000,,289.7087896469099,5
image_201.png,5,False,427.3546991048574,212.24760742397845,20,#0000ff,Quadrant 4,2,2,44,,#0000ff,,131.83951902412497,5
image_201.png,5,False,68.26042986198104,329.26187888035344,20,#ff0000,Quadrant 3,2,1,44,,#ff0000,,82.58813778775301,5
image_201.png,5,False,141.25151167694384,332.47895724905044,20,#ff0000,Quadrant 3,2,1,44,,#ff0000,,250.05747193732347,5
image_201.png,5,False,306.02891661942675,57.44160464059864,20,#0000ff,Quadrant 1,1,1,44,,#0000ff,,24.874122731907402,5
image_201.png,2,False,620.1658970496002,238.9272391055303,20,#0000ff,Quadrant 4,2,2,44,,#0000ff,,84.43862437959385,5
image_201.png,5,False,137.4724401216334,12.826059559738228,20,#ff0000,Quadrant 1,1,1,44,,#ff0000,,100.78531482993583,5
image_201.png,5,False,190.90721430050584,328.75375485170406,20,#ff0000,Quadrant 3,2,1,44,,#ff0000,,243.57307096480264,5
image_201.png,2,False,297.549985864787,218.1663927891223,20,#0000ff,Quadrant 3,2,1,44,,#0000ff,,253.34916970792642,5
image_201.png,2,False,526.6138051330922,348.3321761128791,20,#0000ff,Quadrant 4,2,2,44,,#0000ff,,189.82876106037472,5
image_201.png,5,False,192.1454867391535,223.37410381041403,20,#0000ff,Quadrant 3,2,1,44,,#0000ff,,93.90983280127612,5
image_201.png,2,False,212.4969635996307,72.24492687667727,20,#0000ff,Quadrant 1,1,1,44,,#0000ff,,125.79879927720329,5
image_201.png,5,False,376.30575063422367,312.36523656897265,20,#0000ff,Quadrant 4,2,2,44,,#0000ff,,76.67864366213381,5
image_201.png,5,False,624.0928546798767,182.28086845206988,20,#0000ff,Quadrant 2,1,2,44,,#0000ff,,290.44774718136784,5
image_201.png,2,False,536.6807108500136,98.91109403552693,20,#0000ff,Quadrant 2,1,2,44,,#0000ff,,333.5067598914535,5
image_201.png,5,False,385.3568838725152,163.73227708169063,20,#0000ff,Quadrant 2,1,2,44,,#0000ff,,190.7783040557326,5
image_201.png,5,False,85.08145829270505,371.68352432844017,20,#0000ff,Quadrant 3,2,1,44,,#0000ff,,134.3277046009214,5
image_201.png,2,False,455.89149784945164,253.86892685811804,20,#0000ff,Quadrant 4,2,2,44,,#0000ff,,173.64102710463098,5
image_201.png,2,False,452.3938918539422,83.02158087691308,20,#0000ff,Quadrant 2,1,2,44,,#0000ff,,312.6459743118048,5
image_201.png,2,False,49.3001489515371,88.0779290194607,20,#0000ff,Quadrant 1,1,1,44,,#0000ff,,126.31117018209896,5
image_201.png,5,False,482.2790219552989,18.61005305207025,20,#0000ff,Quadrant 2,1,2,44,,#0000ff,,27.470327017108737,5
image_201.png,5,False,199.50585899933554,375.82178250667664,20,#ff0000,Quadrant 3,2,1,44,,#ff0000,,290.51935334985006,5
image_201.png,2,False,583.74358347255,259.158835837484,20,#0000ff,Quadrant 4,2,2,44,,#0000ff,,255.6158429621173,5
image_201.png,5,False,376.5738593607413,16.370967332383287,20,#ff0000,Quadrant 2,1,2,44,,#ff0000,,177.50411687879784,5
image_201.png,2,False,73.9700626300744,40.337689523960776,20,#0000ff,Quadrant 1,1,1,44,,#0000ff,,25.504454863827817,5
image_201.png,5,False,327.874493180396,210.97218142429705,20,#0000ff,Quadrant 3,2,1,44,,#0000ff,,10.064636937373628,5
image_201.png,2,False,391.2515660566438,190.96261896402757,20,#0000ff,Quadrant 2,1,2,44,,#0000ff,,212.7814544778068,5
image_201.png,2,False,449.8735204543421,379.43746724206693,20,#0000ff,Quadrant 4,2,2,44,,#0000ff,,77.81247399446104,5
image_201.png,5,False,127.71178157510718,128.00157133049385,20,#0000ff,Quadrant 1,1,1,44,,#0000ff,,124.21306088166175,5
image_201.png,5,False,159.41922173746437,151.00877846802783,20,#0000ff,Quadrant 1,1,1,44,,#0000ff,,22.676072306247384,5
image_201.png,5,False,60.15814103140741,14.283142379347934,20,#ff0000,Quadrant 1,1,1,44,,#ff0000,,267.7208890911764,5
image_201.png,5,False,39.25908804282564,199.85910534539897,20,#ff0000,Quadrant 1,1,1,44,,#ff0000,,291.8782088410574,5
image_201.png,2,False,661.3555401867538,26.81459506185741,20,#0000ff,Quadrant 2,1,2,44,,#0000ff,,314.6296485689476,5
image_201.png,5,False,555.1078301002946,285.53420639241006,20,#0000ff,Quadrant 4,2,2,44,,#0000ff,,203.86519126992945,5
image_201.png,2,False,368.0135385601724,191.25105807697133,20,#0000ff,Quadrant 2,1,2,44,,#0000ff,,157.0932580661661,5
image_201.png,5,False,188.27359816881727,62.07482632082141,20,#0000ff,Quadrant 1,1,1,44,,#0000ff,,204.27112532562236,5
image_202.png,2,True,85.7894032325387,350.53579548374773,20,#FF0000,Quadrant 3,2,1,4,240,#FF0000,0,160.5841116048946,1
image_202.png,5,False,608.7976625958515,69.9429213644327,20,#0000ff,Quadrant 2,1,2,4,,#0000ff,,174.4855177932518,1
image_202.png,5,False,553.0317476406454,235.9350630760162,20,#0000ff,Quadrant 4,2,2,4,,#0000ff,,307.3674424626836,1
image_202.png,2,False,119.20668780438079,115.10677809344278,20,#0000ff,Quadrant 1,1,1,4,,#0000ff,,12.972098812029369,1
image_202.png,5,False,192.46505428521348,209.4025952894365,20,#0000ff,Quadrant 3,2,1,4,,#0000ff,,300.1790807233705,1
image_203.png,2,True,617.4127795663744,122.28292968529485,20,#FF0000,Quadrant 2,1,2,14,240,#FF0000,0,0.7105385797894215,3
image_203.png,5,False,459.4344615988786,63.2843496527943,20,#ff0000,Quadrant 2,1,2,14,,#ff0000,,348.6207101543202,3
image_203.png,5,False,465.3709715900548,248.89693664826677,20,#0000ff,Quadrant 4,2,2,14,,#0000ff,,81.77230269858757,3
image_203.png,2,False,97.08873137401369,270.42002911507524,20,#0000ff,Quadrant 3,2,1,14,,#0000ff,,179.1854451558634,3
image_203.png,5,False,153.18078366783422,314.1494120136169,20,#0000ff,Quadrant 3,2,1,14,,#0000ff,,32.43519372101061,3
image_203.png,5,False,515.3743186328394,319.687878360794,20,#0000ff,Quadrant 4,2,2,14,,#0000ff,,153.11214163461887,3
image_203.png,5,False,126.2116626692112,203.88600475953425,20,#ff0000,Quadrant 3,2,1,14,,#ff0000,,186.5025675176825,3
image_203.png,5,False,145.56321609537687,34.35323656047194,20,#0000ff,Quadrant 1,1,1,14,,#0000ff,,179.63926947360534,3
image_203.png,5,False,491.90045714126705,356.6818227333578,20,#0000ff,Quadrant 4,2,2,14,,#0000ff,,82.9408658390066,3
image_203.png,5,False,533.0163439475338,176.18358933934505,20,#ff0000,Quadrant 2,1,2,14,,#ff0000,,312.1068230396552,3
image_203.png,5,False,663.7044846319681,279.0241685366906,20,#0000ff,Quadrant 4,2,2,14,,#0000ff,,227.79617649612698,3
image_203.png,2,False,423.17219307481014,353.8177852237336,20,#0000ff,Quadrant 4,2,2,14,,#0000ff,,303.96330699011435,3
image_203.png,5,False,350.5086085628947,382.9461281514193,20,#0000ff,Quadrant 3,2,1,14,,#0000ff,,285.12323243407513,3
image_203.png,5,False,691.337723144758,377.6978855821073,20,#0000ff,Quadrant 4,2,2,14,,#0000ff,,311.3691399435058,3
image_203.png,5,False,248.13479848426903,185.56686606268067,20,#ff0000,Quadrant 1,1,1,14,,#ff0000,,327.3432131598346,3
image_204.png,2,True,331.7915024151496,293.13159425557427,20,#FF0000,Quadrant 3,2,1,12,240,#FF0000,0,91.67994573885495,3
image_204.png,5,False,591.3600021991099,207.98508216121934,20,#ff0000,Quadrant 4,2,2,12,,#ff0000,,76.28352812543793,3
image_204.png,5,False,550.4801353085794,76.59193617553527,20,#0000ff,Quadrant 2,1,2,12,,#0000ff,,52.56784183846479,3
image_204.png,5,False,231.7646718629702,296.8377218344356,20,#ff0000,Quadrant 3,2,1,12,,#ff0000,,153.44997693532,3
image_204.png,5,False,221.22701060386265,235.547772342174,20,#0000ff,Quadrant 3,2,1,12,,#0000ff,,179.86298166251,3
image_204.png,5,False,247.16297048106685,115.0018243551845,20,#ff0000,Quadrant 1,1,1,12,,#ff0000,,247.89351843243404,3
image_204.png,5,False,235.8608749467085,332.7346034151283,20,#0000ff,Quadrant 3,2,1,12,,#0000ff,,138.50874893112513,3
image_204.png,5,False,149.65834341044916,385.24485918196905,20,#0000ff,Quadrant 3,2,1,12,,#0000ff,,323.683426153263,3
image_204.png,5,False,161.45221793305907,157.51176090325967,20,#0000ff,Quadrant 1,1,1,12,,#0000ff,,260.3678554899293,3
image_204.png,2,False,473.212064489402,125.63456519403546,20,#0000ff,Quadrant 2,1,2,12,,#0000ff,,277.33141462757595,3
image_204.png,5,False,61.45206945330492,242.14322164267057,20,#0000ff,Quadrant 3,2,1,12,,#0000ff,,229.97862356021255,3
image_204.png,2,False,16.531991067653625,356.5770469862739,20,#0000ff,Quadrant 3,2,1,12,,#0000ff,,173.45561377326845,3
image_204.png,2,False,375.0177163808135,251.67574572421364,20,#0000ff,Quadrant 4,2,2,12,,#0000ff,,269.5301487887814,3
image_205.png,2,True,61.51080803546007,146.39563004780862,20,#FF0000,Quadrant 1,1,1,7,240,#FF0000,0,57.7648836193455,2
image_205.png,5,False,508.74846756088493,164.0941470244375,20,#ff0000,Quadrant 2,1,2,7,,#ff0000,,166.55285742215506,2
image_205.png,2,False,320.00870163481824,252.00830231384705,20,#0000ff,Quadrant 3,2,1,7,,#0000ff,,323.4099204544072,2
image_205.png,5,False,576.1679242214948,239.88012497657184,20,#ff0000,Quadrant 4,2,2,7,,#ff0000,,319.3139481403063,2
image_205.png,2,False,657.6575259333833,221.4184272999735,20,#0000ff,Quadrant 4,2,2,7,,#0000ff,,13.850111037442247,2
image_205.png,5,False,21.42491810362133,63.59536719072295,20,#ff0000,Quadrant 1,1,1,7,,#ff0000,,106.16411327977139,2
image_205.png,5,False,20.7415667972248,152.77657855279358,20,#0000ff,Quadrant 1,1,1,7,,#0000ff,,49.79745738212303,2
image_205.png,5,False,454.193931114686,248.5763912448833,20,#ff0000,Quadrant 4,2,2,7,,#ff0000,,52.572944765752474,2
image_206.png,2,True,298.4380003326362,96.55149889514576,20,#FF0000,Quadrant 1,1,1,8,240,#FF0000,0,291.5468648097962,2
image_206.png,2,False,71.43771044294351,104.17095935287176,20,#0000ff,Quadrant 1,1,1,8,,#0000ff,,230.88361886266492,2
image_206.png,5,False,603.2274114798346,201.11089964818444,20,#ff0000,Quadrant 4,2,2,8,,#ff0000,,122.29393394534215,2
image_206.png,2,False,194.36695755284504,380.21774980938994,20,#0000ff,Quadrant 3,2,1,8,,#0000ff,,99.47563856214448,2
image_206.png,2,False,212.07692527283285,234.7456661123049,20,#0000ff,Quadrant 3,2,1,8,,#0000ff,,259.6344742347404,2
image_206.png,2,False,562.7515371386993,287.1427861019476,20,#0000ff,Quadrant 4,2,2,8,,#0000ff,,241.29461287065513,2
image_206.png,2,False,359.7800895983066,87.27213782928499,20,#0000ff,Quadrant 2,1,2,8,,#0000ff,,338.57988738679023,2
image_206.png,5,False,499.2788939549236,61.78963110610228,20,#0000ff,Quadrant 2,1,2,8,,#0000ff,,178.99994453912214,2
image_206.png,5,False,256.1213998403857,118.49795548774345,20,#0000ff,Quadrant 1,1,1,8,,#0000ff,,313.9461387574693,2
image_207.png,2,True,242.53757546125763,312.06286251647225,20,#FF0000,Quadrant 3,2,1,7,240,#FF0000,0,175.8849519175564,2
image_207.png,5,False,344.69814208877625,322.31920422026076,20,#0000ff,Quadrant 3,2,1,7,,#0000ff,,341.5119908168695,2
image_207.png,5,False,326.73324413380124,224.16230180943262,20,#0000ff,Quadrant 3,2,1,7,,#0000ff,,294.06307502511044,2
image_207.png,5,False,214.3221058262597,286.21588261548067,20,#ff0000,Quadrant 3,2,1,7,,#ff0000,,124.13643039089729,2
image_207.png,5,False,17.493101318890144,124.47813944872715,20,#ff0000,Quadrant 1,1,1,7,,#ff0000,,43.96292662381023,2
image_207.png,5,False,582.6292493907675,189.878309625445,20,#0000ff,Quadrant 2,1,2,7,,#0000ff,,39.425679698470034,2
image_207.png,2,False,400.88506139150604,327.0902281946509,20,#0000ff,Quadrant 4,2,2,7,,#0000ff,,133.83534249028105,2
image_207.png,2,False,438.14257810611076,154.74457203804988,20,#0000ff,Quadrant 2,1,2,7,,#0000ff,,158.4667746219562,2
image_208.png,2,True,159.10281181509845,225.1439011835802,20,#FF0000,Quadrant 3,2,1,44,240,#FF0000,0,305.85146995324646,5
image_208.png,2,False,649.2817186668294,287.31108781430925,20,#0000ff,Quadrant 4,2,2,44,,#0000ff,,288.43410973881356,5
image_208.png,2,False,660.2636788828912,235.8518857397666,20,#0000ff,Quadrant 4,2,2,44,,#0000ff,,265.7639453295538,5
image_208.png,5,False,153.0339610360754,329.52936974781113,20,#ff0000,Quadrant 3,2,1,44,,#ff0000,,144.11210961304292,5
image_208.png,5,False,574.0091371104951,70.76865355469299,20,#0000ff,Quadrant 2,1,2,44,,#0000ff,,37.98391031664558,5
image_208.png,5,False,95.75597161195076,388.92936415895116,20,#0000ff,Quadrant 3,2,1,44,,#0000ff,,290.4127023480968,5
image_208.png,2,False,174.71742918779955,88.95831766657018,20,#0000ff,Quadrant 1,1,1,44,,#0000ff,,43.89182788574629,5
image_208.png,5,False,213.55524953051997,223.8561202204813,20,#ff0000,Quadrant 3,2,1,44,,#ff0000,,51.14491910473129,5
image_208.png,5,False,410.02971006869194,128.7340081726402,20,#0000ff,Quadrant 2,1,2,44,,#0000ff,,122.32557650168593,5
image_208.png,2,False,653.0168484237374,98.31053155915922,20,#0000ff,Quadrant 2,1,2,44,,#0000ff,,25.169979369189527,5
image_208.png,5,False,471.9735280111512,268.36361353794587,20,#0000ff,Quadrant 4,2,2,44,,#0000ff,,322.5767380794307,5
image_208.png,5,False,542.4042584504377,386.8295447514325,20,#0000ff,Quadrant 4,2,2,44,,#0000ff,,193.86611910743403,5
image_208.png,5,False,547.5552619341541,334.4291158998319,20,#ff0000,Quadrant 4,2,2,44,,#ff0000,,71.67857499713934,5
image_208.png,2,False,11.13590112922403,237.59771452094577,20,#0000ff,Quadrant 3,2,1,44,,#0000ff,,276.2081528865894,5
image_208.png,5,False,336.2881529978887,135.93441859555173,20,#ff0000,Quadrant 1,1,1,44,,#ff0000,,239.99114967935907,5
image_208.png,5,False,313.9801725256222,62.699610276660046,20,#0000ff,Quadrant 1,1,1,44,,#0000ff,,142.92616811865187,5
image_208.png,5,False,275.457359930276,243.8319980805533,20,#0000ff,Quadrant 3,2,1,44,,#0000ff,,13.006677461260324,5
image_208.png,5,False,405.01008365302465,88.66419177915192,20,#0000ff,Quadrant 2,1,2,44,,#0000ff,,102.82845538690353,5
image_208.png,5,False,498.47577502868245,131.09491495789965,20,#ff0000,Quadrant 2,1,2,44,,#ff0000,,272.4421422883717,5
image_208.png,5,False,39.447349040964426,281.86350038666563,20,#ff0000,Quadrant 3,2,1,44,,#ff0000,,35.7783495369783,5
image_208.png,5,False,482.78678042043356,290.60787219009774,20,#ff0000,Quadrant 4,2,2,44,,#ff0000,,61.121297203916214,5
image_208.png,5,False,465.17154026998776,172.6104055467215,20,#0000ff,Quadrant 2,1,2,44,,#0000ff,,52.06105093724992,5
image_208.png,5,False,490.02861294649705,34.372772784564134,20,#ff0000,Quadrant 2,1,2,44,,#ff0000,,33.57838207287513,5
image_208.png,5,False,366.22113828977285,176.48203725878852,20,#0000ff,Quadrant 2,1,2,44,,#0000ff,,287.82169806393324,5
image_208.png,2,False,667.7775511494339,127.39406731109825,20,#0000ff,Quadrant 2,1,2,44,,#0000ff,,245.38144466036982,5
image_208.png,5,False,211.50522827686356,256.03954686154793,20,#0000ff,Quadrant 3,2,1,44,,#0000ff,,168.7958709247479,5
image_208.png,2,False,526.5604144592198,310.1636882939376,20,#0000ff,Quadrant 4,2,2,44,,#0000ff,,295.8585597775617,5
image_208.png,5,False,323.26466479705925,33.058755149134896,20,#ff0000,Quadrant 1,1,1,44,,#ff0000,,314.9138636892947,5
image_208.png,2,False,692.081147075106,172.66427218402995,20,#0000ff,Quadrant 2,1,2,44,,#0000ff,,164.3341015194713,5
image_208.png,5,False,664.565996926705,170.0855235895137,20,#0000ff,Quadrant 2,1,2,44,,#0000ff,,153.55342201498257,5
image_208.png,5,False,607.4305238494754,256.1365375820872,20,#ff0000,Quadrant 4,2,2,44,,#ff0000,,178.7228829980758,5
image_208.png,2,False,369.5461012300449,205.59337054902116,20,#0000ff,Quadrant 4,2,2,44,,#0000ff,,204.76969448434247,5
image_208.png,5,False,542.8828582702408,29.931789507662085,20,#ff0000,Quadrant 2,1,2,44,,#ff0000,,209.904309835485,5
image_208.png,5,False,76.51700358541193,234.93237782727957,20,#ff0000,Quadrant 3,2,1,44,,#ff0000,,29.24050542636663,5
image_208.png,2,False,240.0731594330019,47.78950189364318,20,#0000ff,Quadrant 1,1,1,44,,#0000ff,,34.67664531464523,5
image_208.png,5,False,325.59734258843474,292.4087082073874,20,#0000ff,Quadrant 3,2,1,44,,#0000ff,,265.32774038861885,5
image_208.png,2,False,550.2642188564231,137.17313735669222,20,#0000ff,Quadrant 2,1,2,44,,#0000ff,,110.23665975746925,5
image_208.png,5,False,243.19011221684718,294.29763359129896,20,#0000ff,Quadrant 3,2,1,44,,#0000ff,,314.0291648889657,5
image_208.png,5,False,90.73169989042289,134.28698164240714,20,#0000ff,Quadrant 1,1,1,44,,#0000ff,,204.96858781987243,5
image_208.png,2,False,265.8571702177664,46.0888955861079,20,#0000ff,Quadrant 1,1,1,44,,#0000ff,,152.30640558396328,5
image_208.png,5,False,421.7395089759782,183.27775442655087,20,#ff0000,Quadrant 2,1,2,44,,#ff0000,,138.01420805766654,5
image_208.png,5,False,184.512703116822,273.04066854300083,20,#ff0000,Quadrant 3,2,1,44,,#ff0000,,276.2163072727455,5
image_208.png,2,False,609.3606016302598,384.0486877354401,20,#0000ff,Quadrant 4,2,2,44,,#0000ff,,192.60158146530867,5
image_208.png,5,False,218.7489447735424,292.57272864730874,20,#0000ff,Quadrant 3,2,1,44,,#0000ff,,117.27490455289708,5
image_208.png,5,False,185.28101120341375,64.8309644269372,20,#ff0000,Quadrant 1,1,1,44,,#ff0000,,109.64400988213478,5
image_209.png,2,True,98.5689414155793,135.71006721464977,20,#FF0000,Quadrant 1,1,1,44,240,#FF0000,0,38.063611037521895,5
image_209.png,5,False,385.33426630697204,196.0719298591951,20,#0000ff,Quadrant 2,1,2,44,,#0000ff,,117.35309916464448,5
image_209.png,5,False,631.0076008716683,143.81454792585808,20,#ff0000,Quadrant 2,1,2,44,,#ff0000,,295.7091505407909,5
image_209.png,2,False,537.4974342690232,154.35459343456793,20,#0000ff,Quadrant 2,1,2,44,,#0000ff,,74.87914138826187,5
image_209.png,5,False,299.08667274523657,223.68431709459156,20,#ff0000,Quadrant 3,2,1,44,,#ff0000,,116.35797060721657,5
image_209.png,5,False,554.7607986003987,121.8127545504473,20,#ff0000,Quadrant 2,1,2,44,,#ff0000,,196.38473374053558,5
image_209.png,5,False,70.7905048573015,139.31730167070418,20,#ff0000,Quadrant 1,1,1,44,,#ff0000,,82.25011461118146,5
image_209.png,2,False,264.995888769872,184.39817265130262,20,#0000ff,Quadrant 1,1,1,44,,#0000ff,,9.184059147654668,5
image_209.png,5,False,608.3698534653937,348.1634877428581,20,#0000ff,Quadrant 4,2,2,44,,#0000ff,,227.43835343221505,5
image_209.png,5,False,346.5381690033294,107.73881713827483,20,#ff0000,Quadrant 1,1,1,44,,#ff0000,,307.7852779987166,5
image_209.png,2,False,632.4853072916009,294.25314050793884,20,#0000ff,Quadrant 4,2,2,44,,#0000ff,,210.7474882072453,5
image_209.png,5,False,89.10054450140674,344.687293019649,20,#0000ff,Quadrant 3,2,1,44,,#0000ff,,264.9621695749734,5
image_209.png,5,False,555.7793789964733,199.38804959284423,20,#0000ff,Quadrant 2,1,2,44,,#0000ff,,170.9603293475426,5
image_209.png,5,False,355.8929842123748,277.3161555988548,20,#0000ff,Quadrant 4,2,2,44,,#0000ff,,125.8762591129474,5
image_209.png,5,False,411.2916618191804,43.244222085211106,20,#ff0000,Quadrant 2,1,2,44,,#ff0000,,167.48741099391415,5
image_209.png,5,False,673.7721699216479,329.5093611256916,20,#ff0000,Quadrant 4,2,2,44,,#ff0000,,164.9174825121271,5
image_209.png,5,False,432.76126718012114,362.92607609903115,20,#ff0000,Quadrant 4,2,2,44,,#ff0000,,233.0302383922803,5
image_209.png,5,False,603.7490216073754,374.9169236978082,20,#0000ff,Quadrant 4,2,2,44,,#0000ff,,7.470406845266253,5
image_209.png,5,False,601.2270385941767,215.87544911429828,20,#ff0000,Quadrant 4,2,2,44,,#ff0000,,141.2935741788208,5
image_209.png,5,False,168.76487827330135,367.1009543063534,20,#ff0000,Quadrant 3,2,1,44,,#ff0000,,6.386492606364569,5
image_209.png,2,False,697.2705654072948,342.97123023696645,20,#0000ff,Quadrant 4,2,2,44,,#0000ff,,230.93163074696503,5
image_209.png,5,False,198.8084744969775,74.65508634499692,20,#0000ff,Quadrant 1,1,1,44,,#0000ff,,33.76166518621482,5
image_209.png,2,False,76.58450584809748,315.872995542564,20,#0000ff,Quadrant 3,2,1,44,,#0000ff,,134.61070912932007,5
image_209.png,5,False,398.80489269240456,237.87144037490043,20,#0000ff,Quadrant 4,2,2,44,,#0000ff,,64.00132881176367,5
image_209.png,5,False,501.5663144496824,249.30697426709358,20,#ff0000,Quadrant 4,2,2,44,,#ff0000,,19.09597433757026,5
image_209.png,2,False,383.0202216681571,308.3189585685686,20,#0000ff,Quadrant 4,2,2,44,,#0000ff,,357.7771220423231,5
image_209.png,5,False,543.4402427796033,88.87097559221189,20,#0000ff,Quadrant 2,1,2,44,,#0000ff,,19.345441373947587,5
image_209.png,5,False,109.85601611201038,294.8969871746585,20,#0000ff,Quadrant 3,2,1,44,,#0000ff,,143.43513716123647,5
image_209.png,2,False,115.9615691917024,370.0379594017898,20,#0000ff,Quadrant 3,2,1,44,,#0000ff,,176.72901761256145,5
image_209.png,5,False,232.07659130822358,294.7336617693059,20,#ff0000,Quadrant 3,2,1,44,,#ff0000,,108.00767173743063,5
image_209.png,5,False,56.740483193217294,339.91407509332316,20,#ff0000,Quadrant 3,2,1,44,,#ff0000,,352.7497554921615,5
image_209.png,2,False,680.9680922145457,22.16502214947095,20,#0000ff,Quadrant 2,1,2,44,,#0000ff,,112.25249929118037,5
image_209.png,5,False,477.73295061924733,23.10069175989709,20,#0000ff,Quadrant 2,1,2,44,,#0000ff,,37.44062566564629,5
image_209.png,5,False,178.8741742892054,196.56821819567458,20,#ff0000,Quadrant 1,1,1,44,,#ff0000,,65.99673955443039,5
image_209.png,2,False,212.43277988119394,247.73289582323207,20,#0000ff,Quadrant 3,2,1,44,,#0000ff,,112.07569347723017,5
image_209.png,5,False,282.1410902435142,330.42543037456227,20,#0000ff,Quadrant 3,2,1,44,,#0000ff,,313.60356105487807,5
image_209.png,5,False,649.7433735748472,318.91432065767395,20,#ff0000,Quadrant 4,2,2,44,,#ff0000,,217.99546977341797,5
image_209.png,5,False,453.19392065765226,78.15372977592378,20,#ff0000,Quadrant 2,1,2,44,,#ff0000,,346.2552423828999,5
image_209.png,2,False,195.353245723438,300.9080847085869,20,#0000ff,Quadrant 3,2,1,44,,#0000ff,,178.4626513812155,5
image_209.png,2,False,301.64116277966855,41.30708187086023,20,#0000ff,Quadrant 1,1,1,44,,#0000ff,,246.18831011858094,5
image_209.png,5,False,467.4194204279441,285.64244697221386,20,#0000ff,Quadrant 4,2,2,44,,#0000ff,,247.47394250133837,5
image_209.png,5,False,439.77650573350934,169.66395488573733,20,#ff0000,Quadrant 2,1,2,44,,#ff0000,,293.9290543564121,5
image_209.png,5,False,692.4738100187002,130.60447999860583,20,#0000ff,Quadrant 2,1,2,44,,#0000ff,,174.3248857449395,5
image_209.png,5,False,541.6372961029555,331.41190861880574,20,#0000ff,Quadrant 4,2,2,44,,#0000ff,,58.647191680381084,5
image_209.png,5,False,129.0000883978969,176.77344042260293,20,#ff0000,Quadrant 1,1,1,44,,#ff0000,,0.5199224181830386,5
image_210.png,2,True,137.11355132498844,202.18179139777337,20,#FF0000,Quadrant 3,2,1,82,240,#FF0000,0,110.19028366550866,6
image_210.png,5,False,664.8599595726448,11.029463487650123,20,#ff0000,Quadrant 2,1,2,82,,#ff0000,,305.17461854576703,6
image_210.png,5,False,550.5512345678954,119.42616866628485,20,#0000ff,Quadrant 2,1,2,82,,#0000ff,,151.21599730505338,6
image_210.png,5,False,71.4111158314036,299.3371212133881,20,#0000ff,Quadrant 3,2,1,82,,#0000ff,,265.6033031258652,6
image_210.png,5,False,363.21858096304254,274.4488566571353,20,#0000ff,Quadrant 4,2,2,82,,#0000ff,,216.37889112834483,6
image_210.png,5,False,28.661674094131126,269.94886237570796,20,#0000ff,Quadrant 3,2,1,82,,#0000ff,,180.43456203856337,6
image_210.png,5,False,691.9349739134723,310.57857762011133,20,#0000ff,Quadrant 4,2,2,82,,#0000ff,,133.9765413793815,6
image_210.png,5,False,496.8645295793254,350.0717097230639,20,#ff0000,Quadrant 4,2,2,82,,#ff0000,,117.96457033068039,6
image_210.png,5,False,109.74180488731973,293.45783774818386,20,#0000ff,Quadrant 3,2,1,82,,#0000ff,,1.5323958456228848,6
image_210.png,2,False,638.6911934698443,53.19410730976522,20,#0000ff,Quadrant 2,1,2,82,,#0000ff,,73.84442483263902,6
image_210.png,5,False,266.37216796824,108.7826289589515,20,#0000ff,Quadrant 1,1,1,82,,#0000ff,,352.2472423745554,6
image_210.png,2,False,175.34757057529464,312.54993050668304,20,#0000ff,Quadrant 3,2,1,82,,#0000ff,,110.12721531754175,6
image_210.png,5,False,228.17287445693592,376.7904742612291,20,#ff0000,Quadrant 3,2,1,82,,#ff0000,,301.78827230742013,6
image_210.png,5,False,541.595538808448,67.96155569918243,20,#0000ff,Quadrant 2,1,2,82,,#0000ff,,35.29611187524549,6
image_210.png,2,False,686.2540302328377,68.53948176253904,20,#0000ff,Quadrant 2,1,2,82,,#0000ff,,0.8787244000771599,6
image_210.png,5,False,52.93385992743955,65.61646448385412,20,#0000ff,Quadrant 1,1,1,82,,#0000ff,,346.2475179530401,6
image_210.png,2,False,444.3543242724161,258.6817127323815,20,#0000ff,Quadrant 4,2,2,82,,#0000ff,,98.22081000174613,6
image_210.png,5,False,392.64789550767733,90.47490904139487,20,#ff0000,Quadrant 2,1,2,82,,#ff0000,,294.8172661263183,6
image_210.png,5,False,95.58186931281446,180.12168837732656,20,#ff0000,Quadrant 1,1,1,82,,#ff0000,,124.37923956350396,6
image_210.png,5,False,272.05737316742767,79.24326420404043,20,#ff0000,Quadrant 1,1,1,82,,#ff0000,,327.97820090675066,6
image_210.png,2,False,581.4510907717132,239.01340852066943,20,#0000ff,Quadrant 4,2,2,82,,#0000ff,,176.8159008843958,6
image_210.png,5,False,426.9030328779532,20.47479819110341,20,#0000ff,Quadrant 2,1,2,82,,#0000ff,,41.04223585661597,6
image_210.png,5,False,146.71266390731552,89.8551987202783,20,#ff0000,Quadrant 1,1,1,82,,#ff0000,,10.97302079261745,6
image_210.png,2,False,330.488112532223,388.09058994064725,20,#0000ff,Quadrant 3,2,1,82,,#0000ff,,194.82573168024322,6
image_210.png,2,False,309.9710373471217,213.0810691068378,20,#0000ff,Quadrant 3,2,1,82,,#0000ff,,238.5598047615886,6
image_210.png,2,False,168.72617983181243,238.46298042128154,20,#0000ff,Quadrant 3,2,1,82,,#0000ff,,241.44792449713856,6
image_210.png,2,False,312.6770589383415,353.9894242630689,20,#0000ff,Quadrant 3,2,1,82,,#0000ff,,234.7420126754166,6
image_210.png,5,False,345.79037331308444,27.21742266970386,20,#ff0000,Quadrant 1,1,1,82,,#ff0000,,77.59175158421866,6
image_210.png,2,False,107.65697287971209,55.357797778513984,20,#0000ff,Quadrant 1,1,1,82,,#0000ff,,350.8439154346563,6
image_210.png,5,False,488.423298816156,199.28095192455126,20,#0000ff,Quadrant 2,1,2,82,,#0000ff,,354.211601318401,6
image_210.png,2,False,380.68017955578426,305.81287536722755,20,#0000ff,Quadrant 4,2,2,82,,#0000ff,,39.123560414720735,6
image_210.png,2,False,661.7015334369476,378.31926183868245,20,#0000ff,Quadrant 4,2,2,82,,#0000ff,,144.07783244370307,6
image_210.png,5,False,107.37132289893206,362.0669446130626,20,#ff0000,Quadrant 3,2,1,82,,#ff0000,,4.048291500112868,6
image_210.png,5,False,501.60221628510857,145.15564114097901,20,#0000ff,Quadrant 2,1,2,82,,#0000ff,,182.9239394769145,6
image_210.png,5,False,653.7294823326504,225.87163200136715,20,#0000ff,Quadrant 4,2,2,82,,#0000ff,,323.7762031498133,6
image_210.png,5,False,531.5621229252027,293.6077061331179,20,#0000ff,Quadrant 4,2,2,82,,#0000ff,,111.76538453369882,6
image_210.png,5,False,166.49361743957624,119.52240942117115,20,#ff0000,Quadrant 1,1,1,82,,#ff0000,,134.8946435627203,6
image_210.png,2,False,69.27118635195224,385.22567940040244,20,#0000ff,Quadrant 3,2,1,82,,#0000ff,,262.9662358983378,6
image_210.png,2,False,328.08772988683745,148.33458488086595,20,#0000ff,Quadrant 1,1,1,82,,#0000ff,,3.9990372128192053,6
image_210.png,5,False,565.5985465539716,382.80832162578486,20,#0000ff,Quadrant 4,2,2,82,,#0000ff,,303.25360738494066,6
image_210.png,2,False,178.59048473871945,214.18358946986893,20,#0000ff,Quadrant 3,2,1,82,,#0000ff,,249.7657036981049,6
image_210.png,5,False,257.8997743023976,340.17730117921303,20,#ff0000,Quadrant 3,2,1,82,,#ff0000,,38.97755094447583,6
image_210.png,2,False,15.406923395865842,20.562382982382687,20,#0000ff,Quadrant 1,1,1,82,,#0000ff,,123.13474114274686,6
image_210.png,2,False,620.503772317857,141.9359188434634,20,#0000ff,Quadrant 2,1,2,82,,#0000ff,,131.74130254020784,6
image_210.png,2,False,256.2302362271889,175.85697560038835,20,#0000ff,Quadrant 1,1,1,82,,#0000ff,,92.20951612870934,6
image_210.png,5,False,380.36130869451256,243.48286379020848,20,#ff0000,Quadrant 4,2,2,82,,#ff0000,,267.50418566263005,6
image_210.png,5,False,287.99617707432844,237.68536284007388,20,#0000ff,Quadrant 3,2,1,82,,#0000ff,,327.57726014404994,6
image_210.png,5,False,475.2549896933929,175.56411853391444,20,#ff0000,Quadrant 2,1,2,82,,#ff0000,,265.6829568546051,6
image_210.png,5,False,308.22211525970056,319.9179596817239,20,#ff0000,Quadrant 3,2,1,82,,#ff0000,,4.686832593473809,6
image_210.png,2,False,687.2549629966545,270.62395434108066,20,#0000ff,Quadrant 4,2,2,82,,#0000ff,,297.8792618860995,6
image_210.png,5,False,386.66028009142633,347.1045161164557,20,#ff0000,Quadrant 4,2,2,82,,#ff0000,,113.02917873591825,6
image_210.png,2,False,673.6608835912613,99.66649555276523,20,#0000ff,Quadrant 2,1,2,82,,#0000ff,,181.91294228630528,6
image_210.png,2,False,46.956950743400895,364.6882297675162,20,#0000ff,Quadrant 3,2,1,82,,#0000ff,,137.9969497857386,6
image_210.png,5,False,420.42854783020704,102.40503260110202,20,#0000ff,Quadrant 2,1,2,82,,#0000ff,,346.07912604184844,6
image_210.png,2,False,327.2893515810779,246.1937612693818,20,#0000ff,Quadrant 3,2,1,82,,#0000ff,,356.42051779349623,6
image_210.png,5,False,660.1138532716392,270.81190022971515,20,#0000ff,Quadrant 4,2,2,82,,#0000ff,,230.92795240881156,6
image_210.png,5,False,221.8706310750373,189.3876830932553,20,#0000ff,Quadrant 1,1,1,82,,#0000ff,,183.72529718763468,6
image_210.png,2,False,166.05166430705947,335.2864898969115,20,#0000ff,Quadrant 3,2,1,82,,#0000ff,,137.00266104298208,6
image_210.png,5,False,282.9707197617792,152.74044946571712,20,#0000ff,Quadrant 1,1,1,82,,#0000ff,,18.948665187790603,6
image_210.png,2,False,594.1972898609289,324.7296644457456,20,#0000ff,Quadrant 4,2,2,82,,#0000ff,,301.08003541757233,6
image_210.png,2,False,344.95841692062123,347.91569096711555,20,#0000ff,Quadrant 3,2,1,82,,#0000ff,,154.1516357566302,6
image_210.png,5,False,677.5155774080737,231.61496900298457,20,#0000ff,Quadrant 4,2,2,82,,#0000ff,,206.25622638938023,6
image_210.png,5,False,555.8204376581951,304.34434490013933,20,#ff0000,Quadrant 4,2,2,82,,#ff0000,,29.753665997134075,6
image_210.png,5,False,29.538618744469577,183.20509409709268,20,#0000ff,Quadrant 1,1,1,82,,#0000ff,,213.29631540857105,6
image_210.png,2,False,537.5440978634425,339.72892553065725,20,#0000ff,Quadrant 4,2,2,82,,#0000ff,,25.64866905913989,6
image_210.png,2,False,168.0078893675218,41.48936779848231,20,#0000ff,Quadrant 1,1,1,82,,#0000ff,,243.2074722262732,6
image_210.png,2,False,446.72504632185064,219.7374233247885,20,#0000ff,Quadrant 4,2,2,82,,#0000ff,,69.17271403320989,6
image_210.png,5,False,564.350858912417,168.5678113022336,20,#0000ff,Quadrant 2,1,2,82,,#0000ff,,227.90664326569086,6
image_210.png,5,False,385.47042618223446,271.16861185516984,20,#0000ff,Quadrant 4,2,2,82,,#0000ff,,79.51373403113416,6
image_210.png,5,False,396.71429184825024,29.644260059305584,20,#0000ff,Quadrant 2,1,2,82,,#0000ff,,194.56418065989544,6
image_210.png,2,False,638.5586642538016,313.47992397452566,20,#0000ff,Quadrant 4,2,2,82,,#0000ff,,223.5581623612858,6
image_210.png,2,False,686.1314432622224,340.3605935948702,20,#0000ff,Quadrant 4,2,2,82,,#0000ff,,316.7687305136126,6
image_210.png,2,False,591.7691302615457,382.42089406793394,20,#0000ff,Quadrant 4,2,2,82,,#0000ff,,241.0941224751574,6
image_210.png,5,False,75.21701141806427,12.409519642457514,20,#0000ff,Quadrant 1,1,1,82,,#0000ff,,39.78781464317346,6
image_210.png,2,False,551.0181184943092,263.14374775958555,20,#0000ff,Quadrant 4,2,2,82,,#0000ff,,104.57802018822727,6
image_210.png,5,False,652.5698005634647,198.59436770425324,20,#0000ff,Quadrant 2,1,2,82,,#0000ff,,79.13950636345996,6
image_210.png,2,False,623.8313743446957,244.7112530367158,20,#0000ff,Quadrant 4,2,2,82,,#0000ff,,217.6165776212443,6
image_210.png,5,False,273.6451342747295,378.6010086821379,20,#ff0000,Quadrant 3,2,1,82,,#ff0000,,65.16195108322552,6
image_210.png,2,False,464.54161087847297,42.02043701798044,20,#0000ff,Quadrant 2,1,2,82,,#0000ff,,72.27501356015243,6
image_210.png,2,False,132.06499204911654,301.9912115677026,20,#0000ff,Quadrant 3,2,1,82,,#0000ff,,61.49188063541603,6
image_210.png,5,False,63.46253288830268,275.19702516073,20,#ff0000,Quadrant 3,2,1,82,,#ff0000,,274.9155808753888,6
image_210.png,5,False,249.5622777478726,217.4958646218873,20,#ff0000,Quadrant 3,2,1,82,,#ff0000,,317.20567748887464,6
image_210.png,5,False,448.23232875659403,294.9822815114689,20,#0000ff,Quadrant 4,2,2,82,,#0000ff,,43.24324218606968,6
image_211.png,2,True,199.69595700519858,338.0666778587834,20,#FF0000,Quadrant 3,2,1,4,240,#FF0000,0,110.68015993322913,1
image_211.png,5,False,339.4276718077901,228.23896105258322,20,#ff0000,Quadrant 3,2,1,4,,#ff0000,,70.31016543231047,1
image_211.png,5,False,250.22969239687808,140.10548724272047,20,#ff0000,Quadrant 1,1,1,4,,#ff0000,,268.50814324138463,1
image_211.png,5,False,360.17539689590984,102.82216104874493,20,#0000ff,Quadrant 2,1,2,4,,#0000ff,,138.5515722997034,1
image_211.png,5,False,96.65807722867477,202.28262984905754,20,#0000ff,Quadrant 3,2,1,4,,#0000ff,,53.75963418460642,1
image_212.png,2,True,629.6541522438334,261.4349988523337,20,#FF0000,Quadrant 4,2,2,14,240,#FF0000,0,28.054083962813277,3
image_212.png,5,False,265.3303748531749,59.89954792144583,20,#ff0000,Quadrant 1,1,1,14,,#ff0000,,104.18143747455899,3
image_212.png,5,False,184.00926295800716,36.202299326201214,20,#ff0000,Quadrant 1,1,1,14,,#ff0000,,112.05952910314952,3
image_212.png,5,False,44.040747282861645,325.4942931810888,20,#0000ff,Quadrant 3,2,1,14,,#0000ff,,241.50309147321008,3
image_212.png,5,False,91.8223222170269,126.64431069054244,20,#0000ff,Quadrant 1,1,1,14,,#0000ff,,218.46188461515325,3
image_212.png,5,False,659.1996300803436,52.268569420937844,20,#ff0000,Quadrant 2,1,2,14,,#ff0000,,99.39203498316402,3
image_212.png,5,False,337.6099072771019,81.98428016613705,20,#0000ff,Quadrant 1,1,1,14,,#0000ff,,126.25313637549155,3
image_212.png,2,False,437.5544517864748,87.20752423238035,20,#0000ff,Quadrant 2,1,2,14,,#0000ff,,2.5940494282534576,3
image_212.png,2,False,21.749303804694264,13.179750964582542,20,#0000ff,Quadrant 1,1,1,14,,#0000ff,,182.45821524238295,3
image_212.png,5,False,81.36934666830454,372.7668452788666,20,#ff0000,Quadrant 3,2,1,14,,#ff0000,,173.49206947719532,3
image_212.png,5,False,257.96039961994865,116.75452679511075,20,#0000ff,Quadrant 1,1,1,14,,#0000ff,,112.18623138841177,3
image_212.png,2,False,141.51334972586787,194.83517949377105,20,#0000ff,Quadrant 1,1,1,14,,#0000ff,,191.59791409171308,3
image_212.png,5,False,669.4719366866881,187.5257048464514,20,#0000ff,Quadrant 2,1,2,14,,#0000ff,,197.6560486336179,3
image_212.png,5,False,593.1387770004709,206.5998617466836,20,#ff0000,Quadrant 4,2,2,14,,#ff0000,,261.53070530324106,3
image_212.png,5,False,368.3015250243281,36.924534370229125,20,#ff0000,Quadrant 2,1,2,14,,#ff0000,,322.126271332546,3
image_213.png,2,True,460.32438170182206,19.768474974946045,20,#FF0000,Quadrant 2,1,2,22,240,#FF0000,0,352.45295368385104,4
image_213.png,5,False,32.674064919054175,361.8035661921624,20,#0000ff,Quadrant 3,2,1,22,,#0000ff,,214.0250406972389,4
image_213.png,2,False,245.52539158023345,100.24677287248542,20,#0000ff,Quadrant 1,1,1,22,,#0000ff,,99.17048938771188,4
image_213.png,2,False,191.32237767725078,280.5921885189984,20,#0000ff,Quadrant 3,2,1,22,,#0000ff,,241.76405311322924,4
image_213.png,5,False,47.35120724629301,78.03839133938162,20,#ff0000,Quadrant 1,1,1,22,,#ff0000,,83.07790037960608,4
image_213.png,2,False,106.57078834290841,388.5497309471505,20,#0000ff,Quadrant 3,2,1,22,,#0000ff,,257.21894948249286,4
image_213.png,2,False,305.0099604981518,334.9863083695105,20,#0000ff,Quadrant 3,2,1,22,,#0000ff,,79.91380736068909,4
image_213.png,2,False,111.69153364505672,256.3174288708499,20,#0000ff,Quadrant 3,2,1,22,,#0000ff,,299.2134919368829,4
image_213.png,2,False,190.39216114521963,99.38544475145056,20,#0000ff,Quadrant 1,1,1,22,,#0000ff,,210.6496213175826,4
image_213.png,5,False,124.2062662484166,297.38058738129314,20,#0000ff,Quadrant 3,2,1,22,,#0000ff,,303.60703327286666,4
image_213.png,5,False,47.118635968222335,311.0586765149053,20,#ff0000,Quadrant 3,2,1,22,,#ff0000,,212.29389901586723,4
image_213.png,5,False,399.13696626287674,346.9006742667945,20,#0000ff,Quadrant 4,2,2,22,,#0000ff,,346.09804619043643,4
image_213.png,5,False,477.4851703179553,142.06021113645627,20,#0000ff,Quadrant 2,1,2,22,,#0000ff,,34.757915661528365,4
image_213.png,5,False,51.81390840151103,154.58130278781172,20,#ff0000,Quadrant 1,1,1,22,,#ff0000,,52.22400539734545,4
image_213.png,2,False,619.0326389046611,275.8483309804548,20,#0000ff,Quadrant 4,2,2,22,,#0000ff,,168.13876280109113,4
image_213.png,5,False,177.98312705650122,357.57402560285783,20,#0000ff,Quadrant 3,2,1,22,,#0000ff,,235.70105829625106,4
image_213.png,5,False,58.44560702830052,243.44313550775516,20,#0000ff,Quadrant 3,2,1,22,,#0000ff,,32.80600670579989,4
image_213.png,2,False,505.140725746931,378.968364806946,20,#0000ff,Quadrant 4,2,2,22,,#0000ff,,151.16018408365125,4
image_213.png,5,False,620.9162958443471,76.52030765854322,20,#ff0000,Quadrant 2,1,2,22,,#ff0000,,332.71510887050954,4
image_213.png,5,False,456.04458688419834,260.05943817817695,20,#ff0000,Quadrant 4,2,2,22,,#ff0000,,194.40661065944226,4
image_213.png,2,False,329.6619117539397,356.19285680989583,20,#0000ff,Quadrant 3,2,1,22,,#0000ff,,129.60003425432157,4
image_213.png,5,False,218.12169735176693,342.130802735495,20,#ff0000,Quadrant 3,2,1,22,,#ff0000,,332.5660217279569,4
image_213.png,2,False,203.04531158877066,194.76075956036658,20,#0000ff,Quadrant 1,1,1,22,,#0000ff,,230.74853043058081,4
image_214.png,2,True,285.32476459684966,129.95078458344005,20,#FF0000,Quadrant 1,1,1,61,240,#FF0000,0,165.03131663748977,5
image_214.png,5,False,593.8947540470767,317.2873829748267,20,#0000ff,Quadrant 4,2,2,61,,#0000ff,,58.46167046851528,5
image_214.png,5,False,140.62661751360253,196.39115248742672,20,#0000ff,Quadrant 1,1,1,61,,#0000ff,,72.66524667281955,5
image_214.png,2,False,51.11888842888976,41.34748622702941,20,#0000ff,Quadrant 1,1,1,61,,#0000ff,,278.09146943288374,5
image_214.png,5,False,155.83938216904403,304.7173920806281,20,#ff0000,Quadrant 3,2,1,61,,#ff0000,,128.31744732684962,5
image_214.png,5,False,208.91069339109453,204.28123427237728,20,#0000ff,Quadrant 3,2,1,61,,#0000ff,,26.531014952586958,5
image_214.png,5,False,533.1540564182066,296.2095053077703,20,#0000ff,Quadrant 4,2,2,61,,#0000ff,,243.32312136280785,5
image_214.png,5,False,373.67416727306215,248.65111113595398,20,#ff0000,Quadrant 4,2,2,61,,#ff0000,,203.00326960036892,5
image_214.png,5,False,98.6370800989107,67.96120848121507,20,#ff0000,Quadrant 1,1,1,61,,#ff0000,,202.29399479574099,5
image_214.png,2,False,601.5543872378004,365.65250418427615,20,#0000ff,Quadrant 4,2,2,61,,#0000ff,,12.930432441626163,5
image_214.png,5,False,300.3640205226095,332.23841616536123,20,#ff0000,Quadrant 3,2,1,61,,#ff0000,,284.3112437182624,5
image_214.png,5,False,187.21555149539103,49.55844373866652,20,#0000ff,Quadrant 1,1,1,61,,#0000ff,,349.9645196614917,5
image_214.png,5,False,297.0856091172862,50.84072822701917,20,#0000ff,Quadrant 1,1,1,61,,#0000ff,,280.6261887812651,5
image_214.png,5,False,77.51241729895644,318.3647657172606,20,#0000ff,Quadrant 3,2,1,61,,#0000ff,,38.37941545540059,5
image_214.png,5,False,683.5880272254599,364.6110371954414,20,#ff0000,Quadrant 4,2,2,61,,#ff0000,,35.53979049796326,5
image_214.png,5,False,295.18508195498674,388.6740074916838,20,#0000ff,Quadrant 3,2,1,61,,#0000ff,,226.0472795955929,5
image_214.png,2,False,636.9547987069245,51.220312662695186,20,#0000ff,Quadrant 2,1,2,61,,#0000ff,,114.99425376242755,5
image_214.png,5,False,586.1349531614153,159.4652842033865,20,#0000ff,Quadrant 2,1,2,61,,#0000ff,,115.86506757787652,5
image_214.png,5,False,568.9524407477224,300.46589353376174,20,#ff0000,Quadrant 4,2,2,61,,#ff0000,,198.1616140903153,5
image_214.png,2,False,557.4436011995849,167.68892893860865,20,#0000ff,Quadrant 2,1,2,61,,#0000ff,,121.56956350743174,5
image_214.png,2,False,398.6522568630188,82.16877615986417,20,#0000ff,Quadrant 2,1,2,61,,#0000ff,,296.08154226090886,5
image_214.png,5,False,402.0571959800244,104.4951433429391,20,#0000ff,Quadrant 2,1,2,61,,#0000ff,,159.99540142589208,5
image_214.png,5,False,105.83800706904023,376.53424340088014,20,#0000ff,Quadrant 3,2,1,61,,#0000ff,,122.66440094915559,5
image_214.png,5,False,122.37098708057258,155.00083351503034,20,#0000ff,Quadrant 1,1,1,61,,#0000ff,,229.98269885890258,5
image_214.png,2,False,691.3501350335721,231.47963397182048,20,#0000ff,Quadrant 4,2,2,61,,#0000ff,,102.30569070491522,5
image_214.png,5,False,397.3104229780719,198.27759798288932,20,#ff0000,Quadrant 2,1,2,61,,#ff0000,,173.4130168744224,5
image_214.png,2,False,666.032259438739,388.46311817517034,20,#0000ff,Quadrant 4,2,2,61,,#0000ff,,240.4374312524466,5
image_214.png,5,False,574.642340740659,268.79163460378743,20,#0000ff,Quadrant 4,2,2,61,,#0000ff,,202.3054592997705,5
image_214.png,2,False,172.55851722998415,260.2679694559589,20,#0000ff,Quadrant 3,2,1,61,,#0000ff,,42.37553672788409,5
image_214.png,5,False,243.09048899196924,197.89830145669535,20,#0000ff,Quadrant 1,1,1,61,,#0000ff,,32.77607746737617,5
image_214.png,2,False,630.1684262623569,359.2644920741419,20,#0000ff,Quadrant 4,2,2,61,,#0000ff,,326.1715352415141,5
image_214.png,5,False,310.3589583904888,174.58281485669744,20,#0000ff,Quadrant 1,1,1,61,,#0000ff,,147.02429731641317,5
image_214.png,5,False,72.24788218296385,72.07193806326873,20,#0000ff,Quadrant 1,1,1,61,,#0000ff,,76.51095647405903,5
image_214.png,5,False,530.8682068514388,126.17532696494743,20,#0000ff,Quadrant 2,1,2,61,,#0000ff,,310.7635657890956,5
image_214.png,5,False,433.79757665939525,163.17265686001207,20,#0000ff,Quadrant 2,1,2,61,,#0000ff,,74.42825796709994,5
image_214.png,5,False,64.86037856000476,139.48718940977727,20,#0000ff,Quadrant 1,1,1,61,,#0000ff,,269.65860629336737,5
image_214.png,5,False,42.13462563095044,88.4548761037205,20,#0000ff,Quadrant 1,1,1,61,,#0000ff,,23.902032663561208,5
image_214.png,5,False,39.587647072432794,359.0125192851055,20,#0000ff,Quadrant 3,2,1,61,,#0000ff,,206.3773729590039,5
image_214.png,5,False,429.8452269826602,384.71246434299775,20,#ff0000,Quadrant 4,2,2,61,,#ff0000,,219.53689666458558,5
image_214.png,5,False,122.00254170422721,48.734403587425604,20,#0000ff,Quadrant 1,1,1,61,,#0000ff,,92.10623655157809,5
image_214.png,5,False,453.8178471520193,298.75915092118294,20,#ff0000,Quadrant 4,2,2,61,,#ff0000,,152.73429699257747,5
image_214.png,2,False,612.3602054907454,283.371479030767,20,#0000ff,Quadrant 4,2,2,61,,#0000ff,,235.18098031527427,5
image_214.png,5,False,675.2454274748757,292.6686772946052,20,#ff0000,Quadrant 4,2,2,61,,#ff0000,,44.68677108991386,5
image_214.png,5,False,503.7588683091575,377.7643346140718,20,#ff0000,Quadrant 4,2,2,61,,#ff0000,,226.5290288492513,5
image_214.png,2,False,186.4593717286022,347.04659057432866,20,#0000ff,Quadrant 3,2,1,61,,#0000ff,,282.0953448807524,5
image_214.png,5,False,104.46773456532573,272.60988170581874,20,#0000ff,Quadrant 3,2,1,61,,#0000ff,,109.15484937134784,5
image_214.png,5,False,650.5209529829486,161.38228956577288,20,#ff0000,Quadrant 2,1,2,61,,#ff0000,,76.27748501220866,5
image_214.png,5,False,380.9023741673902,42.62228399099254,20,#0000ff,Quadrant 2,1,2,61,,#0000ff,,91.26174874171829,5
image_214.png,5,False,474.4870587996617,362.1995422684607,20,#0000ff,Quadrant 4,2,2,61,,#0000ff,,49.763424487920645,5
image_214.png,2,False,78.45109270237381,255.76115272562575,20,#0000ff,Quadrant 3,2,1,61,,#0000ff,,6.897892092322033,5
image_214.png,2,False,429.89855620201257,329.3005343446262,20,#0000ff,Quadrant 4,2,2,61,,#0000ff,,58.10298534396109,5
image_214.png,5,False,257.6263905034534,356.4298204807412,20,#ff0000,Quadrant 3,2,1,61,,#ff0000,,242.66826397822368,5
image_214.png,2,False,246.34636702709943,91.59896039297769,20,#0000ff,Quadrant 1,1,1,61,,#0000ff,,26.928424901553534,5
image_214.png,5,False,473.1205631912268,143.4081582011852,20,#0000ff,Quadrant 2,1,2,61,,#0000ff,,19.75522614046236,5
image_214.png,2,False,645.5897332736001,219.0287735623631,20,#0000ff,Quadrant 4,2,2,61,,#0000ff,,274.8035452685892,5
image_214.png,2,False,167.51554970514468,13.795020203934143,20,#0000ff,Quadrant 1,1,1,61,,#0000ff,,82.95014147792371,5
image_214.png,5,False,407.4394666840865,316.37331805482336,20,#0000ff,Quadrant 4,2,2,61,,#0000ff,,342.3842017189241,5
image_214.png,5,False,296.63435633236264,96.73132628687593,20,#0000ff,Quadrant 1,1,1,61,,#0000ff,,32.91796158362095,5
image_214.png,5,False,157.25172967567016,235.15654644991267,20,#ff0000,Quadrant 3,2,1,61,,#ff0000,,108.94792078431814,5
image_214.png,5,False,256.134507020128,155.0109092752949,20,#ff0000,Quadrant 1,1,1,61,,#ff0000,,88.83509268899788,5
image_214.png,5,False,499.83716514142907,174.33493280068546,20,#0000ff,Quadrant 2,1,2,61,,#0000ff,,309.1918314630999,5
image_214.png,2,False,635.8890597323175,84.99374522454092,20,#0000ff,Quadrant 2,1,2,61,,#0000ff,,150.7370108172327,5
image_215.png,2,True,531.1031933740561,62.28422615186414,20,#FF0000,Quadrant 2,1,2,11,240,#FF0000,0,66.15038890699763,3
image_215.png,5,False,235.01702780501284,92.77513311812932,20,#0000ff,Quadrant 1,1,1,11,,#0000ff,,50.1140630043069,3
image_215.png,2,False,578.6459071546966,236.13176061891681,20,#0000ff,Quadrant 4,2,2,11,,#0000ff,,261.06377055725466,3
image_215.png,5,False,290.96122080677867,378.991703075257,20,#0000ff,Quadrant 3,2,1,11,,#0000ff,,214.59206838597532,3
image_215.png,5,False,698.9822660227017,94.61597391208082,20,#ff0000,Quadrant 2,1,2,11,,#ff0000,,197.9211855408927,3
image_215.png,5,False,278.0303473376022,13.462992346575621,20,#0000ff,Quadrant 1,1,1,11,,#0000ff,,352.542452260939,3
image_215.png,2,False,146.23613087472458,272.60455513974546,20,#0000ff,Quadrant 3,2,1,11,,#0000ff,,31.800415305197166,3
image_215.png,5,False,118.18360457069979,109.76750405449124,20,#ff0000,Quadrant 1,1,1,11,,#ff0000,,101.12031798606547,3
image_215.png,5,False,663.1692231878942,347.41029612912854,20,#ff0000,Quadrant 4,2,2,11,,#ff0000,,3.0033388589738497,3
image_215.png,5,False,448.09775698500823,373.36307106657546,20,#ff0000,Quadrant 4,2,2,11,,#ff0000,,51.026112281393814,3
image_215.png,2,False,607.4382235585114,266.43783333065414,20,#0000ff,Quadrant 4,2,2,11,,#0000ff,,90.96916822190232,3
image_215.png,5,False,444.06087027818484,86.9805248110617,20,#0000ff,Quadrant 2,1,2,11,,#0000ff,,341.4759875675639,3
image_216.png,2,True,514.2152178964209,81.8740140381358,20,#FF0000,Quadrant 2,1,2,8,240,#FF0000,0,335.72225909682567,2
image_216.png,5,False,663.624860481938,109.84707269543549,20,#0000ff,Quadrant 2,1,2,8,,#0000ff,,314.5428748893804,2
image_216.png,5,False,346.1627082834039,203.65535073649966,20,#0000ff,Quadrant 3,2,1,8,,#0000ff,,72.97170474758076,2
image_216.png,2,False,221.68084671065319,192.1914462594692,20,#0000ff,Quadrant 1,1,1,8,,#0000ff,,172.35549149871852,2
image_216.png,2,False,292.344795209746,84.51458416731441,20,#0000ff,Quadrant 1,1,1,8,,#0000ff,,214.50900483858558,2
image_216.png,5,False,397.4893714528608,314.3152096035347,20,#ff0000,Quadrant 4,2,2,8,,#ff0000,,221.41767054019127,2
image_216.png,5,False,665.5490339721463,262.85710988523317,20,#ff0000,Quadrant 4,2,2,8,,#ff0000,,61.56564109588655,2
image_216.png,5,False,276.13230950819036,123.11871392907501,20,#ff0000,Quadrant 1,1,1,8,,#ff0000,,217.0897513926185,2
image_216.png,5,False,253.41395457405065,127.49778055945566,20,#0000ff,Quadrant 1,1,1,8,,#0000ff,,308.55868722814756,2
image_217.png,2,True,520.182309245122,311.9703117828796,20,#FF0000,Quadrant 4,2,2,20,240,#FF0000,0,350.8818288869486,4
image_217.png,2,False,412.7978544127178,134.3339742901212,20,#0000ff,Quadrant 2,1,2,20,,#0000ff,,196.10031442298197,4
image_217.png,2,False,299.50575680386066,343.8944700771825,20,#0000ff,Quadrant 3,2,1,20,,#0000ff,,10.529684237285984,4
image_217.png,5,False,500.66771128279566,38.076651021755865,20,#0000ff,Quadrant 2,1,2,20,,#0000ff,,203.8713150681462,4
image_217.png,5,False,655.6512441186029,243.4749551725034,20,#0000ff,Quadrant 4,2,2,20,,#0000ff,,25.176607683815973,4
image_217.png,5,False,42.6753985490531,217.8269544152121,20,#ff0000,Quadrant 3,2,1,20,,#ff0000,,190.01803350205765,4
image_217.png,2,False,21.288564203364594,31.731980366075387,20,#0000ff,Quadrant 1,1,1,20,,#0000ff,,152.4816340554021,4
image_217.png,2,False,669.4828535358457,289.4764629182678,20,#0000ff,Quadrant 4,2,2,20,,#0000ff,,264.93253133772646,4
image_217.png,2,False,583.8473709137189,256.6905595252826,20,#0000ff,Quadrant 4,2,2,20,,#0000ff,,76.52579165120385,4
image_217.png,5,False,42.49400233399357,88.35874543840971,20,#ff0000,Quadrant 1,1,1,20,,#ff0000,,52.980350188319186,4
image_217.png,5,False,408.10149502537877,244.3346127676367,20,#ff0000,Quadrant 4,2,2,20,,#ff0000,,80.131681567067,4
image_217.png,5,False,93.65756988960922,102.13386914735716,20,#0000ff,Quadrant 1,1,1,20,,#0000ff,,38.003006365495736,4
image_217.png,5,False,178.87227359265472,322.3609829098796,20,#ff0000,Quadrant 3,2,1,20,,#ff0000,,330.96551601826746,4
image_217.png,5,False,693.9830445520578,158.428221006276,20,#ff0000,Quadrant 2,1,2,20,,#ff0000,,158.0415797119298,4
image_217.png,5,False,16.29779555937879,219.41398763653874,20,#ff0000,Quadrant 3,2,1,20,,#ff0000,,88.51103440627695,4
image_217.png,5,False,187.1994335715462,109.36251679794012,20,#0000ff,Quadrant 1,1,1,20,,#0000ff,,37.458653670939924,4
image_217.png,5,False,147.39013605778482,350.59176005653114,20,#ff0000,Quadrant 3,2,1,20,,#ff0000,,165.42331857585214,4
image_217.png,5,False,476.9334389925805,330.1700225366645,20,#ff0000,Quadrant 4,2,2,20,,#ff0000,,111.3928744445567,4
image_217.png,5,False,495.3879940398078,64.38281741019748,20,#ff0000,Quadrant 2,1,2,20,,#ff0000,,211.5386299942874,4
image_217.png,5,False,161.51273225302427,56.22404961197257,20,#ff0000,Quadrant 1,1,1,20,,#ff0000,,331.9527857964981,4
image_217.png,2,False,389.75153423141836,296.3134787692763,20,#0000ff,Quadrant 4,2,2,20,,#0000ff,,208.51289223107776,4
image_218.png,2,True,145.36824974841173,247.49533053946246,20,#FF0000,Quadrant 3,2,1,59,240,#FF0000,0,89.70610470634962,5
image_218.png,5,False,699.0913457438344,295.6497791843,20,#0000ff,Quadrant 4,2,2,59,,#0000ff,,358.45451653352393,5
image_218.png,2,False,205.4958738975145,101.35979028143586,20,#0000ff,Quadrant 1,1,1,59,,#0000ff,,19.00705808761046,5
image_218.png,5,False,590.0978121751631,73.78268219235548,20,#0000ff,Quadrant 2,1,2,59,,#0000ff,,34.85453588725189,5
image_218.png,2,False,87.80657565275095,307.38349675191705,20,#0000ff,Quadrant 3,2,1,59,,#0000ff,,274.3873936933581,5
image_218.png,2,False,685.4971088184341,374.47100049557025,20,#0000ff,Quadrant 4,2,2,59,,#0000ff,,213.0849736684351,5
image_218.png,5,False,369.0218961949143,209.9158011213723,20,#ff0000,Quadrant 4,2,2,59,,#ff0000,,299.11205575583983,5
image_218.png,5,False,462.1455591694782,172.72483377113437,20,#ff0000,Quadrant 2,1,2,59,,#ff0000,,339.99970585697207,5
image_218.png,5,False,518.2041819063805,193.49021192719937,20,#ff0000,Quadrant 2,1,2,59,,#ff0000,,352.4151015585402,5
image_218.png,2,False,338.8478191578848,361.48162184657275,20,#0000ff,Quadrant 3,2,1,59,,#0000ff,,13.557231481698334,5
image_218.png,5,False,241.54109820779416,112.21014902131172,20,#ff0000,Quadrant 1,1,1,59,,#ff0000,,307.0895077479792,5
image_218.png,5,False,615.2570982388957,212.87545559932707,20,#ff0000,Quadrant 4,2,2,59,,#ff0000,,129.64482199550952,5
image_218.png,5,False,172.4109682806703,197.37991468187104,20,#0000ff,Quadrant 1,1,1,59,,#0000ff,,288.8908475293956,5
image_218.png,5,False,202.56893690922593,174.94891836631984,20,#0000ff,Quadrant 1,1,1,59,,#0000ff,,283.454185124369,5
image_218.png,2,False,141.95510685852963,269.78934802284124,20,#0000ff,Quadrant 3,2,1,59,,#0000ff,,38.300246419877574,5
image_218.png,5,False,602.9238773915357,334.9631282300707,20,#ff0000,Quadrant 4,2,2,59,,#ff0000,,187.70943789222795,5
image_218.png,5,False,447.72057040155966,234.79393712647388,20,#ff0000,Quadrant 4,2,2,59,,#ff0000,,320.3988209487881,5
image_218.png,5,False,21.15996053137905,307.57544261454206,20,#0000ff,Quadrant 3,2,1,59,,#0000ff,,183.68956516076676,5
image_218.png,5,False,67.20890310396409,198.1775619745778,20,#0000ff,Quadrant 1,1,1,59,,#0000ff,,82.01011190089812,5
image_218.png,2,False,323.10971209787135,161.0822911266281,20,#0000ff,Quadrant 1,1,1,59,,#0000ff,,17.663296248238346,5
image_218.png,5,False,386.699220574312,333.7231307680067,20,#0000ff,Quadrant 4,2,2,59,,#0000ff,,344.99805653296033,5
image_218.png,5,False,316.6583034530376,28.275298949899184,20,#0000ff,Quadrant 1,1,1,59,,#0000ff,,241.01777377231105,5
image_218.png,2,False,12.153763376269197,248.03859072697125,20,#0000ff,Quadrant 3,2,1,59,,#0000ff,,83.73392520021511,5
image_218.png,2,False,377.9095197830649,233.52893746005012,20,#0000ff,Quadrant 4,2,2,59,,#0000ff,,204.15073459743903,5
image_218.png,2,False,507.1482778134629,241.225606035125,20,#0000ff,Quadrant 4,2,2,59,,#0000ff,,151.12577728438015,5
image_218.png,5,False,53.15396280573622,50.30918623340427,20,#ff0000,Quadrant 1,1,1,59,,#ff0000,,129.49266852888135,5
image_218.png,2,False,147.49634511628074,27.550149821283384,20,#0000ff,Quadrant 1,1,1,59,,#0000ff,,239.98325967188012,5
image_218.png,2,False,602.7985158029352,37.66226951923781,20,#0000ff,Quadrant 2,1,2,59,,#0000ff,,279.3809171022265,5
image_218.png,5,False,84.21914413689738,270.0350629197073,20,#0000ff,Quadrant 3,2,1,59,,#0000ff,,253.0228693390564,5
image_218.png,5,False,225.1463844445929,271.8657207454807,20,#ff0000,Quadrant 3,2,1,59,,#ff0000,,307.7297314178539,5
image_218.png,5,False,540.4091417977747,358.2416650578199,20,#0000ff,Quadrant 4,2,2,59,,#0000ff,,191.13512450030348,5
image_218.png,5,False,166.93743984349553,117.13687785094594,20,#ff0000,Quadrant 1,1,1,59,,#ff0000,,217.5723064712233,5
image_218.png,5,False,314.1139931080124,332.5421925577294,20,#0000ff,Quadrant 3,2,1,59,,#0000ff,,117.56455073623326,5
image_218.png,5,False,128.90831995119834,309.9529483920482,20,#ff0000,Quadrant 3,2,1,59,,#ff0000,,272.17293117966057,5
image_218.png,2,False,289.17900911884215,20.677416408870457,20,#0000ff,Quadrant 1,1,1,59,,#0000ff,,234.04532333778045,5
image_218.png,5,False,466.4410264442427,114.00707197809713,20,#ff0000,Quadrant 2,1,2,59,,#ff0000,,2.7392245987132258,5
image_218.png,2,False,493.8727059480996,337.68626841325903,20,#0000ff,Quadrant 4,2,2,59,,#0000ff,,171.74446839704044,5
image_218.png,5,False,563.4851488989888,171.07475714170897,20,#ff0000,Quadrant 2,1,2,59,,#ff0000,,20.121622767686983,5
image_218.png,2,False,364.8685562691176,105.57213080430172,20,#0000ff,Quadrant 2,1,2,59,,#0000ff,,303.22970334065633,5
image_218.png,5,False,564.9759580679657,325.3833886790766,20,#0000ff,Quadrant 4,2,2,59,,#0000ff,,297.70593674949373,5
image_218.png,5,False,275.6439119758352,353.7867992664553,20,#ff0000,Quadrant 3,2,1,59,,#ff0000,,346.1088028902243,5
image_218.png,5,False,228.39832031118527,158.32783171986227,20,#ff0000,Quadrant 1,1,1,59,,#ff0000,,245.01215036376846,5
image_218.png,5,False,485.55896298413325,17.68787072448378,20,#ff0000,Quadrant 2,1,2,59,,#ff0000,,37.64395734691131,5
image_218.png,2,False,403.50839647116635,196.42147924433198,20,#0000ff,Quadrant 2,1,2,59,,#0000ff,,275.4732228234406,5
image_218.png,5,False,508.0706209048105,139.16953331142437,20,#0000ff,Quadrant 2,1,2,59,,#0000ff,,65.67149616893099,5
image_218.png,5,False,251.76367312284546,279.91703503784186,20,#0000ff,Quadrant 3,2,1,59,,#0000ff,,151.57073846567596,5
image_218.png,5,False,590.0890335912424,168.9251170366217,20,#ff0000,Quadrant 2,1,2,59,,#ff0000,,192.78451872603148,5
image_218.png,5,False,181.37451708020092,363.41113484951774,20,#0000ff,Quadrant 3,2,1,59,,#0000ff,,2.6487351736291753,5
image_218.png,5,False,585.4231495832454,358.71171739488744,20,#ff0000,Quadrant 4,2,2,59,,#ff0000,,199.49214750036407,5
image_218.png,2,False,309.0969193676021,289.12561193222535,20,#0000ff,Quadrant 3,2,1,59,,#0000ff,,315.2297052896901,5
image_218.png,2,False,347.537295376383,265.23276795050697,20,#0000ff,Quadrant 3,2,1,59,,#0000ff,,162.0375078721073,5
image_218.png,2,False,109.5410378205259,357.65624131440916,20,#0000ff,Quadrant 3,2,1,59,,#0000ff,,219.81055066190876,5
image_218.png,5,False,383.599459210899,154.78840452659804,20,#0000ff,Quadrant 2,1,2,59,,#0000ff,,191.0271185003466,5
image_218.png,5,False,504.2249484129524,268.4506912802565,20,#ff0000,Quadrant 4,2,2,59,,#ff0000,,215.1815094648107,5
image_218.png,5,False,440.0975989207361,146.1408694762137,20,#0000ff,Quadrant 2,1,2,59,,#0000ff,,248.01719262080525,5
image_218.png,5,False,385.9489239991439,44.23736777805164,20,#ff0000,Quadrant 2,1,2,59,,#ff0000,,333.0489104565437,5
image_218.png,5,False,188.6397289403858,325.6546276952143,20,#0000ff,Quadrant 3,2,1,59,,#0000ff,,248.45666654238926,5
image_218.png,5,False,37.30080922763112,212.55773982519963,20,#0000ff,Quadrant 3,2,1,59,,#0000ff,,12.760891990227021,5
image_218.png,5,False,39.20837631025445,173.52362908145759,20,#0000ff,Quadrant 1,1,1,59,,#0000ff,,335.5270296459528,5
image_218.png,2,False,645.540667413204,327.7318873434007,20,#0000ff,Quadrant 4,2,2,59,,#0000ff,,22.40492759470378,5
image_219.png,2,True,201.49678056102698,246.65247224480075,20,#FF0000,Quadrant 3,2,1,5,240,#FF0000,0,36.443673421990745,2
image_219.png,5,False,381.6556920668567,128.05010157866968,20,#ff0000,Quadrant 2,1,2,5,,#ff0000,,236.2678790413298,2
image_219.png,5,False,132.88329522267287,190.45765776525826,20,#ff0000,Quadrant 1,1,1,5,,#ff0000,,105.46522662451963,2
image_219.png,5,False,590.2319484516366,361.40178086217674,20,#ff0000,Quadrant 4,2,2,5,,#ff0000,,286.35075247866723,2
image_219.png,5,False,167.564713822773,28.92632542242242,20,#0000ff,Quadrant 1,1,1,5,,#0000ff,,173.3478478315935,2
image_219.png,5,False,224.51163129786494,258.7044092044538,20,#ff0000,Quadrant 3,2,1,5,,#ff0000,,279.56446578217924,2
image_220.png,2,True,659.7957689664046,26.87415330912856,20,#FF0000,Quadrant 2,1,2,5,240,#FF0000,0,351.55274412817545,2
image_220.png,5,False,232.774863160295,373.2427196301164,20,#0000ff,Quadrant 3,2,1,5,,#0000ff,,329.5370675160877,2
image_220.png,5,False,328.2817282356207,282.38567410023785,20,#ff0000,Quadrant 3,2,1,5,,#ff0000,,36.620729382213526,2
image_220.png,5,False,63.355449556648175,340.00026499176164,20,#0000ff,Quadrant 3,2,1,5,,#0000ff,,206.242605919696,2
image_220.png,5,False,57.95505894453076,18.25370846353578,20,#ff0000,Quadrant 1,1,1,5,,#ff0000,,160.52970372865968,2
image_220.png,5,False,38.307537417122205,281.1760175042274,20,#0000ff,Quadrant 3,2,1,5,,#0000ff,,33.36226992940509,2
image_221.png,2,True,488.5586264439572,61.272018000982634,20,#FF0000,Quadrant 2,1,2,75,240,#FF0000,0,114.66486315188907,6
image_221.png,2,False,696.9097900119788,247.5667615752032,20,#0000ff,Quadrant 4,2,2,75,,#0000ff,,20.4309439103868,6
image_221.png,5,False,641.6664967320398,234.14621745161722,20,#0000ff,Quadrant 4,2,2,75,,#0000ff,,163.30748075930728,6
image_221.png,5,False,565.0576409903373,300.23007022645413,20,#0000ff,Quadrant 4,2,2,75,,#0000ff,,8.38983184568146,6
image_221.png,5,False,304.8149830225592,329.58962211763946,20,#ff0000,Quadrant 3,2,1,75,,#ff0000,,26.531591743066375,6
image_221.png,2,False,636.3045440758934,285.83226272207537,20,#0000ff,Quadrant 4,2,2,75,,#0000ff,,14.854695649743519,6
image_221.png,5,False,117.62737726077754,345.25947174531746,20,#0000ff,Quadrant 3,2,1,75,,#0000ff,,134.26566866166638,6
image_221.png,5,False,91.97715959557728,96.74088778124903,20,#0000ff,Quadrant 1,1,1,75,,#0000ff,,165.41413940880966,6
image_221.png,5,False,30.892673112478636,367.3254467352142,20,#ff0000,Quadrant 3,2,1,75,,#ff0000,,252.86723097219922,6
image_221.png,5,False,585.2446722626456,68.70442820201083,20,#ff0000,Quadrant 2,1,2,75,,#ff0000,,1.7314481872179677,6
image_221.png,5,False,107.99763293338285,255.96333324881059,20,#0000ff,Quadrant 3,2,1,75,,#0000ff,,299.1189750983403,6
image_221.png,5,False,338.8631538019303,360.2749841692243,20,#0000ff,Quadrant 3,2,1,75,,#0000ff,,151.35978383535095,6
image_221.png,5,False,235.05343688953346,325.026363211852,20,#ff0000,Quadrant 3,2,1,75,,#ff0000,,311.5284156523995,6
image_221.png,5,False,213.24759505827993,117.94317575579224,20,#ff0000,Quadrant 1,1,1,75,,#ff0000,,348.3395221416886,6
image_221.png,5,False,315.0609463479546,191.0245303078634,20,#0000ff,Quadrant 1,1,1,75,,#0000ff,,319.50321566474315,6
image_221.png,5,False,375.9326420978227,266.8101406353037,20,#0000ff,Quadrant 4,2,2,75,,#0000ff,,285.5412242116446,6
image_221.png,2,False,217.21682924514388,44.17310247738317,20,#0000ff,Quadrant 1,1,1,75,,#0000ff,,142.0118491036478,6
image_221.png,2,False,402.22843137972427,111.30776157883858,20,#0000ff,Quadrant 2,1,2,75,,#0000ff,,49.51646299242213,6
image_221.png,5,False,249.30577271047727,80.39690448444885,20,#ff0000,Quadrant 1,1,1,75,,#ff0000,,32.83236908513584,6
image_221.png,5,False,70.58690907417983,187.4960780266318,20,#ff0000,Quadrant 1,1,1,75,,#ff0000,,117.44549482190384,6
image_221.png,5,False,443.04817236828956,114.47366204557673,20,#0000ff,Quadrant 2,1,2,75,,#0000ff,,93.45156310343751,6
image_221.png,2,False,317.5676027177663,165.06835259434632,20,#0000ff,Quadrant 1,1,1,75,,#0000ff,,158.87494406258577,6
image_221.png,2,False,64.29320900380046,377.2585501008891,20,#0000ff,Quadrant 3,2,1,75,,#0000ff,,237.21691414402144,6
image_221.png,2,False,698.5439636310863,371.65567071833215,20,#0000ff,Quadrant 4,2,2,75,,#0000ff,,306.9233262492746,6
image_221.png,2,False,402.71310969316,169.07077399002918,20,#0000ff,Quadrant 2,1,2,75,,#0000ff,,175.12240524978978,6
image_221.png,5,False,359.3007488806664,208.29140129099395,20,#0000ff,Quadrant 4,2,2,75,,#0000ff,,240.25174196191713,6
image_221.png,5,False,590.6902160757487,188.91148430277016,20,#0000ff,Quadrant 2,1,2,75,,#0000ff,,239.28444426794408,6
image_221.png,5,False,577.9957985878333,164.18455051700388,20,#0000ff,Quadrant 2,1,2,75,,#0000ff,,63.15949419086357,6
image_221.png,5,False,377.04588916843977,163.9736184638474,20,#ff0000,Quadrant 2,1,2,75,,#ff0000,,118.9653631549449,6
image_221.png,2,False,70.17986027440718,35.07117342041264,20,#0000ff,Quadrant 1,1,1,75,,#0000ff,,124.60988464786084,6
image_221.png,5,False,377.3045073887505,325.06045066306086,20,#0000ff,Quadrant 4,2,2,75,,#0000ff,,224.4695584243752,6
image_221.png,5,False,85.44285869136574,252.54263384498392,20,#0000ff,Quadrant 3,2,1,75,,#0000ff,,113.37345275001461,6
image_221.png,2,False,550.7173777624896,49.739162823459935,20,#0000ff,Quadrant 2,1,2,75,,#0000ff,,290.7976101272078,6
image_221.png,2,False,434.1029064639305,186.05681361245905,20,#0000ff,Quadrant 2,1,2,75,,#0000ff,,204.00217984090625,6
image_221.png,5,False,608.4060747225355,80.54329035084506,20,#ff0000,Quadrant 2,1,2,75,,#ff0000,,133.05310703159785,6
image_221.png,5,False,192.1813252082452,156.84869661683052,20,#0000ff,Quadrant 1,1,1,75,,#0000ff,,265.6675086031889,6
image_221.png,5,False,464.42704548936246,289.04261105667365,20,#0000ff,Quadrant 4,2,2,75,,#0000ff,,55.503392873559825,6
image_221.png,5,False,385.1253312924167,63.75887578836706,20,#ff0000,Quadrant 2,1,2,75,,#ff0000,,41.30805564358997,6
image_221.png,2,False,460.5793046997625,200.183897353504,20,#0000ff,Quadrant 4,2,2,75,,#0000ff,,29.715091862921653,6
image_221.png,5,False,46.480353399825916,283.0905428162877,20,#0000ff,Quadrant 3,2,1,75,,#0000ff,,216.27352287458277,6
image_221.png,2,False,180.90692035770311,270.55318380805176,20,#0000ff,Quadrant 3,2,1,75,,#0000ff,,246.39805328041265,6
image_221.png,2,False,570.3096155635269,386.13811885771173,20,#0000ff,Quadrant 4,2,2,75,,#0000ff,,140.4817206327101,6
image_221.png,5,False,408.9863141295454,306.44835207829504,20,#0000ff,Quadrant 4,2,2,75,,#0000ff,,74.27321381684648,6
image_221.png,5,False,384.30539477961287,243.27416161097952,20,#0000ff,Quadrant 4,2,2,75,,#0000ff,,125.16930314173669,6
image_221.png,5,False,30.35855101986347,123.23437907298083,20,#ff0000,Quadrant 1,1,1,75,,#ff0000,,334.7976551413139,6
image_221.png,5,False,195.37048757517442,297.956866827609,20,#ff0000,Quadrant 3,2,1,75,,#ff0000,,63.88034012126306,6
image_221.png,2,False,512.5036663943279,269.67284355980587,20,#0000ff,Quadrant 4,2,2,75,,#0000ff,,29.55842652344156,6
image_221.png,5,False,180.26449164966638,225.37149496887355,20,#ff0000,Quadrant 3,2,1,75,,#ff0000,,110.05748011862819,6
image_221.png,5,False,169.42142241160812,13.967583987579843,20,#0000ff,Quadrant 1,1,1,75,,#0000ff,,59.461229135454786,6
image_221.png,5,False,208.70099720905284,340.7551589869201,20,#ff0000,Quadrant 3,2,1,75,,#ff0000,,171.29170750894642,6
image_221.png,5,False,333.2472741684776,107.98949370449566,20,#0000ff,Quadrant 1,1,1,75,,#0000ff,,57.87520791155007,6
image_221.png,2,False,449.0819995109347,40.34313612801401,20,#0000ff,Quadrant 2,1,2,75,,#0000ff,,97.97942428853051,6
image_221.png,5,False,255.95664697557095,140.5989151402368,20,#0000ff,Quadrant 1,1,1,75,,#0000ff,,19.845057643325227,6
image_221.png,5,False,426.1323400011491,242.62608620968297,20,#ff0000,Quadrant 4,2,2,75,,#ff0000,,274.33901580318724,6
image_221.png,5,False,195.12482551876997,59.23527225065922,20,#0000ff,Quadrant 1,1,1,75,,#0000ff,,195.64425530296185,6
image_221.png,5,False,295.2559066594887,352.3342694499395,20,#0000ff,Quadrant 3,2,1,75,,#0000ff,,7.46547191346429,6
image_221.png,5,False,502.1729436269622,140.86032806014939,20,#0000ff,Quadrant 2,1,2,75,,#0000ff,,91.31681146585953,6
image_221.png,5,False,675.0353468645943,37.233416236736886,20,#0000ff,Quadrant 2,1,2,75,,#0000ff,,235.4710934824957,6
image_221.png,5,False,585.5049190310667,90.71650296650799,20,#ff0000,Quadrant 2,1,2,75,,#ff0000,,288.1492250376484,6
image_221.png,5,False,214.71942608516665,238.32422949469193,20,#ff0000,Quadrant 3,2,1,75,,#ff0000,,139.39350075690152,6
image_221.png,5,False,499.32570267906084,316.2180870231084,20,#0000ff,Quadrant 4,2,2,75,,#0000ff,,184.87770763740863,6
image_221.png,5,False,524.9259300352139,76.39154498990864,20,#ff0000,Quadrant 2,1,2,75,,#ff0000,,66.33292555629886,6
image_221.png,5,False,457.9250571550276,322.595761584303,20,#0000ff,Quadrant 4,2,2,75,,#0000ff,,15.06830793882511,6
image_221.png,2,False,125.93249982813559,215.7974528794983,20,#0000ff,Quadrant 3,2,1,75,,#0000ff,,47.2525077307817,6
image_221.png,2,False,539.0067988855105,211.0138131225966,20,#0000ff,Quadrant 4,2,2,75,,#0000ff,,138.0532121279826,6
image_221.png,5,False,135.9511063143124,316.74466681530396,20,#ff0000,Quadrant 3,2,1,75,,#ff0000,,310.79893792535705,6
image_221.png,2,False,634.2426585153077,83.36958009452597,20,#0000ff,Quadrant 2,1,2,75,,#0000ff,,276.82830634593324,6
image_221.png,5,False,51.160595277358865,163.29271594160176,20,#0000ff,Quadrant 1,1,1,75,,#0000ff,,150.73717025451577,6
image_221.png,5,False,547.6219035438089,80.10185502254386,20,#ff0000,Quadrant 2,1,2,75,,#ff0000,,258.1094574530356,6
image_221.png,5,False,666.3883101559506,363.739973598156,20,#ff0000,Quadrant 4,2,2,75,,#ff0000,,282.4543194525434,6
image_221.png,5,False,657.2255898323159,116.10402904958566,20,#ff0000,Quadrant 2,1,2,75,,#ff0000,,221.0493337250519,6
image_221.png,5,False,654.9040886152898,326.7812620781967,20,#0000ff,Quadrant 4,2,2,75,,#0000ff,,6.244705630965157,6
image_221.png,2,False,133.8431830200467,373.43864697372544,20,#0000ff,Quadrant 3,2,1,75,,#0000ff,,182.75056460665454,6
image_221.png,5,False,659.7190479027022,269.97274289240744,20,#0000ff,Quadrant 4,2,2,75,,#0000ff,,304.9490298366017,6
image_221.png,5,False,329.1937715513415,388.7030400137745,20,#ff0000,Quadrant 3,2,1,75,,#ff0000,,145.75285891345194,6
image_221.png,2,False,95.4583973656839,350.1472490288226,20,#0000ff,Quadrant 3,2,1,75,,#0000ff,,306.8824231279736,6
image_222.png,2,True,441.9668156705939,88.91098263689365,20,#FF0000,Quadrant 2,1,2,24,240,#FF0000,0,224.33366475618462,4
image_222.png,5,False,468.9876211968927,43.221452666782135,20,#0000ff,Quadrant 2,1,2,24,,#0000ff,,108.49685805255659,4
image_222.png,5,False,627.9108032303059,43.58179419146054,20,#0000ff,Quadrant 2,1,2,24,,#0000ff,,346.9639167994788,4
image_222.png,5,False,543.1311116606255,185.23072879143692,20,#ff0000,Quadrant 2,1,2,24,,#ff0000,,133.39338495865042,4
image_222.png,5,False,381.34004865974555,114.80477101216938,20,#0000ff,Quadrant 2,1,2,24,,#0000ff,,239.5071049564939,4
image_222.png,5,False,470.99351484663345,249.52304170096374,20,#0000ff,Quadrant 4,2,2,24,,#0000ff,,5.950223490185489,4
image_222.png,5,False,323.5100439462717,35.84427895870678,20,#ff0000,Quadrant 1,1,1,24,,#ff0000,,356.69036147255173,4
image_222.png,5,False,610.728284900258,260.89768709517705,20,#0000ff,Quadrant 4,2,2,24,,#0000ff,,82.27405207417212,4
image_222.png,5,False,41.468947622132454,122.32762650099659,20,#ff0000,Quadrant 1,1,1,24,,#ff0000,,69.33326143463364,4
image_222.png,5,False,408.9688308947218,40.86730908613255,20,#ff0000,Quadrant 2,1,2,24,,#ff0000,,66.18349261785588,4
image_222.png,2,False,342.06183144724173,129.5220599782125,20,#0000ff,Quadrant 1,1,1,24,,#0000ff,,233.02243257528926,4
image_222.png,5,False,218.16665481631458,202.05434292496707,20,#ff0000,Quadrant 3,2,1,24,,#ff0000,,250.26732897708357,4
image_222.png,5,False,258.64012633807545,163.30683513386785,20,#0000ff,Quadrant 1,1,1,24,,#0000ff,,219.86101350985274,4
image_222.png,5,False,220.60834492108737,147.47522391728884,20,#0000ff,Quadrant 1,1,1,24,,#0000ff,,180.95855560211876,4
image_222.png,2,False,147.5590094562348,153.66534099675835,20,#0000ff,Quadrant 1,1,1,24,,#0000ff,,80.35645809701833,4
image_222.png,5,False,687.5527848203728,61.892764192843266,20,#ff0000,Quadrant 2,1,2,24,,#ff0000,,208.17119264116968,4
image_222.png,5,False,289.5550341660766,260.20236721261824,20,#0000ff,Quadrant 3,2,1,24,,#0000ff,,185.76309000682545,4
image_222.png,5,False,161.16487769397904,351.7207800439469,20,#0000ff,Quadrant 3,2,1,24,,#0000ff,,196.36955496304878,4
image_222.png,2,False,470.90994990862697,75.10145645753565,20,#0000ff,Quadrant 2,1,2,24,,#0000ff,,337.0647747868001,4
image_222.png,2,False,540.0262893230246,347.74633211863187,20,#0000ff,Quadrant 4,2,2,24,,#0000ff,,291.31718559445335,4
image_222.png,5,False,498.7895007444803,304.74263694797156,20,#0000ff,Quadrant 4,2,2,24,,#0000ff,,238.99151990579782,4
image_222.png,5,False,668.2914350347762,106.99700262708456,20,#ff0000,Quadrant 2,1,2,24,,#ff0000,,225.50106879250683,4
image_222.png,5,False,605.1072266846935,202.62983833032254,20,#ff0000,Quadrant 4,2,2,24,,#ff0000,,258.85211131295426,4
image_222.png,5,False,395.13399148963424,217.51338466047514,20,#ff0000,Quadrant 4,2,2,24,,#ff0000,,104.49385280284561,4
image_222.png,5,False,593.6620401974874,317.2244844082971,20,#ff0000,Quadrant 4,2,2,24,,#ff0000,,336.88169034567034,4
image_223.png,2,True,586.5348800671886,247.74506054950496,20,#FF0000,Quadrant 4,2,2,9,240,#FF0000,0,178.8122443099351,3
image_223.png,2,False,658.4839824035062,200.73490188912106,20,#0000ff,Quadrant 4,2,2,9,,#0000ff,,67.64818168853803,3
image_223.png,5,False,70.27230224116151,379.24822486659156,20,#ff0000,Quadrant 3,2,1,9,,#ff0000,,238.37338276638488,3
image_223.png,2,False,166.65026183436652,27.42779189321452,20,#0000ff,Quadrant 1,1,1,9,,#0000ff,,42.91410507586609,3
image_223.png,5,False,311.92338531842626,199.28400516153462,20,#0000ff,Quadrant 1,1,1,9,,#0000ff,,313.82024972706625,3
image_223.png,2,False,191.3194092488202,190.06816667963318,20,#0000ff,Quadrant 1,1,1,9,,#0000ff,,272.4687829463223,3
image_223.png,5,False,14.972438263758134,310.52753907069615,20,#ff0000,Quadrant 3,2,1,9,,#ff0000,,229.98106740599337,3
image_223.png,2,False,16.530615202380872,46.40073499582947,20,#0000ff,Quadrant 1,1,1,9,,#0000ff,,91.89559466879987,3
image_223.png,5,False,395.8565807906931,285.6405936820889,20,#0000ff,Quadrant 4,2,2,9,,#0000ff,,237.78040847961284,3
image_223.png,5,False,194.6645715671577,105.42618608361434,20,#0000ff,Quadrant 1,1,1,9,,#0000ff,,338.05394092956243,3
image_224.png,2,True,367.70084898141437,358.6518335666001,20,#FF0000,Quadrant 4,2,2,14,240,#FF0000,0,135.87044676527373,3
image_224.png,2,False,224.7626520224371,223.01091723701998,20,#0000ff,Quadrant 3,2,1,14,,#0000ff,,317.4738199350951,3
image_224.png,5,False,448.6976957152565,292.3647055267968,20,#0000ff,Quadrant 4,2,2,14,,#0000ff,,325.38165545300456,3
image_224.png,5,False,316.31559721598853,195.23228342933524,20,#0000ff,Quadrant 1,1,1,14,,#0000ff,,223.5736944799592,3
image_224.png,5,False,484.77584728437915,239.03122554701824,20,#0000ff,Quadrant 4,2,2,14,,#0000ff,,267.1670883772501,3
image_224.png,5,False,401.36241953002616,213.1135202799094,20,#ff0000,Quadrant 4,2,2,14,,#ff0000,,151.94205555069436,3
image_224.png,2,False,288.78213829155624,269.3658656866475,20,#0000ff,Quadrant 3,2,1,14,,#0000ff,,48.82182162790544,3
image_224.png,5,False,475.42520597930405,266.1769196167495,20,#0000ff,Quadrant 4,2,2,14,,#0000ff,,312.94532182130695,3
image_224.png,5,False,645.0381161393743,310.09395608348154,20,#0000ff,Quadrant 4,2,2,14,,#0000ff,,127.83149722324626,3
image_224.png,5,False,320.99424478974754,261.84383783058985,20,#0000ff,Quadrant 3,2,1,14,,#0000ff,,302.3545555395704,3
image_224.png,5,False,343.3730108172097,272.5253200196646,20,#0000ff,Quadrant 3,2,1,14,,#0000ff,,176.5594994733237,3
image_224.png,5,False,572.509738761985,209.25271663304153,20,#ff0000,Quadrant 4,2,2,14,,#ff0000,,12.23775493839275,3
image_224.png,5,False,165.32002210562783,101.26778515785274,20,#0000ff,Quadrant 1,1,1,14,,#0000ff,,301.6305208527833,3
image_224.png,5,False,649.4240011401145,282.7429510088215,20,#0000ff,Quadrant 4,2,2,14,,#0000ff,,248.83631701470037,3
image_224.png,2,False,289.58915978052073,138.7001973662184,20,#0000ff,Quadrant 1,1,1,14,,#0000ff,,202.4601785841537,3
image_225.png,2,True,288.4182669898957,292.1865533666016,20,#FF0000,Quadrant 3,2,1,7,240,#FF0000,0,94.1464452627411,2
image_225.png,5,False,118.0775617290675,378.81320480887433,20,#0000ff,Quadrant 3,2,1,7,,#0000ff,,271.8976772530709,2
image_225.png,2,False,413.2297172872396,312.9906795890286,20,#0000ff,Quadrant 4,2,2,7,,#0000ff,,244.95811761740597,2
image_225.png,5,False,529.0157541101399,319.8141171706589,20,#ff0000,Quadrant 4,2,2,7,,#ff0000,,120.12061387150479,2
image_225.png,2,False,371.0869948292037,92.37885631849679,20,#0000ff,Quadrant 2,1,2,7,,#0000ff,,19.857510509671847,2
image_225.png,2,False,412.074776030692,36.868581002193054,20,#0000ff,Quadrant 2,1,2,7,,#0000ff,,215.44353800632524,2
image_225.png,5,False,482.9570789954071,256.4083557085265,20,#0000ff,Quadrant 4,2,2,7,,#0000ff,,45.863011984768555,2
image_225.png,5,False,222.22128556886207,247.11884985686996,20,#0000ff,Quadrant 3,2,1,7,,#0000ff,,80.94531236778651,2
image_226.png,2,True,680.4151586144902,118.83143273432852,20,#FF0000,Quadrant 2,1,2,17,240,#FF0000,0,229.73947552251153,4
image_226.png,5,False,347.22538739791105,53.26132857674893,20,#ff0000,Quadrant 1,1,1,17,,#ff0000,,267.3226897636064,4
image_226.png,5,False,375.0890380883558,130.52238119586207,20,#ff0000,Quadrant 2,1,2,17,,#ff0000,,105.53239240849913,4
image_226.png,2,False,302.0982202101586,324.88080906642267,20,#0000ff,Quadrant 3,2,1,17,,#0000ff,,92.19577754090949,4
image_226.png,5,False,654.1699038098698,249.5710209538277,20,#0000ff,Quadrant 4,2,2,17,,#0000ff,,37.57297776876433,4
image_226.png,2,False,18.46607178638401,240.39138447811527,20,#0000ff,Quadrant 3,2,1,17,,#0000ff,,64.2597876173168,4
image_226.png,2,False,624.4910861290622,104.21179898032496,20,#0000ff,Quadrant 2,1,2,17,,#0000ff,,20.450315103034065,4
image_226.png,5,False,285.31439019016955,180.65443421442185,20,#ff0000,Quadrant 1,1,1,17,,#ff0000,,314.83682742039963,4
image_226.png,5,False,16.00050531692071,308.1213891365028,20,#ff0000,Quadrant 3,2,1,17,,#ff0000,,167.31618791842493,4
image_226.png,5,False,607.9570746576667,219.0214665454025,20,#ff0000,Quadrant 4,2,2,17,,#ff0000,,327.6200227860941,4
image_226.png,5,False,142.46239823163285,129.10395754464088,20,#ff0000,Quadrant 1,1,1,17,,#ff0000,,112.74479189947911,4
image_226.png,5,False,657.4715686204507,193.3755431910624,20,#ff0000,Quadrant 2,1,2,17,,#ff0000,,106.33102947744032,4
image_226.png,5,False,586.6013082367631,141.58038508648417,20,#0000ff,Quadrant 2,1,2,17,,#0000ff,,100.37722637335874,4
image_226.png,2,False,690.4086321017661,373.2502269408738,20,#0000ff,Quadrant 4,2,2,17,,#0000ff,,30.920783954596963,4
image_226.png,5,False,62.67105656084128,311.0613891134949,20,#ff0000,Quadrant 3,2,1,17,,#ff0000,,131.1037577042154,4
image_226.png,2,False,293.9470563445505,84.09969811801184,20,#0000ff,Quadrant 1,1,1,17,,#0000ff,,125.61884698358807,4
image_226.png,5,False,364.1338952549959,281.26385982574635,20,#0000ff,Quadrant 4,2,2,17,,#0000ff,,71.93125131555026,4
image_226.png,2,False,318.60753187359,122.34330346436776,20,#0000ff,Quadrant 1,1,1,17,,#0000ff,,6.867420819563139,4
image_227.png,2,True,11.99206521588223,382.42939591554386,20,#FF0000,Quadrant 3,2,1,7,240,#FF0000,0,304.99491151072334,2
image_227.png,5,False,263.0997794655036,161.29967352857625,20,#ff0000,Quadrant 1,1,1,7,,#ff0000,,31.54743007391424,2
image_227.png,5,False,459.73468971867726,242.83889577841103,20,#0000ff,Quadrant 4,2,2,7,,#0000ff,,290.54379896387513,2
image_227.png,5,False,79.26919150752055,330.7984100178671,20,#ff0000,Quadrant 3,2,1,7,,#ff0000,,182.61885959672324,2
image_227.png,5,False,246.75937105078972,114.5858717145636,20,#0000ff,Quadrant 1,1,1,7,,#0000ff,,111.2177265199428,2
image_227.png,5,False,413.3620006342714,269.95909579216453,20,#ff0000,Quadrant 4,2,2,7,,#ff0000,,98.89418033895213,2
image_227.png,5,False,27.884695233704367,17.543345591059236,20,#ff0000,Quadrant 1,1,1,7,,#ff0000,,124.59598995935359,2
image_227.png,5,False,517.3265233300235,39.68883205243587,20,#ff0000,Quadrant 2,1,2,7,,#ff0000,,346.8456835032851,2
image_228.png,2,True,425.1234412563083,108.33352333887753,20,#FF0000,Quadrant 2,1,2,23,240,#FF0000,0,215.48648666761758,4
image_228.png,5,False,261.78923465868206,305.7118125841088,20,#ff0000,Quadrant 3,2,1,23,,#ff0000,,263.4504677761359,4
image_228.png,5,False,217.1680268269928,258.7744963639734,20,#0000ff,Quadrant 3,2,1,23,,#0000ff,,17.69954601253463,4
image_228.png,5,False,173.27633269544606,206.21690486577356,20,#ff0000,Quadrant 3,2,1,23,,#ff0000,,352.5297441410277,4
image_228.png,5,False,397.4706156814728,228.67488554654437,20,#ff0000,Quadrant 4,2,2,23,,#ff0000,,263.8383962184502,4
image_228.png,5,False,76.49968582944533,155.84659918126042,20,#ff0000,Quadrant 1,1,1,23,,#ff0000,,334.73478628727844,4
image_228.png,5,False,697.755538706481,61.68809484920069,20,#0000ff,Quadrant 2,1,2,23,,#0000ff,,114.41915698134622,4
image_228.png,2,False,552.1088421604733,53.00445004798596,20,#0000ff,Quadrant 2,1,2,23,,#0000ff,,176.25509641203053,4
image_228.png,2,False,523.1080424302037,63.91924689044144,20,#0000ff,Quadrant 2,1,2,23,,#0000ff,,352.29861234576214,4
image_228.png,5,False,351.2772834009554,44.74826452557177,20,#0000ff,Quadrant 1,1,1,23,,#0000ff,,41.73771075306149,4
image_228.png,5,False,503.84144196553103,176.0774136258279,20,#ff0000,Quadrant 2,1,2,23,,#ff0000,,44.044341486056524,4
image_228.png,2,False,107.90433959152757,369.65453800641563,20,#0000ff,Quadrant 3,2,1,23,,#0000ff,,34.15926612947454,4
image_228.png,5,False,182.4957870104169,90.21548887044364,20,#ff0000,Quadrant 1,1,1,23,,#ff0000,,203.4001711326331,4
image_228.png,5,False,126.45482153790987,296.15952622450243,20,#ff0000,Quadrant 3,2,1,23,,#ff0000,,126.80088784871535,4
image_228.png,2,False,687.3296255837364,274.8652989369154,20,#0000ff,Quadrant 4,2,2,23,,#0000ff,,258.6085920929522,4
image_228.png,5,False,318.5060678368273,198.64985106916538,20,#ff0000,Quadrant 1,1,1,23,,#ff0000,,95.92513863455129,4
image_228.png,2,False,431.21551085904974,76.46769782381185,20,#0000ff,Quadrant 2,1,2,23,,#0000ff,,191.469106076874,4
image_228.png,2,False,388.15868651838906,318.2244158445266,20,#0000ff,Quadrant 4,2,2,23,,#0000ff,,102.75615527495476,4
image_228.png,2,False,100.68839254191403,195.54252670315964,20,#0000ff,Quadrant 1,1,1,23,,#0000ff,,70.05276661472084,4
image_228.png,5,False,207.25590989453784,338.5708194467902,20,#ff0000,Quadrant 3,2,1,23,,#ff0000,,307.1788411686218,4
image_228.png,5,False,504.7645779094037,93.29165195337619,20,#ff0000,Quadrant 2,1,2,23,,#ff0000,,50.94387702302833,4
image_228.png,2,False,148.76663695360642,383.3084630156278,20,#0000ff,Quadrant 3,2,1,23,,#0000ff,,308.1880163834001,4
image_228.png,5,False,316.07606589283114,129.00629273955298,20,#0000ff,Quadrant 1,1,1,23,,#0000ff,,250.77419424429692,4
image_228.png,2,False,248.14321215993846,232.59141569755118,20,#0000ff,Quadrant 3,2,1,23,,#0000ff,,28.06561858399775,4
image_229.png,2,True,252.00745136635555,77.75232674831209,20,#FF0000,Quadrant 1,1,1,85,240,#FF0000,0,65.70217365054799,6
image_229.png,5,False,99.32920728408214,123.98655708091972,20,#ff0000,Quadrant 1,1,1,85,,#ff0000,,88.82030179754845,6
image_229.png,5,False,268.8302337585782,229.01421021897642,20,#0000ff,Quadrant 3,2,1,85,,#0000ff,,99.99275670701816,6
image_229.png,5,False,530.1563742610764,257.4907732129436,20,#0000ff,Quadrant 4,2,2,85,,#0000ff,,330.86342097712844,6
image_229.png,2,False,568.4729828371387,197.76978797851476,20,#0000ff,Quadrant 2,1,2,85,,#0000ff,,114.52839353645643,6
image_229.png,2,False,30.008738935762388,172.759843975973,20,#0000ff,Quadrant 1,1,1,85,,#0000ff,,240.76980503029478,6
image_229.png,2,False,11.36583584795212,277.8367964780812,20,#0000ff,Quadrant 3,2,1,85,,#0000ff,,285.0133557375994,6
image_229.png,2,False,207.54318753281922,361.0378834448735,20,#0000ff,Quadrant 3,2,1,85,,#0000ff,,220.54725372582607,6
image_229.png,2,False,413.6968088745231,59.88131764835079,20,#0000ff,Quadrant 2,1,2,85,,#0000ff,,186.47770442154928,6
image_229.png,5,False,368.48542566943024,296.92655404563436,20,#0000ff,Quadrant 4,2,2,85,,#0000ff,,61.883043745409665,6
image_229.png,2,False,512.6887915459877,336.103059746089,20,#0000ff,Quadrant 4,2,2,85,,#0000ff,,197.8362692003198,6
image_229.png,5,False,599.1959869263474,235.52032091901305,20,#ff0000,Quadrant 4,2,2,85,,#ff0000,,230.89251950980812,6
image_229.png,5,False,249.0523370254724,108.98713153333328,20,#ff0000,Quadrant 1,1,1,85,,#ff0000,,70.39084366468182,6
image_229.png,5,False,671.972336029711,15.246106187439235,20,#ff0000,Quadrant 2,1,2,85,,#ff0000,,211.49276245023438,6
image_229.png,2,False,558.9410255133954,356.36113908468064,20,#0000ff,Quadrant 4,2,2,85,,#0000ff,,8.190012615660134,6
image_229.png,5,False,647.9751420229513,62.4806070700971,20,#0000ff,Quadrant 2,1,2,85,,#0000ff,,215.1665967860469,6
image_229.png,2,False,555.0791151312159,324.0779995301995,20,#0000ff,Quadrant 4,2,2,85,,#0000ff,,205.9833445495785,6
image_229.png,5,False,487.3065800936616,290.4157894723078,20,#ff0000,Quadrant 4,2,2,85,,#ff0000,,283.9767380092209,6
image_229.png,2,False,555.2235163255784,98.7081560296042,20,#0000ff,Quadrant 2,1,2,85,,#0000ff,,60.78168716457151,6
image_229.png,5,False,342.5262356999724,212.91002843793922,20,#ff0000,Quadrant 3,2,1,85,,#ff0000,,4.51768013739362,6
image_229.png,5,False,20.303754499606832,203.81524795831328,20,#ff0000,Quadrant 3,2,1,85,,#ff0000,,105.7270557972907,6
image_229.png,5,False,45.43950795377282,134.44149613567524,20,#ff0000,Quadrant 1,1,1,85,,#ff0000,,343.947595081291,6
image_229.png,5,False,107.65974113475015,336.1232035522555,20,#0000ff,Quadrant 3,2,1,85,,#0000ff,,281.0620393398644,6
image_229.png,5,False,25.838252529537684,227.4193725326491,20,#0000ff,Quadrant 3,2,1,85,,#0000ff,,346.44565534857014,6
image_229.png,5,False,412.48540671739283,34.60408385634712,20,#0000ff,Quadrant 2,1,2,85,,#0000ff,,134.38092468132467,6
image_229.png,2,False,433.81731856469816,314.0605769204042,20,#0000ff,Quadrant 4,2,2,85,,#0000ff,,250.8815101072879,6
image_229.png,2,False,304.56450482256935,116.56945218883631,20,#0000ff,Quadrant 1,1,1,85,,#0000ff,,216.7919779367069,6
image_229.png,5,False,492.36917478761023,383.6390417317492,20,#0000ff,Quadrant 4,2,2,85,,#0000ff,,273.6264223049052,6
image_229.png,5,False,647.0311934241591,235.88002196582994,20,#0000ff,Quadrant 4,2,2,85,,#0000ff,,242.33723210921232,6
image_229.png,5,False,411.6710998795299,177.0617895560505,20,#ff0000,Quadrant 2,1,2,85,,#ff0000,,29.419618573414333,6
image_229.png,2,False,689.5860475811397,237.8726329135486,20,#0000ff,Quadrant 4,2,2,85,,#0000ff,,16.008159580698532,6
image_229.png,5,False,530.022725306375,43.756342388230806,20,#0000ff,Quadrant 2,1,2,85,,#0000ff,,344.7594639795068,6
image_229.png,5,False,574.620662274199,52.66347825329685,20,#ff0000,Quadrant 2,1,2,85,,#ff0000,,151.36736310375574,6
image_229.png,5,False,49.90858602999791,52.54804599512646,20,#0000ff,Quadrant 1,1,1,85,,#0000ff,,195.109340607079,6
image_229.png,2,False,242.36787378803774,190.8757310181797,20,#0000ff,Quadrant 1,1,1,85,,#0000ff,,241.7089728194248,6
image_229.png,5,False,302.4795581956948,218.41501491780548,20,#ff0000,Quadrant 3,2,1,85,,#ff0000,,235.50840780433958,6
image_229.png,5,False,124.42785553503508,114.45970592400283,20,#ff0000,Quadrant 1,1,1,85,,#ff0000,,89.28594112309013,6
image_229.png,2,False,429.8118925980011,259.0944018618249,20,#0000ff,Quadrant 4,2,2,85,,#0000ff,,239.7696711494234,6
image_229.png,2,False,468.4425348013877,335.59365329988253,20,#0000ff,Quadrant 4,2,2,85,,#0000ff,,180.21068390766763,6
image_229.png,5,False,249.63850826296272,340.8103441307652,20,#ff0000,Quadrant 3,2,1,85,,#ff0000,,215.32119542810497,6
image_229.png,5,False,629.878757440393,112.95354258117149,20,#ff0000,Quadrant 2,1,2,85,,#ff0000,,321.30202346240424,6
image_229.png,5,False,533.4833355997392,158.17693720839702,20,#0000ff,Quadrant 2,1,2,85,,#0000ff,,212.0772026881858,6
image_229.png,2,False,641.7835443987389,275.59320038432793,20,#0000ff,Quadrant 4,2,2,85,,#0000ff,,6.195070701917458,6
image_229.png,5,False,366.4498086457126,33.749286233951715,20,#ff0000,Quadrant 2,1,2,85,,#ff0000,,100.11209433830227,6
image_229.png,5,False,83.04001147501862,246.8142009680722,20,#ff0000,Quadrant 3,2,1,85,,#ff0000,,20.659112983053483,6
image_229.png,5,False,565.2622907909151,134.24239498978,20,#0000ff,Quadrant 2,1,2,85,,#0000ff,,6.35707892195533,6
image_229.png,5,False,145.8369264098354,82.14358699445134,20,#0000ff,Quadrant 1,1,1,85,,#0000ff,,256.606712578788,6
image_229.png,2,False,504.8841214323838,107.80022859795534,20,#0000ff,Quadrant 2,1,2,85,,#0000ff,,138.67775308975965,6
image_229.png,5,False,365.124216410541,57.951861625397406,20,#0000ff,Quadrant 2,1,2,85,,#0000ff,,186.1956977649774,6
image_229.png,2,False,496.7725172797244,264.87389139887546,20,#0000ff,Quadrant 4,2,2,85,,#0000ff,,357.5721502283729,6
image_229.png,2,False,572.8582682249003,19.648011605591098,20,#0000ff,Quadrant 2,1,2,85,,#0000ff,,14.333973423721202,6
image_229.png,2,False,99.59134168148668,375.7015724445845,20,#0000ff,Quadrant 3,2,1,85,,#0000ff,,265.88965529632327,6
image_229.png,2,False,619.1777838754176,332.7868748757979,20,#0000ff,Quadrant 4,2,2,85,,#0000ff,,150.70469078019485,6
image_229.png,5,False,603.3056435609936,128.57998339783836,20,#0000ff,Quadrant 2,1,2,85,,#0000ff,,359.09533784561927,6
image_229.png,5,False,314.46456373091473,262.2117590588873,20,#ff0000,Quadrant 3,2,1,85,,#ff0000,,287.07321252300943,6
image_229.png,5,False,54.93506974122981,227.83915979207634,20,#ff0000,Quadrant 3,2,1,85,,#ff0000,,214.23088625625041,6
image_229.png,2,False,683.5715835441262,311.0417309848486,20,#0000ff,Quadrant 4,2,2,85,,#0000ff,,285.8962152119279,6
image_229.png,5,False,279.9679395552837,163.07591840425954,20,#ff0000,Quadrant 1,1,1,85,,#ff0000,,324.244320283321,6
image_229.png,5,False,454.8980550615638,79.69619954624748,20,#0000ff,Quadrant 2,1,2,85,,#0000ff,,304.865998122347,6
image_229.png,5,False,351.24932888328186,163.85641750815,20,#ff0000,Quadrant 1,1,1,85,,#ff0000,,212.1207151840742,6
image_229.png,2,False,101.23306021217982,150.3947141631369,20,#0000ff,Quadrant 1,1,1,85,,#0000ff,,36.88834279230352,6
image_229.png,2,False,172.07728438154857,95.57307749776619,20,#0000ff,Quadrant 1,1,1,85,,#0000ff,,157.55838780282892,6
image_229.png,2,False,299.31151167320314,75.76023310413879,20,#0000ff,Quadrant 1,1,1,85,,#0000ff,,275.04625916118954,6
image_229.png,5,False,300.0488988447382,43.079527559134874,20,#ff0000,Quadrant 1,1,1,85,,#ff0000,,64.87566743283108,6
image_229.png,2,False,462.7670974969353,109.26427834087329,20,#0000ff,Quadrant 2,1,2,85,,#0000ff,,68.36825878000188,6
image_229.png,2,False,618.8493798430968,42.083959220596896,20,#0000ff,Quadrant 2,1,2,85,,#0000ff,,331.35244089583705,6
image_229.png,5,False,482.31954331308253,27.287623957585858,20,#0000ff,Quadrant 2,1,2,85,,#0000ff,,310.40646739535975,6
image_229.png,5,False,296.74104828714553,370.4488271896922,20,#0000ff,Quadrant 3,2,1,85,,#0000ff,,116.54864658451092,6
image_229.png,5,False,84.37699458830862,203.4229920191013,20,#0000ff,Quadrant 3,2,1,85,,#0000ff,,69.59760462580681,6
image_229.png,5,False,87.31188328895442,67.7423789065102,20,#0000ff,Quadrant 1,1,1,85,,#0000ff,,202.57640849233658,6
image_229.png,5,False,432.340176203592,282.6522116498726,20,#ff0000,Quadrant 4,2,2,85,,#ff0000,,69.8782762423695,6
image_229.png,5,False,192.10876375859638,318.1130245121894,20,#ff0000,Quadrant 3,2,1,85,,#ff0000,,121.0382182610696,6
image_229.png,2,False,386.32321830311867,82.98444951985276,20,#0000ff,Quadrant 2,1,2,85,,#0000ff,,64.22182856040706,6
image_229.png,2,False,459.82634050182565,188.34310890262222,20,#0000ff,Quadrant 2,1,2,85,,#0000ff,,5.478062836500959,6
image_229.png,5,False,491.4698845564881,140.22386613451573,20,#0000ff,Quadrant 2,1,2,85,,#0000ff,,95.81505326749526,6
image_229.png,5,False,518.7043856269474,361.7605991956915,20,#ff0000,Quadrant 4,2,2,85,,#ff0000,,322.38182393692847,6
image_229.png,2,False,294.16260500964466,325.9820781725153,20,#0000ff,Quadrant 3,2,1,85,,#0000ff,,123.77621645172779,6
image_229.png,5,False,677.8888496100258,181.13904965378455,20,#0000ff,Quadrant 2,1,2,85,,#0000ff,,46.46336021385921,6
image_229.png,2,False,691.7645098988312,261.26199686538394,20,#0000ff,Quadrant 4,2,2,85,,#0000ff,,112.00092466232955,6
image_229.png,5,False,569.8421064834779,246.3301918092209,20,#ff0000,Quadrant 4,2,2,85,,#ff0000,,329.8002498627491,6
image_229.png,5,False,17.005648029461874,310.9549575441618,20,#0000ff,Quadrant 3,2,1,85,,#0000ff,,270.7050611381065,6
image_229.png,5,False,187.841440488365,28.942578776132684,20,#ff0000,Quadrant 1,1,1,85,,#ff0000,,154.42697336524324,6
image_229.png,5,False,581.5277319080192,350.6262431133724,20,#0000ff,Quadrant 4,2,2,85,,#0000ff,,210.74456961860784,6
image_229.png,5,False,148.96271983373475,329.22421526707956,20,#ff0000,Quadrant 3,2,1,85,,#ff0000,,32.02062165374162,6
image_229.png,2,False,195.5545949663701,216.5550652279007,20,#0000ff,Quadrant 3,2,1,85,,#0000ff,,65.29831223711996,6
image_229.png,5,False,536.4074919838048,73.82007813602732,20,#0000ff,Quadrant 2,1,2,85,,#0000ff,,152.5336546076229,6
image_230.png,2,True,191.26705563794357,276.88296047748116,20,#FF0000,Quadrant 3,2,1,80,240,#FF0000,0,93.30106022423368,6
image_230.png,5,False,608.423702480945,369.7726746112926,20,#ff0000,Quadrant 4,2,2,80,,#ff0000,,349.3967526675331,6
image_230.png,2,False,193.83626574172612,315.8169768151317,20,#0000ff,Quadrant 3,2,1,80,,#0000ff,,261.74488621459835,6
image_230.png,5,False,448.06996732042853,312.7653223831894,20,#0000ff,Quadrant 4,2,2,80,,#0000ff,,244.44985164380643,6
image_230.png,5,False,471.0122806788407,125.18467767952416,20,#0000ff,Quadrant 2,1,2,80,,#0000ff,,284.0515936133237,6
image_230.png,5,False,283.21040131338196,245.08711675570393,20,#0000ff,Quadrant 3,2,1,80,,#0000ff,,282.6587194155659,6
image_230.png,2,False,66.3790413816073,110.21590491349119,20,#0000ff,Quadrant 1,1,1,80,,#0000ff,,349.4304799905812,6
image_230.png,5,False,438.62085752102973,232.66866112629455,20,#ff0000,Quadrant 4,2,2,80,,#ff0000,,166.8487621140445,6
image_230.png,5,False,49.20897432772908,35.273517317621426,20,#ff0000,Quadrant 1,1,1,80,,#ff0000,,136.59626497659224,6
image_230.png,5,False,100.32740239519164,163.41725716754567,20,#0000ff,Quadrant 1,1,1,80,,#0000ff,,325.27083421220715,6
image_230.png,5,False,538.8492947977679,90.97032831020468,20,#0000ff,Quadrant 2,1,2,80,,#0000ff,,41.49470939529944,6
image_230.png,2,False,520.7143445351728,370.5316461247541,20,#0000ff,Quadrant 4,2,2,80,,#0000ff,,95.01551994748971,6
image_230.png,5,False,547.2341590376251,326.9946100907296,20,#ff0000,Quadrant 4,2,2,80,,#ff0000,,260.7816085636277,6
image_230.png,5,False,18.230848474841622,167.21129857094263,20,#0000ff,Quadrant 1,1,1,80,,#0000ff,,301.9911815746223,6
image_230.png,5,False,470.7053897978587,33.7834948506987,20,#ff0000,Quadrant 2,1,2,80,,#ff0000,,229.87723462176663,6
image_230.png,5,False,432.34792464657204,284.98589046923803,20,#0000ff,Quadrant 4,2,2,80,,#0000ff,,86.83088114155225,6
image_230.png,5,False,121.8600774932514,281.05143941205426,20,#ff0000,Quadrant 3,2,1,80,,#ff0000,,201.3507549632264,6
image_230.png,5,False,573.7294217867322,43.96613111770509,20,#ff0000,Quadrant 2,1,2,80,,#ff0000,,202.73965568595335,6
image_230.png,5,False,439.83845928869994,125.68134405597621,20,#0000ff,Quadrant 2,1,2,80,,#0000ff,,159.26834885062917,6
image_230.png,5,False,36.35979957537077,203.56605220563247,20,#ff0000,Quadrant 3,2,1,80,,#ff0000,,3.924118360644333,6
image_230.png,5,False,193.66907818315275,61.3164578088313,20,#0000ff,Quadrant 1,1,1,80,,#0000ff,,246.48724102372182,6
image_230.png,5,False,448.23973479426996,71.87306129178913,20,#0000ff,Quadrant 2,1,2,80,,#0000ff,,277.0408388443415,6
image_230.png,2,False,476.0162069152711,341.95610590617446,20,#0000ff,Quadrant 4,2,2,80,,#0000ff,,333.34892793253425,6
image_230.png,5,False,359.2200563522497,57.54213206668362,20,#0000ff,Quadrant 2,1,2,80,,#0000ff,,82.8156865722519,6
image_230.png,5,False,293.1694231733317,323.07323101791707,20,#ff0000,Quadrant 3,2,1,80,,#ff0000,,313.82834233743137,6
image_230.png,5,False,602.9171389418051,235.06692193269345,20,#0000ff,Quadrant 4,2,2,80,,#0000ff,,255.40601450589764,6
image_230.png,5,False,35.096738211930884,122.90800367389242,20,#ff0000,Quadrant 1,1,1,80,,#ff0000,,73.29667384974728,6
image_230.png,5,False,191.2490820920173,133.59586852283104,20,#ff0000,Quadrant 1,1,1,80,,#ff0000,,87.8803375055917,6
image_230.png,5,False,99.29016074269914,31.286447485864144,20,#ff0000,Quadrant 1,1,1,80,,#ff0000,,73.61056855622552,6
image_230.png,2,False,406.4368608113831,244.46594629676812,20,#0000ff,Quadrant 4,2,2,80,,#0000ff,,20.12894749136901,6
image_230.png,5,False,568.6852830079777,172.30153863167868,20,#ff0000,Quadrant 2,1,2,80,,#ff0000,,315.7098628943619,6
image_230.png,2,False,642.133496725538,267.9229294408719,20,#0000ff,Quadrant 4,2,2,80,,#0000ff,,295.23968553200535,6
image_230.png,5,False,319.924602422723,33.81801374577328,20,#0000ff,Quadrant 1,1,1,80,,#0000ff,,254.69636788333898,6
image_230.png,2,False,582.2755893901664,143.31442460032397,20,#0000ff,Quadrant 2,1,2,80,,#0000ff,,131.52502834545984,6
image_230.png,5,False,141.15400570398546,55.66638220219553,20,#ff0000,Quadrant 1,1,1,80,,#ff0000,,119.66979660081304,6
image_230.png,5,False,697.1566446482576,174.164289843359,20,#0000ff,Quadrant 2,1,2,80,,#0000ff,,90.89372192655208,6
image_230.png,5,False,164.4078691183879,34.26047089025388,20,#0000ff,Quadrant 1,1,1,80,,#0000ff,,154.63245726626317,6
image_230.png,2,False,216.62678497384516,19.645042416307003,20,#0000ff,Quadrant 1,1,1,80,,#0000ff,,329.6568384504602,6
image_230.png,2,False,530.9451552839946,197.64962701682086,20,#0000ff,Quadrant 2,1,2,80,,#0000ff,,342.89306390231667,6
image_230.png,5,False,686.69407301747,72.51009030723543,20,#0000ff,Quadrant 2,1,2,80,,#0000ff,,134.99239679646644,6
image_230.png,5,False,253.38461792139907,11.301639514128638,20,#0000ff,Quadrant 1,1,1,80,,#0000ff,,316.5216757167517,6
image_230.png,2,False,20.469358809069405,376.52522986858907,20,#0000ff,Quadrant 3,2,1,80,,#0000ff,,287.44494894340437,6
image_230.png,5,False,120.53633063674307,383.4441974750482,20,#ff0000,Quadrant 3,2,1,80,,#ff0000,,19.361502874862133,6
image_230.png,5,False,410.59931686668796,310.8740806095114,20,#0000ff,Quadrant 4,2,2,80,,#0000ff,,345.9070728918696,6
image_230.png,5,False,516.9049769328187,23.091826265275714,20,#ff0000,Quadrant 2,1,2,80,,#ff0000,,343.8186898245671,6
image_230.png,5,False,609.1447565267673,300.3091773698923,20,#ff0000,Quadrant 4,2,2,80,,#ff0000,,341.481756058715,6
image_230.png,5,False,23.30648885880824,252.15789336849346,20,#0000ff,Quadrant 3,2,1,80,,#0000ff,,234.93907153800345,6
image_230.png,5,False,628.4106359866755,28.040960123627862,20,#ff0000,Quadrant 2,1,2,80,,#ff0000,,253.9618576329112,6
image_230.png,5,False,697.0804695282884,238.59456851983333,20,#0000ff,Quadrant 4,2,2,80,,#0000ff,,205.244757093155,6
image_230.png,2,False,657.522663755877,302.92742086858783,20,#0000ff,Quadrant 4,2,2,80,,#0000ff,,210.85136917313633,6
image_230.png,5,False,128.5835409366849,322.5628584761565,20,#0000ff,Quadrant 3,2,1,80,,#0000ff,,311.14124875877434,6
image_230.png,5,False,223.42838457355268,301.19563704847434,20,#ff0000,Quadrant 3,2,1,80,,#ff0000,,227.87389856469872,6
image_230.png,2,False,285.19776401050973,208.8824696136852,20,#0000ff,Quadrant 3,2,1,80,,#0000ff,,226.27913491952285,6
image_230.png,5,False,594.4347140730412,271.67773620090736,20,#0000ff,Quadrant 4,2,2,80,,#0000ff,,251.5569979844074,6
image_230.png,5,False,624.2829544423827,125.14797146905714,20,#0000ff,Quadrant 2,1,2,80,,#0000ff,,276.1794527145963,6
image_230.png,5,False,590.9559138617137,116.14576672562677,20,#0000ff,Quadrant 2,1,2,80,,#0000ff,,176.51973140023452,6
image_230.png,5,False,317.33360640606344,357.86618933283165,20,#0000ff,Quadrant 3,2,1,80,,#0000ff,,87.12413490042785,6
image_230.png,5,False,581.020341871688,88.8589222021596,20,#ff0000,Quadrant 2,1,2,80,,#ff0000,,200.0919994985451,6
image_230.png,5,False,266.981718812172,343.223656447693,20,#ff0000,Quadrant 3,2,1,80,,#ff0000,,211.5556521111022,6
image_230.png,5,False,92.07400051847952,208.37408230233362,20,#0000ff,Quadrant 3,2,1,80,,#0000ff,,325.99914236305244,6
image_230.png,5,False,227.69545352655726,252.2016563993065,20,#ff0000,Quadrant 3,2,1,80,,#ff0000,,197.14997246129607,6
image_230.png,2,False,71.49683085037034,57.3273395305224,20,#0000ff,Quadrant 1,1,1,80,,#0000ff,,62.383671081609414,6
image_230.png,5,False,543.6942702724765,113.00711660788129,20,#0000ff,Quadrant 2,1,2,80,,#0000ff,,205.7803729184058,6
image_230.png,5,False,493.48524547299536,46.24617614004225,20,#0000ff,Quadrant 2,1,2,80,,#0000ff,,168.26955804939726,6
image_230.png,5,False,77.47087810855454,233.27976520951856,20,#ff0000,Quadrant 3,2,1,80,,#ff0000,,204.71900609902556,6
image_230.png,5,False,355.9471905225857,81.34503834929183,20,#0000ff,Quadrant 2,1,2,80,,#0000ff,,67.97476917754281,6
image_230.png,5,False,382.38792889702273,110.28155523171982,20,#ff0000,Quadrant 2,1,2,80,,#ff0000,,289.31995875871144,6
image_230.png,5,False,123.70941456719567,114.76541272893064,20,#0000ff,Quadrant 1,1,1,80,,#0000ff,,249.8117806294326,6
image_230.png,2,False,129.67130618595957,247.0695214559159,20,#0000ff,Quadrant 3,2,1,80,,#0000ff,,21.87202499090043,6
image_230.png,5,False,466.8524792592304,161.6271640162996,20,#ff0000,Quadrant 2,1,2,80,,#ff0000,,296.6017353941755,6
image_230.png,2,False,12.034623670072394,303.9892440007984,20,#0000ff,Quadrant 3,2,1,80,,#0000ff,,331.8647267693672,6
image_230.png,2,False,550.9685521604796,303.4956798927206,20,#0000ff,Quadrant 4,2,2,80,,#0000ff,,53.68499046083541,6
image_230.png,5,False,361.54482673041565,166.07224421261284,20,#0000ff,Quadrant 2,1,2,80,,#0000ff,,351.4867222992137,6
image_230.png,5,False,412.1143329277085,368.58377741308703,20,#0000ff,Quadrant 4,2,2,80,,#0000ff,,126.14596428728952,6
image_230.png,2,False,421.0777220100979,28.355495359820875,20,#0000ff,Quadrant 2,1,2,80,,#0000ff,,252.16366103681295,6
image_230.png,2,False,654.0886042418714,69.07422660572857,20,#0000ff,Quadrant 2,1,2,80,,#0000ff,,100.26084155360967,6
image_230.png,5,False,465.0657002837295,219.72451573973376,20,#0000ff,Quadrant 4,2,2,80,,#0000ff,,249.2026666363793,6
image_230.png,5,False,614.1351410634877,344.2717191940214,20,#ff0000,Quadrant 4,2,2,80,,#ff0000,,39.16525845583132,6
image_230.png,2,False,125.88243512920724,348.9138651726014,20,#0000ff,Quadrant 3,2,1,80,,#0000ff,,227.87320269654376,6
image_230.png,2,False,382.96800678014387,313.1979669975881,20,#0000ff,Quadrant 4,2,2,80,,#0000ff,,7.583446819498518,6
image_230.png,2,False,152.1059633542264,370.6099023003414,20,#0000ff,Quadrant 3,2,1,80,,#0000ff,,224.43488275644424,6
image_231.png,2,True,106.21052518187992,37.990692985623596,20,#FF0000,Quadrant 1,1,1,6,240,#FF0000,0,109.78919396740248,2
image_231.png,5,False,281.047160703057,32.88641140575542,20,#0000ff,Quadrant 1,1,1,6,,#0000ff,,276.94542972098066,2
image_231.png,2,False,472.19327896007917,385.51856351966273,20,#0000ff,Quadrant 4,2,2,6,,#0000ff,,195.0997046943161,2
image_231.png,5,False,602.0173720396546,160.38197543588612,20,#ff0000,Quadrant 2,1,2,6,,#ff0000,,152.9901331033917,2
image_231.png,5,False,498.26854048394733,300.58022111961407,20,#ff0000,Quadrant 4,2,2,6,,#ff0000,,16.34301202739647,2
image_231.png,2,False,641.9874197313849,52.93031961230486,20,#0000ff,Quadrant 2,1,2,6,,#0000ff,,52.81448168461778,2
image_231.png,5,False,579.705603115432,108.28028309952026,20,#ff0000,Quadrant 2,1,2,6,,#ff0000,,238.32391447265516,2
image_232.png,2,True,693.4758804699388,354.27431519883015,20,#FF0000,Quadrant 4,2,2,68,240,#FF0000,0,314.38510697400176,6
image_232.png,5,False,449.90191619781365,385.56994113426856,20,#0000ff,Quadrant 4,2,2,68,,#0000ff,,330.6193390881487,6
image_232.png,5,False,131.6478706457151,140.74326299006583,20,#ff0000,Quadrant 1,1,1,68,,#ff0000,,59.50795566354917,6
image_232.png,5,False,349.724936748761,205.71166446028099,20,#ff0000,Quadrant 3,2,1,68,,#ff0000,,11.463391770542962,6
image_232.png,5,False,550.6869065765634,176.54409700230147,20,#ff0000,Quadrant 2,1,2,68,,#ff0000,,188.8771038973968,6
image_232.png,2,False,45.720955565294226,352.9408394086615,20,#0000ff,Quadrant 3,2,1,68,,#0000ff,,52.22077685832017,6
image_232.png,5,False,583.3731161322506,306.5310056967901,20,#0000ff,Quadrant 4,2,2,68,,#0000ff,,237.14764149185464,6
image_232.png,5,False,310.51494979450354,262.0657143170634,20,#0000ff,Quadrant 3,2,1,68,,#0000ff,,87.53909724781731,6
image_232.png,5,False,256.0972523442979,207.11004193862755,20,#ff0000,Quadrant 3,2,1,68,,#ff0000,,343.5476960449694,6
image_232.png,2,False,639.1660336432449,130.89398790025066,20,#0000ff,Quadrant 2,1,2,68,,#0000ff,,261.78952413868774,6
image_232.png,5,False,49.596821091872314,176.11753938038663,20,#0000ff,Quadrant 1,1,1,68,,#0000ff,,281.2782052380151,6
image_232.png,5,False,83.17486469365693,242.30589251067278,20,#ff0000,Quadrant 3,2,1,68,,#ff0000,,136.73365588741214,6
image_232.png,5,False,477.1309121781663,27.60039928865168,20,#ff0000,Quadrant 2,1,2,68,,#ff0000,,55.22004446036168,6
image_232.png,5,False,35.78931151207551,228.13449860723017,20,#ff0000,Quadrant 3,2,1,68,,#ff0000,,100.75094964166215,6
image_232.png,5,False,463.68740362316896,296.1520768092529,20,#0000ff,Quadrant 4,2,2,68,,#0000ff,,57.56263892639823,6
image_232.png,5,False,320.96230073837665,103.77944255938907,20,#ff0000,Quadrant 1,1,1,68,,#ff0000,,41.703036377038764,6
image_232.png,2,False,338.8999567359666,285.77173788900234,20,#0000ff,Quadrant 3,2,1,68,,#0000ff,,19.57216522390648,6
image_232.png,5,False,238.44553919433218,273.15697182692605,20,#0000ff,Quadrant 3,2,1,68,,#0000ff,,115.62450699286262,6
image_232.png,2,False,341.66266350993044,150.24503059902116,20,#0000ff,Quadrant 1,1,1,68,,#0000ff,,314.09947325246725,6
image_232.png,2,False,220.2253004686397,123.30200958579366,20,#0000ff,Quadrant 1,1,1,68,,#0000ff,,163.18692876078327,6
image_232.png,5,False,493.9836410404037,195.53991773233284,20,#ff0000,Quadrant 2,1,2,68,,#ff0000,,341.71064201598915,6
image_232.png,5,False,569.1550279048673,380.3347349930301,20,#ff0000,Quadrant 4,2,2,68,,#ff0000,,84.6151784549139,6
image_232.png,5,False,341.59327752816563,379.0212510042954,20,#0000ff,Quadrant 3,2,1,68,,#0000ff,,323.38958913116744,6
image_232.png,2,False,23.57576671162593,316.7815119629933,20,#0000ff,Quadrant 3,2,1,68,,#0000ff,,284.4028741603085,6
image_232.png,5,False,83.64188993517452,359.3608349727883,20,#ff0000,Quadrant 3,2,1,68,,#ff0000,,97.01023007994107,6
image_232.png,2,False,652.9384639413809,226.9124992008355,20,#0000ff,Quadrant 4,2,2,68,,#0000ff,,39.35963402958777,6
image_232.png,2,False,365.73851016884447,335.3832563480195,20,#0000ff,Quadrant 4,2,2,68,,#0000ff,,198.2989764492515,6
image_232.png,5,False,400.38947355080484,384.83208817231014,20,#ff0000,Quadrant 4,2,2,68,,#ff0000,,252.63666191244732,6
image_232.png,5,False,133.23860352812036,231.48991889014587,20,#ff0000,Quadrant 3,2,1,68,,#ff0000,,49.72572155231668,6
image_232.png,5,False,109.69940077558019,208.29310112400432,20,#ff0000,Quadrant 3,2,1,68,,#ff0000,,223.89694044409083,6
image_232.png,5,False,75.86449138397163,25.73955832861164,20,#0000ff,Quadrant 1,1,1,68,,#0000ff,,314.7205126886313,6
image_232.png,2,False,398.07610260514423,355.22445291493136,20,#0000ff,Quadrant 4,2,2,68,,#0000ff,,298.9743066250838,6
image_232.png,5,False,640.271069524533,296.2236896254926,20,#0000ff,Quadrant 4,2,2,68,,#0000ff,,208.3680539150869,6
image_232.png,5,False,199.8434900952185,35.28957005858565,20,#ff0000,Quadrant 1,1,1,68,,#ff0000,,98.12365961918641,6
image_232.png,5,False,622.739592742237,97.39377364195181,20,#ff0000,Quadrant 2,1,2,68,,#ff0000,,116.2545597577562,6
image_232.png,2,False,218.6815247599859,333.9162446913691,20,#0000ff,Quadrant 3,2,1,68,,#0000ff,,121.4867748404896,6
image_232.png,5,False,648.0316561973423,78.92514329591724,20,#ff0000,Quadrant 2,1,2,68,,#ff0000,,333.896419937968,6
image_232.png,5,False,247.90715756674456,371.1207033657731,20,#ff0000,Quadrant 3,2,1,68,,#ff0000,,41.27002006328514,6
image_232.png,2,False,607.1788667967003,276.0017188690711,20,#0000ff,Quadrant 4,2,2,68,,#0000ff,,86.8979530398152,6
image_232.png,5,False,277.0221792785411,373.18192729696176,20,#0000ff,Quadrant 3,2,1,68,,#0000ff,,24.403796361128318,6
image_232.png,2,False,262.75564100217986,231.2740207016972,20,#0000ff,Quadrant 3,2,1,68,,#0000ff,,158.08560872490267,6
image_232.png,5,False,141.00855787092246,360.59440557551096,20,#0000ff,Quadrant 3,2,1,68,,#0000ff,,9.563924125684395,6
image_232.png,2,False,314.41336125400477,349.9131238245338,20,#0000ff,Quadrant 3,2,1,68,,#0000ff,,229.8300654165943,6
image_232.png,5,False,171.0320463168564,272.07222767521205,20,#0000ff,Quadrant 3,2,1,68,,#0000ff,,285.2616634500443,6
image_232.png,5,False,489.87926238036465,297.00977992526987,20,#ff0000,Quadrant 4,2,2,68,,#ff0000,,33.78555650827153,6
image_232.png,5,False,400.2246089303893,299.52070762259126,20,#ff0000,Quadrant 4,2,2,68,,#ff0000,,221.12942788971824,6
image_232.png,5,False,24.395754928620768,102.26173604889387,20,#0000ff,Quadrant 1,1,1,68,,#0000ff,,140.2520677199169,6
image_232.png,2,False,681.1898526283879,55.193090788824875,20,#0000ff,Quadrant 2,1,2,68,,#0000ff,,194.55401811841176,6
image_232.png,5,False,451.5251368757209,37.72388245033996,20,#ff0000,Quadrant 2,1,2,68,,#ff0000,,73.20981540959848,6
image_232.png,5,False,188.89639282070812,121.03530503985642,20,#0000ff,Quadrant 1,1,1,68,,#0000ff,,350.2079090081104,6
image_232.png,2,False,409.1436275004168,109.60096141325192,20,#0000ff,Quadrant 2,1,2,68,,#0000ff,,204.642419200058,6
image_232.png,5,False,336.4728696616758,241.30663928422354,20,#0000ff,Quadrant 3,2,1,68,,#0000ff,,43.418693533032034,6
image_232.png,5,False,424.4745031462678,77.82570291395791,20,#ff0000,Quadrant 2,1,2,68,,#ff0000,,202.94015594176454,6
image_232.png,5,False,62.650110126675045,76.3879815705426,20,#ff0000,Quadrant 1,1,1,68,,#ff0000,,156.35776111611872,6
image_232.png,5,False,560.1251291460561,303.105718983928,20,#0000ff,Quadrant 4,2,2,68,,#0000ff,,150.9447780772434,6
image_232.png,5,False,627.3724012108527,338.7143263326601,20,#ff0000,Quadrant 4,2,2,68,,#ff0000,,10.102472458884048,6
image_232.png,5,False,193.84441543517335,81.3837692409952,20,#0000ff,Quadrant 1,1,1,68,,#0000ff,,21.01326238756289,6
image_232.png,5,False,284.766128664607,169.34728435378645,20,#ff0000,Quadrant 1,1,1,68,,#ff0000,,329.1352404833532,6
image_232.png,5,False,680.3789431914175,196.2934001838221,20,#ff0000,Quadrant 2,1,2,68,,#ff0000,,9.361848752119242,6
image_232.png,5,False,159.8583973367196,385.9605786783029,20,#ff0000,Quadrant 3,2,1,68,,#ff0000,,221.41153051990443,6
image_232.png,5,False,602.256395805047,377.8678639208862,20,#0000ff,Quadrant 4,2,2,68,,#0000ff,,202.81009719738697,6
image_232.png,5,False,554.86335592975,137.999512973937,20,#ff0000,Quadrant 2,1,2,68,,#ff0000,,126.09888888825296,6
image_232.png,5,False,288.76576324375395,120.63136000136831,20,#ff0000,Quadrant 1,1,1,68,,#ff0000,,134.35560447727096,6
image_232.png,5,False,131.29537660719558,182.15573990017708,20,#ff0000,Quadrant 1,1,1,68,,#ff0000,,130.88815175921928,6
image_232.png,5,False,676.1978035374169,139.3982926207891,20,#ff0000,Quadrant 2,1,2,68,,#ff0000,,50.108886293649405,6
image_232.png,5,False,269.4870757486852,263.1138078965945,20,#0000ff,Quadrant 3,2,1,68,,#0000ff,,85.57896750229844,6
image_232.png,5,False,291.50062241312673,216.43297062584804,20,#0000ff,Quadrant 3,2,1,68,,#0000ff,,321.8173601402105,6
image_232.png,5,False,531.0390244474338,245.93469973309408,20,#ff0000,Quadrant 4,2,2,68,,#ff0000,,65.16655702563136,6
image_232.png,2,False,507.25435237481867,75.19501021005507,20,#0000ff,Quadrant 2,1,2,68,,#0000ff,,75.10495966693905,6
image_233.png,2,True,160.86078314911944,37.05119243263056,20,#FF0000,Quadrant 1,1,1,25,240,#FF0000,0,191.8111181661913,4
image_233.png,2,False,541.2149385897102,125.80116920781309,20,#0000ff,Quadrant 2,1,2,25,,#0000ff,,228.39056879596305,4
image_233.png,5,False,24.318097840159915,324.27173643418456,20,#0000ff,Quadrant 3,2,1,25,,#0000ff,,137.63876885052093,4
image_233.png,5,False,451.4125552916352,226.69913430429924,20,#0000ff,Quadrant 4,2,2,25,,#0000ff,,25.53888643624081,4
image_233.png,2,False,103.16442765219082,327.53930707495016,20,#0000ff,Quadrant 3,2,1,25,,#0000ff,,12.220398301395146,4
image_233.png,5,False,67.50344642196929,195.31437038106395,20,#0000ff,Quadrant 1,1,1,25,,#0000ff,,324.95246546756215,4
image_233.png,2,False,439.3145688562802,360.8817891198569,20,#0000ff,Quadrant 4,2,2,25,,#0000ff,,68.17813865533826,4
image_233.png,2,False,280.85645875270075,23.57593795201764,20,#0000ff,Quadrant 1,1,1,25,,#0000ff,,193.99868556221543,4
image_233.png,5,False,473.02076303157554,50.65528899476021,20,#ff0000,Quadrant 2,1,2,25,,#ff0000,,82.38950641022265,4
image_233.png,5,False,121.58442853257057,362.2645212315145,20,#0000ff,Quadrant 3,2,1,25,,#0000ff,,28.938555400911472,4
image_233.png,5,False,647.8335401521017,39.88046265824906,20,#0000ff,Quadrant 2,1,2,25,,#0000ff,,142.9357343342413,4
image_233.png,2,False,681.7162289960735,50.307637674502374,20,#0000ff,Quadrant 2,1,2,25,,#0000ff,,245.58154890685682,4
image_233.png,5,False,374.49442494592824,279.93383409144786,20,#0000ff,Quadrant 4,2,2,25,,#0000ff,,120.86872561314404,4
image_233.png,5,False,359.3825248411199,131.9710518980632,20,#0000ff,Quadrant 2,1,2,25,,#0000ff,,358.91790122243344,4
image_233.png,5,False,653.9300349906555,328.19282693221516,20,#0000ff,Quadrant 4,2,2,25,,#0000ff,,357.94325943287186,4
image_233.png,5,False,40.72754539444716,163.96210104786954,20,#0000ff,Quadrant 1,1,1,25,,#0000ff,,185.38837454154523,4
image_233.png,5,False,496.8809760296191,84.3852609923661,20,#0000ff,Quadrant 2,1,2,25,,#0000ff,,231.81434325120122,4
image_233.png,5,False,647.4072227158632,185.69198755044906,20,#ff0000,Quadrant 2,1,2,25,,#ff0000,,322.33620503339455,4
image_233.png,5,False,450.3928699988779,140.2266827585066,20,#ff0000,Quadrant 2,1,2,25,,#ff0000,,187.52975938590592,4
image_233.png,5,False,556.2376670551967,336.77104406478435,20,#ff0000,Quadrant 4,2,2,25,,#ff0000,,112.34232242782488,4
image_233.png,5,False,599.0896344807283,277.8781933787123,20,#ff0000,Quadrant 4,2,2,25,,#ff0000,,334.380717426446,4
image_233.png,5,False,59.87154144965046,322.60566660480623,20,#0000ff,Quadrant 3,2,1,25,,#0000ff,,350.68081219151964,4
image_233.png,5,False,323.76666000725794,356.32560816347393,20,#0000ff,Quadrant 3,2,1,25,,#0000ff,,54.120877163126806,4
image_233.png,5,False,287.2565666560623,296.92410649256266,20,#ff0000,Quadrant 3,2,1,25,,#ff0000,,58.26802000632287,4
image_233.png,2,False,567.5537427369784,67.50148278491011,20,#0000ff,Quadrant 2,1,2,25,,#0000ff,,162.21385088080328,4
image_233.png,5,False,683.0853729383067,162.89249756838706,20,#ff0000,Quadrant 2,1,2,25,,#ff0000,,14.065448819853819,4
image_234.png,2,True,237.64291587119678,321.127299455097,20,#FF0000,Quadrant 3,2,1,6,240,#FF0000,0,174.54706192391504,2
image_234.png,2,False,369.77206501316317,285.3093323347774,20,#0000ff,Quadrant 4,2,2,6,,#0000ff,,75.81387300406746,2
image_234.png,5,False,459.44321611945094,146.1936754558625,20,#0000ff,Quadrant 2,1,2,6,,#0000ff,,209.3198872330701,2
image_234.png,5,False,483.50695620776503,200.64223856358305,20,#0000ff,Quadrant 4,2,2,6,,#0000ff,,335.176983237765,2
image_234.png,5,False,154.06479786512833,199.9986132739935,20,#ff0000,Quadrant 1,1,1,6,,#ff0000,,156.51796099449484,2
image_234.png,5,False,25.655029727320233,68.32594289724547,20,#0000ff,Quadrant 1,1,1,6,,#0000ff,,12.587278517056024,2
image_234.png,5,False,73.03418854187814,222.95467094290137,20,#0000ff,Quadrant 3,2,1,6,,#0000ff,,147.36555178216904,2
image_235.png,2,True,682.0065140274992,371.3821713835047,20,#FF0000,Quadrant 4,2,2,10,240,#FF0000,0,140.93271099207087,3
image_235.png,2,False,547.1514709758594,141.6693966636769,20,#0000ff,Quadrant 2,1,2,10,,#0000ff,,250.12169968377052,3
image_235.png,5,False,122.48445031217821,34.598007712652326,20,#ff0000,Quadrant 1,1,1,10,,#ff0000,,336.1776703238755,3
image_235.png,2,False,325.53212676035685,383.9891300150423,20,#0000ff,Quadrant 3,2,1,10,,#0000ff,,132.633136160631,3
image_235.png,5,False,419.12382293264477,337.7074139070509,20,#ff0000,Quadrant 4,2,2,10,,#ff0000,,26.29125673490219,3
image_235.png,2,False,209.86557874760788,240.08208324296447,20,#0000ff,Quadrant 3,2,1,10,,#0000ff,,135.34674570112884,3
image_235.png,5,False,41.61658446216627,176.76368718032026,20,#0000ff,Quadrant 1,1,1,10,,#0000ff,,317.77521912437146,3
image_235.png,5,False,382.52785682158714,122.89498870408423,20,#0000ff,Quadrant 2,1,2,10,,#0000ff,,142.6475331716415,3
image_235.png,5,False,346.79733271284954,133.25981887878794,20,#ff0000,Quadrant 1,1,1,10,,#ff0000,,206.82396532706883,3
image_235.png,2,False,101.96762448357012,88.46597956235738,20,#0000ff,Quadrant 1,1,1,10,,#0000ff,,34.258503722502,3
image_235.png,5,False,166.8935359708772,237.25019163262175,20,#ff0000,Quadrant 3,2,1,10,,#ff0000,,307.35656980970106,3
image_236.png,2,True,450.87458902259397,328.4082941629831,20,#FF0000,Quadrant 4,2,2,4,240,#FF0000,0,103.21895082103234,1
image_236.png,5,False,163.4625031634771,142.70887511621547,20,#ff0000,Quadrant 1,1,1,4,,#ff0000,,348.0139016318177,1
image_236.png,5,False,397.6177230843719,289.48634699253415,20,#ff0000,Quadrant 4,2,2,4,,#ff0000,,136.7168425088444,1
image_236.png,5,False,141.63397587816544,282.4528061119413,20,#0000ff,Quadrant 3,2,1,4,,#0000ff,,330.77454851962835,1
image_236.png,5,False,570.6202036607598,120.57126802956527,20,#ff0000,Quadrant 2,1,2,4,,#ff0000,,11.568778286654169,1
image_237.png,2,True,462.65492069087543,382.69141064843933,20,#FF0000,Quadrant 4,2,2,14,240,#FF0000,0,331.7309234148836,3
image_237.png,2,False,56.738488742441,237.8881504353874,20,#0000ff,Quadrant 3,2,1,14,,#0000ff,,24.48916413500447,3
image_237.png,2,False,418.94563703655035,233.90989268980815,20,#0000ff,Quadrant 4,2,2,14,,#0000ff,,332.7869555624506,3
image_237.png,2,False,631.6912920110756,228.98943622479746,20,#0000ff,Quadrant 4,2,2,14,,#0000ff,,68.87539892362196,3
image_237.png,5,False,403.2299905213355,195.4682548787896,20,#0000ff,Quadrant 2,1,2,14,,#0000ff,,131.32695688134172,3
image_237.png,2,False,259.6106630423958,261.43883879512265,20,#0000ff,Quadrant 3,2,1,14,,#0000ff,,349.4377298074028,3
image_237.png,2,False,541.9451902033088,37.579890845044915,20,#0000ff,Quadrant 2,1,2,14,,#0000ff,,112.69703010628595,3
image_237.png,5,False,322.4560389904718,104.32516624413269,20,#ff0000,Quadrant 1,1,1,14,,#ff0000,,0.5920242322190328,3
image_237.png,2,False,660.340844575679,36.208540792539694,20,#0000ff,Quadrant 2,1,2,14,,#0000ff,,305.15698301562674,3
image_237.png,5,False,345.2591039868433,189.23741081124592,20,#0000ff,Quadrant 1,1,1,14,,#0000ff,,146.60968031644578,3
image_237.png,5,False,131.78080487338917,267.1743983026513,20,#0000ff,Quadrant 3,2,1,14,,#0000ff,,112.93790092952528,3
image_237.png,2,False,367.3618187562799,318.2219353001474,20,#0000ff,Quadrant 4,2,2,14,,#0000ff,,338.7628502669113,3
image_237.png,5,False,206.13276319658334,46.769427075054644,20,#0000ff,Quadrant 1,1,1,14,,#0000ff,,290.45355838432573,3
image_237.png,2,False,424.78421785258234,65.26779952928757,20,#0000ff,Quadrant 2,1,2,14,,#0000ff,,179.2359518806047,3
image_237.png,2,False,586.620045786385,187.0070537476404,20,#0000ff,Quadrant 2,1,2,14,,#0000ff,,271.4614755393341,3
image_238.png,2,True,176.5925997750044,297.8039976376737,20,#FF0000,Quadrant 3,2,1,16,240,#FF0000,0,51.01900769305214,3
image_238.png,2,False,693.9154950761194,297.6134573032197,20,#0000ff,Quadrant 4,2,2,16,,#0000ff,,346.7451903217004,3
image_238.png,2,False,614.9181240501739,251.2861100617518,20,#0000ff,Quadrant 4,2,2,16,,#0000ff,,29.74371706219459,3
image_238.png,5,False,26.987586181145772,126.73176640987406,20,#0000ff,Quadrant 1,1,1,16,,#0000ff,,167.27225165013067,3
image_238.png,5,False,614.0782756308237,342.75570816023674,20,#0000ff,Quadrant 4,2,2,16,,#0000ff,,46.7128921029951,3
image_238.png,5,False,119.59955460557592,329.49978968395754,20,#ff0000,Quadrant 3,2,1,16,,#ff0000,,76.77940127714879,3
image_238.png,2,False,551.4167200810026,125.94198033324405,20,#0000ff,Quadrant 2,1,2,16,,#0000ff,,153.22591568476975,3
image_238.png,2,False,525.3683444829612,290.76737448401025,20,#0000ff,Quadrant 4,2,2,16,,#0000ff,,84.82807043573965,3
image_238.png,5,False,294.06977069977637,171.28665277718014,20,#ff0000,Quadrant 1,1,1,16,,#ff0000,,322.48030261395866,3
image_238.png,5,False,49.71948727989645,238.64432181141302,20,#0000ff,Quadrant 3,2,1,16,,#0000ff,,89.62769471766703,3
image_238.png,2,False,69.6270616728713,130.20909625857303,20,#0000ff,Quadrant 1,1,1,16,,#0000ff,,323.7042749109718,3
image_238.png,2,False,41.05140033286624,351.88633683106633,20,#0000ff,Quadrant 3,2,1,16,,#0000ff,,37.84373182148493,3
image_238.png,2,False,160.08545158859138,24.552876617228122,20,#0000ff,Quadrant 1,1,1,16,,#0000ff,,272.0221476059084,3
image_238.png,5,False,410.55068096471484,165.55697252913606,20,#0000ff,Quadrant 2,1,2,16,,#0000ff,,14.769132427119782,3
image_238.png,5,False,470.5284105607604,159.28702775535888,20,#0000ff,Quadrant 2,1,2,16,,#0000ff,,181.37701738642627,3
image_238.png,5,False,253.21358095487852,332.12011791422367,20,#0000ff,Quadrant 3,2,1,16,,#0000ff,,55.97724928403838,3
image_238.png,5,False,333.14940689659204,149.42851926386993,20,#0000ff,Quadrant 1,1,1,16,,#0000ff,,188.12537764460095,3
image_239.png,2,True,351.5456803080249,140.00261436935736,20,#FF0000,Quadrant 1,1,1,11,240,#FF0000,0,209.27390056212536,3
image_239.png,2,False,155.8191538370313,314.8069992953025,20,#0000ff,Quadrant 3,2,1,11,,#0000ff,,31.115222104497157,3
image_239.png,2,False,226.0612515519786,116.58270752444402,20,#0000ff,Quadrant 1,1,1,11,,#0000ff,,296.901473990387,3
image_239.png,2,False,433.43510388634735,347.90986620113983,20,#0000ff,Quadrant 4,2,2,11,,#0000ff,,138.73627439801717,3
image_239.png,2,False,321.10313878333136,271.4606544432655,20,#0000ff,Quadrant 3,2,1,11,,#0000ff,,219.26933584438913,3
image_239.png,5,False,354.6319307732481,246.4263848909408,20,#ff0000,Quadrant 3,2,1,11,,#ff0000,,164.3549158962528,3
image_239.png,2,False,180.06969175819333,155.86940250421415,20,#0000ff,Quadrant 1,1,1,11,,#0000ff,,104.36226526090421,3
image_239.png,5,False,168.80790072926516,36.69918244863152,20,#0000ff,Quadrant 1,1,1,11,,#0000ff,,52.757977780596065,3
image_239.png,2,False,151.61335452843934,287.4410345741408,20,#0000ff,Quadrant 3,2,1,11,,#0000ff,,230.15045647648614,3
image_239.png,5,False,688.1348180726561,256.76755007507154,20,#0000ff,Quadrant 4,2,2,11,,#0000ff,,328.63595764282275,3
image_239.png,5,False,256.31006941119733,64.99840120693051,20,#0000ff,Quadrant 1,1,1,11,,#0000ff,,351.5333699663855,3
image_239.png,2,False,569.520177719639,311.49481335884104,20,#0000ff,Quadrant 4,2,2,11,,#0000ff,,108.00844499888693,3
