filename,shape_type,target,center_x,center_y,size,color,quadrant,row,column,num_distractors,num_images,distractor_color,color_bin_index,rotation_angle,bin_group
image_0.png,2,True,521.9282943345249,103.56912073771402,20,#FF0000,Quadrant 2,1,2,82,140,#FF0000,0,40.07918453964494,6
image_0.png,5,False,81.61917638216866,290.97240748438145,20,#FF0000,Quadrant 3,2,1,82,,#FF0000,0,50.233654269051804,6
image_0.png,5,False,417.8493410773883,23.013852844114197,20,#FF0000,Quadrant 2,1,2,82,,#FF0000,0,196.3319521494059,6
image_0.png,5,False,171.30335554621956,238.56307958089258,20,#FF0000,Quadrant 3,2,1,82,,#FF0000,0,33.73028635017328,6
image_0.png,5,False,504.33751330353596,276.1008400171092,20,#FF0000,Quadrant 4,2,2,82,,#FF0000,0,202.04822265790068,6
image_0.png,5,False,320.50503288957515,116.15608771119051,20,#FF0000,Quadrant 1,1,1,82,,#FF0000,0,151.02713554619714,6
image_0.png,5,False,533.8182759524096,71.35122159046446,20,#FF0000,Quadrant 2,1,2,82,,#FF0000,0,312.94811548545624,6
image_0.png,5,False,202.45335441176124,92.38860207666856,20,#FF0000,Quadrant 1,1,1,82,,#FF0000,0,152.1411833352609,6
image_0.png,5,False,81.42288052217576,154.61251964091352,20,#FF0000,Quadrant 1,1,1,82,,#FF0000,0,274.8578864423486,6
image_0.png,5,False,247.9854927880111,110.98888780992094,20,#FF0000,Quadrant 1,1,1,82,,#FF0000,0,129.2325769744662,6
image_0.png,5,False,327.5437420938995,58.184289558513136,20,#FF0000,Quadrant 1,1,1,82,,#FF0000,0,15.642159452314988,6
image_0.png,5,False,65.29333647605768,121.82139037188112,20,#FF0000,Quadrant 1,1,1,82,,#FF0000,0,332.0263339301376,6
image_0.png,5,False,621.0762543284599,147.69803989111713,20,#FF0000,Quadrant 2,1,2,82,,#FF0000,0,226.31032781799962,6
image_0.png,5,False,58.923497539557495,260.95753441859443,20,#FF0000,Quadrant 3,2,1,82,,#FF0000,0,69.22389249239757,6
image_0.png,5,False,689.8176277352621,334.31009854372553,20,#FF0000,Quadrant 4,2,2,82,,#FF0000,0,278.3046026839291,6
image_0.png,5,False,272.90696905198547,182.38909429526862,20,#FF0000,Quadrant 1,1,1,82,,#FF0000,0,311.93412003189707,6
image_0.png,5,False,123.06867294054243,145.29232468600313,20,#FF0000,Quadrant 1,1,1,82,,#FF0000,0,300.2797535906701,6
image_0.png,5,False,448.50004056777453,212.90487351722962,20,#FF0000,Quadrant 4,2,2,82,,#FF0000,0,25.704903448277395,6
image_0.png,5,False,485.14358936055277,94.01453576076167,20,#FF0000,Quadrant 2,1,2,82,,#FF0000,0,333.1408246636384,6
image_0.png,5,False,540.3680549611445,32.14454417362933,20,#FF0000,Quadrant 2,1,2,82,,#FF0000,0,116.74178438951587,6
image_0.png,5,False,565.6765567313666,162.64028949444034,20,#FF0000,Quadrant 2,1,2,82,,#FF0000,0,295.848933842451,6
image_0.png,5,False,640.1507895638405,225.39405945887384,20,#FF0000,Quadrant 4,2,2,82,,#FF0000,0,23.827897876157003,6
image_0.png,5,False,157.49968885330287,199.70941608808081,20,#FF0000,Quadrant 1,1,1,82,,#FF0000,0,258.44913745883133,6
image_0.png,5,False,453.9249385680923,65.00546118709968,20,#FF0000,Quadrant 2,1,2,82,,#FF0000,0,318.4859353992129,6
image_0.png,5,False,524.297408661117,214.73341549423577,20,#FF0000,Quadrant 4,2,2,82,,#FF0000,0,50.26691502918227,6
image_0.png,5,False,306.1909070059654,231.57544562945805,20,#FF0000,Quadrant 3,2,1,82,,#FF0000,0,268.9249721948128,6
image_0.png,5,False,698.1574610345319,63.28939956874352,20,#FF0000,Quadrant 2,1,2,82,,#FF0000,0,130.31871973689994,6
image_0.png,5,False,531.7339065407454,336.49689985399965,20,#FF0000,Quadrant 4,2,2,82,,#FF0000,0,177.66570056026717,6
image_0.png,5,False,121.22759918676822,268.2218987016116,20,#FF0000,Quadrant 3,2,1,82,,#FF0000,0,55.02287496537398,6
image_0.png,5,False,276.1046777437305,236.24582592050643,20,#FF0000,Quadrant 3,2,1,82,,#FF0000,0,214.70725106351057,6
image_0.png,5,False,479.7152696667413,54.30055884783355,20,#FF0000,Quadrant 2,1,2,82,,#FF0000,0,339.2751100967315,6
image_0.png,5,False,528.354803918619,301.5303209445146,20,#FF0000,Quadrant 4,2,2,82,,#FF0000,0,318.5238420464792,6
image_0.png,5,False,441.83183336726165,329.15101360919255,20,#FF0000,Quadrant 4,2,2,82,,#FF0000,0,38.30789620717379,6
image_0.png,5,False,148.04974911590105,152.33943627945393,20,#FF0000,Quadrant 1,1,1,82,,#FF0000,0,182.7586375119483,6
image_0.png,5,False,667.9613261332634,359.68008247370784,20,#FF0000,Quadrant 4,2,2,82,,#FF0000,0,58.15765287113522,6
image_0.png,5,False,423.6728186930978,195.6929576349423,20,#FF0000,Quadrant 2,1,2,82,,#FF0000,0,330.6576579824528,6
image_0.png,5,False,261.0937485876632,383.45148124076104,20,#FF0000,Quadrant 3,2,1,82,,#FF0000,0,40.27238111552222,6
image_0.png,5,False,175.98264182292252,102.04946194505412,20,#FF0000,Quadrant 1,1,1,82,,#FF0000,0,290.4389297269663,6
image_0.png,5,False,684.8313161436832,212.36293208215693,20,#FF0000,Quadrant 4,2,2,82,,#FF0000,0,293.76837123123187,6
image_0.png,5,False,465.5683168729361,368.9088009284865,20,#FF0000,Quadrant 4,2,2,82,,#FF0000,0,45.273784147358874,6
image_0.png,5,False,374.567239531177,240.29250080843374,20,#FF0000,Quadrant 4,2,2,82,,#FF0000,0,59.44570523068596,6
image_0.png,5,False,651.0213966784999,296.4902443283345,20,#FF0000,Quadrant 4,2,2,82,,#FF0000,0,347.17064616268385,6
image_0.png,5,False,502.22184227237494,161.8190893990282,20,#FF0000,Quadrant 2,1,2,82,,#FF0000,0,248.3523475558637,6
image_0.png,5,False,268.2867262426834,351.05412399503336,20,#FF0000,Quadrant 3,2,1,82,,#FF0000,0,241.8073054697819,6
image_0.png,5,False,181.80696781587946,35.201788811358384,20,#FF0000,Quadrant 1,1,1,82,,#FF0000,0,162.5350109008067,6
image_0.png,5,False,32.6435280985295,135.9019688724285,20,#FF0000,Quadrant 1,1,1,82,,#FF0000,0,24.264118119710698,6
image_0.png,5,False,202.87083487157287,194.4866806788855,20,#FF0000,Quadrant 1,1,1,82,,#FF0000,0,185.09620313109207,6
image_0.png,5,False,509.38991789198894,344.5408024031988,20,#FF0000,Quadrant 4,2,2,82,,#FF0000,0,194.12421530211165,6
image_0.png,5,False,294.2494681982695,337.53029088371,20,#FF0000,Quadrant 3,2,1,82,,#FF0000,0,127.54712397223938,6
image_0.png,5,False,461.2308314151304,255.2559459895041,20,#FF0000,Quadrant 4,2,2,82,,#FF0000,0,19.501627403581384,6
image_0.png,5,False,62.94018808988537,316.4324085085836,20,#FF0000,Quadrant 3,2,1,82,,#FF0000,0,314.81494346540876,6
image_0.png,5,False,21.16816312550322,46.253329397489985,20,#FF0000,Quadrant 1,1,1,82,,#FF0000,0,194.61165771610982,6
image_0.png,5,False,173.86546898326537,164.62451390603442,20,#FF0000,Quadrant 1,1,1,82,,#FF0000,0,271.28358144708324,6
image_0.png,5,False,606.7441214868185,352.12340316298736,20,#FF0000,Quadrant 4,2,2,82,,#FF0000,0,173.28903046957421,6
image_0.png,5,False,12.48505568413281,158.57942436819337,20,#FF0000,Quadrant 1,1,1,82,,#FF0000,0,59.26936370454967,6
image_0.png,5,False,551.9541268311498,118.82420854193587,20,#FF0000,Quadrant 2,1,2,82,,#FF0000,0,333.54650648136,6
image_0.png,5,False,346.316602629833,82.78139382716684,20,#FF0000,Quadrant 1,1,1,82,,#FF0000,0,238.27367230226827,6
image_0.png,5,False,51.29498819302929,289.1086535822584,20,#FF0000,Quadrant 3,2,1,82,,#FF0000,0,78.37232342910298,6
image_0.png,5,False,227.07371393134346,29.953803485774447,20,#FF0000,Quadrant 1,1,1,82,,#FF0000,0,21.944725731545695,6
image_0.png,5,False,360.8938344284653,332.8074821400779,20,#FF0000,Quadrant 4,2,2,82,,#FF0000,0,20.476648702326425,6
image_0.png,5,False,400.44135052857763,130.58780177920283,20,#FF0000,Quadrant 2,1,2,82,,#FF0000,0,236.6543392101081,6
image_0.png,5,False,472.4411966164123,129.76150013672776,20,#FF0000,Quadrant 2,1,2,82,,#FF0000,0,93.87565041730782,6
image_0.png,5,False,381.4301044260212,202.2244143504333,20,#FF0000,Quadrant 4,2,2,82,,#FF0000,0,35.993249612851855,6
image_0.png,5,False,251.4670872905509,37.00311671468728,20,#FF0000,Quadrant 1,1,1,82,,#FF0000,0,47.68436533192823,6
image_0.png,5,False,219.4343115124551,382.8965512750603,20,#FF0000,Quadrant 3,2,1,82,,#FF0000,0,195.55846641417125,6
image_0.png,5,False,375.4401372029641,263.45229100335655,20,#FF0000,Quadrant 4,2,2,82,,#FF0000,0,290.55597957545126,6
image_0.png,5,False,652.9799111714574,50.15569772508395,20,#FF0000,Quadrant 2,1,2,82,,#FF0000,0,199.656821696284,6
image_0.png,5,False,193.21701990463097,347.31140324815806,20,#FF0000,Quadrant 3,2,1,82,,#FF0000,0,316.1257073904932,6
image_0.png,5,False,118.10360983496842,117.50387061108404,20,#FF0000,Quadrant 1,1,1,82,,#FF0000,0,267.2700062331595,6
image_0.png,5,False,247.2445182895552,270.87391468690294,20,#FF0000,Quadrant 3,2,1,82,,#FF0000,0,75.8266757304995,6
image_0.png,5,False,359.2268410295132,105.92383328241998,20,#FF0000,Quadrant 2,1,2,82,,#FF0000,0,307.04861354108306,6
image_0.png,5,False,497.2048708176336,223.02279488485414,20,#FF0000,Quadrant 4,2,2,82,,#FF0000,0,159.0607842699062,6
image_0.png,5,False,662.1400970031343,272.2054177797213,20,#FF0000,Quadrant 4,2,2,82,,#FF0000,0,40.274597012160605,6
image_0.png,5,False,307.1230451748517,26.811308387828262,20,#FF0000,Quadrant 1,1,1,82,,#FF0000,0,198.90903482819914,6
image_0.png,5,False,681.9737085970921,294.30253701225786,20,#FF0000,Quadrant 4,2,2,82,,#FF0000,0,314.8965804747928,6
image_0.png,5,False,174.11202190602813,72.4256679639658,20,#FF0000,Quadrant 1,1,1,82,,#FF0000,0,333.2749761250404,6
image_0.png,5,False,472.56601207956754,288.8517496769372,20,#FF0000,Quadrant 4,2,2,82,,#FF0000,0,148.21673995855932,6
image_0.png,5,False,37.68125468172686,188.92082797050435,20,#FF0000,Quadrant 1,1,1,82,,#FF0000,0,137.71502013489635,6
image_0.png,5,False,643.8133599471221,143.17088444055724,20,#FF0000,Quadrant 2,1,2,82,,#FF0000,0,71.84621880927068,6
image_0.png,5,False,611.3415717096126,95.26510084379579,20,#FF0000,Quadrant 2,1,2,82,,#FF0000,0,295.3930971497623,6
image_0.png,5,False,285.5430592311358,116.31195706669548,20,#FF0000,Quadrant 1,1,1,82,,#FF0000,0,237.61194578950642,6
image_0.png,5,False,479.18798355022165,329.90391971684653,20,#FF0000,Quadrant 4,2,2,82,,#FF0000,0,183.38604319009346,6
image_0.png,5,False,30.016768697429132,342.52051957556176,20,#FF0000,Quadrant 3,2,1,82,,#FF0000,0,119.21395255718654,6
image_1.png,2,True,674.1861435597117,111.34628503368214,20,#FF0000,Quadrant 2,1,2,34,140,#FF0000,0,64.28441382208692,5
image_1.png,5,False,310.41442965103994,286.3900329267222,20,#FF0000,Quadrant 3,2,1,34,,#FF0000,0,39.024916997295996,5
image_1.png,5,False,428.6778999279327,204.3179165550627,20,#FF0000,Quadrant 4,2,2,34,,#FF0000,0,112.92383311019684,5
image_1.png,5,False,408.2691619691571,107.28510732038397,20,#FF0000,Quadrant 2,1,2,34,,#FF0000,0,138.6703560041018,5
image_1.png,5,False,12.165290692635702,360.86741255865326,20,#FF0000,Quadrant 3,2,1,34,,#FF0000,0,255.1627021803014,5
image_1.png,5,False,506.68726941079854,291.4571294233221,20,#FF0000,Quadrant 4,2,2,34,,#FF0000,0,193.8427189534051,5
image_1.png,5,False,261.948594057291,37.45010060574525,20,#FF0000,Quadrant 1,1,1,34,,#FF0000,0,241.42626159587982,5
image_1.png,5,False,238.50782483334893,129.66011383205995,20,#FF0000,Quadrant 1,1,1,34,,#FF0000,0,239.12556656805805,5
image_1.png,5,False,506.9106872166117,124.52181738385787,20,#FF0000,Quadrant 2,1,2,34,,#FF0000,0,305.2855006222808,5
image_1.png,5,False,292.3827140386404,163.1073463078199,20,#FF0000,Quadrant 1,1,1,34,,#FF0000,0,111.34247839511517,5
image_1.png,5,False,98.70129355175656,169.92871416615932,20,#FF0000,Quadrant 1,1,1,34,,#FF0000,0,106.43587290934093,5
image_1.png,5,False,477.672064292913,352.26049628691624,20,#FF0000,Quadrant 4,2,2,34,,#FF0000,0,338.5309214628659,5
image_1.png,5,False,218.35446357567452,218.12026656529392,20,#FF0000,Quadrant 3,2,1,34,,#FF0000,0,221.585369742497,5
image_1.png,5,False,208.68355092269084,173.49772069615747,20,#FF0000,Quadrant 1,1,1,34,,#FF0000,0,0.14613829102350984,5
image_1.png,5,False,462.0921747314163,186.76553591337137,20,#FF0000,Quadrant 2,1,2,34,,#FF0000,0,208.79452123044553,5
image_1.png,5,False,158.2402652814901,189.86437827372532,20,#FF0000,Quadrant 1,1,1,34,,#FF0000,0,159.17752774973067,5
image_1.png,5,False,559.4610597273515,75.14334776286469,20,#FF0000,Quadrant 2,1,2,34,,#FF0000,0,324.4250972981715,5
image_1.png,5,False,366.14643483158414,250.25164347947077,20,#FF0000,Quadrant 4,2,2,34,,#FF0000,0,30.52639322104383,5
image_1.png,5,False,574.8937670657617,294.9302159903968,20,#FF0000,Quadrant 4,2,2,34,,#FF0000,0,120.66777194752832,5
image_1.png,5,False,165.77741887213162,86.27111457064598,20,#FF0000,Quadrant 1,1,1,34,,#FF0000,0,242.20644140058013,5
image_1.png,5,False,61.17864990816811,167.65870215713792,20,#FF0000,Quadrant 1,1,1,34,,#FF0000,0,305.9055700649035,5
image_1.png,5,False,144.9658781136597,274.2219066854109,20,#FF0000,Quadrant 3,2,1,34,,#FF0000,0,226.71553706557694,5
image_1.png,5,False,179.10527886954438,258.9899282002544,20,#FF0000,Quadrant 3,2,1,34,,#FF0000,0,177.9757808437573,5
image_1.png,5,False,303.9257276265438,77.48516568506896,20,#FF0000,Quadrant 1,1,1,34,,#FF0000,0,38.371426762874016,5
image_1.png,5,False,367.8728900557374,29.982549583162267,20,#FF0000,Quadrant 2,1,2,34,,#FF0000,0,344.8677752206343,5
image_1.png,5,False,595.5037433252936,183.54257002772522,20,#FF0000,Quadrant 2,1,2,34,,#FF0000,0,89.7113806775898,5
image_1.png,5,False,470.9610577519973,384.42334725911735,20,#FF0000,Quadrant 4,2,2,34,,#FF0000,0,288.5099766200152,5
image_1.png,5,False,665.5772902173344,347.95899995634517,20,#FF0000,Quadrant 4,2,2,34,,#FF0000,0,214.36283464899108,5
image_1.png,5,False,506.5797593191413,201.80614630362393,20,#FF0000,Quadrant 4,2,2,34,,#FF0000,0,220.5548361942346,5
image_1.png,5,False,388.48377397086074,350.1446630221731,20,#FF0000,Quadrant 4,2,2,34,,#FF0000,0,299.0049010997094,5
image_1.png,5,False,338.05068697108373,108.97440531977732,20,#FF0000,Quadrant 1,1,1,34,,#FF0000,0,267.71595917745054,5
image_1.png,5,False,450.34872993877167,300.47757266432853,20,#FF0000,Quadrant 4,2,2,34,,#FF0000,0,89.00630550347744,5
image_1.png,5,False,442.8296730804473,114.79783493482947,20,#FF0000,Quadrant 2,1,2,34,,#FF0000,0,187.66793261807356,5
image_1.png,5,False,207.8666959447121,113.70831047706578,20,#FF0000,Quadrant 1,1,1,34,,#FF0000,0,27.894007391304893,5
image_1.png,5,False,383.16488131521646,63.305395253106866,20,#FF0000,Quadrant 2,1,2,34,,#FF0000,0,115.09544463075443,5
image_2.png,2,True,116.28282867165497,91.87418754606325,20,#FF0000,Quadrant 1,1,1,30,140,#FF0000,0,137.89270527528174,4
image_2.png,5,False,238.97727842523958,187.11938666673495,20,#FF0000,Quadrant 1,1,1,30,,#FF0000,0,149.35244252335855,4
image_2.png,5,False,584.862015675596,158.22223518810378,20,#FF0000,Quadrant 2,1,2,30,,#FF0000,0,22.415655810090716,4
image_2.png,5,False,662.8367411435793,18.38307964686085,20,#FF0000,Quadrant 2,1,2,30,,#FF0000,0,277.1264780332788,4
image_2.png,5,False,407.6506489521453,191.29833890668093,20,#FF0000,Quadrant 2,1,2,30,,#FF0000,0,317.03640219281647,4
image_2.png,5,False,216.7441174845722,158.41495296808571,20,#FF0000,Quadrant 1,1,1,30,,#FF0000,0,339.38699667627486,4
image_2.png,5,False,586.817054180098,214.4473745566675,20,#FF0000,Quadrant 4,2,2,30,,#FF0000,0,320.9909551086643,4
image_2.png,5,False,562.1091697785334,350.3726893168958,20,#FF0000,Quadrant 4,2,2,30,,#FF0000,0,264.4682618722888,4
image_2.png,5,False,199.0524298048838,194.57267365583314,20,#FF0000,Quadrant 1,1,1,30,,#FF0000,0,175.76261191809016,4
image_2.png,5,False,471.8539246091899,312.69779863083136,20,#FF0000,Quadrant 4,2,2,30,,#FF0000,0,139.9885931686061,4
image_2.png,5,False,590.1084018501028,358.5867326128729,20,#FF0000,Quadrant 4,2,2,30,,#FF0000,0,260.70529594582393,4
image_2.png,5,False,379.0111807478955,353.8191100577984,20,#FF0000,Quadrant 4,2,2,30,,#FF0000,0,353.0599119068124,4
image_2.png,5,False,467.8068324601151,42.73214069723608,20,#FF0000,Quadrant 2,1,2,30,,#FF0000,0,213.08139922604792,4
image_2.png,5,False,608.2605840050446,79.69357202207735,20,#FF0000,Quadrant 2,1,2,30,,#FF0000,0,154.30059707799415,4
image_2.png,5,False,617.071950355306,116.18100071146867,20,#FF0000,Quadrant 2,1,2,30,,#FF0000,0,121.50019730659344,4
image_2.png,5,False,301.458165636771,326.59632583678183,20,#FF0000,Quadrant 3,2,1,30,,#FF0000,0,342.4334831498022,4
image_2.png,5,False,527.0777158860841,30.68835991595057,20,#FF0000,Quadrant 2,1,2,30,,#FF0000,0,169.3104610366969,4
image_2.png,5,False,165.4890721809065,36.937744031146835,20,#FF0000,Quadrant 1,1,1,30,,#FF0000,0,342.69108925749157,4
image_2.png,5,False,38.73785676558816,22.72933957690918,20,#FF0000,Quadrant 1,1,1,30,,#FF0000,0,344.6228169994926,4
image_2.png,5,False,589.2286750900881,245.86487818956766,20,#FF0000,Quadrant 4,2,2,30,,#FF0000,0,89.02198934383571,4
image_2.png,5,False,337.28357099188224,54.23921062931788,20,#FF0000,Quadrant 1,1,1,30,,#FF0000,0,85.87617908000611,4
image_2.png,5,False,331.4084145868671,107.86011730050653,20,#FF0000,Quadrant 1,1,1,30,,#FF0000,0,341.19252799799466,4
image_2.png,5,False,428.4600651740545,375.2917332702569,20,#FF0000,Quadrant 4,2,2,30,,#FF0000,0,132.8022627562589,4
image_2.png,5,False,546.898609574873,72.90347624320128,20,#FF0000,Quadrant 2,1,2,30,,#FF0000,0,258.60860229456296,4
image_2.png,5,False,636.6300180716893,152.86603066277038,20,#FF0000,Quadrant 2,1,2,30,,#FF0000,0,207.28682222846908,4
image_2.png,5,False,147.64921641619182,234.81299155244412,20,#FF0000,Quadrant 3,2,1,30,,#FF0000,0,338.92941547487146,4
image_2.png,5,False,178.32322319008404,274.5389549434019,20,#FF0000,Quadrant 3,2,1,30,,#FF0000,0,299.0057881609146,4
image_2.png,5,False,400.9275306480807,26.524131217919454,20,#FF0000,Quadrant 2,1,2,30,,#FF0000,0,286.6417979760763,4
image_2.png,5,False,19.717331464272775,169.78220403821084,20,#FF0000,Quadrant 1,1,1,30,,#FF0000,0,233.11557146044984,4
image_2.png,5,False,309.6976235135096,147.9070785511372,20,#FF0000,Quadrant 1,1,1,30,,#FF0000,0,176.47261379654697,4
image_2.png,5,False,370.4835086406126,256.87290249832824,20,#FF0000,Quadrant 4,2,2,30,,#FF0000,0,63.40930599098137,4
image_3.png,2,True,381.8011325428482,193.76205646784814,20,#FF0000,Quadrant 2,1,2,79,140,#FF0000,0,290.95171877043214,6
image_3.png,5,False,514.6770616562292,112.45351338260717,20,#FF0000,Quadrant 2,1,2,79,,#FF0000,0,156.80681748140194,6
image_3.png,5,False,583.3736720156257,43.75857546504492,20,#FF0000,Quadrant 2,1,2,79,,#FF0000,0,306.6167376069595,6
image_3.png,5,False,179.02190960256868,186.6598003760216,20,#FF0000,Quadrant 1,1,1,79,,#FF0000,0,317.3872262409979,6
image_3.png,5,False,272.1236305443739,21.84859915709386,20,#FF0000,Quadrant 1,1,1,79,,#FF0000,0,219.71941352298742,6
image_3.png,5,False,136.28766158164964,91.18130336794134,20,#FF0000,Quadrant 1,1,1,79,,#FF0000,0,306.34302107248527,6
image_3.png,5,False,245.49346294019142,343.7609523486092,20,#FF0000,Quadrant 3,2,1,79,,#FF0000,0,287.21964845811476,6
image_3.png,5,False,201.3490486960114,14.837121257819948,20,#FF0000,Quadrant 1,1,1,79,,#FF0000,0,252.42615011959256,6
image_3.png,5,False,69.98733078907665,283.18822303138546,20,#FF0000,Quadrant 3,2,1,79,,#FF0000,0,341.30252799973124,6
image_3.png,5,False,533.3754462494194,272.0503303107857,20,#FF0000,Quadrant 4,2,2,79,,#FF0000,0,175.88802486556344,6
image_3.png,5,False,349.1758998691459,310.728624154016,20,#FF0000,Quadrant 3,2,1,79,,#FF0000,0,232.5250439067428,6
image_3.png,5,False,163.67991992557327,272.4955447015863,20,#FF0000,Quadrant 3,2,1,79,,#FF0000,0,33.4992061996818,6
image_3.png,5,False,411.691798294001,189.89246475110036,20,#FF0000,Quadrant 2,1,2,79,,#FF0000,0,110.23417084683183,6
image_3.png,5,False,304.172126953893,292.96359507774446,20,#FF0000,Quadrant 3,2,1,79,,#FF0000,0,191.13189521247642,6
image_3.png,5,False,94.1319045943387,83.79686292467358,20,#FF0000,Quadrant 1,1,1,79,,#FF0000,0,90.50532343233894,6
image_3.png,5,False,380.21027214940364,299.1076723849909,20,#FF0000,Quadrant 4,2,2,79,,#FF0000,0,43.03970685181902,6
image_3.png,5,False,683.8822387664261,209.31273652305376,20,#FF0000,Quadrant 4,2,2,79,,#FF0000,0,260.85060039349855,6
image_3.png,5,False,134.6352235992429,16.34808282279213,20,#FF0000,Quadrant 1,1,1,79,,#FF0000,0,81.89393885371969,6
image_3.png,5,False,200.0005041536712,379.2834839568349,20,#FF0000,Quadrant 3,2,1,79,,#FF0000,0,192.28863213635879,6
image_3.png,5,False,491.52058371512396,58.73364833827856,20,#FF0000,Quadrant 2,1,2,79,,#FF0000,0,199.20922804749898,6
image_3.png,5,False,349.21542052688363,340.8880598294461,20,#FF0000,Quadrant 3,2,1,79,,#FF0000,0,312.64603101465985,6
image_3.png,5,False,334.41449505712154,177.49720569541188,20,#FF0000,Quadrant 1,1,1,79,,#FF0000,0,206.6631190654796,6
image_3.png,5,False,46.39855813948513,366.722039578343,20,#FF0000,Quadrant 3,2,1,79,,#FF0000,0,66.37092134042942,6
image_3.png,5,False,577.4376796113075,162.46741317123323,20,#FF0000,Quadrant 2,1,2,79,,#FF0000,0,171.98250741564758,6
image_3.png,5,False,444.68809208992684,31.264230082577527,20,#FF0000,Quadrant 2,1,2,79,,#FF0000,0,26.669581292030323,6
image_3.png,5,False,398.79648239126476,125.84982347636206,20,#FF0000,Quadrant 2,1,2,79,,#FF0000,0,53.71113041051586,6
image_3.png,5,False,92.61312636369703,299.9596223333014,20,#FF0000,Quadrant 3,2,1,79,,#FF0000,0,357.8105241756793,6
image_3.png,5,False,555.820431762116,96.30973781058309,20,#FF0000,Quadrant 2,1,2,79,,#FF0000,0,218.2743544474666,6
image_3.png,5,False,693.1315384616238,126.43373235271822,20,#FF0000,Quadrant 2,1,2,79,,#FF0000,0,309.65999969742484,6
image_3.png,5,False,431.0356985368948,290.75375747315803,20,#FF0000,Quadrant 4,2,2,79,,#FF0000,0,223.56983558597346,6
image_3.png,5,False,12.84357287338827,181.2904003454915,20,#FF0000,Quadrant 1,1,1,79,,#FF0000,0,27.023352804420455,6
image_3.png,5,False,211.677650142378,98.49801666217776,20,#FF0000,Quadrant 1,1,1,79,,#FF0000,0,213.77203024304276,6
image_3.png,5,False,495.3584275265711,182.62384138186235,20,#FF0000,Quadrant 2,1,2,79,,#FF0000,0,254.50409875645198,6
image_3.png,5,False,647.5747096484761,308.79899407246444,20,#FF0000,Quadrant 4,2,2,79,,#FF0000,0,247.45857122564738,6
image_3.png,5,False,466.55511652597045,363.926677292404,20,#FF0000,Quadrant 4,2,2,79,,#FF0000,0,225.02088257911987,6
image_3.png,5,False,386.2034789315887,255.8059254461377,20,#FF0000,Quadrant 4,2,2,79,,#FF0000,0,153.05002779751618,6
image_3.png,5,False,222.9445388912062,294.10601894231763,20,#FF0000,Quadrant 3,2,1,79,,#FF0000,0,59.73220411946088,6
image_3.png,5,False,209.85269534272496,58.00568279003971,20,#FF0000,Quadrant 1,1,1,79,,#FF0000,0,204.91453775487327,6
image_3.png,5,False,493.1165089482692,367.3316190012474,20,#FF0000,Quadrant 4,2,2,79,,#FF0000,0,247.92407683635375,6
image_3.png,5,False,351.2249061287631,41.407020017935764,20,#FF0000,Quadrant 1,1,1,79,,#FF0000,0,180.1699837624532,6
image_3.png,5,False,308.6677496067723,132.83755850943737,20,#FF0000,Quadrant 1,1,1,79,,#FF0000,0,14.3498823061007,6
image_3.png,5,False,73.9242248887488,374.6023966288923,20,#FF0000,Quadrant 3,2,1,79,,#FF0000,0,90.1324448683214,6
image_3.png,5,False,407.31218625253206,370.3972130108012,20,#FF0000,Quadrant 4,2,2,79,,#FF0000,0,300.9451010062253,6
image_3.png,5,False,474.2020115849318,112.87516781554638,20,#FF0000,Quadrant 2,1,2,79,,#FF0000,0,359.8460700758825,6
image_3.png,5,False,532.0692241542519,188.8493111891175,20,#FF0000,Quadrant 2,1,2,79,,#FF0000,0,14.483402332061823,6
image_3.png,5,False,642.1741508815428,79.6028976503416,20,#FF0000,Quadrant 2,1,2,79,,#FF0000,0,234.54341619612708,6
image_3.png,5,False,448.36667170386585,196.87235322820305,20,#FF0000,Quadrant 2,1,2,79,,#FF0000,0,210.71866510002758,6
image_3.png,5,False,250.74516778701417,136.99057280540478,20,#FF0000,Quadrant 1,1,1,79,,#FF0000,0,32.84726626577778,6
image_3.png,5,False,601.9781020418429,135.66578483284894,20,#FF0000,Quadrant 2,1,2,79,,#FF0000,0,241.24806342762676,6
image_3.png,5,False,233.73563874416033,377.72982673364214,20,#FF0000,Quadrant 3,2,1,79,,#FF0000,0,113.22617658126046,6
image_3.png,5,False,365.55681785475343,384.50906318750305,20,#FF0000,Quadrant 4,2,2,79,,#FF0000,0,145.50302052026842,6
image_3.png,5,False,384.8469865121074,167.20758176214352,20,#FF0000,Quadrant 2,1,2,79,,#FF0000,0,236.75773913392644,6
image_3.png,5,False,260.26597845550424,296.9355122330069,20,#FF0000,Quadrant 3,2,1,79,,#FF0000,0,67.52971490202977,6
image_3.png,5,False,650.1665322218245,176.607883937359,20,#FF0000,Quadrant 2,1,2,79,,#FF0000,0,197.7190700707194,6
image_3.png,5,False,175.8759515437511,70.86694591837784,20,#FF0000,Quadrant 1,1,1,79,,#FF0000,0,219.19380014950738,6
image_3.png,5,False,391.50122083802205,46.233078084415524,20,#FF0000,Quadrant 2,1,2,79,,#FF0000,0,198.30204252096118,6
image_3.png,5,False,584.346646726773,199.3859407793198,20,#FF0000,Quadrant 2,1,2,79,,#FF0000,0,42.287813672240716,6
image_3.png,5,False,361.6128183828936,114.35461095761764,20,#FF0000,Quadrant 2,1,2,79,,#FF0000,0,257.9771973570448,6
image_3.png,5,False,686.3885518637258,103.1302824964023,20,#FF0000,Quadrant 2,1,2,79,,#FF0000,0,300.50062040761,6
image_3.png,5,False,275.2907631272863,359.4661606741304,20,#FF0000,Quadrant 3,2,1,79,,#FF0000,0,198.45542767696907,6
image_3.png,5,False,616.8557897959221,337.6021812140063,20,#FF0000,Quadrant 4,2,2,79,,#FF0000,0,182.96672097344182,6
image_3.png,5,False,555.3142594001451,167.84823610240846,20,#FF0000,Quadrant 2,1,2,79,,#FF0000,0,99.44906501593475,6
image_3.png,5,False,216.70498049274758,232.8624590725529,20,#FF0000,Quadrant 3,2,1,79,,#FF0000,0,101.82203398181758,6
image_3.png,5,False,348.362198845778,67.1690681486943,20,#FF0000,Quadrant 1,1,1,79,,#FF0000,0,359.6048399625619,6
image_3.png,5,False,248.79039582648218,219.62478365276655,20,#FF0000,Quadrant 3,2,1,79,,#FF0000,0,193.88900797339454,6
image_3.png,5,False,491.57641663057365,227.13950867029263,20,#FF0000,Quadrant 4,2,2,79,,#FF0000,0,67.91485453455795,6
image_3.png,5,False,545.3501433433894,27.498679058780123,20,#FF0000,Quadrant 2,1,2,79,,#FF0000,0,84.08248058084152,6
image_3.png,5,False,496.9020100262268,317.71256516952343,20,#FF0000,Quadrant 4,2,2,79,,#FF0000,0,268.09385456347053,6
image_3.png,5,False,468.2816035148444,321.2425745462118,20,#FF0000,Quadrant 4,2,2,79,,#FF0000,0,138.98835089675364,6
image_3.png,5,False,417.6343157942917,339.74671845091746,20,#FF0000,Quadrant 4,2,2,79,,#FF0000,0,180.8248140478677,6
image_3.png,5,False,314.37097853199657,209.8095108132582,20,#FF0000,Quadrant 3,2,1,79,,#FF0000,0,314.708534659551,6
image_3.png,5,False,117.35487973359716,188.46744717222867,20,#FF0000,Quadrant 1,1,1,79,,#FF0000,0,235.72127751398418,6
image_3.png,5,False,272.8264748931093,130.69791618682507,20,#FF0000,Quadrant 1,1,1,79,,#FF0000,0,309.363186300576,6
image_3.png,5,False,534.2278466313766,340.7607805766467,20,#FF0000,Quadrant 4,2,2,79,,#FF0000,0,258.73827308027387,6
image_3.png,5,False,58.14189480808894,249.57886437105412,20,#FF0000,Quadrant 3,2,1,79,,#FF0000,0,12.923675941567168,6
image_3.png,5,False,698.2264609168324,293.2776866269364,20,#FF0000,Quadrant 4,2,2,79,,#FF0000,0,331.5344755609068,6
image_3.png,5,False,42.68777741859958,311.94222983131607,20,#FF0000,Quadrant 3,2,1,79,,#FF0000,0,325.232662338175,6
image_3.png,5,False,269.2655108551919,66.02538277437262,20,#FF0000,Quadrant 1,1,1,79,,#FF0000,0,105.61239934747516,6
image_3.png,5,False,65.4091936047363,340.17736828775514,20,#FF0000,Quadrant 3,2,1,79,,#FF0000,0,61.19411366451506,6
image_3.png,5,False,176.93172658899968,356.04936805690375,20,#FF0000,Quadrant 3,2,1,79,,#FF0000,0,223.0957326734695,6
image_4.png,2,True,450.5162907614587,184.7176486888043,20,#FF0000,Quadrant 2,1,2,19,140,#FF0000,0,83.58783994625482,4
image_4.png,5,False,630.3479783415212,186.86573058856396,20,#FF0000,Quadrant 2,1,2,19,,#FF0000,0,240.06265821593308,4
image_4.png,5,False,387.60611680779755,38.91979830692598,20,#FF0000,Quadrant 2,1,2,19,,#FF0000,0,103.54739966943797,4
image_4.png,5,False,691.4920180055268,124.0803061687859,20,#FF0000,Quadrant 2,1,2,19,,#FF0000,0,340.2848285764726,4
image_4.png,5,False,486.62601008502895,183.6839371884233,20,#FF0000,Quadrant 2,1,2,19,,#FF0000,0,346.3304662164391,4
image_4.png,5,False,699.5683866296234,333.56080337355024,20,#FF0000,Quadrant 4,2,2,19,,#FF0000,0,108.7638013937929,4
image_4.png,5,False,273.7600010861064,146.68656156419894,20,#FF0000,Quadrant 1,1,1,19,,#FF0000,0,38.39517627204993,4
image_4.png,5,False,492.8032858104556,19.29316799091557,20,#FF0000,Quadrant 2,1,2,19,,#FF0000,0,106.51406047768245,4
image_4.png,5,False,283.71015548793207,14.061031057843312,20,#FF0000,Quadrant 1,1,1,19,,#FF0000,0,298.81352213742383,4
image_4.png,5,False,547.2567032655837,379.02186476095557,20,#FF0000,Quadrant 4,2,2,19,,#FF0000,0,311.42426317101575,4
image_4.png,5,False,524.4236141983054,325.8131040764652,20,#FF0000,Quadrant 4,2,2,19,,#FF0000,0,327.8221033387358,4
image_4.png,5,False,545.4855349467294,97.98475178681737,20,#FF0000,Quadrant 2,1,2,19,,#FF0000,0,325.05657064191917,4
image_4.png,5,False,161.89412732146465,82.86989194673937,20,#FF0000,Quadrant 1,1,1,19,,#FF0000,0,288.6955047163035,4
image_4.png,5,False,531.5927760580156,301.10395275928545,20,#FF0000,Quadrant 4,2,2,19,,#FF0000,0,90.22564801570178,4
image_4.png,5,False,105.24089532243414,47.72796547030358,20,#FF0000,Quadrant 1,1,1,19,,#FF0000,0,245.10783390552817,4
image_4.png,5,False,38.16215345900318,309.0947629558382,20,#FF0000,Quadrant 3,2,1,19,,#FF0000,0,225.88491881402297,4
image_4.png,5,False,262.38938955661564,60.6736628269435,20,#FF0000,Quadrant 1,1,1,19,,#FF0000,0,12.011231248427677,4
image_4.png,5,False,236.10947761695317,168.0601693122979,20,#FF0000,Quadrant 1,1,1,19,,#FF0000,0,327.46601243495763,4
image_4.png,5,False,552.907326800018,342.30210555511013,20,#FF0000,Quadrant 4,2,2,19,,#FF0000,0,72.28612607402744,4
image_4.png,5,False,356.73659120047483,114.01533856927342,20,#FF0000,Quadrant 2,1,2,19,,#FF0000,0,131.70871102144457,4
image_5.png,2,True,579.2112808417186,193.13847969227416,20,#FF0000,Quadrant 2,1,2,22,140,#FF0000,0,92.50923044277444,4
image_5.png,5,False,525.3793926440441,139.03436593711302,20,#FF0000,Quadrant 2,1,2,22,,#FF0000,0,290.335857765756,4
image_5.png,5,False,674.4334787866567,64.20615167222365,20,#FF0000,Quadrant 2,1,2,22,,#FF0000,0,41.46109468191339,4
image_5.png,5,False,603.6368712632882,284.7539171645459,20,#FF0000,Quadrant 4,2,2,22,,#FF0000,0,347.9400754065907,4
image_5.png,5,False,677.4488558897223,315.13412943977244,20,#FF0000,Quadrant 4,2,2,22,,#FF0000,0,352.7792074014852,4
image_5.png,5,False,555.7798763577779,16.261251628140645,20,#FF0000,Quadrant 2,1,2,22,,#FF0000,0,131.6790177860039,4
image_5.png,5,False,324.34757310863966,265.32912834827886,20,#FF0000,Quadrant 3,2,1,22,,#FF0000,0,193.16603097686126,4
image_5.png,5,False,413.7619031483424,321.8737398637207,20,#FF0000,Quadrant 4,2,2,22,,#FF0000,0,242.04268704636473,4
image_5.png,5,False,85.65046441526994,99.38467903597844,20,#FF0000,Quadrant 1,1,1,22,,#FF0000,0,338.5050810406395,4
image_5.png,5,False,620.2378083530332,223.2119904904542,20,#FF0000,Quadrant 4,2,2,22,,#FF0000,0,9.008873872733636,4
image_5.png,5,False,163.5220008509791,34.896041558553875,20,#FF0000,Quadrant 1,1,1,22,,#FF0000,0,329.4921271475374,4
image_5.png,5,False,637.5680828768176,125.22788597205658,20,#FF0000,Quadrant 2,1,2,22,,#FF0000,0,296.58792650056114,4
image_5.png,5,False,107.30636161747532,368.68685942937566,20,#FF0000,Quadrant 3,2,1,22,,#FF0000,0,146.98650808634858,4
image_5.png,5,False,350.4183624759838,47.73857547904856,20,#FF0000,Quadrant 1,1,1,22,,#FF0000,0,109.57125036816188,4
image_5.png,5,False,104.47252955866587,182.4773401040014,20,#FF0000,Quadrant 1,1,1,22,,#FF0000,0,319.41335107026083,4
image_5.png,5,False,523.0235437294652,368.5782044246253,20,#FF0000,Quadrant 4,2,2,22,,#FF0000,0,241.37503878606165,4
image_5.png,5,False,522.4233511733025,69.40965711091764,20,#FF0000,Quadrant 2,1,2,22,,#FF0000,0,150.88563122930023,4
image_5.png,5,False,79.22590631555413,195.9731802844743,20,#FF0000,Quadrant 1,1,1,22,,#FF0000,0,149.3584298772505,4
image_5.png,5,False,666.59833098755,23.36675643120773,20,#FF0000,Quadrant 2,1,2,22,,#FF0000,0,146.9217188511722,4
image_5.png,5,False,316.49094629582345,370.3098542038394,20,#FF0000,Quadrant 3,2,1,22,,#FF0000,0,133.39078514439674,4
image_5.png,5,False,79.45533635362379,270.18714035192585,20,#FF0000,Quadrant 3,2,1,22,,#FF0000,0,307.96206959014364,4
image_5.png,5,False,684.7335027924602,146.57871197825617,20,#FF0000,Quadrant 2,1,2,22,,#FF0000,0,196.00771013357217,4
image_5.png,5,False,141.7780993289838,57.176373814985695,20,#FF0000,Quadrant 1,1,1,22,,#FF0000,0,143.3302713879743,4
image_6.png,2,True,157.14090682666279,252.72832320422805,20,#FF0000,Quadrant 3,2,1,59,140,#FF0000,0,33.00243257430751,5
image_6.png,5,False,45.848593846719496,137.06646113149105,20,#FF0000,Quadrant 1,1,1,59,,#FF0000,0,349.5935923433951,5
image_6.png,5,False,553.2279108836816,88.56770740400728,20,#FF0000,Quadrant 2,1,2,59,,#FF0000,0,355.97552541891184,5
image_6.png,5,False,392.84916624971794,232.65280559383038,20,#FF0000,Quadrant 4,2,2,59,,#FF0000,0,298.73442139816774,5
image_6.png,5,False,171.53608986271567,303.71132241022195,20,#FF0000,Quadrant 3,2,1,59,,#FF0000,0,292.69907320358124,5
image_6.png,5,False,421.6313466351754,115.80989177880816,20,#FF0000,Quadrant 2,1,2,59,,#FF0000,0,283.9117515399394,5
image_6.png,5,False,691.4063127082927,215.20144269427124,20,#FF0000,Quadrant 4,2,2,59,,#FF0000,0,354.25012746518604,5
image_6.png,5,False,86.7392536958211,338.5173018555708,20,#FF0000,Quadrant 3,2,1,59,,#FF0000,0,287.4649764807445,5
image_6.png,5,False,257.82893038019114,309.02712002350495,20,#FF0000,Quadrant 3,2,1,59,,#FF0000,0,47.4491626422831,5
image_6.png,5,False,21.873166539189416,111.30891814683993,20,#FF0000,Quadrant 1,1,1,59,,#FF0000,0,211.98705193815923,5
image_6.png,5,False,301.0418237110446,53.95943796531462,20,#FF0000,Quadrant 1,1,1,59,,#FF0000,0,45.6330757366009,5
image_6.png,5,False,319.8616226319502,147.85073210301954,20,#FF0000,Quadrant 1,1,1,59,,#FF0000,0,22.880893732969042,5
image_6.png,5,False,322.4317343171303,94.74580792611174,20,#FF0000,Quadrant 1,1,1,59,,#FF0000,0,213.71976643248976,5
image_6.png,5,False,512.0704250458135,354.5081380286722,20,#FF0000,Quadrant 4,2,2,59,,#FF0000,0,221.43846106239715,5
image_6.png,5,False,218.82329670035313,254.18277862967474,20,#FF0000,Quadrant 3,2,1,59,,#FF0000,0,237.20510652454522,5
image_6.png,5,False,699.0262742565462,331.27884931721775,20,#FF0000,Quadrant 4,2,2,59,,#FF0000,0,11.21423022372381,5
image_6.png,5,False,85.38570064898752,280.2876970311024,20,#FF0000,Quadrant 3,2,1,59,,#FF0000,0,153.45850294079702,5
image_6.png,5,False,630.5948011701155,132.75826786411125,20,#FF0000,Quadrant 2,1,2,59,,#FF0000,0,159.6824385706831,5
image_6.png,5,False,97.94600434218363,246.99201283829657,20,#FF0000,Quadrant 3,2,1,59,,#FF0000,0,53.40017723773124,5
image_6.png,5,False,501.6732767377255,154.98186275340086,20,#FF0000,Quadrant 2,1,2,59,,#FF0000,0,210.73128787732358,5
image_6.png,5,False,214.1845469594741,202.09830615558718,20,#FF0000,Quadrant 3,2,1,59,,#FF0000,0,215.0610678717528,5
image_6.png,5,False,557.4432081470342,54.248519378570094,20,#FF0000,Quadrant 2,1,2,59,,#FF0000,0,154.8717572965044,5
image_6.png,5,False,615.7395808012435,219.40471633134396,20,#FF0000,Quadrant 4,2,2,59,,#FF0000,0,235.69666470833118,5
image_6.png,5,False,307.3181898081402,346.69840631165033,20,#FF0000,Quadrant 3,2,1,59,,#FF0000,0,311.5772336528324,5
image_6.png,5,False,581.0918458734508,161.72000964912834,20,#FF0000,Quadrant 2,1,2,59,,#FF0000,0,148.97288562368882,5
image_6.png,5,False,226.34581314802463,129.13390989162605,20,#FF0000,Quadrant 1,1,1,59,,#FF0000,0,262.66050274842155,5
image_6.png,5,False,668.0252446395771,270.6183514065172,20,#FF0000,Quadrant 4,2,2,59,,#FF0000,0,91.76032673380051,5
image_6.png,5,False,73.85387918420751,43.267727071352134,20,#FF0000,Quadrant 1,1,1,59,,#FF0000,0,170.73643881207698,5
image_6.png,5,False,524.0217997732046,151.86051284409155,20,#FF0000,Quadrant 2,1,2,59,,#FF0000,0,155.4755466786265,5
image_6.png,5,False,52.32689382191328,372.60410781413066,20,#FF0000,Quadrant 3,2,1,59,,#FF0000,0,46.84156328658361,5
image_6.png,5,False,472.6391394005518,166.2856632445758,20,#FF0000,Quadrant 2,1,2,59,,#FF0000,0,202.2060173651021,5
image_6.png,5,False,659.4384796391863,170.87013147874794,20,#FF0000,Quadrant 2,1,2,59,,#FF0000,0,314.49865400435465,5
image_6.png,5,False,82.38078992207241,202.80194275390554,20,#FF0000,Quadrant 3,2,1,59,,#FF0000,0,112.48160367155542,5
image_6.png,5,False,343.22849398482373,331.2698925950121,20,#FF0000,Quadrant 3,2,1,59,,#FF0000,0,55.702863308974116,5
image_6.png,5,False,394.2669130358812,54.42664851445649,20,#FF0000,Quadrant 2,1,2,59,,#FF0000,0,126.04103791962882,5
image_6.png,5,False,166.82361599188687,173.2044913133133,20,#FF0000,Quadrant 1,1,1,59,,#FF0000,0,100.2845564981997,5
image_6.png,5,False,539.7610144458421,246.01159846731048,20,#FF0000,Quadrant 4,2,2,59,,#FF0000,0,201.9476526292918,5
image_6.png,5,False,488.801648432549,21.944302441159422,20,#FF0000,Quadrant 2,1,2,59,,#FF0000,0,236.8192420795998,5
image_6.png,5,False,536.3001578889075,359.3411829505393,20,#FF0000,Quadrant 4,2,2,59,,#FF0000,0,98.37733993658092,5
image_6.png,5,False,135.9884296084598,65.149063349287,20,#FF0000,Quadrant 1,1,1,59,,#FF0000,0,126.36843146531345,5
image_6.png,5,False,58.94435524010381,291.08630434676274,20,#FF0000,Quadrant 3,2,1,59,,#FF0000,0,236.64406854124638,5
image_6.png,5,False,323.56194977370893,70.50070626944353,20,#FF0000,Quadrant 1,1,1,59,,#FF0000,0,135.4299860532559,5
image_6.png,5,False,234.49981264203586,366.85200626068087,20,#FF0000,Quadrant 3,2,1,59,,#FF0000,0,112.18945309351791,5
image_6.png,5,False,619.6227651331386,69.80920348689659,20,#FF0000,Quadrant 2,1,2,59,,#FF0000,0,214.64055799383323,5
image_6.png,5,False,45.286357286307485,41.83781740706318,20,#FF0000,Quadrant 1,1,1,59,,#FF0000,0,271.5969164849948,5
image_6.png,5,False,303.1461786748537,240.47473081270383,20,#FF0000,Quadrant 3,2,1,59,,#FF0000,0,159.52067075891736,5
image_6.png,5,False,159.52701711770757,204.6669035928176,20,#FF0000,Quadrant 3,2,1,59,,#FF0000,0,149.10614563778088,5
image_6.png,5,False,374.0575998250718,127.58253011977493,20,#FF0000,Quadrant 2,1,2,59,,#FF0000,0,213.52833014121495,5
image_6.png,5,False,689.2830585832513,31.707580319834612,20,#FF0000,Quadrant 2,1,2,59,,#FF0000,0,79.38663678090886,5
image_6.png,5,False,662.3282960991577,301.0581213226523,20,#FF0000,Quadrant 4,2,2,59,,#FF0000,0,73.59232476734344,5
image_6.png,5,False,210.4290734088145,56.35408192069757,20,#FF0000,Quadrant 1,1,1,59,,#FF0000,0,275.09792247404914,5
image_6.png,5,False,255.02118106678137,161.09290386547838,20,#FF0000,Quadrant 1,1,1,59,,#FF0000,0,240.49734182828712,5
image_6.png,5,False,311.5553013079831,184.78710663467197,20,#FF0000,Quadrant 1,1,1,59,,#FF0000,0,267.1348778548003,5
image_6.png,5,False,226.6987745366846,173.26946022171586,20,#FF0000,Quadrant 1,1,1,59,,#FF0000,0,28.030540275272738,5
image_6.png,5,False,452.05760997378184,120.43674771141659,20,#FF0000,Quadrant 2,1,2,59,,#FF0000,0,145.59223842188436,5
image_6.png,5,False,676.711587121824,75.96806225851007,20,#FF0000,Quadrant 2,1,2,59,,#FF0000,0,145.81163054338361,5
image_6.png,5,False,328.0067654048342,271.6725955283118,20,#FF0000,Quadrant 3,2,1,59,,#FF0000,0,341.1411513576291,5
image_6.png,5,False,524.8595254341113,94.75423826202702,20,#FF0000,Quadrant 2,1,2,59,,#FF0000,0,313.3887898303482,5
image_6.png,5,False,63.62539107891157,250.3589241139745,20,#FF0000,Quadrant 3,2,1,59,,#FF0000,0,280.4824326971752,5
image_6.png,5,False,144.59965361789435,304.41427068459876,20,#FF0000,Quadrant 3,2,1,59,,#FF0000,0,191.01773547815338,5
image_7.png,2,True,575.255586450623,319.08398817350536,20,#FF0000,Quadrant 4,2,2,45,140,#FF0000,0,261.85647804260554,5
image_7.png,5,False,111.90006639333143,85.56874146746567,20,#FF0000,Quadrant 1,1,1,45,,#FF0000,0,85.05678562082075,5
image_7.png,5,False,534.7883386318086,258.7824059760834,20,#FF0000,Quadrant 4,2,2,45,,#FF0000,0,216.8636346983397,5
image_7.png,5,False,543.492333491569,197.7762354565729,20,#FF0000,Quadrant 2,1,2,45,,#FF0000,0,63.77260642100249,5
image_7.png,5,False,399.9348387645287,251.1427646049043,20,#FF0000,Quadrant 4,2,2,45,,#FF0000,0,332.69553301883735,5
image_7.png,5,False,606.4660967588458,248.08817980811375,20,#FF0000,Quadrant 4,2,2,45,,#FF0000,0,224.82784059908212,5
image_7.png,5,False,58.049232103575946,178.15464813011567,20,#FF0000,Quadrant 1,1,1,45,,#FF0000,0,54.34466450150768,5
image_7.png,5,False,200.25015689796368,32.2330614405435,20,#FF0000,Quadrant 1,1,1,45,,#FF0000,0,109.01535665004465,5
image_7.png,5,False,224.87100906774822,181.82344047885786,20,#FF0000,Quadrant 1,1,1,45,,#FF0000,0,182.64127870432014,5
image_7.png,5,False,584.0389792158907,40.00431844356599,20,#FF0000,Quadrant 2,1,2,45,,#FF0000,0,20.480418300222855,5
image_7.png,5,False,329.8083330008906,220.5315883658789,20,#FF0000,Quadrant 3,2,1,45,,#FF0000,0,182.54441424022383,5
image_7.png,5,False,628.259091468637,180.99933998004258,20,#FF0000,Quadrant 2,1,2,45,,#FF0000,0,285.0544070155291,5
image_7.png,5,False,460.1160062528922,132.53711636880192,20,#FF0000,Quadrant 2,1,2,45,,#FF0000,0,291.5337303712696,5
image_7.png,5,False,114.94328184329494,34.38825863821607,20,#FF0000,Quadrant 1,1,1,45,,#FF0000,0,171.22645005950503,5
image_7.png,5,False,630.498388595528,140.81947926686516,20,#FF0000,Quadrant 2,1,2,45,,#FF0000,0,37.26067581734098,5
image_7.png,5,False,358.63426203415963,76.22726852294595,20,#FF0000,Quadrant 2,1,2,45,,#FF0000,0,257.1535977002866,5
image_7.png,5,False,312.6154509990615,177.101437286272,20,#FF0000,Quadrant 1,1,1,45,,#FF0000,0,89.18774049538231,5
image_7.png,5,False,120.37613729928201,151.93804923430164,20,#FF0000,Quadrant 1,1,1,45,,#FF0000,0,188.1892926955964,5
image_7.png,5,False,292.6421147034037,138.90278150605658,20,#FF0000,Quadrant 1,1,1,45,,#FF0000,0,101.84168830119044,5
image_7.png,5,False,76.11459783789999,267.42739234955064,20,#FF0000,Quadrant 3,2,1,45,,#FF0000,0,23.728267540698287,5
image_7.png,5,False,509.65248829669616,259.18122466316066,20,#FF0000,Quadrant 4,2,2,45,,#FF0000,0,102.29291059612093,5
image_7.png,5,False,492.252694377386,159.1601180787662,20,#FF0000,Quadrant 2,1,2,45,,#FF0000,0,348.3707427693881,5
image_7.png,5,False,657.2835155008092,128.02195344323323,20,#FF0000,Quadrant 2,1,2,45,,#FF0000,0,214.21484213456694,5
image_7.png,5,False,582.152732324286,290.2568260649445,20,#FF0000,Quadrant 4,2,2,45,,#FF0000,0,241.2419039981001,5
image_7.png,5,False,373.6850110768459,255.1973822372584,20,#FF0000,Quadrant 4,2,2,45,,#FF0000,0,246.74919849992745,5
image_7.png,5,False,260.2995583829346,148.06191887521277,20,#FF0000,Quadrant 1,1,1,45,,#FF0000,0,152.42629187595733,5
image_7.png,5,False,158.57874357293235,369.2186051279831,20,#FF0000,Quadrant 3,2,1,45,,#FF0000,0,64.89465223566407,5
image_7.png,5,False,167.0881590618483,62.99970350093597,20,#FF0000,Quadrant 1,1,1,45,,#FF0000,0,175.05753151418182,5
image_7.png,5,False,586.397560551209,345.0318585561883,20,#FF0000,Quadrant 4,2,2,45,,#FF0000,0,277.5148993307164,5
image_7.png,5,False,243.03065228339,300.6642744810573,20,#FF0000,Quadrant 3,2,1,45,,#FF0000,0,13.589097248722052,5
image_7.png,5,False,270.5599909967195,72.32944616943429,20,#FF0000,Quadrant 1,1,1,45,,#FF0000,0,47.177654914622885,5
image_7.png,5,False,542.286393660651,316.8185260236558,20,#FF0000,Quadrant 4,2,2,45,,#FF0000,0,299.28422040808516,5
image_7.png,5,False,174.65830879693135,178.9071123063942,20,#FF0000,Quadrant 1,1,1,45,,#FF0000,0,243.49065198787184,5
image_7.png,5,False,586.3931275880124,150.04388220906242,20,#FF0000,Quadrant 2,1,2,45,,#FF0000,0,168.84561781161096,5
image_7.png,5,False,689.2790177432568,185.5150318506939,20,#FF0000,Quadrant 2,1,2,45,,#FF0000,0,340.9668612878843,5
image_7.png,5,False,274.1101071573995,210.37980003844044,20,#FF0000,Quadrant 3,2,1,45,,#FF0000,0,101.43782377335916,5
image_7.png,5,False,183.25221278482587,253.36567568528102,20,#FF0000,Quadrant 3,2,1,45,,#FF0000,0,49.82347245723523,5
image_7.png,5,False,393.0785735974331,49.778918600898734,20,#FF0000,Quadrant 2,1,2,45,,#FF0000,0,314.6821002188053,5
image_7.png,5,False,597.4534071304126,118.75381931442615,20,#FF0000,Quadrant 2,1,2,45,,#FF0000,0,304.5212196240378,5
image_7.png,5,False,198.9532054184447,353.20574699377516,20,#FF0000,Quadrant 3,2,1,45,,#FF0000,0,274.72205890500874,5
image_7.png,5,False,312.4185939743418,368.74421341844555,20,#FF0000,Quadrant 3,2,1,45,,#FF0000,0,53.04551615697755,5
image_7.png,5,False,321.82718526206844,143.14315953640929,20,#FF0000,Quadrant 1,1,1,45,,#FF0000,0,79.93368248651302,5
image_7.png,5,False,47.6939952608703,200.75868935404299,20,#FF0000,Quadrant 3,2,1,45,,#FF0000,0,9.601268689057871,5
image_7.png,5,False,696.2279670031827,152.71699055191615,20,#FF0000,Quadrant 2,1,2,45,,#FF0000,0,84.88010659083575,5
image_7.png,5,False,652.3390483727177,328.20863671718695,20,#FF0000,Quadrant 4,2,2,45,,#FF0000,0,10.147516390134022,5
image_7.png,5,False,556.2612592252193,63.01264416037949,20,#FF0000,Quadrant 2,1,2,45,,#FF0000,0,233.9858463459054,5
image_8.png,2,True,336.5214488699555,325.15976368236267,20,#FF0000,Quadrant 3,2,1,37,140,#FF0000,0,330.2626217805905,5
image_8.png,5,False,334.21687761013516,243.60164120782127,20,#FF0000,Quadrant 3,2,1,37,,#FF0000,0,273.1828157156186,5
image_8.png,5,False,24.093676703658595,92.51749340903797,20,#FF0000,Quadrant 1,1,1,37,,#FF0000,0,326.1086960771775,5
image_8.png,5,False,658.815679096168,241.1566774658682,20,#FF0000,Quadrant 4,2,2,37,,#FF0000,0,53.82706282712166,5
image_8.png,5,False,545.7829438857882,100.82800567027292,20,#FF0000,Quadrant 2,1,2,37,,#FF0000,0,152.37171322127628,5
image_8.png,5,False,175.28481788381782,252.5237547613223,20,#FF0000,Quadrant 3,2,1,37,,#FF0000,0,43.86540425710231,5
image_8.png,5,False,54.27412704662297,327.26795838881674,20,#FF0000,Quadrant 3,2,1,37,,#FF0000,0,224.21180460274888,5
image_8.png,5,False,380.3410573923882,249.87896808096784,20,#FF0000,Quadrant 4,2,2,37,,#FF0000,0,179.93852000553946,5
image_8.png,5,False,506.077041848931,121.10081137904747,20,#FF0000,Quadrant 2,1,2,37,,#FF0000,0,207.01708471102808,5
image_8.png,5,False,254.0902513023373,226.7108846564781,20,#FF0000,Quadrant 3,2,1,37,,#FF0000,0,0.5631609360236389,5
image_8.png,5,False,471.4000681116284,208.8771628023639,20,#FF0000,Quadrant 4,2,2,37,,#FF0000,0,67.4330082474177,5
image_8.png,5,False,667.8951341320198,216.66298085279664,20,#FF0000,Quadrant 4,2,2,37,,#FF0000,0,129.81735277447518,5
image_8.png,5,False,360.751963703414,18.68636777692667,20,#FF0000,Quadrant 2,1,2,37,,#FF0000,0,283.1084409043143,5
image_8.png,5,False,40.9952189399091,157.24113953734116,20,#FF0000,Quadrant 1,1,1,37,,#FF0000,0,314.3993178699063,5
image_8.png,5,False,525.9011315866626,145.98148532256903,20,#FF0000,Quadrant 2,1,2,37,,#FF0000,0,134.38885935629972,5
image_8.png,5,False,411.9313885535585,297.0246341950598,20,#FF0000,Quadrant 4,2,2,37,,#FF0000,0,37.31899229988821,5
image_8.png,5,False,253.73404277267656,138.9708635919269,20,#FF0000,Quadrant 1,1,1,37,,#FF0000,0,48.027452349371046,5
image_8.png,5,False,583.1343395101222,269.81001010259575,20,#FF0000,Quadrant 4,2,2,37,,#FF0000,0,231.40642183297933,5
image_8.png,5,False,340.70797724474966,79.9010834004441,20,#FF0000,Quadrant 1,1,1,37,,#FF0000,0,353.09490688398574,5
image_8.png,5,False,504.3550446837781,367.68274696918485,20,#FF0000,Quadrant 4,2,2,37,,#FF0000,0,48.546929230661625,5
image_8.png,5,False,149.8961940644869,310.0392826005786,20,#FF0000,Quadrant 3,2,1,37,,#FF0000,0,13.314164471919256,5
image_8.png,5,False,228.44552001426072,128.2086837501451,20,#FF0000,Quadrant 1,1,1,37,,#FF0000,0,318.8845388225178,5
image_8.png,5,False,572.8147895719718,189.9451121818468,20,#FF0000,Quadrant 2,1,2,37,,#FF0000,0,143.36066004696613,5
image_8.png,5,False,456.71444367371697,119.14991851848539,20,#FF0000,Quadrant 2,1,2,37,,#FF0000,0,13.183477753287004,5
image_8.png,5,False,43.93697959583256,258.86645693680293,20,#FF0000,Quadrant 3,2,1,37,,#FF0000,0,310.3698709689301,5
image_8.png,5,False,313.9785406247171,372.5489553373435,20,#FF0000,Quadrant 3,2,1,37,,#FF0000,0,144.00783887200632,5
image_8.png,5,False,139.7170629194678,272.60188964056846,20,#FF0000,Quadrant 3,2,1,37,,#FF0000,0,122.05318622693783,5
image_8.png,5,False,303.48026664838716,173.76950345730293,20,#FF0000,Quadrant 1,1,1,37,,#FF0000,0,29.740142388263887,5
image_8.png,5,False,135.33451881134403,122.04370638294458,20,#FF0000,Quadrant 1,1,1,37,,#FF0000,0,358.23533934386717,5
image_8.png,5,False,505.4697458937315,73.99172384091537,20,#FF0000,Quadrant 2,1,2,37,,#FF0000,0,160.52967471587496,5
image_8.png,5,False,319.07233551280723,285.73584157879685,20,#FF0000,Quadrant 3,2,1,37,,#FF0000,0,159.80701719639384,5
image_8.png,5,False,434.6326712349486,175.40751054720525,20,#FF0000,Quadrant 2,1,2,37,,#FF0000,0,328.178603104661,5
image_8.png,5,False,556.3282240637102,32.681348311644484,20,#FF0000,Quadrant 2,1,2,37,,#FF0000,0,230.20895177729292,5
image_8.png,5,False,290.87884950877253,204.9465153576007,20,#FF0000,Quadrant 3,2,1,37,,#FF0000,0,241.62620000172043,5
image_8.png,5,False,121.230854619085,22.771154016037535,20,#FF0000,Quadrant 1,1,1,37,,#FF0000,0,269.96327433428036,5
image_8.png,5,False,478.2032328048642,176.62932782734936,20,#FF0000,Quadrant 2,1,2,37,,#FF0000,0,305.52095158939244,5
image_8.png,5,False,665.1828400852647,23.241652464314118,20,#FF0000,Quadrant 2,1,2,37,,#FF0000,0,130.37420971563145,5
image_8.png,5,False,320.99664984449305,151.2245838539381,20,#FF0000,Quadrant 1,1,1,37,,#FF0000,0,55.23773882137492,5
image_9.png,2,True,406.4321052720541,211.1358352207175,20,#FF0000,Quadrant 4,2,2,57,140,#FF0000,0,274.7104098474886,5
image_9.png,5,False,458.54734759045573,105.35320486930442,20,#FF0000,Quadrant 2,1,2,57,,#FF0000,0,143.29225654288197,5
image_9.png,5,False,517.8799781813257,199.63861697694446,20,#FF0000,Quadrant 2,1,2,57,,#FF0000,0,40.841500530606496,5
image_9.png,5,False,397.99249771339686,109.95158375007342,20,#FF0000,Quadrant 2,1,2,57,,#FF0000,0,139.31545681413485,5
image_9.png,5,False,318.48217444746956,387.6260123944996,20,#FF0000,Quadrant 3,2,1,57,,#FF0000,0,93.70431761036521,5
image_9.png,5,False,642.4539686743562,196.6736738060967,20,#FF0000,Quadrant 2,1,2,57,,#FF0000,0,102.80767597133688,5
image_9.png,5,False,598.5973140747983,181.8721350227602,20,#FF0000,Quadrant 2,1,2,57,,#FF0000,0,44.14947188542951,5
image_9.png,5,False,317.6816117995515,44.18490013758834,20,#FF0000,Quadrant 1,1,1,57,,#FF0000,0,323.52445108304295,5
image_9.png,5,False,593.564119873568,131.8041778537887,20,#FF0000,Quadrant 2,1,2,57,,#FF0000,0,245.4945336902294,5
image_9.png,5,False,55.743024959773024,215.94077454326256,20,#FF0000,Quadrant 3,2,1,57,,#FF0000,0,125.07310610588323,5
image_9.png,5,False,597.5884529689038,280.0638413147264,20,#FF0000,Quadrant 4,2,2,57,,#FF0000,0,320.8794056474,5
image_9.png,5,False,450.3753155466072,311.01723309341105,20,#FF0000,Quadrant 4,2,2,57,,#FF0000,0,333.836804420344,5
image_9.png,5,False,94.61873154905679,86.97058030516521,20,#FF0000,Quadrant 1,1,1,57,,#FF0000,0,183.1520682627483,5
image_9.png,5,False,555.5670388965392,20.935362133524432,20,#FF0000,Quadrant 2,1,2,57,,#FF0000,0,49.995673933811666,5
image_9.png,5,False,265.1797930303411,314.78413253708567,20,#FF0000,Quadrant 3,2,1,57,,#FF0000,0,199.44771741345423,5
image_9.png,5,False,432.6324218455389,43.58945206443057,20,#FF0000,Quadrant 2,1,2,57,,#FF0000,0,198.5928962135139,5
image_9.png,5,False,699.7209852707925,282.732731438692,20,#FF0000,Quadrant 4,2,2,57,,#FF0000,0,111.34465831024637,5
image_9.png,5,False,540.9543752081669,322.22229301417167,20,#FF0000,Quadrant 4,2,2,57,,#FF0000,0,189.25043573890804,5
image_9.png,5,False,680.9696350129847,253.80398678805216,20,#FF0000,Quadrant 4,2,2,57,,#FF0000,0,26.550256648046048,5
image_9.png,5,False,479.5950945575613,141.2265871056205,20,#FF0000,Quadrant 2,1,2,57,,#FF0000,0,161.9908184386786,5
image_9.png,5,False,548.6011579695945,252.84210530059863,20,#FF0000,Quadrant 4,2,2,57,,#FF0000,0,316.0656545941482,5
image_9.png,5,False,676.7563190005995,174.5297122901865,20,#FF0000,Quadrant 2,1,2,57,,#FF0000,0,65.50672915876945,5
image_9.png,5,False,49.1794536622484,57.932903601546606,20,#FF0000,Quadrant 1,1,1,57,,#FF0000,0,327.8564175408794,5
image_9.png,5,False,124.44872804429552,132.96576393642204,20,#FF0000,Quadrant 1,1,1,57,,#FF0000,0,55.085568051672226,5
image_9.png,5,False,249.40990373355055,366.66173276412013,20,#FF0000,Quadrant 3,2,1,57,,#FF0000,0,255.35956771052852,5
image_9.png,5,False,593.8483235413914,105.72880679519565,20,#FF0000,Quadrant 2,1,2,57,,#FF0000,0,322.1733300556048,5
image_9.png,5,False,390.52973526788327,58.31437155796922,20,#FF0000,Quadrant 2,1,2,57,,#FF0000,0,228.62055289958852,5
image_9.png,5,False,378.5663625104142,200.9726487121973,20,#FF0000,Quadrant 4,2,2,57,,#FF0000,0,109.01685819919538,5
image_9.png,5,False,659.7672146414626,69.28543288047487,20,#FF0000,Quadrant 2,1,2,57,,#FF0000,0,60.708924629174454,5
image_9.png,5,False,507.5159774532811,239.74250717178134,20,#FF0000,Quadrant 4,2,2,57,,#FF0000,0,237.14383441815156,5
image_9.png,5,False,399.3328257231628,322.9393090494669,20,#FF0000,Quadrant 4,2,2,57,,#FF0000,0,303.31080148082003,5
image_9.png,5,False,42.32318246773462,253.46951138560812,20,#FF0000,Quadrant 3,2,1,57,,#FF0000,0,10.21445564359594,5
image_9.png,5,False,451.26493143191175,199.25838673145188,20,#FF0000,Quadrant 2,1,2,57,,#FF0000,0,149.97124211876863,5
image_9.png,5,False,210.5837715363064,372.6137642427651,20,#FF0000,Quadrant 3,2,1,57,,#FF0000,0,225.77904370731036,5
image_9.png,5,False,61.27841457318325,33.64712644930488,20,#FF0000,Quadrant 1,1,1,57,,#FF0000,0,107.07619371470723,5
image_9.png,5,False,344.6490286439705,88.12069912696471,20,#FF0000,Quadrant 1,1,1,57,,#FF0000,0,158.25797997134796,5
image_9.png,5,False,226.36934198113687,282.54117057250136,20,#FF0000,Quadrant 3,2,1,57,,#FF0000,0,218.3976946154291,5
image_9.png,5,False,604.0756050047302,379.6914203518247,20,#FF0000,Quadrant 4,2,2,57,,#FF0000,0,264.31191172963685,5
image_9.png,5,False,266.3021964566507,223.30415955288356,20,#FF0000,Quadrant 3,2,1,57,,#FF0000,0,47.07581455885913,5
image_9.png,5,False,332.3995986909985,112.10429294368095,20,#FF0000,Quadrant 1,1,1,57,,#FF0000,0,114.88171910513661,5
image_9.png,5,False,77.70322861423372,120.70013787862277,20,#FF0000,Quadrant 1,1,1,57,,#FF0000,0,89.25079770919642,5
image_9.png,5,False,434.9950590289744,104.84616598408853,20,#FF0000,Quadrant 2,1,2,57,,#FF0000,0,138.29394006057817,5
image_9.png,5,False,26.96846947106586,368.2979999381717,20,#FF0000,Quadrant 3,2,1,57,,#FF0000,0,111.07457353959455,5
image_9.png,5,False,677.0470884506556,92.32459171491914,20,#FF0000,Quadrant 2,1,2,57,,#FF0000,0,181.96000668855777,5
image_9.png,5,False,512.253055654621,299.7378568532321,20,#FF0000,Quadrant 4,2,2,57,,#FF0000,0,317.6840631306934,5
image_9.png,5,False,537.6744350332881,116.7344161418652,20,#FF0000,Quadrant 2,1,2,57,,#FF0000,0,181.53199048435368,5
image_9.png,5,False,479.79466304189503,55.910565455516846,20,#FF0000,Quadrant 2,1,2,57,,#FF0000,0,356.0726522234601,5
image_9.png,5,False,657.9355626322537,296.3768351266761,20,#FF0000,Quadrant 4,2,2,57,,#FF0000,0,122.07070798292351,5
image_9.png,5,False,325.86511734590016,240.16647746863796,20,#FF0000,Quadrant 3,2,1,57,,#FF0000,0,170.5478941422684,5
image_9.png,5,False,236.9684690215666,242.7397497624483,20,#FF0000,Quadrant 3,2,1,57,,#FF0000,0,185.58206357301142,5
image_9.png,5,False,242.76130853250638,324.0933878918881,20,#FF0000,Quadrant 3,2,1,57,,#FF0000,0,107.72436331019458,5
image_9.png,5,False,264.7985309975153,265.6988163548002,20,#FF0000,Quadrant 3,2,1,57,,#FF0000,0,293.6695799677767,5
image_9.png,5,False,485.0620756787097,21.072624576328945,20,#FF0000,Quadrant 2,1,2,57,,#FF0000,0,261.1167165186679,5
image_9.png,5,False,408.99009875042196,283.68924244800394,20,#FF0000,Quadrant 4,2,2,57,,#FF0000,0,279.41832906194594,5
image_9.png,5,False,128.4828105434483,248.77154115294746,20,#FF0000,Quadrant 3,2,1,57,,#FF0000,0,210.0683797371504,5
image_9.png,5,False,590.5641490962441,66.85921773752543,20,#FF0000,Quadrant 2,1,2,57,,#FF0000,0,223.1048899803922,5
image_9.png,5,False,24.047846212056058,129.57575874253325,20,#FF0000,Quadrant 1,1,1,57,,#FF0000,0,39.56238768013086,5
image_9.png,5,False,486.75467977286405,166.1226607239825,20,#FF0000,Quadrant 2,1,2,57,,#FF0000,0,54.51525292296436,5
image_10.png,2,True,612.3714014405887,289.1464885395616,20,#FF0000,Quadrant 4,2,2,79,140,#FF0000,0,331.38754196299584,6
image_10.png,5,False,106.13883270600984,89.3751644791305,20,#FF0000,Quadrant 1,1,1,79,,#FF0000,0,22.421262965195503,6
image_10.png,5,False,467.2742650031865,209.63036322921337,20,#FF0000,Quadrant 4,2,2,79,,#FF0000,0,117.01783239337972,6
image_10.png,5,False,130.3226900376988,355.7829328292759,20,#FF0000,Quadrant 3,2,1,79,,#FF0000,0,112.95093554561417,6
image_10.png,5,False,255.10373517627602,302.81213840822403,20,#FF0000,Quadrant 3,2,1,79,,#FF0000,0,123.23772636546461,6
image_10.png,5,False,454.239969899629,273.0724311912723,20,#FF0000,Quadrant 4,2,2,79,,#FF0000,0,259.53284207782536,6
image_10.png,5,False,143.47001253519554,104.18423322934223,20,#FF0000,Quadrant 1,1,1,79,,#FF0000,0,219.62756882835055,6
image_10.png,5,False,165.9333891770507,378.7602172292351,20,#FF0000,Quadrant 3,2,1,79,,#FF0000,0,200.9111942906655,6
image_10.png,5,False,210.12385067102866,89.35100645505402,20,#FF0000,Quadrant 1,1,1,79,,#FF0000,0,107.14124349968684,6
image_10.png,5,False,229.4410733177107,142.8475998480939,20,#FF0000,Quadrant 1,1,1,79,,#FF0000,0,253.79577350647082,6
image_10.png,5,False,559.0342902856078,114.36694889354992,20,#FF0000,Quadrant 2,1,2,79,,#FF0000,0,336.1321349174882,6
image_10.png,5,False,477.192727344174,154.5244020715166,20,#FF0000,Quadrant 2,1,2,79,,#FF0000,0,43.874678063777424,6
image_10.png,5,False,574.8620700299574,371.84215036197236,20,#FF0000,Quadrant 4,2,2,79,,#FF0000,0,352.8577934356904,6
image_10.png,5,False,211.1218772231326,119.72426913014489,20,#FF0000,Quadrant 1,1,1,79,,#FF0000,0,289.6617002243653,6
image_10.png,5,False,249.64446121187976,178.21817028490779,20,#FF0000,Quadrant 1,1,1,79,,#FF0000,0,257.0908634994223,6
image_10.png,5,False,341.0856122183569,87.38170672182547,20,#FF0000,Quadrant 1,1,1,79,,#FF0000,0,92.31983117045355,6
image_10.png,5,False,653.853490376699,274.15275164449895,20,#FF0000,Quadrant 4,2,2,79,,#FF0000,0,193.88805253511498,6
image_10.png,5,False,435.2014767115852,232.82192845976812,20,#FF0000,Quadrant 4,2,2,79,,#FF0000,0,49.418263728332256,6
image_10.png,5,False,47.16637261238986,167.22791636624177,20,#FF0000,Quadrant 1,1,1,79,,#FF0000,0,229.66004642710956,6
image_10.png,5,False,80.2754393915927,302.34956996114954,20,#FF0000,Quadrant 3,2,1,79,,#FF0000,0,258.24890025008773,6
image_10.png,5,False,390.1929178221559,362.19967910425163,20,#FF0000,Quadrant 4,2,2,79,,#FF0000,0,1.865320706566811,6
image_10.png,5,False,655.2371159327485,343.03505693237827,20,#FF0000,Quadrant 4,2,2,79,,#FF0000,0,146.48668255687804,6
image_10.png,5,False,456.02366542639595,354.2001704020653,20,#FF0000,Quadrant 4,2,2,79,,#FF0000,0,115.6203727629,6
image_10.png,5,False,406.5778803378322,213.28756066578256,20,#FF0000,Quadrant 4,2,2,79,,#FF0000,0,32.205859384145874,6
image_10.png,5,False,618.86678651057,77.44813144969005,20,#FF0000,Quadrant 2,1,2,79,,#FF0000,0,63.02331917314672,6
image_10.png,5,False,698.0513723279834,161.06394907719726,20,#FF0000,Quadrant 2,1,2,79,,#FF0000,0,331.06853226633626,6
image_10.png,5,False,656.3234251518786,374.68566167150345,20,#FF0000,Quadrant 4,2,2,79,,#FF0000,0,178.3382030358328,6
image_10.png,5,False,615.0760426954492,14.502989685477718,20,#FF0000,Quadrant 2,1,2,79,,#FF0000,0,333.3742912427195,6
image_10.png,5,False,84.93017594296768,382.5716898042404,20,#FF0000,Quadrant 3,2,1,79,,#FF0000,0,204.46627271921835,6
image_10.png,5,False,692.4895348911303,216.36758278453652,20,#FF0000,Quadrant 4,2,2,79,,#FF0000,0,102.44219484601666,6
image_10.png,5,False,143.84705341065492,53.580475665618394,20,#FF0000,Quadrant 1,1,1,79,,#FF0000,0,168.48747684226444,6
image_10.png,5,False,518.5297299941651,309.91017715274666,20,#FF0000,Quadrant 4,2,2,79,,#FF0000,0,67.03166488610438,6
image_10.png,5,False,532.7678149274597,77.33707743093966,20,#FF0000,Quadrant 2,1,2,79,,#FF0000,0,204.40124007153815,6
image_10.png,5,False,629.0624628691588,323.60215395444504,20,#FF0000,Quadrant 4,2,2,79,,#FF0000,0,308.2127415384448,6
image_10.png,5,False,70.76232342551722,263.9787125889627,20,#FF0000,Quadrant 3,2,1,79,,#FF0000,0,185.50103722552652,6
image_10.png,5,False,107.88158231203163,133.3214312921613,20,#FF0000,Quadrant 1,1,1,79,,#FF0000,0,66.5212323770424,6
image_10.png,5,False,668.3299928092348,125.13552740343036,20,#FF0000,Quadrant 2,1,2,79,,#FF0000,0,271.3523946413245,6
image_10.png,5,False,18.879220859781746,258.0923127525351,20,#FF0000,Quadrant 3,2,1,79,,#FF0000,0,260.2377102243591,6
image_10.png,5,False,53.803664610569385,55.688992469901635,20,#FF0000,Quadrant 1,1,1,79,,#FF0000,0,249.39669255218598,6
image_10.png,5,False,290.3320463352257,200.95273812811126,20,#FF0000,Quadrant 3,2,1,79,,#FF0000,0,110.45028312130312,6
image_10.png,5,False,495.75079718545436,128.5496644894016,20,#FF0000,Quadrant 2,1,2,79,,#FF0000,0,322.2426131338515,6
image_10.png,5,False,642.2138358510878,122.5242128590613,20,#FF0000,Quadrant 2,1,2,79,,#FF0000,0,42.26966850411947,6
image_10.png,5,False,526.1893027969402,239.96932237766822,20,#FF0000,Quadrant 4,2,2,79,,#FF0000,0,55.146803288104515,6
image_10.png,5,False,389.4225765758533,188.97301306037974,20,#FF0000,Quadrant 2,1,2,79,,#FF0000,0,149.70442155524088,6
image_10.png,5,False,468.5610687050284,93.55959336446921,20,#FF0000,Quadrant 2,1,2,79,,#FF0000,0,193.5063675695523,6
image_10.png,5,False,531.0155497604322,341.04505210836317,20,#FF0000,Quadrant 4,2,2,79,,#FF0000,0,89.08755455108799,6
image_10.png,5,False,318.809356495077,277.0235953089198,20,#FF0000,Quadrant 3,2,1,79,,#FF0000,0,29.47331033037895,6
image_10.png,5,False,399.71224964642414,34.34454197642647,20,#FF0000,Quadrant 2,1,2,79,,#FF0000,0,28.116979973078465,6
image_10.png,5,False,359.2805816477985,227.48123285813284,20,#FF0000,Quadrant 4,2,2,79,,#FF0000,0,197.15372953593533,6
image_10.png,5,False,237.07305240438026,207.6891025678495,20,#FF0000,Quadrant 3,2,1,79,,#FF0000,0,53.94685729766915,6
image_10.png,5,False,152.5216235366201,231.42982245070465,20,#FF0000,Quadrant 3,2,1,79,,#FF0000,0,41.84640798647912,6
image_10.png,5,False,362.64861892862297,316.6856074409956,20,#FF0000,Quadrant 4,2,2,79,,#FF0000,0,32.738992002607624,6
image_10.png,5,False,364.627763965931,183.66982381908915,20,#FF0000,Quadrant 2,1,2,79,,#FF0000,0,163.2356280647215,6
image_10.png,5,False,329.5786526541184,316.01400326556035,20,#FF0000,Quadrant 3,2,1,79,,#FF0000,0,20.785241135708915,6
image_10.png,5,False,283.8086611577944,319.61931940272336,20,#FF0000,Quadrant 3,2,1,79,,#FF0000,0,260.38082873700085,6
image_10.png,5,False,54.93057944522533,386.77874366027584,20,#FF0000,Quadrant 3,2,1,79,,#FF0000,0,124.03039196236844,6
image_10.png,5,False,58.5541917044562,363.9671626571038,20,#FF0000,Quadrant 3,2,1,79,,#FF0000,0,336.4498075985807,6
image_10.png,5,False,685.0716333127056,255.1429492407278,20,#FF0000,Quadrant 4,2,2,79,,#FF0000,0,275.69796585253624,6
image_10.png,5,False,635.7626776404305,152.99401177715131,20,#FF0000,Quadrant 2,1,2,79,,#FF0000,0,313.06330271185504,6
image_10.png,5,False,250.61345223887452,78.46303176355421,20,#FF0000,Quadrant 1,1,1,79,,#FF0000,0,235.27227543073272,6
image_10.png,5,False,375.3725097458224,286.13037726251645,20,#FF0000,Quadrant 4,2,2,79,,#FF0000,0,193.41305510328044,6
image_10.png,5,False,13.393100217041459,19.593953727703372,20,#FF0000,Quadrant 1,1,1,79,,#FF0000,0,80.16847774785593,6
image_10.png,5,False,200.92266245084272,365.34111650905527,20,#FF0000,Quadrant 3,2,1,79,,#FF0000,0,124.61750459554563,6
image_10.png,5,False,422.8737938480398,276.842208874943,20,#FF0000,Quadrant 4,2,2,79,,#FF0000,0,12.087459271541086,6
image_10.png,5,False,521.2328030726246,163.0563026065226,20,#FF0000,Quadrant 2,1,2,79,,#FF0000,0,17.523475647749677,6
image_10.png,5,False,160.6984858123343,337.4900317292813,20,#FF0000,Quadrant 3,2,1,79,,#FF0000,0,84.36214025552219,6
image_10.png,5,False,358.18423992030387,120.34158461178133,20,#FF0000,Quadrant 2,1,2,79,,#FF0000,0,20.319852608805938,6
image_10.png,5,False,109.70643913853345,260.5602962004609,20,#FF0000,Quadrant 3,2,1,79,,#FF0000,0,108.63519665191318,6
image_10.png,5,False,218.0451571388621,34.041986826356094,20,#FF0000,Quadrant 1,1,1,79,,#FF0000,0,79.57538656057172,6
image_10.png,5,False,617.1228708741154,355.57635760456577,20,#FF0000,Quadrant 4,2,2,79,,#FF0000,0,341.46729180961967,6
image_10.png,5,False,596.1959023271679,124.67836630456587,20,#FF0000,Quadrant 2,1,2,79,,#FF0000,0,170.46677534839918,6
image_10.png,5,False,178.32951758572457,87.86128509670056,20,#FF0000,Quadrant 1,1,1,79,,#FF0000,0,48.273390381268094,6
image_10.png,5,False,510.2388667796621,83.00205176681908,20,#FF0000,Quadrant 2,1,2,79,,#FF0000,0,33.28703874967091,6
image_10.png,5,False,475.15995331722456,238.9045330058707,20,#FF0000,Quadrant 4,2,2,79,,#FF0000,0,96.64617162779324,6
image_10.png,5,False,140.64450951966842,298.92124582906536,20,#FF0000,Quadrant 3,2,1,79,,#FF0000,0,314.50336505623426,6
image_10.png,5,False,240.41241015416784,372.75346947908247,20,#FF0000,Quadrant 3,2,1,79,,#FF0000,0,313.01058654883366,6
image_10.png,5,False,699.7051128352723,192.03209125741427,20,#FF0000,Quadrant 2,1,2,79,,#FF0000,0,42.233831799600416,6
image_10.png,5,False,427.4326569802802,88.30596804564381,20,#FF0000,Quadrant 2,1,2,79,,#FF0000,0,87.33354546446695,6
image_10.png,5,False,378.68493778980525,146.80011199849562,20,#FF0000,Quadrant 2,1,2,79,,#FF0000,0,137.03822797425212,6
image_10.png,5,False,398.57953722294013,94.64160916353315,20,#FF0000,Quadrant 2,1,2,79,,#FF0000,0,149.01486140830485,6
image_11.png,2,True,392.231667280558,231.76405786660328,20,#FF0000,Quadrant 4,2,2,19,140,#FF0000,0,5.83916436045377,4
image_11.png,5,False,214.3874860928316,85.16049387074318,20,#FF0000,Quadrant 1,1,1,19,,#FF0000,0,259.20429758972006,4
image_11.png,5,False,403.58497425308013,103.88594618988006,20,#FF0000,Quadrant 2,1,2,19,,#FF0000,0,82.8067053611749,4
image_11.png,5,False,661.0470715378174,138.59929936579996,20,#FF0000,Quadrant 2,1,2,19,,#FF0000,0,198.23131170614707,4
image_11.png,5,False,347.6599382677986,284.5049037379064,20,#FF0000,Quadrant 3,2,1,19,,#FF0000,0,274.8098252398751,4
image_11.png,5,False,107.43142619204532,217.5945122583476,20,#FF0000,Quadrant 3,2,1,19,,#FF0000,0,126.78342059951763,4
image_11.png,5,False,623.7721609736404,385.34229845258574,20,#FF0000,Quadrant 4,2,2,19,,#FF0000,0,66.2571982300563,4
image_11.png,5,False,371.9977022134107,328.16789057889287,20,#FF0000,Quadrant 4,2,2,19,,#FF0000,0,344.6052818085517,4
image_11.png,5,False,574.5991825789251,29.338441006243826,20,#FF0000,Quadrant 2,1,2,19,,#FF0000,0,26.758948119489236,4
image_11.png,5,False,105.73166451240556,249.40522291870283,20,#FF0000,Quadrant 3,2,1,19,,#FF0000,0,2.2981767986804025,4
image_11.png,5,False,115.0594264142101,93.67603618776083,20,#FF0000,Quadrant 1,1,1,19,,#FF0000,0,24.468458999552148,4
image_11.png,5,False,52.65013193107001,252.06140768552785,20,#FF0000,Quadrant 3,2,1,19,,#FF0000,0,164.16347722971622,4
image_11.png,5,False,639.8857523123,260.2094812721681,20,#FF0000,Quadrant 4,2,2,19,,#FF0000,0,336.20533959528035,4
image_11.png,5,False,377.6944021737755,166.48595610618344,20,#FF0000,Quadrant 2,1,2,19,,#FF0000,0,5.663436072919104,4
image_11.png,5,False,508.59078520012173,213.50900290524356,20,#FF0000,Quadrant 4,2,2,19,,#FF0000,0,6.021413136946769,4
image_11.png,5,False,658.4615079152126,78.76286590436253,20,#FF0000,Quadrant 2,1,2,19,,#FF0000,0,155.00635512337362,4
image_11.png,5,False,372.3015414445875,102.0862186145061,20,#FF0000,Quadrant 2,1,2,19,,#FF0000,0,330.49758400524405,4
image_11.png,5,False,184.91613726081482,144.97873612529597,20,#FF0000,Quadrant 1,1,1,19,,#FF0000,0,223.12110326829668,4
image_11.png,5,False,65.44425898814598,373.6145661881444,20,#FF0000,Quadrant 3,2,1,19,,#FF0000,0,286.17707955004806,4
image_11.png,5,False,178.5702390988957,274.55532748530834,20,#FF0000,Quadrant 3,2,1,19,,#FF0000,0,165.23918839842665,4
image_12.png,2,True,595.1804332997281,258.1121019933599,20,#FF0000,Quadrant 4,2,2,39,140,#FF0000,0,246.25498516933877,5
image_12.png,5,False,534.3546507718461,46.343191051447356,20,#FF0000,Quadrant 2,1,2,39,,#FF0000,0,308.95889724762736,5
image_12.png,5,False,391.81129183596005,32.21144699074904,20,#FF0000,Quadrant 2,1,2,39,,#FF0000,0,136.53504800633374,5
image_12.png,5,False,129.0832833273018,199.94647259663537,20,#FF0000,Quadrant 1,1,1,39,,#FF0000,0,3.4020621554870223,5
image_12.png,5,False,551.4352781343866,224.89380536549123,20,#FF0000,Quadrant 4,2,2,39,,#FF0000,0,156.20747470979842,5
image_12.png,5,False,76.70430463933302,210.64417217254294,20,#FF0000,Quadrant 3,2,1,39,,#FF0000,0,308.86571281092097,5
image_12.png,5,False,156.66635150445302,339.14818463984693,20,#FF0000,Quadrant 3,2,1,39,,#FF0000,0,15.318632742136238,5
image_12.png,5,False,338.6196981875933,28.60042494037896,20,#FF0000,Quadrant 1,1,1,39,,#FF0000,0,319.51955053241767,5
image_12.png,5,False,648.7279341457561,350.93980402697326,20,#FF0000,Quadrant 4,2,2,39,,#FF0000,0,26.76530157323439,5
image_12.png,5,False,33.669326525742136,362.0736845542612,20,#FF0000,Quadrant 3,2,1,39,,#FF0000,0,202.86355105727407,5
image_12.png,5,False,673.452271824568,232.8996473439366,20,#FF0000,Quadrant 4,2,2,39,,#FF0000,0,113.21448956159435,5
image_12.png,5,False,502.05815456510885,161.55589570935612,20,#FF0000,Quadrant 2,1,2,39,,#FF0000,0,270.8116091448714,5
image_12.png,5,False,122.92822274243234,101.89848944702041,20,#FF0000,Quadrant 1,1,1,39,,#FF0000,0,27.697496918884514,5
image_12.png,5,False,279.1289024761102,349.8867399270281,20,#FF0000,Quadrant 3,2,1,39,,#FF0000,0,300.4742016330307,5
image_12.png,5,False,509.94869979498293,200.2996979190601,20,#FF0000,Quadrant 4,2,2,39,,#FF0000,0,355.8520648490771,5
image_12.png,5,False,47.996841611754185,176.21935957484268,20,#FF0000,Quadrant 1,1,1,39,,#FF0000,0,350.7563978769587,5
image_12.png,5,False,245.668402321348,301.6841369721372,20,#FF0000,Quadrant 3,2,1,39,,#FF0000,0,301.922876740743,5
image_12.png,5,False,284.3284009738731,303.40375829763985,20,#FF0000,Quadrant 3,2,1,39,,#FF0000,0,343.7490228892797,5
image_12.png,5,False,199.32232272524135,386.1974620544014,20,#FF0000,Quadrant 3,2,1,39,,#FF0000,0,10.66523722025944,5
image_12.png,5,False,256.1539152193292,366.7519953989342,20,#FF0000,Quadrant 3,2,1,39,,#FF0000,0,176.61724419988556,5
image_12.png,5,False,479.3097572227415,260.7339810406229,20,#FF0000,Quadrant 4,2,2,39,,#FF0000,0,155.4652606462361,5
image_12.png,5,False,437.2263483890627,312.6648556974382,20,#FF0000,Quadrant 4,2,2,39,,#FF0000,0,30.849882349224863,5
image_12.png,5,False,67.52418866479937,69.29552434116596,20,#FF0000,Quadrant 1,1,1,39,,#FF0000,0,256.7190717642188,5
image_12.png,5,False,447.7577076725421,290.58969923315277,20,#FF0000,Quadrant 4,2,2,39,,#FF0000,0,256.203775720302,5
image_12.png,5,False,84.41358230305892,12.963794055871384,20,#FF0000,Quadrant 1,1,1,39,,#FF0000,0,114.00416232535302,5
image_12.png,5,False,258.9831556720118,112.97171554448809,20,#FF0000,Quadrant 1,1,1,39,,#FF0000,0,110.9762838490673,5
image_12.png,5,False,292.1424366322817,20.92699971702634,20,#FF0000,Quadrant 1,1,1,39,,#FF0000,0,199.70640021919237,5
image_12.png,5,False,75.12127545685328,237.06055556623514,20,#FF0000,Quadrant 3,2,1,39,,#FF0000,0,127.40914344429319,5
image_12.png,5,False,69.35796716375201,351.6294249557317,20,#FF0000,Quadrant 3,2,1,39,,#FF0000,0,139.60784137622173,5
image_12.png,5,False,273.324364183744,63.48154228665953,20,#FF0000,Quadrant 1,1,1,39,,#FF0000,0,61.04985242123718,5
image_12.png,5,False,301.1395121032692,194.03943666702497,20,#FF0000,Quadrant 1,1,1,39,,#FF0000,0,156.4834569345882,5
image_12.png,5,False,184.42111933655409,104.2110458351671,20,#FF0000,Quadrant 1,1,1,39,,#FF0000,0,27.691690102256572,5
image_12.png,5,False,420.1326082489252,84.91722900473846,20,#FF0000,Quadrant 2,1,2,39,,#FF0000,0,225.0121275968021,5
image_12.png,5,False,682.2412844116741,62.455050256584094,20,#FF0000,Quadrant 2,1,2,39,,#FF0000,0,309.42304815630064,5
image_12.png,5,False,663.6751772691041,86.92186272938311,20,#FF0000,Quadrant 2,1,2,39,,#FF0000,0,115.43945593503156,5
image_12.png,5,False,675.5919153123131,377.1781338202509,20,#FF0000,Quadrant 4,2,2,39,,#FF0000,0,113.10598123035889,5
image_12.png,5,False,178.03034048181485,153.1489042785276,20,#FF0000,Quadrant 1,1,1,39,,#FF0000,0,207.3165413849858,5
image_12.png,5,False,419.0444265985156,217.24779430041076,20,#FF0000,Quadrant 4,2,2,39,,#FF0000,0,202.98618310636294,5
image_12.png,5,False,390.0183191712588,371.2357431418199,20,#FF0000,Quadrant 4,2,2,39,,#FF0000,0,245.41654792683156,5
image_12.png,5,False,488.36350745447214,320.5689847056853,20,#FF0000,Quadrant 4,2,2,39,,#FF0000,0,104.87923487470631,5
image_13.png,2,True,106.89441553777851,125.47073886904118,20,#FF0000,Quadrant 1,1,1,53,140,#FF0000,0,242.27195486239458,5
image_13.png,5,False,117.20468854008516,170.94236703418952,20,#FF0000,Quadrant 1,1,1,53,,#FF0000,0,90.965406575193,5
image_13.png,5,False,320.4069706543737,237.01899709664818,20,#FF0000,Quadrant 3,2,1,53,,#FF0000,0,135.7166944937963,5
image_13.png,5,False,379.1791394282587,360.08139501443685,20,#FF0000,Quadrant 4,2,2,53,,#FF0000,0,209.6078469178813,5
image_13.png,5,False,299.2091770065691,24.89723201761025,20,#FF0000,Quadrant 1,1,1,53,,#FF0000,0,313.06814081233136,5
image_13.png,5,False,494.4260237813036,318.0482568066601,20,#FF0000,Quadrant 4,2,2,53,,#FF0000,0,348.63409466617264,5
image_13.png,5,False,641.0224603753727,52.34164274234047,20,#FF0000,Quadrant 2,1,2,53,,#FF0000,0,213.77517960775592,5
image_13.png,5,False,468.9740882784208,73.87595045988215,20,#FF0000,Quadrant 2,1,2,53,,#FF0000,0,89.363148784165,5
image_13.png,5,False,399.05878133107757,254.82179507676045,20,#FF0000,Quadrant 4,2,2,53,,#FF0000,0,220.56404483278695,5
image_13.png,5,False,677.1328710287693,136.34355338693365,20,#FF0000,Quadrant 2,1,2,53,,#FF0000,0,232.82769817011345,5
image_13.png,5,False,83.99579605659406,48.273279143893,20,#FF0000,Quadrant 1,1,1,53,,#FF0000,0,286.64318319383256,5
image_13.png,5,False,525.5817360390101,221.92151137766177,20,#FF0000,Quadrant 4,2,2,53,,#FF0000,0,79.92038863780681,5
image_13.png,5,False,163.29086622701152,152.4171966303044,20,#FF0000,Quadrant 1,1,1,53,,#FF0000,0,247.5591871670242,5
image_13.png,5,False,479.21373092039283,271.9853015629654,20,#FF0000,Quadrant 4,2,2,53,,#FF0000,0,166.7027550789952,5
image_13.png,5,False,698.4171778106962,193.48746993779878,20,#FF0000,Quadrant 2,1,2,53,,#FF0000,0,54.26817569276882,5
image_13.png,5,False,514.0738481626972,142.66823057751765,20,#FF0000,Quadrant 2,1,2,53,,#FF0000,0,299.2743880945699,5
image_13.png,5,False,551.3620282972722,207.9814056645783,20,#FF0000,Quadrant 4,2,2,53,,#FF0000,0,123.50400510370541,5
image_13.png,5,False,78.26226844561344,283.91371055972957,20,#FF0000,Quadrant 3,2,1,53,,#FF0000,0,125.38810678883276,5
image_13.png,5,False,57.283120288565364,27.89019391127139,20,#FF0000,Quadrant 1,1,1,53,,#FF0000,0,162.880989572461,5
image_13.png,5,False,26.56114437494441,140.68346417645088,20,#FF0000,Quadrant 1,1,1,53,,#FF0000,0,255.8804363118909,5
image_13.png,5,False,562.2345366421339,362.51068477268797,20,#FF0000,Quadrant 4,2,2,53,,#FF0000,0,39.370565442518576,5
image_13.png,5,False,366.5197984069457,219.62208955385756,20,#FF0000,Quadrant 4,2,2,53,,#FF0000,0,266.5762144908954,5
image_13.png,5,False,304.7685053153391,185.65647153289166,20,#FF0000,Quadrant 1,1,1,53,,#FF0000,0,119.1562759991409,5
image_13.png,5,False,444.9048597074097,81.45425775722423,20,#FF0000,Quadrant 2,1,2,53,,#FF0000,0,287.19208378953545,5
image_13.png,5,False,283.5562585302701,289.73280368843984,20,#FF0000,Quadrant 3,2,1,53,,#FF0000,0,236.6308480170995,5
image_13.png,5,False,158.99451639343425,116.21434593483087,20,#FF0000,Quadrant 1,1,1,53,,#FF0000,0,1.6020155974091477,5
image_13.png,5,False,380.91652828317376,149.2697651179306,20,#FF0000,Quadrant 2,1,2,53,,#FF0000,0,287.8208484792155,5
image_13.png,5,False,281.46281993721607,54.17972372111314,20,#FF0000,Quadrant 1,1,1,53,,#FF0000,0,139.91013392858974,5
image_13.png,5,False,326.4659438756323,76.21539991790843,20,#FF0000,Quadrant 1,1,1,53,,#FF0000,0,126.71457279016381,5
image_13.png,5,False,474.0838463030011,129.38421155923382,20,#FF0000,Quadrant 2,1,2,53,,#FF0000,0,212.46061139189234,5
image_13.png,5,False,91.57779483584811,152.1096948245094,20,#FF0000,Quadrant 1,1,1,53,,#FF0000,0,85.8861815179646,5
image_13.png,5,False,278.6511925545837,236.4489589938062,20,#FF0000,Quadrant 3,2,1,53,,#FF0000,0,50.88907557649128,5
image_13.png,5,False,644.3019267364159,362.8026864525827,20,#FF0000,Quadrant 4,2,2,53,,#FF0000,0,193.45653719928748,5
image_13.png,5,False,591.1278125400815,245.13697198230813,20,#FF0000,Quadrant 4,2,2,53,,#FF0000,0,67.35548878646495,5
image_13.png,5,False,666.8191038862093,194.1821715504685,20,#FF0000,Quadrant 2,1,2,53,,#FF0000,0,311.58800310830844,5
image_13.png,5,False,559.3619329360724,94.36015338011076,20,#FF0000,Quadrant 2,1,2,53,,#FF0000,0,203.54320772819108,5
image_13.png,5,False,400.7331677570572,303.0230072253763,20,#FF0000,Quadrant 4,2,2,53,,#FF0000,0,281.0664710747875,5
image_13.png,5,False,385.20015946210805,385.5577883621584,20,#FF0000,Quadrant 4,2,2,53,,#FF0000,0,96.44000738144432,5
image_13.png,5,False,532.4257210393969,298.28156147729254,20,#FF0000,Quadrant 4,2,2,53,,#FF0000,0,195.13561648234673,5
image_13.png,5,False,461.37980293986976,104.56695419947785,20,#FF0000,Quadrant 2,1,2,53,,#FF0000,0,264.95593114812266,5
image_13.png,5,False,33.20674246449454,110.34415495218406,20,#FF0000,Quadrant 1,1,1,53,,#FF0000,0,314.93154465967837,5
image_13.png,5,False,70.93129112958282,338.0797978022397,20,#FF0000,Quadrant 3,2,1,53,,#FF0000,0,310.3918651791087,5
image_13.png,5,False,571.5220773263538,315.4565064939652,20,#FF0000,Quadrant 4,2,2,53,,#FF0000,0,282.54575158941054,5
image_13.png,5,False,572.6596441463391,62.25260662978745,20,#FF0000,Quadrant 2,1,2,53,,#FF0000,0,324.0559038858693,5
image_13.png,5,False,592.2098474273503,159.44088361423758,20,#FF0000,Quadrant 2,1,2,53,,#FF0000,0,89.11970640816159,5
image_13.png,5,False,446.7249659161725,248.3132462544522,20,#FF0000,Quadrant 4,2,2,53,,#FF0000,0,51.181787907132424,5
image_13.png,5,False,63.03071232564393,311.35828239237725,20,#FF0000,Quadrant 3,2,1,53,,#FF0000,0,135.0620380246417,5
image_13.png,5,False,615.4716588578376,182.87495535013107,20,#FF0000,Quadrant 2,1,2,53,,#FF0000,0,250.09330166191606,5
image_13.png,5,False,411.96737027692757,339.44713436531373,20,#FF0000,Quadrant 4,2,2,53,,#FF0000,0,175.69601295757394,5
image_13.png,5,False,75.17460242369842,378.4728103525476,20,#FF0000,Quadrant 3,2,1,53,,#FF0000,0,304.9802373631347,5
image_13.png,5,False,285.02623318198937,376.9526032686613,20,#FF0000,Quadrant 3,2,1,53,,#FF0000,0,286.44405359322434,5
image_13.png,5,False,351.85859886573166,133.0430265450022,20,#FF0000,Quadrant 1,1,1,53,,#FF0000,0,296.94515314896796,5
image_13.png,5,False,388.09695892182197,60.36462661625231,20,#FF0000,Quadrant 2,1,2,53,,#FF0000,0,102.09350736135134,5
image_13.png,5,False,42.654675778798676,247.69585937492795,20,#FF0000,Quadrant 3,2,1,53,,#FF0000,0,274.41144807210065,5
image_14.png,2,True,651.3792511144426,70.71776866023305,20,#FF0000,Quadrant 2,1,2,59,140,#FF0000,0,5.86128685418799,5
image_14.png,5,False,694.3765465474418,172.70813572761622,20,#FF0000,Quadrant 2,1,2,59,,#FF0000,0,164.34652894916633,5
image_14.png,5,False,637.5815706617244,344.4518548078756,20,#FF0000,Quadrant 4,2,2,59,,#FF0000,0,358.4498647443434,5
image_14.png,5,False,613.477701422929,342.35292407556886,20,#FF0000,Quadrant 4,2,2,59,,#FF0000,0,108.67158157551201,5
image_14.png,5,False,259.33997916071274,42.15496060667142,20,#FF0000,Quadrant 1,1,1,59,,#FF0000,0,33.602394429234145,5
image_14.png,5,False,458.0998231027035,30.575589968391586,20,#FF0000,Quadrant 2,1,2,59,,#FF0000,0,239.2231721085913,5
image_14.png,5,False,511.20598243113676,296.47775537152864,20,#FF0000,Quadrant 4,2,2,59,,#FF0000,0,225.21753869938348,5
image_14.png,5,False,73.83623999243937,46.979430276234595,20,#FF0000,Quadrant 1,1,1,59,,#FF0000,0,154.52313867192478,5
image_14.png,5,False,64.69977916352565,235.41084980592237,20,#FF0000,Quadrant 3,2,1,59,,#FF0000,0,76.83162370063671,5
image_14.png,5,False,317.65107810049284,14.047651089248827,20,#FF0000,Quadrant 1,1,1,59,,#FF0000,0,186.9999316691889,5
image_14.png,5,False,94.08911865829474,336.20863072301944,20,#FF0000,Quadrant 3,2,1,59,,#FF0000,0,123.68669401227866,5
image_14.png,5,False,340.1354663506203,97.54191589951834,20,#FF0000,Quadrant 1,1,1,59,,#FF0000,0,249.85116040395985,5
image_14.png,5,False,566.304258507284,50.01017955278497,20,#FF0000,Quadrant 2,1,2,59,,#FF0000,0,32.15918915774536,5
image_14.png,5,False,217.18692058683993,155.6685568568711,20,#FF0000,Quadrant 1,1,1,59,,#FF0000,0,132.32220826414255,5
image_14.png,5,False,613.5286365429889,253.5157841394199,20,#FF0000,Quadrant 4,2,2,59,,#FF0000,0,292.81245254827144,5
image_14.png,5,False,124.07630280575528,143.7489577165194,20,#FF0000,Quadrant 1,1,1,59,,#FF0000,0,219.71492613857444,5
image_14.png,5,False,526.5572282619534,358.71997911949705,20,#FF0000,Quadrant 4,2,2,59,,#FF0000,0,76.69996251246936,5
image_14.png,5,False,315.80248604352903,93.11848824298437,20,#FF0000,Quadrant 1,1,1,59,,#FF0000,0,221.78736453625424,5
image_14.png,5,False,107.46905454572324,57.553430101714554,20,#FF0000,Quadrant 1,1,1,59,,#FF0000,0,322.7734604192334,5
image_14.png,5,False,253.20805622397626,173.30894429149018,20,#FF0000,Quadrant 1,1,1,59,,#FF0000,0,262.8032936025522,5
image_14.png,5,False,181.72481234990587,254.66657477502534,20,#FF0000,Quadrant 3,2,1,59,,#FF0000,0,284.7875980313038,5
image_14.png,5,False,425.08835355494483,283.60590348892055,20,#FF0000,Quadrant 4,2,2,59,,#FF0000,0,89.34012978689958,5
image_14.png,5,False,659.5413998718412,21.13962552326329,20,#FF0000,Quadrant 2,1,2,59,,#FF0000,0,102.57149160227979,5
image_14.png,5,False,614.4449325713247,88.65848146162305,20,#FF0000,Quadrant 2,1,2,59,,#FF0000,0,304.945207514062,5
image_14.png,5,False,551.0393021081518,311.048095992698,20,#FF0000,Quadrant 4,2,2,59,,#FF0000,0,232.62111887071197,5
image_14.png,5,False,276.87516101211594,102.12890361876931,20,#FF0000,Quadrant 1,1,1,59,,#FF0000,0,86.16278751313371,5
image_14.png,5,False,59.927269168119054,346.9378716168511,20,#FF0000,Quadrant 3,2,1,59,,#FF0000,0,229.70963875811336,5
image_14.png,5,False,259.7966646512889,130.6266619107837,20,#FF0000,Quadrant 1,1,1,59,,#FF0000,0,4.344124460799308,5
image_14.png,5,False,589.0526057005978,170.0864159474217,20,#FF0000,Quadrant 2,1,2,59,,#FF0000,0,139.2617695770639,5
image_14.png,5,False,130.03874507187433,189.04352862226386,20,#FF0000,Quadrant 1,1,1,59,,#FF0000,0,196.68823961808636,5
image_14.png,5,False,159.64688463837433,359.73497121674734,20,#FF0000,Quadrant 3,2,1,59,,#FF0000,0,4.965633261104667,5
image_14.png,5,False,539.5387904586839,171.1114388949008,20,#FF0000,Quadrant 2,1,2,59,,#FF0000,0,256.5464673964502,5
image_14.png,5,False,452.33019164721037,214.2337253754272,20,#FF0000,Quadrant 4,2,2,59,,#FF0000,0,144.81986783201998,5
image_14.png,5,False,682.3019218202933,69.73255560364936,20,#FF0000,Quadrant 2,1,2,59,,#FF0000,0,331.5329491581849,5
image_14.png,5,False,454.1334983598686,128.244068504121,20,#FF0000,Quadrant 2,1,2,59,,#FF0000,0,233.94223187252913,5
image_14.png,5,False,667.9118759573737,101.2049327335391,20,#FF0000,Quadrant 2,1,2,59,,#FF0000,0,157.49497549820703,5
image_14.png,5,False,48.91471896395717,262.77808080881937,20,#FF0000,Quadrant 3,2,1,59,,#FF0000,0,220.42684599145997,5
image_14.png,5,False,132.02002760988643,15.787359249490695,20,#FF0000,Quadrant 1,1,1,59,,#FF0000,0,236.89884980497467,5
image_14.png,5,False,18.820565558080936,198.64408849358648,20,#FF0000,Quadrant 1,1,1,59,,#FF0000,0,49.396247063129096,5
image_14.png,5,False,367.36653844623345,321.9075978878838,20,#FF0000,Quadrant 4,2,2,59,,#FF0000,0,124.81384596438652,5
image_14.png,5,False,267.21803788434846,294.415473187453,20,#FF0000,Quadrant 3,2,1,59,,#FF0000,0,93.3289061494668,5
image_14.png,5,False,515.9927920754236,55.62544026673322,20,#FF0000,Quadrant 2,1,2,59,,#FF0000,0,314.4456203040124,5
image_14.png,5,False,192.1723094194435,379.5691221801514,20,#FF0000,Quadrant 3,2,1,59,,#FF0000,0,188.58751612152093,5
image_14.png,5,False,352.84567499631095,204.07555042301738,20,#FF0000,Quadrant 3,2,1,59,,#FF0000,0,225.91181984353966,5
image_14.png,5,False,90.46485283501926,291.01482580852365,20,#FF0000,Quadrant 3,2,1,59,,#FF0000,0,242.6833553627149,5
image_14.png,5,False,602.6367272850703,15.644891608062744,20,#FF0000,Quadrant 2,1,2,59,,#FF0000,0,0.9246621717038872,5
image_14.png,5,False,261.77980597222484,358.8456341082752,20,#FF0000,Quadrant 3,2,1,59,,#FF0000,0,16.55335076030529,5
image_14.png,5,False,502.9603323289659,258.85584529132836,20,#FF0000,Quadrant 4,2,2,59,,#FF0000,0,289.1215751247194,5
image_14.png,5,False,182.05333333314056,357.19310112497834,20,#FF0000,Quadrant 3,2,1,59,,#FF0000,0,80.82551297432722,5
image_14.png,5,False,580.1119299356951,227.04059386939915,20,#FF0000,Quadrant 4,2,2,59,,#FF0000,0,115.17664952317523,5
image_14.png,5,False,366.36837604041506,28.361009706869833,20,#FF0000,Quadrant 2,1,2,59,,#FF0000,0,80.34662194223466,5
image_14.png,5,False,225.07076631866644,43.65372747978975,20,#FF0000,Quadrant 1,1,1,59,,#FF0000,0,278.4698926221187,5
image_14.png,5,False,520.567854859325,102.69674956324911,20,#FF0000,Quadrant 2,1,2,59,,#FF0000,0,282.42259822344295,5
image_14.png,5,False,680.6099864089899,388.16352994775633,20,#FF0000,Quadrant 4,2,2,59,,#FF0000,0,132.57850597060275,5
image_14.png,5,False,515.6672390133547,217.59939370648766,20,#FF0000,Quadrant 4,2,2,59,,#FF0000,0,279.3189441438918,5
image_14.png,5,False,114.74023361052838,363.4462672993067,20,#FF0000,Quadrant 3,2,1,59,,#FF0000,0,286.5504748243516,5
image_14.png,5,False,384.12464276467205,251.3860153359098,20,#FF0000,Quadrant 4,2,2,59,,#FF0000,0,8.607692151361576,5
image_14.png,5,False,17.61083103144384,137.63656518275027,20,#FF0000,Quadrant 1,1,1,59,,#FF0000,0,249.64589026414976,5
image_14.png,5,False,152.37892293216422,382.6177504362713,20,#FF0000,Quadrant 3,2,1,59,,#FF0000,0,110.703829507691,5
image_14.png,5,False,326.8775816669184,293.7059727616095,20,#FF0000,Quadrant 3,2,1,59,,#FF0000,0,322.4080584503495,5
image_15.png,2,True,102.99104282290935,320.94597313601366,20,#FF0000,Quadrant 3,2,1,75,140,#FF0000,0,34.4077219214588,6
image_15.png,5,False,402.22848179126447,175.42352804842443,20,#FF0000,Quadrant 2,1,2,75,,#FF0000,0,26.938974358755896,6
image_15.png,5,False,174.1357252371667,109.65457491312459,20,#FF0000,Quadrant 1,1,1,75,,#FF0000,0,347.11857890378667,6
image_15.png,5,False,562.7627903576522,275.8742791895429,20,#FF0000,Quadrant 4,2,2,75,,#FF0000,0,113.40320954751299,6
image_15.png,5,False,230.1417685743433,113.79931955266777,20,#FF0000,Quadrant 1,1,1,75,,#FF0000,0,264.7270327616525,6
image_15.png,5,False,150.66899950639203,305.81617937323017,20,#FF0000,Quadrant 3,2,1,75,,#FF0000,0,26.8874768888927,6
image_15.png,5,False,118.07786986081439,73.13374270451237,20,#FF0000,Quadrant 1,1,1,75,,#FF0000,0,210.4948928894864,6
image_15.png,5,False,291.08714826544826,213.57947955602893,20,#FF0000,Quadrant 3,2,1,75,,#FF0000,0,167.77984047719823,6
image_15.png,5,False,93.62044032886618,70.57861253076513,20,#FF0000,Quadrant 1,1,1,75,,#FF0000,0,95.40285368929496,6
image_15.png,5,False,586.9521534307225,134.90600305845135,20,#FF0000,Quadrant 2,1,2,75,,#FF0000,0,14.518730919118816,6
image_15.png,5,False,182.02274593880475,145.47076158061924,20,#FF0000,Quadrant 1,1,1,75,,#FF0000,0,32.8366453648855,6
image_15.png,5,False,477.5793467454705,109.34304764862263,20,#FF0000,Quadrant 2,1,2,75,,#FF0000,0,184.8454831363426,6
image_15.png,5,False,32.41556232418533,163.860261597032,20,#FF0000,Quadrant 1,1,1,75,,#FF0000,0,356.6435833468466,6
image_15.png,5,False,526.4260501268006,105.4442934677463,20,#FF0000,Quadrant 2,1,2,75,,#FF0000,0,162.79242098438257,6
image_15.png,5,False,564.8848631228127,63.84176884524025,20,#FF0000,Quadrant 2,1,2,75,,#FF0000,0,166.335569595446,6
image_15.png,5,False,583.1265366754042,382.410415768809,20,#FF0000,Quadrant 4,2,2,75,,#FF0000,0,4.304492340988677,6
image_15.png,5,False,455.18797582315773,231.11839693451586,20,#FF0000,Quadrant 4,2,2,75,,#FF0000,0,226.90711749737682,6
image_15.png,5,False,570.9827461217803,19.240469075195612,20,#FF0000,Quadrant 2,1,2,75,,#FF0000,0,93.1754348447493,6
image_15.png,5,False,632.8198004520309,178.61704041000377,20,#FF0000,Quadrant 2,1,2,75,,#FF0000,0,23.209932976887515,6
image_15.png,5,False,634.5987215919254,324.496634988184,20,#FF0000,Quadrant 4,2,2,75,,#FF0000,0,46.364957638921624,6
image_15.png,5,False,406.406213666832,321.5970817792033,20,#FF0000,Quadrant 4,2,2,75,,#FF0000,0,60.476115142460316,6
image_15.png,5,False,31.31329987720083,269.25448253213614,20,#FF0000,Quadrant 3,2,1,75,,#FF0000,0,142.199527759891,6
image_15.png,5,False,158.93939701334835,81.74312098281911,20,#FF0000,Quadrant 1,1,1,75,,#FF0000,0,62.210596259084106,6
image_15.png,5,False,619.6789974377084,24.097489730509235,20,#FF0000,Quadrant 2,1,2,75,,#FF0000,0,100.74763954106058,6
image_15.png,5,False,390.4244903255426,34.05008805661457,20,#FF0000,Quadrant 2,1,2,75,,#FF0000,0,148.31719426661942,6
image_15.png,5,False,373.28588613616523,249.42515897575754,20,#FF0000,Quadrant 4,2,2,75,,#FF0000,0,318.4749058409874,6
image_15.png,5,False,558.6490623239886,384.99456675785984,20,#FF0000,Quadrant 4,2,2,75,,#FF0000,0,288.7805097976059,6
image_15.png,5,False,258.4282436780823,216.82773068087153,20,#FF0000,Quadrant 3,2,1,75,,#FF0000,0,281.489676064353,6
image_15.png,5,False,639.8344644362749,200.90465059553435,20,#FF0000,Quadrant 4,2,2,75,,#FF0000,0,174.484614758583,6
image_15.png,5,False,134.8931369778319,131.53572045050547,20,#FF0000,Quadrant 1,1,1,75,,#FF0000,0,139.81725884494813,6
image_15.png,5,False,694.1650818436633,211.12540636293315,20,#FF0000,Quadrant 4,2,2,75,,#FF0000,0,21.09284290012267,6
image_15.png,5,False,699.7283595530174,379.1643877352638,20,#FF0000,Quadrant 4,2,2,75,,#FF0000,0,276.06318064209825,6
image_15.png,5,False,642.9917834910335,32.13347191222601,20,#FF0000,Quadrant 2,1,2,75,,#FF0000,0,293.8626581791445,6
image_15.png,5,False,162.17458278426423,330.9789241958203,20,#FF0000,Quadrant 3,2,1,75,,#FF0000,0,358.70113746232454,6
image_15.png,5,False,255.46039321539516,328.2260113716337,20,#FF0000,Quadrant 3,2,1,75,,#FF0000,0,287.06064745658716,6
image_15.png,5,False,132.33315326261314,234.972374470574,20,#FF0000,Quadrant 3,2,1,75,,#FF0000,0,304.2795248518611,6
image_15.png,5,False,491.6647023201106,356.484441560586,20,#FF0000,Quadrant 4,2,2,75,,#FF0000,0,290.2356811293798,6
image_15.png,5,False,398.9820258053087,82.15232533418687,20,#FF0000,Quadrant 2,1,2,75,,#FF0000,0,202.89833524194972,6
image_15.png,5,False,348.9106934678332,45.11728844964128,20,#FF0000,Quadrant 1,1,1,75,,#FF0000,0,111.25910597443905,6
image_15.png,5,False,161.75936082549674,209.9975383481371,20,#FF0000,Quadrant 3,2,1,75,,#FF0000,0,83.74440890996607,6
image_15.png,5,False,643.4304720993255,87.15353690710934,20,#FF0000,Quadrant 2,1,2,75,,#FF0000,0,0.2460586981790902,6
image_15.png,5,False,233.95269098903282,19.283074780070326,20,#FF0000,Quadrant 1,1,1,75,,#FF0000,0,303.94227111755424,6
image_15.png,5,False,659.9850940794807,160.53512256975694,20,#FF0000,Quadrant 2,1,2,75,,#FF0000,0,134.49268083001436,6
image_15.png,5,False,218.9161909168482,62.57873082813124,20,#FF0000,Quadrant 1,1,1,75,,#FF0000,0,36.37158126504708,6
image_15.png,5,False,664.6498435661368,310.3164744499515,20,#FF0000,Quadrant 4,2,2,75,,#FF0000,0,56.7013989660645,6
image_15.png,5,False,458.28520302927683,76.84860962119059,20,#FF0000,Quadrant 2,1,2,75,,#FF0000,0,345.8383561327458,6
image_15.png,5,False,164.81044043266266,233.62315888601316,20,#FF0000,Quadrant 3,2,1,75,,#FF0000,0,283.3170453344077,6
image_15.png,5,False,222.40120498629307,271.2524101684058,20,#FF0000,Quadrant 3,2,1,75,,#FF0000,0,63.12658679647949,6
image_15.png,5,False,280.81338339426776,386.8390233470044,20,#FF0000,Quadrant 3,2,1,75,,#FF0000,0,341.5313375459651,6
image_15.png,5,False,33.31170987676324,238.70291629646712,20,#FF0000,Quadrant 3,2,1,75,,#FF0000,0,347.46621850351835,6
image_15.png,5,False,677.6293313893796,94.49840466519056,20,#FF0000,Quadrant 2,1,2,75,,#FF0000,0,331.57375791050856,6
image_15.png,5,False,656.3778897588812,64.16319316015884,20,#FF0000,Quadrant 2,1,2,75,,#FF0000,0,203.59808860331538,6
image_15.png,5,False,174.9791924279345,382.3395095674549,20,#FF0000,Quadrant 3,2,1,75,,#FF0000,0,268.3235981167137,6
image_15.png,5,False,451.34175196646163,346.15502875233665,20,#FF0000,Quadrant 4,2,2,75,,#FF0000,0,255.2276927322808,6
image_15.png,5,False,187.8373217229305,51.837079259129865,20,#FF0000,Quadrant 1,1,1,75,,#FF0000,0,24.406120823124162,6
image_15.png,5,False,276.91066048989944,287.91693892053456,20,#FF0000,Quadrant 3,2,1,75,,#FF0000,0,0.46121669808837584,6
image_15.png,5,False,606.3309464028495,257.06649485689445,20,#FF0000,Quadrant 4,2,2,75,,#FF0000,0,172.6161301429778,6
image_15.png,5,False,123.0703365947085,38.86214925419944,20,#FF0000,Quadrant 1,1,1,75,,#FF0000,0,247.3777455181612,6
image_15.png,5,False,62.12407681722827,75.29976679115009,20,#FF0000,Quadrant 1,1,1,75,,#FF0000,0,342.59836731628343,6
image_15.png,5,False,515.3377237519373,217.78348575542347,20,#FF0000,Quadrant 4,2,2,75,,#FF0000,0,135.1648382687987,6
image_15.png,5,False,75.14912822729308,235.54354565169186,20,#FF0000,Quadrant 3,2,1,75,,#FF0000,0,323.3247023231905,6
image_15.png,5,False,343.60564589056145,22.71543113172214,20,#FF0000,Quadrant 1,1,1,75,,#FF0000,0,220.91210128040177,6
image_15.png,5,False,124.68306719095881,347.32673621272846,20,#FF0000,Quadrant 3,2,1,75,,#FF0000,0,339.27921291670697,6
image_15.png,5,False,491.368528923269,283.93040352960537,20,#FF0000,Quadrant 4,2,2,75,,#FF0000,0,68.39433273181876,6
image_15.png,5,False,148.57593772429203,20.72809185257721,20,#FF0000,Quadrant 1,1,1,75,,#FF0000,0,216.07759008495677,6
image_15.png,5,False,223.45549268111554,161.24265773607047,20,#FF0000,Quadrant 1,1,1,75,,#FF0000,0,303.75686676489715,6
image_15.png,5,False,466.4565977199974,45.44973971415675,20,#FF0000,Quadrant 2,1,2,75,,#FF0000,0,176.0748523634366,6
image_15.png,5,False,318.1391615773816,110.52587540613024,20,#FF0000,Quadrant 1,1,1,75,,#FF0000,0,132.9845993755002,6
image_15.png,5,False,529.2900129174328,263.30307755286685,20,#FF0000,Quadrant 4,2,2,75,,#FF0000,0,22.19017307763575,6
image_15.png,5,False,417.3215187471828,220.26152052768953,20,#FF0000,Quadrant 4,2,2,75,,#FF0000,0,349.4539933824873,6
image_15.png,5,False,574.8811930422423,169.2429243252223,20,#FF0000,Quadrant 2,1,2,75,,#FF0000,0,302.6869799148902,6
image_15.png,5,False,608.2899754431324,190.48361871008575,20,#FF0000,Quadrant 2,1,2,75,,#FF0000,0,192.78518831241468,6
image_15.png,5,False,93.87421170649353,297.2173496316151,20,#FF0000,Quadrant 3,2,1,75,,#FF0000,0,223.2983211657491,6
image_15.png,5,False,97.94215306195389,171.0357119412966,20,#FF0000,Quadrant 1,1,1,75,,#FF0000,0,291.0458596749707,6
image_15.png,5,False,310.98594617189747,387.9677677223772,20,#FF0000,Quadrant 3,2,1,75,,#FF0000,0,355.78077708128967,6
image_15.png,5,False,585.700493767767,108.48104407537953,20,#FF0000,Quadrant 2,1,2,75,,#FF0000,0,225.80143640366322,6
image_16.png,2,True,57.17123565049395,157.70147983957577,20,#FF0000,Quadrant 1,1,1,94,140,#FF0000,0,329.10261728349116,6
image_16.png,5,False,235.70136889974813,115.40390992494024,20,#FF0000,Quadrant 1,1,1,94,,#FF0000,0,143.04779796853293,6
image_16.png,5,False,612.8182485738296,308.3161414768977,20,#FF0000,Quadrant 4,2,2,94,,#FF0000,0,164.93658520414147,6
image_16.png,5,False,371.04522519991855,169.60646933713645,20,#FF0000,Quadrant 2,1,2,94,,#FF0000,0,224.30085429197092,6
image_16.png,5,False,113.10962175118333,233.23910238036467,20,#FF0000,Quadrant 3,2,1,94,,#FF0000,0,149.19926355683234,6
image_16.png,5,False,658.4188396561186,360.62284703500535,20,#FF0000,Quadrant 4,2,2,94,,#FF0000,0,273.01585962876226,6
image_16.png,5,False,80.58241510673413,119.14309883047378,20,#FF0000,Quadrant 1,1,1,94,,#FF0000,0,202.5661534118361,6
image_16.png,5,False,247.925864039873,166.31643409910535,20,#FF0000,Quadrant 1,1,1,94,,#FF0000,0,192.82805321253,6
image_16.png,5,False,345.5679218852818,241.18769343802052,20,#FF0000,Quadrant 3,2,1,94,,#FF0000,0,137.89565023573903,6
image_16.png,5,False,200.76034386194536,65.37630949688267,20,#FF0000,Quadrant 1,1,1,94,,#FF0000,0,13.487641379176836,6
image_16.png,5,False,488.9326034321264,25.659797278118543,20,#FF0000,Quadrant 2,1,2,94,,#FF0000,0,219.1158950708257,6
image_16.png,5,False,574.1789025353362,125.55477240338053,20,#FF0000,Quadrant 2,1,2,94,,#FF0000,0,7.283839893577877,6
image_16.png,5,False,349.7256380045694,274.15711528714047,20,#FF0000,Quadrant 3,2,1,94,,#FF0000,0,100.92479514647097,6
image_16.png,5,False,609.6721172933478,61.7977269260705,20,#FF0000,Quadrant 2,1,2,94,,#FF0000,0,35.358260498186844,6
image_16.png,5,False,316.3032125853545,323.1612194127457,20,#FF0000,Quadrant 3,2,1,94,,#FF0000,0,350.7189928571918,6
image_16.png,5,False,298.15640938900873,255.01971871964952,20,#FF0000,Quadrant 3,2,1,94,,#FF0000,0,96.9911931631549,6
image_16.png,5,False,156.64805595096345,322.46044614844317,20,#FF0000,Quadrant 3,2,1,94,,#FF0000,0,67.65684872134011,6
image_16.png,5,False,534.2908804108908,338.7974308679853,20,#FF0000,Quadrant 4,2,2,94,,#FF0000,0,266.74012761120287,6
image_16.png,5,False,366.02082509798464,71.09158331754217,20,#FF0000,Quadrant 2,1,2,94,,#FF0000,0,295.5662612634457,6
image_16.png,5,False,616.8601554469408,21.942404223030188,20,#FF0000,Quadrant 2,1,2,94,,#FF0000,0,306.46632275538917,6
image_16.png,5,False,584.8887238897438,327.3771841360867,20,#FF0000,Quadrant 4,2,2,94,,#FF0000,0,69.39484085936095,6
image_16.png,5,False,325.49313165124755,358.01574421094193,20,#FF0000,Quadrant 3,2,1,94,,#FF0000,0,89.81649407674055,6
image_16.png,5,False,199.7704964488333,322.28537825848593,20,#FF0000,Quadrant 3,2,1,94,,#FF0000,0,253.66822027921316,6
image_16.png,5,False,448.7973584532565,57.8239406606846,20,#FF0000,Quadrant 2,1,2,94,,#FF0000,0,181.845494977379,6
image_16.png,5,False,267.6295986978267,235.5484783249132,20,#FF0000,Quadrant 3,2,1,94,,#FF0000,0,11.002749257517683,6
image_16.png,5,False,610.7612518518209,232.84073390367735,20,#FF0000,Quadrant 4,2,2,94,,#FF0000,0,63.930129898990195,6
image_16.png,5,False,123.66088040279924,349.11794587800983,20,#FF0000,Quadrant 3,2,1,94,,#FF0000,0,125.91356459207563,6
image_16.png,5,False,485.6180204173925,118.75622429234001,20,#FF0000,Quadrant 2,1,2,94,,#FF0000,0,269.626008414576,6
image_16.png,5,False,601.5496081449903,255.7095990858402,20,#FF0000,Quadrant 4,2,2,94,,#FF0000,0,347.37033931281184,6
image_16.png,5,False,196.39858611631144,165.7937202753149,20,#FF0000,Quadrant 1,1,1,94,,#FF0000,0,243.97028859274948,6
image_16.png,5,False,548.6292246755833,301.1424913396798,20,#FF0000,Quadrant 4,2,2,94,,#FF0000,0,7.218848699828779,6
image_16.png,5,False,639.0341368180841,255.7064474781591,20,#FF0000,Quadrant 4,2,2,94,,#FF0000,0,3.2032749852164777,6
image_16.png,5,False,16.831507982146334,106.40358683432626,20,#FF0000,Quadrant 1,1,1,94,,#FF0000,0,216.41110217803217,6
image_16.png,5,False,221.4617321869596,376.5352395932464,20,#FF0000,Quadrant 3,2,1,94,,#FF0000,0,289.8308049103751,6
image_16.png,5,False,303.00288565447755,153.3077209584383,20,#FF0000,Quadrant 1,1,1,94,,#FF0000,0,231.38651206445903,6
image_16.png,5,False,578.9501559932872,161.12366010946144,20,#FF0000,Quadrant 2,1,2,94,,#FF0000,0,243.7906162994328,6
image_16.png,5,False,691.9807054511975,253.1448138423399,20,#FF0000,Quadrant 4,2,2,94,,#FF0000,0,22.98133940295957,6
image_16.png,5,False,190.93021956135635,279.7934471661373,20,#FF0000,Quadrant 3,2,1,94,,#FF0000,0,310.136976090659,6
image_16.png,5,False,424.42294448929886,260.68046235146676,20,#FF0000,Quadrant 4,2,2,94,,#FF0000,0,288.85094800301215,6
image_16.png,5,False,507.96412314130873,258.74141563480293,20,#FF0000,Quadrant 4,2,2,94,,#FF0000,0,245.07207013945745,6
image_16.png,5,False,35.33479432540631,278.6500666440793,20,#FF0000,Quadrant 3,2,1,94,,#FF0000,0,139.778971561965,6
image_16.png,5,False,141.85154552342064,285.63585334758153,20,#FF0000,Quadrant 3,2,1,94,,#FF0000,0,205.93527625326283,6
image_16.png,5,False,379.36358496396286,307.69108690193224,20,#FF0000,Quadrant 4,2,2,94,,#FF0000,0,80.05074983145681,6
image_16.png,5,False,473.9173799380997,202.7650154193762,20,#FF0000,Quadrant 4,2,2,94,,#FF0000,0,326.3495419818197,6
image_16.png,5,False,78.24851096695673,59.36288480510816,20,#FF0000,Quadrant 1,1,1,94,,#FF0000,0,65.20890880944027,6
image_16.png,5,False,255.79025992656452,292.31135329158144,20,#FF0000,Quadrant 3,2,1,94,,#FF0000,0,32.147935926998116,6
image_16.png,5,False,60.06764307140825,347.2030512358066,20,#FF0000,Quadrant 3,2,1,94,,#FF0000,0,339.9483542400277,6
image_16.png,5,False,608.7059529870804,155.27096508651192,20,#FF0000,Quadrant 2,1,2,94,,#FF0000,0,180.17185481737357,6
image_16.png,5,False,149.00435105785388,165.67451807229534,20,#FF0000,Quadrant 1,1,1,94,,#FF0000,0,49.451493302324614,6
image_16.png,5,False,635.6618238747219,183.9620016972626,20,#FF0000,Quadrant 2,1,2,94,,#FF0000,0,204.98529167044342,6
image_16.png,5,False,504.09556625981486,305.4397650699819,20,#FF0000,Quadrant 4,2,2,94,,#FF0000,0,113.8980447535352,6
image_16.png,5,False,537.099156135689,44.27962794091886,20,#FF0000,Quadrant 2,1,2,94,,#FF0000,0,176.24775262680592,6
image_16.png,5,False,447.47291554408736,163.48273559042525,20,#FF0000,Quadrant 2,1,2,94,,#FF0000,0,221.21270594102225,6
image_16.png,5,False,275.1050134168344,25.260170383526557,20,#FF0000,Quadrant 1,1,1,94,,#FF0000,0,347.5180224468119,6
image_16.png,5,False,585.0945512643626,83.03799635747292,20,#FF0000,Quadrant 2,1,2,94,,#FF0000,0,115.99672818530486,6
image_16.png,5,False,442.78729385474793,105.05514044708337,20,#FF0000,Quadrant 2,1,2,94,,#FF0000,0,243.62933100375963,6
image_16.png,5,False,248.2569943296281,59.73584256189844,20,#FF0000,Quadrant 1,1,1,94,,#FF0000,0,249.66890898134298,6
image_16.png,5,False,416.59410414780154,74.13363078742094,20,#FF0000,Quadrant 2,1,2,94,,#FF0000,0,138.07817147076972,6
image_16.png,5,False,421.89887392608114,138.70168715659867,20,#FF0000,Quadrant 2,1,2,94,,#FF0000,0,262.0194881208526,6
image_16.png,5,False,696.8804903714426,140.55301323935765,20,#FF0000,Quadrant 2,1,2,94,,#FF0000,0,319.67065578133503,6
image_16.png,5,False,258.52386070660975,82.22504081074864,20,#FF0000,Quadrant 1,1,1,94,,#FF0000,0,324.4981594120288,6
image_16.png,5,False,512.0193225859255,60.59578348569501,20,#FF0000,Quadrant 2,1,2,94,,#FF0000,0,82.23058254089717,6
image_16.png,5,False,459.22232190352383,25.12337566780101,20,#FF0000,Quadrant 2,1,2,94,,#FF0000,0,131.97292250394545,6
image_16.png,5,False,187.2387408345268,213.12923812527168,20,#FF0000,Quadrant 3,2,1,94,,#FF0000,0,315.55588953581145,6
image_16.png,5,False,116.50457060773665,273.78258704550365,20,#FF0000,Quadrant 3,2,1,94,,#FF0000,0,170.7826817979854,6
image_16.png,5,False,218.46923732742988,261.10920976229295,20,#FF0000,Quadrant 3,2,1,94,,#FF0000,0,226.91208245865727,6
image_16.png,5,False,583.319724404443,50.65758154823664,20,#FF0000,Quadrant 2,1,2,94,,#FF0000,0,49.37886827273122,6
image_16.png,5,False,147.86754991562844,86.50526796332352,20,#FF0000,Quadrant 1,1,1,94,,#FF0000,0,38.25493499030219,6
image_16.png,5,False,214.49697748942233,25.89535748359895,20,#FF0000,Quadrant 1,1,1,94,,#FF0000,0,253.23723008865298,6
image_16.png,5,False,154.10115516314275,363.7210022784097,20,#FF0000,Quadrant 3,2,1,94,,#FF0000,0,178.68769681251337,6
image_16.png,5,False,12.886481350543566,264.8773240718474,20,#FF0000,Quadrant 3,2,1,94,,#FF0000,0,119.01730183081251,6
image_16.png,5,False,73.06696209381197,204.42462115264104,20,#FF0000,Quadrant 3,2,1,94,,#FF0000,0,53.6920173600358,6
image_16.png,5,False,439.42504596609746,343.06375313624505,20,#FF0000,Quadrant 4,2,2,94,,#FF0000,0,157.57722604149652,6
image_16.png,5,False,674.0315418731805,113.75290830357187,20,#FF0000,Quadrant 2,1,2,94,,#FF0000,0,144.27990514107105,6
image_16.png,5,False,560.0706847973953,53.73537831075023,20,#FF0000,Quadrant 2,1,2,94,,#FF0000,0,233.58473419401494,6
image_16.png,5,False,478.4128708757026,79.5164918831002,20,#FF0000,Quadrant 2,1,2,94,,#FF0000,0,288.81532225623454,6
image_16.png,5,False,588.75163234096,378.9620513251896,20,#FF0000,Quadrant 4,2,2,94,,#FF0000,0,246.4070880173302,6
image_16.png,5,False,645.1542121046527,53.69036720328408,20,#FF0000,Quadrant 2,1,2,94,,#FF0000,0,47.03591863742971,6
image_16.png,5,False,42.67493218659263,109.88966381236916,20,#FF0000,Quadrant 1,1,1,94,,#FF0000,0,148.06233494466272,6
image_16.png,5,False,408.3111665970085,224.57462130983396,20,#FF0000,Quadrant 4,2,2,94,,#FF0000,0,276.31033858436774,6
image_16.png,5,False,182.26954945213754,141.6933062589364,20,#FF0000,Quadrant 1,1,1,94,,#FF0000,0,238.21677462454667,6
image_16.png,5,False,276.17998939322615,328.1544820248596,20,#FF0000,Quadrant 3,2,1,94,,#FF0000,0,243.46640460867883,6
image_16.png,5,False,691.5884294606578,31.62599155606147,20,#FF0000,Quadrant 2,1,2,94,,#FF0000,0,201.00392521278764,6
image_16.png,5,False,176.97446170439227,377.71482844012525,20,#FF0000,Quadrant 3,2,1,94,,#FF0000,0,176.99326601198445,6
image_16.png,5,False,164.44479446330251,254.1739450031892,20,#FF0000,Quadrant 3,2,1,94,,#FF0000,0,18.12625722955582,6
image_16.png,5,False,172.91499999399687,184.5377568148329,20,#FF0000,Quadrant 1,1,1,94,,#FF0000,0,145.17971764622024,6
image_16.png,5,False,81.72124849982502,166.86397102135768,20,#FF0000,Quadrant 1,1,1,94,,#FF0000,0,235.21428112981383,6
image_16.png,5,False,11.116933964573807,45.35851673255918,20,#FF0000,Quadrant 1,1,1,94,,#FF0000,0,200.56716410573992,6
image_16.png,5,False,89.56209390710369,298.02294150790624,20,#FF0000,Quadrant 3,2,1,94,,#FF0000,0,257.7288601019359,6
image_16.png,5,False,246.19505194344185,324.69610876980363,20,#FF0000,Quadrant 3,2,1,94,,#FF0000,0,79.82895881526841,6
image_16.png,5,False,212.17667546390595,208.31036273636337,20,#FF0000,Quadrant 3,2,1,94,,#FF0000,0,347.1961260435624,6
image_16.png,5,False,42.54111769011862,73.05072899263774,20,#FF0000,Quadrant 1,1,1,94,,#FF0000,0,252.75457917359472,6
image_16.png,5,False,281.7056815515545,183.7633911347498,20,#FF0000,Quadrant 1,1,1,94,,#FF0000,0,334.8778532951323,6
image_16.png,5,False,649.445679540207,327.5622377698838,20,#FF0000,Quadrant 4,2,2,94,,#FF0000,0,149.2093242461989,6
image_16.png,5,False,543.0080246360507,181.2907376504884,20,#FF0000,Quadrant 2,1,2,94,,#FF0000,0,211.97199884324448,6
image_17.png,2,True,358.3921299708203,375.3370978426726,20,#FF0000,Quadrant 4,2,2,85,140,#FF0000,0,212.15381997993973,6
image_17.png,5,False,518.2513979857105,220.119552325804,20,#FF0000,Quadrant 4,2,2,85,,#FF0000,0,1.5615459600922499,6
image_17.png,5,False,414.14817011907786,360.41219028942163,20,#FF0000,Quadrant 4,2,2,85,,#FF0000,0,155.81173674742726,6
image_17.png,5,False,638.1150441549158,272.5070953718838,20,#FF0000,Quadrant 4,2,2,85,,#FF0000,0,281.18933894946,6
image_17.png,5,False,572.7032221738625,50.143397304708564,20,#FF0000,Quadrant 2,1,2,85,,#FF0000,0,62.51409726573581,6
image_17.png,5,False,428.64477325363043,132.65694202895182,20,#FF0000,Quadrant 2,1,2,85,,#FF0000,0,236.7078520074231,6
image_17.png,5,False,299.46000987944024,241.19961616556395,20,#FF0000,Quadrant 3,2,1,85,,#FF0000,0,317.30060412346234,6
image_17.png,5,False,182.03652568539644,161.39485866008962,20,#FF0000,Quadrant 1,1,1,85,,#FF0000,0,249.30559273403045,6
image_17.png,5,False,213.6855704785189,315.21320204745643,20,#FF0000,Quadrant 3,2,1,85,,#FF0000,0,123.42917017174507,6
image_17.png,5,False,591.8782831529496,218.0706571738977,20,#FF0000,Quadrant 4,2,2,85,,#FF0000,0,184.42606410092654,6
image_17.png,5,False,155.49204772004083,281.0373544681001,20,#FF0000,Quadrant 3,2,1,85,,#FF0000,0,78.24332052707723,6
image_17.png,5,False,645.7011256833783,61.14991340745103,20,#FF0000,Quadrant 2,1,2,85,,#FF0000,0,247.18006703485312,6
image_17.png,5,False,682.8986707574645,78.21320031934766,20,#FF0000,Quadrant 2,1,2,85,,#FF0000,0,255.74271972500603,6
image_17.png,5,False,449.808552623695,279.5133308591186,20,#FF0000,Quadrant 4,2,2,85,,#FF0000,0,195.2969322350048,6
image_17.png,5,False,398.41106569003216,231.30077047423447,20,#FF0000,Quadrant 4,2,2,85,,#FF0000,0,273.879008939904,6
image_17.png,5,False,500.2751820954851,265.86403753380756,20,#FF0000,Quadrant 4,2,2,85,,#FF0000,0,339.3625143183515,6
image_17.png,5,False,378.85903175178447,342.6863948127613,20,#FF0000,Quadrant 4,2,2,85,,#FF0000,0,321.7917604960512,6
image_17.png,5,False,19.798884907073933,51.24583609069039,20,#FF0000,Quadrant 1,1,1,85,,#FF0000,0,152.0590929015705,6
image_17.png,5,False,47.561784660854364,32.39660468372042,20,#FF0000,Quadrant 1,1,1,85,,#FF0000,0,137.11331287263044,6
image_17.png,5,False,552.2316806978321,382.7752447898736,20,#FF0000,Quadrant 4,2,2,85,,#FF0000,0,96.11217699994597,6
image_17.png,5,False,111.88916080693953,34.44840744916237,20,#FF0000,Quadrant 1,1,1,85,,#FF0000,0,246.02051831932334,6
image_17.png,5,False,151.5566223876642,215.56304904976344,20,#FF0000,Quadrant 3,2,1,85,,#FF0000,0,282.3686643410519,6
image_17.png,5,False,322.8376136169487,243.88913916138833,20,#FF0000,Quadrant 3,2,1,85,,#FF0000,0,129.1256774444091,6
image_17.png,5,False,398.1387535398884,95.78819196397075,20,#FF0000,Quadrant 2,1,2,85,,#FF0000,0,243.1893648670412,6
image_17.png,5,False,278.9429101921862,204.12863079062186,20,#FF0000,Quadrant 3,2,1,85,,#FF0000,0,232.96299995524734,6
image_17.png,5,False,273.9104307593789,168.46203776920842,20,#FF0000,Quadrant 1,1,1,85,,#FF0000,0,16.912757259119534,6
image_17.png,5,False,483.0674977110221,376.08495472895424,20,#FF0000,Quadrant 4,2,2,85,,#FF0000,0,283.72015082311765,6
image_17.png,5,False,523.388606743321,87.76697019168972,20,#FF0000,Quadrant 2,1,2,85,,#FF0000,0,19.368789230789865,6
image_17.png,5,False,603.8464248218488,178.47813677589411,20,#FF0000,Quadrant 2,1,2,85,,#FF0000,0,312.78598607430575,6
image_17.png,5,False,416.3974993796484,290.13411228418556,20,#FF0000,Quadrant 4,2,2,85,,#FF0000,0,132.38680356620827,6
image_17.png,5,False,688.5993399348255,39.1492797484781,20,#FF0000,Quadrant 2,1,2,85,,#FF0000,0,161.57337206507714,6
image_17.png,5,False,517.4697658720647,56.115740661180965,20,#FF0000,Quadrant 2,1,2,85,,#FF0000,0,346.4910896313656,6
image_17.png,5,False,203.30833770704604,110.88256702695152,20,#FF0000,Quadrant 1,1,1,85,,#FF0000,0,14.628323869875146,6
image_17.png,5,False,593.9037811063687,13.133861414736009,20,#FF0000,Quadrant 2,1,2,85,,#FF0000,0,57.93438591238093,6
image_17.png,5,False,656.933676374414,26.097542763500485,20,#FF0000,Quadrant 2,1,2,85,,#FF0000,0,167.87928175544846,6
image_17.png,5,False,591.9234470430192,124.83652132323573,20,#FF0000,Quadrant 2,1,2,85,,#FF0000,0,225.131998521232,6
image_17.png,5,False,390.06036382705696,38.54894069108279,20,#FF0000,Quadrant 2,1,2,85,,#FF0000,0,284.36694567027473,6
image_17.png,5,False,288.95435876660406,143.07431542584948,20,#FF0000,Quadrant 1,1,1,85,,#FF0000,0,195.50885582963332,6
image_17.png,5,False,468.0374542673508,136.1431508390723,20,#FF0000,Quadrant 2,1,2,85,,#FF0000,0,318.02282599216227,6
image_17.png,5,False,665.7624024121446,244.71006717181638,20,#FF0000,Quadrant 4,2,2,85,,#FF0000,0,105.68676858127338,6
image_17.png,5,False,90.04342451616077,141.7907559310065,20,#FF0000,Quadrant 1,1,1,85,,#FF0000,0,233.7480408189396,6
image_17.png,5,False,453.5201411607865,358.23355909278825,20,#FF0000,Quadrant 4,2,2,85,,#FF0000,0,86.52523551597238,6
image_17.png,5,False,38.47542416511389,345.77954010154446,20,#FF0000,Quadrant 3,2,1,85,,#FF0000,0,87.77777899207811,6
image_17.png,5,False,509.81919416687765,20.33876583341491,20,#FF0000,Quadrant 2,1,2,85,,#FF0000,0,92.3726003951239,6
image_17.png,5,False,541.8705880593217,205.40882546800916,20,#FF0000,Quadrant 4,2,2,85,,#FF0000,0,186.07241612642454,6
image_17.png,5,False,346.4084446148112,123.05204049907957,20,#FF0000,Quadrant 1,1,1,85,,#FF0000,0,183.14481348097684,6
image_17.png,5,False,231.6954896753538,42.126579362333324,20,#FF0000,Quadrant 1,1,1,85,,#FF0000,0,234.55015055317025,6
image_17.png,5,False,680.4522224655323,303.31439989324275,20,#FF0000,Quadrant 4,2,2,85,,#FF0000,0,34.544315191076166,6
image_17.png,5,False,442.9568893470621,90.67539752562845,20,#FF0000,Quadrant 2,1,2,85,,#FF0000,0,191.95409597932553,6
image_17.png,5,False,152.6443223395396,324.2669976326585,20,#FF0000,Quadrant 3,2,1,85,,#FF0000,0,300.8394279883329,6
image_17.png,5,False,521.8073990204739,175.5198742926129,20,#FF0000,Quadrant 2,1,2,85,,#FF0000,0,316.30940341532687,6
image_17.png,5,False,60.69101985251732,270.32445785492087,20,#FF0000,Quadrant 3,2,1,85,,#FF0000,0,294.03156532578464,6
image_17.png,5,False,133.6366006896942,106.22122437474005,20,#FF0000,Quadrant 1,1,1,85,,#FF0000,0,26.36929049742596,6
image_17.png,5,False,577.095710537194,355.3529251349637,20,#FF0000,Quadrant 4,2,2,85,,#FF0000,0,25.359153203565057,6
image_17.png,5,False,321.82558231964475,163.88135182621676,20,#FF0000,Quadrant 1,1,1,85,,#FF0000,0,146.74780025848548,6
image_17.png,5,False,279.36678653138,55.719577894861935,20,#FF0000,Quadrant 1,1,1,85,,#FF0000,0,113.90552853108008,6
image_17.png,5,False,273.79395281697083,321.76225592012224,20,#FF0000,Quadrant 3,2,1,85,,#FF0000,0,333.60871670814913,6
image_17.png,5,False,559.9748311226583,332.0986915847946,20,#FF0000,Quadrant 4,2,2,85,,#FF0000,0,268.8314081784883,6
image_17.png,5,False,676.1367560682206,338.7785315490118,20,#FF0000,Quadrant 4,2,2,85,,#FF0000,0,319.3121228300095,6
image_17.png,5,False,156.88675367324757,353.3273954701581,20,#FF0000,Quadrant 3,2,1,85,,#FF0000,0,261.3374448104694,6
image_17.png,5,False,109.1515756912347,80.54924921287483,20,#FF0000,Quadrant 1,1,1,85,,#FF0000,0,306.52518648295825,6
image_17.png,5,False,185.13908494182496,54.327320922563345,20,#FF0000,Quadrant 1,1,1,85,,#FF0000,0,222.07857236645674,6
image_17.png,5,False,693.1626552051432,218.46572089462163,20,#FF0000,Quadrant 4,2,2,85,,#FF0000,0,270.3750531051543,6
image_17.png,5,False,257.06832935914565,264.7497238648592,20,#FF0000,Quadrant 3,2,1,85,,#FF0000,0,342.55436628391095,6
image_17.png,5,False,207.45949213092305,37.38775842074176,20,#FF0000,Quadrant 1,1,1,85,,#FF0000,0,84.43182554853126,6
image_17.png,5,False,488.7926511205217,68.60529565646242,20,#FF0000,Quadrant 2,1,2,85,,#FF0000,0,237.39201031657436,6
image_17.png,5,False,317.85164378712295,303.86191145679607,20,#FF0000,Quadrant 3,2,1,85,,#FF0000,0,172.7834293739901,6
image_17.png,5,False,85.98568640728021,255.01850634295684,20,#FF0000,Quadrant 3,2,1,85,,#FF0000,0,175.3096976772089,6
image_17.png,5,False,512.1960780020845,348.21575979174855,20,#FF0000,Quadrant 4,2,2,85,,#FF0000,0,225.58279862647098,6
image_17.png,5,False,446.19065468380467,318.1788271364167,20,#FF0000,Quadrant 4,2,2,85,,#FF0000,0,305.85141824621104,6
image_17.png,5,False,190.5646454725441,348.9266832584087,20,#FF0000,Quadrant 3,2,1,85,,#FF0000,0,13.196271349294753,6
image_17.png,5,False,461.54270796560417,67.18326780408202,20,#FF0000,Quadrant 2,1,2,85,,#FF0000,0,194.28376205233795,6
image_17.png,5,False,625.2004676238283,233.8690853056292,20,#FF0000,Quadrant 4,2,2,85,,#FF0000,0,141.29940450482363,6
image_17.png,5,False,103.2441877587071,200.42455878060858,20,#FF0000,Quadrant 3,2,1,85,,#FF0000,0,308.5790954884864,6
image_17.png,5,False,261.7033695131037,15.003656271788966,20,#FF0000,Quadrant 1,1,1,85,,#FF0000,0,32.59944873185945,6
image_17.png,5,False,675.1961848788417,382.1405092634677,20,#FF0000,Quadrant 4,2,2,85,,#FF0000,0,85.9970896338929,6
image_17.png,5,False,111.73114755040962,287.6976914462766,20,#FF0000,Quadrant 3,2,1,85,,#FF0000,0,313.9902555077136,6
image_17.png,5,False,38.849260149645566,298.83655882126635,20,#FF0000,Quadrant 3,2,1,85,,#FF0000,0,338.10309297715423,6
image_17.png,5,False,367.8229233281558,310.1720528047756,20,#FF0000,Quadrant 4,2,2,85,,#FF0000,0,240.69081600337228,6
image_17.png,5,False,643.4344394374589,344.22664893830836,20,#FF0000,Quadrant 4,2,2,85,,#FF0000,0,139.71351958127855,6
image_17.png,5,False,271.7992582521548,233.14259576023528,20,#FF0000,Quadrant 3,2,1,85,,#FF0000,0,135.597445035898,6
image_17.png,5,False,64.63001754865599,106.09966306576337,20,#FF0000,Quadrant 1,1,1,85,,#FF0000,0,323.36158231473615,6
image_17.png,5,False,248.72727058416316,310.62451739786275,20,#FF0000,Quadrant 3,2,1,85,,#FF0000,0,294.2052354840859,6
image_17.png,5,False,15.545806048554724,344.40894392527656,20,#FF0000,Quadrant 3,2,1,85,,#FF0000,0,319.38189966616,6
image_17.png,5,False,573.8820470536464,260.8994450201907,20,#FF0000,Quadrant 4,2,2,85,,#FF0000,0,216.72729952803977,6
image_17.png,5,False,294.1095537354448,103.10737620523987,20,#FF0000,Quadrant 1,1,1,85,,#FF0000,0,233.01332429059892,6
image_18.png,2,True,122.01797771323369,248.96628060772258,20,#FF0000,Quadrant 3,2,1,17,140,#FF0000,0,206.45514408681657,4
image_18.png,5,False,405.2935471697901,32.13473757264789,20,#FF0000,Quadrant 2,1,2,17,,#FF0000,0,14.108711486214084,4
image_18.png,5,False,135.0458647680687,373.2140911911613,20,#FF0000,Quadrant 3,2,1,17,,#FF0000,0,92.97347256601505,4
image_18.png,5,False,466.9423481514899,118.14584878133209,20,#FF0000,Quadrant 2,1,2,17,,#FF0000,0,259.03702782147195,4
image_18.png,5,False,320.5011161558057,386.269261361616,20,#FF0000,Quadrant 3,2,1,17,,#FF0000,0,30.869460984868027,4
image_18.png,5,False,128.52051416890072,324.87743123821815,20,#FF0000,Quadrant 3,2,1,17,,#FF0000,0,312.22886363715395,4
image_18.png,5,False,558.490472409451,321.131302089328,20,#FF0000,Quadrant 4,2,2,17,,#FF0000,0,216.301937188032,4
image_18.png,5,False,247.10050817206866,182.41171486295468,20,#FF0000,Quadrant 1,1,1,17,,#FF0000,0,260.70724730799213,4
image_18.png,5,False,169.34169936617926,156.70459167641837,20,#FF0000,Quadrant 1,1,1,17,,#FF0000,0,212.61455673563063,4
image_18.png,5,False,300.2387637307366,67.53413119080038,20,#FF0000,Quadrant 1,1,1,17,,#FF0000,0,181.56942938545654,4
image_18.png,5,False,338.8738688022499,243.37480806357868,20,#FF0000,Quadrant 3,2,1,17,,#FF0000,0,34.66748762035359,4
image_18.png,5,False,551.0852138039114,201.2584406763377,20,#FF0000,Quadrant 4,2,2,17,,#FF0000,0,14.053162902526166,4
image_18.png,5,False,343.26400429249935,60.26430181376812,20,#FF0000,Quadrant 1,1,1,17,,#FF0000,0,42.30590636691737,4
image_18.png,5,False,581.1625054912786,350.054264176367,20,#FF0000,Quadrant 4,2,2,17,,#FF0000,0,217.2508742968958,4
image_18.png,5,False,458.32066548840186,208.33271881206747,20,#FF0000,Quadrant 4,2,2,17,,#FF0000,0,278.9533523044092,4
image_18.png,5,False,40.92897721883574,211.27064415920873,20,#FF0000,Quadrant 3,2,1,17,,#FF0000,0,133.33588208956084,4
image_18.png,5,False,416.8541313512913,291.2469479826886,20,#FF0000,Quadrant 4,2,2,17,,#FF0000,0,137.24513863165984,4
image_18.png,5,False,491.03153857549455,47.93699135508382,20,#FF0000,Quadrant 2,1,2,17,,#FF0000,0,274.15412173709706,4
image_19.png,2,True,538.6767754569752,355.01226482333334,20,#FF0000,Quadrant 4,2,2,18,140,#FF0000,0,91.62649014421436,4
image_19.png,5,False,423.2234290472566,216.530326295409,20,#FF0000,Quadrant 4,2,2,18,,#FF0000,0,30.174329146564,4
image_19.png,5,False,14.768453907992988,292.09806755484414,20,#FF0000,Quadrant 3,2,1,18,,#FF0000,0,92.8097914758888,4
image_19.png,5,False,371.03049392390176,207.4699776077222,20,#FF0000,Quadrant 4,2,2,18,,#FF0000,0,2.5610685950172574,4
image_19.png,5,False,152.53348165654597,315.0205437795136,20,#FF0000,Quadrant 3,2,1,18,,#FF0000,0,135.0107574137792,4
image_19.png,5,False,84.43583613367703,172.05506067198291,20,#FF0000,Quadrant 1,1,1,18,,#FF0000,0,147.18422778261547,4
image_19.png,5,False,191.03769449203534,213.6476487525274,20,#FF0000,Quadrant 3,2,1,18,,#FF0000,0,210.733266557066,4
image_19.png,5,False,432.58578646079604,385.8998988365304,20,#FF0000,Quadrant 4,2,2,18,,#FF0000,0,203.28128555142783,4
image_19.png,5,False,151.34493256147354,219.69567047262206,20,#FF0000,Quadrant 3,2,1,18,,#FF0000,0,143.08349335037084,4
image_19.png,5,False,692.0821939131914,229.35213586812228,20,#FF0000,Quadrant 4,2,2,18,,#FF0000,0,174.1536567461487,4
image_19.png,5,False,285.31139899011026,63.18989997498386,20,#FF0000,Quadrant 1,1,1,18,,#FF0000,0,278.7100143281971,4
image_19.png,5,False,93.05009173783644,97.85355309257551,20,#FF0000,Quadrant 1,1,1,18,,#FF0000,0,310.9789895813303,4
image_19.png,5,False,665.0299279278281,48.905317433664024,20,#FF0000,Quadrant 2,1,2,18,,#FF0000,0,281.9193337243208,4
image_19.png,5,False,552.6098936735367,313.7227112063602,20,#FF0000,Quadrant 4,2,2,18,,#FF0000,0,183.00367552192452,4
image_19.png,5,False,482.6649037821461,30.675957297973085,20,#FF0000,Quadrant 2,1,2,18,,#FF0000,0,221.049132130598,4
image_19.png,5,False,449.11899005357355,315.0516184153518,20,#FF0000,Quadrant 4,2,2,18,,#FF0000,0,140.07732501063708,4
image_19.png,5,False,335.9797068008688,237.89277698526286,20,#FF0000,Quadrant 3,2,1,18,,#FF0000,0,296.3719675862658,4
image_19.png,5,False,192.2703865975119,151.17567764412624,20,#FF0000,Quadrant 1,1,1,18,,#FF0000,0,31.730648153043994,4
image_19.png,5,False,510.1768575519369,362.7989266225798,20,#FF0000,Quadrant 4,2,2,18,,#FF0000,0,219.2503900348538,4
image_20.png,2,True,369.9728192789651,279.9870043859949,20,#FF0000,Quadrant 4,2,2,52,140,#FF0000,0,221.02761265801698,5
image_20.png,5,False,662.5982260556237,321.04646161386734,20,#FF0000,Quadrant 4,2,2,52,,#FF0000,0,215.09012297307467,5
image_20.png,5,False,313.4517414449115,87.24533778067352,20,#FF0000,Quadrant 1,1,1,52,,#FF0000,0,230.5048732308493,5
image_20.png,5,False,564.8939273804993,119.11046142588685,20,#FF0000,Quadrant 2,1,2,52,,#FF0000,0,236.47832017446345,5
image_20.png,5,False,424.06577498292523,205.97755272696912,20,#FF0000,Quadrant 4,2,2,52,,#FF0000,0,12.099366502653034,5
image_20.png,5,False,127.7737124592274,24.63110832856384,20,#FF0000,Quadrant 1,1,1,52,,#FF0000,0,83.40155021450218,5
image_20.png,5,False,11.197930307835527,70.51411960144773,20,#FF0000,Quadrant 1,1,1,52,,#FF0000,0,86.1323851034558,5
image_20.png,5,False,548.1946136147515,144.48225674876758,20,#FF0000,Quadrant 2,1,2,52,,#FF0000,0,358.85417177779425,5
image_20.png,5,False,58.27723146463362,45.08269417096689,20,#FF0000,Quadrant 1,1,1,52,,#FF0000,0,265.2931944527022,5
image_20.png,5,False,582.7079488875676,356.8733921524022,20,#FF0000,Quadrant 4,2,2,52,,#FF0000,0,102.41776333309659,5
image_20.png,5,False,674.7052012301218,115.51996680751219,20,#FF0000,Quadrant 2,1,2,52,,#FF0000,0,125.31428936936729,5
image_20.png,5,False,145.02785803622717,362.43183182698147,20,#FF0000,Quadrant 3,2,1,52,,#FF0000,0,218.29082687721078,5
image_20.png,5,False,190.90307140796602,164.89688866852222,20,#FF0000,Quadrant 1,1,1,52,,#FF0000,0,206.9664198284933,5
image_20.png,5,False,60.873933692899,122.22718964894938,20,#FF0000,Quadrant 1,1,1,52,,#FF0000,0,38.32738430132757,5
image_20.png,5,False,571.2585238787918,228.3098861765376,20,#FF0000,Quadrant 4,2,2,52,,#FF0000,0,315.4006966475041,5
image_20.png,5,False,676.6122089312099,223.8777322382636,20,#FF0000,Quadrant 4,2,2,52,,#FF0000,0,249.90907012966804,5
image_20.png,5,False,532.8990933971573,374.34823816401024,20,#FF0000,Quadrant 4,2,2,52,,#FF0000,0,277.1881893841801,5
image_20.png,5,False,328.4363841690489,232.82042348269223,20,#FF0000,Quadrant 3,2,1,52,,#FF0000,0,165.18543456028462,5
image_20.png,5,False,91.10885969279566,36.535510529953854,20,#FF0000,Quadrant 1,1,1,52,,#FF0000,0,9.846251111546591,5
image_20.png,5,False,696.0024449888126,266.8731049526078,20,#FF0000,Quadrant 4,2,2,52,,#FF0000,0,228.11824712094787,5
image_20.png,5,False,228.53844818593183,372.1584697326302,20,#FF0000,Quadrant 3,2,1,52,,#FF0000,0,82.77484989209549,5
image_20.png,5,False,17.699279091238775,325.56292298098043,20,#FF0000,Quadrant 3,2,1,52,,#FF0000,0,185.94151819374179,5
image_20.png,5,False,75.0834973816812,265.6578125435256,20,#FF0000,Quadrant 3,2,1,52,,#FF0000,0,89.37273937034792,5
image_20.png,5,False,63.38385734771178,363.06777865788047,20,#FF0000,Quadrant 3,2,1,52,,#FF0000,0,295.58688821731084,5
image_20.png,5,False,254.58763116294188,349.05154358493814,20,#FF0000,Quadrant 3,2,1,52,,#FF0000,0,171.5599634721443,5
image_20.png,5,False,663.5643771447365,269.2145626219845,20,#FF0000,Quadrant 4,2,2,52,,#FF0000,0,96.86728168876766,5
image_20.png,5,False,354.81054551057764,86.47395177764888,20,#FF0000,Quadrant 1,1,1,52,,#FF0000,0,327.57388523563964,5
image_20.png,5,False,612.3195814033173,89.16232301771973,20,#FF0000,Quadrant 2,1,2,52,,#FF0000,0,264.75446348741906,5
image_20.png,5,False,183.0401539894537,244.82962789072351,20,#FF0000,Quadrant 3,2,1,52,,#FF0000,0,72.99596116377839,5
image_20.png,5,False,468.0991899627901,243.02659665423442,20,#FF0000,Quadrant 4,2,2,52,,#FF0000,0,243.29236495554954,5
image_20.png,5,False,384.07555472148385,26.97546190431715,20,#FF0000,Quadrant 2,1,2,52,,#FF0000,0,275.1279165487897,5
image_20.png,5,False,629.0328437301803,339.3946198660812,20,#FF0000,Quadrant 4,2,2,52,,#FF0000,0,354.73007855680146,5
image_20.png,5,False,689.247936364835,357.25058161622667,20,#FF0000,Quadrant 4,2,2,52,,#FF0000,0,176.68992657835682,5
image_20.png,5,False,561.6969733504069,191.80498895935241,20,#FF0000,Quadrant 2,1,2,52,,#FF0000,0,19.493341663962287,5
image_20.png,5,False,357.2054211518324,159.8249968382064,20,#FF0000,Quadrant 2,1,2,52,,#FF0000,0,194.67646041305775,5
image_20.png,5,False,327.9886365419903,271.5215875445473,20,#FF0000,Quadrant 3,2,1,52,,#FF0000,0,251.36804451461023,5
image_20.png,5,False,156.20839374829748,230.62110677423087,20,#FF0000,Quadrant 3,2,1,52,,#FF0000,0,4.255192299761612,5
image_20.png,5,False,433.20410839326047,109.16689071613266,20,#FF0000,Quadrant 2,1,2,52,,#FF0000,0,117.1570319695535,5
image_20.png,5,False,174.38887607769868,189.16854787113616,20,#FF0000,Quadrant 1,1,1,52,,#FF0000,0,197.4828241365079,5
image_20.png,5,False,263.12174012300756,199.5350662786544,20,#FF0000,Quadrant 1,1,1,52,,#FF0000,0,220.7102555298412,5
image_20.png,5,False,493.7909998764312,151.73303933441247,20,#FF0000,Quadrant 2,1,2,52,,#FF0000,0,75.79169355983628,5
image_20.png,5,False,203.66474746579132,78.99812845880443,20,#FF0000,Quadrant 1,1,1,52,,#FF0000,0,307.55739140669505,5
image_20.png,5,False,407.7900904242859,97.39823131087473,20,#FF0000,Quadrant 2,1,2,52,,#FF0000,0,47.21009993954061,5
image_20.png,5,False,273.42865035748144,66.12893195758875,20,#FF0000,Quadrant 1,1,1,52,,#FF0000,0,155.59875062310056,5
image_20.png,5,False,114.03861145591773,315.5426406687691,20,#FF0000,Quadrant 3,2,1,52,,#FF0000,0,345.2932514688009,5
image_20.png,5,False,355.2229021910651,387.3223491732494,20,#FF0000,Quadrant 3,2,1,52,,#FF0000,0,63.57861959746062,5
image_20.png,5,False,217.72355150372613,223.48833488310683,20,#FF0000,Quadrant 3,2,1,52,,#FF0000,0,282.7198572097962,5
image_20.png,5,False,285.4989103838327,272.0253205131235,20,#FF0000,Quadrant 3,2,1,52,,#FF0000,0,204.42042691391222,5
image_20.png,5,False,320.9499703349525,137.50017155850475,20,#FF0000,Quadrant 1,1,1,52,,#FF0000,0,226.7503964503756,5
image_20.png,5,False,397.08117398702825,363.23724964399634,20,#FF0000,Quadrant 4,2,2,52,,#FF0000,0,129.94632757984377,5
image_20.png,5,False,674.5873104724428,86.20616582073806,20,#FF0000,Quadrant 2,1,2,52,,#FF0000,0,312.2526902306892,5
image_20.png,5,False,458.2512258588072,76.97567990573528,20,#FF0000,Quadrant 2,1,2,52,,#FF0000,0,207.32200469040552,5
image_20.png,5,False,255.67012745132445,265.46689357569835,20,#FF0000,Quadrant 3,2,1,52,,#FF0000,0,280.91127531572533,5
image_21.png,2,True,318.9348506700751,40.63804309103513,20,#FF0000,Quadrant 1,1,1,63,140,#FF0000,0,278.90797216556535,5
image_21.png,5,False,330.52518362737965,372.59269491398834,20,#FF0000,Quadrant 3,2,1,63,,#FF0000,0,220.9189580615497,5
image_21.png,5,False,452.36006971833933,361.9982001150607,20,#FF0000,Quadrant 4,2,2,63,,#FF0000,0,312.57275417690863,5
image_21.png,5,False,432.88168517394575,164.00408819976815,20,#FF0000,Quadrant 2,1,2,63,,#FF0000,0,151.85393562360426,5
image_21.png,5,False,65.50811802310974,140.89043431182486,20,#FF0000,Quadrant 1,1,1,63,,#FF0000,0,326.5462984568169,5
image_21.png,5,False,460.9260241295734,279.54385737407625,20,#FF0000,Quadrant 4,2,2,63,,#FF0000,0,112.85354282018663,5
image_21.png,5,False,283.4687190494681,346.54750289150763,20,#FF0000,Quadrant 3,2,1,63,,#FF0000,0,217.93859028869826,5
image_21.png,5,False,657.8124162869198,293.70449842405077,20,#FF0000,Quadrant 4,2,2,63,,#FF0000,0,281.15065329231567,5
image_21.png,5,False,321.248884299684,74.24624447158708,20,#FF0000,Quadrant 1,1,1,63,,#FF0000,0,187.53684898904987,5
image_21.png,5,False,97.15249849435087,99.68907864573987,20,#FF0000,Quadrant 1,1,1,63,,#FF0000,0,307.5162640833586,5
image_21.png,5,False,523.5301126001789,294.4016205539142,20,#FF0000,Quadrant 4,2,2,63,,#FF0000,0,90.5929236006546,5
image_21.png,5,False,284.56440689394935,47.119305775415334,20,#FF0000,Quadrant 1,1,1,63,,#FF0000,0,75.80573692983212,5
image_21.png,5,False,372.02414323450995,387.493190463401,20,#FF0000,Quadrant 4,2,2,63,,#FF0000,0,277.53613399657985,5
image_21.png,5,False,436.8723962901833,42.869658794453336,20,#FF0000,Quadrant 2,1,2,63,,#FF0000,0,37.4142254477949,5
image_21.png,5,False,279.6040373232691,97.69655117031844,20,#FF0000,Quadrant 1,1,1,63,,#FF0000,0,335.3722488788491,5
image_21.png,5,False,128.54890116814988,24.288582778137695,20,#FF0000,Quadrant 1,1,1,63,,#FF0000,0,189.62724165518878,5
image_21.png,5,False,641.6226748530842,337.68315154303974,20,#FF0000,Quadrant 4,2,2,63,,#FF0000,0,128.46284739474035,5
image_21.png,5,False,611.048910196591,364.37616208920366,20,#FF0000,Quadrant 4,2,2,63,,#FF0000,0,168.18965160096698,5
image_21.png,5,False,104.0941716061131,369.5277579553533,20,#FF0000,Quadrant 3,2,1,63,,#FF0000,0,197.4762988101257,5
image_21.png,5,False,615.4553662880161,175.42144639691563,20,#FF0000,Quadrant 2,1,2,63,,#FF0000,0,269.6081765659631,5
image_21.png,5,False,378.77726628152016,354.572951340896,20,#FF0000,Quadrant 4,2,2,63,,#FF0000,0,230.3231432306034,5
image_21.png,5,False,167.49149836185313,44.85142052935954,20,#FF0000,Quadrant 1,1,1,63,,#FF0000,0,173.39460577279718,5
image_21.png,5,False,295.0084220544029,69.86122976802706,20,#FF0000,Quadrant 1,1,1,63,,#FF0000,0,110.83254673840102,5
image_21.png,5,False,371.56488965300224,297.63492362591455,20,#FF0000,Quadrant 4,2,2,63,,#FF0000,0,3.800094723949159,5
image_21.png,5,False,208.5791892131968,213.26737967985767,20,#FF0000,Quadrant 3,2,1,63,,#FF0000,0,49.06816366164811,5
image_21.png,5,False,559.9727274848013,218.22420998839576,20,#FF0000,Quadrant 4,2,2,63,,#FF0000,0,214.92135080127076,5
image_21.png,5,False,503.5922702765032,255.18452213194513,20,#FF0000,Quadrant 4,2,2,63,,#FF0000,0,89.96260239762825,5
image_21.png,5,False,489.11402100858953,113.76501410907395,20,#FF0000,Quadrant 2,1,2,63,,#FF0000,0,220.75783916359376,5
image_21.png,5,False,377.5095992927935,112.61472539661575,20,#FF0000,Quadrant 2,1,2,63,,#FF0000,0,233.44453474472223,5
image_21.png,5,False,58.17166341601715,62.64388444622621,20,#FF0000,Quadrant 1,1,1,63,,#FF0000,0,67.68022527734584,5
image_21.png,5,False,324.73133571159514,182.1460139219962,20,#FF0000,Quadrant 1,1,1,63,,#FF0000,0,39.72828618646692,5
image_21.png,5,False,349.98525366475377,132.203327352788,20,#FF0000,Quadrant 1,1,1,63,,#FF0000,0,252.170135261054,5
image_21.png,5,False,679.1344739466522,19.365474762651374,20,#FF0000,Quadrant 2,1,2,63,,#FF0000,0,54.77374984225288,5
image_21.png,5,False,205.3769163897294,58.26481867092896,20,#FF0000,Quadrant 1,1,1,63,,#FF0000,0,350.0397377969209,5
image_21.png,5,False,16.652617561865096,45.09445963023926,20,#FF0000,Quadrant 1,1,1,63,,#FF0000,0,157.8299887609373,5
image_21.png,5,False,160.64259069098497,169.8518642617463,20,#FF0000,Quadrant 1,1,1,63,,#FF0000,0,5.300944877331246,5
image_21.png,5,False,385.25925392606206,79.6462131936005,20,#FF0000,Quadrant 2,1,2,63,,#FF0000,0,141.27183903529112,5
image_21.png,5,False,183.30475243989932,155.23626042216475,20,#FF0000,Quadrant 1,1,1,63,,#FF0000,0,322.45163219387933,5
image_21.png,5,False,682.4983684811917,281.14999304792116,20,#FF0000,Quadrant 4,2,2,63,,#FF0000,0,4.541575639740807,5
image_21.png,5,False,682.7558555319912,104.42730823770151,20,#FF0000,Quadrant 2,1,2,63,,#FF0000,0,138.527243715831,5
image_21.png,5,False,148.2349347734083,288.9520105379557,20,#FF0000,Quadrant 3,2,1,63,,#FF0000,0,358.0327472989537,5
image_21.png,5,False,469.8794318786101,89.7930159175996,20,#FF0000,Quadrant 2,1,2,63,,#FF0000,0,33.82570942945839,5
image_21.png,5,False,673.2763746980082,364.88936323015304,20,#FF0000,Quadrant 4,2,2,63,,#FF0000,0,140.08426580815933,5
image_21.png,5,False,95.1555018613672,192.90478620946826,20,#FF0000,Quadrant 1,1,1,63,,#FF0000,0,197.84878006229886,5
image_21.png,5,False,259.3339660279526,30.689080510009774,20,#FF0000,Quadrant 1,1,1,63,,#FF0000,0,107.57271015301724,5
image_21.png,5,False,21.381648930246243,311.27957019482415,20,#FF0000,Quadrant 3,2,1,63,,#FF0000,0,156.29819420594612,5
image_21.png,5,False,411.3620686591747,272.1040347043597,20,#FF0000,Quadrant 4,2,2,63,,#FF0000,0,348.78057461319577,5
image_21.png,5,False,117.78944833497461,302.3612660007432,20,#FF0000,Quadrant 3,2,1,63,,#FF0000,0,247.82635401663498,5
image_21.png,5,False,355.44433333706604,270.2870753396135,20,#FF0000,Quadrant 3,2,1,63,,#FF0000,0,89.54001230576219,5
image_21.png,5,False,255.9516782917984,69.18116859422648,20,#FF0000,Quadrant 1,1,1,63,,#FF0000,0,21.61884085475688,5
image_21.png,5,False,625.4474105259576,288.14537840292513,20,#FF0000,Quadrant 4,2,2,63,,#FF0000,0,125.03438599399574,5
image_21.png,5,False,271.28279720826,284.8228816757259,20,#FF0000,Quadrant 3,2,1,63,,#FF0000,0,7.68701976634556,5
image_21.png,5,False,38.20760593096287,278.10462003480643,20,#FF0000,Quadrant 3,2,1,63,,#FF0000,0,90.25064679621678,5
image_21.png,5,False,384.9437789191233,196.254774419481,20,#FF0000,Quadrant 2,1,2,63,,#FF0000,0,201.2489246286247,5
image_21.png,5,False,608.819007730483,237.30101892107106,20,#FF0000,Quadrant 4,2,2,63,,#FF0000,0,168.62209960160257,5
image_21.png,5,False,121.47660886836024,211.76994866579494,20,#FF0000,Quadrant 3,2,1,63,,#FF0000,0,309.8019099207767,5
image_21.png,5,False,438.3159485349352,132.22236764832843,20,#FF0000,Quadrant 2,1,2,63,,#FF0000,0,131.0670709562746,5
image_21.png,5,False,677.3754151786941,320.600799370345,20,#FF0000,Quadrant 4,2,2,63,,#FF0000,0,22.803032375754306,5
image_21.png,5,False,206.07593855464032,165.90611149565638,20,#FF0000,Quadrant 1,1,1,63,,#FF0000,0,55.48734501521383,5
image_21.png,5,False,77.32058880839618,260.06080939773454,20,#FF0000,Quadrant 3,2,1,63,,#FF0000,0,115.92866003339802,5
image_21.png,5,False,657.1438807577972,78.52546641364894,20,#FF0000,Quadrant 2,1,2,63,,#FF0000,0,15.759814833623217,5
image_21.png,5,False,440.91566347483814,234.1337447668967,20,#FF0000,Quadrant 4,2,2,63,,#FF0000,0,176.36746964823968,5
image_21.png,5,False,645.5932592512708,258.87325879746135,20,#FF0000,Quadrant 4,2,2,63,,#FF0000,0,4.710999540060521,5
image_21.png,5,False,584.3015335879493,187.92635621715738,20,#FF0000,Quadrant 2,1,2,63,,#FF0000,0,334.22533899781286,5
image_22.png,2,True,395.47570384484493,365.6561782105473,20,#FF0000,Quadrant 4,2,2,82,140,#FF0000,0,21.85206778297854,6
image_22.png,5,False,265.2883004414882,278.78797072200035,20,#FF0000,Quadrant 3,2,1,82,,#FF0000,0,149.74315297551112,6
image_22.png,5,False,194.14697216820235,26.3668915597016,20,#FF0000,Quadrant 1,1,1,82,,#FF0000,0,296.5114678598642,6
image_22.png,5,False,220.39023417009017,368.0601161987351,20,#FF0000,Quadrant 3,2,1,82,,#FF0000,0,25.339726659687877,6
image_22.png,5,False,77.91516335862948,285.1149906018734,20,#FF0000,Quadrant 3,2,1,82,,#FF0000,0,345.81122835736494,6
image_22.png,5,False,141.53822463049957,209.9005842380175,20,#FF0000,Quadrant 3,2,1,82,,#FF0000,0,191.39797850489012,6
image_22.png,5,False,441.84896188847574,78.62340303573068,20,#FF0000,Quadrant 2,1,2,82,,#FF0000,0,89.55469045944481,6
image_22.png,5,False,297.062189572071,50.88436075788087,20,#FF0000,Quadrant 1,1,1,82,,#FF0000,0,269.7099688718541,6
image_22.png,5,False,257.6367590853972,184.39638393792552,20,#FF0000,Quadrant 1,1,1,82,,#FF0000,0,229.90474795969513,6
image_22.png,5,False,619.2657493481528,74.05392254554093,20,#FF0000,Quadrant 2,1,2,82,,#FF0000,0,239.48724771847571,6
image_22.png,5,False,287.67289262066276,138.5798650722731,20,#FF0000,Quadrant 1,1,1,82,,#FF0000,0,64.94275389602456,6
image_22.png,5,False,698.9207311447109,178.4586002593528,20,#FF0000,Quadrant 2,1,2,82,,#FF0000,0,56.94352412375934,6
image_22.png,5,False,511.12283401085193,240.98025395716076,20,#FF0000,Quadrant 4,2,2,82,,#FF0000,0,155.01170618396839,6
image_22.png,5,False,158.39648573412336,300.43770702175965,20,#FF0000,Quadrant 3,2,1,82,,#FF0000,0,202.73209300954227,6
image_22.png,5,False,186.06740862910362,374.5043711886444,20,#FF0000,Quadrant 3,2,1,82,,#FF0000,0,333.41289213335665,6
image_22.png,5,False,421.4805875437884,206.65633764164446,20,#FF0000,Quadrant 4,2,2,82,,#FF0000,0,353.8643296242772,6
image_22.png,5,False,218.9688995594227,124.52623753324963,20,#FF0000,Quadrant 1,1,1,82,,#FF0000,0,357.62832343963413,6
image_22.png,5,False,600.591373175154,19.203118410972625,20,#FF0000,Quadrant 2,1,2,82,,#FF0000,0,79.87921325367844,6
image_22.png,5,False,486.2165177135952,115.31179768908294,20,#FF0000,Quadrant 2,1,2,82,,#FF0000,0,295.8983720809612,6
image_22.png,5,False,37.00031075771741,145.4378747419155,20,#FF0000,Quadrant 1,1,1,82,,#FF0000,0,55.697323038752124,6
image_22.png,5,False,263.920113294958,231.05485700403088,20,#FF0000,Quadrant 3,2,1,82,,#FF0000,0,49.82694965150759,6
image_22.png,5,False,569.8301491432516,45.74013584587086,20,#FF0000,Quadrant 2,1,2,82,,#FF0000,0,83.87789347952437,6
image_22.png,5,False,643.4205625043382,288.5525305657252,20,#FF0000,Quadrant 4,2,2,82,,#FF0000,0,143.92736945199502,6
image_22.png,5,False,557.3109898825389,76.35714154368993,20,#FF0000,Quadrant 2,1,2,82,,#FF0000,0,260.4889896280254,6
image_22.png,5,False,486.13102462338054,228.81587055159187,20,#FF0000,Quadrant 4,2,2,82,,#FF0000,0,297.2538879785588,6
image_22.png,5,False,421.1142985635507,124.54864995275781,20,#FF0000,Quadrant 2,1,2,82,,#FF0000,0,326.75603117295395,6
image_22.png,5,False,408.05946665171734,40.66445565883876,20,#FF0000,Quadrant 2,1,2,82,,#FF0000,0,263.08417030425977,6
image_22.png,5,False,542.1511360287254,142.51761822820876,20,#FF0000,Quadrant 2,1,2,82,,#FF0000,0,20.132175176394984,6
image_22.png,5,False,297.98345999374646,339.0401546475613,20,#FF0000,Quadrant 3,2,1,82,,#FF0000,0,294.1710120167552,6
image_22.png,5,False,167.20847556852246,257.7505312346126,20,#FF0000,Quadrant 3,2,1,82,,#FF0000,0,313.12314508363914,6
image_22.png,5,False,18.878288483233824,304.8642376584499,20,#FF0000,Quadrant 3,2,1,82,,#FF0000,0,216.8285883539553,6
image_22.png,5,False,220.9957576937983,26.566891317826887,20,#FF0000,Quadrant 1,1,1,82,,#FF0000,0,137.69530638669477,6
image_22.png,5,False,114.06063320627055,200.90780874905397,20,#FF0000,Quadrant 3,2,1,82,,#FF0000,0,194.37470259792087,6
image_22.png,5,False,45.80815194647516,287.53670080754785,20,#FF0000,Quadrant 3,2,1,82,,#FF0000,0,79.48698293530266,6
image_22.png,5,False,318.0295865886427,235.95996830944964,20,#FF0000,Quadrant 3,2,1,82,,#FF0000,0,141.43777362685267,6
image_22.png,5,False,164.01699779632446,120.53798502122771,20,#FF0000,Quadrant 1,1,1,82,,#FF0000,0,181.70256460033252,6
image_22.png,5,False,102.07825226053498,42.20205257738425,20,#FF0000,Quadrant 1,1,1,82,,#FF0000,0,141.95606539610372,6
image_22.png,5,False,356.7561266523925,303.505901618265,20,#FF0000,Quadrant 4,2,2,82,,#FF0000,0,30.62843548856474,6
image_22.png,5,False,517.8750826061273,104.08092771168874,20,#FF0000,Quadrant 2,1,2,82,,#FF0000,0,221.75886153391266,6
image_22.png,5,False,250.98411336725525,132.2391011583091,20,#FF0000,Quadrant 1,1,1,82,,#FF0000,0,152.47461685163043,6
image_22.png,5,False,435.57626517915287,385.28017089856337,20,#FF0000,Quadrant 4,2,2,82,,#FF0000,0,355.55469010694253,6
image_22.png,5,False,148.5831121743657,152.30425874117523,20,#FF0000,Quadrant 1,1,1,82,,#FF0000,0,294.5418912474532,6
image_22.png,5,False,664.8202904527685,361.3038247512425,20,#FF0000,Quadrant 4,2,2,82,,#FF0000,0,19.633684810231525,6
image_22.png,5,False,576.0722959802674,16.19118463811706,20,#FF0000,Quadrant 2,1,2,82,,#FF0000,0,312.7508465921887,6
image_22.png,5,False,87.67053670604773,181.12327370129478,20,#FF0000,Quadrant 1,1,1,82,,#FF0000,0,249.7662810202023,6
image_22.png,5,False,371.53019233044006,108.77272529487624,20,#FF0000,Quadrant 2,1,2,82,,#FF0000,0,73.36848703557786,6
image_22.png,5,False,513.9173490382445,64.42932510925002,20,#FF0000,Quadrant 2,1,2,82,,#FF0000,0,173.88947892408905,6
image_22.png,5,False,23.66968515129378,231.37586857738515,20,#FF0000,Quadrant 3,2,1,82,,#FF0000,0,251.55188352297102,6
image_22.png,5,False,40.959103167127225,75.38082658292053,20,#FF0000,Quadrant 1,1,1,82,,#FF0000,0,238.87020311987155,6
image_22.png,5,False,554.7508727156138,244.59068547594836,20,#FF0000,Quadrant 4,2,2,82,,#FF0000,0,102.24487477727665,6
image_22.png,5,False,462.12817368080164,14.150318243905637,20,#FF0000,Quadrant 2,1,2,82,,#FF0000,0,19.110689516260422,6
image_22.png,5,False,197.93285118635254,333.08735311824375,20,#FF0000,Quadrant 3,2,1,82,,#FF0000,0,139.9122530053125,6
image_22.png,5,False,683.8856265841096,48.65020307647912,20,#FF0000,Quadrant 2,1,2,82,,#FF0000,0,137.05243306662524,6
image_22.png,5,False,608.2064216688746,211.9299238716946,20,#FF0000,Quadrant 4,2,2,82,,#FF0000,0,113.5641489511607,6
image_22.png,5,False,355.9484169566575,184.1188070918611,20,#FF0000,Quadrant 2,1,2,82,,#FF0000,0,67.11025947030684,6
image_22.png,5,False,25.80554770968407,104.51422882540598,20,#FF0000,Quadrant 1,1,1,82,,#FF0000,0,333.48599028951605,6
image_22.png,5,False,240.82947826060447,159.70513113870985,20,#FF0000,Quadrant 1,1,1,82,,#FF0000,0,190.58953098784315,6
image_22.png,5,False,624.4870373082666,319.0165650424114,20,#FF0000,Quadrant 4,2,2,82,,#FF0000,0,316.3238187088177,6
image_22.png,5,False,629.1537920137591,259.3202048829536,20,#FF0000,Quadrant 4,2,2,82,,#FF0000,0,54.61494507672647,6
image_22.png,5,False,274.3407069576873,374.10895212204804,20,#FF0000,Quadrant 3,2,1,82,,#FF0000,0,31.60620616942851,6
image_22.png,5,False,116.24416722233875,377.863051429992,20,#FF0000,Quadrant 3,2,1,82,,#FF0000,0,86.52989094140737,6
image_22.png,5,False,237.87718473730655,215.9643579558273,20,#FF0000,Quadrant 3,2,1,82,,#FF0000,0,327.50474168310166,6
image_22.png,5,False,605.322898828667,127.80139374930506,20,#FF0000,Quadrant 2,1,2,82,,#FF0000,0,288.0378212990737,6
image_22.png,5,False,371.9019781327896,62.12544267299996,20,#FF0000,Quadrant 2,1,2,82,,#FF0000,0,253.84909960263624,6
image_22.png,5,False,642.8902511439846,131.01356769825298,20,#FF0000,Quadrant 2,1,2,82,,#FF0000,0,335.89078071224645,6
image_22.png,5,False,617.0706657936068,285.8360635723524,20,#FF0000,Quadrant 4,2,2,82,,#FF0000,0,114.3351321088381,6
image_22.png,5,False,617.4108791748089,167.5071787486386,20,#FF0000,Quadrant 2,1,2,82,,#FF0000,0,275.55660452490656,6
image_22.png,5,False,316.23009157721026,363.96450221987095,20,#FF0000,Quadrant 3,2,1,82,,#FF0000,0,148.05063478056576,6
image_22.png,5,False,84.56551722910334,80.83417570518645,20,#FF0000,Quadrant 1,1,1,82,,#FF0000,0,280.47883859020544,6
image_22.png,5,False,357.1016407533678,239.58104512984005,20,#FF0000,Quadrant 4,2,2,82,,#FF0000,0,171.57679921590673,6
image_22.png,5,False,268.65802737891516,333.1049254719912,20,#FF0000,Quadrant 3,2,1,82,,#FF0000,0,256.3268860715976,6
image_22.png,5,False,537.7672704943536,16.675390450764155,20,#FF0000,Quadrant 2,1,2,82,,#FF0000,0,11.602639161736485,6
image_22.png,5,False,295.58733129009494,291.61459810857605,20,#FF0000,Quadrant 3,2,1,82,,#FF0000,0,97.14913295262527,6
image_22.png,5,False,690.0974436750076,338.7747629973921,20,#FF0000,Quadrant 4,2,2,82,,#FF0000,0,333.7571542240058,6
image_22.png,5,False,234.85308686798743,183.95198332896717,20,#FF0000,Quadrant 1,1,1,82,,#FF0000,0,176.3794434639109,6
image_22.png,5,False,289.9532033191021,26.810331968944663,20,#FF0000,Quadrant 1,1,1,82,,#FF0000,0,88.84218271017107,6
image_22.png,5,False,322.1590092763632,323.60981842723425,20,#FF0000,Quadrant 3,2,1,82,,#FF0000,0,187.43367284054952,6
image_22.png,5,False,697.1312599800692,207.0696026780794,20,#FF0000,Quadrant 4,2,2,82,,#FF0000,0,15.2697297632752,6
image_22.png,5,False,328.8681959711705,170.69070496626685,20,#FF0000,Quadrant 1,1,1,82,,#FF0000,0,297.9435627380703,6
image_22.png,5,False,48.58265343589772,206.41452780060018,20,#FF0000,Quadrant 3,2,1,82,,#FF0000,0,220.72834052780132,6
image_22.png,5,False,582.7966245499547,181.74187719960972,20,#FF0000,Quadrant 2,1,2,82,,#FF0000,0,51.20626275903298,6
image_22.png,5,False,490.62264372761916,62.14592284395705,20,#FF0000,Quadrant 2,1,2,82,,#FF0000,0,337.62328477172616,6
image_22.png,5,False,321.6603539896342,78.6161028406867,20,#FF0000,Quadrant 1,1,1,82,,#FF0000,0,148.88134983514198,6
image_23.png,2,True,628.2026910791632,344.6033131023515,20,#FF0000,Quadrant 4,2,2,76,140,#FF0000,0,322.78230262211247,6
image_23.png,5,False,234.28752351249233,256.16189064761556,20,#FF0000,Quadrant 3,2,1,76,,#FF0000,0,32.46467806420939,6
image_23.png,5,False,123.9918846485032,288.1731611989417,20,#FF0000,Quadrant 3,2,1,76,,#FF0000,0,256.1291084195304,6
image_23.png,5,False,497.5902030887865,250.67937409276215,20,#FF0000,Quadrant 4,2,2,76,,#FF0000,0,32.82884658202064,6
image_23.png,5,False,498.315312837334,285.75830995308735,20,#FF0000,Quadrant 4,2,2,76,,#FF0000,0,30.710355852352293,6
image_23.png,5,False,432.7179762600394,71.44207515672235,20,#FF0000,Quadrant 2,1,2,76,,#FF0000,0,351.0689132228488,6
image_23.png,5,False,41.251291508461215,75.59452285492083,20,#FF0000,Quadrant 1,1,1,76,,#FF0000,0,198.12451881929132,6
image_23.png,5,False,223.25485961331503,287.00114040480776,20,#FF0000,Quadrant 3,2,1,76,,#FF0000,0,18.47177647836063,6
image_23.png,5,False,209.96979029943057,79.3030979665771,20,#FF0000,Quadrant 1,1,1,76,,#FF0000,0,345.947800879575,6
image_23.png,5,False,672.7389429864646,12.335435668586207,20,#FF0000,Quadrant 2,1,2,76,,#FF0000,0,323.4750888300357,6
image_23.png,5,False,19.411149963772175,199.10323559750154,20,#FF0000,Quadrant 1,1,1,76,,#FF0000,0,275.5424905651804,6
image_23.png,5,False,567.3361944031873,240.81792592750267,20,#FF0000,Quadrant 4,2,2,76,,#FF0000,0,179.51120641574573,6
image_23.png,5,False,160.4260784367184,260.2798948572511,20,#FF0000,Quadrant 3,2,1,76,,#FF0000,0,177.64804665473258,6
image_23.png,5,False,315.4521240719406,238.25986216097021,20,#FF0000,Quadrant 3,2,1,76,,#FF0000,0,163.34585419039794,6
image_23.png,5,False,618.8136589461443,116.12669043445258,20,#FF0000,Quadrant 2,1,2,76,,#FF0000,0,2.3662883646543076,6
image_23.png,5,False,576.0636386096401,89.48701316484292,20,#FF0000,Quadrant 2,1,2,76,,#FF0000,0,226.30875319777064,6
image_23.png,5,False,48.93905328294461,142.92949694306074,20,#FF0000,Quadrant 1,1,1,76,,#FF0000,0,66.54239545294807,6
image_23.png,5,False,33.34571120560628,229.51904643155225,20,#FF0000,Quadrant 3,2,1,76,,#FF0000,0,52.33478983773694,6
image_23.png,5,False,239.13553949553557,44.15161472956728,20,#FF0000,Quadrant 1,1,1,76,,#FF0000,0,217.18276699959455,6
image_23.png,5,False,695.683539456227,71.98471596874448,20,#FF0000,Quadrant 2,1,2,76,,#FF0000,0,39.19955246228345,6
image_23.png,5,False,466.37705710122646,275.5420964576175,20,#FF0000,Quadrant 4,2,2,76,,#FF0000,0,102.37699612969391,6
image_23.png,5,False,398.3400890547176,376.2588537344165,20,#FF0000,Quadrant 4,2,2,76,,#FF0000,0,206.02173181944138,6
image_23.png,5,False,233.42425522911793,350.2662554177573,20,#FF0000,Quadrant 3,2,1,76,,#FF0000,0,276.66431388069697,6
image_23.png,5,False,533.5665296198883,329.7710401719665,20,#FF0000,Quadrant 4,2,2,76,,#FF0000,0,295.2953072217107,6
image_23.png,5,False,335.3928056635115,57.1247809422474,20,#FF0000,Quadrant 1,1,1,76,,#FF0000,0,23.37331194743345,6
image_23.png,5,False,237.82467507674792,167.40048970517714,20,#FF0000,Quadrant 1,1,1,76,,#FF0000,0,309.3868587821027,6
image_23.png,5,False,155.0361254267769,32.99377399173558,20,#FF0000,Quadrant 1,1,1,76,,#FF0000,0,75.54433294012114,6
image_23.png,5,False,685.772112588333,210.94182353584128,20,#FF0000,Quadrant 4,2,2,76,,#FF0000,0,205.6921471856703,6
image_23.png,5,False,497.98908672386443,172.42626272248668,20,#FF0000,Quadrant 2,1,2,76,,#FF0000,0,283.7465437878686,6
image_23.png,5,False,189.90576706822628,228.4039364466011,20,#FF0000,Quadrant 3,2,1,76,,#FF0000,0,305.2072691465607,6
image_23.png,5,False,649.775598655435,243.20161276069118,20,#FF0000,Quadrant 4,2,2,76,,#FF0000,0,224.3678927971959,6
image_23.png,5,False,513.4082886155686,199.14614120249956,20,#FF0000,Quadrant 2,1,2,76,,#FF0000,0,178.70289316098453,6
image_23.png,5,False,144.35969612068865,55.6822968353853,20,#FF0000,Quadrant 1,1,1,76,,#FF0000,0,104.57570308843819,6
image_23.png,5,False,559.9487291742178,289.76304598577605,20,#FF0000,Quadrant 4,2,2,76,,#FF0000,0,167.35882837448912,6
image_23.png,5,False,434.94720798955893,167.7309309729006,20,#FF0000,Quadrant 2,1,2,76,,#FF0000,0,74.63910108687851,6
image_23.png,5,False,251.90888062213565,315.68444975447903,20,#FF0000,Quadrant 3,2,1,76,,#FF0000,0,16.377188266554562,6
image_23.png,5,False,539.4854620786342,54.030296394571096,20,#FF0000,Quadrant 2,1,2,76,,#FF0000,0,197.99769577840402,6
image_23.png,5,False,283.87798567942735,226.0523424211553,20,#FF0000,Quadrant 3,2,1,76,,#FF0000,0,119.98184057243294,6
image_23.png,5,False,646.4507582585056,192.102927329463,20,#FF0000,Quadrant 2,1,2,76,,#FF0000,0,300.1771080617403,6
image_23.png,5,False,328.36575814059506,338.05480449627134,20,#FF0000,Quadrant 3,2,1,76,,#FF0000,0,55.939063920022356,6
image_23.png,5,False,478.27816338376294,220.85698473874263,20,#FF0000,Quadrant 4,2,2,76,,#FF0000,0,203.3793507589928,6
image_23.png,5,False,408.8269754596418,136.38989263940118,20,#FF0000,Quadrant 2,1,2,76,,#FF0000,0,6.738634966123738,6
image_23.png,5,False,590.2692768013351,139.1996139869682,20,#FF0000,Quadrant 2,1,2,76,,#FF0000,0,53.74976620797519,6
image_23.png,5,False,379.1142184094904,73.736466391616,20,#FF0000,Quadrant 2,1,2,76,,#FF0000,0,135.0866799469583,6
image_23.png,5,False,198.06172003713345,43.80956272696386,20,#FF0000,Quadrant 1,1,1,76,,#FF0000,0,255.54240533252175,6
image_23.png,5,False,359.6303432224695,313.03155523871396,20,#FF0000,Quadrant 4,2,2,76,,#FF0000,0,33.33748280822241,6
image_23.png,5,False,117.15958848637223,139.56381180237753,20,#FF0000,Quadrant 1,1,1,76,,#FF0000,0,325.7840882243182,6
image_23.png,5,False,366.6250213105843,386.2482900929979,20,#FF0000,Quadrant 4,2,2,76,,#FF0000,0,353.61845059460836,6
image_23.png,5,False,90.81099508577357,128.55093814748165,20,#FF0000,Quadrant 1,1,1,76,,#FF0000,0,311.33167287740224,6
image_23.png,5,False,595.3574526940595,340.5687851675949,20,#FF0000,Quadrant 4,2,2,76,,#FF0000,0,15.850786919436132,6
image_23.png,5,False,623.6490685626142,49.972869536119475,20,#FF0000,Quadrant 2,1,2,76,,#FF0000,0,119.98431122359129,6
image_23.png,5,False,524.6872056446915,19.497538717967387,20,#FF0000,Quadrant 2,1,2,76,,#FF0000,0,275.82486657227827,6
image_23.png,5,False,473.40446490840185,114.06329012247349,20,#FF0000,Quadrant 2,1,2,76,,#FF0000,0,278.2033550650002,6
image_23.png,5,False,89.86321139717003,373.2366646041959,20,#FF0000,Quadrant 3,2,1,76,,#FF0000,0,56.698565322974886,6
image_23.png,5,False,81.53657675781706,216.07585384264777,20,#FF0000,Quadrant 3,2,1,76,,#FF0000,0,201.46527487830696,6
image_23.png,5,False,197.75489746430998,367.5590154844947,20,#FF0000,Quadrant 3,2,1,76,,#FF0000,0,197.7716365058315,6
image_23.png,5,False,406.54314747962707,75.74194072879705,20,#FF0000,Quadrant 2,1,2,76,,#FF0000,0,289.44102184456864,6
image_23.png,5,False,625.7554991497926,215.338144568345,20,#FF0000,Quadrant 4,2,2,76,,#FF0000,0,112.09592149238762,6
image_23.png,5,False,30.97596079362038,352.4445300946941,20,#FF0000,Quadrant 3,2,1,76,,#FF0000,0,18.26142614205657,6
image_23.png,5,False,275.30015150508365,43.553201416164995,20,#FF0000,Quadrant 1,1,1,76,,#FF0000,0,18.164163813991024,6
image_23.png,5,False,496.5228620449276,347.9022881542284,20,#FF0000,Quadrant 4,2,2,76,,#FF0000,0,141.09003383244482,6
image_23.png,5,False,239.97681389166056,85.89961827900781,20,#FF0000,Quadrant 1,1,1,76,,#FF0000,0,128.02475268005307,6
image_23.png,5,False,568.6075781477325,40.690239608673394,20,#FF0000,Quadrant 2,1,2,76,,#FF0000,0,273.02491666013964,6
image_23.png,5,False,537.6910875131495,225.6243562535838,20,#FF0000,Quadrant 4,2,2,76,,#FF0000,0,332.2022368912954,6
image_23.png,5,False,335.2061077180304,369.1354461356573,20,#FF0000,Quadrant 3,2,1,76,,#FF0000,0,275.93765830652984,6
image_23.png,5,False,137.33026637162618,357.72595142899655,20,#FF0000,Quadrant 3,2,1,76,,#FF0000,0,130.8417643692172,6
image_23.png,5,False,406.9533198011999,203.00497373125233,20,#FF0000,Quadrant 4,2,2,76,,#FF0000,0,125.5015592098123,6
image_23.png,5,False,503.1341563684203,51.43892943247226,20,#FF0000,Quadrant 2,1,2,76,,#FF0000,0,146.04695360600232,6
image_23.png,5,False,417.87927418098946,101.18146029629327,20,#FF0000,Quadrant 2,1,2,76,,#FF0000,0,165.9509469888652,6
image_23.png,5,False,120.56497952350523,193.33761999817654,20,#FF0000,Quadrant 1,1,1,76,,#FF0000,0,87.72878197775518,6
image_23.png,5,False,489.25774504028504,76.42630239179304,20,#FF0000,Quadrant 2,1,2,76,,#FF0000,0,123.19230046890434,6
image_23.png,5,False,520.4238939684985,280.1015345531938,20,#FF0000,Quadrant 4,2,2,76,,#FF0000,0,241.05787059696004,6
image_23.png,5,False,78.28354343305439,179.29173583234677,20,#FF0000,Quadrant 1,1,1,76,,#FF0000,0,117.13611394041457,6
image_23.png,5,False,421.9233309511511,320.9092454703775,20,#FF0000,Quadrant 4,2,2,76,,#FF0000,0,246.7831254978777,6
image_23.png,5,False,455.39750054369506,34.24027975068596,20,#FF0000,Quadrant 2,1,2,76,,#FF0000,0,117.86696745415217,6
image_23.png,5,False,106.7136321315407,230.5302630173472,20,#FF0000,Quadrant 3,2,1,76,,#FF0000,0,78.3402384380407,6
image_23.png,5,False,323.09937556859296,121.18822982470277,20,#FF0000,Quadrant 1,1,1,76,,#FF0000,0,237.9173017570221,6
image_24.png,2,True,145.81430130229063,268.61334585895224,20,#FF0000,Quadrant 3,2,1,79,140,#FF0000,0,208.055309362542,6
image_24.png,5,False,403.92044501233727,356.1912122582888,20,#FF0000,Quadrant 4,2,2,79,,#FF0000,0,113.9751782112175,6
image_24.png,5,False,660.9566419748223,175.3268186101696,20,#FF0000,Quadrant 2,1,2,79,,#FF0000,0,109.63804789379672,6
image_24.png,5,False,248.19832761071098,44.75063893400725,20,#FF0000,Quadrant 1,1,1,79,,#FF0000,0,353.72890926482114,6
image_24.png,5,False,690.6445158100281,163.7866232723496,20,#FF0000,Quadrant 2,1,2,79,,#FF0000,0,2.9229308674981214,6
image_24.png,5,False,213.6932327151363,150.5662537709371,20,#FF0000,Quadrant 1,1,1,79,,#FF0000,0,45.92005094067651,6
image_24.png,5,False,47.60471740052875,276.8678590334314,20,#FF0000,Quadrant 3,2,1,79,,#FF0000,0,197.59864917728174,6
image_24.png,5,False,258.51955045448346,336.5516833862296,20,#FF0000,Quadrant 3,2,1,79,,#FF0000,0,295.4711821103889,6
image_24.png,5,False,173.08116644957641,276.43987149806276,20,#FF0000,Quadrant 3,2,1,79,,#FF0000,0,311.64466925879196,6
image_24.png,5,False,386.58684491014384,261.4202977981345,20,#FF0000,Quadrant 4,2,2,79,,#FF0000,0,137.36341622969817,6
image_24.png,5,False,140.68829143558045,156.3769318072338,20,#FF0000,Quadrant 1,1,1,79,,#FF0000,0,170.95370866406552,6
image_24.png,5,False,589.7342911547069,69.31303595782806,20,#FF0000,Quadrant 2,1,2,79,,#FF0000,0,332.8135354049775,6
image_24.png,5,False,472.6755304448557,61.756875398649555,20,#FF0000,Quadrant 2,1,2,79,,#FF0000,0,359.0841754837695,6
image_24.png,5,False,21.82267376939328,283.66622983282747,20,#FF0000,Quadrant 3,2,1,79,,#FF0000,0,25.828558753580783,6
image_24.png,5,False,311.91049475787423,385.3022686788681,20,#FF0000,Quadrant 3,2,1,79,,#FF0000,0,175.2124812964619,6
image_24.png,5,False,453.50535781155355,168.19336625291214,20,#FF0000,Quadrant 2,1,2,79,,#FF0000,0,30.478839944297782,6
image_24.png,5,False,554.5716845029895,239.4743557993886,20,#FF0000,Quadrant 4,2,2,79,,#FF0000,0,164.17031557626788,6
image_24.png,5,False,134.88039282022203,203.5588376545841,20,#FF0000,Quadrant 3,2,1,79,,#FF0000,0,153.2535015372146,6
image_24.png,5,False,321.0815336783859,145.30613314606296,20,#FF0000,Quadrant 1,1,1,79,,#FF0000,0,198.73801093716702,6
image_24.png,5,False,427.55097429543184,229.46075329410527,20,#FF0000,Quadrant 4,2,2,79,,#FF0000,0,66.8847721287449,6
image_24.png,5,False,174.12072745455478,200.65348826182384,20,#FF0000,Quadrant 3,2,1,79,,#FF0000,0,304.8493992025317,6
image_24.png,5,False,387.3085533910004,149.71466954535683,20,#FF0000,Quadrant 2,1,2,79,,#FF0000,0,147.90161291929482,6
image_24.png,5,False,342.77617408810033,272.0079661180366,20,#FF0000,Quadrant 3,2,1,79,,#FF0000,0,40.73917306137649,6
image_24.png,5,False,514.8610030986007,382.7928990932893,20,#FF0000,Quadrant 4,2,2,79,,#FF0000,0,51.1514927660433,6
image_24.png,5,False,547.6413040870475,186.74593172525562,20,#FF0000,Quadrant 2,1,2,79,,#FF0000,0,354.1206159458279,6
image_24.png,5,False,624.151764551838,44.43272057695263,20,#FF0000,Quadrant 2,1,2,79,,#FF0000,0,28.164456698361345,6
image_24.png,5,False,447.6108005755162,312.68113496228716,20,#FF0000,Quadrant 4,2,2,79,,#FF0000,0,28.109490620096366,6
image_24.png,5,False,47.36147350497731,140.86045263888366,20,#FF0000,Quadrant 1,1,1,79,,#FF0000,0,112.49989972035645,6
image_24.png,5,False,334.05061032496354,204.7866557276906,20,#FF0000,Quadrant 3,2,1,79,,#FF0000,0,280.2697679689677,6
image_24.png,5,False,516.5982231901075,170.14408850224086,20,#FF0000,Quadrant 2,1,2,79,,#FF0000,0,168.9236611621641,6
image_24.png,5,False,560.9757999628168,120.32079153744938,20,#FF0000,Quadrant 2,1,2,79,,#FF0000,0,345.80926889176504,6
image_24.png,5,False,646.8536515665915,294.2827556054203,20,#FF0000,Quadrant 4,2,2,79,,#FF0000,0,12.71744646294723,6
image_24.png,5,False,399.39362229738623,34.21591447200936,20,#FF0000,Quadrant 2,1,2,79,,#FF0000,0,261.7098170713168,6
image_24.png,5,False,127.49559701756039,30.51231645113909,20,#FF0000,Quadrant 1,1,1,79,,#FF0000,0,170.33779150345018,6
image_24.png,5,False,67.84950493559161,202.11532931815034,20,#FF0000,Quadrant 3,2,1,79,,#FF0000,0,103.25363557423401,6
image_24.png,5,False,202.43782108771143,61.09965234079624,20,#FF0000,Quadrant 1,1,1,79,,#FF0000,0,306.5202921789483,6
image_24.png,5,False,602.0644266310519,16.36873780384827,20,#FF0000,Quadrant 2,1,2,79,,#FF0000,0,101.14989533333596,6
image_24.png,5,False,131.30894103706325,234.6891074279667,20,#FF0000,Quadrant 3,2,1,79,,#FF0000,0,40.15778554510885,6
image_24.png,5,False,318.7440325302581,316.3637813203108,20,#FF0000,Quadrant 3,2,1,79,,#FF0000,0,54.4088208473923,6
image_24.png,5,False,493.83388720258296,194.2991981979152,20,#FF0000,Quadrant 2,1,2,79,,#FF0000,0,94.05093164525906,6
image_24.png,5,False,604.9279409110499,140.59654223903334,20,#FF0000,Quadrant 2,1,2,79,,#FF0000,0,287.77392230823625,6
image_24.png,5,False,110.95340348280872,364.03002107599065,20,#FF0000,Quadrant 3,2,1,79,,#FF0000,0,30.38452765527684,6
image_24.png,5,False,352.70836186895167,386.57534724544206,20,#FF0000,Quadrant 3,2,1,79,,#FF0000,0,55.49410746649738,6
image_24.png,5,False,174.945785546301,177.38993317207436,20,#FF0000,Quadrant 1,1,1,79,,#FF0000,0,277.33240409150807,6
image_24.png,5,False,525.0977257739415,295.4177284590125,20,#FF0000,Quadrant 4,2,2,79,,#FF0000,0,108.49216678333167,6
image_24.png,5,False,272.6827471698698,277.71975013201416,20,#FF0000,Quadrant 3,2,1,79,,#FF0000,0,191.70749965398068,6
image_24.png,5,False,111.00823352839514,339.9649841511963,20,#FF0000,Quadrant 3,2,1,79,,#FF0000,0,170.85224907506296,6
image_24.png,5,False,673.654516014044,269.12724552541334,20,#FF0000,Quadrant 4,2,2,79,,#FF0000,0,244.25762589013502,6
image_24.png,5,False,643.3036651913905,251.94632917454106,20,#FF0000,Quadrant 4,2,2,79,,#FF0000,0,14.766341410958397,6
image_24.png,5,False,308.5004703672569,358.01988220573156,20,#FF0000,Quadrant 3,2,1,79,,#FF0000,0,344.226116120265,6
image_24.png,5,False,241.79254315983272,111.95919434186504,20,#FF0000,Quadrant 1,1,1,79,,#FF0000,0,309.00804235139947,6
image_24.png,5,False,82.592119211772,179.56615286225977,20,#FF0000,Quadrant 1,1,1,79,,#FF0000,0,35.171553411298504,6
image_24.png,5,False,206.19164615539023,83.98406288674315,20,#FF0000,Quadrant 1,1,1,79,,#FF0000,0,78.9898772618937,6
image_24.png,5,False,74.34754369550669,365.75506680149124,20,#FF0000,Quadrant 3,2,1,79,,#FF0000,0,8.532170228533449,6
image_24.png,5,False,586.6313454538005,370.2848265958392,20,#FF0000,Quadrant 4,2,2,79,,#FF0000,0,236.37798668316086,6
image_24.png,5,False,498.863747916527,56.351347496018164,20,#FF0000,Quadrant 2,1,2,79,,#FF0000,0,229.70983865741226,6
image_24.png,5,False,100.5060974585664,259.117169728415,20,#FF0000,Quadrant 3,2,1,79,,#FF0000,0,308.3186967498577,6
image_24.png,5,False,490.30535358903705,106.76090929915708,20,#FF0000,Quadrant 2,1,2,79,,#FF0000,0,322.56058692860773,6
image_24.png,5,False,61.98397436776061,304.74604920731804,20,#FF0000,Quadrant 3,2,1,79,,#FF0000,0,58.307771392637974,6
image_24.png,5,False,350.0274758838757,65.38384293287211,20,#FF0000,Quadrant 1,1,1,79,,#FF0000,0,64.23918122331753,6
image_24.png,5,False,404.6564017331496,105.72542039897775,20,#FF0000,Quadrant 2,1,2,79,,#FF0000,0,26.25102121642557,6
image_24.png,5,False,628.6970387020427,67.26691611694613,20,#FF0000,Quadrant 2,1,2,79,,#FF0000,0,160.51753883626552,6
image_24.png,5,False,493.33803234438193,352.94543142559286,20,#FF0000,Quadrant 4,2,2,79,,#FF0000,0,95.91713320149995,6
image_24.png,5,False,552.1279948077997,215.16865503318687,20,#FF0000,Quadrant 4,2,2,79,,#FF0000,0,281.1373333068135,6
image_24.png,5,False,668.4130333431142,320.1951772479392,20,#FF0000,Quadrant 4,2,2,79,,#FF0000,0,1.190649706070066,6
image_24.png,5,False,480.78482183552194,162.4323938255279,20,#FF0000,Quadrant 2,1,2,79,,#FF0000,0,129.21059757499617,6
image_24.png,5,False,671.6296580496003,45.27211648303513,20,#FF0000,Quadrant 2,1,2,79,,#FF0000,0,227.6181095758504,6
image_24.png,5,False,506.9001949392875,235.13337196519507,20,#FF0000,Quadrant 4,2,2,79,,#FF0000,0,69.51337880739014,6
image_24.png,5,False,378.8846922207862,326.346610477955,20,#FF0000,Quadrant 4,2,2,79,,#FF0000,0,110.78311666761554,6
image_24.png,5,False,697.1293696933403,25.002133013678865,20,#FF0000,Quadrant 2,1,2,79,,#FF0000,0,161.75061991785978,6
image_24.png,5,False,553.7794084904883,27.18389364542042,20,#FF0000,Quadrant 2,1,2,79,,#FF0000,0,20.179603111585177,6
image_24.png,5,False,567.0944533013001,263.2456061224581,20,#FF0000,Quadrant 4,2,2,79,,#FF0000,0,42.54735914024814,6
image_24.png,5,False,100.94049841089264,76.1101253863128,20,#FF0000,Quadrant 1,1,1,79,,#FF0000,0,252.46685202094247,6
image_24.png,5,False,222.75542375064876,311.0175055323278,20,#FF0000,Quadrant 3,2,1,79,,#FF0000,0,17.984879059183918,6
image_24.png,5,False,162.9744692033742,315.0834346905228,20,#FF0000,Quadrant 3,2,1,79,,#FF0000,0,287.70308004041215,6
image_24.png,5,False,234.39787435705122,379.8725358440385,20,#FF0000,Quadrant 3,2,1,79,,#FF0000,0,244.22322142662927,6
image_24.png,5,False,648.7904405816512,26.384182068811292,20,#FF0000,Quadrant 2,1,2,79,,#FF0000,0,157.91803633952182,6
image_24.png,5,False,594.8356633602239,242.5028890086527,20,#FF0000,Quadrant 4,2,2,79,,#FF0000,0,35.98842624410109,6
image_24.png,5,False,21.769294798843227,195.07370548332588,20,#FF0000,Quadrant 1,1,1,79,,#FF0000,0,279.9581895529577,6
image_24.png,5,False,622.0845328158962,168.33200755822904,20,#FF0000,Quadrant 2,1,2,79,,#FF0000,0,234.6320850680991,6
image_25.png,2,True,153.04439060827738,252.85411601080745,20,#FF0000,Quadrant 3,2,1,61,140,#FF0000,0,249.24899910152905,5
image_25.png,5,False,294.88958258066947,365.5978727488182,20,#FF0000,Quadrant 3,2,1,61,,#FF0000,0,188.31127108745937,5
image_25.png,5,False,36.9210150527312,79.04017651901488,20,#FF0000,Quadrant 1,1,1,61,,#FF0000,0,219.7936759069747,5
image_25.png,5,False,665.7553661737338,248.07844522901473,20,#FF0000,Quadrant 4,2,2,61,,#FF0000,0,179.9595485652829,5
image_25.png,5,False,250.67110755699474,12.727475604523189,20,#FF0000,Quadrant 1,1,1,61,,#FF0000,0,281.72989091598924,5
image_25.png,5,False,91.96288984842465,211.4152299108146,20,#FF0000,Quadrant 3,2,1,61,,#FF0000,0,84.83004263851814,5
image_25.png,5,False,260.34999886469313,298.7064744308862,20,#FF0000,Quadrant 3,2,1,61,,#FF0000,0,34.44618778535379,5
image_25.png,5,False,162.0812560904385,302.1852250159046,20,#FF0000,Quadrant 3,2,1,61,,#FF0000,0,194.30021749969325,5
image_25.png,5,False,201.45791632357648,84.22577935898828,20,#FF0000,Quadrant 1,1,1,61,,#FF0000,0,237.35777702122277,5
image_25.png,5,False,483.13294679198845,377.1209106932662,20,#FF0000,Quadrant 4,2,2,61,,#FF0000,0,286.78066979138754,5
image_25.png,5,False,455.30911641515064,118.75438856501077,20,#FF0000,Quadrant 2,1,2,61,,#FF0000,0,15.521616484596855,5
image_25.png,5,False,40.84574554820458,290.8775824593647,20,#FF0000,Quadrant 3,2,1,61,,#FF0000,0,273.02688749978796,5
image_25.png,5,False,132.18656206051574,307.9159828348954,20,#FF0000,Quadrant 3,2,1,61,,#FF0000,0,332.9500844586628,5
image_25.png,5,False,90.96884388344131,349.3399281125019,20,#FF0000,Quadrant 3,2,1,61,,#FF0000,0,174.62210256878535,5
image_25.png,5,False,419.37489030104774,134.2175348133374,20,#FF0000,Quadrant 2,1,2,61,,#FF0000,0,259.70510900121565,5
image_25.png,5,False,477.35140410794935,134.10891447189377,20,#FF0000,Quadrant 2,1,2,61,,#FF0000,0,71.55050239675663,5
image_25.png,5,False,235.70510282324133,48.06824257694733,20,#FF0000,Quadrant 1,1,1,61,,#FF0000,0,280.4311004254805,5
image_25.png,5,False,610.3516627309439,152.9512426177861,20,#FF0000,Quadrant 2,1,2,61,,#FF0000,0,265.5892317632911,5
image_25.png,5,False,335.5122890258473,194.1061166118106,20,#FF0000,Quadrant 1,1,1,61,,#FF0000,0,79.43859298877935,5
image_25.png,5,False,277.8705793792845,62.56094431151294,20,#FF0000,Quadrant 1,1,1,61,,#FF0000,0,163.79671412782275,5
image_25.png,5,False,446.46254954538216,379.760126918141,20,#FF0000,Quadrant 4,2,2,61,,#FF0000,0,259.13563780408924,5
image_25.png,5,False,98.6489058741418,272.65558015522123,20,#FF0000,Quadrant 3,2,1,61,,#FF0000,0,72.7959206768936,5
image_25.png,5,False,128.9577072178868,140.8717311106968,20,#FF0000,Quadrant 1,1,1,61,,#FF0000,0,165.08841298938228,5
image_25.png,5,False,426.90519218166924,309.4487527783641,20,#FF0000,Quadrant 4,2,2,61,,#FF0000,0,319.10722990526364,5
image_25.png,5,False,432.3428543056794,75.23561297751891,20,#FF0000,Quadrant 2,1,2,61,,#FF0000,0,229.67971699680126,5
image_25.png,5,False,600.0977709834641,43.687297609605935,20,#FF0000,Quadrant 2,1,2,61,,#FF0000,0,349.2489030882122,5
image_25.png,5,False,348.0680316094692,387.3611195371695,20,#FF0000,Quadrant 3,2,1,61,,#FF0000,0,308.5105549382922,5
image_25.png,5,False,587.685439078835,116.52659201236409,20,#FF0000,Quadrant 2,1,2,61,,#FF0000,0,212.96911366623667,5
image_25.png,5,False,518.2272339330639,104.23527893185826,20,#FF0000,Quadrant 2,1,2,61,,#FF0000,0,262.806391672192,5
image_25.png,5,False,410.2527836951475,348.1089534356245,20,#FF0000,Quadrant 4,2,2,61,,#FF0000,0,117.82654103882267,5
image_25.png,5,False,686.3468044509773,26.14218096957639,20,#FF0000,Quadrant 2,1,2,61,,#FF0000,0,1.8279292464097185,5
image_25.png,5,False,540.5698032856363,23.70856956328234,20,#FF0000,Quadrant 2,1,2,61,,#FF0000,0,169.4349469546338,5
image_25.png,5,False,341.2165747202536,312.65062047045694,20,#FF0000,Quadrant 3,2,1,61,,#FF0000,0,191.20382146503965,5
image_25.png,5,False,322.7321027014508,101.91334417021716,20,#FF0000,Quadrant 1,1,1,61,,#FF0000,0,295.6648754721858,5
image_25.png,5,False,102.4385692323857,122.8087818649827,20,#FF0000,Quadrant 1,1,1,61,,#FF0000,0,341.9762024170334,5
image_25.png,5,False,495.576792168959,335.29455804529744,20,#FF0000,Quadrant 4,2,2,61,,#FF0000,0,109.74117680079503,5
image_25.png,5,False,27.820883398904755,182.92982151583968,20,#FF0000,Quadrant 1,1,1,61,,#FF0000,0,269.0232107797089,5
image_25.png,5,False,266.2196973552759,186.50380763467382,20,#FF0000,Quadrant 1,1,1,61,,#FF0000,0,284.34913660406056,5
image_25.png,5,False,196.884883209764,368.62409655396243,20,#FF0000,Quadrant 3,2,1,61,,#FF0000,0,153.32481109380487,5
image_25.png,5,False,558.3958609977653,308.747517085101,20,#FF0000,Quadrant 4,2,2,61,,#FF0000,0,195.2766383221937,5
image_25.png,5,False,617.9037538416209,289.1175767808255,20,#FF0000,Quadrant 4,2,2,61,,#FF0000,0,29.145254964857354,5
image_25.png,5,False,87.4559486274122,149.1933446817352,20,#FF0000,Quadrant 1,1,1,61,,#FF0000,0,319.6720461440275,5
image_25.png,5,False,687.0823677313815,101.20316262529482,20,#FF0000,Quadrant 2,1,2,61,,#FF0000,0,73.69653351475364,5
image_25.png,5,False,166.3262489199606,144.32501101060723,20,#FF0000,Quadrant 1,1,1,61,,#FF0000,0,268.20601727008017,5
image_25.png,5,False,378.1374155634781,121.47592548167574,20,#FF0000,Quadrant 2,1,2,61,,#FF0000,0,244.19098509204719,5
image_25.png,5,False,562.1337644972515,368.34809184102954,20,#FF0000,Quadrant 4,2,2,61,,#FF0000,0,223.54245642224328,5
image_25.png,5,False,659.2634861430287,35.80722948311008,20,#FF0000,Quadrant 2,1,2,61,,#FF0000,0,291.1665155895829,5
image_25.png,5,False,326.4752686333338,41.30441246686861,20,#FF0000,Quadrant 1,1,1,61,,#FF0000,0,321.0851567851933,5
image_25.png,5,False,201.12454524774054,274.4970379019277,20,#FF0000,Quadrant 3,2,1,61,,#FF0000,0,39.37137141314026,5
image_25.png,5,False,613.8702731410599,207.81992767673432,20,#FF0000,Quadrant 4,2,2,61,,#FF0000,0,178.67834459378795,5
image_25.png,5,False,611.6658598301595,98.82000800676762,20,#FF0000,Quadrant 2,1,2,61,,#FF0000,0,22.6618230933933,5
image_25.png,5,False,455.1790295125507,166.61947377585125,20,#FF0000,Quadrant 2,1,2,61,,#FF0000,0,341.08153631585367,5
image_25.png,5,False,129.32687942538746,109.28281898590603,20,#FF0000,Quadrant 1,1,1,61,,#FF0000,0,284.1653742666408,5
image_25.png,5,False,679.8288693318724,301.96540063324704,20,#FF0000,Quadrant 4,2,2,61,,#FF0000,0,174.3275205335381,5
image_25.png,5,False,647.7267003043311,280.0650011476107,20,#FF0000,Quadrant 4,2,2,61,,#FF0000,0,59.89070611228703,5
image_25.png,5,False,681.5389954956069,328.267373857394,20,#FF0000,Quadrant 4,2,2,61,,#FF0000,0,102.68876959101095,5
image_25.png,5,False,470.11926056728555,69.01725446398763,20,#FF0000,Quadrant 2,1,2,61,,#FF0000,0,249.42933682870873,5
image_25.png,5,False,39.35335352055443,130.68456668533764,20,#FF0000,Quadrant 1,1,1,61,,#FF0000,0,85.6459167755413,5
image_25.png,5,False,267.9383909103844,215.06957339291293,20,#FF0000,Quadrant 3,2,1,61,,#FF0000,0,123.78492544040022,5
image_25.png,5,False,355.09825501225157,65.95510913628533,20,#FF0000,Quadrant 1,1,1,61,,#FF0000,0,145.642439240104,5
image_25.png,5,False,683.1891139120222,136.2240842182801,20,#FF0000,Quadrant 2,1,2,61,,#FF0000,0,265.85819331267777,5
image_25.png,5,False,485.82227023978123,287.5601170439638,20,#FF0000,Quadrant 4,2,2,61,,#FF0000,0,159.15799231772417,5
image_26.png,2,True,390.611433316228,127.45507189164113,20,#FF0000,Quadrant 2,1,2,6,140,#FF0000,0,50.192385644339026,2
image_26.png,5,False,590.3641952636193,179.57767725806505,20,#FF0000,Quadrant 2,1,2,6,,#FF0000,0,144.5867718928152,2
image_26.png,5,False,48.918175310016984,253.416182754685,20,#FF0000,Quadrant 3,2,1,6,,#FF0000,0,33.293207269101806,2
image_26.png,5,False,164.05711750167777,364.68139900238776,20,#FF0000,Quadrant 3,2,1,6,,#FF0000,0,210.03531895217435,2
image_26.png,5,False,26.536017340370954,214.5198471925603,20,#FF0000,Quadrant 3,2,1,6,,#FF0000,0,100.05378090186149,2
image_26.png,5,False,473.7033078804815,44.02848222007848,20,#FF0000,Quadrant 2,1,2,6,,#FF0000,0,160.3649094979675,2
image_26.png,5,False,144.97607710905842,131.11245299874966,20,#FF0000,Quadrant 1,1,1,6,,#FF0000,0,184.243507847134,2
image_27.png,2,True,49.61680860012725,263.03769369782896,20,#FF0000,Quadrant 3,2,1,78,140,#FF0000,0,184.16010334808212,6
image_27.png,5,False,504.2990391423628,172.64810071677064,20,#FF0000,Quadrant 2,1,2,78,,#FF0000,0,143.1208790336589,6
image_27.png,5,False,19.399455071420185,141.3798405737594,20,#FF0000,Quadrant 1,1,1,78,,#FF0000,0,139.0005425678135,6
image_27.png,5,False,318.00189224924065,223.0704782091996,20,#FF0000,Quadrant 3,2,1,78,,#FF0000,0,110.91072404316444,6
image_27.png,5,False,622.697559975593,291.2974617272744,20,#FF0000,Quadrant 4,2,2,78,,#FF0000,0,77.65025602301361,6
image_27.png,5,False,315.8855063979986,72.91274993527168,20,#FF0000,Quadrant 1,1,1,78,,#FF0000,0,149.61951918398427,6
image_27.png,5,False,586.6674457756211,237.0196972529402,20,#FF0000,Quadrant 4,2,2,78,,#FF0000,0,149.1097635794011,6
image_27.png,5,False,219.92625445878832,384.60855774525373,20,#FF0000,Quadrant 3,2,1,78,,#FF0000,0,51.71014185847464,6
image_27.png,5,False,242.10213534946564,363.73183237698686,20,#FF0000,Quadrant 3,2,1,78,,#FF0000,0,189.10837676517517,6
image_27.png,5,False,269.90719035223765,13.501932060540614,20,#FF0000,Quadrant 1,1,1,78,,#FF0000,0,212.64440083653523,6
image_27.png,5,False,199.3235836595308,77.10955809129499,20,#FF0000,Quadrant 1,1,1,78,,#FF0000,0,229.97015989711713,6
image_27.png,5,False,402.2943475124458,356.8216579240443,20,#FF0000,Quadrant 4,2,2,78,,#FF0000,0,166.36318725115746,6
image_27.png,5,False,584.4434852975547,120.4170769554503,20,#FF0000,Quadrant 2,1,2,78,,#FF0000,0,71.73272212566665,6
image_27.png,5,False,351.4352344672728,290.6655767201244,20,#FF0000,Quadrant 3,2,1,78,,#FF0000,0,210.6749715612022,6
image_27.png,5,False,556.150268164916,69.22106052407557,20,#FF0000,Quadrant 2,1,2,78,,#FF0000,0,80.8272797589183,6
image_27.png,5,False,452.342539122652,251.61999412343326,20,#FF0000,Quadrant 4,2,2,78,,#FF0000,0,108.06098687775113,6
image_27.png,5,False,469.8143752072827,119.7464545792733,20,#FF0000,Quadrant 2,1,2,78,,#FF0000,0,44.7036927593698,6
image_27.png,5,False,635.7805128389891,254.7290496417552,20,#FF0000,Quadrant 4,2,2,78,,#FF0000,0,64.57403046696737,6
image_27.png,5,False,537.8909471556733,197.3729850639243,20,#FF0000,Quadrant 2,1,2,78,,#FF0000,0,10.239330552277522,6
image_27.png,5,False,423.63612182210886,147.74509496720773,20,#FF0000,Quadrant 2,1,2,78,,#FF0000,0,349.4251175524364,6
image_27.png,5,False,311.4512044362004,108.49056128697472,20,#FF0000,Quadrant 1,1,1,78,,#FF0000,0,172.97492596214153,6
image_27.png,5,False,682.2642776469504,320.31014036538176,20,#FF0000,Quadrant 4,2,2,78,,#FF0000,0,246.92862101923416,6
image_27.png,5,False,516.0075594138851,17.632040437429136,20,#FF0000,Quadrant 2,1,2,78,,#FF0000,0,134.35279775045296,6
image_27.png,5,False,411.7599483826284,66.2398316326697,20,#FF0000,Quadrant 2,1,2,78,,#FF0000,0,93.43338622618467,6
image_27.png,5,False,488.67201787499863,146.0917058567013,20,#FF0000,Quadrant 2,1,2,78,,#FF0000,0,165.97582844044425,6
image_27.png,5,False,259.8416156325128,251.50141704660314,20,#FF0000,Quadrant 3,2,1,78,,#FF0000,0,19.039798216233578,6
image_27.png,5,False,44.564566572836924,121.24902892256868,20,#FF0000,Quadrant 1,1,1,78,,#FF0000,0,343.8562891494807,6
image_27.png,5,False,63.93358290235704,84.26200751748115,20,#FF0000,Quadrant 1,1,1,78,,#FF0000,0,230.0207491001049,6
image_27.png,5,False,537.8709822305773,237.33222046862227,20,#FF0000,Quadrant 4,2,2,78,,#FF0000,0,226.09078247822148,6
image_27.png,5,False,233.2761269816258,130.52754350407952,20,#FF0000,Quadrant 1,1,1,78,,#FF0000,0,60.16893145245641,6
image_27.png,5,False,562.115395102194,113.61149203105066,20,#FF0000,Quadrant 2,1,2,78,,#FF0000,0,304.1981587304784,6
image_27.png,5,False,260.77812466047124,213.01088217837832,20,#FF0000,Quadrant 3,2,1,78,,#FF0000,0,251.26830434653752,6
image_27.png,5,False,110.02136617069307,62.76689065894888,20,#FF0000,Quadrant 1,1,1,78,,#FF0000,0,126.58657235200207,6
image_27.png,5,False,547.5986051045016,166.73392269490915,20,#FF0000,Quadrant 2,1,2,78,,#FF0000,0,101.31039361868132,6
image_27.png,5,False,123.3270791736685,93.35720812098498,20,#FF0000,Quadrant 1,1,1,78,,#FF0000,0,331.52665591153254,6
image_27.png,5,False,583.9541792483566,311.55034697866023,20,#FF0000,Quadrant 4,2,2,78,,#FF0000,0,181.21784150303048,6
image_27.png,5,False,486.1707992542218,371.0431908122954,20,#FF0000,Quadrant 4,2,2,78,,#FF0000,0,201.1158771875069,6
image_27.png,5,False,501.94497087386793,276.45612776192985,20,#FF0000,Quadrant 4,2,2,78,,#FF0000,0,304.5851098861875,6
image_27.png,5,False,298.5515713637958,357.2597784912536,20,#FF0000,Quadrant 3,2,1,78,,#FF0000,0,288.9289018588366,6
image_27.png,5,False,101.41895602069285,17.569412911369554,20,#FF0000,Quadrant 1,1,1,78,,#FF0000,0,41.96363430309374,6
image_27.png,5,False,487.13393474228485,63.54728517562619,20,#FF0000,Quadrant 2,1,2,78,,#FF0000,0,125.35556846981083,6
image_27.png,5,False,691.4438149614625,208.73977932808432,20,#FF0000,Quadrant 4,2,2,78,,#FF0000,0,159.0976467751078,6
image_27.png,5,False,129.6507329800544,126.17064998202845,20,#FF0000,Quadrant 1,1,1,78,,#FF0000,0,349.24012365293686,6
image_27.png,5,False,686.984492057255,171.5763174528573,20,#FF0000,Quadrant 2,1,2,78,,#FF0000,0,75.5427623307598,6
image_27.png,5,False,636.9766865992963,27.360405512463313,20,#FF0000,Quadrant 2,1,2,78,,#FF0000,0,168.8696429342925,6
image_27.png,5,False,18.07768136922368,47.47836036783579,20,#FF0000,Quadrant 1,1,1,78,,#FF0000,0,108.59248996027641,6
image_27.png,5,False,425.6346686819301,233.11395167294216,20,#FF0000,Quadrant 4,2,2,78,,#FF0000,0,44.56568040874082,6
image_27.png,5,False,473.04384637778026,22.059945898611673,20,#FF0000,Quadrant 2,1,2,78,,#FF0000,0,72.00879384965789,6
image_27.png,5,False,525.1304309512018,115.8479996520521,20,#FF0000,Quadrant 2,1,2,78,,#FF0000,0,52.400511983857626,6
image_27.png,5,False,253.66805542725325,334.2421950194225,20,#FF0000,Quadrant 3,2,1,78,,#FF0000,0,208.71048692778612,6
image_27.png,5,False,433.32697947037,201.85568858347062,20,#FF0000,Quadrant 4,2,2,78,,#FF0000,0,281.0887690058311,6
image_27.png,5,False,647.7959148843333,358.9403732760683,20,#FF0000,Quadrant 4,2,2,78,,#FF0000,0,261.1257668996368,6
image_27.png,5,False,291.8212213125119,298.8127707703681,20,#FF0000,Quadrant 3,2,1,78,,#FF0000,0,185.13036103486652,6
image_27.png,5,False,259.90156552612484,119.9665362581308,20,#FF0000,Quadrant 1,1,1,78,,#FF0000,0,178.49376733912916,6
image_27.png,5,False,67.6688341950738,197.62343787955598,20,#FF0000,Quadrant 1,1,1,78,,#FF0000,0,259.9691660301319,6
image_27.png,5,False,325.8356331264106,289.27393145813505,20,#FF0000,Quadrant 3,2,1,78,,#FF0000,0,138.5212020732471,6
image_27.png,5,False,590.5111311516582,96.38015643790517,20,#FF0000,Quadrant 2,1,2,78,,#FF0000,0,247.33676069546084,6
image_27.png,5,False,627.4859517998185,314.3209592089491,20,#FF0000,Quadrant 4,2,2,78,,#FF0000,0,308.4385498245008,6
image_27.png,5,False,625.8826374541293,74.77737382397453,20,#FF0000,Quadrant 2,1,2,78,,#FF0000,0,266.91557744968316,6
image_27.png,5,False,148.1705196150929,86.6996019400298,20,#FF0000,Quadrant 1,1,1,78,,#FF0000,0,130.9355976512633,6
image_27.png,5,False,420.02482970117217,296.882512736531,20,#FF0000,Quadrant 4,2,2,78,,#FF0000,0,275.74997908987626,6
image_27.png,5,False,660.8820655924251,145.60478199915835,20,#FF0000,Quadrant 2,1,2,78,,#FF0000,0,288.3543231470825,6
image_27.png,5,False,665.6456454371038,384.2837702568875,20,#FF0000,Quadrant 4,2,2,78,,#FF0000,0,240.0037236298587,6
image_27.png,5,False,112.54075438642268,182.8519323828657,20,#FF0000,Quadrant 1,1,1,78,,#FF0000,0,184.1092254251288,6
image_27.png,5,False,348.1562121407809,98.25063775125328,20,#FF0000,Quadrant 1,1,1,78,,#FF0000,0,43.988421635689924,6
image_27.png,5,False,31.479504135450213,289.8877785353229,20,#FF0000,Quadrant 3,2,1,78,,#FF0000,0,339.26508164747815,6
image_27.png,5,False,354.21495206815024,21.111079658891416,20,#FF0000,Quadrant 1,1,1,78,,#FF0000,0,298.91248870314894,6
image_27.png,5,False,369.2448009986965,197.04688004890434,20,#FF0000,Quadrant 2,1,2,78,,#FF0000,0,237.98901759519805,6
image_27.png,5,False,213.26485965536708,199.20583871986443,20,#FF0000,Quadrant 1,1,1,78,,#FF0000,0,167.76785874884894,6
image_27.png,5,False,384.7398610692559,316.98404381391504,20,#FF0000,Quadrant 4,2,2,78,,#FF0000,0,181.72611217349393,6
image_27.png,5,False,598.6303853116623,178.2862232755874,20,#FF0000,Quadrant 2,1,2,78,,#FF0000,0,162.041586885164,6
image_27.png,5,False,132.86286021428737,260.2573682011391,20,#FF0000,Quadrant 3,2,1,78,,#FF0000,0,12.953202812593606,6
image_27.png,5,False,226.28471630910988,158.07242553128273,20,#FF0000,Quadrant 1,1,1,78,,#FF0000,0,155.04520243716067,6
image_27.png,5,False,402.94124907323663,196.42930306128937,20,#FF0000,Quadrant 2,1,2,78,,#FF0000,0,275.0440096808785,6
image_27.png,5,False,179.27370274518424,99.6871494276472,20,#FF0000,Quadrant 1,1,1,78,,#FF0000,0,20.321728870618333,6
image_27.png,5,False,365.66951800935993,170.20325349853886,20,#FF0000,Quadrant 2,1,2,78,,#FF0000,0,152.0902943946256,6
image_27.png,5,False,353.24793238496414,317.7308131838863,20,#FF0000,Quadrant 3,2,1,78,,#FF0000,0,74.12699372282835,6
image_27.png,5,False,62.8962939979296,332.42636469412787,20,#FF0000,Quadrant 3,2,1,78,,#FF0000,0,350.6786149991591,6
image_27.png,5,False,193.69186368397698,123.38706168960083,20,#FF0000,Quadrant 1,1,1,78,,#FF0000,0,77.06883775776625,6
image_28.png,2,True,166.63543817647025,291.81167368666615,20,#FF0000,Quadrant 3,2,1,74,140,#FF0000,0,144.72984678787802,6
image_28.png,5,False,592.6447630776104,46.80930653009442,20,#FF0000,Quadrant 2,1,2,74,,#FF0000,0,33.10482068638845,6
image_28.png,5,False,57.348876016356726,313.84818381623967,20,#FF0000,Quadrant 3,2,1,74,,#FF0000,0,121.26170201906096,6
image_28.png,5,False,218.97259306681624,314.9598971111,20,#FF0000,Quadrant 3,2,1,74,,#FF0000,0,234.55325287987307,6
image_28.png,5,False,383.02388203814763,86.62910050608801,20,#FF0000,Quadrant 2,1,2,74,,#FF0000,0,155.84777443740077,6
image_28.png,5,False,441.60011054642047,182.32041281349788,20,#FF0000,Quadrant 2,1,2,74,,#FF0000,0,144.82834406536313,6
image_28.png,5,False,135.4339862610231,18.0320557603613,20,#FF0000,Quadrant 1,1,1,74,,#FF0000,0,274.83919737579293,6
image_28.png,5,False,605.4070568570892,229.04676560088225,20,#FF0000,Quadrant 4,2,2,74,,#FF0000,0,253.19939245164898,6
image_28.png,5,False,673.8986644049928,291.55462815316713,20,#FF0000,Quadrant 4,2,2,74,,#FF0000,0,76.66300980664965,6
image_28.png,5,False,656.7052557284479,212.3679086400334,20,#FF0000,Quadrant 4,2,2,74,,#FF0000,0,168.2263128195475,6
image_28.png,5,False,540.9231047839662,174.9478552735774,20,#FF0000,Quadrant 2,1,2,74,,#FF0000,0,221.19202723353257,6
image_28.png,5,False,442.83658691688225,208.41790340725296,20,#FF0000,Quadrant 4,2,2,74,,#FF0000,0,203.80191938267217,6
image_28.png,5,False,112.7954016001347,67.87866321319243,20,#FF0000,Quadrant 1,1,1,74,,#FF0000,0,131.13888089727763,6
image_28.png,5,False,217.88993993103543,175.5769604226826,20,#FF0000,Quadrant 1,1,1,74,,#FF0000,0,246.71038922362646,6
image_28.png,5,False,295.1700436317775,322.3626463003669,20,#FF0000,Quadrant 3,2,1,74,,#FF0000,0,73.28089493921483,6
image_28.png,5,False,187.69173143240084,238.26579793734157,20,#FF0000,Quadrant 3,2,1,74,,#FF0000,0,232.57535530485472,6
image_28.png,5,False,89.24185929688802,83.5442523395432,20,#FF0000,Quadrant 1,1,1,74,,#FF0000,0,146.1117381293627,6
image_28.png,5,False,580.960659824032,186.45236694421268,20,#FF0000,Quadrant 2,1,2,74,,#FF0000,0,88.41117953461492,6
image_28.png,5,False,311.4955756870745,255.5365353549855,20,#FF0000,Quadrant 3,2,1,74,,#FF0000,0,201.53700379182038,6
image_28.png,5,False,564.6378080575532,259.9775293779888,20,#FF0000,Quadrant 4,2,2,74,,#FF0000,0,93.02286508888854,6
image_28.png,5,False,598.386981063322,375.31144461851693,20,#FF0000,Quadrant 4,2,2,74,,#FF0000,0,63.354679882122376,6
image_28.png,5,False,24.717122913304614,335.9227531021764,20,#FF0000,Quadrant 3,2,1,74,,#FF0000,0,174.90310759547464,6
image_28.png,5,False,425.50222101291746,338.7909327449939,20,#FF0000,Quadrant 4,2,2,74,,#FF0000,0,30.214634783608574,6
image_28.png,5,False,291.4277207246181,148.3781446955505,20,#FF0000,Quadrant 1,1,1,74,,#FF0000,0,324.2069585906852,6
image_28.png,5,False,73.22103549883276,367.51528968996075,20,#FF0000,Quadrant 3,2,1,74,,#FF0000,0,236.67501716955724,6
image_28.png,5,False,665.3257307339819,363.1280263405169,20,#FF0000,Quadrant 4,2,2,74,,#FF0000,0,298.4333697628312,6
image_28.png,5,False,620.4651901437447,100.99305128106815,20,#FF0000,Quadrant 2,1,2,74,,#FF0000,0,90.65090103985663,6
image_28.png,5,False,566.807512230722,135.4700743453377,20,#FF0000,Quadrant 2,1,2,74,,#FF0000,0,44.01966004333432,6
image_28.png,5,False,279.67601084131644,293.8854586572684,20,#FF0000,Quadrant 3,2,1,74,,#FF0000,0,210.35743940923427,6
image_28.png,5,False,302.35673995470836,65.53704949003232,20,#FF0000,Quadrant 1,1,1,74,,#FF0000,0,84.93770850285911,6
image_28.png,5,False,679.2772749227516,177.1217060116377,20,#FF0000,Quadrant 2,1,2,74,,#FF0000,0,63.05553195684483,6
image_28.png,5,False,417.15237068781704,196.355543297914,20,#FF0000,Quadrant 2,1,2,74,,#FF0000,0,91.55013137045484,6
image_28.png,5,False,664.6618028419492,130.63319975354986,20,#FF0000,Quadrant 2,1,2,74,,#FF0000,0,134.89379444615824,6
image_28.png,5,False,481.4067903513675,375.13319850700617,20,#FF0000,Quadrant 4,2,2,74,,#FF0000,0,152.5612739544174,6
image_28.png,5,False,576.9207373062528,18.96605154842349,20,#FF0000,Quadrant 2,1,2,74,,#FF0000,0,257.6416424839656,6
image_28.png,5,False,95.09504666591776,338.7082094799903,20,#FF0000,Quadrant 3,2,1,74,,#FF0000,0,292.41010760284513,6
image_28.png,5,False,278.6565292359869,354.90027979882603,20,#FF0000,Quadrant 3,2,1,74,,#FF0000,0,308.75297009397303,6
image_28.png,5,False,684.837076682236,107.59173482459576,20,#FF0000,Quadrant 2,1,2,74,,#FF0000,0,141.4712045632501,6
image_28.png,5,False,577.8456230338231,100.00405197162819,20,#FF0000,Quadrant 2,1,2,74,,#FF0000,0,32.490117975146035,6
image_28.png,5,False,624.3799954309803,357.2067228696028,20,#FF0000,Quadrant 4,2,2,74,,#FF0000,0,75.73913685522989,6
image_28.png,5,False,616.9529335397385,300.8280604302462,20,#FF0000,Quadrant 4,2,2,74,,#FF0000,0,227.28697295625778,6
image_28.png,5,False,590.5616283286034,282.1719147686239,20,#FF0000,Quadrant 4,2,2,74,,#FF0000,0,148.66607467486705,6
image_28.png,5,False,576.1462629003267,322.6235272482766,20,#FF0000,Quadrant 4,2,2,74,,#FF0000,0,315.6340418061363,6
image_28.png,5,False,359.86448009108767,144.0016990087111,20,#FF0000,Quadrant 2,1,2,74,,#FF0000,0,251.453587516764,6
image_28.png,5,False,29.8447655066928,30.69335505693341,20,#FF0000,Quadrant 1,1,1,74,,#FF0000,0,163.17423112895813,6
image_28.png,5,False,445.1777193062456,310.0053021336745,20,#FF0000,Quadrant 4,2,2,74,,#FF0000,0,230.97330410887497,6
image_28.png,5,False,287.0560146335653,248.49599128586775,20,#FF0000,Quadrant 3,2,1,74,,#FF0000,0,48.99320036997859,6
image_28.png,5,False,679.0989003321637,324.9748821958173,20,#FF0000,Quadrant 4,2,2,74,,#FF0000,0,185.89172077836852,6
image_28.png,5,False,190.6084370354343,270.8624774974712,20,#FF0000,Quadrant 3,2,1,74,,#FF0000,0,264.6619591717685,6
image_28.png,5,False,136.3216958725265,342.27542488744086,20,#FF0000,Quadrant 3,2,1,74,,#FF0000,0,149.2187128390062,6
image_28.png,5,False,647.0244104476806,255.60632855696372,20,#FF0000,Quadrant 4,2,2,74,,#FF0000,0,341.31931817732175,6
image_28.png,5,False,635.8160537727539,379.2202221214518,20,#FF0000,Quadrant 4,2,2,74,,#FF0000,0,225.58584870647346,6
image_28.png,5,False,494.168935246106,74.78975150598555,20,#FF0000,Quadrant 2,1,2,74,,#FF0000,0,71.37583296181214,6
image_28.png,5,False,306.514420633544,109.33964082909338,20,#FF0000,Quadrant 1,1,1,74,,#FF0000,0,144.37256799996982,6
image_28.png,5,False,506.10397902356215,175.49000194914504,20,#FF0000,Quadrant 2,1,2,74,,#FF0000,0,42.246186771104966,6
image_28.png,5,False,210.94295048380124,109.96019735197396,20,#FF0000,Quadrant 1,1,1,74,,#FF0000,0,52.539426761555085,6
image_28.png,5,False,636.1491538963547,150.72306554270804,20,#FF0000,Quadrant 2,1,2,74,,#FF0000,0,222.36488642060465,6
image_28.png,5,False,326.6750727673914,14.901051575222965,20,#FF0000,Quadrant 1,1,1,74,,#FF0000,0,246.33615101132392,6
image_28.png,5,False,233.7164799821453,272.9629049023664,20,#FF0000,Quadrant 3,2,1,74,,#FF0000,0,47.953776968416925,6
image_28.png,5,False,502.48846890202435,278.7952969968615,20,#FF0000,Quadrant 4,2,2,74,,#FF0000,0,247.26688173710076,6
image_28.png,5,False,187.53943421941486,47.015621546998524,20,#FF0000,Quadrant 1,1,1,74,,#FF0000,0,264.99747794114455,6
image_28.png,5,False,240.3422904499137,99.77006419012287,20,#FF0000,Quadrant 1,1,1,74,,#FF0000,0,21.150832912031852,6
image_28.png,5,False,697.7534719094039,366.06369338601235,20,#FF0000,Quadrant 4,2,2,74,,#FF0000,0,326.96155345103597,6
image_28.png,5,False,396.5371077681714,230.42405193897113,20,#FF0000,Quadrant 4,2,2,74,,#FF0000,0,348.5008117646079,6
image_28.png,5,False,358.0814913478988,362.66358375704885,20,#FF0000,Quadrant 4,2,2,74,,#FF0000,0,93.70499477648687,6
image_28.png,5,False,101.89255870705439,130.94597220775933,20,#FF0000,Quadrant 1,1,1,74,,#FF0000,0,316.0428307094466,6
image_28.png,5,False,526.2503003585937,361.11760205457,20,#FF0000,Quadrant 4,2,2,74,,#FF0000,0,300.52945361405784,6
image_28.png,5,False,228.40907151030675,386.9455949045857,20,#FF0000,Quadrant 3,2,1,74,,#FF0000,0,321.36185153867433,6
image_28.png,5,False,169.37391589719334,24.555929807972635,20,#FF0000,Quadrant 1,1,1,74,,#FF0000,0,53.50349053475392,6
image_28.png,5,False,649.8451690449829,26.419265828240203,20,#FF0000,Quadrant 2,1,2,74,,#FF0000,0,358.272627608948,6
image_28.png,5,False,126.95525610973198,203.30287476578445,20,#FF0000,Quadrant 3,2,1,74,,#FF0000,0,65.03578708010401,6
image_28.png,5,False,680.4512473556595,209.83382369479835,20,#FF0000,Quadrant 4,2,2,74,,#FF0000,0,210.0770607537153,6
image_28.png,5,False,297.91268506768864,40.04380493646492,20,#FF0000,Quadrant 1,1,1,74,,#FF0000,0,205.48361200842845,6
image_28.png,5,False,477.38996759039384,346.4249898510623,20,#FF0000,Quadrant 4,2,2,74,,#FF0000,0,276.57123371452,6
image_28.png,5,False,480.42420558735313,268.28169676745364,20,#FF0000,Quadrant 4,2,2,74,,#FF0000,0,9.346380698243127,6
image_29.png,2,True,651.1832770063763,51.09443022591905,20,#FF0000,Quadrant 2,1,2,51,140,#FF0000,0,134.48099145682048,5
image_29.png,5,False,30.894532008860725,184.9681422114693,20,#FF0000,Quadrant 1,1,1,51,,#FF0000,0,116.4738003563819,5
image_29.png,5,False,341.6201596024948,248.51884754796455,20,#FF0000,Quadrant 3,2,1,51,,#FF0000,0,254.7743940162223,5
image_29.png,5,False,464.3663428053252,135.523376394609,20,#FF0000,Quadrant 2,1,2,51,,#FF0000,0,96.95463697547859,5
image_29.png,5,False,439.8093857405135,182.27255412055584,20,#FF0000,Quadrant 2,1,2,51,,#FF0000,0,15.78491982983195,5
image_29.png,5,False,699.8767445008916,353.8000226311255,20,#FF0000,Quadrant 4,2,2,51,,#FF0000,0,341.0706229757985,5
image_29.png,5,False,100.10161668532906,337.31940296591733,20,#FF0000,Quadrant 3,2,1,51,,#FF0000,0,286.9320467479306,5
image_29.png,5,False,205.95531274873548,312.6995550318974,20,#FF0000,Quadrant 3,2,1,51,,#FF0000,0,288.5608666517723,5
image_29.png,5,False,387.9906368245127,238.66619730119237,20,#FF0000,Quadrant 4,2,2,51,,#FF0000,0,267.7679972757449,5
image_29.png,5,False,186.80792839563964,101.75029020599003,20,#FF0000,Quadrant 1,1,1,51,,#FF0000,0,33.31836390189123,5
image_29.png,5,False,285.85399107225794,18.75354956229569,20,#FF0000,Quadrant 1,1,1,51,,#FF0000,0,277.5158953039764,5
image_29.png,5,False,278.67849922977655,163.1057764567864,20,#FF0000,Quadrant 1,1,1,51,,#FF0000,0,74.96018662049357,5
image_29.png,5,False,562.9581902019303,289.1661494881027,20,#FF0000,Quadrant 4,2,2,51,,#FF0000,0,107.4767978243845,5
image_29.png,5,False,633.6729133124558,239.12814339717,20,#FF0000,Quadrant 4,2,2,51,,#FF0000,0,331.8119313689803,5
image_29.png,5,False,77.22082179251632,149.8986807598391,20,#FF0000,Quadrant 1,1,1,51,,#FF0000,0,129.25593316247543,5
image_29.png,5,False,317.909823879969,157.69784092973322,20,#FF0000,Quadrant 1,1,1,51,,#FF0000,0,71.95365381437756,5
image_29.png,5,False,424.63477640223226,45.10404808784618,20,#FF0000,Quadrant 2,1,2,51,,#FF0000,0,96.65258528814124,5
image_29.png,5,False,264.7146262076117,81.44250467488197,20,#FF0000,Quadrant 1,1,1,51,,#FF0000,0,152.1130857762543,5
image_29.png,5,False,75.04080063746751,205.04307157680057,20,#FF0000,Quadrant 3,2,1,51,,#FF0000,0,227.04705233399685,5
image_29.png,5,False,477.06718205284034,255.79681334940648,20,#FF0000,Quadrant 4,2,2,51,,#FF0000,0,350.3778446232449,5
image_29.png,5,False,652.2299851274269,210.31135280410587,20,#FF0000,Quadrant 4,2,2,51,,#FF0000,0,256.9087738977752,5
image_29.png,5,False,563.2642929261493,124.54865026603092,20,#FF0000,Quadrant 2,1,2,51,,#FF0000,0,28.505927075406696,5
image_29.png,5,False,305.70721485157935,225.9064892682529,20,#FF0000,Quadrant 3,2,1,51,,#FF0000,0,89.51526186103476,5
image_29.png,5,False,295.5703697137514,186.64015398773017,20,#FF0000,Quadrant 1,1,1,51,,#FF0000,0,183.83457029587674,5
image_29.png,5,False,540.5976265808441,17.149566241112453,20,#FF0000,Quadrant 2,1,2,51,,#FF0000,0,210.80443851230322,5
image_29.png,5,False,329.9235922970731,308.1749410247406,20,#FF0000,Quadrant 3,2,1,51,,#FF0000,0,266.58582060164355,5
image_29.png,5,False,227.30903913517722,284.7077908664144,20,#FF0000,Quadrant 3,2,1,51,,#FF0000,0,253.5762797828995,5
image_29.png,5,False,643.5791175988061,317.1822713819032,20,#FF0000,Quadrant 4,2,2,51,,#FF0000,0,122.88037678613559,5
image_29.png,5,False,64.89394479768865,382.2663790012299,20,#FF0000,Quadrant 3,2,1,51,,#FF0000,0,75.98461349778964,5
image_29.png,5,False,474.9786373023824,174.97599199409876,20,#FF0000,Quadrant 2,1,2,51,,#FF0000,0,93.3543622030443,5
image_29.png,5,False,523.7860659115049,285.39451102898346,20,#FF0000,Quadrant 4,2,2,51,,#FF0000,0,236.77815368540115,5
image_29.png,5,False,571.2482784392847,244.12954439487663,20,#FF0000,Quadrant 4,2,2,51,,#FF0000,0,109.00799350932071,5
image_29.png,5,False,674.60456956634,266.18866523585433,20,#FF0000,Quadrant 4,2,2,51,,#FF0000,0,248.63842519051678,5
image_29.png,5,False,71.38060499866793,62.07307204041702,20,#FF0000,Quadrant 1,1,1,51,,#FF0000,0,289.6706645858019,5
image_29.png,5,False,177.58656969113838,329.3099103171405,20,#FF0000,Quadrant 3,2,1,51,,#FF0000,0,52.25550855626415,5
image_29.png,5,False,382.0833666290347,43.54336084236914,20,#FF0000,Quadrant 2,1,2,51,,#FF0000,0,308.9481687873911,5
image_29.png,5,False,113.08613060845792,170.47034691458015,20,#FF0000,Quadrant 1,1,1,51,,#FF0000,0,277.09961270416676,5
image_29.png,5,False,632.7641667203525,290.25928669856546,20,#FF0000,Quadrant 4,2,2,51,,#FF0000,0,41.92517503945509,5
image_29.png,5,False,345.19727087658686,18.419300340138765,20,#FF0000,Quadrant 1,1,1,51,,#FF0000,0,160.29574146115831,5
image_29.png,5,False,280.9043080887599,137.19532116485,20,#FF0000,Quadrant 1,1,1,51,,#FF0000,0,298.6022745086392,5
image_29.png,5,False,595.016746225364,174.21584609334215,20,#FF0000,Quadrant 2,1,2,51,,#FF0000,0,36.95886781027579,5
image_29.png,5,False,699.3291673760388,24.992507251155978,20,#FF0000,Quadrant 2,1,2,51,,#FF0000,0,263.1882768835844,5
image_29.png,5,False,364.7020920904432,284.9041619982214,20,#FF0000,Quadrant 4,2,2,51,,#FF0000,0,143.88493400064368,5
image_29.png,5,False,52.82552605870939,18.18943111239161,20,#FF0000,Quadrant 1,1,1,51,,#FF0000,0,83.48608297962335,5
image_29.png,5,False,392.193167066267,112.24687318136974,20,#FF0000,Quadrant 2,1,2,51,,#FF0000,0,207.50520671685078,5
image_29.png,5,False,623.6178696463246,55.20359989278141,20,#FF0000,Quadrant 2,1,2,51,,#FF0000,0,233.38810287542253,5
image_29.png,5,False,122.15873769998122,285.50705314168397,20,#FF0000,Quadrant 3,2,1,51,,#FF0000,0,157.042801435966,5
image_29.png,5,False,482.94714411107014,359.4160555421847,20,#FF0000,Quadrant 4,2,2,51,,#FF0000,0,211.55713563610058,5
image_29.png,5,False,503.7722229558539,188.08063231094133,20,#FF0000,Quadrant 2,1,2,51,,#FF0000,0,307.24336492484935,5
image_29.png,5,False,509.14355734098245,158.5603260457938,20,#FF0000,Quadrant 2,1,2,51,,#FF0000,0,317.94242162720747,5
image_29.png,5,False,336.4318193646612,378.0159396472039,20,#FF0000,Quadrant 3,2,1,51,,#FF0000,0,129.69200437180817,5
image_29.png,5,False,153.7667190776245,272.0836734862486,20,#FF0000,Quadrant 3,2,1,51,,#FF0000,0,58.32927155392805,5
image_30.png,2,True,99.94752572028018,86.40503621911053,20,#FF0000,Quadrant 1,1,1,12,140,#FF0000,0,240.1403228479647,3
image_30.png,5,False,80.5226669215367,168.242088813146,20,#FF0000,Quadrant 1,1,1,12,,#FF0000,0,218.0696426122402,3
image_30.png,5,False,220.21615455091987,90.1656518316413,20,#FF0000,Quadrant 1,1,1,12,,#FF0000,0,357.7562047372835,3
image_30.png,5,False,23.49198042008332,343.98250844020714,20,#FF0000,Quadrant 3,2,1,12,,#FF0000,0,16.937761006757896,3
image_30.png,5,False,120.27916545702881,323.9646042203643,20,#FF0000,Quadrant 3,2,1,12,,#FF0000,0,128.5357949412914,3
image_30.png,5,False,33.02733535242009,35.065591601012144,20,#FF0000,Quadrant 1,1,1,12,,#FF0000,0,322.00468943456116,3
image_30.png,5,False,436.50085294387924,56.62007640621799,20,#FF0000,Quadrant 2,1,2,12,,#FF0000,0,155.0233665185343,3
image_30.png,5,False,188.63945515180887,139.6425528875502,20,#FF0000,Quadrant 1,1,1,12,,#FF0000,0,80.67442994632947,3
image_30.png,5,False,115.16189954428532,271.8712501247001,20,#FF0000,Quadrant 3,2,1,12,,#FF0000,0,96.29684480037069,3
image_30.png,5,False,472.27577831412736,278.02105874612573,20,#FF0000,Quadrant 4,2,2,12,,#FF0000,0,185.5394793863908,3
image_30.png,5,False,312.66260075198085,183.79727184683534,20,#FF0000,Quadrant 1,1,1,12,,#FF0000,0,333.5875554431705,3
image_30.png,5,False,87.43135217234918,51.02712285119745,20,#FF0000,Quadrant 1,1,1,12,,#FF0000,0,302.9749106770393,3
image_30.png,5,False,549.9056616010436,369.1109607108393,20,#FF0000,Quadrant 4,2,2,12,,#FF0000,0,219.8061157723971,3
image_31.png,2,True,83.62823670428169,249.1120719062271,20,#FF0000,Quadrant 3,2,1,72,140,#FF0000,0,15.108997394368512,6
image_31.png,5,False,638.6691958991354,70.35830290105957,20,#FF0000,Quadrant 2,1,2,72,,#FF0000,0,313.5130106951225,6
image_31.png,5,False,315.20584004367635,202.2289211183175,20,#FF0000,Quadrant 3,2,1,72,,#FF0000,0,105.16427557869856,6
image_31.png,5,False,105.92522781890334,331.7689446681331,20,#FF0000,Quadrant 3,2,1,72,,#FF0000,0,120.45870911253898,6
image_31.png,5,False,297.4516388773329,301.6945359296359,20,#FF0000,Quadrant 3,2,1,72,,#FF0000,0,158.07904592953025,6
image_31.png,5,False,568.5010536190423,140.01898637708004,20,#FF0000,Quadrant 2,1,2,72,,#FF0000,0,88.31378326216942,6
image_31.png,5,False,69.72613071117372,151.78094309825823,20,#FF0000,Quadrant 1,1,1,72,,#FF0000,0,181.80818216245058,6
image_31.png,5,False,259.4833070314261,262.36820635781123,20,#FF0000,Quadrant 3,2,1,72,,#FF0000,0,271.74427650424167,6
image_31.png,5,False,530.1664408514577,170.41099513744973,20,#FF0000,Quadrant 2,1,2,72,,#FF0000,0,54.580037229912364,6
image_31.png,5,False,563.4186195839862,167.26876028635786,20,#FF0000,Quadrant 2,1,2,72,,#FF0000,0,82.14552141486075,6
image_31.png,5,False,327.0808610381047,333.20360121955497,20,#FF0000,Quadrant 3,2,1,72,,#FF0000,0,147.3513549812398,6
image_31.png,5,False,260.2625406923669,22.250386411657516,20,#FF0000,Quadrant 1,1,1,72,,#FF0000,0,286.0586446940266,6
image_31.png,5,False,17.854663576514444,315.7613152232603,20,#FF0000,Quadrant 3,2,1,72,,#FF0000,0,52.41035012345513,6
image_31.png,5,False,124.21970570143904,34.2350281674761,20,#FF0000,Quadrant 1,1,1,72,,#FF0000,0,353.50017277936746,6
image_31.png,5,False,465.861382697638,253.47405517890965,20,#FF0000,Quadrant 4,2,2,72,,#FF0000,0,273.30925862009633,6
image_31.png,5,False,50.83097255720211,249.74765849454545,20,#FF0000,Quadrant 3,2,1,72,,#FF0000,0,324.90400736660223,6
image_31.png,5,False,465.9891642960562,207.4762212907218,20,#FF0000,Quadrant 4,2,2,72,,#FF0000,0,256.813026127707,6
image_31.png,5,False,287.97994162369054,268.3691085047928,20,#FF0000,Quadrant 3,2,1,72,,#FF0000,0,106.4607929509126,6
image_31.png,5,False,220.6785628285159,291.7396557672083,20,#FF0000,Quadrant 3,2,1,72,,#FF0000,0,199.29975416121403,6
image_31.png,5,False,16.44463888410813,116.75712152033165,20,#FF0000,Quadrant 1,1,1,72,,#FF0000,0,327.3231071524072,6
image_31.png,5,False,645.1904576434775,275.7115341476246,20,#FF0000,Quadrant 4,2,2,72,,#FF0000,0,190.00502481866164,6
image_31.png,5,False,152.33703068302907,216.7927599996921,20,#FF0000,Quadrant 3,2,1,72,,#FF0000,0,160.62805825320305,6
image_31.png,5,False,218.7551430990514,24.974725150688435,20,#FF0000,Quadrant 1,1,1,72,,#FF0000,0,71.02647153400544,6
image_31.png,5,False,510.59299212924157,290.73974003339544,20,#FF0000,Quadrant 4,2,2,72,,#FF0000,0,120.41745290456468,6
image_31.png,5,False,694.4356150150631,118.32473087900611,20,#FF0000,Quadrant 2,1,2,72,,#FF0000,0,45.36203255779363,6
image_31.png,5,False,391.1804515878998,208.06495701363647,20,#FF0000,Quadrant 4,2,2,72,,#FF0000,0,33.41504442842138,6
image_31.png,5,False,419.2349816056902,102.22643651502246,20,#FF0000,Quadrant 2,1,2,72,,#FF0000,0,286.7755317268949,6
image_31.png,5,False,511.5648707693212,384.0688766911163,20,#FF0000,Quadrant 4,2,2,72,,#FF0000,0,278.69680337175095,6
image_31.png,5,False,96.9526159180679,123.62930058226387,20,#FF0000,Quadrant 1,1,1,72,,#FF0000,0,234.34647097351765,6
image_31.png,5,False,323.2183936205314,382.55531262788764,20,#FF0000,Quadrant 3,2,1,72,,#FF0000,0,265.26913048235195,6
image_31.png,5,False,692.4210543611507,224.7957516471789,20,#FF0000,Quadrant 4,2,2,72,,#FF0000,0,289.9395223593183,6
image_31.png,5,False,443.51585840093827,212.5831121595159,20,#FF0000,Quadrant 4,2,2,72,,#FF0000,0,321.9620032423302,6
image_31.png,5,False,252.3822860430919,118.55441708934794,20,#FF0000,Quadrant 1,1,1,72,,#FF0000,0,214.39760926501185,6
image_31.png,5,False,503.5347285914092,265.17997717044665,20,#FF0000,Quadrant 4,2,2,72,,#FF0000,0,282.5241346167663,6
image_31.png,5,False,369.0503200899511,104.60539923441243,20,#FF0000,Quadrant 2,1,2,72,,#FF0000,0,257.1663523909424,6
image_31.png,5,False,412.2522725959909,322.03454928317456,20,#FF0000,Quadrant 4,2,2,72,,#FF0000,0,118.02490670921397,6
image_31.png,5,False,78.51361606251588,280.0000790425511,20,#FF0000,Quadrant 3,2,1,72,,#FF0000,0,130.05631181263513,6
image_31.png,5,False,67.46159560650057,34.50920822178706,20,#FF0000,Quadrant 1,1,1,72,,#FF0000,0,298.237546595477,6
image_31.png,5,False,339.13836628933586,179.65002490216102,20,#FF0000,Quadrant 1,1,1,72,,#FF0000,0,319.863346865943,6
image_31.png,5,False,373.5901105738975,233.35451508529536,20,#FF0000,Quadrant 4,2,2,72,,#FF0000,0,132.94591787201225,6
image_31.png,5,False,283.0051253945991,110.67622221162038,20,#FF0000,Quadrant 1,1,1,72,,#FF0000,0,186.82019979042485,6
image_31.png,5,False,302.7378923490391,177.3502229634579,20,#FF0000,Quadrant 1,1,1,72,,#FF0000,0,179.57783005480476,6
image_31.png,5,False,348.2937949385716,378.8969986408699,20,#FF0000,Quadrant 3,2,1,72,,#FF0000,0,335.17281875919707,6
image_31.png,5,False,110.45451894764955,59.052863636917934,20,#FF0000,Quadrant 1,1,1,72,,#FF0000,0,296.572258909221,6
image_31.png,5,False,92.342070635336,91.37887972707627,20,#FF0000,Quadrant 1,1,1,72,,#FF0000,0,310.77779673405587,6
image_31.png,5,False,666.8051876636581,238.4048807932148,20,#FF0000,Quadrant 4,2,2,72,,#FF0000,0,132.95954146840458,6
image_31.png,5,False,116.62680786940741,151.41465988204993,20,#FF0000,Quadrant 1,1,1,72,,#FF0000,0,14.501570971309388,6
image_31.png,5,False,219.94619698489535,194.67985432278812,20,#FF0000,Quadrant 1,1,1,72,,#FF0000,0,356.76723640267187,6
image_31.png,5,False,108.93432614976935,233.87796428370575,20,#FF0000,Quadrant 3,2,1,72,,#FF0000,0,284.83333238536846,6
image_31.png,5,False,627.1402676571754,347.06362395850056,20,#FF0000,Quadrant 4,2,2,72,,#FF0000,0,17.5143767688828,6
image_31.png,5,False,575.377172698274,195.76400206080385,20,#FF0000,Quadrant 2,1,2,72,,#FF0000,0,77.60932405224268,6
image_31.png,5,False,251.21912207865688,340.0212305850534,20,#FF0000,Quadrant 3,2,1,72,,#FF0000,0,44.03804598088136,6
image_31.png,5,False,428.3339903392331,299.01756550640926,20,#FF0000,Quadrant 4,2,2,72,,#FF0000,0,259.2120583364818,6
image_31.png,5,False,607.9120857156694,133.93175631583523,20,#FF0000,Quadrant 2,1,2,72,,#FF0000,0,161.66690598155358,6
image_31.png,5,False,468.8420932565119,165.83950764220114,20,#FF0000,Quadrant 2,1,2,72,,#FF0000,0,287.9321836301487,6
image_31.png,5,False,283.42862201906394,215.49590239912158,20,#FF0000,Quadrant 3,2,1,72,,#FF0000,0,83.81602200931303,6
image_31.png,5,False,607.6420120232447,278.32486068737467,20,#FF0000,Quadrant 4,2,2,72,,#FF0000,0,232.5299506773856,6
image_31.png,5,False,559.553400409438,278.3967649396104,20,#FF0000,Quadrant 4,2,2,72,,#FF0000,0,205.91812571018423,6
image_31.png,5,False,180.0025324348866,277.7234914683609,20,#FF0000,Quadrant 3,2,1,72,,#FF0000,0,283.23253656990676,6
image_31.png,5,False,287.83872915616104,28.003817422515205,20,#FF0000,Quadrant 1,1,1,72,,#FF0000,0,218.46773561354888,6
image_31.png,5,False,27.028378115818384,176.19258468025942,20,#FF0000,Quadrant 1,1,1,72,,#FF0000,0,310.3107608570573,6
image_31.png,5,False,222.38121645183486,164.95049216236202,20,#FF0000,Quadrant 1,1,1,72,,#FF0000,0,32.26628285290189,6
image_31.png,5,False,434.3735704214422,133.9598831578423,20,#FF0000,Quadrant 2,1,2,72,,#FF0000,0,60.90877727574811,6
image_31.png,5,False,295.4349174669727,133.5543249212143,20,#FF0000,Quadrant 1,1,1,72,,#FF0000,0,115.21492698256519,6
image_31.png,5,False,581.3138236757854,56.72524760372881,20,#FF0000,Quadrant 2,1,2,72,,#FF0000,0,135.1847369891994,6
image_31.png,5,False,529.2201461519016,232.51899104858668,20,#FF0000,Quadrant 4,2,2,72,,#FF0000,0,72.92140488523441,6
image_31.png,5,False,52.77543277542151,186.7032955667359,20,#FF0000,Quadrant 1,1,1,72,,#FF0000,0,41.4292938779556,6
image_31.png,5,False,476.1421285937725,104.10748425428415,20,#FF0000,Quadrant 2,1,2,72,,#FF0000,0,346.8508876191241,6
image_31.png,5,False,677.8910322643137,152.10937333320246,20,#FF0000,Quadrant 2,1,2,72,,#FF0000,0,73.24448646483843,6
image_31.png,5,False,639.0184922330074,181.75847644952987,20,#FF0000,Quadrant 2,1,2,72,,#FF0000,0,152.550884381583,6
image_31.png,5,False,680.7643629783837,11.205228185252519,20,#FF0000,Quadrant 2,1,2,72,,#FF0000,0,104.129803740242,6
image_31.png,5,False,343.2263330541977,236.99401006725446,20,#FF0000,Quadrant 3,2,1,72,,#FF0000,0,336.0624537754942,6
image_31.png,5,False,272.9257714485946,143.83597387702628,20,#FF0000,Quadrant 1,1,1,72,,#FF0000,0,302.2155797839105,6
image_32.png,2,True,590.2314098001739,117.33566717202383,20,#FF0000,Quadrant 2,1,2,81,140,#FF0000,0,76.59148850036632,6
image_32.png,5,False,378.98751829537156,37.435513061592694,20,#FF0000,Quadrant 2,1,2,81,,#FF0000,0,58.109869853450775,6
image_32.png,5,False,492.2177944163317,324.92828475525823,20,#FF0000,Quadrant 4,2,2,81,,#FF0000,0,32.29743735723019,6
image_32.png,5,False,699.1878434385862,342.9895732498303,20,#FF0000,Quadrant 4,2,2,81,,#FF0000,0,261.02656126270045,6
image_32.png,5,False,358.82115201399046,314.17737716673975,20,#FF0000,Quadrant 4,2,2,81,,#FF0000,0,75.90606346547834,6
image_32.png,5,False,662.3864330953038,251.09421484764127,20,#FF0000,Quadrant 4,2,2,81,,#FF0000,0,318.2153803524103,6
image_32.png,5,False,498.64257062914044,114.19896658480829,20,#FF0000,Quadrant 2,1,2,81,,#FF0000,0,352.6705252451438,6
image_32.png,5,False,232.60875521885555,90.61583177599421,20,#FF0000,Quadrant 1,1,1,81,,#FF0000,0,238.41973002171443,6
image_32.png,5,False,237.3070410187364,356.49889519451136,20,#FF0000,Quadrant 3,2,1,81,,#FF0000,0,345.23736458886356,6
image_32.png,5,False,17.599664349069492,76.5966157926293,20,#FF0000,Quadrant 1,1,1,81,,#FF0000,0,1.5405291655674214,6
image_32.png,5,False,490.88157061914706,195.83319835522667,20,#FF0000,Quadrant 2,1,2,81,,#FF0000,0,200.0846356324594,6
image_32.png,5,False,66.91151406953705,342.4002702784446,20,#FF0000,Quadrant 3,2,1,81,,#FF0000,0,141.40478934144468,6
image_32.png,5,False,382.1293871873828,348.3922889867998,20,#FF0000,Quadrant 4,2,2,81,,#FF0000,0,234.45592960646988,6
image_32.png,5,False,317.7267947582709,57.65109376186137,20,#FF0000,Quadrant 1,1,1,81,,#FF0000,0,293.7803757323377,6
image_32.png,5,False,270.3233732068885,238.29551045083292,20,#FF0000,Quadrant 3,2,1,81,,#FF0000,0,349.93404993862845,6
image_32.png,5,False,589.1714512268339,317.886749785225,20,#FF0000,Quadrant 4,2,2,81,,#FF0000,0,139.2303724869131,6
image_32.png,5,False,96.96230280991757,151.04168239162627,20,#FF0000,Quadrant 1,1,1,81,,#FF0000,0,354.16638048764537,6
image_32.png,5,False,17.451315593926594,291.9086003115585,20,#FF0000,Quadrant 3,2,1,81,,#FF0000,0,69.47670877015557,6
image_32.png,5,False,479.9019486072935,279.0767597798731,20,#FF0000,Quadrant 4,2,2,81,,#FF0000,0,273.0315594465167,6
image_32.png,5,False,573.4174877678008,247.33941899688153,20,#FF0000,Quadrant 4,2,2,81,,#FF0000,0,68.9442034988697,6
image_32.png,5,False,163.37075189056782,381.485027467159,20,#FF0000,Quadrant 3,2,1,81,,#FF0000,0,291.0292179764169,6
image_32.png,5,False,36.35247357518321,197.29271688985725,20,#FF0000,Quadrant 1,1,1,81,,#FF0000,0,348.22674222796934,6
image_32.png,5,False,428.55257816657775,13.697181255525368,20,#FF0000,Quadrant 2,1,2,81,,#FF0000,0,253.45717202505824,6
image_32.png,5,False,450.8824758820487,52.937787449571005,20,#FF0000,Quadrant 2,1,2,81,,#FF0000,0,354.33487367335294,6
image_32.png,5,False,355.72436510304954,75.44034243058265,20,#FF0000,Quadrant 2,1,2,81,,#FF0000,0,99.84511945304872,6
image_32.png,5,False,520.043416178019,265.08235661641504,20,#FF0000,Quadrant 4,2,2,81,,#FF0000,0,69.7572925503688,6
image_32.png,5,False,131.93937056536578,233.32621267793425,20,#FF0000,Quadrant 3,2,1,81,,#FF0000,0,217.0701176185197,6
image_32.png,5,False,98.79989720792516,363.8869654195267,20,#FF0000,Quadrant 3,2,1,81,,#FF0000,0,268.5504378633034,6
image_32.png,5,False,618.0111311778581,286.5237714774275,20,#FF0000,Quadrant 4,2,2,81,,#FF0000,0,307.9724252378006,6
image_32.png,5,False,595.0426853681157,19.73841687260277,20,#FF0000,Quadrant 2,1,2,81,,#FF0000,0,98.75807008941885,6
image_32.png,5,False,477.9590435787789,243.2645763427329,20,#FF0000,Quadrant 4,2,2,81,,#FF0000,0,349.13187063839206,6
image_32.png,5,False,619.4572339635722,11.73897670598744,20,#FF0000,Quadrant 2,1,2,81,,#FF0000,0,245.04492731125464,6
image_32.png,5,False,233.54649326969448,330.16110730283145,20,#FF0000,Quadrant 3,2,1,81,,#FF0000,0,307.38953216339166,6
image_32.png,5,False,94.86349288105609,206.91561176158325,20,#FF0000,Quadrant 3,2,1,81,,#FF0000,0,146.4753223855258,6
image_32.png,5,False,43.35864209753162,358.1519838331898,20,#FF0000,Quadrant 3,2,1,81,,#FF0000,0,259.63930041221795,6
image_32.png,5,False,228.89071370329515,159.1226583984634,20,#FF0000,Quadrant 1,1,1,81,,#FF0000,0,191.66770161382956,6
image_32.png,5,False,617.3878381921627,316.3003601997389,20,#FF0000,Quadrant 4,2,2,81,,#FF0000,0,120.4940935183406,6
image_32.png,5,False,166.4576942839315,271.64950876089966,20,#FF0000,Quadrant 3,2,1,81,,#FF0000,0,356.4952721109979,6
image_32.png,5,False,642.809707784944,85.41943708191836,20,#FF0000,Quadrant 2,1,2,81,,#FF0000,0,344.7992457955966,6
image_32.png,5,False,54.299601870107175,247.36139697255538,20,#FF0000,Quadrant 3,2,1,81,,#FF0000,0,118.52086806215426,6
image_32.png,5,False,308.61282206887523,20.0808942763256,20,#FF0000,Quadrant 1,1,1,81,,#FF0000,0,10.034190809636637,6
image_32.png,5,False,655.2568923110846,328.7118666369824,20,#FF0000,Quadrant 4,2,2,81,,#FF0000,0,286.99952591558514,6
image_32.png,5,False,337.2942258211187,373.42740467804026,20,#FF0000,Quadrant 3,2,1,81,,#FF0000,0,88.97528379278356,6
image_32.png,5,False,577.1056853744569,207.43716688583794,20,#FF0000,Quadrant 4,2,2,81,,#FF0000,0,299.70630451735724,6
image_32.png,5,False,76.9171463613606,179.7604401173981,20,#FF0000,Quadrant 1,1,1,81,,#FF0000,0,157.87061359789584,6
image_32.png,5,False,53.71953892164509,314.3023235279706,20,#FF0000,Quadrant 3,2,1,81,,#FF0000,0,281.75264631146854,6
image_32.png,5,False,431.7989227730156,174.23513812473948,20,#FF0000,Quadrant 2,1,2,81,,#FF0000,0,19.72397885121096,6
image_32.png,5,False,49.43928183860177,30.732788186360423,20,#FF0000,Quadrant 1,1,1,81,,#FF0000,0,36.65792944970134,6
image_32.png,5,False,323.40034898758597,186.47103719839637,20,#FF0000,Quadrant 1,1,1,81,,#FF0000,0,224.64293631775942,6
image_32.png,5,False,476.609732921706,20.81744591624299,20,#FF0000,Quadrant 2,1,2,81,,#FF0000,0,234.3317134494375,6
image_32.png,5,False,416.00340260281877,51.826490974550616,20,#FF0000,Quadrant 2,1,2,81,,#FF0000,0,186.19664131216496,6
image_32.png,5,False,502.4632825742523,235.1110964298204,20,#FF0000,Quadrant 4,2,2,81,,#FF0000,0,4.423889624052024,6
image_32.png,5,False,634.1109243627128,58.62105470093705,20,#FF0000,Quadrant 2,1,2,81,,#FF0000,0,302.680606467286,6
image_32.png,5,False,255.86454709674283,192.96893657675017,20,#FF0000,Quadrant 1,1,1,81,,#FF0000,0,183.20328244762865,6
image_32.png,5,False,139.10122728744187,63.04028284010044,20,#FF0000,Quadrant 1,1,1,81,,#FF0000,0,223.50631922531687,6
image_32.png,5,False,98.97203745498103,231.9494276102676,20,#FF0000,Quadrant 3,2,1,81,,#FF0000,0,15.86548374426978,6
image_32.png,5,False,460.0247312841075,146.2270951988485,20,#FF0000,Quadrant 2,1,2,81,,#FF0000,0,184.7252662890172,6
image_32.png,5,False,383.84801361200596,66.04613032728896,20,#FF0000,Quadrant 2,1,2,81,,#FF0000,0,210.1197317144266,6
image_32.png,5,False,426.6940184031301,121.02217112047771,20,#FF0000,Quadrant 2,1,2,81,,#FF0000,0,169.0285535985439,6
image_32.png,5,False,367.68192634029015,259.601832720619,20,#FF0000,Quadrant 4,2,2,81,,#FF0000,0,349.29758103869455,6
image_32.png,5,False,174.5598879188099,320.65147185099215,20,#FF0000,Quadrant 3,2,1,81,,#FF0000,0,52.05613837118709,6
image_32.png,5,False,48.624422943592954,140.962486936628,20,#FF0000,Quadrant 1,1,1,81,,#FF0000,0,201.4019703055381,6
image_32.png,5,False,452.3422520306456,87.07674708090514,20,#FF0000,Quadrant 2,1,2,81,,#FF0000,0,351.5438779602489,6
image_32.png,5,False,141.46598915871704,190.82407264878924,20,#FF0000,Quadrant 1,1,1,81,,#FF0000,0,24.62535919963337,6
image_32.png,5,False,333.04024543789194,272.7324312118662,20,#FF0000,Quadrant 3,2,1,81,,#FF0000,0,249.0627622119514,6
image_32.png,5,False,401.0407703485467,137.87966316109137,20,#FF0000,Quadrant 2,1,2,81,,#FF0000,0,306.72312563827535,6
image_32.png,5,False,237.41852490463037,50.63250487838826,20,#FF0000,Quadrant 1,1,1,81,,#FF0000,0,107.86737286098527,6
image_32.png,5,False,638.3641441246151,198.46179451745317,20,#FF0000,Quadrant 2,1,2,81,,#FF0000,0,315.3979721971519,6
image_32.png,5,False,451.1104977105877,273.0373707342414,20,#FF0000,Quadrant 4,2,2,81,,#FF0000,0,331.18329317369273,6
image_32.png,5,False,286.8153584148322,323.2598741514526,20,#FF0000,Quadrant 3,2,1,81,,#FF0000,0,135.32824928994393,6
image_32.png,5,False,17.81565118432615,146.28115929176394,20,#FF0000,Quadrant 1,1,1,81,,#FF0000,0,2.4211398557884234,6
image_32.png,5,False,109.11495945756886,177.47426917764918,20,#FF0000,Quadrant 1,1,1,81,,#FF0000,0,199.68897820612895,6
image_32.png,5,False,639.8563390929405,147.04569149461403,20,#FF0000,Quadrant 2,1,2,81,,#FF0000,0,227.28044786190316,6
image_32.png,5,False,148.19565739707213,118.39013415446443,20,#FF0000,Quadrant 1,1,1,81,,#FF0000,0,351.1113391122729,6
image_32.png,5,False,191.51720936058805,76.87954867222166,20,#FF0000,Quadrant 1,1,1,81,,#FF0000,0,78.82021456016301,6
image_32.png,5,False,191.3723495188141,49.24990202438563,20,#FF0000,Quadrant 1,1,1,81,,#FF0000,0,63.38787275133512,6
image_32.png,5,False,105.56079524813423,258.5405565473625,20,#FF0000,Quadrant 3,2,1,81,,#FF0000,0,299.3204650572155,6
image_32.png,5,False,265.6824108789643,151.74839755761246,20,#FF0000,Quadrant 1,1,1,81,,#FF0000,0,164.23332427780312,6
image_32.png,5,False,309.8317447394819,279.73612975115105,20,#FF0000,Quadrant 3,2,1,81,,#FF0000,0,224.35336200445118,6
image_32.png,5,False,306.9531734074673,251.46203457146706,20,#FF0000,Quadrant 3,2,1,81,,#FF0000,0,114.4625793087311,6
image_32.png,5,False,536.7637562039739,233.0091797670768,20,#FF0000,Quadrant 4,2,2,81,,#FF0000,0,331.5648938464393,6
image_32.png,5,False,213.69191201795624,67.15829539197138,20,#FF0000,Quadrant 1,1,1,81,,#FF0000,0,307.59675586796254,6
image_33.png,2,True,559.1766129208394,340.93786394448074,20,#FF0000,Quadrant 4,2,2,32,140,#FF0000,0,19.173231025079534,4
image_33.png,5,False,678.2167878704715,345.8453607770686,20,#FF0000,Quadrant 4,2,2,32,,#FF0000,0,306.5409498138503,4
image_33.png,5,False,67.08990657802173,188.91223698107112,20,#FF0000,Quadrant 1,1,1,32,,#FF0000,0,75.3255264597198,4
image_33.png,5,False,455.4543077687389,203.4619195123954,20,#FF0000,Quadrant 4,2,2,32,,#FF0000,0,270.470893663704,4
image_33.png,5,False,330.8801542396097,132.64914422720696,20,#FF0000,Quadrant 1,1,1,32,,#FF0000,0,179.49159940184094,4
image_33.png,5,False,489.51716520631066,281.5156518762872,20,#FF0000,Quadrant 4,2,2,32,,#FF0000,0,134.59633968153028,4
image_33.png,5,False,195.88313090382235,162.55761466327243,20,#FF0000,Quadrant 1,1,1,32,,#FF0000,0,178.12512912268141,4
image_33.png,5,False,413.36402621618635,24.83649644495133,20,#FF0000,Quadrant 2,1,2,32,,#FF0000,0,331.6266805278123,4
image_33.png,5,False,150.86734223725765,337.2776036754055,20,#FF0000,Quadrant 3,2,1,32,,#FF0000,0,79.02946175752925,4
image_33.png,5,False,221.83333602428985,346.9319753686887,20,#FF0000,Quadrant 3,2,1,32,,#FF0000,0,142.5239911578129,4
image_33.png,5,False,655.558746914829,152.41258029797712,20,#FF0000,Quadrant 2,1,2,32,,#FF0000,0,205.6933392330658,4
image_33.png,5,False,103.55358739844021,42.76264045781008,20,#FF0000,Quadrant 1,1,1,32,,#FF0000,0,198.19871060932581,4
image_33.png,5,False,253.2351416766073,231.73772094810025,20,#FF0000,Quadrant 3,2,1,32,,#FF0000,0,160.02191354912117,4
image_33.png,5,False,438.9556898456936,172.066685874277,20,#FF0000,Quadrant 2,1,2,32,,#FF0000,0,167.4911199838992,4
image_33.png,5,False,292.76846221995146,315.1026878809279,20,#FF0000,Quadrant 3,2,1,32,,#FF0000,0,168.3183559455129,4
image_33.png,5,False,274.45356844388573,78.87584631858952,20,#FF0000,Quadrant 1,1,1,32,,#FF0000,0,114.1273532680199,4
image_33.png,5,False,455.6494934729273,146.7371295001944,20,#FF0000,Quadrant 2,1,2,32,,#FF0000,0,84.16454386431688,4
image_33.png,5,False,591.5537351497711,204.83499402280458,20,#FF0000,Quadrant 4,2,2,32,,#FF0000,0,29.67066396792541,4
image_33.png,5,False,60.159238645458316,25.47036360500639,20,#FF0000,Quadrant 1,1,1,32,,#FF0000,0,35.42727949240533,4
image_33.png,5,False,146.48931645712958,135.453208584405,20,#FF0000,Quadrant 1,1,1,32,,#FF0000,0,72.11037486905471,4
image_33.png,5,False,572.9241332149854,269.3778666673558,20,#FF0000,Quadrant 4,2,2,32,,#FF0000,0,108.97760978546798,4
image_33.png,5,False,497.1877773342986,388.2423766561822,20,#FF0000,Quadrant 4,2,2,32,,#FF0000,0,98.80724034183677,4
image_33.png,5,False,529.392132740108,290.6523402430228,20,#FF0000,Quadrant 4,2,2,32,,#FF0000,0,359.4258352205136,4
image_33.png,5,False,16.879842218625694,124.20122947199275,20,#FF0000,Quadrant 1,1,1,32,,#FF0000,0,328.4577108473238,4
image_33.png,5,False,550.5753670694259,163.64061146615498,20,#FF0000,Quadrant 2,1,2,32,,#FF0000,0,296.0311881064448,4
image_33.png,5,False,410.5881547341375,258.7066158242128,20,#FF0000,Quadrant 4,2,2,32,,#FF0000,0,146.07305419348233,4
image_33.png,5,False,364.21376443363886,298.71868307637266,20,#FF0000,Quadrant 4,2,2,32,,#FF0000,0,169.92143776620009,4
image_33.png,5,False,337.8879554944878,205.98198248362075,20,#FF0000,Quadrant 3,2,1,32,,#FF0000,0,269.6893471148238,4
image_33.png,5,False,556.6293580842648,129.34228706146052,20,#FF0000,Quadrant 2,1,2,32,,#FF0000,0,166.10440941629886,4
image_33.png,5,False,408.9033210949145,59.51465221871577,20,#FF0000,Quadrant 2,1,2,32,,#FF0000,0,134.89206023530718,4
image_33.png,5,False,17.67031513424472,317.33172351900186,20,#FF0000,Quadrant 3,2,1,32,,#FF0000,0,339.6074404240386,4
image_33.png,5,False,245.13752463730458,169.437685377314,20,#FF0000,Quadrant 1,1,1,32,,#FF0000,0,300.3475973582154,4
image_33.png,5,False,235.6687855080668,19.784659643055985,20,#FF0000,Quadrant 1,1,1,32,,#FF0000,0,193.5374422957703,4
image_34.png,2,True,116.89326400548701,371.0969922827876,20,#FF0000,Quadrant 3,2,1,5,140,#FF0000,0,331.9719085848965,2
image_34.png,5,False,444.9592825666922,238.93505310563987,20,#FF0000,Quadrant 4,2,2,5,,#FF0000,0,118.89019015840228,2
image_34.png,5,False,608.324936571124,381.50505963071,20,#FF0000,Quadrant 4,2,2,5,,#FF0000,0,218.82141773847,2
image_34.png,5,False,280.148304968295,213.03743952566379,20,#FF0000,Quadrant 3,2,1,5,,#FF0000,0,73.513662677477,2
image_34.png,5,False,85.85182735004794,226.27667450616224,20,#FF0000,Quadrant 3,2,1,5,,#FF0000,0,67.80192413121429,2
image_34.png,5,False,627.4784747429246,46.245289495573516,20,#FF0000,Quadrant 2,1,2,5,,#FF0000,0,162.55271755189585,2
image_35.png,2,True,133.3912692002114,323.4074850563055,20,#FF0000,Quadrant 3,2,1,14,140,#FF0000,0,242.95879363303212,3
image_35.png,5,False,29.49173006140336,86.22152178188867,20,#FF0000,Quadrant 1,1,1,14,,#FF0000,0,217.2110084883928,3
image_35.png,5,False,276.8810448240514,88.82728803224043,20,#FF0000,Quadrant 1,1,1,14,,#FF0000,0,328.0843116840574,3
image_35.png,5,False,372.3086354674088,182.8628736415304,20,#FF0000,Quadrant 2,1,2,14,,#FF0000,0,104.797990303078,3
image_35.png,5,False,18.61144424518877,134.5198426020844,20,#FF0000,Quadrant 1,1,1,14,,#FF0000,0,132.7148156365112,3
image_35.png,5,False,280.47153312859996,385.0669566680581,20,#FF0000,Quadrant 3,2,1,14,,#FF0000,0,327.53248056702347,3
image_35.png,5,False,299.28669689979426,291.9079611449868,20,#FF0000,Quadrant 3,2,1,14,,#FF0000,0,46.48956085088166,3
image_35.png,5,False,633.5717904080968,89.04932355220912,20,#FF0000,Quadrant 2,1,2,14,,#FF0000,0,140.03744321938478,3
image_35.png,5,False,224.42269445796506,320.16472700428864,20,#FF0000,Quadrant 3,2,1,14,,#FF0000,0,313.3616643700281,3
image_35.png,5,False,120.40028114583944,228.38454311341278,20,#FF0000,Quadrant 3,2,1,14,,#FF0000,0,239.3253523925007,3
image_35.png,5,False,150.8482871294415,281.9398338859378,20,#FF0000,Quadrant 3,2,1,14,,#FF0000,0,111.71294489128218,3
image_35.png,5,False,149.9731802279385,385.6301727737305,20,#FF0000,Quadrant 3,2,1,14,,#FF0000,0,165.22431745498443,3
image_35.png,5,False,579.1374282320903,239.63277060732156,20,#FF0000,Quadrant 4,2,2,14,,#FF0000,0,160.46336906425066,3
image_35.png,5,False,237.60621794461048,226.16858956480388,20,#FF0000,Quadrant 3,2,1,14,,#FF0000,0,88.86244438073291,3
image_35.png,5,False,329.7971677255292,25.7740506879679,20,#FF0000,Quadrant 1,1,1,14,,#FF0000,0,176.74510572607548,3
image_36.png,2,True,618.0049166017715,183.4839038780595,20,#FF0000,Quadrant 2,1,2,12,140,#FF0000,0,103.64824259778622,3
image_36.png,5,False,501.3254262948552,123.43561896556733,20,#FF0000,Quadrant 2,1,2,12,,#FF0000,0,252.11395430080745,3
image_36.png,5,False,569.0795029665711,77.19773665733592,20,#FF0000,Quadrant 2,1,2,12,,#FF0000,0,220.6899042161901,3
image_36.png,5,False,631.0756233902309,288.1662142077458,20,#FF0000,Quadrant 4,2,2,12,,#FF0000,0,89.68853432422962,3
image_36.png,5,False,638.564002767996,80.34195254773891,20,#FF0000,Quadrant 2,1,2,12,,#FF0000,0,164.81813474356676,3
image_36.png,5,False,282.1568578210937,368.46982260424767,20,#FF0000,Quadrant 3,2,1,12,,#FF0000,0,204.7014957248591,3
image_36.png,5,False,610.8017788143106,114.48743271534221,20,#FF0000,Quadrant 2,1,2,12,,#FF0000,0,86.2902927308906,3
image_36.png,5,False,212.11192786936925,357.3600140901593,20,#FF0000,Quadrant 3,2,1,12,,#FF0000,0,226.1099531768673,3
image_36.png,5,False,508.74006914824037,93.12234046684492,20,#FF0000,Quadrant 2,1,2,12,,#FF0000,0,251.29583732451192,3
image_36.png,5,False,694.7565183782733,219.96743216980377,20,#FF0000,Quadrant 4,2,2,12,,#FF0000,0,177.6555278007696,3
image_36.png,5,False,63.73167528561082,50.774884050050716,20,#FF0000,Quadrant 1,1,1,12,,#FF0000,0,358.31389734702964,3
image_36.png,5,False,235.62305069384118,181.45380172363804,20,#FF0000,Quadrant 1,1,1,12,,#FF0000,0,275.9540689038025,3
image_36.png,5,False,359.67848995144385,185.69930999055023,20,#FF0000,Quadrant 2,1,2,12,,#FF0000,0,90.99598254750632,3
image_37.png,2,True,476.5036038053646,185.5997005855799,20,#FF0000,Quadrant 2,1,2,10,140,#FF0000,0,229.99198444198709,3
image_37.png,5,False,286.1465246575154,84.48455485659012,20,#FF0000,Quadrant 1,1,1,10,,#FF0000,0,123.71677747774628,3
image_37.png,5,False,183.66735007626104,279.03965071348676,20,#FF0000,Quadrant 3,2,1,10,,#FF0000,0,13.598877518366645,3
image_37.png,5,False,67.87600596895263,259.3545445620043,20,#FF0000,Quadrant 3,2,1,10,,#FF0000,0,166.08851927940086,3
image_37.png,5,False,312.59159662303483,188.95776286811596,20,#FF0000,Quadrant 1,1,1,10,,#FF0000,0,256.889354154517,3
image_37.png,5,False,122.18153988224181,327.9514315637126,20,#FF0000,Quadrant 3,2,1,10,,#FF0000,0,100.49107926310978,3
image_37.png,5,False,133.116020088387,57.929222718619904,20,#FF0000,Quadrant 1,1,1,10,,#FF0000,0,218.5158806755054,3
image_37.png,5,False,127.06437440556488,264.78623493490113,20,#FF0000,Quadrant 3,2,1,10,,#FF0000,0,266.92073390413685,3
image_37.png,5,False,199.2708104532888,177.5687205445534,20,#FF0000,Quadrant 1,1,1,10,,#FF0000,0,4.035822479858475,3
image_37.png,5,False,503.2300555686093,348.43595276152104,20,#FF0000,Quadrant 4,2,2,10,,#FF0000,0,64.05848233403319,3
image_37.png,5,False,315.57806103717894,29.051776500027103,20,#FF0000,Quadrant 1,1,1,10,,#FF0000,0,191.62756977841212,3
image_38.png,2,True,452.6573983988912,281.80314375084095,20,#FF0000,Quadrant 4,2,2,82,140,#FF0000,0,292.14425733860435,6
image_38.png,5,False,280.13607004023254,127.54656684269732,20,#FF0000,Quadrant 1,1,1,82,,#FF0000,0,322.92355684195144,6
image_38.png,5,False,14.21468986220636,302.9708647925817,20,#FF0000,Quadrant 3,2,1,82,,#FF0000,0,18.869492227985884,6
image_38.png,5,False,650.9573605361815,152.61569791667097,20,#FF0000,Quadrant 2,1,2,82,,#FF0000,0,276.16112584341835,6
image_38.png,5,False,73.96525032855928,170.39607213856945,20,#FF0000,Quadrant 1,1,1,82,,#FF0000,0,85.87451630826925,6
image_38.png,5,False,243.27336664753247,83.63338787127061,20,#FF0000,Quadrant 1,1,1,82,,#FF0000,0,356.14462498755444,6
image_38.png,5,False,162.97124999445282,344.50412977126246,20,#FF0000,Quadrant 3,2,1,82,,#FF0000,0,240.82180397765137,6
image_38.png,5,False,583.1805091691832,74.4597314572062,20,#FF0000,Quadrant 2,1,2,82,,#FF0000,0,286.8926994557576,6
image_38.png,5,False,297.40352686578456,51.70448720683154,20,#FF0000,Quadrant 1,1,1,82,,#FF0000,0,60.1370118248798,6
image_38.png,5,False,398.2552867670048,82.64896859322882,20,#FF0000,Quadrant 2,1,2,82,,#FF0000,0,117.77092781785609,6
image_38.png,5,False,384.23312821387526,365.9129801820125,20,#FF0000,Quadrant 4,2,2,82,,#FF0000,0,74.5629535344083,6
image_38.png,5,False,158.29441083189084,145.78585119719085,20,#FF0000,Quadrant 1,1,1,82,,#FF0000,0,43.48942610373295,6
image_38.png,5,False,327.0966169733276,35.95415537587942,20,#FF0000,Quadrant 1,1,1,82,,#FF0000,0,140.10719743815403,6
image_38.png,5,False,458.8121019145367,150.47442526078908,20,#FF0000,Quadrant 2,1,2,82,,#FF0000,0,293.43056097809034,6
image_38.png,5,False,688.3576176199077,49.485536972707195,20,#FF0000,Quadrant 2,1,2,82,,#FF0000,0,215.5928747344566,6
image_38.png,5,False,693.4760570929368,332.47578274577495,20,#FF0000,Quadrant 4,2,2,82,,#FF0000,0,193.02535090486344,6
image_38.png,5,False,671.7749113163278,237.7497808680379,20,#FF0000,Quadrant 4,2,2,82,,#FF0000,0,61.72527976854483,6
image_38.png,5,False,490.7612871357917,267.246397461602,20,#FF0000,Quadrant 4,2,2,82,,#FF0000,0,353.3097221487359,6
image_38.png,5,False,488.973592650814,136.51359489765116,20,#FF0000,Quadrant 2,1,2,82,,#FF0000,0,350.05206702430775,6
image_38.png,5,False,620.0532851798363,131.19151659080484,20,#FF0000,Quadrant 2,1,2,82,,#FF0000,0,228.72724260552124,6
image_38.png,5,False,343.18783112255323,137.6697724511567,20,#FF0000,Quadrant 1,1,1,82,,#FF0000,0,306.5595164887116,6
image_38.png,5,False,414.090434031934,155.53638906156925,20,#FF0000,Quadrant 2,1,2,82,,#FF0000,0,219.07199597624816,6
image_38.png,5,False,171.14115391564673,233.0631109204129,20,#FF0000,Quadrant 3,2,1,82,,#FF0000,0,230.6131037105099,6
image_38.png,5,False,223.79670515564874,289.931221321018,20,#FF0000,Quadrant 3,2,1,82,,#FF0000,0,322.8405934919433,6
image_38.png,5,False,438.01893143131923,33.65090025958398,20,#FF0000,Quadrant 2,1,2,82,,#FF0000,0,272.60846769568667,6
image_38.png,5,False,215.36754922707465,68.33148127818643,20,#FF0000,Quadrant 1,1,1,82,,#FF0000,0,134.82850625769444,6
image_38.png,5,False,37.117727019087,360.04865475123063,20,#FF0000,Quadrant 3,2,1,82,,#FF0000,0,73.57871883462371,6
image_38.png,5,False,662.7089066783142,290.43863041424345,20,#FF0000,Quadrant 4,2,2,82,,#FF0000,0,215.30706789999076,6
image_38.png,5,False,202.62911943930484,254.28158306684335,20,#FF0000,Quadrant 3,2,1,82,,#FF0000,0,118.32834667217821,6
image_38.png,5,False,209.74556697256548,19.95607960645695,20,#FF0000,Quadrant 1,1,1,82,,#FF0000,0,233.29671302866782,6
image_38.png,5,False,635.669487761559,262.3722752154338,20,#FF0000,Quadrant 4,2,2,82,,#FF0000,0,194.1522307654219,6
image_38.png,5,False,143.6086931742849,250.7907106055375,20,#FF0000,Quadrant 3,2,1,82,,#FF0000,0,25.19457119195184,6
image_38.png,5,False,151.7075887956584,45.68505033589497,20,#FF0000,Quadrant 1,1,1,82,,#FF0000,0,50.951523913285335,6
image_38.png,5,False,583.7111853727371,363.22519690732,20,#FF0000,Quadrant 4,2,2,82,,#FF0000,0,213.3470344363522,6
image_38.png,5,False,64.85534987359662,285.04588160331593,20,#FF0000,Quadrant 3,2,1,82,,#FF0000,0,85.07164614403872,6
image_38.png,5,False,508.23322460876767,103.5816342106338,20,#FF0000,Quadrant 2,1,2,82,,#FF0000,0,112.12666913194336,6
image_38.png,5,False,182.53993761417559,118.86339242672511,20,#FF0000,Quadrant 1,1,1,82,,#FF0000,0,63.51678176303538,6
image_38.png,5,False,448.93099898670084,113.76337663826978,20,#FF0000,Quadrant 2,1,2,82,,#FF0000,0,161.37762925312882,6
image_38.png,5,False,66.13100463336765,378.6258657717852,20,#FF0000,Quadrant 3,2,1,82,,#FF0000,0,281.2640131504942,6
image_38.png,5,False,126.59080025793305,177.8401547802952,20,#FF0000,Quadrant 1,1,1,82,,#FF0000,0,143.3680103419594,6
image_38.png,5,False,517.3654640215159,298.4026475468431,20,#FF0000,Quadrant 4,2,2,82,,#FF0000,0,181.90531953708765,6
image_38.png,5,False,557.761876196403,18.488587156007224,20,#FF0000,Quadrant 2,1,2,82,,#FF0000,0,295.05737083668043,6
image_38.png,5,False,599.4350829001324,297.84844586730566,20,#FF0000,Quadrant 4,2,2,82,,#FF0000,0,137.31095220046507,6
image_38.png,5,False,421.0813361415953,68.75791197253841,20,#FF0000,Quadrant 2,1,2,82,,#FF0000,0,331.75169965686916,6
image_38.png,5,False,188.27399656273582,186.26016671665212,20,#FF0000,Quadrant 1,1,1,82,,#FF0000,0,261.59336465039667,6
image_38.png,5,False,269.476203719645,240.07758481621116,20,#FF0000,Quadrant 3,2,1,82,,#FF0000,0,163.2971181121563,6
image_38.png,5,False,141.65218625128566,15.85135490973021,20,#FF0000,Quadrant 1,1,1,82,,#FF0000,0,55.70080406820397,6
image_38.png,5,False,510.76296402412373,196.7695052841446,20,#FF0000,Quadrant 2,1,2,82,,#FF0000,0,180.2519311229341,6
image_38.png,5,False,658.8563548469069,377.84621668271217,20,#FF0000,Quadrant 4,2,2,82,,#FF0000,0,333.2487856574003,6
image_38.png,5,False,348.3007177865628,253.31641686918837,20,#FF0000,Quadrant 3,2,1,82,,#FF0000,0,134.33216317186856,6
image_38.png,5,False,292.6546460223549,25.676567324657647,20,#FF0000,Quadrant 1,1,1,82,,#FF0000,0,211.79124195608767,6
image_38.png,5,False,311.6092843520622,107.48768159404544,20,#FF0000,Quadrant 1,1,1,82,,#FF0000,0,69.9221521218293,6
image_38.png,5,False,590.8044550360999,15.663532466621536,20,#FF0000,Quadrant 2,1,2,82,,#FF0000,0,342.6401683579212,6
image_38.png,5,False,454.98980220629954,357.58171846928775,20,#FF0000,Quadrant 4,2,2,82,,#FF0000,0,277.54998678885465,6
image_38.png,5,False,414.86453532566355,351.5763556984936,20,#FF0000,Quadrant 4,2,2,82,,#FF0000,0,143.1600917442524,6
image_38.png,5,False,294.59859560017645,342.2793777241795,20,#FF0000,Quadrant 3,2,1,82,,#FF0000,0,110.8723919407728,6
image_38.png,5,False,72.23379971302917,251.4761339906396,20,#FF0000,Quadrant 3,2,1,82,,#FF0000,0,261.95474857829856,6
image_38.png,5,False,269.1348068299116,277.12984032018124,20,#FF0000,Quadrant 3,2,1,82,,#FF0000,0,61.42833220589506,6
image_38.png,5,False,136.3872043885355,369.5266917323325,20,#FF0000,Quadrant 3,2,1,82,,#FF0000,0,71.2873904044155,6
image_38.png,5,False,136.9005560988491,297.96425091126906,20,#FF0000,Quadrant 3,2,1,82,,#FF0000,0,21.233543380868912,6
image_38.png,5,False,212.96352831313132,153.78138723320987,20,#FF0000,Quadrant 1,1,1,82,,#FF0000,0,59.805407738175454,6
image_38.png,5,False,246.74267132163286,232.3743392433739,20,#FF0000,Quadrant 3,2,1,82,,#FF0000,0,99.63439302991685,6
image_38.png,5,False,474.56236406421397,49.105855700325094,20,#FF0000,Quadrant 2,1,2,82,,#FF0000,0,172.04296272002134,6
image_38.png,5,False,528.9893018762936,13.731676857857552,20,#FF0000,Quadrant 2,1,2,82,,#FF0000,0,21.980328081466745,6
image_38.png,5,False,16.003488405300196,238.92828156492126,20,#FF0000,Quadrant 3,2,1,82,,#FF0000,0,188.04043594779932,6
image_38.png,5,False,535.5797754910652,363.3445279723412,20,#FF0000,Quadrant 4,2,2,82,,#FF0000,0,355.2828632767561,6
image_38.png,5,False,243.21364811369773,173.33346886348704,20,#FF0000,Quadrant 1,1,1,82,,#FF0000,0,170.3634419477596,6
image_38.png,5,False,624.3148631556359,388.7902611282065,20,#FF0000,Quadrant 4,2,2,82,,#FF0000,0,133.48264400265808,6
image_38.png,5,False,659.3428312009135,262.39959185288967,20,#FF0000,Quadrant 4,2,2,82,,#FF0000,0,294.06498913656867,6
image_38.png,5,False,50.43942377705261,145.57905040698697,20,#FF0000,Quadrant 1,1,1,82,,#FF0000,0,136.236851363564,6
image_38.png,5,False,510.6767090306071,346.65286838758016,20,#FF0000,Quadrant 4,2,2,82,,#FF0000,0,251.39097708948705,6
image_38.png,5,False,492.79332412587087,319.08956477006694,20,#FF0000,Quadrant 4,2,2,82,,#FF0000,0,100.60831086622399,6
image_38.png,5,False,295.6442224301202,82.03940547393857,20,#FF0000,Quadrant 1,1,1,82,,#FF0000,0,171.07179392404137,6
image_38.png,5,False,670.749981299006,318.1700000597938,20,#FF0000,Quadrant 4,2,2,82,,#FF0000,0,355.0253059693155,6
image_38.png,5,False,259.18166676011947,28.295119140355876,20,#FF0000,Quadrant 1,1,1,82,,#FF0000,0,5.986909480093603,6
image_38.png,5,False,109.63823552677522,207.58057410431243,20,#FF0000,Quadrant 3,2,1,82,,#FF0000,0,70.22770387157135,6
image_38.png,5,False,601.3369985877173,201.75264075398366,20,#FF0000,Quadrant 4,2,2,82,,#FF0000,0,205.88134499304218,6
image_38.png,5,False,560.0095039308438,124.90965928606576,20,#FF0000,Quadrant 2,1,2,82,,#FF0000,0,46.030087614454445,6
image_38.png,5,False,389.08644891675044,341.66902368107105,20,#FF0000,Quadrant 4,2,2,82,,#FF0000,0,242.30237781010348,6
image_38.png,5,False,176.98121174180713,91.000230404911,20,#FF0000,Quadrant 1,1,1,82,,#FF0000,0,238.55115975916718,6
image_38.png,5,False,504.16219253192696,71.56893500062309,20,#FF0000,Quadrant 2,1,2,82,,#FF0000,0,156.56162647612487,6
image_38.png,5,False,632.9248294921553,300.6647354064529,20,#FF0000,Quadrant 4,2,2,82,,#FF0000,0,334.4282492811999,6
image_38.png,5,False,95.81459789360476,62.31593146021871,20,#FF0000,Quadrant 1,1,1,82,,#FF0000,0,323.1039181457196,6
image_39.png,2,True,349.9596013152179,311.7142956219208,20,#FF0000,Quadrant 3,2,1,69,140,#FF0000,0,228.07734862826155,6
image_39.png,5,False,165.20248337832382,228.71744848546035,20,#FF0000,Quadrant 3,2,1,69,,#FF0000,0,119.80840231402676,6
image_39.png,5,False,55.55558264782075,140.73934482417926,20,#FF0000,Quadrant 1,1,1,69,,#FF0000,0,332.5851003545865,6
image_39.png,5,False,522.904827766908,285.0606163461796,20,#FF0000,Quadrant 4,2,2,69,,#FF0000,0,327.66016526728407,6
image_39.png,5,False,551.9214170362729,376.2417429061331,20,#FF0000,Quadrant 4,2,2,69,,#FF0000,0,235.41107379761928,6
image_39.png,5,False,171.79016943295687,108.93751255967324,20,#FF0000,Quadrant 1,1,1,69,,#FF0000,0,157.30641105056623,6
image_39.png,5,False,87.74255790127113,139.60990880384816,20,#FF0000,Quadrant 1,1,1,69,,#FF0000,0,104.7515409556398,6
image_39.png,5,False,140.63974023641367,367.07890176689733,20,#FF0000,Quadrant 3,2,1,69,,#FF0000,0,213.19217545834059,6
image_39.png,5,False,518.7364266377424,128.4819893791713,20,#FF0000,Quadrant 2,1,2,69,,#FF0000,0,136.87023883827075,6
image_39.png,5,False,141.81193840998938,157.71900980459978,20,#FF0000,Quadrant 1,1,1,69,,#FF0000,0,212.4215220869861,6
image_39.png,5,False,542.4125417284773,312.4618566094057,20,#FF0000,Quadrant 4,2,2,69,,#FF0000,0,152.53145810269916,6
image_39.png,5,False,98.02577427855651,261.8947699771186,20,#FF0000,Quadrant 3,2,1,69,,#FF0000,0,336.21305947574604,6
image_39.png,5,False,84.43770081080669,14.473261292835529,20,#FF0000,Quadrant 1,1,1,69,,#FF0000,0,212.67935395219146,6
image_39.png,5,False,228.67316907419888,319.5039289922445,20,#FF0000,Quadrant 3,2,1,69,,#FF0000,0,306.850329084821,6
image_39.png,5,False,161.82502011496354,268.03278857683057,20,#FF0000,Quadrant 3,2,1,69,,#FF0000,0,106.85647891013319,6
image_39.png,5,False,206.2576566450663,293.388654049505,20,#FF0000,Quadrant 3,2,1,69,,#FF0000,0,53.073128883000805,6
image_39.png,5,False,581.320639888526,23.98198116106358,20,#FF0000,Quadrant 2,1,2,69,,#FF0000,0,305.68588918793967,6
image_39.png,5,False,357.1384380634195,271.2907989373013,20,#FF0000,Quadrant 4,2,2,69,,#FF0000,0,115.25016897321424,6
image_39.png,5,False,595.0441228806513,227.96139826469775,20,#FF0000,Quadrant 4,2,2,69,,#FF0000,0,98.44291537154835,6
image_39.png,5,False,51.52187334751622,317.25944739526983,20,#FF0000,Quadrant 3,2,1,69,,#FF0000,0,347.93845307540226,6
image_39.png,5,False,504.8519854106933,331.5704407017287,20,#FF0000,Quadrant 4,2,2,69,,#FF0000,0,54.97280402510232,6
image_39.png,5,False,545.6906900953124,334.8623851409313,20,#FF0000,Quadrant 4,2,2,69,,#FF0000,0,332.33682775166244,6
image_39.png,5,False,120.68413212033026,19.151880481261152,20,#FF0000,Quadrant 1,1,1,69,,#FF0000,0,328.45549423595196,6
image_39.png,5,False,302.05941802317045,189.953371706149,20,#FF0000,Quadrant 1,1,1,69,,#FF0000,0,141.22280628582573,6
image_39.png,5,False,280.6489104289001,38.14917750302847,20,#FF0000,Quadrant 1,1,1,69,,#FF0000,0,125.39057785851587,6
image_39.png,5,False,205.54885322454032,359.9181112181011,20,#FF0000,Quadrant 3,2,1,69,,#FF0000,0,261.6316561542031,6
image_39.png,5,False,388.5789119326265,47.786796208325455,20,#FF0000,Quadrant 2,1,2,69,,#FF0000,0,252.39912143536503,6
image_39.png,5,False,654.9224705018536,125.93997491111817,20,#FF0000,Quadrant 2,1,2,69,,#FF0000,0,19.4843893195055,6
image_39.png,5,False,408.66145481749993,178.03205392562737,20,#FF0000,Quadrant 2,1,2,69,,#FF0000,0,235.66823466815057,6
image_39.png,5,False,629.1832618771714,90.29167835753844,20,#FF0000,Quadrant 2,1,2,69,,#FF0000,0,173.67901850334826,6
image_39.png,5,False,600.8813528392088,49.53628413680291,20,#FF0000,Quadrant 2,1,2,69,,#FF0000,0,130.401279489284,6
image_39.png,5,False,602.4587931014609,153.33808960952237,20,#FF0000,Quadrant 2,1,2,69,,#FF0000,0,282.77973082553075,6
image_39.png,5,False,479.1377879597529,74.58826321380181,20,#FF0000,Quadrant 2,1,2,69,,#FF0000,0,353.77219612717613,6
image_39.png,5,False,255.99727528687848,190.1250353597196,20,#FF0000,Quadrant 1,1,1,69,,#FF0000,0,20.27934308780121,6
image_39.png,5,False,91.85197649457066,205.8344976435376,20,#FF0000,Quadrant 3,2,1,69,,#FF0000,0,340.22275074489386,6
image_39.png,5,False,309.9029718275508,67.15882570293263,20,#FF0000,Quadrant 1,1,1,69,,#FF0000,0,121.8548948587571,6
image_39.png,5,False,179.8056913422127,55.907360799933564,20,#FF0000,Quadrant 1,1,1,69,,#FF0000,0,260.11815030453977,6
image_39.png,5,False,219.553141005494,236.34677114205007,20,#FF0000,Quadrant 3,2,1,69,,#FF0000,0,142.7921269528964,6
image_39.png,5,False,473.1370303386412,44.87301419662122,20,#FF0000,Quadrant 2,1,2,69,,#FF0000,0,356.8190256231805,6
image_39.png,5,False,574.7364612077492,155.43414755189164,20,#FF0000,Quadrant 2,1,2,69,,#FF0000,0,166.92255967380464,6
image_39.png,5,False,317.68649561021914,15.38571382582294,20,#FF0000,Quadrant 1,1,1,69,,#FF0000,0,227.64006521664834,6
image_39.png,5,False,495.18578228197475,123.78134521840461,20,#FF0000,Quadrant 2,1,2,69,,#FF0000,0,359.9835088257103,6
image_39.png,5,False,235.0827635657066,280.80435928372174,20,#FF0000,Quadrant 3,2,1,69,,#FF0000,0,45.085117487600805,6
image_39.png,5,False,381.3451251491092,164.21493467140255,20,#FF0000,Quadrant 2,1,2,69,,#FF0000,0,310.3957757821749,6
image_39.png,5,False,282.3258194634724,320.0009547231014,20,#FF0000,Quadrant 3,2,1,69,,#FF0000,0,252.26708745292348,6
image_39.png,5,False,382.3584503663565,320.5168347555815,20,#FF0000,Quadrant 4,2,2,69,,#FF0000,0,301.3718182630819,6
image_39.png,5,False,530.1671606809562,89.42130538096599,20,#FF0000,Quadrant 2,1,2,69,,#FF0000,0,234.61223814392204,6
image_39.png,5,False,91.83766033111223,336.8373013173102,20,#FF0000,Quadrant 3,2,1,69,,#FF0000,0,237.08965721083302,6
image_39.png,5,False,14.668237903738701,180.05402796412932,20,#FF0000,Quadrant 1,1,1,69,,#FF0000,0,250.27772027833402,6
image_39.png,5,False,37.969637891309034,228.38062918152585,20,#FF0000,Quadrant 3,2,1,69,,#FF0000,0,113.1465897284173,6
image_39.png,5,False,71.50862008750352,108.05546308940752,20,#FF0000,Quadrant 1,1,1,69,,#FF0000,0,234.95058013525374,6
image_39.png,5,False,69.29651594289162,58.14307140800402,20,#FF0000,Quadrant 1,1,1,69,,#FF0000,0,271.1047429785274,6
image_39.png,5,False,676.7642779805534,75.86600904102174,20,#FF0000,Quadrant 2,1,2,69,,#FF0000,0,107.4880520320048,6
image_39.png,5,False,464.4718043734055,104.8714180560916,20,#FF0000,Quadrant 2,1,2,69,,#FF0000,0,351.7571155747939,6
image_39.png,5,False,662.652475050809,352.9461760364405,20,#FF0000,Quadrant 4,2,2,69,,#FF0000,0,16.619854723194663,6
image_39.png,5,False,428.65259999652454,204.00315087526536,20,#FF0000,Quadrant 4,2,2,69,,#FF0000,0,358.8469782975477,6
image_39.png,5,False,389.84569268429664,109.53493915731991,20,#FF0000,Quadrant 2,1,2,69,,#FF0000,0,151.925404271256,6
image_39.png,5,False,123.52704911411485,183.39360911749333,20,#FF0000,Quadrant 1,1,1,69,,#FF0000,0,233.91681853918413,6
image_39.png,5,False,477.1261869599042,366.3953460494191,20,#FF0000,Quadrant 4,2,2,69,,#FF0000,0,340.10657408464385,6
image_39.png,5,False,447.21957089079336,255.02592336247238,20,#FF0000,Quadrant 4,2,2,69,,#FF0000,0,96.98388754076758,6
image_39.png,5,False,399.3494458637545,255.8574800651677,20,#FF0000,Quadrant 4,2,2,69,,#FF0000,0,257.2001884428502,6
image_39.png,5,False,124.02567661675792,321.55263020112926,20,#FF0000,Quadrant 3,2,1,69,,#FF0000,0,184.11387993231483,6
image_39.png,5,False,482.2617012696422,164.76331784525985,20,#FF0000,Quadrant 2,1,2,69,,#FF0000,0,191.32925957140657,6
image_39.png,5,False,78.48538327113141,381.24541071203635,20,#FF0000,Quadrant 3,2,1,69,,#FF0000,0,98.51284327768386,6
image_39.png,5,False,666.7783909838414,306.87330785312025,20,#FF0000,Quadrant 4,2,2,69,,#FF0000,0,80.0012059234652,6
image_39.png,5,False,566.883934805894,47.11433064898045,20,#FF0000,Quadrant 2,1,2,69,,#FF0000,0,211.977737960842,6
image_39.png,5,False,478.01238749140646,309.14651589822654,20,#FF0000,Quadrant 4,2,2,69,,#FF0000,0,290.1905985688192,6
image_39.png,5,False,189.49305043774658,270.55685591792854,20,#FF0000,Quadrant 3,2,1,69,,#FF0000,0,213.2316446745842,6
image_39.png,5,False,667.352646028475,207.78478279675474,20,#FF0000,Quadrant 4,2,2,69,,#FF0000,0,103.25507804227075,6
image_39.png,5,False,593.3742238216613,250.90778525204584,20,#FF0000,Quadrant 4,2,2,69,,#FF0000,0,277.4082245870328,6
image_40.png,2,True,662.0133275353428,73.41276146076405,20,#FF0000,Quadrant 2,1,2,10,140,#FF0000,0,262.78309081802684,3
image_40.png,5,False,523.2091158401313,220.47239489394906,20,#FF0000,Quadrant 4,2,2,10,,#FF0000,0,20.668148029227865,3
image_40.png,5,False,613.429190720384,374.69887324045555,20,#FF0000,Quadrant 4,2,2,10,,#FF0000,0,177.42619194839065,3
image_40.png,5,False,361.4821475777934,287.24140447057727,20,#FF0000,Quadrant 4,2,2,10,,#FF0000,0,152.63410451808497,3
image_40.png,5,False,365.842914574213,388.22677294776315,20,#FF0000,Quadrant 4,2,2,10,,#FF0000,0,172.6761411071559,3
image_40.png,5,False,491.8406655185856,164.2682087365858,20,#FF0000,Quadrant 2,1,2,10,,#FF0000,0,319.70899218073015,3
image_40.png,5,False,638.6007334875526,292.95672454502966,20,#FF0000,Quadrant 4,2,2,10,,#FF0000,0,221.8631785248685,3
image_40.png,5,False,495.08569079004076,294.3744860621759,20,#FF0000,Quadrant 4,2,2,10,,#FF0000,0,257.09762627625764,3
image_40.png,5,False,520.159391571201,370.42825138519316,20,#FF0000,Quadrant 4,2,2,10,,#FF0000,0,87.92144893050119,3
image_40.png,5,False,617.5486762304947,210.62611608640492,20,#FF0000,Quadrant 4,2,2,10,,#FF0000,0,296.41082167402243,3
image_40.png,5,False,429.48037348777984,375.63671105880456,20,#FF0000,Quadrant 4,2,2,10,,#FF0000,0,219.309699052931,3
image_41.png,2,True,537.1965004332573,352.6358780196005,20,#FF0000,Quadrant 4,2,2,87,140,#FF0000,0,334.86673025410624,6
image_41.png,5,False,263.8980956699904,61.39450661966752,20,#FF0000,Quadrant 1,1,1,87,,#FF0000,0,62.93311020019691,6
image_41.png,5,False,46.074622916099734,198.30197165383265,20,#FF0000,Quadrant 1,1,1,87,,#FF0000,0,127.18495207201015,6
image_41.png,5,False,679.1428701059363,138.74834929040875,20,#FF0000,Quadrant 2,1,2,87,,#FF0000,0,61.374227213726385,6
image_41.png,5,False,584.0594937760637,332.59372512775997,20,#FF0000,Quadrant 4,2,2,87,,#FF0000,0,244.46274228331058,6
image_41.png,5,False,210.85460546712306,193.6211301755907,20,#FF0000,Quadrant 1,1,1,87,,#FF0000,0,308.81021829270975,6
image_41.png,5,False,12.5394381843486,249.58469945953973,20,#FF0000,Quadrant 3,2,1,87,,#FF0000,0,95.31028357672496,6
image_41.png,5,False,646.9858364017371,362.20320450303046,20,#FF0000,Quadrant 4,2,2,87,,#FF0000,0,141.7037314048912,6
image_41.png,5,False,366.1994898686272,348.71195026779327,20,#FF0000,Quadrant 4,2,2,87,,#FF0000,0,345.2885788043626,6
image_41.png,5,False,625.9283027770284,331.6769729298705,20,#FF0000,Quadrant 4,2,2,87,,#FF0000,0,336.74917851910374,6
image_41.png,5,False,15.05897076502691,185.01376517260508,20,#FF0000,Quadrant 1,1,1,87,,#FF0000,0,20.698822498827152,6
image_41.png,5,False,84.83603399657743,143.19480227302154,20,#FF0000,Quadrant 1,1,1,87,,#FF0000,0,107.4062339022859,6
image_41.png,5,False,288.0249130522666,14.350491064084167,20,#FF0000,Quadrant 1,1,1,87,,#FF0000,0,260.0760926829038,6
image_41.png,5,False,147.10811489364843,210.99850063333233,20,#FF0000,Quadrant 3,2,1,87,,#FF0000,0,155.0893740142629,6
image_41.png,5,False,293.9854274342029,356.15524450124644,20,#FF0000,Quadrant 3,2,1,87,,#FF0000,0,323.46358489495395,6
image_41.png,5,False,541.1494013772938,105.55093659061191,20,#FF0000,Quadrant 2,1,2,87,,#FF0000,0,2.4877626897911886,6
image_41.png,5,False,268.8992231205652,148.77937377924528,20,#FF0000,Quadrant 1,1,1,87,,#FF0000,0,169.4515247816531,6
image_41.png,5,False,380.59846805895654,112.86407301639545,20,#FF0000,Quadrant 2,1,2,87,,#FF0000,0,321.18961889733026,6
image_41.png,5,False,463.17667517302397,177.07683289925282,20,#FF0000,Quadrant 2,1,2,87,,#FF0000,0,356.17292879436866,6
image_41.png,5,False,525.7457595989,13.196262685891128,20,#FF0000,Quadrant 2,1,2,87,,#FF0000,0,50.354784483802305,6
image_41.png,5,False,499.65219060884505,52.831613105955334,20,#FF0000,Quadrant 2,1,2,87,,#FF0000,0,318.0874555810173,6
image_41.png,5,False,103.10574851812568,170.15908087196397,20,#FF0000,Quadrant 1,1,1,87,,#FF0000,0,102.56391506263815,6
image_41.png,5,False,672.2325099807407,382.5470496302266,20,#FF0000,Quadrant 4,2,2,87,,#FF0000,0,341.4153022508784,6
image_41.png,5,False,347.9677377941847,198.32455127188555,20,#FF0000,Quadrant 1,1,1,87,,#FF0000,0,42.7652301758104,6
image_41.png,5,False,98.80201765781358,294.91198462948535,20,#FF0000,Quadrant 3,2,1,87,,#FF0000,0,245.4251335349347,6
image_41.png,5,False,286.51458094105544,285.42594238449743,20,#FF0000,Quadrant 3,2,1,87,,#FF0000,0,280.92149881598317,6
image_41.png,5,False,579.8654899963484,60.67587932556115,20,#FF0000,Quadrant 2,1,2,87,,#FF0000,0,267.08155232297366,6
image_41.png,5,False,557.1792272521099,58.674712678751874,20,#FF0000,Quadrant 2,1,2,87,,#FF0000,0,344.7642940196145,6
image_41.png,5,False,582.7568387518461,173.4133893630934,20,#FF0000,Quadrant 2,1,2,87,,#FF0000,0,18.734341295001727,6
image_41.png,5,False,67.9216639642419,173.14383174217102,20,#FF0000,Quadrant 1,1,1,87,,#FF0000,0,101.60041313569639,6
image_41.png,5,False,513.4522662628012,81.6331689827028,20,#FF0000,Quadrant 2,1,2,87,,#FF0000,0,222.3407376922552,6
image_41.png,5,False,90.24877378650697,110.61461637786898,20,#FF0000,Quadrant 1,1,1,87,,#FF0000,0,101.20998081581246,6
image_41.png,5,False,432.0482059556149,82.31688050318155,20,#FF0000,Quadrant 2,1,2,87,,#FF0000,0,262.96441689759655,6
image_41.png,5,False,287.4840973349993,114.51969959118027,20,#FF0000,Quadrant 1,1,1,87,,#FF0000,0,43.3660281272716,6
image_41.png,5,False,111.7380915188994,17.67598845828072,20,#FF0000,Quadrant 1,1,1,87,,#FF0000,0,69.18386112507729,6
image_41.png,5,False,606.5372262530643,154.77330137758204,20,#FF0000,Quadrant 2,1,2,87,,#FF0000,0,71.87165761542882,6
image_41.png,5,False,493.409455592562,381.4870009681556,20,#FF0000,Quadrant 4,2,2,87,,#FF0000,0,188.98962550104065,6
image_41.png,5,False,46.59063157182781,52.60077088903651,20,#FF0000,Quadrant 1,1,1,87,,#FF0000,0,153.74621802415203,6
image_41.png,5,False,660.7261367951027,279.9793565424684,20,#FF0000,Quadrant 4,2,2,87,,#FF0000,0,130.8874125853191,6
image_41.png,5,False,627.7281952333923,79.70211389255591,20,#FF0000,Quadrant 2,1,2,87,,#FF0000,0,88.90870925145384,6
image_41.png,5,False,466.0367917726635,132.57977123653524,20,#FF0000,Quadrant 2,1,2,87,,#FF0000,0,0.19293411647546943,6
image_41.png,5,False,204.0297945808178,240.26524919336975,20,#FF0000,Quadrant 3,2,1,87,,#FF0000,0,102.71410919681891,6
image_41.png,5,False,184.80923898069648,196.70623936827263,20,#FF0000,Quadrant 1,1,1,87,,#FF0000,0,155.12670953975913,6
image_41.png,5,False,87.8432146292574,263.8621702429956,20,#FF0000,Quadrant 3,2,1,87,,#FF0000,0,120.34157298183746,6
image_41.png,5,False,569.1142847165036,291.8283035486157,20,#FF0000,Quadrant 4,2,2,87,,#FF0000,0,129.80473478783034,6
image_41.png,5,False,413.60145204968757,43.97338349639815,20,#FF0000,Quadrant 2,1,2,87,,#FF0000,0,99.34090074607721,6
image_41.png,5,False,444.7658949467744,238.4936772845234,20,#FF0000,Quadrant 4,2,2,87,,#FF0000,0,38.291586391439616,6
image_41.png,5,False,678.1794950402515,345.16763931025747,20,#FF0000,Quadrant 4,2,2,87,,#FF0000,0,14.77401652307897,6
image_41.png,5,False,143.92705256127394,179.50098484634785,20,#FF0000,Quadrant 1,1,1,87,,#FF0000,0,294.26729461965033,6
image_41.png,5,False,659.9126040383647,244.9859195024925,20,#FF0000,Quadrant 4,2,2,87,,#FF0000,0,35.509467623804895,6
image_41.png,5,False,337.7227803533161,298.6534690883433,20,#FF0000,Quadrant 3,2,1,87,,#FF0000,0,108.53151009325858,6
image_41.png,5,False,116.88025105138009,59.32047511983767,20,#FF0000,Quadrant 1,1,1,87,,#FF0000,0,192.0807196160928,6
image_41.png,5,False,501.2945560886716,348.01975482355414,20,#FF0000,Quadrant 4,2,2,87,,#FF0000,0,150.55652140213877,6
image_41.png,5,False,593.9546569421547,222.8108076050705,20,#FF0000,Quadrant 4,2,2,87,,#FF0000,0,273.3678563478424,6
image_41.png,5,False,263.1822853908259,249.08883332572265,20,#FF0000,Quadrant 3,2,1,87,,#FF0000,0,125.04223169512068,6
image_41.png,5,False,311.4906508896586,193.50619371521154,20,#FF0000,Quadrant 1,1,1,87,,#FF0000,0,42.27441674400643,6
image_41.png,5,False,667.2340739903303,309.9545953740828,20,#FF0000,Quadrant 4,2,2,87,,#FF0000,0,188.5545943325731,6
image_41.png,5,False,199.8884134816422,376.7100638057078,20,#FF0000,Quadrant 3,2,1,87,,#FF0000,0,60.09664606821027,6
image_41.png,5,False,669.5482130504728,33.97990173309712,20,#FF0000,Quadrant 2,1,2,87,,#FF0000,0,104.2762882736346,6
image_41.png,5,False,142.04154168332195,318.89366482386487,20,#FF0000,Quadrant 3,2,1,87,,#FF0000,0,350.0906396640032,6
image_41.png,5,False,377.8717285737856,205.09834925265253,20,#FF0000,Quadrant 4,2,2,87,,#FF0000,0,178.2093242294337,6
image_41.png,5,False,13.480776483134196,227.17743557938422,20,#FF0000,Quadrant 3,2,1,87,,#FF0000,0,74.4928546716562,6
image_41.png,5,False,17.105452774001673,362.02112059939293,20,#FF0000,Quadrant 3,2,1,87,,#FF0000,0,213.16059180214873,6
image_41.png,5,False,598.3553291247168,123.02547362238373,20,#FF0000,Quadrant 2,1,2,87,,#FF0000,0,93.18046233972652,6
image_41.png,5,False,202.37423137481392,61.26318659055509,20,#FF0000,Quadrant 1,1,1,87,,#FF0000,0,339.13656024707024,6
image_41.png,5,False,46.497260984947026,381.44894409272854,20,#FF0000,Quadrant 3,2,1,87,,#FF0000,0,314.41782328951115,6
image_41.png,5,False,155.67097366106438,54.917868811854575,20,#FF0000,Quadrant 1,1,1,87,,#FF0000,0,356.233056906072,6
image_41.png,5,False,446.91850384291195,378.49864138307896,20,#FF0000,Quadrant 4,2,2,87,,#FF0000,0,233.51238016103417,6
image_41.png,5,False,103.05839251241264,350.570917063506,20,#FF0000,Quadrant 3,2,1,87,,#FF0000,0,95.05374506077656,6
image_41.png,5,False,689.8450248424299,247.61110514714252,20,#FF0000,Quadrant 4,2,2,87,,#FF0000,0,106.16232184222824,6
image_41.png,5,False,255.92789283457128,287.12018396598086,20,#FF0000,Quadrant 3,2,1,87,,#FF0000,0,3.746948962028638,6
image_41.png,5,False,187.3751889648709,16.911349051691012,20,#FF0000,Quadrant 1,1,1,87,,#FF0000,0,100.68832981306825,6
image_41.png,5,False,609.0395558712642,365.94839075978086,20,#FF0000,Quadrant 4,2,2,87,,#FF0000,0,236.6343336727802,6
image_41.png,5,False,508.87291176494494,271.10761779836423,20,#FF0000,Quadrant 4,2,2,87,,#FF0000,0,209.97403739630712,6
image_41.png,5,False,151.49993794982396,249.06464984508645,20,#FF0000,Quadrant 3,2,1,87,,#FF0000,0,116.73469108913584,6
image_41.png,5,False,283.47428824929125,179.6091323762487,20,#FF0000,Quadrant 1,1,1,87,,#FF0000,0,308.95968072893595,6
image_41.png,5,False,309.95955476159577,67.07032363876371,20,#FF0000,Quadrant 1,1,1,87,,#FF0000,0,262.7322857190892,6
image_41.png,5,False,135.300176554708,117.61272534695176,20,#FF0000,Quadrant 1,1,1,87,,#FF0000,0,339.60782127538914,6
image_41.png,5,False,324.51164607995224,254.85489047173937,20,#FF0000,Quadrant 3,2,1,87,,#FF0000,0,153.50221103646888,6
image_41.png,5,False,19.12229660652002,48.69791849580999,20,#FF0000,Quadrant 1,1,1,87,,#FF0000,0,270.15991278646425,6
image_41.png,5,False,86.81446985528905,16.122678850460748,20,#FF0000,Quadrant 1,1,1,87,,#FF0000,0,138.23659753395413,6
image_41.png,5,False,654.9929596195883,60.96367940212509,20,#FF0000,Quadrant 2,1,2,87,,#FF0000,0,298.9861678482112,6
image_41.png,5,False,556.9638992758287,14.55175329729531,20,#FF0000,Quadrant 2,1,2,87,,#FF0000,0,215.86938504024505,6
image_41.png,5,False,384.69304601993116,320.3005260669543,20,#FF0000,Quadrant 4,2,2,87,,#FF0000,0,284.9978509417326,6
image_41.png,5,False,69.54101817607585,63.628977206355394,20,#FF0000,Quadrant 1,1,1,87,,#FF0000,0,306.9792769453233,6
image_41.png,5,False,340.9678762365853,103.15974851787789,20,#FF0000,Quadrant 1,1,1,87,,#FF0000,0,110.65859734589064,6
image_41.png,5,False,165.5514814521119,96.6832033206313,20,#FF0000,Quadrant 1,1,1,87,,#FF0000,0,0.435751440972858,6
image_41.png,5,False,254.43052930046767,119.42786634999733,20,#FF0000,Quadrant 1,1,1,87,,#FF0000,0,138.73790005635874,6
image_42.png,2,True,620.2302764097785,322.01268090911464,20,#FF0000,Quadrant 4,2,2,88,140,#FF0000,0,138.5077706518461,6
image_42.png,5,False,127.82619334488498,52.631277135532265,20,#FF0000,Quadrant 1,1,1,88,,#FF0000,0,40.46712172817742,6
image_42.png,5,False,669.5800081802162,146.062387725991,20,#FF0000,Quadrant 2,1,2,88,,#FF0000,0,36.625051679670314,6
image_42.png,5,False,92.54381864056005,360.0148116017687,20,#FF0000,Quadrant 3,2,1,88,,#FF0000,0,221.65083646879287,6
image_42.png,5,False,628.0590922673491,239.50341238913626,20,#FF0000,Quadrant 4,2,2,88,,#FF0000,0,331.1544971952554,6
image_42.png,5,False,376.5011614017751,237.65314127919189,20,#FF0000,Quadrant 4,2,2,88,,#FF0000,0,64.10439963866938,6
image_42.png,5,False,114.50160460440807,263.2293395232167,20,#FF0000,Quadrant 3,2,1,88,,#FF0000,0,244.59599221563366,6
image_42.png,5,False,574.3005935009332,142.68978827373698,20,#FF0000,Quadrant 2,1,2,88,,#FF0000,0,108.56295604193936,6
image_42.png,5,False,569.5856768333347,279.8739258788703,20,#FF0000,Quadrant 4,2,2,88,,#FF0000,0,335.83746027606986,6
image_42.png,5,False,12.501168949312857,363.70989048259463,20,#FF0000,Quadrant 3,2,1,88,,#FF0000,0,27.49301734557899,6
image_42.png,5,False,462.8834900185457,132.05676926568827,20,#FF0000,Quadrant 2,1,2,88,,#FF0000,0,53.511461317556,6
image_42.png,5,False,508.00564644508177,307.9364235330837,20,#FF0000,Quadrant 4,2,2,88,,#FF0000,0,140.61584681876258,6
image_42.png,5,False,57.37909430988142,229.4246084509588,20,#FF0000,Quadrant 3,2,1,88,,#FF0000,0,172.2355247532868,6
image_42.png,5,False,202.87006216254926,45.18897298063477,20,#FF0000,Quadrant 1,1,1,88,,#FF0000,0,345.4507131994872,6
image_42.png,5,False,136.31003972762744,156.53657631044172,20,#FF0000,Quadrant 1,1,1,88,,#FF0000,0,358.1178057634299,6
image_42.png,5,False,303.0202961907372,273.11307549280576,20,#FF0000,Quadrant 3,2,1,88,,#FF0000,0,114.95368076797075,6
image_42.png,5,False,461.5744591056241,103.95326997968561,20,#FF0000,Quadrant 2,1,2,88,,#FF0000,0,288.77073421963223,6
image_42.png,5,False,353.5034808456663,212.76530450733995,20,#FF0000,Quadrant 3,2,1,88,,#FF0000,0,150.71746735097565,6
image_42.png,5,False,301.64828436870687,229.43729413712015,20,#FF0000,Quadrant 3,2,1,88,,#FF0000,0,209.14701742955725,6
image_42.png,5,False,526.5673312404834,276.76927243903714,20,#FF0000,Quadrant 4,2,2,88,,#FF0000,0,249.65962299753093,6
image_42.png,5,False,12.974746868459025,386.69620801154485,20,#FF0000,Quadrant 3,2,1,88,,#FF0000,0,84.66950483780649,6
image_42.png,5,False,395.72000848155653,372.97876158727723,20,#FF0000,Quadrant 4,2,2,88,,#FF0000,0,6.1756745760398735,6
image_42.png,5,False,52.04882163501055,143.05336803499256,20,#FF0000,Quadrant 1,1,1,88,,#FF0000,0,331.5254762743136,6
image_42.png,5,False,110.31262694663447,333.55201383283094,20,#FF0000,Quadrant 3,2,1,88,,#FF0000,0,106.09102372631294,6
image_42.png,5,False,640.0252432310732,102.66402040167692,20,#FF0000,Quadrant 2,1,2,88,,#FF0000,0,349.8550565189349,6
image_42.png,5,False,49.49144378810974,63.08889623221107,20,#FF0000,Quadrant 1,1,1,88,,#FF0000,0,298.01585078873774,6
image_42.png,5,False,496.0304078577441,153.6801760577024,20,#FF0000,Quadrant 2,1,2,88,,#FF0000,0,346.33871473730403,6
image_42.png,5,False,467.63290375267917,38.88517175793976,20,#FF0000,Quadrant 2,1,2,88,,#FF0000,0,252.504634843495,6
image_42.png,5,False,610.7586373014847,22.410206075930283,20,#FF0000,Quadrant 2,1,2,88,,#FF0000,0,301.4773900345954,6
image_42.png,5,False,65.42637852457578,40.13068210122413,20,#FF0000,Quadrant 1,1,1,88,,#FF0000,0,131.48791857704444,6
image_42.png,5,False,571.6470573765409,67.59311100339806,20,#FF0000,Quadrant 2,1,2,88,,#FF0000,0,204.9059356688296,6
image_42.png,5,False,217.3608025160217,166.55549866800533,20,#FF0000,Quadrant 1,1,1,88,,#FF0000,0,251.48301319446915,6
image_42.png,5,False,528.5305881693718,201.24566981652262,20,#FF0000,Quadrant 4,2,2,88,,#FF0000,0,11.562878619898044,6
image_42.png,5,False,392.81342975913924,324.55789120155976,20,#FF0000,Quadrant 4,2,2,88,,#FF0000,0,315.35154494305505,6
image_42.png,5,False,356.7901094321712,279.13536420408644,20,#FF0000,Quadrant 4,2,2,88,,#FF0000,0,330.8940828289348,6
image_42.png,5,False,119.03563901997515,378.84024043941497,20,#FF0000,Quadrant 3,2,1,88,,#FF0000,0,152.52129417152764,6
image_42.png,5,False,684.7912094763616,58.3004085787008,20,#FF0000,Quadrant 2,1,2,88,,#FF0000,0,187.7403761142619,6
image_42.png,5,False,437.5211509286002,93.74662409935875,20,#FF0000,Quadrant 2,1,2,88,,#FF0000,0,76.27112764228038,6
image_42.png,5,False,573.6090377277279,188.0688441728305,20,#FF0000,Quadrant 2,1,2,88,,#FF0000,0,303.01667621579264,6
image_42.png,5,False,453.2627848395244,323.70189095897734,20,#FF0000,Quadrant 4,2,2,88,,#FF0000,0,112.7482777459322,6
image_42.png,5,False,564.5007505562039,255.43263997402693,20,#FF0000,Quadrant 4,2,2,88,,#FF0000,0,59.33676942945862,6
image_42.png,5,False,384.1402934219991,35.69064518885281,20,#FF0000,Quadrant 2,1,2,88,,#FF0000,0,101.59449531580314,6
image_42.png,5,False,532.2432724146124,127.84740255003538,20,#FF0000,Quadrant 2,1,2,88,,#FF0000,0,214.95987209641726,6
image_42.png,5,False,683.9209080697193,224.4931953770114,20,#FF0000,Quadrant 4,2,2,88,,#FF0000,0,96.90048449199024,6
image_42.png,5,False,555.4655094693826,28.26727159442368,20,#FF0000,Quadrant 2,1,2,88,,#FF0000,0,202.9461559291022,6
image_42.png,5,False,661.0777984382863,14.204960231816255,20,#FF0000,Quadrant 2,1,2,88,,#FF0000,0,113.24890519347736,6
image_42.png,5,False,495.13054246350333,47.80957798092271,20,#FF0000,Quadrant 2,1,2,88,,#FF0000,0,350.58626746107694,6
image_42.png,5,False,521.8599744213038,49.17908984290768,20,#FF0000,Quadrant 2,1,2,88,,#FF0000,0,146.62316205161824,6
image_42.png,5,False,114.478607418531,232.95234251703465,20,#FF0000,Quadrant 3,2,1,88,,#FF0000,0,290.69795995221784,6
image_42.png,5,False,415.000802216021,333.0662423382724,20,#FF0000,Quadrant 4,2,2,88,,#FF0000,0,137.56022342818298,6
image_42.png,5,False,115.40955169614901,186.0541523081703,20,#FF0000,Quadrant 1,1,1,88,,#FF0000,0,104.44297714561431,6
image_42.png,5,False,75.27740603306742,282.5789033735803,20,#FF0000,Quadrant 3,2,1,88,,#FF0000,0,318.673394213192,6
image_42.png,5,False,246.23513439531519,307.8630025207451,20,#FF0000,Quadrant 3,2,1,88,,#FF0000,0,334.88179323605476,6
image_42.png,5,False,259.25796907820813,334.55006503591943,20,#FF0000,Quadrant 3,2,1,88,,#FF0000,0,122.04745519684977,6
image_42.png,5,False,154.87742166176093,241.72637405544162,20,#FF0000,Quadrant 3,2,1,88,,#FF0000,0,139.54833780288564,6
image_42.png,5,False,654.5645642405304,72.03659932140388,20,#FF0000,Quadrant 2,1,2,88,,#FF0000,0,112.93873206599314,6
image_42.png,5,False,261.3331751336968,44.72865330344899,20,#FF0000,Quadrant 1,1,1,88,,#FF0000,0,100.84223603862661,6
image_42.png,5,False,187.4021231070745,342.3766745708373,20,#FF0000,Quadrant 3,2,1,88,,#FF0000,0,170.37394339035563,6
image_42.png,5,False,38.27932986939162,335.70323054748974,20,#FF0000,Quadrant 3,2,1,88,,#FF0000,0,204.74404197762337,6
image_42.png,5,False,601.4736607965971,357.67896399841493,20,#FF0000,Quadrant 4,2,2,88,,#FF0000,0,144.33811714687914,6
image_42.png,5,False,268.4676528686656,268.8719390048639,20,#FF0000,Quadrant 3,2,1,88,,#FF0000,0,342.7361851402547,6
image_42.png,5,False,438.602855715531,254.38164484179148,20,#FF0000,Quadrant 4,2,2,88,,#FF0000,0,245.72001111032966,6
image_42.png,5,False,598.7581914257282,120.86970686957683,20,#FF0000,Quadrant 2,1,2,88,,#FF0000,0,2.859460530000919,6
image_42.png,5,False,286.1042096189284,38.585939916323,20,#FF0000,Quadrant 1,1,1,88,,#FF0000,0,56.95408944225414,6
image_42.png,5,False,329.5099362734313,46.34417942090741,20,#FF0000,Quadrant 1,1,1,88,,#FF0000,0,139.76027961594755,6
image_42.png,5,False,453.67180853854677,351.24782284582795,20,#FF0000,Quadrant 4,2,2,88,,#FF0000,0,167.7159345794911,6
image_42.png,5,False,646.5961258820818,301.38589386431306,20,#FF0000,Quadrant 4,2,2,88,,#FF0000,0,330.2857266771594,6
image_42.png,5,False,237.4885189937121,130.93367793735933,20,#FF0000,Quadrant 1,1,1,88,,#FF0000,0,71.80955994537,6
image_42.png,5,False,334.8076386172995,253.0017923764267,20,#FF0000,Quadrant 3,2,1,88,,#FF0000,0,56.06680230403037,6
image_42.png,5,False,32.58172201813454,238.20726225264139,20,#FF0000,Quadrant 3,2,1,88,,#FF0000,0,115.26718292053314,6
image_42.png,5,False,667.3724115095041,269.427804454147,20,#FF0000,Quadrant 4,2,2,88,,#FF0000,0,312.4874166269554,6
image_42.png,5,False,290.0921827800391,123.77131152367059,20,#FF0000,Quadrant 1,1,1,88,,#FF0000,0,24.93325783763759,6
image_42.png,5,False,611.3182103647914,209.36606245437002,20,#FF0000,Quadrant 4,2,2,88,,#FF0000,0,256.3944128342832,6
image_42.png,5,False,632.231156887562,140.28323790544465,20,#FF0000,Quadrant 2,1,2,88,,#FF0000,0,33.2788536115316,6
image_42.png,5,False,279.1160593335167,14.754110366280296,20,#FF0000,Quadrant 1,1,1,88,,#FF0000,0,249.44451723481768,6
image_42.png,5,False,422.4216320053325,40.41169364146553,20,#FF0000,Quadrant 2,1,2,88,,#FF0000,0,281.9060546290915,6
image_42.png,5,False,435.7770258012509,133.37091325980268,20,#FF0000,Quadrant 2,1,2,88,,#FF0000,0,240.4664958138478,6
image_42.png,5,False,229.07903436403487,67.89137368557914,20,#FF0000,Quadrant 1,1,1,88,,#FF0000,0,265.2189429396807,6
image_42.png,5,False,13.533378063860516,181.3112897021798,20,#FF0000,Quadrant 1,1,1,88,,#FF0000,0,187.44901135580966,6
image_42.png,5,False,78.14033154501642,93.63940781263594,20,#FF0000,Quadrant 1,1,1,88,,#FF0000,0,349.0047041193822,6
image_42.png,5,False,356.93670286481444,339.01258007551536,20,#FF0000,Quadrant 4,2,2,88,,#FF0000,0,322.79576890548725,6
image_42.png,5,False,458.1001456554546,183.3670493402504,20,#FF0000,Quadrant 2,1,2,88,,#FF0000,0,251.7541725910234,6
image_42.png,5,False,253.67353111222428,216.05253211387242,20,#FF0000,Quadrant 3,2,1,88,,#FF0000,0,147.7392519013765,6
image_42.png,5,False,306.15630999267626,77.8663707147602,20,#FF0000,Quadrant 1,1,1,88,,#FF0000,0,63.29296980184676,6
image_42.png,5,False,384.96362349628413,155.23093604848202,20,#FF0000,Quadrant 2,1,2,88,,#FF0000,0,214.1610516500217,6
image_42.png,5,False,485.41140208180383,176.37260791430276,20,#FF0000,Quadrant 2,1,2,88,,#FF0000,0,304.23297909988474,6
image_42.png,5,False,696.8052594242267,315.64523025210684,20,#FF0000,Quadrant 4,2,2,88,,#FF0000,0,308.51901617438364,6
image_42.png,5,False,79.69472787900885,178.871068747868,20,#FF0000,Quadrant 1,1,1,88,,#FF0000,0,333.80240735489235,6
image_42.png,5,False,33.485885195823585,120.58388557988842,20,#FF0000,Quadrant 1,1,1,88,,#FF0000,0,209.24408949996106,6
image_43.png,2,True,546.2704941573737,219.50023084914812,20,#FF0000,Quadrant 4,2,2,54,140,#FF0000,0,76.27360552725622,5
image_43.png,5,False,601.0200735147047,370.3084654438386,20,#FF0000,Quadrant 4,2,2,54,,#FF0000,0,41.22039787770572,5
image_43.png,5,False,557.894588364409,186.37201432950295,20,#FF0000,Quadrant 2,1,2,54,,#FF0000,0,126.22092595951106,5
image_43.png,5,False,455.3081376697293,307.59209402021656,20,#FF0000,Quadrant 4,2,2,54,,#FF0000,0,326.8776847075706,5
image_43.png,5,False,658.3959818119523,306.6701084274652,20,#FF0000,Quadrant 4,2,2,54,,#FF0000,0,142.49107988728466,5
image_43.png,5,False,195.38269805944958,259.98173615322,20,#FF0000,Quadrant 3,2,1,54,,#FF0000,0,182.72189305795422,5
image_43.png,5,False,632.9417411897348,354.7296543625209,20,#FF0000,Quadrant 4,2,2,54,,#FF0000,0,110.66280709098504,5
image_43.png,5,False,13.864557007171271,354.6243211977364,20,#FF0000,Quadrant 3,2,1,54,,#FF0000,0,242.38829230487048,5
image_43.png,5,False,29.08405695613929,309.81282847766107,20,#FF0000,Quadrant 3,2,1,54,,#FF0000,0,11.762859862974459,5
image_43.png,5,False,368.5656766295708,291.1907728074451,20,#FF0000,Quadrant 4,2,2,54,,#FF0000,0,302.67706494044154,5
image_43.png,5,False,128.4130081226054,227.28685458965157,20,#FF0000,Quadrant 3,2,1,54,,#FF0000,0,114.28954661363645,5
image_43.png,5,False,393.9045715759309,158.93498449642678,20,#FF0000,Quadrant 2,1,2,54,,#FF0000,0,154.80708693757057,5
image_43.png,5,False,281.99592482947463,30.497615671927925,20,#FF0000,Quadrant 1,1,1,54,,#FF0000,0,221.8564500808445,5
image_43.png,5,False,306.6515839978438,366.09006812059414,20,#FF0000,Quadrant 3,2,1,54,,#FF0000,0,335.4985318185933,5
image_43.png,5,False,512.6696546725273,163.37898935211282,20,#FF0000,Quadrant 2,1,2,54,,#FF0000,0,140.5482109773757,5
image_43.png,5,False,120.16767853773898,98.30647261172871,20,#FF0000,Quadrant 1,1,1,54,,#FF0000,0,114.52498068079164,5
image_43.png,5,False,98.04156469131335,55.74489124629437,20,#FF0000,Quadrant 1,1,1,54,,#FF0000,0,255.60895032004944,5
image_43.png,5,False,281.09639045483,299.1009665513511,20,#FF0000,Quadrant 3,2,1,54,,#FF0000,0,207.6961490686332,5
image_43.png,5,False,587.9257979389421,71.12209780967765,20,#FF0000,Quadrant 2,1,2,54,,#FF0000,0,329.99953041734426,5
image_43.png,5,False,75.25229904994265,20.6920070003357,20,#FF0000,Quadrant 1,1,1,54,,#FF0000,0,116.06566752012466,5
image_43.png,5,False,541.5522074757185,68.85237548139189,20,#FF0000,Quadrant 2,1,2,54,,#FF0000,0,4.153724211468424,5
image_43.png,5,False,385.5903432316298,378.56715598535544,20,#FF0000,Quadrant 4,2,2,54,,#FF0000,0,222.5158713365147,5
image_43.png,5,False,460.58815382912354,94.82347455797127,20,#FF0000,Quadrant 2,1,2,54,,#FF0000,0,67.15986167117862,5
image_43.png,5,False,590.074730411025,285.54617065825266,20,#FF0000,Quadrant 4,2,2,54,,#FF0000,0,69.7784092482194,5
image_43.png,5,False,271.51569368541095,109.46133542954482,20,#FF0000,Quadrant 1,1,1,54,,#FF0000,0,290.55506261421255,5
image_43.png,5,False,68.16176144926541,65.34488221385752,20,#FF0000,Quadrant 1,1,1,54,,#FF0000,0,18.629591904486244,5
image_43.png,5,False,689.5257115302629,338.702959486041,20,#FF0000,Quadrant 4,2,2,54,,#FF0000,0,8.33069614931317,5
image_43.png,5,False,649.8401285154467,57.37467413004467,20,#FF0000,Quadrant 2,1,2,54,,#FF0000,0,39.93534688119572,5
image_43.png,5,False,191.51433039741738,79.27726943097827,20,#FF0000,Quadrant 1,1,1,54,,#FF0000,0,51.060739023139256,5
image_43.png,5,False,80.36281486842378,311.676870482413,20,#FF0000,Quadrant 3,2,1,54,,#FF0000,0,74.87008378422316,5
image_43.png,5,False,346.21041621193757,247.50808209811294,20,#FF0000,Quadrant 3,2,1,54,,#FF0000,0,148.94824613993873,5
image_43.png,5,False,321.6553066975645,71.89717774068437,20,#FF0000,Quadrant 1,1,1,54,,#FF0000,0,228.0786473079686,5
image_43.png,5,False,633.6066994749643,260.353896725454,20,#FF0000,Quadrant 4,2,2,54,,#FF0000,0,107.55179378129917,5
image_43.png,5,False,249.9339855344196,387.0782664276204,20,#FF0000,Quadrant 3,2,1,54,,#FF0000,0,123.41176269759421,5
image_43.png,5,False,14.455028289031304,208.22095407814828,20,#FF0000,Quadrant 3,2,1,54,,#FF0000,0,215.99743244598656,5
image_43.png,5,False,94.77799790256009,240.1098726479104,20,#FF0000,Quadrant 3,2,1,54,,#FF0000,0,91.62036786653059,5
image_43.png,5,False,262.4096532470676,350.6603566259894,20,#FF0000,Quadrant 3,2,1,54,,#FF0000,0,77.87035042103179,5
image_43.png,5,False,74.3672217067575,278.6555910145186,20,#FF0000,Quadrant 3,2,1,54,,#FF0000,0,71.7255117234779,5
image_43.png,5,False,332.7931424337549,316.8064344183582,20,#FF0000,Quadrant 3,2,1,54,,#FF0000,0,234.69283093478913,5
image_43.png,5,False,663.0321700689207,359.6475811971314,20,#FF0000,Quadrant 4,2,2,54,,#FF0000,0,156.98231625971462,5
image_43.png,5,False,147.33686965243953,330.8015239641445,20,#FF0000,Quadrant 3,2,1,54,,#FF0000,0,90.03353344101774,5
image_43.png,5,False,673.7293250758727,49.89415921732067,20,#FF0000,Quadrant 2,1,2,54,,#FF0000,0,258.2626085071995,5
image_43.png,5,False,415.84185354174787,73.6168776465179,20,#FF0000,Quadrant 2,1,2,54,,#FF0000,0,285.53516355098475,5
image_43.png,5,False,421.87122117532505,113.69274321501887,20,#FF0000,Quadrant 2,1,2,54,,#FF0000,0,160.61678433824653,5
image_43.png,5,False,85.10822800864801,155.79133051842678,20,#FF0000,Quadrant 1,1,1,54,,#FF0000,0,114.74952745622356,5
image_43.png,5,False,185.36086226517637,165.9075243095532,20,#FF0000,Quadrant 1,1,1,54,,#FF0000,0,344.91507816380596,5
image_43.png,5,False,285.43329427114594,54.33768215778318,20,#FF0000,Quadrant 1,1,1,54,,#FF0000,0,190.9793472797513,5
image_43.png,5,False,159.2618893209228,151.4875914797373,20,#FF0000,Quadrant 1,1,1,54,,#FF0000,0,88.31453223638623,5
image_43.png,5,False,227.65804461588849,14.641273844440978,20,#FF0000,Quadrant 1,1,1,54,,#FF0000,0,52.21428335178821,5
image_43.png,5,False,504.8770064532087,91.80597741836579,20,#FF0000,Quadrant 2,1,2,54,,#FF0000,0,247.78526905122672,5
image_43.png,5,False,232.55569360579995,98.94122444316848,20,#FF0000,Quadrant 1,1,1,54,,#FF0000,0,204.2889309397801,5
image_43.png,5,False,397.50054461937685,281.7484056188751,20,#FF0000,Quadrant 4,2,2,54,,#FF0000,0,78.28683105894378,5
image_43.png,5,False,567.3168559482679,264.76839724394335,20,#FF0000,Quadrant 4,2,2,54,,#FF0000,0,340.6575819701675,5
image_43.png,5,False,456.28010878403364,268.84586648526823,20,#FF0000,Quadrant 4,2,2,54,,#FF0000,0,206.62142307578807,5
image_43.png,5,False,351.32070688583343,28.687317031012245,20,#FF0000,Quadrant 1,1,1,54,,#FF0000,0,17.877507276691983,5
image_44.png,2,True,96.4998559129904,75.69081757471557,20,#FF0000,Quadrant 1,1,1,36,140,#FF0000,0,151.64540859262084,5
image_44.png,5,False,274.7888300187491,228.88442315190707,20,#FF0000,Quadrant 3,2,1,36,,#FF0000,0,117.67491350190036,5
image_44.png,5,False,454.48629326148017,334.606959295547,20,#FF0000,Quadrant 4,2,2,36,,#FF0000,0,102.61328910604912,5
image_44.png,5,False,639.1221258428752,118.49027953699185,20,#FF0000,Quadrant 2,1,2,36,,#FF0000,0,355.66371561343163,5
image_44.png,5,False,288.53663425519045,349.6235604856202,20,#FF0000,Quadrant 3,2,1,36,,#FF0000,0,302.99143096854743,5
image_44.png,5,False,37.95384846971639,254.7252019058982,20,#FF0000,Quadrant 3,2,1,36,,#FF0000,0,330.4924138628313,5
image_44.png,5,False,76.53755444859561,314.3500206388519,20,#FF0000,Quadrant 3,2,1,36,,#FF0000,0,25.003481277537393,5
image_44.png,5,False,200.2500733550166,295.89568159521855,20,#FF0000,Quadrant 3,2,1,36,,#FF0000,0,260.3713210549904,5
image_44.png,5,False,394.3941887520898,129.38002193468384,20,#FF0000,Quadrant 2,1,2,36,,#FF0000,0,144.12396333155178,5
image_44.png,5,False,282.0026417942925,274.2607228900452,20,#FF0000,Quadrant 3,2,1,36,,#FF0000,0,220.4354329179689,5
image_44.png,5,False,595.7352235221559,376.58365550755224,20,#FF0000,Quadrant 4,2,2,36,,#FF0000,0,163.6494268298237,5
image_44.png,5,False,43.95779039516709,14.929698247027464,20,#FF0000,Quadrant 1,1,1,36,,#FF0000,0,10.543745462932947,5
image_44.png,5,False,233.4498788080875,270.91238868063516,20,#FF0000,Quadrant 3,2,1,36,,#FF0000,0,37.84884987529017,5
image_44.png,5,False,128.2619108158612,83.25836407924285,20,#FF0000,Quadrant 1,1,1,36,,#FF0000,0,156.84568644674755,5
image_44.png,5,False,265.15799819175675,352.28886046407416,20,#FF0000,Quadrant 3,2,1,36,,#FF0000,0,324.8195345135146,5
image_44.png,5,False,654.6020353078709,339.10962179185145,20,#FF0000,Quadrant 4,2,2,36,,#FF0000,0,356.2434107197738,5
image_44.png,5,False,551.8264404138885,52.88375967849252,20,#FF0000,Quadrant 2,1,2,36,,#FF0000,0,93.4875687807423,5
image_44.png,5,False,62.7040587343871,135.48635226513713,20,#FF0000,Quadrant 1,1,1,36,,#FF0000,0,340.97214989024724,5
image_44.png,5,False,570.8025276550234,113.02675655555207,20,#FF0000,Quadrant 2,1,2,36,,#FF0000,0,220.59022787947964,5
image_44.png,5,False,105.91893143951334,185.14224226268183,20,#FF0000,Quadrant 1,1,1,36,,#FF0000,0,61.32190684191157,5
image_44.png,5,False,604.8455855620878,295.6471646040771,20,#FF0000,Quadrant 4,2,2,36,,#FF0000,0,45.4639345031959,5
image_44.png,5,False,676.4611854924538,167.22510091028792,20,#FF0000,Quadrant 2,1,2,36,,#FF0000,0,319.60742850642896,5
image_44.png,5,False,95.31521000336996,210.42861480204658,20,#FF0000,Quadrant 3,2,1,36,,#FF0000,0,160.84070653144036,5
image_44.png,5,False,466.61432412774514,380.06009313497486,20,#FF0000,Quadrant 4,2,2,36,,#FF0000,0,208.0385000411693,5
image_44.png,5,False,514.5656960277606,96.3639359526348,20,#FF0000,Quadrant 2,1,2,36,,#FF0000,0,115.88809071594349,5
image_44.png,5,False,215.10535574810035,42.29623558698342,20,#FF0000,Quadrant 1,1,1,36,,#FF0000,0,94.97233208889298,5
image_44.png,5,False,612.4090367853436,260.28373398346264,20,#FF0000,Quadrant 4,2,2,36,,#FF0000,0,201.06548444029056,5
image_44.png,5,False,152.85906049483216,40.49032345715598,20,#FF0000,Quadrant 1,1,1,36,,#FF0000,0,264.6965803810272,5
image_44.png,5,False,574.9543850668258,82.0327884877475,20,#FF0000,Quadrant 2,1,2,36,,#FF0000,0,77.8087685147981,5
image_44.png,5,False,154.76774456234898,234.2177316537928,20,#FF0000,Quadrant 3,2,1,36,,#FF0000,0,37.63249846221544,5
image_44.png,5,False,323.8211341462609,69.21159370594499,20,#FF0000,Quadrant 1,1,1,36,,#FF0000,0,112.25715469616983,5
image_44.png,5,False,640.8323073507227,93.70066605889465,20,#FF0000,Quadrant 2,1,2,36,,#FF0000,0,181.6241073462201,5
image_44.png,5,False,682.819566828948,339.0506214986794,20,#FF0000,Quadrant 4,2,2,36,,#FF0000,0,130.91176196044137,5
image_44.png,5,False,548.4345100055723,82.04641266126676,20,#FF0000,Quadrant 2,1,2,36,,#FF0000,0,184.84705532407358,5
image_44.png,5,False,124.131267918924,127.10148277629133,20,#FF0000,Quadrant 1,1,1,36,,#FF0000,0,100.02183640237027,5
image_44.png,5,False,457.73586116971325,66.67551946819316,20,#FF0000,Quadrant 2,1,2,36,,#FF0000,0,313.13929682826415,5
image_44.png,5,False,322.86959115787033,111.38875817304327,20,#FF0000,Quadrant 1,1,1,36,,#FF0000,0,238.2787814074661,5
image_45.png,2,True,308.2853356980792,67.93437747686195,20,#FF0000,Quadrant 1,1,1,71,140,#FF0000,0,30.264035817933525,6
image_45.png,5,False,360.96158187051503,31.093373245200105,20,#FF0000,Quadrant 2,1,2,71,,#FF0000,0,180.78854110170477,6
image_45.png,5,False,78.39294868598576,256.17902084137137,20,#FF0000,Quadrant 3,2,1,71,,#FF0000,0,98.13199202061476,6
image_45.png,5,False,302.1633884356833,122.13422815212576,20,#FF0000,Quadrant 1,1,1,71,,#FF0000,0,263.5205794430314,6
image_45.png,5,False,420.2998748355568,211.17472082089927,20,#FF0000,Quadrant 4,2,2,71,,#FF0000,0,144.96915715629038,6
image_45.png,5,False,309.7265204655242,268.4786783967272,20,#FF0000,Quadrant 3,2,1,71,,#FF0000,0,177.70184179173887,6
image_45.png,5,False,671.7315132136348,94.00115100697447,20,#FF0000,Quadrant 2,1,2,71,,#FF0000,0,232.6841486217076,6
image_45.png,5,False,35.589002730949304,111.61537647436542,20,#FF0000,Quadrant 1,1,1,71,,#FF0000,0,19.129597561218166,6
image_45.png,5,False,80.61104173803012,96.60377594547649,20,#FF0000,Quadrant 1,1,1,71,,#FF0000,0,23.705058929081396,6
image_45.png,5,False,504.202266169648,159.14125793062664,20,#FF0000,Quadrant 2,1,2,71,,#FF0000,0,223.2794667171271,6
image_45.png,5,False,516.6738927720733,343.46145957303395,20,#FF0000,Quadrant 4,2,2,71,,#FF0000,0,36.46953790753918,6
image_45.png,5,False,152.73100389420281,308.0050522457922,20,#FF0000,Quadrant 3,2,1,71,,#FF0000,0,96.57610191599872,6
image_45.png,5,False,209.42686676482077,236.40646397215068,20,#FF0000,Quadrant 3,2,1,71,,#FF0000,0,125.14792076709652,6
image_45.png,5,False,75.93312846511083,201.224777647419,20,#FF0000,Quadrant 3,2,1,71,,#FF0000,0,264.19761747955135,6
image_45.png,5,False,339.48648876125753,126.41254316470896,20,#FF0000,Quadrant 1,1,1,71,,#FF0000,0,252.1696417328909,6
image_45.png,5,False,175.4088253549504,130.11252462554916,20,#FF0000,Quadrant 1,1,1,71,,#FF0000,0,326.40039598686195,6
image_45.png,5,False,140.08029986809942,351.15056586319037,20,#FF0000,Quadrant 3,2,1,71,,#FF0000,0,25.00366821879419,6
image_45.png,5,False,19.774296417054664,190.39906112666966,20,#FF0000,Quadrant 1,1,1,71,,#FF0000,0,51.06011589175081,6
image_45.png,5,False,133.30787087486323,110.72856716152536,20,#FF0000,Quadrant 1,1,1,71,,#FF0000,0,120.25949394328643,6
image_45.png,5,False,478.9708272130762,333.46789447724376,20,#FF0000,Quadrant 4,2,2,71,,#FF0000,0,27.711744468368877,6
image_45.png,5,False,679.0141147633566,231.4340483723614,20,#FF0000,Quadrant 4,2,2,71,,#FF0000,0,213.84185587444682,6
image_45.png,5,False,181.53468576520325,52.347907014762754,20,#FF0000,Quadrant 1,1,1,71,,#FF0000,0,175.79064275591577,6
image_45.png,5,False,401.84677701854605,385.37615243992906,20,#FF0000,Quadrant 4,2,2,71,,#FF0000,0,294.8135179747693,6
image_45.png,5,False,372.91046797236737,74.241190786564,20,#FF0000,Quadrant 2,1,2,71,,#FF0000,0,300.72925122219,6
image_45.png,5,False,75.70405808757842,126.13965856933152,20,#FF0000,Quadrant 1,1,1,71,,#FF0000,0,52.769865386876134,6
image_45.png,5,False,188.30692396378868,194.89447258291338,20,#FF0000,Quadrant 1,1,1,71,,#FF0000,0,356.32552263481483,6
image_45.png,5,False,20.343566054995275,144.2927709209074,20,#FF0000,Quadrant 1,1,1,71,,#FF0000,0,131.1441594745984,6
image_45.png,5,False,625.1555948315977,303.77093971496964,20,#FF0000,Quadrant 4,2,2,71,,#FF0000,0,255.6565743695646,6
image_45.png,5,False,632.5929440431842,236.19105833087957,20,#FF0000,Quadrant 4,2,2,71,,#FF0000,0,308.5042177993505,6
image_45.png,5,False,483.50528452399243,286.2654751527646,20,#FF0000,Quadrant 4,2,2,71,,#FF0000,0,40.59398425502687,6
image_45.png,5,False,685.2811945059132,334.6683681402848,20,#FF0000,Quadrant 4,2,2,71,,#FF0000,0,7.461820045442389,6
image_45.png,5,False,108.58522369047208,199.18058348955188,20,#FF0000,Quadrant 1,1,1,71,,#FF0000,0,237.3720887144755,6
image_45.png,5,False,521.5575638667523,378.90384233603146,20,#FF0000,Quadrant 4,2,2,71,,#FF0000,0,87.97240978427462,6
image_45.png,5,False,523.867567066176,84.27231849733487,20,#FF0000,Quadrant 2,1,2,71,,#FF0000,0,129.39117427371968,6
image_45.png,5,False,451.0875557315715,375.941256877357,20,#FF0000,Quadrant 4,2,2,71,,#FF0000,0,343.7331865429891,6
image_45.png,5,False,298.51576290494654,386.7107217045234,20,#FF0000,Quadrant 3,2,1,71,,#FF0000,0,140.7694412178786,6
image_45.png,5,False,432.9211591014289,174.84773754057164,20,#FF0000,Quadrant 2,1,2,71,,#FF0000,0,123.57879951821091,6
image_45.png,5,False,678.057441518084,310.5047136035947,20,#FF0000,Quadrant 4,2,2,71,,#FF0000,0,163.8099626004582,6
image_45.png,5,False,678.964754251709,199.59441317986014,20,#FF0000,Quadrant 2,1,2,71,,#FF0000,0,103.82707208148096,6
image_45.png,5,False,332.2927385282218,67.78609016362108,20,#FF0000,Quadrant 1,1,1,71,,#FF0000,0,246.789611972624,6
image_45.png,5,False,440.7948469933796,262.11308137674166,20,#FF0000,Quadrant 4,2,2,71,,#FF0000,0,348.0017288351166,6
image_45.png,5,False,209.6111081281361,313.3187545195721,20,#FF0000,Quadrant 3,2,1,71,,#FF0000,0,109.31241583270524,6
image_45.png,5,False,465.9145339854198,11.242566919795944,20,#FF0000,Quadrant 2,1,2,71,,#FF0000,0,154.9162182719408,6
image_45.png,5,False,252.30036428898214,118.07437295339645,20,#FF0000,Quadrant 1,1,1,71,,#FF0000,0,90.51604665501984,6
image_45.png,5,False,146.54518767955145,232.21498818026643,20,#FF0000,Quadrant 3,2,1,71,,#FF0000,0,358.5291321866149,6
image_45.png,5,False,161.79300038622446,189.86119622475906,20,#FF0000,Quadrant 1,1,1,71,,#FF0000,0,29.058457796936676,6
image_45.png,5,False,570.2675620949766,251.80287721752399,20,#FF0000,Quadrant 4,2,2,71,,#FF0000,0,127.66760564999475,6
image_45.png,5,False,677.1987955716862,48.09642733310696,20,#FF0000,Quadrant 2,1,2,71,,#FF0000,0,152.12278353930185,6
image_45.png,5,False,219.0936094921807,128.45813265076384,20,#FF0000,Quadrant 1,1,1,71,,#FF0000,0,94.05392804197879,6
image_45.png,5,False,478.77809242544635,132.897403046904,20,#FF0000,Quadrant 2,1,2,71,,#FF0000,0,203.0067401892979,6
image_45.png,5,False,481.8082955548017,86.41351923724807,20,#FF0000,Quadrant 2,1,2,71,,#FF0000,0,208.14027018922187,6
image_45.png,5,False,392.90151713394715,124.80153648025185,20,#FF0000,Quadrant 2,1,2,71,,#FF0000,0,48.848670645597764,6
image_45.png,5,False,401.4322470634039,248.5045167231288,20,#FF0000,Quadrant 4,2,2,71,,#FF0000,0,30.815253757240537,6
image_45.png,5,False,270.04053527919604,342.09831910726564,20,#FF0000,Quadrant 3,2,1,71,,#FF0000,0,196.49904330085204,6
image_45.png,5,False,655.1321923440508,280.3622350033916,20,#FF0000,Quadrant 4,2,2,71,,#FF0000,0,112.7737663788606,6
image_45.png,5,False,305.6640588153505,169.9511413531522,20,#FF0000,Quadrant 1,1,1,71,,#FF0000,0,168.61639475457207,6
image_45.png,5,False,30.066654523854403,222.26764111211568,20,#FF0000,Quadrant 3,2,1,71,,#FF0000,0,147.69310478912467,6
image_45.png,5,False,301.0129304075805,296.7137401487034,20,#FF0000,Quadrant 3,2,1,71,,#FF0000,0,344.69703134922,6
image_45.png,5,False,219.34669981889056,102.72005775095428,20,#FF0000,Quadrant 1,1,1,71,,#FF0000,0,221.4750782137033,6
image_45.png,5,False,288.6271248287305,13.250175781111047,20,#FF0000,Quadrant 1,1,1,71,,#FF0000,0,141.35735605163055,6
image_45.png,5,False,613.8135911964454,184.963444614536,20,#FF0000,Quadrant 2,1,2,71,,#FF0000,0,290.69316949455725,6
image_45.png,5,False,48.683307969201046,324.7000413445651,20,#FF0000,Quadrant 3,2,1,71,,#FF0000,0,19.56464432535522,6
image_45.png,5,False,240.77010018005998,47.816845466892175,20,#FF0000,Quadrant 1,1,1,71,,#FF0000,0,233.95677863461978,6
image_45.png,5,False,521.1858553126563,265.92811376668726,20,#FF0000,Quadrant 4,2,2,71,,#FF0000,0,21.91131713777306,6
image_45.png,5,False,47.53096358763844,88.5143619414255,20,#FF0000,Quadrant 1,1,1,71,,#FF0000,0,266.1708320535905,6
image_45.png,5,False,521.1522177789722,198.2251586732286,20,#FF0000,Quadrant 2,1,2,71,,#FF0000,0,51.89468415333127,6
image_45.png,5,False,225.20378115392373,384.90196210152504,20,#FF0000,Quadrant 3,2,1,71,,#FF0000,0,108.3211951417193,6
image_45.png,5,False,345.1340942882332,270.9788354476135,20,#FF0000,Quadrant 3,2,1,71,,#FF0000,0,2.3222882302259107,6
image_45.png,5,False,584.7485258020408,178.76240074403472,20,#FF0000,Quadrant 2,1,2,71,,#FF0000,0,170.5472651785336,6
image_45.png,5,False,94.92806459700661,163.9226730081884,20,#FF0000,Quadrant 1,1,1,71,,#FF0000,0,20.03513822984693,6
image_45.png,5,False,576.1666895886159,329.17046369941005,20,#FF0000,Quadrant 4,2,2,71,,#FF0000,0,353.77065588724474,6
image_45.png,5,False,128.66431387092047,291.34926428243244,20,#FF0000,Quadrant 3,2,1,71,,#FF0000,0,236.68753062669543,6
image_46.png,2,True,342.04139426972665,120.4117347175511,20,#FF0000,Quadrant 1,1,1,70,140,#FF0000,0,72.12637462777661,6
image_46.png,5,False,416.6582578320227,149.85429600172094,20,#FF0000,Quadrant 2,1,2,70,,#FF0000,0,36.00708682293376,6
image_46.png,5,False,276.83052353324524,313.34526400694955,20,#FF0000,Quadrant 3,2,1,70,,#FF0000,0,99.06528548023192,6
image_46.png,5,False,571.4970939435802,67.00694835612855,20,#FF0000,Quadrant 2,1,2,70,,#FF0000,0,167.02693127157335,6
image_46.png,5,False,93.76715676292815,158.20431243006453,20,#FF0000,Quadrant 1,1,1,70,,#FF0000,0,102.03199926428212,6
image_46.png,5,False,34.48356082648105,256.85963938860243,20,#FF0000,Quadrant 3,2,1,70,,#FF0000,0,208.99370662118616,6
image_46.png,5,False,317.24629546980043,354.264951772005,20,#FF0000,Quadrant 3,2,1,70,,#FF0000,0,236.58892022934202,6
image_46.png,5,False,106.98012790372962,344.5563432821532,20,#FF0000,Quadrant 3,2,1,70,,#FF0000,0,127.7016743019726,6
image_46.png,5,False,17.283722619923083,70.8428918661819,20,#FF0000,Quadrant 1,1,1,70,,#FF0000,0,165.00606342915782,6
image_46.png,5,False,604.2442704491963,90.67489249899445,20,#FF0000,Quadrant 2,1,2,70,,#FF0000,0,180.22981664614562,6
image_46.png,5,False,372.763342716844,204.93106858227742,20,#FF0000,Quadrant 4,2,2,70,,#FF0000,0,324.9181885588233,6
image_46.png,5,False,115.31647028354075,258.94281971351086,20,#FF0000,Quadrant 3,2,1,70,,#FF0000,0,62.818876476071225,6
image_46.png,5,False,551.8380867722378,259.8918111809156,20,#FF0000,Quadrant 4,2,2,70,,#FF0000,0,50.41414693148767,6
image_46.png,5,False,57.996765406684965,328.2650361348737,20,#FF0000,Quadrant 3,2,1,70,,#FF0000,0,332.4516974524732,6
image_46.png,5,False,674.2004016566078,240.0081996552001,20,#FF0000,Quadrant 4,2,2,70,,#FF0000,0,174.14807808062568,6
image_46.png,5,False,499.15662648519157,202.6385245852205,20,#FF0000,Quadrant 4,2,2,70,,#FF0000,0,64.93483340273812,6
image_46.png,5,False,189.6067261708657,274.75657068566204,20,#FF0000,Quadrant 3,2,1,70,,#FF0000,0,237.20583609607968,6
image_46.png,5,False,411.119331239444,231.93843884323206,20,#FF0000,Quadrant 4,2,2,70,,#FF0000,0,211.98675590656737,6
image_46.png,5,False,57.55571030792722,22.159257099537424,20,#FF0000,Quadrant 1,1,1,70,,#FF0000,0,298.75905651866333,6
image_46.png,5,False,479.05304822510897,133.34324600730616,20,#FF0000,Quadrant 2,1,2,70,,#FF0000,0,179.79620558265003,6
image_46.png,5,False,542.7311464480662,357.72740483984785,20,#FF0000,Quadrant 4,2,2,70,,#FF0000,0,83.35244531391723,6
image_46.png,5,False,83.64251659034393,343.9255453182103,20,#FF0000,Quadrant 3,2,1,70,,#FF0000,0,286.41777519272404,6
image_46.png,5,False,275.6335059535187,378.9148569314273,20,#FF0000,Quadrant 3,2,1,70,,#FF0000,0,262.13873744972216,6
image_46.png,5,False,53.66745849401948,105.68289492481267,20,#FF0000,Quadrant 1,1,1,70,,#FF0000,0,332.05528753379855,6
image_46.png,5,False,527.7051750884614,177.89775510539886,20,#FF0000,Quadrant 2,1,2,70,,#FF0000,0,13.47057897484798,6
image_46.png,5,False,445.9616042988604,22.135673441754424,20,#FF0000,Quadrant 2,1,2,70,,#FF0000,0,134.75596083962904,6
image_46.png,5,False,85.1784335406275,180.91464049178168,20,#FF0000,Quadrant 1,1,1,70,,#FF0000,0,62.66420599533109,6
image_46.png,5,False,450.1656880329116,221.3449871800811,20,#FF0000,Quadrant 4,2,2,70,,#FF0000,0,47.957991033744136,6
image_46.png,5,False,349.36998015975746,267.6049300293756,20,#FF0000,Quadrant 3,2,1,70,,#FF0000,0,70.4584611274166,6
image_46.png,5,False,555.3129059038446,43.51491680768731,20,#FF0000,Quadrant 2,1,2,70,,#FF0000,0,190.2706015938669,6
image_46.png,5,False,672.3244808890338,47.36591155035774,20,#FF0000,Quadrant 2,1,2,70,,#FF0000,0,8.727499443900854,6
image_46.png,5,False,107.84762667475273,12.979315965727393,20,#FF0000,Quadrant 1,1,1,70,,#FF0000,0,11.966109064245089,6
image_46.png,5,False,402.5552745729252,337.77765763702104,20,#FF0000,Quadrant 4,2,2,70,,#FF0000,0,278.77884169585894,6
image_46.png,5,False,481.14687085862624,373.0270861860637,20,#FF0000,Quadrant 4,2,2,70,,#FF0000,0,122.6560722791371,6
image_46.png,5,False,374.89845292914583,82.87174849695188,20,#FF0000,Quadrant 2,1,2,70,,#FF0000,0,262.1820678651605,6
image_46.png,5,False,581.199684362128,200.32140781802005,20,#FF0000,Quadrant 4,2,2,70,,#FF0000,0,74.69092075029927,6
image_46.png,5,False,630.9317170824293,333.5933646866396,20,#FF0000,Quadrant 4,2,2,70,,#FF0000,0,128.33466934153725,6
image_46.png,5,False,313.3869851123958,247.42792485783013,20,#FF0000,Quadrant 3,2,1,70,,#FF0000,0,288.5745202316022,6
image_46.png,5,False,403.14601933092683,59.07872110413325,20,#FF0000,Quadrant 2,1,2,70,,#FF0000,0,314.63168461257476,6
image_46.png,5,False,383.430697776405,19.521056806147232,20,#FF0000,Quadrant 2,1,2,70,,#FF0000,0,18.53244316977446,6
image_46.png,5,False,210.73867483024537,324.0401333795662,20,#FF0000,Quadrant 3,2,1,70,,#FF0000,0,295.6780098276012,6
image_46.png,5,False,257.59667912736154,340.7832782672116,20,#FF0000,Quadrant 3,2,1,70,,#FF0000,0,140.55350760503404,6
image_46.png,5,False,209.47953785599344,213.01220020267755,20,#FF0000,Quadrant 3,2,1,70,,#FF0000,0,56.830687437365434,6
image_46.png,5,False,367.73647101980765,242.05150093896512,20,#FF0000,Quadrant 4,2,2,70,,#FF0000,0,86.90342416726257,6
image_46.png,5,False,412.5302606113577,365.1583628414119,20,#FF0000,Quadrant 4,2,2,70,,#FF0000,0,321.05101555522384,6
image_46.png,5,False,149.15225597842715,346.67459584079813,20,#FF0000,Quadrant 3,2,1,70,,#FF0000,0,151.70605103609856,6
image_46.png,5,False,151.71674903439865,319.7361790046384,20,#FF0000,Quadrant 3,2,1,70,,#FF0000,0,21.381108836411705,6
image_46.png,5,False,351.0594736951313,315.54026352124725,20,#FF0000,Quadrant 3,2,1,70,,#FF0000,0,22.438261544869754,6
image_46.png,5,False,431.29117875866274,326.6313064499725,20,#FF0000,Quadrant 4,2,2,70,,#FF0000,0,202.98823152152144,6
image_46.png,5,False,249.28759945890016,37.74845022756711,20,#FF0000,Quadrant 1,1,1,70,,#FF0000,0,290.69549838252624,6
image_46.png,5,False,520.370391517625,362.2994357382084,20,#FF0000,Quadrant 4,2,2,70,,#FF0000,0,149.84646301964776,6
image_46.png,5,False,340.8735531584014,59.93760979363451,20,#FF0000,Quadrant 1,1,1,70,,#FF0000,0,319.50670807445863,6
image_46.png,5,False,252.3275436111854,191.5299989185641,20,#FF0000,Quadrant 1,1,1,70,,#FF0000,0,81.08821477086326,6
image_46.png,5,False,29.157781615998708,306.5289279870337,20,#FF0000,Quadrant 3,2,1,70,,#FF0000,0,335.2487523848441,6
image_46.png,5,False,23.467361388129845,193.26152211210933,20,#FF0000,Quadrant 1,1,1,70,,#FF0000,0,246.09422404805184,6
image_46.png,5,False,435.18505604540036,352.5423878803393,20,#FF0000,Quadrant 4,2,2,70,,#FF0000,0,42.47732045481219,6
image_46.png,5,False,529.520084865861,316.32384201751915,20,#FF0000,Quadrant 4,2,2,70,,#FF0000,0,148.70357415893113,6
image_46.png,5,False,183.19653415602806,32.50202199041255,20,#FF0000,Quadrant 1,1,1,70,,#FF0000,0,314.3720914359217,6
image_46.png,5,False,313.1650031986006,117.8212794998731,20,#FF0000,Quadrant 1,1,1,70,,#FF0000,0,20.395651799572395,6
image_46.png,5,False,152.83820226048115,277.5864603363919,20,#FF0000,Quadrant 3,2,1,70,,#FF0000,0,337.81325128460395,6
image_46.png,5,False,219.57333216550342,149.70091392784397,20,#FF0000,Quadrant 1,1,1,70,,#FF0000,0,159.67506152933976,6
image_46.png,5,False,249.8318268835029,166.2951974770399,20,#FF0000,Quadrant 1,1,1,70,,#FF0000,0,37.57614180027777,6
image_46.png,5,False,314.3511354385813,299.86456884087926,20,#FF0000,Quadrant 3,2,1,70,,#FF0000,0,84.63788786085767,6
image_46.png,5,False,416.2974681384691,124.55605628098249,20,#FF0000,Quadrant 2,1,2,70,,#FF0000,0,97.30748608759221,6
image_46.png,5,False,23.986601184684517,155.61833233686318,20,#FF0000,Quadrant 1,1,1,70,,#FF0000,0,138.21705354995058,6
image_46.png,5,False,165.64498304387962,154.38559776330982,20,#FF0000,Quadrant 1,1,1,70,,#FF0000,0,159.84710466853974,6
image_46.png,5,False,530.835392858041,138.0905162303157,20,#FF0000,Quadrant 2,1,2,70,,#FF0000,0,327.6194409962456,6
image_46.png,5,False,607.4964389918848,306.82759280240145,20,#FF0000,Quadrant 4,2,2,70,,#FF0000,0,223.75098762115357,6
image_46.png,5,False,667.2543060330572,363.47467908466217,20,#FF0000,Quadrant 4,2,2,70,,#FF0000,0,199.18589845090955,6
image_46.png,5,False,693.7240079437606,213.1398016900119,20,#FF0000,Quadrant 4,2,2,70,,#FF0000,0,103.47065142590606,6
image_46.png,5,False,506.54271468192934,301.6866685759206,20,#FF0000,Quadrant 4,2,2,70,,#FF0000,0,152.58060757917846,6
image_47.png,2,True,273.70952333504016,292.84960297649906,20,#FF0000,Quadrant 3,2,1,34,140,#FF0000,0,58.51759303890021,5
image_47.png,5,False,101.86029917310161,16.739330352132352,20,#FF0000,Quadrant 1,1,1,34,,#FF0000,0,332.87801001788444,5
image_47.png,5,False,666.2164228115727,43.33293586633132,20,#FF0000,Quadrant 2,1,2,34,,#FF0000,0,287.8520125578012,5
image_47.png,5,False,384.99233929681304,138.58722950420702,20,#FF0000,Quadrant 2,1,2,34,,#FF0000,0,89.97574148835324,5
image_47.png,5,False,435.1120547501143,147.72065969993542,20,#FF0000,Quadrant 2,1,2,34,,#FF0000,0,142.05643336399072,5
image_47.png,5,False,550.091712176341,317.2780898485419,20,#FF0000,Quadrant 4,2,2,34,,#FF0000,0,237.3227796717344,5
image_47.png,5,False,96.64711844511896,225.87072655389832,20,#FF0000,Quadrant 3,2,1,34,,#FF0000,0,218.87970331640602,5
image_47.png,5,False,193.25258820497504,78.58050171851873,20,#FF0000,Quadrant 1,1,1,34,,#FF0000,0,115.55618093132915,5
image_47.png,5,False,314.0974935152524,187.31413127472564,20,#FF0000,Quadrant 1,1,1,34,,#FF0000,0,166.5807366834283,5
image_47.png,5,False,341.8632499382271,330.15497494040414,20,#FF0000,Quadrant 3,2,1,34,,#FF0000,0,347.71877742663406,5
image_47.png,5,False,51.36495198550777,365.87934953025524,20,#FF0000,Quadrant 3,2,1,34,,#FF0000,0,78.42329999133882,5
image_47.png,5,False,134.88489384775448,300.5392416371859,20,#FF0000,Quadrant 3,2,1,34,,#FF0000,0,23.05565564750301,5
image_47.png,5,False,609.779151096985,59.09009747180603,20,#FF0000,Quadrant 2,1,2,34,,#FF0000,0,99.41196332450723,5
image_47.png,5,False,603.9329212484719,230.1986904438765,20,#FF0000,Quadrant 4,2,2,34,,#FF0000,0,246.39889823212403,5
image_47.png,5,False,505.2594530959369,33.98726403522515,20,#FF0000,Quadrant 2,1,2,34,,#FF0000,0,15.104011291464992,5
image_47.png,5,False,189.48872276372853,108.31423825094602,20,#FF0000,Quadrant 1,1,1,34,,#FF0000,0,257.2378429555119,5
image_47.png,5,False,601.8108218404773,144.56064582084738,20,#FF0000,Quadrant 2,1,2,34,,#FF0000,0,244.21961504351435,5
image_47.png,5,False,235.4686527399875,151.37383880774755,20,#FF0000,Quadrant 1,1,1,34,,#FF0000,0,85.31233603846349,5
image_47.png,5,False,297.6031028717003,253.63329629009715,20,#FF0000,Quadrant 3,2,1,34,,#FF0000,0,296.16945956025904,5
image_47.png,5,False,109.58176323782335,134.43232476289143,20,#FF0000,Quadrant 1,1,1,34,,#FF0000,0,315.3071297847508,5
image_47.png,5,False,335.3019888130456,378.98345366981493,20,#FF0000,Quadrant 3,2,1,34,,#FF0000,0,234.71215646637688,5
image_47.png,5,False,639.2802624356426,20.65233820792832,20,#FF0000,Quadrant 2,1,2,34,,#FF0000,0,334.9110652061013,5
image_47.png,5,False,567.7355732599636,204.08094186008194,20,#FF0000,Quadrant 4,2,2,34,,#FF0000,0,219.25373253325125,5
image_47.png,5,False,361.13758451349184,230.80189649353628,20,#FF0000,Quadrant 4,2,2,34,,#FF0000,0,281.11455043506345,5
image_47.png,5,False,159.0445478858094,325.01471884738953,20,#FF0000,Quadrant 3,2,1,34,,#FF0000,0,123.85898872001721,5
image_47.png,5,False,511.3929757952798,155.05189269980244,20,#FF0000,Quadrant 2,1,2,34,,#FF0000,0,11.735830281237941,5
image_47.png,5,False,65.0485859149588,40.22372469574442,20,#FF0000,Quadrant 1,1,1,34,,#FF0000,0,359.2155065664377,5
image_47.png,5,False,165.73631409974573,201.32144525031222,20,#FF0000,Quadrant 3,2,1,34,,#FF0000,0,336.7864331397041,5
image_47.png,5,False,388.73255783835356,169.0342845449572,20,#FF0000,Quadrant 2,1,2,34,,#FF0000,0,206.79812898424842,5
image_47.png,5,False,336.4347909106854,209.24137077247354,20,#FF0000,Quadrant 3,2,1,34,,#FF0000,0,18.515341420149227,5
image_47.png,5,False,196.46689459213053,327.01137949110665,20,#FF0000,Quadrant 3,2,1,34,,#FF0000,0,158.76626904381936,5
image_47.png,5,False,260.3938558182395,183.30040367693147,20,#FF0000,Quadrant 1,1,1,34,,#FF0000,0,276.35162913718005,5
image_47.png,5,False,90.52225745862262,102.11556819239874,20,#FF0000,Quadrant 1,1,1,34,,#FF0000,0,269.34778057085623,5
image_47.png,5,False,359.3883321186137,356.73222351780726,20,#FF0000,Quadrant 4,2,2,34,,#FF0000,0,126.71445937279287,5
image_47.png,5,False,427.995604080789,180.70991211550654,20,#FF0000,Quadrant 2,1,2,34,,#FF0000,0,235.1987738482328,5
image_48.png,2,True,581.368740950928,383.98959904429546,20,#FF0000,Quadrant 4,2,2,54,140,#FF0000,0,82.7147892487288,5
image_48.png,5,False,179.76636779288094,354.70244869648957,20,#FF0000,Quadrant 3,2,1,54,,#FF0000,0,333.2581012959907,5
image_48.png,5,False,469.8069278313112,239.89626109887243,20,#FF0000,Quadrant 4,2,2,54,,#FF0000,0,242.6778457351917,5
image_48.png,5,False,246.34297209410929,55.59040049321391,20,#FF0000,Quadrant 1,1,1,54,,#FF0000,0,286.5081416314741,5
image_48.png,5,False,358.962871301604,67.09466135302515,20,#FF0000,Quadrant 2,1,2,54,,#FF0000,0,147.06100457584952,5
image_48.png,5,False,618.3130152549772,85.88339398914421,20,#FF0000,Quadrant 2,1,2,54,,#FF0000,0,177.91208436896437,5
image_48.png,5,False,323.8536410010452,74.03941660864787,20,#FF0000,Quadrant 1,1,1,54,,#FF0000,0,64.76965573062037,5
image_48.png,5,False,538.4360850386677,279.90234854509913,20,#FF0000,Quadrant 4,2,2,54,,#FF0000,0,150.70521693539175,5
image_48.png,5,False,80.58581006592645,339.6554244524285,20,#FF0000,Quadrant 3,2,1,54,,#FF0000,0,169.1496967332619,5
image_48.png,5,False,27.48877851249339,74.10167098190527,20,#FF0000,Quadrant 1,1,1,54,,#FF0000,0,300.18908169352375,5
image_48.png,5,False,365.764096515479,211.0790597739778,20,#FF0000,Quadrant 4,2,2,54,,#FF0000,0,26.285294649422077,5
image_48.png,5,False,177.34865110037202,121.90213506663743,20,#FF0000,Quadrant 1,1,1,54,,#FF0000,0,250.8943316377601,5
image_48.png,5,False,579.2290372100907,138.2501020400128,20,#FF0000,Quadrant 2,1,2,54,,#FF0000,0,121.2509855857005,5
image_48.png,5,False,85.25476432560677,283.9838829569507,20,#FF0000,Quadrant 3,2,1,54,,#FF0000,0,219.15267871310303,5
image_48.png,5,False,645.3786355895237,370.0694030797663,20,#FF0000,Quadrant 4,2,2,54,,#FF0000,0,26.550915434579775,5
image_48.png,5,False,445.6432462549232,290.9836472537828,20,#FF0000,Quadrant 4,2,2,54,,#FF0000,0,327.8427209496118,5
image_48.png,5,False,509.6344437803587,233.8529736576767,20,#FF0000,Quadrant 4,2,2,54,,#FF0000,0,264.0395285639337,5
image_48.png,5,False,419.61026304098306,265.736880432628,20,#FF0000,Quadrant 4,2,2,54,,#FF0000,0,2.8021482652364593,5
image_48.png,5,False,231.78100743283682,77.80101508107927,20,#FF0000,Quadrant 1,1,1,54,,#FF0000,0,163.26977593134976,5
image_48.png,5,False,203.4374151672811,303.19638923278205,20,#FF0000,Quadrant 3,2,1,54,,#FF0000,0,260.1119468488478,5
image_48.png,5,False,350.8791985737514,29.25284404487643,20,#FF0000,Quadrant 1,1,1,54,,#FF0000,0,83.61487617377543,5
image_48.png,5,False,207.54221102155185,156.17760813551092,20,#FF0000,Quadrant 1,1,1,54,,#FF0000,0,334.09568513637953,5
image_48.png,5,False,667.9709172894242,26.851214242630814,20,#FF0000,Quadrant 2,1,2,54,,#FF0000,0,272.6280771511025,5
image_48.png,5,False,618.962690402288,287.31228580800666,20,#FF0000,Quadrant 4,2,2,54,,#FF0000,0,340.21895724881637,5
image_48.png,5,False,202.71854032777213,343.4826549787111,20,#FF0000,Quadrant 3,2,1,54,,#FF0000,0,154.9935548520728,5
image_48.png,5,False,346.2920148626986,95.53341120974704,20,#FF0000,Quadrant 1,1,1,54,,#FF0000,0,103.62353845376862,5
image_48.png,5,False,658.1121612808893,109.06416772133487,20,#FF0000,Quadrant 2,1,2,54,,#FF0000,0,60.95547783264794,5
image_48.png,5,False,84.11630335443778,98.57299378448651,20,#FF0000,Quadrant 1,1,1,54,,#FF0000,0,218.22126590645885,5
image_48.png,5,False,77.12747192766444,219.71778155164878,20,#FF0000,Quadrant 3,2,1,54,,#FF0000,0,100.30633487374426,5
image_48.png,5,False,127.33931659791043,237.19200197726943,20,#FF0000,Quadrant 3,2,1,54,,#FF0000,0,183.1313415747233,5
image_48.png,5,False,624.6540158088706,214.33221821501087,20,#FF0000,Quadrant 4,2,2,54,,#FF0000,0,14.308214377972543,5
image_48.png,5,False,347.4841015159755,321.86652272748813,20,#FF0000,Quadrant 3,2,1,54,,#FF0000,0,70.24775953888472,5
image_48.png,5,False,205.1860530369304,369.29855425581655,20,#FF0000,Quadrant 3,2,1,54,,#FF0000,0,133.03460116036783,5
image_48.png,5,False,643.4986879268635,281.74284366510653,20,#FF0000,Quadrant 4,2,2,54,,#FF0000,0,163.38577588035886,5
image_48.png,5,False,70.84917864682072,62.7172177537024,20,#FF0000,Quadrant 1,1,1,54,,#FF0000,0,177.57199805006647,5
image_48.png,5,False,471.74503097864056,377.070159045656,20,#FF0000,Quadrant 4,2,2,54,,#FF0000,0,100.24315166017522,5
image_48.png,5,False,523.8072218417947,95.0829911600253,20,#FF0000,Quadrant 2,1,2,54,,#FF0000,0,289.31078932035075,5
image_48.png,5,False,118.98503467712148,137.75744802034524,20,#FF0000,Quadrant 1,1,1,54,,#FF0000,0,26.76611868859572,5
image_48.png,5,False,484.9889891363981,348.27900842985457,20,#FF0000,Quadrant 4,2,2,54,,#FF0000,0,26.671861517813234,5
image_48.png,5,False,442.3696687113741,369.79100197434366,20,#FF0000,Quadrant 4,2,2,54,,#FF0000,0,301.5486141735797,5
image_48.png,5,False,180.43456003298343,232.63779506241545,20,#FF0000,Quadrant 3,2,1,54,,#FF0000,0,225.82261743299225,5
image_48.png,5,False,162.72438091737413,84.96639858393463,20,#FF0000,Quadrant 1,1,1,54,,#FF0000,0,313.96133586420456,5
image_48.png,5,False,101.80463866752962,250.94408985284394,20,#FF0000,Quadrant 3,2,1,54,,#FF0000,0,178.82150517207296,5
image_48.png,5,False,366.73499100343156,284.4012015260054,20,#FF0000,Quadrant 4,2,2,54,,#FF0000,0,31.93621503040039,5
image_48.png,5,False,310.2456403847263,196.48125541824584,20,#FF0000,Quadrant 1,1,1,54,,#FF0000,0,77.10806698464731,5
image_48.png,5,False,500.18346151501873,25.671211883904256,20,#FF0000,Quadrant 2,1,2,54,,#FF0000,0,220.0381874671348,5
image_48.png,5,False,251.2569012763841,211.51430994513393,20,#FF0000,Quadrant 3,2,1,54,,#FF0000,0,84.49768326861609,5
image_48.png,5,False,615.8659690675831,328.7815197978592,20,#FF0000,Quadrant 4,2,2,54,,#FF0000,0,343.5606797398862,5
image_48.png,5,False,471.2353274837606,196.30390682198146,20,#FF0000,Quadrant 2,1,2,54,,#FF0000,0,315.01406628759,5
image_48.png,5,False,422.9132119943283,216.41023300440995,20,#FF0000,Quadrant 4,2,2,54,,#FF0000,0,226.80989936884953,5
image_48.png,5,False,537.3523302296546,169.60654215826756,20,#FF0000,Quadrant 2,1,2,54,,#FF0000,0,322.8546231373101,5
image_48.png,5,False,181.4560217515091,171.59907732739782,20,#FF0000,Quadrant 1,1,1,54,,#FF0000,0,160.98224846380157,5
image_48.png,5,False,669.9013982767328,260.71166095820604,20,#FF0000,Quadrant 4,2,2,54,,#FF0000,0,63.42999851185779,5
image_48.png,5,False,285.28353446439024,59.4058731977024,20,#FF0000,Quadrant 1,1,1,54,,#FF0000,0,125.12828715822612,5
image_48.png,5,False,589.8432506207598,337.5954880037003,20,#FF0000,Quadrant 4,2,2,54,,#FF0000,0,317.581721351638,5
image_49.png,2,True,172.81856787916414,120.97162916716351,20,#FF0000,Quadrant 1,1,1,77,140,#FF0000,0,148.32105075865906,6
image_49.png,5,False,624.079512479387,306.9089441046432,20,#FF0000,Quadrant 4,2,2,77,,#FF0000,0,182.69546506880386,6
image_49.png,5,False,542.7692752233096,109.88678559024527,20,#FF0000,Quadrant 2,1,2,77,,#FF0000,0,21.88917400250308,6
image_49.png,5,False,280.6597133533808,178.05768448654803,20,#FF0000,Quadrant 1,1,1,77,,#FF0000,0,114.34260895879915,6
image_49.png,5,False,639.6220550510466,112.42391432464895,20,#FF0000,Quadrant 2,1,2,77,,#FF0000,0,143.52462421247196,6
image_49.png,5,False,245.15083264848144,320.4022929463356,20,#FF0000,Quadrant 3,2,1,77,,#FF0000,0,262.14726506785564,6
image_49.png,5,False,293.36015318693677,227.40715334553352,20,#FF0000,Quadrant 3,2,1,77,,#FF0000,0,111.0638338413021,6
image_49.png,5,False,153.07236604475474,247.3582990594156,20,#FF0000,Quadrant 3,2,1,77,,#FF0000,0,59.95265150788959,6
image_49.png,5,False,433.5664362744071,135.62061872216609,20,#FF0000,Quadrant 2,1,2,77,,#FF0000,0,341.23600593635484,6
image_49.png,5,False,24.724822549089204,284.00245651589694,20,#FF0000,Quadrant 3,2,1,77,,#FF0000,0,217.78603400525623,6
image_49.png,5,False,73.18411769508344,277.3881368039764,20,#FF0000,Quadrant 3,2,1,77,,#FF0000,0,288.86863601586015,6
image_49.png,5,False,539.3541728614488,219.994003981275,20,#FF0000,Quadrant 4,2,2,77,,#FF0000,0,328.402283243628,6
image_49.png,5,False,368.34915997839926,147.872950109904,20,#FF0000,Quadrant 2,1,2,77,,#FF0000,0,235.77536983577514,6
image_49.png,5,False,119.16811573866524,213.4941508137355,20,#FF0000,Quadrant 3,2,1,77,,#FF0000,0,71.43833305446971,6
image_49.png,5,False,169.01144867345073,313.885879211208,20,#FF0000,Quadrant 3,2,1,77,,#FF0000,0,309.50022085320484,6
image_49.png,5,False,239.40495575092243,92.5025069789256,20,#FF0000,Quadrant 1,1,1,77,,#FF0000,0,327.83536087421163,6
image_49.png,5,False,658.6695055767786,24.6363396018161,20,#FF0000,Quadrant 2,1,2,77,,#FF0000,0,264.00036580512926,6
image_49.png,5,False,658.9047280236829,49.752836075177335,20,#FF0000,Quadrant 2,1,2,77,,#FF0000,0,7.210214375286155,6
image_49.png,5,False,345.0960627059227,70.32540140306884,20,#FF0000,Quadrant 1,1,1,77,,#FF0000,0,143.25746688905093,6
image_49.png,5,False,198.72373147824186,57.73698998475392,20,#FF0000,Quadrant 1,1,1,77,,#FF0000,0,89.03114596128526,6
image_49.png,5,False,462.48513560084547,60.59102561560156,20,#FF0000,Quadrant 2,1,2,77,,#FF0000,0,282.25930017254075,6
image_49.png,5,False,508.53576708364545,299.18190505309013,20,#FF0000,Quadrant 4,2,2,77,,#FF0000,0,26.60048739331571,6
image_49.png,5,False,21.157089111858657,324.8350741621988,20,#FF0000,Quadrant 3,2,1,77,,#FF0000,0,149.53680848520625,6
image_49.png,5,False,115.62296673535212,289.160144480601,20,#FF0000,Quadrant 3,2,1,77,,#FF0000,0,217.75386997186274,6
image_49.png,5,False,234.04771815933447,204.6704285818093,20,#FF0000,Quadrant 3,2,1,77,,#FF0000,0,112.38829346386963,6
image_49.png,5,False,199.82027084518958,87.60801002143877,20,#FF0000,Quadrant 1,1,1,77,,#FF0000,0,8.43550256472402,6
image_49.png,5,False,463.0189383030132,189.18933348616594,20,#FF0000,Quadrant 2,1,2,77,,#FF0000,0,95.13718388180774,6
image_49.png,5,False,75.11999017098756,376.48303262586154,20,#FF0000,Quadrant 3,2,1,77,,#FF0000,0,104.84591539675328,6
image_49.png,5,False,344.02781866466574,354.09765618807404,20,#FF0000,Quadrant 3,2,1,77,,#FF0000,0,201.95865318388374,6
image_49.png,5,False,179.53907200306165,17.506337250859968,20,#FF0000,Quadrant 1,1,1,77,,#FF0000,0,191.95340530852718,6
image_49.png,5,False,282.22153032238884,151.89483800754505,20,#FF0000,Quadrant 1,1,1,77,,#FF0000,0,178.93256054759533,6
image_49.png,5,False,85.62165948461195,95.69500512211353,20,#FF0000,Quadrant 1,1,1,77,,#FF0000,0,196.76930947041768,6
image_49.png,5,False,284.7731980037748,98.73967703430529,20,#FF0000,Quadrant 1,1,1,77,,#FF0000,0,351.068614192017,6
image_49.png,5,False,399.01260145802405,253.98541757025205,20,#FF0000,Quadrant 4,2,2,77,,#FF0000,0,133.1357855472734,6
image_49.png,5,False,568.8700622097449,379.8589876563389,20,#FF0000,Quadrant 4,2,2,77,,#FF0000,0,119.67677095351851,6
image_49.png,5,False,127.61718604037735,337.9048760541622,20,#FF0000,Quadrant 3,2,1,77,,#FF0000,0,34.340052618971086,6
image_49.png,5,False,337.2515991153307,284.3062523855843,20,#FF0000,Quadrant 3,2,1,77,,#FF0000,0,221.9358493514757,6
image_49.png,5,False,225.5924655661893,138.71428568194995,20,#FF0000,Quadrant 1,1,1,77,,#FF0000,0,90.72858563266014,6
image_49.png,5,False,460.2339423777491,132.65474799572394,20,#FF0000,Quadrant 2,1,2,77,,#FF0000,0,112.68582333185599,6
image_49.png,5,False,67.10823882913395,50.706585265065456,20,#FF0000,Quadrant 1,1,1,77,,#FF0000,0,357.3919292085242,6
image_49.png,5,False,269.8476887322785,297.10317481420986,20,#FF0000,Quadrant 3,2,1,77,,#FF0000,0,251.7320030026257,6
image_49.png,5,False,526.4744974277774,73.82245602164384,20,#FF0000,Quadrant 2,1,2,77,,#FF0000,0,58.35352113230557,6
image_49.png,5,False,128.6275178896458,314.59207234006135,20,#FF0000,Quadrant 3,2,1,77,,#FF0000,0,152.7056009938302,6
image_49.png,5,False,215.46145499508737,175.61121414893378,20,#FF0000,Quadrant 1,1,1,77,,#FF0000,0,143.7860369930645,6
image_49.png,5,False,646.2374798765469,266.78623436748,20,#FF0000,Quadrant 4,2,2,77,,#FF0000,0,105.92051639541593,6
image_49.png,5,False,434.04587659183744,281.07147440562954,20,#FF0000,Quadrant 4,2,2,77,,#FF0000,0,73.60626287022934,6
image_49.png,5,False,184.1039210355566,185.96870273063536,20,#FF0000,Quadrant 1,1,1,77,,#FF0000,0,186.97672231217027,6
image_49.png,5,False,17.766797392718825,168.3625124823104,20,#FF0000,Quadrant 1,1,1,77,,#FF0000,0,298.586885710011,6
image_49.png,5,False,140.3076802216127,273.34907495583957,20,#FF0000,Quadrant 3,2,1,77,,#FF0000,0,112.2625834683125,6
image_49.png,5,False,239.08320486738037,34.09874430477399,20,#FF0000,Quadrant 1,1,1,77,,#FF0000,0,193.58333800057835,6
image_49.png,5,False,118.79613172267308,143.47115572197626,20,#FF0000,Quadrant 1,1,1,77,,#FF0000,0,168.72987698021234,6
image_49.png,5,False,200.18604366336194,321.24517473989016,20,#FF0000,Quadrant 3,2,1,77,,#FF0000,0,334.0366195838946,6
image_49.png,5,False,514.4234159598363,116.83453166042972,20,#FF0000,Quadrant 2,1,2,77,,#FF0000,0,54.87184909784391,6
image_49.png,5,False,81.49994404836828,312.22233382937407,20,#FF0000,Quadrant 3,2,1,77,,#FF0000,0,94.6575421312266,6
image_49.png,5,False,538.8114420238893,135.80055181382488,20,#FF0000,Quadrant 2,1,2,77,,#FF0000,0,211.4341422329757,6
image_49.png,5,False,611.3509063150456,263.6918333149615,20,#FF0000,Quadrant 4,2,2,77,,#FF0000,0,290.6278495894043,6
image_49.png,5,False,628.3118527026562,30.727512775186586,20,#FF0000,Quadrant 2,1,2,77,,#FF0000,0,116.40163531902037,6
image_49.png,5,False,313.9457354702394,262.31036260946445,20,#FF0000,Quadrant 3,2,1,77,,#FF0000,0,184.21389468464534,6
image_49.png,5,False,619.5837845512293,329.3482815090862,20,#FF0000,Quadrant 4,2,2,77,,#FF0000,0,191.04678264373447,6
image_49.png,5,False,662.4425637324708,326.1026650144494,20,#FF0000,Quadrant 4,2,2,77,,#FF0000,0,343.9296443745633,6
image_49.png,5,False,589.6746354346021,222.86365715371443,20,#FF0000,Quadrant 4,2,2,77,,#FF0000,0,256.0851640361416,6
image_49.png,5,False,554.5969233931705,270.0689471770126,20,#FF0000,Quadrant 4,2,2,77,,#FF0000,0,176.43366165634922,6
image_49.png,5,False,310.99981393137176,142.61222487158096,20,#FF0000,Quadrant 1,1,1,77,,#FF0000,0,200.84583046968552,6
image_49.png,5,False,698.5531777687196,366.09590228044954,20,#FF0000,Quadrant 4,2,2,77,,#FF0000,0,201.52584817607803,6
image_49.png,5,False,315.5935109982122,209.8289808308176,20,#FF0000,Quadrant 3,2,1,77,,#FF0000,0,3.8420718200578508,6
image_49.png,5,False,185.84086507875185,359.3511743315452,20,#FF0000,Quadrant 3,2,1,77,,#FF0000,0,132.79227353401896,6
image_49.png,5,False,34.10092373887656,114.93163602465982,20,#FF0000,Quadrant 1,1,1,77,,#FF0000,0,218.4387890867145,6
image_49.png,5,False,441.81131372920714,378.09118248734165,20,#FF0000,Quadrant 4,2,2,77,,#FF0000,0,91.09366341458691,6
image_49.png,5,False,605.7346866333658,361.6232892272317,20,#FF0000,Quadrant 4,2,2,77,,#FF0000,0,296.39725514466716,6
image_49.png,5,False,37.315386053985534,21.90037470820502,20,#FF0000,Quadrant 1,1,1,77,,#FF0000,0,290.6750467225866,6
image_49.png,5,False,101.70561382223786,169.59843640980387,20,#FF0000,Quadrant 1,1,1,77,,#FF0000,0,313.5287596757674,6
image_49.png,5,False,49.6170680186707,251.96674286278596,20,#FF0000,Quadrant 3,2,1,77,,#FF0000,0,304.4891286119344,6
image_49.png,5,False,78.1605923554779,216.6635575509574,20,#FF0000,Quadrant 3,2,1,77,,#FF0000,0,22.43717009667425,6
image_49.png,5,False,587.8814609423409,331.63094979579694,20,#FF0000,Quadrant 4,2,2,77,,#FF0000,0,6.002803443069706,6
image_49.png,5,False,499.71386886081194,353.36395507164417,20,#FF0000,Quadrant 4,2,2,77,,#FF0000,0,113.9329028366888,6
image_49.png,5,False,661.623371536663,206.1766899329179,20,#FF0000,Quadrant 4,2,2,77,,#FF0000,0,211.26509621716136,6
image_49.png,5,False,288.78625534389124,327.65690270363604,20,#FF0000,Quadrant 3,2,1,77,,#FF0000,0,338.5962581576282,6
image_49.png,5,False,55.753926574704096,322.86797138876307,20,#FF0000,Quadrant 3,2,1,77,,#FF0000,0,241.07082294027524,6
image_50.png,2,True,194.7121524650934,76.23721690181472,20,#FF0000,Quadrant 1,1,1,65,140,#FF0000,0,53.105020690147136,6
image_50.png,5,False,430.27649843612954,271.33491484125017,20,#FF0000,Quadrant 4,2,2,65,,#FF0000,0,16.02303459636243,6
image_50.png,5,False,448.72150055739866,329.3228828810972,20,#FF0000,Quadrant 4,2,2,65,,#FF0000,0,147.33054445884045,6
image_50.png,5,False,225.3923561544925,222.89144833802317,20,#FF0000,Quadrant 3,2,1,65,,#FF0000,0,338.7923768249212,6
image_50.png,5,False,332.2478202616526,327.0479272097233,20,#FF0000,Quadrant 3,2,1,65,,#FF0000,0,42.37724574597845,6
image_50.png,5,False,651.9579942450724,44.32521848341013,20,#FF0000,Quadrant 2,1,2,65,,#FF0000,0,30.994283883483252,6
image_50.png,5,False,136.74316924557246,43.665873230837725,20,#FF0000,Quadrant 1,1,1,65,,#FF0000,0,330.4839932367371,6
image_50.png,5,False,442.7445847422816,18.60058656201607,20,#FF0000,Quadrant 2,1,2,65,,#FF0000,0,114.30046389112971,6
image_50.png,5,False,18.19226748403388,252.14344343224295,20,#FF0000,Quadrant 3,2,1,65,,#FF0000,0,60.960902601072206,6
image_50.png,5,False,615.3896897511682,367.54371031570986,20,#FF0000,Quadrant 4,2,2,65,,#FF0000,0,165.7256754432542,6
image_50.png,5,False,480.13361977455526,367.3245039340789,20,#FF0000,Quadrant 4,2,2,65,,#FF0000,0,110.80163554423298,6
image_50.png,5,False,525.9644102883981,290.0057571990323,20,#FF0000,Quadrant 4,2,2,65,,#FF0000,0,311.25092676871253,6
image_50.png,5,False,272.34490467142103,119.51493836407008,20,#FF0000,Quadrant 1,1,1,65,,#FF0000,0,111.77534236908485,6
image_50.png,5,False,400.31253066962756,167.4854882017748,20,#FF0000,Quadrant 2,1,2,65,,#FF0000,0,100.42682238335449,6
image_50.png,5,False,189.6949679599521,177.16816642878996,20,#FF0000,Quadrant 1,1,1,65,,#FF0000,0,352.5401552481625,6
image_50.png,5,False,255.7004879766826,148.44578896365147,20,#FF0000,Quadrant 1,1,1,65,,#FF0000,0,33.26834094791738,6
image_50.png,5,False,371.3764439584672,324.55102888143045,20,#FF0000,Quadrant 4,2,2,65,,#FF0000,0,278.05339597953355,6
image_50.png,5,False,128.4570278548279,369.97341836635576,20,#FF0000,Quadrant 3,2,1,65,,#FF0000,0,247.33435436653315,6
image_50.png,5,False,118.28021214639175,225.97287319325306,20,#FF0000,Quadrant 3,2,1,65,,#FF0000,0,210.680274507739,6
image_50.png,5,False,309.92499113104435,255.19101775082459,20,#FF0000,Quadrant 3,2,1,65,,#FF0000,0,357.752029096987,6
image_50.png,5,False,209.90672371485044,140.3444808458473,20,#FF0000,Quadrant 1,1,1,65,,#FF0000,0,245.52639250947314,6
image_50.png,5,False,391.0601210428174,291.90381474974396,20,#FF0000,Quadrant 4,2,2,65,,#FF0000,0,348.65656391796085,6
image_50.png,5,False,364.6447215890795,90.65291087034966,20,#FF0000,Quadrant 2,1,2,65,,#FF0000,0,96.82204062247794,6
image_50.png,5,False,190.72283524027242,359.48552432345383,20,#FF0000,Quadrant 3,2,1,65,,#FF0000,0,78.57177114760688,6
image_50.png,5,False,445.8373149815736,190.62931132950018,20,#FF0000,Quadrant 2,1,2,65,,#FF0000,0,186.13073495775149,6
image_50.png,5,False,631.9784043157287,132.85663371597954,20,#FF0000,Quadrant 2,1,2,65,,#FF0000,0,236.98973068461325,6
image_50.png,5,False,258.2711775076966,351.5870941205737,20,#FF0000,Quadrant 3,2,1,65,,#FF0000,0,37.660667796507084,6
image_50.png,5,False,338.61669031245185,138.2619560874934,20,#FF0000,Quadrant 1,1,1,65,,#FF0000,0,57.1501799800008,6
image_50.png,5,False,139.91983633607282,146.32571424374123,20,#FF0000,Quadrant 1,1,1,65,,#FF0000,0,325.0727545922605,6
image_50.png,5,False,435.8458926341762,235.37125615563127,20,#FF0000,Quadrant 4,2,2,65,,#FF0000,0,158.04313608497142,6
image_50.png,5,False,514.6278976137993,190.0102440214786,20,#FF0000,Quadrant 2,1,2,65,,#FF0000,0,250.01943764529116,6
image_50.png,5,False,509.40362131703625,238.15604625432178,20,#FF0000,Quadrant 4,2,2,65,,#FF0000,0,87.69194104468012,6
image_50.png,5,False,287.39448917522583,26.168750069658618,20,#FF0000,Quadrant 1,1,1,65,,#FF0000,0,173.72073325723483,6
image_50.png,5,False,85.31231249168025,171.98801853209272,20,#FF0000,Quadrant 1,1,1,65,,#FF0000,0,333.6791087873717,6
image_50.png,5,False,408.88922734645627,235.1827470868368,20,#FF0000,Quadrant 4,2,2,65,,#FF0000,0,96.96995335395259,6
image_50.png,5,False,491.6681087957406,209.10430241390083,20,#FF0000,Quadrant 4,2,2,65,,#FF0000,0,214.86641576502336,6
image_50.png,5,False,402.34392122197676,63.74959918185121,20,#FF0000,Quadrant 2,1,2,65,,#FF0000,0,342.5377973174601,6
image_50.png,5,False,554.3243305711468,31.336437186471358,20,#FF0000,Quadrant 2,1,2,65,,#FF0000,0,238.82631093213678,6
image_50.png,5,False,557.2829113651226,64.47223766865639,20,#FF0000,Quadrant 2,1,2,65,,#FF0000,0,32.543513710338395,6
image_50.png,5,False,283.83977454096595,185.10216006874091,20,#FF0000,Quadrant 1,1,1,65,,#FF0000,0,124.59688190472771,6
image_50.png,5,False,149.08010302004075,76.04186813447417,20,#FF0000,Quadrant 1,1,1,65,,#FF0000,0,237.0990965746102,6
image_50.png,5,False,138.18502962388453,335.23411034685154,20,#FF0000,Quadrant 3,2,1,65,,#FF0000,0,110.7096310625605,6
image_50.png,5,False,509.92859292492795,69.26414013521173,20,#FF0000,Quadrant 2,1,2,65,,#FF0000,0,157.1575974856323,6
image_50.png,5,False,79.84038355485849,218.83538880650156,20,#FF0000,Quadrant 3,2,1,65,,#FF0000,0,57.3587295718213,6
image_50.png,5,False,157.40690306530863,189.5316494902158,20,#FF0000,Quadrant 1,1,1,65,,#FF0000,0,141.85702630550196,6
image_50.png,5,False,330.34046707740725,102.7564789089205,20,#FF0000,Quadrant 1,1,1,65,,#FF0000,0,135.46496852699605,6
image_50.png,5,False,475.90248184074744,340.8744750655885,20,#FF0000,Quadrant 4,2,2,65,,#FF0000,0,101.95005606952893,6
image_50.png,5,False,379.0053545115257,142.11579592958782,20,#FF0000,Quadrant 2,1,2,65,,#FF0000,0,214.89799456139005,6
image_50.png,5,False,679.4854841235991,21.166789977255064,20,#FF0000,Quadrant 2,1,2,65,,#FF0000,0,241.15560402389227,6
image_50.png,5,False,133.75226231697542,99.88956597098789,20,#FF0000,Quadrant 1,1,1,65,,#FF0000,0,318.81172641417413,6
image_50.png,5,False,356.5031368301144,11.601601353244048,20,#FF0000,Quadrant 2,1,2,65,,#FF0000,0,130.4209578212078,6
image_50.png,5,False,114.86507541194763,128.59280401629405,20,#FF0000,Quadrant 1,1,1,65,,#FF0000,0,64.7552322838908,6
image_50.png,5,False,84.33065333464546,315.7545379343487,20,#FF0000,Quadrant 3,2,1,65,,#FF0000,0,186.24548569562805,6
image_50.png,5,False,360.3026268152095,270.4208894809604,20,#FF0000,Quadrant 4,2,2,65,,#FF0000,0,46.3462237036645,6
image_50.png,5,False,461.480075690043,264.33368235710174,20,#FF0000,Quadrant 4,2,2,65,,#FF0000,0,4.171917252318367,6
image_50.png,5,False,48.558277828512026,171.64289402789873,20,#FF0000,Quadrant 1,1,1,65,,#FF0000,0,152.08454428381827,6
image_50.png,5,False,592.6320318999263,378.3291524493527,20,#FF0000,Quadrant 4,2,2,65,,#FF0000,0,256.32845163809407,6
image_50.png,5,False,134.22045971994152,171.29661705335224,20,#FF0000,Quadrant 1,1,1,65,,#FF0000,0,40.201970061496624,6
image_50.png,5,False,610.6465510717132,41.24344410632824,20,#FF0000,Quadrant 2,1,2,65,,#FF0000,0,273.459881678595,6
image_50.png,5,False,664.3106380078792,278.459462635799,20,#FF0000,Quadrant 4,2,2,65,,#FF0000,0,2.5044223767641416,6
image_50.png,5,False,365.7635418254389,243.28860370102277,20,#FF0000,Quadrant 4,2,2,65,,#FF0000,0,92.82115870073956,6
image_50.png,5,False,310.63786153828005,186.68047979837561,20,#FF0000,Quadrant 1,1,1,65,,#FF0000,0,313.99386975017313,6
image_50.png,5,False,608.9808379884746,184.97477052185948,20,#FF0000,Quadrant 2,1,2,65,,#FF0000,0,14.344000844348358,6
image_50.png,5,False,423.9371470281562,150.59404620065936,20,#FF0000,Quadrant 2,1,2,65,,#FF0000,0,18.02646398618618,6
image_50.png,5,False,476.07243787529706,300.8631578955502,20,#FF0000,Quadrant 4,2,2,65,,#FF0000,0,153.25291336690057,6
image_50.png,5,False,87.94978125498776,287.65983040511213,20,#FF0000,Quadrant 3,2,1,65,,#FF0000,0,12.821427393558643,6
image_51.png,2,True,182.3038085232376,42.769712911728064,20,#FF0000,Quadrant 1,1,1,69,140,#FF0000,0,265.92491017756794,6
image_51.png,5,False,511.75652156516855,250.24376869592226,20,#FF0000,Quadrant 4,2,2,69,,#FF0000,0,34.046126942185026,6
image_51.png,5,False,200.2657048551078,378.36034908246745,20,#FF0000,Quadrant 3,2,1,69,,#FF0000,0,155.19619674517216,6
image_51.png,5,False,179.18538518276856,323.0659928437577,20,#FF0000,Quadrant 3,2,1,69,,#FF0000,0,248.0371059641749,6
image_51.png,5,False,515.8218786516384,208.90520656934237,20,#FF0000,Quadrant 4,2,2,69,,#FF0000,0,300.5704448790541,6
image_51.png,5,False,63.733403057004914,151.91663428003062,20,#FF0000,Quadrant 1,1,1,69,,#FF0000,0,165.03104489021564,6
image_51.png,5,False,684.0450562142225,252.09387462672672,20,#FF0000,Quadrant 4,2,2,69,,#FF0000,0,52.83016100054424,6
image_51.png,5,False,274.1380537092956,381.54073210210237,20,#FF0000,Quadrant 3,2,1,69,,#FF0000,0,317.5332796305729,6
image_51.png,5,False,650.0065397747948,294.22292570882064,20,#FF0000,Quadrant 4,2,2,69,,#FF0000,0,28.355351698385043,6
image_51.png,5,False,26.422214401721973,370.23565688936367,20,#FF0000,Quadrant 3,2,1,69,,#FF0000,0,152.11076724727639,6
image_51.png,5,False,460.844953870102,344.7457868305525,20,#FF0000,Quadrant 4,2,2,69,,#FF0000,0,92.46888145635889,6
image_51.png,5,False,309.6369102224355,55.008812814934025,20,#FF0000,Quadrant 1,1,1,69,,#FF0000,0,301.2671942147969,6
image_51.png,5,False,190.81229055299448,125.61013646937754,20,#FF0000,Quadrant 1,1,1,69,,#FF0000,0,68.99170939268353,6
image_51.png,5,False,599.5738745024463,103.1384082468539,20,#FF0000,Quadrant 2,1,2,69,,#FF0000,0,185.05424614322737,6
image_51.png,5,False,268.8488705160358,189.7631553064965,20,#FF0000,Quadrant 1,1,1,69,,#FF0000,0,287.62347592099934,6
image_51.png,5,False,312.05554192757654,293.3167816429609,20,#FF0000,Quadrant 3,2,1,69,,#FF0000,0,273.85885638573893,6
image_51.png,5,False,201.752275784142,264.804184133489,20,#FF0000,Quadrant 3,2,1,69,,#FF0000,0,280.1912306760017,6
image_51.png,5,False,637.8152763611706,267.36271810305806,20,#FF0000,Quadrant 4,2,2,69,,#FF0000,0,217.66412454486957,6
image_51.png,5,False,291.54894360689025,18.075762656443665,20,#FF0000,Quadrant 1,1,1,69,,#FF0000,0,98.16458524628264,6
image_51.png,5,False,100.40942380812466,111.94613974394487,20,#FF0000,Quadrant 1,1,1,69,,#FF0000,0,149.1569423421964,6
image_51.png,5,False,683.3934618116634,131.26425119282175,20,#FF0000,Quadrant 2,1,2,69,,#FF0000,0,215.66860232124446,6
image_51.png,5,False,23.452244181237045,133.70213934451203,20,#FF0000,Quadrant 1,1,1,69,,#FF0000,0,79.67652679187744,6
image_51.png,5,False,416.07285935362376,250.94406653193553,20,#FF0000,Quadrant 4,2,2,69,,#FF0000,0,297.71099154525916,6
image_51.png,5,False,245.67062877292847,141.92646697874102,20,#FF0000,Quadrant 1,1,1,69,,#FF0000,0,4.524200882481471,6
image_51.png,5,False,33.23162537978037,333.1662541624637,20,#FF0000,Quadrant 3,2,1,69,,#FF0000,0,92.04933483196615,6
image_51.png,5,False,446.023619690724,223.1811282955858,20,#FF0000,Quadrant 4,2,2,69,,#FF0000,0,348.38049909695286,6
image_51.png,5,False,154.00277803375945,383.280332656098,20,#FF0000,Quadrant 3,2,1,69,,#FF0000,0,124.30770926112768,6
image_51.png,5,False,31.36998740148127,247.19809969593692,20,#FF0000,Quadrant 3,2,1,69,,#FF0000,0,242.82049334240585,6
image_51.png,5,False,349.13148803926765,99.72361718012003,20,#FF0000,Quadrant 1,1,1,69,,#FF0000,0,200.31821539892795,6
image_51.png,5,False,101.7395012433638,240.49201880882393,20,#FF0000,Quadrant 3,2,1,69,,#FF0000,0,331.6234611983104,6
image_51.png,5,False,77.81909748667132,93.51943391467145,20,#FF0000,Quadrant 1,1,1,69,,#FF0000,0,305.8805486892003,6
image_51.png,5,False,404.24331589312436,78.5192817518835,20,#FF0000,Quadrant 2,1,2,69,,#FF0000,0,357.1671262370631,6
image_51.png,5,False,546.714504370389,288.62614887969846,20,#FF0000,Quadrant 4,2,2,69,,#FF0000,0,57.282306522688756,6
image_51.png,5,False,423.88224268815014,131.73452211356812,20,#FF0000,Quadrant 2,1,2,69,,#FF0000,0,150.5447984052092,6
image_51.png,5,False,83.78511748952876,345.4384735794886,20,#FF0000,Quadrant 3,2,1,69,,#FF0000,0,130.742885372782,6
image_51.png,5,False,535.8479077544092,131.11898657583566,20,#FF0000,Quadrant 2,1,2,69,,#FF0000,0,345.68618407788966,6
image_51.png,5,False,281.2074494741362,335.7233900926943,20,#FF0000,Quadrant 3,2,1,69,,#FF0000,0,192.82573753374083,6
image_51.png,5,False,330.6367060560679,323.28032889574786,20,#FF0000,Quadrant 3,2,1,69,,#FF0000,0,178.1399571333687,6
image_51.png,5,False,647.574373965953,78.14286526456881,20,#FF0000,Quadrant 2,1,2,69,,#FF0000,0,161.8041331805915,6
image_51.png,5,False,378.0066713674208,137.27273264817438,20,#FF0000,Quadrant 2,1,2,69,,#FF0000,0,103.82681162060389,6
image_51.png,5,False,129.6944903718633,353.95217468713315,20,#FF0000,Quadrant 3,2,1,69,,#FF0000,0,167.04773512652977,6
image_51.png,5,False,460.9888222744378,379.26551404674274,20,#FF0000,Quadrant 4,2,2,69,,#FF0000,0,138.00723261279475,6
image_51.png,5,False,438.1250830875031,388.58793607675426,20,#FF0000,Quadrant 4,2,2,69,,#FF0000,0,49.88593503455953,6
image_51.png,5,False,515.4499683502775,368.3948493050866,20,#FF0000,Quadrant 4,2,2,69,,#FF0000,0,215.84454123236605,6
image_51.png,5,False,183.2091796598595,226.197723675051,20,#FF0000,Quadrant 3,2,1,69,,#FF0000,0,117.00731172809377,6
image_51.png,5,False,605.9089697003271,332.4168071686637,20,#FF0000,Quadrant 4,2,2,69,,#FF0000,0,198.7406494027433,6
image_51.png,5,False,656.690071367577,359.28378878175346,20,#FF0000,Quadrant 4,2,2,69,,#FF0000,0,63.07595767066476,6
image_51.png,5,False,212.86453988891859,349.10045870897414,20,#FF0000,Quadrant 3,2,1,69,,#FF0000,0,116.18071263845277,6
image_51.png,5,False,692.91248292221,312.17284449085474,20,#FF0000,Quadrant 4,2,2,69,,#FF0000,0,217.16963529374559,6
image_51.png,5,False,355.6480930589907,53.01745812441164,20,#FF0000,Quadrant 2,1,2,69,,#FF0000,0,350.2099034645128,6
image_51.png,5,False,239.23761276801582,358.81889810827465,20,#FF0000,Quadrant 3,2,1,69,,#FF0000,0,217.44244651224582,6
image_51.png,5,False,329.4642283058902,374.815181943777,20,#FF0000,Quadrant 3,2,1,69,,#FF0000,0,57.33597076051565,6
image_51.png,5,False,696.9233050716978,336.89987088478574,20,#FF0000,Quadrant 4,2,2,69,,#FF0000,0,312.14257707533466,6
image_51.png,5,False,298.3747419623215,109.29105575314878,20,#FF0000,Quadrant 1,1,1,69,,#FF0000,0,25.33162088614242,6
image_51.png,5,False,94.35658027367778,304.55348771391266,20,#FF0000,Quadrant 3,2,1,69,,#FF0000,0,257.7515679109314,6
image_51.png,5,False,379.0436892842691,19.966207681305576,20,#FF0000,Quadrant 2,1,2,69,,#FF0000,0,232.952162296438,6
image_51.png,5,False,511.2358763604815,121.74004093414831,20,#FF0000,Quadrant 2,1,2,69,,#FF0000,0,173.090722992952,6
image_51.png,5,False,577.5755571993344,301.5918530157554,20,#FF0000,Quadrant 4,2,2,69,,#FF0000,0,143.42282517396498,6
image_51.png,5,False,155.74855410490784,47.71351613662917,20,#FF0000,Quadrant 1,1,1,69,,#FF0000,0,286.3991157243606,6
image_51.png,5,False,338.4712564819404,177.26796949281805,20,#FF0000,Quadrant 1,1,1,69,,#FF0000,0,228.2020487614489,6
image_51.png,5,False,523.4321515096863,273.74119121278125,20,#FF0000,Quadrant 4,2,2,69,,#FF0000,0,106.15666192471133,6
image_51.png,5,False,212.41735373402173,156.23768287346942,20,#FF0000,Quadrant 1,1,1,69,,#FF0000,0,52.74941041083476,6
image_51.png,5,False,30.295241603875823,91.00825244531838,20,#FF0000,Quadrant 1,1,1,69,,#FF0000,0,229.2344388518519,6
image_51.png,5,False,413.53775942559514,109.0612031940606,20,#FF0000,Quadrant 2,1,2,69,,#FF0000,0,109.06436423518365,6
image_51.png,5,False,437.11893405096794,75.41502771950103,20,#FF0000,Quadrant 2,1,2,69,,#FF0000,0,146.10406765126257,6
image_51.png,5,False,127.52428426570427,209.5395372228014,20,#FF0000,Quadrant 3,2,1,69,,#FF0000,0,174.68848223548784,6
image_51.png,5,False,629.1250548938815,16.37992120374393,20,#FF0000,Quadrant 2,1,2,69,,#FF0000,0,63.13944827198558,6
image_51.png,5,False,202.75941302890928,305.08942801856966,20,#FF0000,Quadrant 3,2,1,69,,#FF0000,0,80.75159619772334,6
image_51.png,5,False,458.8477001986889,145.7575533132457,20,#FF0000,Quadrant 2,1,2,69,,#FF0000,0,284.1387287009724,6
image_51.png,5,False,168.34783963717032,87.55633411873728,20,#FF0000,Quadrant 1,1,1,69,,#FF0000,0,188.68259998655677,6
image_52.png,2,True,442.59099773392654,370.8666858863584,20,#FF0000,Quadrant 4,2,2,86,140,#FF0000,0,11.822591002708961,6
image_52.png,5,False,198.04528344581274,374.5060358653736,20,#FF0000,Quadrant 3,2,1,86,,#FF0000,0,182.6699407710968,6
image_52.png,5,False,381.4953436943304,41.03107621390571,20,#FF0000,Quadrant 2,1,2,86,,#FF0000,0,304.7780229661825,6
image_52.png,5,False,318.73003462298055,208.67464485565864,20,#FF0000,Quadrant 3,2,1,86,,#FF0000,0,287.2504101704875,6
image_52.png,5,False,560.3189362471644,80.05480059017412,20,#FF0000,Quadrant 2,1,2,86,,#FF0000,0,88.08920839567439,6
image_52.png,5,False,601.833077377565,97.31249374660068,20,#FF0000,Quadrant 2,1,2,86,,#FF0000,0,337.0800375513032,6
image_52.png,5,False,133.2497348913579,381.2046913523529,20,#FF0000,Quadrant 3,2,1,86,,#FF0000,0,258.2569173290117,6
image_52.png,5,False,202.18134796579537,291.8957499252658,20,#FF0000,Quadrant 3,2,1,86,,#FF0000,0,95.67480205529358,6
image_52.png,5,False,643.134649082034,353.5212857081331,20,#FF0000,Quadrant 4,2,2,86,,#FF0000,0,264.00141074545127,6
image_52.png,5,False,219.60222896885915,89.52271333357393,20,#FF0000,Quadrant 1,1,1,86,,#FF0000,0,47.71761825770712,6
image_52.png,5,False,535.7978614680121,191.4127109311115,20,#FF0000,Quadrant 2,1,2,86,,#FF0000,0,87.81861462327733,6
image_52.png,5,False,618.4504480242227,30.309298295739644,20,#FF0000,Quadrant 2,1,2,86,,#FF0000,0,35.37728423845848,6
image_52.png,5,False,61.33458225680436,191.79703898729096,20,#FF0000,Quadrant 1,1,1,86,,#FF0000,0,284.4058056787107,6
image_52.png,5,False,338.9886696637124,48.75309347372813,20,#FF0000,Quadrant 1,1,1,86,,#FF0000,0,159.0833055229413,6
image_52.png,5,False,423.2244075365508,124.38524296288536,20,#FF0000,Quadrant 2,1,2,86,,#FF0000,0,212.17531321494147,6
image_52.png,5,False,307.10164245460055,353.08578191813854,20,#FF0000,Quadrant 3,2,1,86,,#FF0000,0,3.4568915472691897,6
image_52.png,5,False,315.9802107932102,253.913139221325,20,#FF0000,Quadrant 3,2,1,86,,#FF0000,0,259.19332324822466,6
image_52.png,5,False,448.4685285935607,296.59527255940566,20,#FF0000,Quadrant 4,2,2,86,,#FF0000,0,212.01751507875105,6
image_52.png,5,False,184.45421884873517,164.90983274066346,20,#FF0000,Quadrant 1,1,1,86,,#FF0000,0,357.20556736125235,6
image_52.png,5,False,445.8473251583461,135.22569294092614,20,#FF0000,Quadrant 2,1,2,86,,#FF0000,0,97.46755285067744,6
image_52.png,5,False,206.50768033071748,254.9157041852391,20,#FF0000,Quadrant 3,2,1,86,,#FF0000,0,173.98067642086804,6
image_52.png,5,False,377.6789284018885,139.95178332968797,20,#FF0000,Quadrant 2,1,2,86,,#FF0000,0,95.11196547906061,6
image_52.png,5,False,357.6099111494866,247.59841093671733,20,#FF0000,Quadrant 4,2,2,86,,#FF0000,0,244.0233194981154,6
image_52.png,5,False,532.305823688099,79.86414645839784,20,#FF0000,Quadrant 2,1,2,86,,#FF0000,0,40.12922102065708,6
image_52.png,5,False,626.5300014192624,203.60911753662967,20,#FF0000,Quadrant 4,2,2,86,,#FF0000,0,2.346222958823385,6
image_52.png,5,False,134.18986992664986,298.4454929925623,20,#FF0000,Quadrant 3,2,1,86,,#FF0000,0,178.48365380411678,6
image_52.png,5,False,76.15733569509146,336.847298812337,20,#FF0000,Quadrant 3,2,1,86,,#FF0000,0,242.2714286273029,6
image_52.png,5,False,484.31470135665364,321.9268036711502,20,#FF0000,Quadrant 4,2,2,86,,#FF0000,0,123.27541969446739,6
image_52.png,5,False,85.9023632601311,98.62145854976634,20,#FF0000,Quadrant 1,1,1,86,,#FF0000,0,69.69438165698233,6
image_52.png,5,False,482.7902143429392,361.6144660890183,20,#FF0000,Quadrant 4,2,2,86,,#FF0000,0,169.87522987313687,6
image_52.png,5,False,473.93030491857064,133.38333179887053,20,#FF0000,Quadrant 2,1,2,86,,#FF0000,0,75.7050934848415,6
image_52.png,5,False,284.0093509809961,75.93181637071858,20,#FF0000,Quadrant 1,1,1,86,,#FF0000,0,69.08546385096798,6
image_52.png,5,False,654.7533548768436,326.4179548678372,20,#FF0000,Quadrant 4,2,2,86,,#FF0000,0,94.62794907326547,6
image_52.png,5,False,228.2738395620042,127.43038234682832,20,#FF0000,Quadrant 1,1,1,86,,#FF0000,0,298.5232644399778,6
image_52.png,5,False,536.497026252733,13.144215420784017,20,#FF0000,Quadrant 2,1,2,86,,#FF0000,0,202.78310553487535,6
image_52.png,5,False,49.10681604907278,165.52177883435274,20,#FF0000,Quadrant 1,1,1,86,,#FF0000,0,338.39542974136174,6
image_52.png,5,False,107.4119665903239,183.7043130393652,20,#FF0000,Quadrant 1,1,1,86,,#FF0000,0,232.48537696848413,6
image_52.png,5,False,187.33530885066875,325.7045559970559,20,#FF0000,Quadrant 3,2,1,86,,#FF0000,0,238.3396653682155,6
image_52.png,5,False,305.54636073815715,155.54959426156415,20,#FF0000,Quadrant 1,1,1,86,,#FF0000,0,8.524439304057378,6
image_52.png,5,False,520.1826847972163,312.44540517972695,20,#FF0000,Quadrant 4,2,2,86,,#FF0000,0,200.90454043142506,6
image_52.png,5,False,314.23107023583333,114.55802157806954,20,#FF0000,Quadrant 1,1,1,86,,#FF0000,0,222.3201017160686,6
image_52.png,5,False,419.5358439292135,370.8731483302141,20,#FF0000,Quadrant 4,2,2,86,,#FF0000,0,338.9378966365384,6
image_52.png,5,False,549.2660532395479,158.44381977609368,20,#FF0000,Quadrant 2,1,2,86,,#FF0000,0,340.8149234694241,6
image_52.png,5,False,497.7706851182243,105.44183534304727,20,#FF0000,Quadrant 2,1,2,86,,#FF0000,0,345.5034137308556,6
image_52.png,5,False,414.8327972619836,33.42175877350782,20,#FF0000,Quadrant 2,1,2,86,,#FF0000,0,355.29451115737663,6
image_52.png,5,False,247.11473991122725,214.32457914688928,20,#FF0000,Quadrant 3,2,1,86,,#FF0000,0,20.201243983703247,6
image_52.png,5,False,206.8381418623046,189.3558476921888,20,#FF0000,Quadrant 1,1,1,86,,#FF0000,0,157.72477427496156,6
image_52.png,5,False,61.978255947022525,380.37357059897346,20,#FF0000,Quadrant 3,2,1,86,,#FF0000,0,317.1059062327253,6
image_52.png,5,False,578.950071435953,341.3533330921724,20,#FF0000,Quadrant 4,2,2,86,,#FF0000,0,263.68164739727865,6
image_52.png,5,False,406.54671499726226,223.3741534893658,20,#FF0000,Quadrant 4,2,2,86,,#FF0000,0,212.33099421551842,6
image_52.png,5,False,394.54868381379487,319.9431772392729,20,#FF0000,Quadrant 4,2,2,86,,#FF0000,0,237.84868310286762,6
image_52.png,5,False,107.78215403092939,302.0244228668919,20,#FF0000,Quadrant 3,2,1,86,,#FF0000,0,248.24524646898098,6
image_52.png,5,False,492.7841555785868,290.36401607600857,20,#FF0000,Quadrant 4,2,2,86,,#FF0000,0,313.4611168721635,6
image_52.png,5,False,259.8872031615399,303.08172940110904,20,#FF0000,Quadrant 3,2,1,86,,#FF0000,0,344.59204992082715,6
image_52.png,5,False,159.00603061074375,132.43897569944988,20,#FF0000,Quadrant 1,1,1,86,,#FF0000,0,269.01835142411795,6
image_52.png,5,False,260.5584142166773,86.21639779328409,20,#FF0000,Quadrant 1,1,1,86,,#FF0000,0,81.96562115765607,6
image_52.png,5,False,107.64598591716738,253.76680950279862,20,#FF0000,Quadrant 3,2,1,86,,#FF0000,0,335.7652491951718,6
image_52.png,5,False,566.3786544360246,312.6806659561079,20,#FF0000,Quadrant 4,2,2,86,,#FF0000,0,153.8391344448244,6
image_52.png,5,False,612.5527300388642,134.63246420526485,20,#FF0000,Quadrant 2,1,2,86,,#FF0000,0,345.5237732940626,6
image_52.png,5,False,205.7433846894492,137.15847138906503,20,#FF0000,Quadrant 1,1,1,86,,#FF0000,0,193.97138131501828,6
image_52.png,5,False,63.0557221434741,45.83025075687473,20,#FF0000,Quadrant 1,1,1,86,,#FF0000,0,24.159412267775593,6
image_52.png,5,False,88.39876395750284,70.80864103039643,20,#FF0000,Quadrant 1,1,1,86,,#FF0000,0,200.98463178434787,6
image_52.png,5,False,597.6738167512874,227.9437411926971,20,#FF0000,Quadrant 4,2,2,86,,#FF0000,0,184.86013013621985,6
image_52.png,5,False,458.96988552914826,83.15545866058005,20,#FF0000,Quadrant 2,1,2,86,,#FF0000,0,168.64084645816183,6
image_52.png,5,False,623.7661360404824,386.86417862264835,20,#FF0000,Quadrant 4,2,2,86,,#FF0000,0,167.65745969462313,6
image_52.png,5,False,323.8384383514145,306.26068167237617,20,#FF0000,Quadrant 3,2,1,86,,#FF0000,0,207.08055676766855,6
image_52.png,5,False,16.882616618152145,132.86126860575797,20,#FF0000,Quadrant 1,1,1,86,,#FF0000,0,140.38109873826647,6
image_52.png,5,False,503.56917555280404,229.0515974289522,20,#FF0000,Quadrant 4,2,2,86,,#FF0000,0,321.5676727660911,6
image_52.png,5,False,113.16754061753551,127.60606930136515,20,#FF0000,Quadrant 1,1,1,86,,#FF0000,0,67.9850554337883,6
image_52.png,5,False,378.52779237720284,368.01900815439194,20,#FF0000,Quadrant 4,2,2,86,,#FF0000,0,36.322737406498284,6
image_52.png,5,False,610.8131194134554,361.95995982720893,20,#FF0000,Quadrant 4,2,2,86,,#FF0000,0,24.936076982959896,6
image_52.png,5,False,149.97228339104674,72.72320774480112,20,#FF0000,Quadrant 1,1,1,86,,#FF0000,0,236.94013562180555,6
image_52.png,5,False,171.52242773854923,358.7139826276536,20,#FF0000,Quadrant 3,2,1,86,,#FF0000,0,356.7613057612483,6
image_52.png,5,False,29.807247047186475,342.74701060188187,20,#FF0000,Quadrant 3,2,1,86,,#FF0000,0,278.0443212980338,6
image_52.png,5,False,95.82285848061987,369.3491770460685,20,#FF0000,Quadrant 3,2,1,86,,#FF0000,0,339.9791884293462,6
image_52.png,5,False,608.7300907937906,333.8831065124797,20,#FF0000,Quadrant 4,2,2,86,,#FF0000,0,9.15259957181576,6
image_52.png,5,False,542.2077941534509,234.1020993581472,20,#FF0000,Quadrant 4,2,2,86,,#FF0000,0,71.50958384594031,6
image_52.png,5,False,678.8089651662236,202.53385927692838,20,#FF0000,Quadrant 4,2,2,86,,#FF0000,0,44.87375403513498,6
image_52.png,5,False,366.8658696700177,72.56977277992071,20,#FF0000,Quadrant 2,1,2,86,,#FF0000,0,208.18927303572445,6
image_52.png,5,False,659.1393829658307,290.96267629141136,20,#FF0000,Quadrant 4,2,2,86,,#FF0000,0,75.4696694264486,6
image_52.png,5,False,696.8013591790946,167.9183338745748,20,#FF0000,Quadrant 2,1,2,86,,#FF0000,0,129.0205266318152,6
image_52.png,5,False,272.8400726284879,169.7652739533525,20,#FF0000,Quadrant 1,1,1,86,,#FF0000,0,5.812365730196314,6
image_52.png,5,False,79.94549034815483,147.2283436170713,20,#FF0000,Quadrant 1,1,1,86,,#FF0000,0,346.16475245876245,6
image_52.png,5,False,169.02823869733373,276.0588671112258,20,#FF0000,Quadrant 3,2,1,86,,#FF0000,0,234.7206615526229,6
image_52.png,5,False,17.389749647351934,207.03912339267612,20,#FF0000,Quadrant 3,2,1,86,,#FF0000,0,63.849018836382996,6
image_52.png,5,False,334.7009532914782,25.738526546408163,20,#FF0000,Quadrant 1,1,1,86,,#FF0000,0,50.47933109272476,6
image_52.png,5,False,436.49541758634007,322.1887663716708,20,#FF0000,Quadrant 4,2,2,86,,#FF0000,0,105.51044861833341,6
image_53.png,2,True,656.104903268182,375.8834712894397,20,#FF0000,Quadrant 4,2,2,54,140,#FF0000,0,62.07119601122653,5
image_53.png,5,False,569.3102557488688,79.65035367008824,20,#FF0000,Quadrant 2,1,2,54,,#FF0000,0,267.1080014958257,5
image_53.png,5,False,86.3707958306195,72.37726403275494,20,#FF0000,Quadrant 1,1,1,54,,#FF0000,0,316.4678681864114,5
image_53.png,5,False,221.87865914492164,247.36812030571397,20,#FF0000,Quadrant 3,2,1,54,,#FF0000,0,179.11994094750045,5
image_53.png,5,False,193.70994664354956,132.36549386951884,20,#FF0000,Quadrant 1,1,1,54,,#FF0000,0,327.2331069626882,5
image_53.png,5,False,239.46003056045134,346.9741303015491,20,#FF0000,Quadrant 3,2,1,54,,#FF0000,0,281.976803610465,5
image_53.png,5,False,611.8274266604394,356.3320809758702,20,#FF0000,Quadrant 4,2,2,54,,#FF0000,0,12.32019800381584,5
image_53.png,5,False,270.77833514931854,237.23582621748434,20,#FF0000,Quadrant 3,2,1,54,,#FF0000,0,16.739802019379816,5
image_53.png,5,False,119.98090649380833,16.646738408475365,20,#FF0000,Quadrant 1,1,1,54,,#FF0000,0,189.07365606059494,5
image_53.png,5,False,74.47336641922067,384.5363901188308,20,#FF0000,Quadrant 3,2,1,54,,#FF0000,0,322.9879301799229,5
image_53.png,5,False,338.74997587497944,382.71340159251577,20,#FF0000,Quadrant 3,2,1,54,,#FF0000,0,40.46781233506606,5
image_53.png,5,False,380.8050413164981,61.80523961718472,20,#FF0000,Quadrant 2,1,2,54,,#FF0000,0,308.21055355170085,5
image_53.png,5,False,449.7932584248274,128.72087357953214,20,#FF0000,Quadrant 2,1,2,54,,#FF0000,0,217.17759438896957,5
image_53.png,5,False,633.08635284735,59.45907501911595,20,#FF0000,Quadrant 2,1,2,54,,#FF0000,0,169.01531311748647,5
image_53.png,5,False,340.19720338687574,294.0157502900941,20,#FF0000,Quadrant 3,2,1,54,,#FF0000,0,257.8735053144647,5
image_53.png,5,False,146.24180947764904,93.899606917571,20,#FF0000,Quadrant 1,1,1,54,,#FF0000,0,306.7086497369873,5
image_53.png,5,False,660.2372105438137,96.25859593735152,20,#FF0000,Quadrant 2,1,2,54,,#FF0000,0,46.73074044258215,5
image_53.png,5,False,76.30975189207268,163.65096520415926,20,#FF0000,Quadrant 1,1,1,54,,#FF0000,0,29.588034358223418,5
image_53.png,5,False,83.50223659796706,96.51244655812923,20,#FF0000,Quadrant 1,1,1,54,,#FF0000,0,319.2904524609837,5
image_53.png,5,False,471.49753438719085,207.52859791658705,20,#FF0000,Quadrant 4,2,2,54,,#FF0000,0,350.6244281409211,5
image_53.png,5,False,619.7885766683081,298.2397875191505,20,#FF0000,Quadrant 4,2,2,54,,#FF0000,0,207.78015908264703,5
image_53.png,5,False,301.77243607652935,260.93429110119894,20,#FF0000,Quadrant 3,2,1,54,,#FF0000,0,47.414554939119846,5
image_53.png,5,False,654.9562185270016,23.937168305514632,20,#FF0000,Quadrant 2,1,2,54,,#FF0000,0,208.57268143525508,5
image_53.png,5,False,276.2856793430855,29.15096715245882,20,#FF0000,Quadrant 1,1,1,54,,#FF0000,0,326.16523092923836,5
image_53.png,5,False,136.51683176210278,65.03678814985145,20,#FF0000,Quadrant 1,1,1,54,,#FF0000,0,71.24261492960916,5
image_53.png,5,False,405.1677588243404,193.8933572039247,20,#FF0000,Quadrant 2,1,2,54,,#FF0000,0,116.1116561607756,5
image_53.png,5,False,444.18320281880574,319.822026721796,20,#FF0000,Quadrant 4,2,2,54,,#FF0000,0,123.80463710121342,5
image_53.png,5,False,322.4997345057834,92.2080802120803,20,#FF0000,Quadrant 1,1,1,54,,#FF0000,0,207.79253323403347,5
image_53.png,5,False,540.5041157117802,360.2287685537221,20,#FF0000,Quadrant 4,2,2,54,,#FF0000,0,100.54987010334266,5
image_53.png,5,False,625.950995544896,107.49751215347327,20,#FF0000,Quadrant 2,1,2,54,,#FF0000,0,121.41165285413602,5
image_53.png,5,False,346.7876973741752,218.4844972825605,20,#FF0000,Quadrant 3,2,1,54,,#FF0000,0,290.5158596777141,5
image_53.png,5,False,675.715195859571,58.71424799973195,20,#FF0000,Quadrant 2,1,2,54,,#FF0000,0,231.22536964080507,5
image_53.png,5,False,326.1716391438522,53.009773280210666,20,#FF0000,Quadrant 1,1,1,54,,#FF0000,0,81.76502012484995,5
image_53.png,5,False,214.74655538812414,341.1099473193434,20,#FF0000,Quadrant 3,2,1,54,,#FF0000,0,198.16731703706327,5
image_53.png,5,False,311.5170701162717,383.0698223795696,20,#FF0000,Quadrant 3,2,1,54,,#FF0000,0,110.53094597848755,5
image_53.png,5,False,608.3406017086457,201.78556676974503,20,#FF0000,Quadrant 4,2,2,54,,#FF0000,0,29.86820778150347,5
image_53.png,5,False,516.3210908772536,144.7879959841611,20,#FF0000,Quadrant 2,1,2,54,,#FF0000,0,6.018925842074743,5
image_53.png,5,False,115.57035127152785,336.0521028082986,20,#FF0000,Quadrant 3,2,1,54,,#FF0000,0,216.3370677886722,5
image_53.png,5,False,562.3791324223924,148.08402481611685,20,#FF0000,Quadrant 2,1,2,54,,#FF0000,0,189.01628059832956,5
image_53.png,5,False,663.5956514109184,211.66888789111977,20,#FF0000,Quadrant 4,2,2,54,,#FF0000,0,82.95247621633192,5
image_53.png,5,False,115.76319434215165,367.1485714244791,20,#FF0000,Quadrant 3,2,1,54,,#FF0000,0,270.3975052966993,5
image_53.png,5,False,602.3653902583802,116.24328163630366,20,#FF0000,Quadrant 2,1,2,54,,#FF0000,0,219.4795992422526,5
image_53.png,5,False,664.7914855346187,123.07565108935506,20,#FF0000,Quadrant 2,1,2,54,,#FF0000,0,345.2604352600328,5
image_53.png,5,False,680.7141078058703,348.8354189554924,20,#FF0000,Quadrant 4,2,2,54,,#FF0000,0,324.34438308946403,5
image_53.png,5,False,184.16584705596404,221.07628909162744,20,#FF0000,Quadrant 3,2,1,54,,#FF0000,0,0.12730052287409865,5
image_53.png,5,False,646.9829330694249,242.7583269814126,20,#FF0000,Quadrant 4,2,2,54,,#FF0000,0,112.17792626583372,5
image_53.png,5,False,51.80411440366375,166.121949993332,20,#FF0000,Quadrant 1,1,1,54,,#FF0000,0,345.3392710093657,5
image_53.png,5,False,577.6620221317878,300.0161277163916,20,#FF0000,Quadrant 4,2,2,54,,#FF0000,0,51.76496426117094,5
image_53.png,5,False,456.15230639798483,158.79787310626656,20,#FF0000,Quadrant 2,1,2,54,,#FF0000,0,283.07262582629534,5
image_53.png,5,False,585.8526993053455,37.66095922547065,20,#FF0000,Quadrant 2,1,2,54,,#FF0000,0,69.61366720114934,5
image_53.png,5,False,18.41986627672089,55.336380979377495,20,#FF0000,Quadrant 1,1,1,54,,#FF0000,0,273.8104542932585,5
image_53.png,5,False,81.69981310272496,248.59028811911324,20,#FF0000,Quadrant 3,2,1,54,,#FF0000,0,112.01781264488953,5
image_53.png,5,False,522.8661825084283,182.7508886016142,20,#FF0000,Quadrant 2,1,2,54,,#FF0000,0,44.95121743420816,5
image_53.png,5,False,198.47882073519497,384.44865606343205,20,#FF0000,Quadrant 3,2,1,54,,#FF0000,0,122.89578851375556,5
image_53.png,5,False,414.0502376784845,342.2195979229326,20,#FF0000,Quadrant 4,2,2,54,,#FF0000,0,167.94924641644806,5
image_54.png,2,True,346.75253317191164,121.03841806137136,20,#FF0000,Quadrant 1,1,1,89,140,#FF0000,0,311.5822107047142,6
image_54.png,5,False,72.0267671000216,287.6050179753711,20,#FF0000,Quadrant 3,2,1,89,,#FF0000,0,188.22215107901437,6
image_54.png,5,False,607.0436118975023,102.20860086842302,20,#FF0000,Quadrant 2,1,2,89,,#FF0000,0,345.50439727050747,6
image_54.png,5,False,351.7324113137467,276.20443950672734,20,#FF0000,Quadrant 3,2,1,89,,#FF0000,0,305.98754882341484,6
image_54.png,5,False,50.03358688669854,50.76185677225301,20,#FF0000,Quadrant 1,1,1,89,,#FF0000,0,155.69183283897252,6
image_54.png,5,False,591.3619249304538,287.863315792957,20,#FF0000,Quadrant 4,2,2,89,,#FF0000,0,277.18041107709166,6
image_54.png,5,False,452.1428770414771,135.2976158605959,20,#FF0000,Quadrant 2,1,2,89,,#FF0000,0,325.70328869373714,6
image_54.png,5,False,184.11060741057,145.81796782768734,20,#FF0000,Quadrant 1,1,1,89,,#FF0000,0,240.1122544785339,6
image_54.png,5,False,502.32288137322763,194.53743083594225,20,#FF0000,Quadrant 2,1,2,89,,#FF0000,0,4.653399559908746,6
image_54.png,5,False,163.53642555517834,174.96393851643475,20,#FF0000,Quadrant 1,1,1,89,,#FF0000,0,210.8822826906397,6
image_54.png,5,False,698.1414486918986,323.32659196722506,20,#FF0000,Quadrant 4,2,2,89,,#FF0000,0,95.67149905433924,6
image_54.png,5,False,428.97538773698267,224.80439116106066,20,#FF0000,Quadrant 4,2,2,89,,#FF0000,0,175.63030750931404,6
image_54.png,5,False,610.701095264349,263.3365587638167,20,#FF0000,Quadrant 4,2,2,89,,#FF0000,0,218.3860199662152,6
image_54.png,5,False,85.2726009916242,327.84173528835765,20,#FF0000,Quadrant 3,2,1,89,,#FF0000,0,15.15644324271702,6
image_54.png,5,False,78.91936615560938,46.87732775811051,20,#FF0000,Quadrant 1,1,1,89,,#FF0000,0,231.3639994223843,6
image_54.png,5,False,175.40526371838794,230.2861381638523,20,#FF0000,Quadrant 3,2,1,89,,#FF0000,0,348.02265670188547,6
image_54.png,5,False,427.02217973500785,319.17717806127405,20,#FF0000,Quadrant 4,2,2,89,,#FF0000,0,255.34990553084205,6
image_54.png,5,False,38.46693171778891,255.5994431519176,20,#FF0000,Quadrant 3,2,1,89,,#FF0000,0,258.5840403135979,6
image_54.png,5,False,328.4519060629207,337.3694587469497,20,#FF0000,Quadrant 3,2,1,89,,#FF0000,0,158.48823001089607,6
image_54.png,5,False,285.6992982720412,315.37338442674826,20,#FF0000,Quadrant 3,2,1,89,,#FF0000,0,13.419445592693364,6
image_54.png,5,False,135.52826793965323,249.33704183674607,20,#FF0000,Quadrant 3,2,1,89,,#FF0000,0,77.77423265646993,6
image_54.png,5,False,212.3787453721569,166.7903996491164,20,#FF0000,Quadrant 1,1,1,89,,#FF0000,0,118.42640813864402,6
image_54.png,5,False,481.59506013281833,144.19905415187085,20,#FF0000,Quadrant 2,1,2,89,,#FF0000,0,129.09201573291892,6
image_54.png,5,False,201.59977609886835,307.2423051898782,20,#FF0000,Quadrant 3,2,1,89,,#FF0000,0,347.6118937844961,6
image_54.png,5,False,492.6829510463941,250.95716993123034,20,#FF0000,Quadrant 4,2,2,89,,#FF0000,0,116.82446513290438,6
image_54.png,5,False,121.64796415167689,222.10459520940304,20,#FF0000,Quadrant 3,2,1,89,,#FF0000,0,276.7000100442079,6
image_54.png,5,False,457.6696818603285,290.9864032097108,20,#FF0000,Quadrant 4,2,2,89,,#FF0000,0,310.85384545490126,6
image_54.png,5,False,549.0871071059886,76.03792963403538,20,#FF0000,Quadrant 2,1,2,89,,#FF0000,0,271.19489554669025,6
image_54.png,5,False,72.2310544696665,143.98217683285642,20,#FF0000,Quadrant 1,1,1,89,,#FF0000,0,179.94110635215557,6
image_54.png,5,False,565.7522623923894,376.11157085017715,20,#FF0000,Quadrant 4,2,2,89,,#FF0000,0,193.7645166095298,6
image_54.png,5,False,221.72042926247735,356.5567565626917,20,#FF0000,Quadrant 3,2,1,89,,#FF0000,0,113.95229234044193,6
image_54.png,5,False,290.7789677128559,246.04029643490043,20,#FF0000,Quadrant 3,2,1,89,,#FF0000,0,32.55569450708197,6
image_54.png,5,False,260.04815658209554,71.18416670425644,20,#FF0000,Quadrant 1,1,1,89,,#FF0000,0,157.59687574566067,6
image_54.png,5,False,21.97393070764936,82.74052701844352,20,#FF0000,Quadrant 1,1,1,89,,#FF0000,0,60.6755491807574,6
image_54.png,5,False,359.7161831070281,253.79232577877818,20,#FF0000,Quadrant 4,2,2,89,,#FF0000,0,111.78993051632429,6
image_54.png,5,False,396.7857489724252,78.24926299179438,20,#FF0000,Quadrant 2,1,2,89,,#FF0000,0,106.63332963315699,6
image_54.png,5,False,641.2264420778071,261.68588864023104,20,#FF0000,Quadrant 4,2,2,89,,#FF0000,0,256.19960438660513,6
image_54.png,5,False,111.43239092265739,139.5819731459684,20,#FF0000,Quadrant 1,1,1,89,,#FF0000,0,306.7951716096194,6
image_54.png,5,False,518.298542389578,342.3035641719141,20,#FF0000,Quadrant 4,2,2,89,,#FF0000,0,304.20341658731536,6
image_54.png,5,False,433.64639981689726,377.9417134007512,20,#FF0000,Quadrant 4,2,2,89,,#FF0000,0,287.4554039970667,6
image_54.png,5,False,165.90432615509133,323.27866477826336,20,#FF0000,Quadrant 3,2,1,89,,#FF0000,0,116.58106684534249,6
image_54.png,5,False,117.80314076633888,386.2320121637879,20,#FF0000,Quadrant 3,2,1,89,,#FF0000,0,88.52529344912912,6
image_54.png,5,False,165.65886711409573,273.7399009292807,20,#FF0000,Quadrant 3,2,1,89,,#FF0000,0,9.489308133851369,6
image_54.png,5,False,613.9686712220214,177.45453087169173,20,#FF0000,Quadrant 2,1,2,89,,#FF0000,0,78.83105701451468,6
image_54.png,5,False,394.30609760280555,388.3848413879901,20,#FF0000,Quadrant 4,2,2,89,,#FF0000,0,158.02196166835205,6
image_54.png,5,False,407.48977950400297,352.0855375238623,20,#FF0000,Quadrant 4,2,2,89,,#FF0000,0,143.8620605007696,6
image_54.png,5,False,563.388747189872,174.03695739765743,20,#FF0000,Quadrant 2,1,2,89,,#FF0000,0,131.0288120004042,6
image_54.png,5,False,648.6735178123367,99.71879548593223,20,#FF0000,Quadrant 2,1,2,89,,#FF0000,0,131.22523042573798,6
image_54.png,5,False,409.9023841822062,47.522892570660744,20,#FF0000,Quadrant 2,1,2,89,,#FF0000,0,286.40054817333186,6
image_54.png,5,False,690.0124084251797,278.7577809529666,20,#FF0000,Quadrant 4,2,2,89,,#FF0000,0,330.29260339080315,6
image_54.png,5,False,251.00818168671395,276.4106157257939,20,#FF0000,Quadrant 3,2,1,89,,#FF0000,0,82.01679303674584,6
image_54.png,5,False,576.7224202060559,95.6583166113367,20,#FF0000,Quadrant 2,1,2,89,,#FF0000,0,351.53748452265717,6
image_54.png,5,False,587.4266392264948,184.97029328278185,20,#FF0000,Quadrant 2,1,2,89,,#FF0000,0,96.88803767214189,6
image_54.png,5,False,26.237360796418507,180.52100684717672,20,#FF0000,Quadrant 1,1,1,89,,#FF0000,0,358.4838952249499,6
image_54.png,5,False,201.22627204328955,106.26056382133604,20,#FF0000,Quadrant 1,1,1,89,,#FF0000,0,343.70432957107397,6
image_54.png,5,False,360.9809483884163,164.89967580527141,20,#FF0000,Quadrant 2,1,2,89,,#FF0000,0,287.42988433948705,6
image_54.png,5,False,686.3430243688126,232.8377901827197,20,#FF0000,Quadrant 4,2,2,89,,#FF0000,0,275.8680900503735,6
image_54.png,5,False,679.9421918914509,31.02300826593475,20,#FF0000,Quadrant 2,1,2,89,,#FF0000,0,310.5842659059101,6
image_54.png,5,False,54.8401998654968,167.38292490008303,20,#FF0000,Quadrant 1,1,1,89,,#FF0000,0,25.56482241292421,6
image_54.png,5,False,145.09246658103814,381.35757804942597,20,#FF0000,Quadrant 3,2,1,89,,#FF0000,0,58.0345990040919,6
image_54.png,5,False,650.9612375500635,286.43617081024524,20,#FF0000,Quadrant 4,2,2,89,,#FF0000,0,10.615519834954439,6
image_54.png,5,False,483.2082572948473,315.2574725453782,20,#FF0000,Quadrant 4,2,2,89,,#FF0000,0,252.33429805674223,6
image_54.png,5,False,225.4136193223531,78.0613393138751,20,#FF0000,Quadrant 1,1,1,89,,#FF0000,0,65.8762552925258,6
image_54.png,5,False,184.63773837894774,45.29763746087321,20,#FF0000,Quadrant 1,1,1,89,,#FF0000,0,154.9299204086008,6
image_54.png,5,False,149.21842559542577,143.75385885365614,20,#FF0000,Quadrant 1,1,1,89,,#FF0000,0,93.78200430060915,6
image_54.png,5,False,188.60203243833865,343.37587701624824,20,#FF0000,Quadrant 3,2,1,89,,#FF0000,0,33.85003975474995,6
image_54.png,5,False,394.8614573683719,269.0644117969987,20,#FF0000,Quadrant 4,2,2,89,,#FF0000,0,21.92432011308998,6
image_54.png,5,False,12.191211759449704,383.3786559999565,20,#FF0000,Quadrant 3,2,1,89,,#FF0000,0,34.37651619810401,6
image_54.png,5,False,236.20630802285052,126.76774913410127,20,#FF0000,Quadrant 1,1,1,89,,#FF0000,0,4.528252792939309,6
image_54.png,5,False,402.40619413672596,152.68801522878974,20,#FF0000,Quadrant 2,1,2,89,,#FF0000,0,288.01374231168785,6
image_54.png,5,False,481.71176690452904,69.46570106367409,20,#FF0000,Quadrant 2,1,2,89,,#FF0000,0,34.90768130090052,6
image_54.png,5,False,132.90359072536174,177.58368744706314,20,#FF0000,Quadrant 1,1,1,89,,#FF0000,0,134.70058922942434,6
image_54.png,5,False,542.8967072389423,202.77025897998513,20,#FF0000,Quadrant 4,2,2,89,,#FF0000,0,304.5503011098645,6
image_54.png,5,False,317.6783419616923,246.1472279776385,20,#FF0000,Quadrant 3,2,1,89,,#FF0000,0,293.1701306614158,6
image_54.png,5,False,622.9929105273158,310.9987455873647,20,#FF0000,Quadrant 4,2,2,89,,#FF0000,0,336.70549626299993,6
image_54.png,5,False,654.6968481968152,364.44228932381344,20,#FF0000,Quadrant 4,2,2,89,,#FF0000,0,43.301909048808646,6
image_54.png,5,False,79.70816142023777,84.01436527165973,20,#FF0000,Quadrant 1,1,1,89,,#FF0000,0,60.25871130885941,6
image_54.png,5,False,349.1392559689759,311.15239683404275,20,#FF0000,Quadrant 3,2,1,89,,#FF0000,0,345.73934327312395,6
image_54.png,5,False,51.39206346530192,382.3266491307699,20,#FF0000,Quadrant 3,2,1,89,,#FF0000,0,14.972539611128743,6
image_54.png,5,False,462.16004919902275,355.68573599557254,20,#FF0000,Quadrant 4,2,2,89,,#FF0000,0,32.743250719193604,6
image_54.png,5,False,537.0670793537096,121.73855992351078,20,#FF0000,Quadrant 2,1,2,89,,#FF0000,0,48.771240720492905,6
image_54.png,5,False,289.52004105456655,153.53130639450995,20,#FF0000,Quadrant 1,1,1,89,,#FF0000,0,225.4821389427402,6
image_54.png,5,False,278.8891633209842,199.09832150552137,20,#FF0000,Quadrant 1,1,1,89,,#FF0000,0,174.2776159903315,6
image_54.png,5,False,208.87662285648764,269.571806461996,20,#FF0000,Quadrant 3,2,1,89,,#FF0000,0,283.08958707352485,6
image_54.png,5,False,253.366505297459,214.27466744050773,20,#FF0000,Quadrant 3,2,1,89,,#FF0000,0,138.56450071756575,6
image_54.png,5,False,138.95101560528076,94.75238055952784,20,#FF0000,Quadrant 1,1,1,89,,#FF0000,0,164.60415230681858,6
image_54.png,5,False,433.36874405848516,28.0984075408327,20,#FF0000,Quadrant 2,1,2,89,,#FF0000,0,205.61231904142804,6
image_54.png,5,False,631.3209616019531,54.97312759898621,20,#FF0000,Quadrant 2,1,2,89,,#FF0000,0,137.33594174810304,6
image_54.png,5,False,292.9411480024739,14.865957269112918,20,#FF0000,Quadrant 1,1,1,89,,#FF0000,0,328.94502534077594,6
image_54.png,5,False,488.14844324050677,26.800154038434197,20,#FF0000,Quadrant 2,1,2,89,,#FF0000,0,3.754694652209807,6
image_55.png,2,True,486.065067593973,37.65820602336292,20,#FF0000,Quadrant 2,1,2,58,140,#FF0000,0,46.399768879016385,5
image_55.png,5,False,120.49852151146237,310.0698376645663,20,#FF0000,Quadrant 3,2,1,58,,#FF0000,0,41.176935147495726,5
image_55.png,5,False,380.9514569980191,74.26462591174376,20,#FF0000,Quadrant 2,1,2,58,,#FF0000,0,23.940113380618975,5
image_55.png,5,False,669.2135537649986,281.2788359505989,20,#FF0000,Quadrant 4,2,2,58,,#FF0000,0,266.43345931425466,5
image_55.png,5,False,207.23187452914712,119.27392649366276,20,#FF0000,Quadrant 1,1,1,58,,#FF0000,0,250.2069239568236,5
image_55.png,5,False,191.17294166796668,298.65395044634835,20,#FF0000,Quadrant 3,2,1,58,,#FF0000,0,307.98291359274833,5
image_55.png,5,False,621.1781482927076,87.40366872533431,20,#FF0000,Quadrant 2,1,2,58,,#FF0000,0,142.1662477868489,5
image_55.png,5,False,594.2070101134435,86.89792865551621,20,#FF0000,Quadrant 2,1,2,58,,#FF0000,0,31.141102609857864,5
image_55.png,5,False,35.59398163192985,191.9938799838125,20,#FF0000,Quadrant 1,1,1,58,,#FF0000,0,186.56120090485396,5
image_55.png,5,False,37.203535690920575,157.68813507059818,20,#FF0000,Quadrant 1,1,1,58,,#FF0000,0,40.10638536745478,5
image_55.png,5,False,266.55140966070286,290.0949134525864,20,#FF0000,Quadrant 3,2,1,58,,#FF0000,0,156.9415067249201,5
image_55.png,5,False,540.9282029888388,261.5674160190425,20,#FF0000,Quadrant 4,2,2,58,,#FF0000,0,159.12857454210913,5
image_55.png,5,False,41.14919129687641,16.371810991814723,20,#FF0000,Quadrant 1,1,1,58,,#FF0000,0,260.96765663066265,5
image_55.png,5,False,329.3424088600826,351.7907439729802,20,#FF0000,Quadrant 3,2,1,58,,#FF0000,0,63.190442070679325,5
image_55.png,5,False,272.8436627051546,368.8984474115261,20,#FF0000,Quadrant 3,2,1,58,,#FF0000,0,20.314137495102493,5
image_55.png,5,False,166.18732679449477,248.0867515911175,20,#FF0000,Quadrant 3,2,1,58,,#FF0000,0,182.01405482674966,5
image_55.png,5,False,592.1179667289535,238.42750055934783,20,#FF0000,Quadrant 4,2,2,58,,#FF0000,0,158.59097797407088,5
image_55.png,5,False,121.99651993645291,217.81262909217722,20,#FF0000,Quadrant 3,2,1,58,,#FF0000,0,103.610353473329,5
image_55.png,5,False,87.73103636355388,35.61964914911489,20,#FF0000,Quadrant 1,1,1,58,,#FF0000,0,114.31928083611074,5
image_55.png,5,False,23.03118787859306,283.3423707949218,20,#FF0000,Quadrant 3,2,1,58,,#FF0000,0,186.49703318132873,5
image_55.png,5,False,232.62116291512854,25.526548044665795,20,#FF0000,Quadrant 1,1,1,58,,#FF0000,0,260.66857051706467,5
image_55.png,5,False,482.49414227152687,13.2308077223499,20,#FF0000,Quadrant 2,1,2,58,,#FF0000,0,324.5470604104201,5
image_55.png,5,False,601.4750756002437,299.10262254992375,20,#FF0000,Quadrant 4,2,2,58,,#FF0000,0,204.10371991299948,5
image_55.png,5,False,386.9063655356589,18.481889629886066,20,#FF0000,Quadrant 2,1,2,58,,#FF0000,0,12.670279464944816,5
image_55.png,5,False,339.2590574081118,227.02392765678968,20,#FF0000,Quadrant 3,2,1,58,,#FF0000,0,296.6394261113712,5
image_55.png,5,False,483.3852803592221,157.1979779450276,20,#FF0000,Quadrant 2,1,2,58,,#FF0000,0,138.97970960802314,5
image_55.png,5,False,174.75397429991602,196.43256422553964,20,#FF0000,Quadrant 1,1,1,58,,#FF0000,0,327.68678895611305,5
image_55.png,5,False,686.3103309997654,251.67168198514028,20,#FF0000,Quadrant 4,2,2,58,,#FF0000,0,90.01523319074992,5
image_55.png,5,False,630.1193824672105,182.69636855110423,20,#FF0000,Quadrant 2,1,2,58,,#FF0000,0,172.48646982754428,5
image_55.png,5,False,165.2256465963773,119.43440700189196,20,#FF0000,Quadrant 1,1,1,58,,#FF0000,0,316.5999520543862,5
image_55.png,5,False,674.5343453922713,157.8347718542449,20,#FF0000,Quadrant 2,1,2,58,,#FF0000,0,263.1522725728686,5
image_55.png,5,False,617.1856622404789,332.93641899377525,20,#FF0000,Quadrant 4,2,2,58,,#FF0000,0,147.73372214918504,5
image_55.png,5,False,97.14168802539443,247.81696553090092,20,#FF0000,Quadrant 3,2,1,58,,#FF0000,0,355.4961724937196,5
image_55.png,5,False,290.59093512718306,345.00903761312577,20,#FF0000,Quadrant 3,2,1,58,,#FF0000,0,74.91633191017205,5
image_55.png,5,False,243.74511789993613,262.51115471704156,20,#FF0000,Quadrant 3,2,1,58,,#FF0000,0,166.86617561341595,5
image_55.png,5,False,376.1264342879913,103.99068994828026,20,#FF0000,Quadrant 2,1,2,58,,#FF0000,0,47.92128429107943,5
image_55.png,5,False,402.6183628669435,369.34589180516537,20,#FF0000,Quadrant 4,2,2,58,,#FF0000,0,256.5323500986951,5
image_55.png,5,False,551.2626622200439,148.37083417426,20,#FF0000,Quadrant 2,1,2,58,,#FF0000,0,262.5504478615325,5
image_55.png,5,False,222.45339923434645,159.48957398104145,20,#FF0000,Quadrant 1,1,1,58,,#FF0000,0,134.9339898812772,5
image_55.png,5,False,385.00897863799025,181.97688838482694,20,#FF0000,Quadrant 2,1,2,58,,#FF0000,0,169.28368210132467,5
image_55.png,5,False,669.4999288893044,339.90192729025574,20,#FF0000,Quadrant 4,2,2,58,,#FF0000,0,325.6833828973743,5
image_55.png,5,False,465.4998567162167,365.2321070404002,20,#FF0000,Quadrant 4,2,2,58,,#FF0000,0,320.3728754551631,5
image_55.png,5,False,660.8643040747453,20.009779679183005,20,#FF0000,Quadrant 2,1,2,58,,#FF0000,0,155.44217485870035,5
image_55.png,5,False,479.95418475685864,301.772731459986,20,#FF0000,Quadrant 4,2,2,58,,#FF0000,0,354.107719872518,5
image_55.png,5,False,407.22263934985386,313.7163115350312,20,#FF0000,Quadrant 4,2,2,58,,#FF0000,0,230.8457307865883,5
image_55.png,5,False,536.4453658508729,194.96692539400692,20,#FF0000,Quadrant 2,1,2,58,,#FF0000,0,265.84764575213063,5
image_55.png,5,False,35.32282359819488,47.69042360389034,20,#FF0000,Quadrant 1,1,1,58,,#FF0000,0,226.11082311965498,5
image_55.png,5,False,25.79012153277336,358.8249361658858,20,#FF0000,Quadrant 3,2,1,58,,#FF0000,0,23.529255024120367,5
image_55.png,5,False,228.3795225843491,352.9067251613751,20,#FF0000,Quadrant 3,2,1,58,,#FF0000,0,224.36340695119213,5
image_55.png,5,False,244.30971207307735,77.23240238072063,20,#FF0000,Quadrant 1,1,1,58,,#FF0000,0,160.78212925070105,5
image_55.png,5,False,563.8094554851988,71.40908907732998,20,#FF0000,Quadrant 2,1,2,58,,#FF0000,0,109.16657236620645,5
image_55.png,5,False,123.48389741080301,55.77049694367761,20,#FF0000,Quadrant 1,1,1,58,,#FF0000,0,317.00207900051834,5
image_55.png,5,False,293.26944480132465,223.30901896042684,20,#FF0000,Quadrant 3,2,1,58,,#FF0000,0,327.6833366050124,5
image_55.png,5,False,493.20534114909003,117.30668342714219,20,#FF0000,Quadrant 2,1,2,58,,#FF0000,0,226.32569647613437,5
image_55.png,5,False,182.82957031987556,53.850246212948214,20,#FF0000,Quadrant 1,1,1,58,,#FF0000,0,305.27809445049303,5
image_55.png,5,False,637.4283439184634,47.692056981061306,20,#FF0000,Quadrant 2,1,2,58,,#FF0000,0,340.34465471500647,5
image_55.png,5,False,539.558146668586,232.57429075322986,20,#FF0000,Quadrant 4,2,2,58,,#FF0000,0,171.67681620541856,5
image_55.png,5,False,260.68273404552906,177.67400365389045,20,#FF0000,Quadrant 1,1,1,58,,#FF0000,0,355.5982987170116,5
image_55.png,5,False,319.21272434262755,18.505820801646642,20,#FF0000,Quadrant 1,1,1,58,,#FF0000,0,205.88768948212353,5
image_56.png,2,True,401.51349118275976,345.75826004472054,20,#FF0000,Quadrant 4,2,2,63,140,#FF0000,0,340.777468098955,5
image_56.png,5,False,621.7920960106557,37.040416888855454,20,#FF0000,Quadrant 2,1,2,63,,#FF0000,0,355.6135075584336,5
image_56.png,5,False,217.77202886127014,159.7867541949212,20,#FF0000,Quadrant 1,1,1,63,,#FF0000,0,48.57962418087717,5
image_56.png,5,False,695.1058967429019,309.9857296126831,20,#FF0000,Quadrant 4,2,2,63,,#FF0000,0,53.81495952568837,5
image_56.png,5,False,673.5252511425277,132.22406468173932,20,#FF0000,Quadrant 2,1,2,63,,#FF0000,0,240.80539189999888,5
image_56.png,5,False,664.6968626301864,42.401478633888644,20,#FF0000,Quadrant 2,1,2,63,,#FF0000,0,256.10694531650444,5
image_56.png,5,False,561.7298739990791,17.03119213181665,20,#FF0000,Quadrant 2,1,2,63,,#FF0000,0,217.0125209844524,5
image_56.png,5,False,298.8219375035356,74.90473990180818,20,#FF0000,Quadrant 1,1,1,63,,#FF0000,0,320.77717134741084,5
image_56.png,5,False,143.30394828132017,116.932927677108,20,#FF0000,Quadrant 1,1,1,63,,#FF0000,0,306.4510173423415,5
image_56.png,5,False,642.0723635267701,196.07222095443706,20,#FF0000,Quadrant 2,1,2,63,,#FF0000,0,187.35537860945425,5
image_56.png,5,False,46.83562724620192,101.26788491602709,20,#FF0000,Quadrant 1,1,1,63,,#FF0000,0,326.093995124679,5
image_56.png,5,False,320.31350595764854,174.65497608171208,20,#FF0000,Quadrant 1,1,1,63,,#FF0000,0,110.38900296927108,5
image_56.png,5,False,527.7483624042691,298.191194059179,20,#FF0000,Quadrant 4,2,2,63,,#FF0000,0,14.564065770962484,5
image_56.png,5,False,66.28824416831947,219.38161493733,20,#FF0000,Quadrant 3,2,1,63,,#FF0000,0,164.91150854071816,5
image_56.png,5,False,685.0133285998523,246.93612967458543,20,#FF0000,Quadrant 4,2,2,63,,#FF0000,0,47.03394825707679,5
image_56.png,5,False,24.23717740600933,154.89368155199904,20,#FF0000,Quadrant 1,1,1,63,,#FF0000,0,264.47085564222135,5
image_56.png,5,False,272.83166704033033,24.601633674047637,20,#FF0000,Quadrant 1,1,1,63,,#FF0000,0,325.6325352880623,5
image_56.png,5,False,491.13384720290304,137.86999685055082,20,#FF0000,Quadrant 2,1,2,63,,#FF0000,0,241.88541037814414,5
image_56.png,5,False,599.1487693982344,307.39749390234334,20,#FF0000,Quadrant 4,2,2,63,,#FF0000,0,289.13257110513985,5
image_56.png,5,False,246.72666575150447,367.4185646241782,20,#FF0000,Quadrant 3,2,1,63,,#FF0000,0,146.59021328852316,5
image_56.png,5,False,391.5916454561834,195.77789856836458,20,#FF0000,Quadrant 2,1,2,63,,#FF0000,0,258.8821585042153,5
image_56.png,5,False,640.3032145646463,358.2973714019611,20,#FF0000,Quadrant 4,2,2,63,,#FF0000,0,96.00211076431127,5
image_56.png,5,False,89.2189121235321,317.465421159437,20,#FF0000,Quadrant 3,2,1,63,,#FF0000,0,183.1648615188516,5
image_56.png,5,False,84.75718029141532,39.1287290375421,20,#FF0000,Quadrant 1,1,1,63,,#FF0000,0,290.2415954645187,5
image_56.png,5,False,117.11022205684456,313.95076742444434,20,#FF0000,Quadrant 3,2,1,63,,#FF0000,0,134.4197847201325,5
image_56.png,5,False,606.0826850455892,14.645902196574877,20,#FF0000,Quadrant 2,1,2,63,,#FF0000,0,280.39560401036846,5
image_56.png,5,False,567.0135228562496,339.9203271088639,20,#FF0000,Quadrant 4,2,2,63,,#FF0000,0,4.841000327030303,5
image_56.png,5,False,118.65197169421712,247.6757710800585,20,#FF0000,Quadrant 3,2,1,63,,#FF0000,0,222.28584070010334,5
image_56.png,5,False,328.46570507258923,341.1457426926526,20,#FF0000,Quadrant 3,2,1,63,,#FF0000,0,313.68577650844685,5
image_56.png,5,False,148.47018260138844,293.01222270906277,20,#FF0000,Quadrant 3,2,1,63,,#FF0000,0,253.49314697040154,5
image_56.png,5,False,74.18397483883257,370.6261461870333,20,#FF0000,Quadrant 3,2,1,63,,#FF0000,0,29.216015836648104,5
image_56.png,5,False,556.4073907835714,99.10263235466776,20,#FF0000,Quadrant 2,1,2,63,,#FF0000,0,1.3828086545241636,5
image_56.png,5,False,65.71483807693983,132.1130716534015,20,#FF0000,Quadrant 1,1,1,63,,#FF0000,0,17.99950732374566,5
image_56.png,5,False,338.9943915105804,85.57930698777601,20,#FF0000,Quadrant 1,1,1,63,,#FF0000,0,190.5600532095871,5
image_56.png,5,False,428.16044160442624,81.33252468229495,20,#FF0000,Quadrant 2,1,2,63,,#FF0000,0,355.6546483807872,5
image_56.png,5,False,476.8737812098749,337.97310961350644,20,#FF0000,Quadrant 4,2,2,63,,#FF0000,0,103.70285796644764,5
image_56.png,5,False,138.41528678481018,13.386462033339118,20,#FF0000,Quadrant 1,1,1,63,,#FF0000,0,22.055883700444383,5
image_56.png,5,False,147.22942436774994,65.39146766029873,20,#FF0000,Quadrant 1,1,1,63,,#FF0000,0,63.30632858506238,5
image_56.png,5,False,681.2066406120293,275.587533629506,20,#FF0000,Quadrant 4,2,2,63,,#FF0000,0,195.11943673458893,5
image_56.png,5,False,694.4745044253469,72.39611186969647,20,#FF0000,Quadrant 2,1,2,63,,#FF0000,0,115.70596063333038,5
image_56.png,5,False,419.1003519403914,238.38739865901013,20,#FF0000,Quadrant 4,2,2,63,,#FF0000,0,228.70689288507805,5
image_56.png,5,False,517.7203332997187,211.54821941733059,20,#FF0000,Quadrant 4,2,2,63,,#FF0000,0,296.8086853929851,5
image_56.png,5,False,678.0478003394072,106.13056908836789,20,#FF0000,Quadrant 2,1,2,63,,#FF0000,0,235.74318021983046,5
image_56.png,5,False,55.54614951056153,34.73196520434997,20,#FF0000,Quadrant 1,1,1,63,,#FF0000,0,271.54695375304743,5
image_56.png,5,False,515.9778700293477,245.30155685272624,20,#FF0000,Quadrant 4,2,2,63,,#FF0000,0,123.92037097342046,5
image_56.png,5,False,66.08666047014388,299.95597937469034,20,#FF0000,Quadrant 3,2,1,63,,#FF0000,0,294.3732639762321,5
image_56.png,5,False,19.267272288117645,292.3335678649055,20,#FF0000,Quadrant 3,2,1,63,,#FF0000,0,257.7994960586393,5
image_56.png,5,False,480.26468169833885,267.3579181776488,20,#FF0000,Quadrant 4,2,2,63,,#FF0000,0,130.13272323688378,5
image_56.png,5,False,191.81930267069941,328.4161166742905,20,#FF0000,Quadrant 3,2,1,63,,#FF0000,0,23.716372586134117,5
image_56.png,5,False,536.9911981894169,129.49342681733208,20,#FF0000,Quadrant 2,1,2,63,,#FF0000,0,179.89017507500185,5
image_56.png,5,False,142.1064001930424,232.97260980657495,20,#FF0000,Quadrant 3,2,1,63,,#FF0000,0,359.6750738336814,5
image_56.png,5,False,254.14463080693494,186.74914053552163,20,#FF0000,Quadrant 1,1,1,63,,#FF0000,0,15.371814137036047,5
image_56.png,5,False,647.2543080942138,330.9700470513892,20,#FF0000,Quadrant 4,2,2,63,,#FF0000,0,166.19047877767974,5
image_56.png,5,False,27.86659624238496,63.705305963488556,20,#FF0000,Quadrant 1,1,1,63,,#FF0000,0,151.0549788316211,5
image_56.png,5,False,76.34903458723623,158.9082415143024,20,#FF0000,Quadrant 1,1,1,63,,#FF0000,0,66.20746283320904,5
image_56.png,5,False,243.41018529425725,19.195293903260506,20,#FF0000,Quadrant 1,1,1,63,,#FF0000,0,53.96393788993676,5
image_56.png,5,False,220.12674830643195,372.0639977063383,20,#FF0000,Quadrant 3,2,1,63,,#FF0000,0,141.20348317171542,5
image_56.png,5,False,167.91237137371922,194.9101435793925,20,#FF0000,Quadrant 1,1,1,63,,#FF0000,0,197.7583084997613,5
image_56.png,5,False,309.23795116535655,369.091076790569,20,#FF0000,Quadrant 3,2,1,63,,#FF0000,0,260.5425135768151,5
image_56.png,5,False,210.34275862185805,99.88761468300446,20,#FF0000,Quadrant 1,1,1,63,,#FF0000,0,171.6120903105613,5
image_56.png,5,False,564.6955898560751,168.37856637993156,20,#FF0000,Quadrant 2,1,2,63,,#FF0000,0,339.60167570355065,5
image_56.png,5,False,223.21728954545728,70.9517059473949,20,#FF0000,Quadrant 1,1,1,63,,#FF0000,0,4.668333712729935,5
image_56.png,5,False,482.31566445628437,173.16102921362904,20,#FF0000,Quadrant 2,1,2,63,,#FF0000,0,226.96525269612886,5
image_56.png,5,False,100.17594554215441,117.5571123878267,20,#FF0000,Quadrant 1,1,1,63,,#FF0000,0,43.86505973101925,5
image_57.png,2,True,485.3864903924108,59.43446896744166,20,#FF0000,Quadrant 2,1,2,93,140,#FF0000,0,134.40768994811728,6
image_57.png,5,False,337.25737701723807,17.694299690392306,20,#FF0000,Quadrant 1,1,1,93,,#FF0000,0,203.51796797927508,6
image_57.png,5,False,180.5696882107494,368.05001155513395,20,#FF0000,Quadrant 3,2,1,93,,#FF0000,0,133.2030659177915,6
image_57.png,5,False,638.0906792336779,352.1654402623996,20,#FF0000,Quadrant 4,2,2,93,,#FF0000,0,247.78143945364508,6
image_57.png,5,False,632.3677453851082,190.99894381622016,20,#FF0000,Quadrant 2,1,2,93,,#FF0000,0,228.19371409465106,6
image_57.png,5,False,245.7818052225145,311.0632094229828,20,#FF0000,Quadrant 3,2,1,93,,#FF0000,0,100.99128365366509,6
image_57.png,5,False,632.3786547600815,375.94913425782903,20,#FF0000,Quadrant 4,2,2,93,,#FF0000,0,251.3986369220614,6
image_57.png,5,False,405.2974476897156,355.50196467738067,20,#FF0000,Quadrant 4,2,2,93,,#FF0000,0,281.37424430076345,6
image_57.png,5,False,430.86772320647026,318.4356761413093,20,#FF0000,Quadrant 4,2,2,93,,#FF0000,0,254.91775790915278,6
image_57.png,5,False,617.8217046771679,156.20618372837228,20,#FF0000,Quadrant 2,1,2,93,,#FF0000,0,112.84561741311674,6
image_57.png,5,False,232.6202476771249,211.051041823443,20,#FF0000,Quadrant 3,2,1,93,,#FF0000,0,53.407965186972305,6
image_57.png,5,False,57.111633022838134,158.2599087347817,20,#FF0000,Quadrant 1,1,1,93,,#FF0000,0,262.0176581722694,6
image_57.png,5,False,541.492580825902,280.1010799116306,20,#FF0000,Quadrant 4,2,2,93,,#FF0000,0,69.54541984842244,6
image_57.png,5,False,546.8761416946771,190.076341384719,20,#FF0000,Quadrant 2,1,2,93,,#FF0000,0,130.9616844743356,6
image_57.png,5,False,13.103674102207307,145.6317971183978,20,#FF0000,Quadrant 1,1,1,93,,#FF0000,0,80.3999947600449,6
image_57.png,5,False,398.13387307283887,307.23265429662433,20,#FF0000,Quadrant 4,2,2,93,,#FF0000,0,223.43490819423735,6
image_57.png,5,False,344.95672517911396,129.75560942741816,20,#FF0000,Quadrant 1,1,1,93,,#FF0000,0,344.4003456474307,6
image_57.png,5,False,148.84019606433813,317.4554077843436,20,#FF0000,Quadrant 3,2,1,93,,#FF0000,0,317.9568606098865,6
image_57.png,5,False,647.4356153960344,239.72077302259947,20,#FF0000,Quadrant 4,2,2,93,,#FF0000,0,67.75022048340178,6
image_57.png,5,False,52.72787350234362,345.443699283067,20,#FF0000,Quadrant 3,2,1,93,,#FF0000,0,106.42304706596708,6
image_57.png,5,False,358.3450518594113,104.82960554128972,20,#FF0000,Quadrant 2,1,2,93,,#FF0000,0,188.46078908134592,6
image_57.png,5,False,493.7451585084656,333.32098117564243,20,#FF0000,Quadrant 4,2,2,93,,#FF0000,0,135.36320710388478,6
image_57.png,5,False,151.72137733740408,122.92707512942877,20,#FF0000,Quadrant 1,1,1,93,,#FF0000,0,107.34372477200355,6
image_57.png,5,False,454.7079247256773,170.29797987455316,20,#FF0000,Quadrant 2,1,2,93,,#FF0000,0,10.375644524310426,6
image_57.png,5,False,545.5240671922024,386.3463459297893,20,#FF0000,Quadrant 4,2,2,93,,#FF0000,0,132.7073938204215,6
image_57.png,5,False,274.2114057956423,70.33784196133487,20,#FF0000,Quadrant 1,1,1,93,,#FF0000,0,160.80663431674503,6
image_57.png,5,False,227.40595107701574,365.14932627530897,20,#FF0000,Quadrant 3,2,1,93,,#FF0000,0,159.89013994519533,6
image_57.png,5,False,147.2708946514014,240.27305420756383,20,#FF0000,Quadrant 3,2,1,93,,#FF0000,0,164.13956507550031,6
image_57.png,5,False,415.0849510622105,133.01980635082649,20,#FF0000,Quadrant 2,1,2,93,,#FF0000,0,102.51460029664928,6
image_57.png,5,False,47.119780226582826,134.43137832636677,20,#FF0000,Quadrant 1,1,1,93,,#FF0000,0,6.1042386636836765,6
image_57.png,5,False,108.66770775035137,325.42204070351625,20,#FF0000,Quadrant 3,2,1,93,,#FF0000,0,171.75654540044007,6
image_57.png,5,False,28.54556562234045,175.15013660723048,20,#FF0000,Quadrant 1,1,1,93,,#FF0000,0,135.01045672629596,6
image_57.png,5,False,454.45485344472706,133.4773529604314,20,#FF0000,Quadrant 2,1,2,93,,#FF0000,0,273.79134008610424,6
image_57.png,5,False,38.133835163458215,204.42576452430166,20,#FF0000,Quadrant 3,2,1,93,,#FF0000,0,272.3368949046035,6
image_57.png,5,False,502.71458068382884,198.74375835169735,20,#FF0000,Quadrant 2,1,2,93,,#FF0000,0,260.19960178596733,6
image_57.png,5,False,107.39897986823077,49.65171618469849,20,#FF0000,Quadrant 1,1,1,93,,#FF0000,0,333.7015442881143,6
image_57.png,5,False,257.0288336723364,41.67799730582976,20,#FF0000,Quadrant 1,1,1,93,,#FF0000,0,129.71409551825369,6
image_57.png,5,False,297.86716020266033,309.51744732025475,20,#FF0000,Quadrant 3,2,1,93,,#FF0000,0,22.374162889156935,6
image_57.png,5,False,388.63919110552115,44.82106728724874,20,#FF0000,Quadrant 2,1,2,93,,#FF0000,0,250.05117815579652,6
image_57.png,5,False,120.59265467827512,299.3248196878911,20,#FF0000,Quadrant 3,2,1,93,,#FF0000,0,74.61164505376914,6
image_57.png,5,False,167.67595058570683,32.36235949187531,20,#FF0000,Quadrant 1,1,1,93,,#FF0000,0,312.719420297978,6
image_57.png,5,False,27.691161507076426,254.01716743866814,20,#FF0000,Quadrant 3,2,1,93,,#FF0000,0,246.06789768313203,6
image_57.png,5,False,665.5265891713095,371.77114558996726,20,#FF0000,Quadrant 4,2,2,93,,#FF0000,0,273.0699873250695,6
image_57.png,5,False,231.10726205641566,157.4845505785498,20,#FF0000,Quadrant 1,1,1,93,,#FF0000,0,49.56232085980619,6
image_57.png,5,False,283.7122486253619,203.87334545979544,20,#FF0000,Quadrant 3,2,1,93,,#FF0000,0,228.35901529561488,6
image_57.png,5,False,27.200550588841587,281.1725417637315,20,#FF0000,Quadrant 3,2,1,93,,#FF0000,0,104.27018476427952,6
image_57.png,5,False,57.82549874968516,86.6470240570214,20,#FF0000,Quadrant 1,1,1,93,,#FF0000,0,149.37793730207673,6
image_57.png,5,False,169.12962732842036,196.77378778683837,20,#FF0000,Quadrant 1,1,1,93,,#FF0000,0,12.962011659005107,6
image_57.png,5,False,582.2062701889831,161.1346032800541,20,#FF0000,Quadrant 2,1,2,93,,#FF0000,0,183.2935083172353,6
image_57.png,5,False,194.03059186238804,152.48561944896352,20,#FF0000,Quadrant 1,1,1,93,,#FF0000,0,224.20506642244885,6
image_57.png,5,False,586.1925945348493,296.0768167352661,20,#FF0000,Quadrant 4,2,2,93,,#FF0000,0,139.83112288676793,6
image_57.png,5,False,145.88720718281726,350.4168324202986,20,#FF0000,Quadrant 3,2,1,93,,#FF0000,0,92.26016164135088,6
image_57.png,5,False,677.7692591758113,264.9579283257002,20,#FF0000,Quadrant 4,2,2,93,,#FF0000,0,160.3956393689843,6
image_57.png,5,False,84.53671144543907,363.7055784051163,20,#FF0000,Quadrant 3,2,1,93,,#FF0000,0,139.4827432160742,6
image_57.png,5,False,486.2376256997001,92.02143830921136,20,#FF0000,Quadrant 2,1,2,93,,#FF0000,0,107.49952241670107,6
image_57.png,5,False,220.02234692637992,186.30875315182604,20,#FF0000,Quadrant 1,1,1,93,,#FF0000,0,213.57294152997213,6
image_57.png,5,False,582.5855757642782,336.215327681797,20,#FF0000,Quadrant 4,2,2,93,,#FF0000,0,4.449720963183603,6
image_57.png,5,False,663.3418060171612,157.8801109950869,20,#FF0000,Quadrant 2,1,2,93,,#FF0000,0,74.28697183618974,6
image_57.png,5,False,689.1341155933571,238.48530615090255,20,#FF0000,Quadrant 4,2,2,93,,#FF0000,0,117.84916553525893,6
image_57.png,5,False,349.76907531798605,222.99368987655535,20,#FF0000,Quadrant 3,2,1,93,,#FF0000,0,59.49262418966605,6
image_57.png,5,False,690.8922466455381,335.0817129202032,20,#FF0000,Quadrant 4,2,2,93,,#FF0000,0,102.72329126448287,6
image_57.png,5,False,435.6791461177411,345.30787046329925,20,#FF0000,Quadrant 4,2,2,93,,#FF0000,0,89.46664026351782,6
image_57.png,5,False,651.87984535848,125.70279571587525,20,#FF0000,Quadrant 2,1,2,93,,#FF0000,0,340.84336086156424,6
image_57.png,5,False,402.4284188842221,71.2861601021435,20,#FF0000,Quadrant 2,1,2,93,,#FF0000,0,137.31152968368946,6
image_57.png,5,False,159.34765381319065,83.11689823132299,20,#FF0000,Quadrant 1,1,1,93,,#FF0000,0,19.273622725143372,6
image_57.png,5,False,614.8703573411229,39.7656118112202,20,#FF0000,Quadrant 2,1,2,93,,#FF0000,0,152.33963837522813,6
image_57.png,5,False,219.11252905224586,110.31029746471829,20,#FF0000,Quadrant 1,1,1,93,,#FF0000,0,323.46781196614756,6
image_57.png,5,False,622.3923945388349,313.6104452886132,20,#FF0000,Quadrant 4,2,2,93,,#FF0000,0,334.84527003473363,6
image_57.png,5,False,644.4709814689535,292.33048196149355,20,#FF0000,Quadrant 4,2,2,93,,#FF0000,0,73.67974552003298,6
image_57.png,5,False,20.88304178098054,43.54401260597862,20,#FF0000,Quadrant 1,1,1,93,,#FF0000,0,171.5417321238612,6
image_57.png,5,False,610.2865433078792,230.15570883958952,20,#FF0000,Quadrant 4,2,2,93,,#FF0000,0,84.52901634490524,6
image_57.png,5,False,197.0760494213038,276.687403372684,20,#FF0000,Quadrant 3,2,1,93,,#FF0000,0,200.6801326448354,6
image_57.png,5,False,514.9580415535811,68.94545536823398,20,#FF0000,Quadrant 2,1,2,93,,#FF0000,0,172.70099865482882,6
image_57.png,5,False,478.15527404133854,22.301487386576213,20,#FF0000,Quadrant 2,1,2,93,,#FF0000,0,23.456795983865966,6
image_57.png,5,False,541.208272910289,117.15106493490082,20,#FF0000,Quadrant 2,1,2,93,,#FF0000,0,22.683688293355672,6
image_57.png,5,False,341.1489435334455,314.1337043570989,20,#FF0000,Quadrant 3,2,1,93,,#FF0000,0,101.36469855005667,6
image_57.png,5,False,198.38212200729276,340.6128129742323,20,#FF0000,Quadrant 3,2,1,93,,#FF0000,0,8.788635146970435,6
image_57.png,5,False,667.0288910145345,195.6634419661932,20,#FF0000,Quadrant 2,1,2,93,,#FF0000,0,156.72401965573414,6
image_57.png,5,False,423.0558141549508,183.46532876960907,20,#FF0000,Quadrant 2,1,2,93,,#FF0000,0,131.0525261747074,6
image_57.png,5,False,123.9234591214454,259.9513076162956,20,#FF0000,Quadrant 3,2,1,93,,#FF0000,0,170.09106573501725,6
image_57.png,5,False,249.93675720262627,76.75791251152796,20,#FF0000,Quadrant 1,1,1,93,,#FF0000,0,264.67018418128123,6
image_57.png,5,False,384.6230600103136,147.20430637452054,20,#FF0000,Quadrant 2,1,2,93,,#FF0000,0,178.02384408753997,6
image_57.png,5,False,258.1227272504925,187.35785579972404,20,#FF0000,Quadrant 1,1,1,93,,#FF0000,0,119.80946729256856,6
image_57.png,5,False,604.7801727410604,73.09638546647176,20,#FF0000,Quadrant 2,1,2,93,,#FF0000,0,271.33319343713106,6
image_57.png,5,False,423.5680656015632,215.19977369278394,20,#FF0000,Quadrant 4,2,2,93,,#FF0000,0,225.02261141105126,6
image_57.png,5,False,573.401913798447,88.79723393716752,20,#FF0000,Quadrant 2,1,2,93,,#FF0000,0,50.22766822430124,6
image_57.png,5,False,13.783902060241406,364.24299038998447,20,#FF0000,Quadrant 3,2,1,93,,#FF0000,0,37.373513036722336,6
image_57.png,5,False,124.4796087120552,96.72371961590676,20,#FF0000,Quadrant 1,1,1,93,,#FF0000,0,239.26929816025756,6
image_57.png,5,False,560.0730472446899,218.31436759351797,20,#FF0000,Quadrant 4,2,2,93,,#FF0000,0,263.4676914001164,6
image_57.png,5,False,489.1266144425904,295.7545553832439,20,#FF0000,Quadrant 4,2,2,93,,#FF0000,0,56.05242535744413,6
image_57.png,5,False,352.1948084046018,357.188917065368,20,#FF0000,Quadrant 3,2,1,93,,#FF0000,0,287.97667472666734,6
image_57.png,5,False,222.21703480648378,296.69261568422104,20,#FF0000,Quadrant 3,2,1,93,,#FF0000,0,250.1774613711224,6
image_57.png,5,False,142.60352757718687,17.131158543786654,20,#FF0000,Quadrant 1,1,1,93,,#FF0000,0,342.558205822244,6
image_57.png,5,False,57.17805372637477,182.0825585237353,20,#FF0000,Quadrant 1,1,1,93,,#FF0000,0,244.9733458882646,6
image_58.png,2,True,257.3273454519517,163.33430592711917,20,#FF0000,Quadrant 1,1,1,16,140,#FF0000,0,151.89030990119917,3
image_58.png,5,False,217.84846421661857,157.5684842744337,20,#FF0000,Quadrant 1,1,1,16,,#FF0000,0,251.21466528715123,3
image_58.png,5,False,306.25295358649345,233.903121051133,20,#FF0000,Quadrant 3,2,1,16,,#FF0000,0,75.04142574491485,3
image_58.png,5,False,434.59938900030124,26.82870583762513,20,#FF0000,Quadrant 2,1,2,16,,#FF0000,0,172.2382145276595,3
image_58.png,5,False,32.715928431573865,131.82083830882493,20,#FF0000,Quadrant 1,1,1,16,,#FF0000,0,176.8800490478042,3
image_58.png,5,False,493.7351054423203,336.52410180554085,20,#FF0000,Quadrant 4,2,2,16,,#FF0000,0,11.174515277755127,3
image_58.png,5,False,382.3829218103253,48.046577153960065,20,#FF0000,Quadrant 2,1,2,16,,#FF0000,0,138.15189801939175,3
image_58.png,5,False,438.3396581020804,143.69876027679612,20,#FF0000,Quadrant 2,1,2,16,,#FF0000,0,247.8928110850222,3
image_58.png,5,False,348.8225313745871,21.330032748189826,20,#FF0000,Quadrant 1,1,1,16,,#FF0000,0,349.69044600833456,3
image_58.png,5,False,346.8519475682458,353.4209069670828,20,#FF0000,Quadrant 3,2,1,16,,#FF0000,0,13.921767075334284,3
image_58.png,5,False,504.0542494354016,359.63351621876745,20,#FF0000,Quadrant 4,2,2,16,,#FF0000,0,260.7403086053343,3
image_58.png,5,False,527.0969806869081,102.24112579348757,20,#FF0000,Quadrant 2,1,2,16,,#FF0000,0,163.68703109582066,3
image_58.png,5,False,599.8484712531872,92.85792385030625,20,#FF0000,Quadrant 2,1,2,16,,#FF0000,0,279.7789577652099,3
image_58.png,5,False,18.092532077093303,59.52921058473128,20,#FF0000,Quadrant 1,1,1,16,,#FF0000,0,147.818553404386,3
image_58.png,5,False,548.995250243354,364.63343353107075,20,#FF0000,Quadrant 4,2,2,16,,#FF0000,0,310.5780074230385,3
image_58.png,5,False,356.9280291935036,186.08203160652633,20,#FF0000,Quadrant 2,1,2,16,,#FF0000,0,159.99478984531655,3
image_58.png,5,False,278.4547168545498,360.6426188087507,20,#FF0000,Quadrant 3,2,1,16,,#FF0000,0,250.96717777414605,3
image_59.png,2,True,185.4577663952147,55.47871826533868,20,#FF0000,Quadrant 1,1,1,84,140,#FF0000,0,260.7591329331499,6
image_59.png,5,False,130.82996957494566,181.7524023570211,20,#FF0000,Quadrant 1,1,1,84,,#FF0000,0,186.02507693168252,6
image_59.png,5,False,38.43356399988755,238.22349145468394,20,#FF0000,Quadrant 3,2,1,84,,#FF0000,0,307.2798223688351,6
image_59.png,5,False,484.2102696124805,377.11748302375923,20,#FF0000,Quadrant 4,2,2,84,,#FF0000,0,153.6233767828557,6
image_59.png,5,False,343.1987264530695,105.13812549525323,20,#FF0000,Quadrant 1,1,1,84,,#FF0000,0,27.655434248479494,6
image_59.png,5,False,523.981702744119,258.16344043794993,20,#FF0000,Quadrant 4,2,2,84,,#FF0000,0,139.42932426382927,6
image_59.png,5,False,270.559810759348,125.2605652291492,20,#FF0000,Quadrant 1,1,1,84,,#FF0000,0,63.58737795119404,6
image_59.png,5,False,607.3746902690069,231.5893904835993,20,#FF0000,Quadrant 4,2,2,84,,#FF0000,0,80.43215366024779,6
image_59.png,5,False,502.827456588858,316.58219682346913,20,#FF0000,Quadrant 4,2,2,84,,#FF0000,0,177.60637583094615,6
image_59.png,5,False,90.98569202392912,73.15577953025405,20,#FF0000,Quadrant 1,1,1,84,,#FF0000,0,341.2948105349829,6
image_59.png,5,False,685.3910890240766,239.7678574973892,20,#FF0000,Quadrant 4,2,2,84,,#FF0000,0,47.519642312290514,6
image_59.png,5,False,352.84436037867897,311.25951919102823,20,#FF0000,Quadrant 3,2,1,84,,#FF0000,0,8.524152619503603,6
image_59.png,5,False,499.09366778914426,350.3266184796465,20,#FF0000,Quadrant 4,2,2,84,,#FF0000,0,154.79044591928673,6
image_59.png,5,False,385.46090937599587,169.24009535493494,20,#FF0000,Quadrant 2,1,2,84,,#FF0000,0,132.5837873558664,6
image_59.png,5,False,311.60458519285163,276.3740536392665,20,#FF0000,Quadrant 3,2,1,84,,#FF0000,0,12.073269936478086,6
image_59.png,5,False,71.11039629617608,342.801227708118,20,#FF0000,Quadrant 3,2,1,84,,#FF0000,0,24.09787791567387,6
image_59.png,5,False,338.0169804879597,202.6889286598991,20,#FF0000,Quadrant 3,2,1,84,,#FF0000,0,239.29283297621703,6
image_59.png,5,False,650.3008878919647,62.98530919657728,20,#FF0000,Quadrant 2,1,2,84,,#FF0000,0,87.56350522027792,6
image_59.png,5,False,465.6448952228023,217.3573412233127,20,#FF0000,Quadrant 4,2,2,84,,#FF0000,0,70.7461366101858,6
image_59.png,5,False,340.2591414081917,377.9871116475709,20,#FF0000,Quadrant 3,2,1,84,,#FF0000,0,200.65265070410373,6
image_59.png,5,False,412.08103210280257,54.79123457933936,20,#FF0000,Quadrant 2,1,2,84,,#FF0000,0,236.25457098173842,6
image_59.png,5,False,150.48616660795955,124.52969357635975,20,#FF0000,Quadrant 1,1,1,84,,#FF0000,0,14.312074807356186,6
image_59.png,5,False,280.1990231850177,151.56253567842936,20,#FF0000,Quadrant 1,1,1,84,,#FF0000,0,268.79117319383175,6
image_59.png,5,False,19.381974791634992,209.28486078764817,20,#FF0000,Quadrant 3,2,1,84,,#FF0000,0,183.67057028197758,6
image_59.png,5,False,376.5277972005517,125.6640866308316,20,#FF0000,Quadrant 2,1,2,84,,#FF0000,0,95.71950652305947,6
image_59.png,5,False,231.15561709094126,103.10958368555744,20,#FF0000,Quadrant 1,1,1,84,,#FF0000,0,292.12622649477606,6
image_59.png,5,False,158.14356482767732,262.00574105575015,20,#FF0000,Quadrant 3,2,1,84,,#FF0000,0,172.94010079235662,6
image_59.png,5,False,158.5303954947247,76.17399318970848,20,#FF0000,Quadrant 1,1,1,84,,#FF0000,0,172.17915722984347,6
image_59.png,5,False,443.0235291050862,335.58587878840297,20,#FF0000,Quadrant 4,2,2,84,,#FF0000,0,199.09171602146893,6
image_59.png,5,False,470.6197377180486,335.265648355559,20,#FF0000,Quadrant 4,2,2,84,,#FF0000,0,25.530673955384326,6
image_59.png,5,False,534.9969174254527,191.56621456190476,20,#FF0000,Quadrant 2,1,2,84,,#FF0000,0,52.34494201858912,6
image_59.png,5,False,61.01457514675296,73.26896771335328,20,#FF0000,Quadrant 1,1,1,84,,#FF0000,0,356.352093781905,6
image_59.png,5,False,295.90744100214675,247.4856818968885,20,#FF0000,Quadrant 3,2,1,84,,#FF0000,0,225.69873892686476,6
image_59.png,5,False,581.4752160745916,164.6159736257523,20,#FF0000,Quadrant 2,1,2,84,,#FF0000,0,337.5390777075524,6
image_59.png,5,False,40.56423621543311,132.1443050733126,20,#FF0000,Quadrant 1,1,1,84,,#FF0000,0,270.85354175771454,6
image_59.png,5,False,143.70532328464807,285.61520470555746,20,#FF0000,Quadrant 3,2,1,84,,#FF0000,0,142.06638164788097,6
image_59.png,5,False,320.9317253443208,327.1487829066931,20,#FF0000,Quadrant 3,2,1,84,,#FF0000,0,134.52560410409748,6
image_59.png,5,False,636.2729412893045,192.20027256332784,20,#FF0000,Quadrant 2,1,2,84,,#FF0000,0,80.89958063884869,6
image_59.png,5,False,362.07807930070686,164.66903191956487,20,#FF0000,Quadrant 2,1,2,84,,#FF0000,0,341.7796463114644,6
image_59.png,5,False,448.7523290318955,102.22674846957626,20,#FF0000,Quadrant 2,1,2,84,,#FF0000,0,313.87362980808956,6
image_59.png,5,False,353.52497067053116,39.37094449681264,20,#FF0000,Quadrant 1,1,1,84,,#FF0000,0,187.653056558564,6
image_59.png,5,False,298.5310252733834,223.31756235711666,20,#FF0000,Quadrant 3,2,1,84,,#FF0000,0,215.9358421797234,6
image_59.png,5,False,546.3860824651528,303.1630314622018,20,#FF0000,Quadrant 4,2,2,84,,#FF0000,0,253.61077458407107,6
image_59.png,5,False,202.12131895096,117.1550549684739,20,#FF0000,Quadrant 1,1,1,84,,#FF0000,0,14.381477333810967,6
image_59.png,5,False,690.8217656604149,140.080435698642,20,#FF0000,Quadrant 2,1,2,84,,#FF0000,0,234.06006969848346,6
image_59.png,5,False,428.0488538545628,358.505527365786,20,#FF0000,Quadrant 4,2,2,84,,#FF0000,0,301.0768100075777,6
image_59.png,5,False,105.57719708507548,138.41444695288945,20,#FF0000,Quadrant 1,1,1,84,,#FF0000,0,282.89378260549694,6
image_59.png,5,False,682.9311623343863,212.3753851460299,20,#FF0000,Quadrant 4,2,2,84,,#FF0000,0,248.91266715737572,6
image_59.png,5,False,649.578868300495,133.53412529027656,20,#FF0000,Quadrant 2,1,2,84,,#FF0000,0,82.02320242448587,6
image_59.png,5,False,142.78267125133868,378.5447781518057,20,#FF0000,Quadrant 3,2,1,84,,#FF0000,0,86.18932547990508,6
image_59.png,5,False,241.81395604964968,266.5658436831968,20,#FF0000,Quadrant 3,2,1,84,,#FF0000,0,69.06475467432048,6
image_59.png,5,False,422.8569907920908,264.14078772920374,20,#FF0000,Quadrant 4,2,2,84,,#FF0000,0,100.26796888565758,6
image_59.png,5,False,433.3940205245407,308.4456990409416,20,#FF0000,Quadrant 4,2,2,84,,#FF0000,0,67.80700234020544,6
image_59.png,5,False,485.26087194879005,82.80716706607548,20,#FF0000,Quadrant 2,1,2,84,,#FF0000,0,288.8079923180286,6
image_59.png,5,False,501.99589465538116,219.99740682089222,20,#FF0000,Quadrant 4,2,2,84,,#FF0000,0,246.95267744463155,6
image_59.png,5,False,508.9696112324622,121.17230142197792,20,#FF0000,Quadrant 2,1,2,84,,#FF0000,0,42.19587580005353,6
image_59.png,5,False,622.3312790923706,317.02029164023133,20,#FF0000,Quadrant 4,2,2,84,,#FF0000,0,121.45394374361648,6
image_59.png,5,False,280.83323256457254,282.0416680152707,20,#FF0000,Quadrant 3,2,1,84,,#FF0000,0,134.99950445017348,6
image_59.png,5,False,327.3055859526584,140.048985416565,20,#FF0000,Quadrant 1,1,1,84,,#FF0000,0,335.6942096691443,6
image_59.png,5,False,570.4619260922824,107.31850572459815,20,#FF0000,Quadrant 2,1,2,84,,#FF0000,0,23.95670554052375,6
image_59.png,5,False,655.0434519626068,219.1435023143485,20,#FF0000,Quadrant 4,2,2,84,,#FF0000,0,178.22001758004575,6
image_59.png,5,False,85.46655241562166,176.2511027473391,20,#FF0000,Quadrant 1,1,1,84,,#FF0000,0,176.2414542905825,6
image_59.png,5,False,695.9968948777912,26.511084617913053,20,#FF0000,Quadrant 2,1,2,84,,#FF0000,0,273.64479160657464,6
image_59.png,5,False,85.04106164656642,213.31415666237922,20,#FF0000,Quadrant 3,2,1,84,,#FF0000,0,25.300792901576795,6
image_59.png,5,False,77.06864114731724,291.86274124370345,20,#FF0000,Quadrant 3,2,1,84,,#FF0000,0,45.87196143115632,6
image_59.png,5,False,38.51685731197627,260.5922474724237,20,#FF0000,Quadrant 3,2,1,84,,#FF0000,0,152.3749964964493,6
image_59.png,5,False,87.77667608566918,380.2441067845232,20,#FF0000,Quadrant 3,2,1,84,,#FF0000,0,21.55675831100488,6
image_59.png,5,False,254.5969413018908,100.34496139991056,20,#FF0000,Quadrant 1,1,1,84,,#FF0000,0,334.02655421899027,6
image_59.png,5,False,23.016554136813546,71.62960461128642,20,#FF0000,Quadrant 1,1,1,84,,#FF0000,0,195.01605914433887,6
image_59.png,5,False,96.8240981841537,104.060936358232,20,#FF0000,Quadrant 1,1,1,84,,#FF0000,0,291.4381201196652,6
image_59.png,5,False,473.4303384762445,175.50306067692486,20,#FF0000,Quadrant 2,1,2,84,,#FF0000,0,1.1406100240160955,6
image_59.png,5,False,114.61563313964203,346.708759541301,20,#FF0000,Quadrant 3,2,1,84,,#FF0000,0,159.88790481768487,6
image_59.png,5,False,528.2282906244103,19.70405087320523,20,#FF0000,Quadrant 2,1,2,84,,#FF0000,0,306.2110974000323,6
image_59.png,5,False,613.976085454162,140.38514180292373,20,#FF0000,Quadrant 2,1,2,84,,#FF0000,0,157.19410422631793,6
image_59.png,5,False,587.6514876526741,269.2792519238375,20,#FF0000,Quadrant 4,2,2,84,,#FF0000,0,27.84850341337377,6
image_59.png,5,False,289.36034852052626,93.37691999056972,20,#FF0000,Quadrant 1,1,1,84,,#FF0000,0,60.617394772955635,6
image_59.png,5,False,199.88367814123282,281.2449707230671,20,#FF0000,Quadrant 3,2,1,84,,#FF0000,0,127.17557628331201,6
image_59.png,5,False,272.43695715591423,342.7821542438233,20,#FF0000,Quadrant 3,2,1,84,,#FF0000,0,323.4429374569831,6
image_59.png,5,False,404.8713373231283,146.89877632265546,20,#FF0000,Quadrant 2,1,2,84,,#FF0000,0,7.876551896282673,6
image_59.png,5,False,311.6050839942617,179.33381652588454,20,#FF0000,Quadrant 1,1,1,84,,#FF0000,0,7.377883916681176,6
image_59.png,5,False,639.091466493914,109.22673550907241,20,#FF0000,Quadrant 2,1,2,84,,#FF0000,0,96.88379117827199,6
image_59.png,5,False,161.9852369067277,232.31695225695802,20,#FF0000,Quadrant 3,2,1,84,,#FF0000,0,56.91535190250721,6
image_59.png,5,False,376.8152899160082,84.97922292166325,20,#FF0000,Quadrant 2,1,2,84,,#FF0000,0,186.1811254596552,6
image_59.png,5,False,273.81497413806613,29.135882851097513,20,#FF0000,Quadrant 1,1,1,84,,#FF0000,0,13.065589908496552,6
image_59.png,5,False,550.5564132806447,340.5509405922226,20,#FF0000,Quadrant 4,2,2,84,,#FF0000,0,206.1392578159562,6
image_60.png,2,True,388.5296620056116,367.0820878892674,20,#FF0000,Quadrant 4,2,2,95,140,#FF0000,0,63.33981412475909,6
image_60.png,5,False,173.77295831470386,316.3214598848471,20,#FF0000,Quadrant 3,2,1,95,,#FF0000,0,322.17192158440827,6
image_60.png,5,False,501.93252495740137,36.47043493488525,20,#FF0000,Quadrant 2,1,2,95,,#FF0000,0,70.33860219231514,6
image_60.png,5,False,574.1126450418377,78.56016532953349,20,#FF0000,Quadrant 2,1,2,95,,#FF0000,0,36.543709165274215,6
image_60.png,5,False,329.6880817958655,298.6051865775567,20,#FF0000,Quadrant 3,2,1,95,,#FF0000,0,44.68942106113844,6
image_60.png,5,False,116.22312062747702,363.3527395174871,20,#FF0000,Quadrant 3,2,1,95,,#FF0000,0,260.3550584943044,6
image_60.png,5,False,17.02633319984556,334.34397024615356,20,#FF0000,Quadrant 3,2,1,95,,#FF0000,0,88.43275519674278,6
image_60.png,5,False,364.62643131142613,18.831388826259566,20,#FF0000,Quadrant 2,1,2,95,,#FF0000,0,275.8858670148363,6
image_60.png,5,False,50.16969906041104,62.01076140348969,20,#FF0000,Quadrant 1,1,1,95,,#FF0000,0,181.62350864814033,6
image_60.png,5,False,118.42158381092601,61.005991767703435,20,#FF0000,Quadrant 1,1,1,95,,#FF0000,0,17.404007977724667,6
image_60.png,5,False,585.8188648223467,227.92078216398892,20,#FF0000,Quadrant 4,2,2,95,,#FF0000,0,310.2077846171623,6
image_60.png,5,False,180.34856611085326,77.20481208308837,20,#FF0000,Quadrant 1,1,1,95,,#FF0000,0,100.53973888207878,6
image_60.png,5,False,182.01999540386996,252.97145327234315,20,#FF0000,Quadrant 3,2,1,95,,#FF0000,0,39.55542606737232,6
image_60.png,5,False,57.21400702139722,153.6666870219395,20,#FF0000,Quadrant 1,1,1,95,,#FF0000,0,271.6249011100715,6
image_60.png,5,False,283.16665801530735,215.6752644368768,20,#FF0000,Quadrant 3,2,1,95,,#FF0000,0,243.90914910683833,6
image_60.png,5,False,254.86154983802936,239.8854867539135,20,#FF0000,Quadrant 3,2,1,95,,#FF0000,0,339.5827232828454,6
image_60.png,5,False,527.2975346608597,295.1166169571911,20,#FF0000,Quadrant 4,2,2,95,,#FF0000,0,258.6081080253868,6
image_60.png,5,False,264.20837166980505,123.81114341074733,20,#FF0000,Quadrant 1,1,1,95,,#FF0000,0,215.9273582555149,6
image_60.png,5,False,295.1525596945904,153.10691582573793,20,#FF0000,Quadrant 1,1,1,95,,#FF0000,0,217.58247141167126,6
image_60.png,5,False,227.72162940126412,86.10967638803794,20,#FF0000,Quadrant 1,1,1,95,,#FF0000,0,134.50442976203044,6
image_60.png,5,False,311.0853635074544,252.33548931502813,20,#FF0000,Quadrant 3,2,1,95,,#FF0000,0,5.774954837600523,6
image_60.png,5,False,607.1208560899362,309.81818619973836,20,#FF0000,Quadrant 4,2,2,95,,#FF0000,0,52.98126013561006,6
image_60.png,5,False,458.210139035441,125.14546848702707,20,#FF0000,Quadrant 2,1,2,95,,#FF0000,0,269.7211123283523,6
image_60.png,5,False,22.284472550801663,96.83302159298111,20,#FF0000,Quadrant 1,1,1,95,,#FF0000,0,88.01704057480036,6
image_60.png,5,False,346.38854918685405,187.2799402436057,20,#FF0000,Quadrant 1,1,1,95,,#FF0000,0,158.04937341102345,6
image_60.png,5,False,618.9621884303768,186.1271373726169,20,#FF0000,Quadrant 2,1,2,95,,#FF0000,0,167.47369329455614,6
image_60.png,5,False,46.37756742579616,369.2402129993823,20,#FF0000,Quadrant 3,2,1,95,,#FF0000,0,149.68800980942405,6
image_60.png,5,False,646.7724943070505,122.6680366798153,20,#FF0000,Quadrant 2,1,2,95,,#FF0000,0,322.9339920759814,6
image_60.png,5,False,331.4466085327499,157.1184885598986,20,#FF0000,Quadrant 1,1,1,95,,#FF0000,0,19.122962997852554,6
image_60.png,5,False,144.30723897982742,359.51043858780884,20,#FF0000,Quadrant 3,2,1,95,,#FF0000,0,126.89367591830234,6
image_60.png,5,False,694.5565979093133,66.164952526686,20,#FF0000,Quadrant 2,1,2,95,,#FF0000,0,59.74034252748058,6
image_60.png,5,False,196.7603321691015,20.330366437088948,20,#FF0000,Quadrant 1,1,1,95,,#FF0000,0,255.9978082937929,6
image_60.png,5,False,561.1741991736445,184.98998703910357,20,#FF0000,Quadrant 2,1,2,95,,#FF0000,0,145.22833943556796,6
image_60.png,5,False,95.9521806072761,176.71438552968317,20,#FF0000,Quadrant 1,1,1,95,,#FF0000,0,186.11910738664582,6
image_60.png,5,False,537.1477172086124,24.66693840823296,20,#FF0000,Quadrant 2,1,2,95,,#FF0000,0,175.50605651756334,6
image_60.png,5,False,513.049799867107,225.08051756954376,20,#FF0000,Quadrant 4,2,2,95,,#FF0000,0,280.550835410329,6
image_60.png,5,False,678.0411960009066,363.6541860680394,20,#FF0000,Quadrant 4,2,2,95,,#FF0000,0,24.224105175674154,6
image_60.png,5,False,466.1646042550566,177.26763169831062,20,#FF0000,Quadrant 2,1,2,95,,#FF0000,0,136.0529959116484,6
image_60.png,5,False,39.863346638718546,125.50008990302207,20,#FF0000,Quadrant 1,1,1,95,,#FF0000,0,141.98378621999558,6
image_60.png,5,False,145.00598421887287,226.19346418384526,20,#FF0000,Quadrant 3,2,1,95,,#FF0000,0,343.28147774829813,6
image_60.png,5,False,186.7968905151167,357.2749363006118,20,#FF0000,Quadrant 3,2,1,95,,#FF0000,0,196.94014969875855,6
image_60.png,5,False,56.63127410096446,335.64176648974603,20,#FF0000,Quadrant 3,2,1,95,,#FF0000,0,0.20411339975548337,6
image_60.png,5,False,66.09900639376343,184.7311742217744,20,#FF0000,Quadrant 1,1,1,95,,#FF0000,0,177.65360386017952,6
image_60.png,5,False,435.9740660081668,381.23517452672115,20,#FF0000,Quadrant 4,2,2,95,,#FF0000,0,323.7859118237001,6
image_60.png,5,False,669.4555460143451,108.55551110299245,20,#FF0000,Quadrant 2,1,2,95,,#FF0000,0,306.2137792171051,6
image_60.png,5,False,469.1446932105815,210.09606074404837,20,#FF0000,Quadrant 4,2,2,95,,#FF0000,0,119.01595106235763,6
image_60.png,5,False,566.4641936657047,305.19593042814034,20,#FF0000,Quadrant 4,2,2,95,,#FF0000,0,245.73651537617488,6
image_60.png,5,False,694.0145892787319,30.38632360021745,20,#FF0000,Quadrant 2,1,2,95,,#FF0000,0,350.19401208117335,6
image_60.png,5,False,563.353247327311,108.38878084909759,20,#FF0000,Quadrant 2,1,2,95,,#FF0000,0,213.00942412110638,6
image_60.png,5,False,393.4047031631899,330.2165375065364,20,#FF0000,Quadrant 4,2,2,95,,#FF0000,0,296.6648379956924,6
image_60.png,5,False,669.8058130769468,186.52338443812744,20,#FF0000,Quadrant 2,1,2,95,,#FF0000,0,78.82292089662411,6
image_60.png,5,False,78.93349403512481,215.95510458356813,20,#FF0000,Quadrant 3,2,1,95,,#FF0000,0,55.17297218276998,6
image_60.png,5,False,522.5987389497245,169.4921984535794,20,#FF0000,Quadrant 2,1,2,95,,#FF0000,0,130.6774469357148,6
image_60.png,5,False,650.6743863577092,36.06918545765549,20,#FF0000,Quadrant 2,1,2,95,,#FF0000,0,173.22252170336978,6
image_60.png,5,False,416.423601265741,164.21008952394072,20,#FF0000,Quadrant 2,1,2,95,,#FF0000,0,344.97873472186984,6
image_60.png,5,False,208.37617037139472,241.7964897015106,20,#FF0000,Quadrant 3,2,1,95,,#FF0000,0,305.80202195525226,6
image_60.png,5,False,120.68328821666317,134.6600157046512,20,#FF0000,Quadrant 1,1,1,95,,#FF0000,0,59.36199367791459,6
image_60.png,5,False,16.849515746398733,215.26003108910552,20,#FF0000,Quadrant 3,2,1,95,,#FF0000,0,286.6299473157143,6
image_60.png,5,False,74.60506772088895,377.6827604619919,20,#FF0000,Quadrant 3,2,1,95,,#FF0000,0,177.35345067656988,6
image_60.png,5,False,263.70245393106086,270.1801236349015,20,#FF0000,Quadrant 3,2,1,95,,#FF0000,0,354.1323830462152,6
image_60.png,5,False,412.5929534415621,384.53380466205016,20,#FF0000,Quadrant 4,2,2,95,,#FF0000,0,14.0192091366171,6
image_60.png,5,False,280.30540784349694,386.5358654808708,20,#FF0000,Quadrant 3,2,1,95,,#FF0000,0,61.17638083502805,6
image_60.png,5,False,419.83203794653855,243.6344621206018,20,#FF0000,Quadrant 4,2,2,95,,#FF0000,0,38.713849605909765,6
image_60.png,5,False,428.64956774041394,109.27327991645743,20,#FF0000,Quadrant 2,1,2,95,,#FF0000,0,23.379307139226494,6
image_60.png,5,False,469.19090882073107,273.6755156119585,20,#FF0000,Quadrant 4,2,2,95,,#FF0000,0,306.7763158821817,6
image_60.png,5,False,258.18007459286196,203.35508224233035,20,#FF0000,Quadrant 3,2,1,95,,#FF0000,0,291.6974842764664,6
image_60.png,5,False,497.19796831373566,162.61354333156723,20,#FF0000,Quadrant 2,1,2,95,,#FF0000,0,105.71517702382943,6
image_60.png,5,False,173.00118402573028,383.17829829612697,20,#FF0000,Quadrant 3,2,1,95,,#FF0000,0,290.50771128370576,6
image_60.png,5,False,92.10779770278558,51.700958872804954,20,#FF0000,Quadrant 1,1,1,95,,#FF0000,0,211.5659144152029,6
image_60.png,5,False,310.94570099121114,57.34979426482388,20,#FF0000,Quadrant 1,1,1,95,,#FF0000,0,258.71057281922424,6
image_60.png,5,False,660.4367453289063,219.70144940693532,20,#FF0000,Quadrant 4,2,2,95,,#FF0000,0,231.95196837616683,6
image_60.png,5,False,56.51213640496503,22.861455633818125,20,#FF0000,Quadrant 1,1,1,95,,#FF0000,0,68.93589738183341,6
image_60.png,5,False,233.9463326467785,61.23743006859191,20,#FF0000,Quadrant 1,1,1,95,,#FF0000,0,255.29102288579034,6
image_60.png,5,False,16.125266640342705,307.05212509676596,20,#FF0000,Quadrant 3,2,1,95,,#FF0000,0,251.94788892735747,6
image_60.png,5,False,446.12965558872565,279.89605241745716,20,#FF0000,Quadrant 4,2,2,95,,#FF0000,0,277.50957908720557,6
image_60.png,5,False,268.0134619125492,12.034701984657026,20,#FF0000,Quadrant 1,1,1,95,,#FF0000,0,288.0751051109708,6
image_60.png,5,False,358.9320053562843,211.6685195839471,20,#FF0000,Quadrant 4,2,2,95,,#FF0000,0,265.15636703266864,6
image_60.png,5,False,695.6118067417002,242.51131135409003,20,#FF0000,Quadrant 4,2,2,95,,#FF0000,0,320.2510934348751,6
image_60.png,5,False,310.6720488841194,370.03080340043056,20,#FF0000,Quadrant 3,2,1,95,,#FF0000,0,220.40082209406765,6
image_60.png,5,False,382.22786198398757,296.6824123005043,20,#FF0000,Quadrant 4,2,2,95,,#FF0000,0,196.96434516064508,6
image_60.png,5,False,240.16512526827574,164.97312103780402,20,#FF0000,Quadrant 1,1,1,95,,#FF0000,0,16.02491753112406,6
image_60.png,5,False,651.114352802792,356.53176781751984,20,#FF0000,Quadrant 4,2,2,95,,#FF0000,0,316.1643748745936,6
image_60.png,5,False,170.12126788503429,130.13786911633028,20,#FF0000,Quadrant 1,1,1,95,,#FF0000,0,219.15376488777363,6
image_60.png,5,False,320.5479519991476,124.50678776943671,20,#FF0000,Quadrant 1,1,1,95,,#FF0000,0,212.72171944561478,6
image_60.png,5,False,387.5701456040348,168.5334119213954,20,#FF0000,Quadrant 2,1,2,95,,#FF0000,0,293.19288405640276,6
image_60.png,5,False,667.3395059620202,311.37003457428926,20,#FF0000,Quadrant 4,2,2,95,,#FF0000,0,180.63066208866636,6
image_60.png,5,False,692.3303206245707,91.67070133899166,20,#FF0000,Quadrant 2,1,2,95,,#FF0000,0,18.430449208533844,6
image_60.png,5,False,209.12686832395147,54.79948722778563,20,#FF0000,Quadrant 1,1,1,95,,#FF0000,0,238.06389092541733,6
image_60.png,5,False,386.5485824574131,86.69717545339381,20,#FF0000,Quadrant 2,1,2,95,,#FF0000,0,118.29145836685012,6
image_60.png,5,False,65.89737812821458,255.50664671387824,20,#FF0000,Quadrant 3,2,1,95,,#FF0000,0,246.6302546457959,6
image_60.png,5,False,25.256027590691243,60.0936864461674,20,#FF0000,Quadrant 1,1,1,95,,#FF0000,0,340.76828101837054,6
image_60.png,5,False,224.24028021501616,215.99678663468904,20,#FF0000,Quadrant 3,2,1,95,,#FF0000,0,335.42692947358086,6
image_60.png,5,False,598.7378672336328,12.258066672498932,20,#FF0000,Quadrant 2,1,2,95,,#FF0000,0,314.35961755900615,6
image_60.png,5,False,94.67150092735181,300.54792167024544,20,#FF0000,Quadrant 3,2,1,95,,#FF0000,0,162.46497363977687,6
image_60.png,5,False,662.064154628218,285.169161907509,20,#FF0000,Quadrant 4,2,2,95,,#FF0000,0,68.14805802933574,6
image_60.png,5,False,370.7177420607594,271.64226549981447,20,#FF0000,Quadrant 4,2,2,95,,#FF0000,0,123.15642757506917,6
image_61.png,2,True,648.1278722196042,249.73355822878045,20,#FF0000,Quadrant 4,2,2,25,140,#FF0000,0,172.32852814198188,4
image_61.png,5,False,599.0657892094007,310.62748938839053,20,#FF0000,Quadrant 4,2,2,25,,#FF0000,0,10.724078733213819,4
image_61.png,5,False,567.2125013921947,304.2759005789754,20,#FF0000,Quadrant 4,2,2,25,,#FF0000,0,155.66455928448568,4
image_61.png,5,False,126.42335594452166,245.76638159879244,20,#FF0000,Quadrant 3,2,1,25,,#FF0000,0,144.885381135714,4
image_61.png,5,False,414.99823486945746,274.60007272130554,20,#FF0000,Quadrant 4,2,2,25,,#FF0000,0,174.03232573305675,4
image_61.png,5,False,524.0647179203597,326.4452206518927,20,#FF0000,Quadrant 4,2,2,25,,#FF0000,0,351.4094155839682,4
image_61.png,5,False,548.9474396826662,221.7190354420032,20,#FF0000,Quadrant 4,2,2,25,,#FF0000,0,336.166638796313,4
image_61.png,5,False,233.0054492481154,150.43316380131796,20,#FF0000,Quadrant 1,1,1,25,,#FF0000,0,164.827146972859,4
image_61.png,5,False,36.06546326767343,82.09443917428563,20,#FF0000,Quadrant 1,1,1,25,,#FF0000,0,323.98939143946217,4
image_61.png,5,False,22.796596240247688,262.21133085356485,20,#FF0000,Quadrant 3,2,1,25,,#FF0000,0,205.5381471511105,4
image_61.png,5,False,244.38194850312698,294.39894999997483,20,#FF0000,Quadrant 3,2,1,25,,#FF0000,0,134.11346192313772,4
image_61.png,5,False,228.1522507810795,186.1959230319794,20,#FF0000,Quadrant 1,1,1,25,,#FF0000,0,2.677608944849217,4
image_61.png,5,False,77.12839793944957,207.75435984293998,20,#FF0000,Quadrant 3,2,1,25,,#FF0000,0,48.26866286611598,4
image_61.png,5,False,419.4981113563905,189.95646826075435,20,#FF0000,Quadrant 2,1,2,25,,#FF0000,0,275.80505432142166,4
image_61.png,5,False,391.05555173864684,298.87874687303497,20,#FF0000,Quadrant 4,2,2,25,,#FF0000,0,199.29062425053746,4
image_61.png,5,False,180.51988913869914,214.01682147963498,20,#FF0000,Quadrant 3,2,1,25,,#FF0000,0,229.70890577244825,4
image_61.png,5,False,37.82882597010294,51.2850646880054,20,#FF0000,Quadrant 1,1,1,25,,#FF0000,0,153.23061872752362,4
image_61.png,5,False,469.0635058376919,388.39637300190003,20,#FF0000,Quadrant 4,2,2,25,,#FF0000,0,338.0575006311673,4
image_61.png,5,False,573.0127191657679,388.72812139874617,20,#FF0000,Quadrant 4,2,2,25,,#FF0000,0,250.52643904821053,4
image_61.png,5,False,596.4687923557203,381.93527972789224,20,#FF0000,Quadrant 4,2,2,25,,#FF0000,0,101.04050965889415,4
image_61.png,5,False,261.64802872949787,199.35250367648584,20,#FF0000,Quadrant 1,1,1,25,,#FF0000,0,351.04664021094464,4
image_61.png,5,False,291.33403590815146,20.883861846580803,20,#FF0000,Quadrant 1,1,1,25,,#FF0000,0,265.9062229688111,4
image_61.png,5,False,138.31076565705547,46.182822679525955,20,#FF0000,Quadrant 1,1,1,25,,#FF0000,0,102.65587805205124,4
image_61.png,5,False,372.6935442865082,237.62836518804295,20,#FF0000,Quadrant 4,2,2,25,,#FF0000,0,49.47290253123427,4
image_61.png,5,False,89.11481126072515,379.4135759761001,20,#FF0000,Quadrant 3,2,1,25,,#FF0000,0,36.044142622586904,4
image_61.png,5,False,230.31678038919995,57.76879290513666,20,#FF0000,Quadrant 1,1,1,25,,#FF0000,0,276.47956073405334,4
image_62.png,2,True,562.4560240381954,98.51432529502921,20,#FF0000,Quadrant 2,1,2,74,140,#FF0000,0,76.43176831008603,6
image_62.png,5,False,590.7708956157945,218.97877063847898,20,#FF0000,Quadrant 4,2,2,74,,#FF0000,0,99.54536312919754,6
image_62.png,5,False,603.0250276914827,317.7761445153031,20,#FF0000,Quadrant 4,2,2,74,,#FF0000,0,194.870279197919,6
image_62.png,5,False,408.8023358481898,272.00227846512513,20,#FF0000,Quadrant 4,2,2,74,,#FF0000,0,197.61714023854844,6
image_62.png,5,False,391.5806879274018,123.47241054449005,20,#FF0000,Quadrant 2,1,2,74,,#FF0000,0,106.9943044057115,6
image_62.png,5,False,529.3360303663648,26.398748575860594,20,#FF0000,Quadrant 2,1,2,74,,#FF0000,0,322.31729258085727,6
image_62.png,5,False,300.4979273233904,259.6852595804241,20,#FF0000,Quadrant 3,2,1,74,,#FF0000,0,330.78179296901175,6
image_62.png,5,False,46.864839079367634,36.98657425978077,20,#FF0000,Quadrant 1,1,1,74,,#FF0000,0,96.85734828408029,6
image_62.png,5,False,416.34163439096886,51.381247169897655,20,#FF0000,Quadrant 2,1,2,74,,#FF0000,0,341.63417711921466,6
image_62.png,5,False,334.29472823251706,147.50645927685292,20,#FF0000,Quadrant 1,1,1,74,,#FF0000,0,171.71175163469422,6
image_62.png,5,False,193.09047031714005,234.34275702528961,20,#FF0000,Quadrant 3,2,1,74,,#FF0000,0,195.1071885114963,6
image_62.png,5,False,558.1398047177471,41.99935603347234,20,#FF0000,Quadrant 2,1,2,74,,#FF0000,0,202.02856929755825,6
image_62.png,5,False,457.80668643574717,226.08775506067005,20,#FF0000,Quadrant 4,2,2,74,,#FF0000,0,60.616730650115834,6
image_62.png,5,False,445.64798629014956,17.36759543254466,20,#FF0000,Quadrant 2,1,2,74,,#FF0000,0,312.00918970551015,6
image_62.png,5,False,498.9232711365053,75.02170269870541,20,#FF0000,Quadrant 2,1,2,74,,#FF0000,0,78.63043712339933,6
image_62.png,5,False,14.642391633185083,208.68459667844692,20,#FF0000,Quadrant 3,2,1,74,,#FF0000,0,356.27286513781377,6
image_62.png,5,False,558.5214381357098,304.4271539167731,20,#FF0000,Quadrant 4,2,2,74,,#FF0000,0,98.39318877167008,6
image_62.png,5,False,388.2714380094496,33.442487809325286,20,#FF0000,Quadrant 2,1,2,74,,#FF0000,0,67.51798285063363,6
image_62.png,5,False,470.4818956601317,83.75433793559364,20,#FF0000,Quadrant 2,1,2,74,,#FF0000,0,75.96270636299893,6
image_62.png,5,False,248.20056141055403,163.908784300586,20,#FF0000,Quadrant 1,1,1,74,,#FF0000,0,190.00121254752776,6
image_62.png,5,False,638.5041565930138,119.73652100427573,20,#FF0000,Quadrant 2,1,2,74,,#FF0000,0,212.67724624392005,6
image_62.png,5,False,600.8804458298694,58.11724914021674,20,#FF0000,Quadrant 2,1,2,74,,#FF0000,0,89.65104357822642,6
image_62.png,5,False,457.7046164424816,199.12199551276186,20,#FF0000,Quadrant 2,1,2,74,,#FF0000,0,151.28070631474063,6
image_62.png,5,False,290.42047978951064,83.26034683201438,20,#FF0000,Quadrant 1,1,1,74,,#FF0000,0,352.01370419010414,6
image_62.png,5,False,99.32362367427667,80.68729841605331,20,#FF0000,Quadrant 1,1,1,74,,#FF0000,0,91.05703628709901,6
image_62.png,5,False,93.6643152936036,264.6469862016953,20,#FF0000,Quadrant 3,2,1,74,,#FF0000,0,230.6954014962426,6
image_62.png,5,False,38.70206879868759,388.29880193247254,20,#FF0000,Quadrant 3,2,1,74,,#FF0000,0,47.68148672569205,6
image_62.png,5,False,514.8329618628716,269.5777677536286,20,#FF0000,Quadrant 4,2,2,74,,#FF0000,0,268.15685314508613,6
image_62.png,5,False,161.29547793077157,373.65312922424016,20,#FF0000,Quadrant 3,2,1,74,,#FF0000,0,47.86634525268643,6
image_62.png,5,False,460.12671474241625,282.1153988083653,20,#FF0000,Quadrant 4,2,2,74,,#FF0000,0,206.8469005898711,6
image_62.png,5,False,20.480585975961127,51.4284809308718,20,#FF0000,Quadrant 1,1,1,74,,#FF0000,0,298.7894547778419,6
image_62.png,5,False,609.6039868673193,133.89218952805174,20,#FF0000,Quadrant 2,1,2,74,,#FF0000,0,282.81509343063755,6
image_62.png,5,False,149.86721991743178,251.0494941857163,20,#FF0000,Quadrant 3,2,1,74,,#FF0000,0,159.62823807241844,6
image_62.png,5,False,254.3397726381754,339.84150609146013,20,#FF0000,Quadrant 3,2,1,74,,#FF0000,0,74.44132730451204,6
image_62.png,5,False,312.4036143475408,106.29805763926873,20,#FF0000,Quadrant 1,1,1,74,,#FF0000,0,341.6914833978048,6
image_62.png,5,False,120.27891333630502,306.3665871025478,20,#FF0000,Quadrant 3,2,1,74,,#FF0000,0,155.9856206691988,6
image_62.png,5,False,526.5954535087727,209.17859436027376,20,#FF0000,Quadrant 4,2,2,74,,#FF0000,0,300.1284144927057,6
image_62.png,5,False,87.07695883676588,119.5653560100778,20,#FF0000,Quadrant 1,1,1,74,,#FF0000,0,73.3823563816068,6
image_62.png,5,False,219.90183037436196,95.79134823271394,20,#FF0000,Quadrant 1,1,1,74,,#FF0000,0,163.59445993023718,6
image_62.png,5,False,196.781610835759,192.5724086416797,20,#FF0000,Quadrant 1,1,1,74,,#FF0000,0,346.86294362406557,6
image_62.png,5,False,275.9767564669506,383.89439849956926,20,#FF0000,Quadrant 3,2,1,74,,#FF0000,0,232.27932881507965,6
image_62.png,5,False,266.50468029586557,107.31862615633881,20,#FF0000,Quadrant 1,1,1,74,,#FF0000,0,96.3632853302908,6
image_62.png,5,False,289.1594551279127,34.80181858230317,20,#FF0000,Quadrant 1,1,1,74,,#FF0000,0,111.67818388868162,6
image_62.png,5,False,84.80509590509945,350.737202904399,20,#FF0000,Quadrant 3,2,1,74,,#FF0000,0,344.5754873643153,6
image_62.png,5,False,646.139134794851,248.20230884760517,20,#FF0000,Quadrant 4,2,2,74,,#FF0000,0,332.79504202880673,6
image_62.png,5,False,13.3225070292305,373.35893341450003,20,#FF0000,Quadrant 3,2,1,74,,#FF0000,0,351.88262842743103,6
image_62.png,5,False,486.1604293682725,220.3637623835838,20,#FF0000,Quadrant 4,2,2,74,,#FF0000,0,117.85560367001237,6
image_62.png,5,False,12.006297278570077,84.1124339761329,20,#FF0000,Quadrant 1,1,1,74,,#FF0000,0,204.46238281478475,6
image_62.png,5,False,222.06691978638503,299.8533175631821,20,#FF0000,Quadrant 3,2,1,74,,#FF0000,0,39.0478448848636,6
image_62.png,5,False,565.3647096855025,232.58071058540355,20,#FF0000,Quadrant 4,2,2,74,,#FF0000,0,90.42037643916674,6
image_62.png,5,False,472.51719798949364,374.12720728959397,20,#FF0000,Quadrant 4,2,2,74,,#FF0000,0,226.3849355630824,6
image_62.png,5,False,256.890770217653,297.87422739834466,20,#FF0000,Quadrant 3,2,1,74,,#FF0000,0,308.8067185954248,6
image_62.png,5,False,350.7807281524019,173.85116645645851,20,#FF0000,Quadrant 1,1,1,74,,#FF0000,0,191.6949552300163,6
image_62.png,5,False,486.2234851088288,50.00673308692934,20,#FF0000,Quadrant 2,1,2,74,,#FF0000,0,202.47669969435998,6
image_62.png,5,False,170.36875401434762,338.5564881755814,20,#FF0000,Quadrant 3,2,1,74,,#FF0000,0,322.5331104496007,6
image_62.png,5,False,624.073278411758,348.59283452506304,20,#FF0000,Quadrant 4,2,2,74,,#FF0000,0,231.48692139912725,6
image_62.png,5,False,513.0499038575567,361.11426587621634,20,#FF0000,Quadrant 4,2,2,74,,#FF0000,0,272.63750382149806,6
image_62.png,5,False,694.6650426318573,311.7830242936596,20,#FF0000,Quadrant 4,2,2,74,,#FF0000,0,176.2378017168011,6
image_62.png,5,False,79.96445194722197,201.3987717652942,20,#FF0000,Quadrant 3,2,1,74,,#FF0000,0,319.488578431814,6
image_62.png,5,False,407.6399349146679,11.035120706602621,20,#FF0000,Quadrant 2,1,2,74,,#FF0000,0,82.55852202275379,6
image_62.png,5,False,654.9771758683314,295.75775264941524,20,#FF0000,Quadrant 4,2,2,74,,#FF0000,0,250.6964698852984,6
image_62.png,5,False,214.25497793055453,34.16201020857661,20,#FF0000,Quadrant 1,1,1,74,,#FF0000,0,71.15208005716009,6
image_62.png,5,False,509.87864424786505,149.5908320177745,20,#FF0000,Quadrant 2,1,2,74,,#FF0000,0,261.2677840024743,6
image_62.png,5,False,535.3928051473201,326.53413757380235,20,#FF0000,Quadrant 4,2,2,74,,#FF0000,0,272.3721802000693,6
image_62.png,5,False,484.9749016582343,326.10823463378216,20,#FF0000,Quadrant 4,2,2,74,,#FF0000,0,155.45610886376062,6
image_62.png,5,False,131.64096629305857,329.61911478278296,20,#FF0000,Quadrant 3,2,1,74,,#FF0000,0,12.646622299333497,6
image_62.png,5,False,69.44601630183828,70.54797492962177,20,#FF0000,Quadrant 1,1,1,74,,#FF0000,0,151.3283955981492,6
image_62.png,5,False,296.9714063682777,175.28577782704824,20,#FF0000,Quadrant 1,1,1,74,,#FF0000,0,26.356689746277695,6
image_62.png,5,False,125.5043455762455,280.77747078730897,20,#FF0000,Quadrant 3,2,1,74,,#FF0000,0,251.88751408856984,6
image_62.png,5,False,619.9579312916894,211.66727352952566,20,#FF0000,Quadrant 4,2,2,74,,#FF0000,0,256.9400307521152,6
image_62.png,5,False,418.669530238165,374.5948383113601,20,#FF0000,Quadrant 4,2,2,74,,#FF0000,0,324.328988310239,6
image_62.png,5,False,320.4013568889102,76.06703563733863,20,#FF0000,Quadrant 1,1,1,74,,#FF0000,0,77.61153089480484,6
image_62.png,5,False,146.22978837495543,122.71193465552383,20,#FF0000,Quadrant 1,1,1,74,,#FF0000,0,300.82453345663833,6
image_62.png,5,False,331.29431969578246,45.40735476200244,20,#FF0000,Quadrant 1,1,1,74,,#FF0000,0,278.1209042129009,6
image_62.png,5,False,396.8846805189001,160.16146547889608,20,#FF0000,Quadrant 2,1,2,74,,#FF0000,0,308.583287304188,6
image_63.png,2,True,519.2148529642022,62.11245837785587,20,#FF0000,Quadrant 2,1,2,84,140,#FF0000,0,209.0384416020038,6
image_63.png,5,False,382.38848188091487,98.62056179344962,20,#FF0000,Quadrant 2,1,2,84,,#FF0000,0,186.46359581295647,6
image_63.png,5,False,636.612867690417,203.18124084501406,20,#FF0000,Quadrant 4,2,2,84,,#FF0000,0,45.513742913110875,6
image_63.png,5,False,620.3660785414662,102.28500950145043,20,#FF0000,Quadrant 2,1,2,84,,#FF0000,0,218.48450270087557,6
image_63.png,5,False,244.64813898337835,214.2001252126456,20,#FF0000,Quadrant 3,2,1,84,,#FF0000,0,198.8198297477099,6
image_63.png,5,False,239.80026803312614,62.47602205742611,20,#FF0000,Quadrant 1,1,1,84,,#FF0000,0,93.47695897527386,6
image_63.png,5,False,305.6995670121927,332.39261477237,20,#FF0000,Quadrant 3,2,1,84,,#FF0000,0,64.19162136202065,6
image_63.png,5,False,564.1774685556395,94.35195621950287,20,#FF0000,Quadrant 2,1,2,84,,#FF0000,0,73.90813298744315,6
image_63.png,5,False,367.8710403878205,247.1895376831845,20,#FF0000,Quadrant 4,2,2,84,,#FF0000,0,229.04977911843292,6
image_63.png,5,False,507.71376790647,217.6625336728938,20,#FF0000,Quadrant 4,2,2,84,,#FF0000,0,25.71668320867468,6
image_63.png,5,False,594.7386242424142,22.324924785748962,20,#FF0000,Quadrant 2,1,2,84,,#FF0000,0,99.47205750190226,6
image_63.png,5,False,548.4527677731568,304.0650085309553,20,#FF0000,Quadrant 4,2,2,84,,#FF0000,0,275.57260039560987,6
image_63.png,5,False,605.5283070118179,284.3280287047574,20,#FF0000,Quadrant 4,2,2,84,,#FF0000,0,248.71807432707095,6
image_63.png,5,False,124.63259074805538,291.55085955123207,20,#FF0000,Quadrant 3,2,1,84,,#FF0000,0,30.108167202016553,6
image_63.png,5,False,66.85254251162605,271.0475198177958,20,#FF0000,Quadrant 3,2,1,84,,#FF0000,0,229.3341106988683,6
image_63.png,5,False,565.902186145645,176.93408386572878,20,#FF0000,Quadrant 2,1,2,84,,#FF0000,0,173.08075624042684,6
image_63.png,5,False,457.1603771372937,32.63958430038441,20,#FF0000,Quadrant 2,1,2,84,,#FF0000,0,321.94594915249405,6
image_63.png,5,False,678.3954885062274,20.767997725808648,20,#FF0000,Quadrant 2,1,2,84,,#FF0000,0,227.10457048900295,6
image_63.png,5,False,254.44906956366844,154.27903242471436,20,#FF0000,Quadrant 1,1,1,84,,#FF0000,0,53.91909059751812,6
image_63.png,5,False,640.9244598319369,255.03945886766726,20,#FF0000,Quadrant 4,2,2,84,,#FF0000,0,41.45672087437092,6
image_63.png,5,False,190.6940013076372,43.14528604077572,20,#FF0000,Quadrant 1,1,1,84,,#FF0000,0,270.91055978215974,6
image_63.png,5,False,424.6399727117338,228.8735339054841,20,#FF0000,Quadrant 4,2,2,84,,#FF0000,0,292.5957150255121,6
image_63.png,5,False,349.3948932276,355.0758598767156,20,#FF0000,Quadrant 3,2,1,84,,#FF0000,0,171.64020168323938,6
image_63.png,5,False,554.1454918627055,129.73495390586783,20,#FF0000,Quadrant 2,1,2,84,,#FF0000,0,180.50955164280373,6
image_63.png,5,False,360.422000322501,187.6442292326913,20,#FF0000,Quadrant 2,1,2,84,,#FF0000,0,168.7947795878197,6
image_63.png,5,False,44.65981626455599,261.2500290033656,20,#FF0000,Quadrant 3,2,1,84,,#FF0000,0,15.892709610731849,6
image_63.png,5,False,271.3701633285555,251.66047271402846,20,#FF0000,Quadrant 3,2,1,84,,#FF0000,0,318.88539767578703,6
image_63.png,5,False,509.7665672335676,114.9799806501963,20,#FF0000,Quadrant 2,1,2,84,,#FF0000,0,31.927879826188274,6
image_63.png,5,False,271.24988771161463,57.4722008193513,20,#FF0000,Quadrant 1,1,1,84,,#FF0000,0,53.98509819705787,6
image_63.png,5,False,560.6153905736132,204.41601209435845,20,#FF0000,Quadrant 4,2,2,84,,#FF0000,0,148.6700637172036,6
image_63.png,5,False,265.6311782870604,29.521210569349094,20,#FF0000,Quadrant 1,1,1,84,,#FF0000,0,356.64031413041465,6
image_63.png,5,False,128.29237115354385,229.03992159570043,20,#FF0000,Quadrant 3,2,1,84,,#FF0000,0,111.64549332684393,6
image_63.png,5,False,391.70235098261014,25.88412621808341,20,#FF0000,Quadrant 2,1,2,84,,#FF0000,0,262.6558865239794,6
image_63.png,5,False,291.23828261535226,101.86736585981657,20,#FF0000,Quadrant 1,1,1,84,,#FF0000,0,169.11692097107485,6
image_63.png,5,False,434.1898678440062,184.88894107668423,20,#FF0000,Quadrant 2,1,2,84,,#FF0000,0,216.75690612323,6
image_63.png,5,False,699.132565101304,302.9545280189998,20,#FF0000,Quadrant 4,2,2,84,,#FF0000,0,127.82774569949773,6
image_63.png,5,False,667.6896493784587,334.6270997786135,20,#FF0000,Quadrant 4,2,2,84,,#FF0000,0,280.3009691018476,6
image_63.png,5,False,97.65324260630088,33.94904747033443,20,#FF0000,Quadrant 1,1,1,84,,#FF0000,0,189.29585029569205,6
image_63.png,5,False,375.18872708542796,347.49748437173605,20,#FF0000,Quadrant 4,2,2,84,,#FF0000,0,91.01344272914046,6
image_63.png,5,False,673.9227609890373,254.34786624516724,20,#FF0000,Quadrant 4,2,2,84,,#FF0000,0,263.98259887932375,6
image_63.png,5,False,457.2946255446249,162.08989336511632,20,#FF0000,Quadrant 2,1,2,84,,#FF0000,0,67.56624125089994,6
image_63.png,5,False,474.69685688727014,64.48736100890959,20,#FF0000,Quadrant 2,1,2,84,,#FF0000,0,87.20178854279172,6
image_63.png,5,False,478.07519693195155,285.4240730448759,20,#FF0000,Quadrant 4,2,2,84,,#FF0000,0,144.02975218643905,6
image_63.png,5,False,455.53320847661917,263.11804996541565,20,#FF0000,Quadrant 4,2,2,84,,#FF0000,0,187.8204513021659,6
image_63.png,5,False,216.03725376181666,18.828143699070264,20,#FF0000,Quadrant 1,1,1,84,,#FF0000,0,110.69877435826386,6
image_63.png,5,False,593.2322861776739,173.87605780992277,20,#FF0000,Quadrant 2,1,2,84,,#FF0000,0,260.00981137962845,6
image_63.png,5,False,672.9730466622497,106.19927264049355,20,#FF0000,Quadrant 2,1,2,84,,#FF0000,0,37.473440702636594,6
image_63.png,5,False,39.09663393634132,158.48958666797256,20,#FF0000,Quadrant 1,1,1,84,,#FF0000,0,166.30750234752824,6
image_63.png,5,False,446.194670883029,70.22202014973428,20,#FF0000,Quadrant 2,1,2,84,,#FF0000,0,340.3630247234927,6
image_63.png,5,False,268.45515637864446,120.85129515417935,20,#FF0000,Quadrant 1,1,1,84,,#FF0000,0,340.611018464755,6
image_63.png,5,False,143.06204700396572,338.1469160953287,20,#FF0000,Quadrant 3,2,1,84,,#FF0000,0,67.30391253367002,6
image_63.png,5,False,471.70975374649555,188.5965151385105,20,#FF0000,Quadrant 2,1,2,84,,#FF0000,0,262.52866393607167,6
image_63.png,5,False,556.7526080815023,337.2458216685585,20,#FF0000,Quadrant 4,2,2,84,,#FF0000,0,110.78260949275628,6
image_63.png,5,False,672.4205028216795,211.47416851648518,20,#FF0000,Quadrant 4,2,2,84,,#FF0000,0,184.6728522126033,6
image_63.png,5,False,26.49698098699317,96.37749833043564,20,#FF0000,Quadrant 1,1,1,84,,#FF0000,0,329.8588020391652,6
image_63.png,5,False,177.35449729968775,274.6195318949714,20,#FF0000,Quadrant 3,2,1,84,,#FF0000,0,39.22746608118595,6
image_63.png,5,False,103.50090133291013,241.6160003125874,20,#FF0000,Quadrant 3,2,1,84,,#FF0000,0,261.17808036574274,6
image_63.png,5,False,475.1639937699532,139.49316474937265,20,#FF0000,Quadrant 2,1,2,84,,#FF0000,0,250.9886072736295,6
image_63.png,5,False,451.3270052495124,386.40163790003146,20,#FF0000,Quadrant 4,2,2,84,,#FF0000,0,104.29062908334943,6
image_63.png,5,False,151.99687303199462,92.698451436894,20,#FF0000,Quadrant 1,1,1,84,,#FF0000,0,104.8954499212962,6
image_63.png,5,False,415.5267521298368,344.95553399589585,20,#FF0000,Quadrant 4,2,2,84,,#FF0000,0,189.43651089651996,6
image_63.png,5,False,512.9027494853326,315.9344868321365,20,#FF0000,Quadrant 4,2,2,84,,#FF0000,0,43.98495124354359,6
image_63.png,5,False,44.29960004127413,379.77311839966427,20,#FF0000,Quadrant 3,2,1,84,,#FF0000,0,44.56036862713133,6
image_63.png,5,False,63.943184724666864,42.701080285409724,20,#FF0000,Quadrant 1,1,1,84,,#FF0000,0,12.512689384891766,6
image_63.png,5,False,535.5726206888762,198.7398991337014,20,#FF0000,Quadrant 2,1,2,84,,#FF0000,0,270.01527682151686,6
image_63.png,5,False,694.0897275079468,47.02634582316547,20,#FF0000,Quadrant 2,1,2,84,,#FF0000,0,346.2123522004394,6
image_63.png,5,False,154.79674858764085,21.043181083839038,20,#FF0000,Quadrant 1,1,1,84,,#FF0000,0,328.1439243744192,6
image_63.png,5,False,414.8162045743156,137.47444594147265,20,#FF0000,Quadrant 2,1,2,84,,#FF0000,0,291.8473864390206,6
image_63.png,5,False,20.039816821976245,271.2139507429007,20,#FF0000,Quadrant 3,2,1,84,,#FF0000,0,188.5931081530268,6
image_63.png,5,False,578.0751971940115,236.3152569923323,20,#FF0000,Quadrant 4,2,2,84,,#FF0000,0,262.53401564146355,6
image_63.png,5,False,636.5684857538864,357.50206061573334,20,#FF0000,Quadrant 4,2,2,84,,#FF0000,0,345.73268578141887,6
image_63.png,5,False,249.25108088012942,345.864130332345,20,#FF0000,Quadrant 3,2,1,84,,#FF0000,0,219.50734499953472,6
image_63.png,5,False,426.9433794756147,316.61814551472395,20,#FF0000,Quadrant 4,2,2,84,,#FF0000,0,27.450698852852163,6
image_63.png,5,False,451.4697598950315,228.36066170352748,20,#FF0000,Quadrant 4,2,2,84,,#FF0000,0,313.5029747288384,6
image_63.png,5,False,212.3557644829644,98.4501141910762,20,#FF0000,Quadrant 1,1,1,84,,#FF0000,0,39.188209728319606,6
image_63.png,5,False,697.8867609174195,84.5988404638101,20,#FF0000,Quadrant 2,1,2,84,,#FF0000,0,50.14571541806776,6
image_63.png,5,False,119.64021400185294,92.4913573211642,20,#FF0000,Quadrant 1,1,1,84,,#FF0000,0,293.3807106335719,6
image_63.png,5,False,100.60613887056469,213.64770221665287,20,#FF0000,Quadrant 3,2,1,84,,#FF0000,0,263.0618046657847,6
image_63.png,5,False,306.3533013237326,376.2568212963392,20,#FF0000,Quadrant 3,2,1,84,,#FF0000,0,336.81324021800424,6
image_63.png,5,False,368.82474580369797,47.28245531053676,20,#FF0000,Quadrant 2,1,2,84,,#FF0000,0,267.75257182634635,6
image_63.png,5,False,620.7218221574466,147.57975394757776,20,#FF0000,Quadrant 2,1,2,84,,#FF0000,0,19.939484203549902,6
image_63.png,5,False,539.8727049724624,107.02217532137473,20,#FF0000,Quadrant 2,1,2,84,,#FF0000,0,343.0032094060103,6
image_63.png,5,False,311.56967780840836,52.11645185556973,20,#FF0000,Quadrant 1,1,1,84,,#FF0000,0,198.10490061361642,6
image_63.png,5,False,345.351135533022,299.43364973513917,20,#FF0000,Quadrant 3,2,1,84,,#FF0000,0,225.49618411865393,6
image_63.png,5,False,177.8069788251837,349.8242683679805,20,#FF0000,Quadrant 3,2,1,84,,#FF0000,0,14.52306242062361,6
image_64.png,2,True,689.7662129870002,305.93195382772495,20,#FF0000,Quadrant 4,2,2,1,140,#FF0000,0,285.77209316202664,1
image_64.png,5,False,174.58628909718286,337.151132435846,20,#FF0000,Quadrant 3,2,1,1,,#FF0000,0,123.339341189254,1
image_65.png,2,True,375.21088311854925,165.0188396381853,20,#FF0000,Quadrant 2,1,2,71,140,#FF0000,0,265.1969224344265,6
image_65.png,5,False,455.49841243695084,243.2842299462711,20,#FF0000,Quadrant 4,2,2,71,,#FF0000,0,76.30586984864684,6
image_65.png,5,False,81.60509527907325,151.07274784654237,20,#FF0000,Quadrant 1,1,1,71,,#FF0000,0,44.68936547058911,6
image_65.png,5,False,23.43932789053715,321.81309439205893,20,#FF0000,Quadrant 3,2,1,71,,#FF0000,0,248.79879988601937,6
image_65.png,5,False,695.3082554408472,230.55889035353695,20,#FF0000,Quadrant 4,2,2,71,,#FF0000,0,182.6638100487546,6
image_65.png,5,False,210.36187633046268,228.00507291191886,20,#FF0000,Quadrant 3,2,1,71,,#FF0000,0,23.342374035590503,6
image_65.png,5,False,503.39575800154705,182.27480060559486,20,#FF0000,Quadrant 2,1,2,71,,#FF0000,0,336.58617411314236,6
image_65.png,5,False,567.2468218587272,163.27921518572174,20,#FF0000,Quadrant 2,1,2,71,,#FF0000,0,91.88784487429018,6
image_65.png,5,False,405.65050406591115,367.2993787721828,20,#FF0000,Quadrant 4,2,2,71,,#FF0000,0,215.2261314855381,6
image_65.png,5,False,441.2694088563383,316.4504822796442,20,#FF0000,Quadrant 4,2,2,71,,#FF0000,0,151.46565136303198,6
image_65.png,5,False,463.5153568851027,324.8466661641006,20,#FF0000,Quadrant 4,2,2,71,,#FF0000,0,313.04879695912246,6
image_65.png,5,False,534.2918099955772,292.9951862383528,20,#FF0000,Quadrant 4,2,2,71,,#FF0000,0,231.02975500879896,6
image_65.png,5,False,535.3871515845614,333.8884172919724,20,#FF0000,Quadrant 4,2,2,71,,#FF0000,0,243.32710150018738,6
image_65.png,5,False,370.804356095435,65.87843649335218,20,#FF0000,Quadrant 2,1,2,71,,#FF0000,0,32.27568596671892,6
image_65.png,5,False,410.1236320558495,251.7017081665358,20,#FF0000,Quadrant 4,2,2,71,,#FF0000,0,282.0710734413935,6
image_65.png,5,False,112.23604594628338,224.69847143376487,20,#FF0000,Quadrant 3,2,1,71,,#FF0000,0,204.75403256231763,6
image_65.png,5,False,624.5818377075261,51.958140059656145,20,#FF0000,Quadrant 2,1,2,71,,#FF0000,0,343.183853499923,6
image_65.png,5,False,567.0763382058063,95.30454979311794,20,#FF0000,Quadrant 2,1,2,71,,#FF0000,0,302.10709542721946,6
image_65.png,5,False,672.8727141988091,31.704013169971233,20,#FF0000,Quadrant 2,1,2,71,,#FF0000,0,203.009449553084,6
image_65.png,5,False,26.81990178022982,221.88943037975963,20,#FF0000,Quadrant 3,2,1,71,,#FF0000,0,223.99843284401246,6
image_65.png,5,False,452.12499523242394,183.81460573310574,20,#FF0000,Quadrant 2,1,2,71,,#FF0000,0,55.800293857438554,6
image_65.png,5,False,625.3175629453995,253.65179110372043,20,#FF0000,Quadrant 4,2,2,71,,#FF0000,0,150.37331692906707,6
image_65.png,5,False,159.7598219234251,223.30734998334876,20,#FF0000,Quadrant 3,2,1,71,,#FF0000,0,62.6092647741702,6
image_65.png,5,False,467.49234999756266,354.1710851249177,20,#FF0000,Quadrant 4,2,2,71,,#FF0000,0,117.2801113222,6
image_65.png,5,False,630.0815889656172,207.63882196219055,20,#FF0000,Quadrant 4,2,2,71,,#FF0000,0,234.06825160850764,6
image_65.png,5,False,397.63461739258025,17.614725679137763,20,#FF0000,Quadrant 2,1,2,71,,#FF0000,0,236.61330493497604,6
image_65.png,5,False,207.15928390995688,12.161306225961427,20,#FF0000,Quadrant 1,1,1,71,,#FF0000,0,294.7582751001209,6
image_65.png,5,False,291.74833029760265,261.83433039881584,20,#FF0000,Quadrant 3,2,1,71,,#FF0000,0,124.0858392835214,6
image_65.png,5,False,290.8931113992844,299.453791481234,20,#FF0000,Quadrant 3,2,1,71,,#FF0000,0,282.2673783675377,6
image_65.png,5,False,112.01585227345151,260.82723468961245,20,#FF0000,Quadrant 3,2,1,71,,#FF0000,0,196.02015229731433,6
image_65.png,5,False,390.3730115927528,227.56121870127268,20,#FF0000,Quadrant 4,2,2,71,,#FF0000,0,33.659061805131294,6
image_65.png,5,False,445.31310188145983,360.0684171575543,20,#FF0000,Quadrant 4,2,2,71,,#FF0000,0,124.09827252099645,6
image_65.png,5,False,398.07610808349494,316.7045285180996,20,#FF0000,Quadrant 4,2,2,71,,#FF0000,0,77.98755798768933,6
image_65.png,5,False,583.2931731077088,344.50443970472537,20,#FF0000,Quadrant 4,2,2,71,,#FF0000,0,35.37100018504397,6
image_65.png,5,False,567.1831689412869,129.57658998690283,20,#FF0000,Quadrant 2,1,2,71,,#FF0000,0,275.9367617108165,6
image_65.png,5,False,647.5161086770937,56.4302837642263,20,#FF0000,Quadrant 2,1,2,71,,#FF0000,0,121.26689667232839,6
image_65.png,5,False,198.34010298805268,350.81969503561004,20,#FF0000,Quadrant 3,2,1,71,,#FF0000,0,305.91487395205536,6
image_65.png,5,False,584.6131436519647,73.0847838881742,20,#FF0000,Quadrant 2,1,2,71,,#FF0000,0,307.66929217132537,6
image_65.png,5,False,11.673965554592629,263.39677581291295,20,#FF0000,Quadrant 3,2,1,71,,#FF0000,0,270.8398243825472,6
image_65.png,5,False,698.9275661036295,55.14433140413822,20,#FF0000,Quadrant 2,1,2,71,,#FF0000,0,140.14306353433267,6
image_65.png,5,False,277.7721410109597,87.37817856946174,20,#FF0000,Quadrant 1,1,1,71,,#FF0000,0,352.67419721760916,6
image_65.png,5,False,578.2707758673719,20.633454621674886,20,#FF0000,Quadrant 2,1,2,71,,#FF0000,0,296.48179552717,6
image_65.png,5,False,269.5069015746022,32.16280345143048,20,#FF0000,Quadrant 1,1,1,71,,#FF0000,0,340.3236662137514,6
image_65.png,5,False,66.19195584133877,249.087844485564,20,#FF0000,Quadrant 3,2,1,71,,#FF0000,0,233.38267103231658,6
image_65.png,5,False,519.2962104710908,31.534296253962403,20,#FF0000,Quadrant 2,1,2,71,,#FF0000,0,26.33860818163494,6
image_65.png,5,False,412.3166191440294,178.57254772412534,20,#FF0000,Quadrant 2,1,2,71,,#FF0000,0,70.52382554011517,6
image_65.png,5,False,109.97355340910052,286.9310720655358,20,#FF0000,Quadrant 3,2,1,71,,#FF0000,0,148.00858665788144,6
image_65.png,5,False,316.0168165087536,117.40736037268454,20,#FF0000,Quadrant 1,1,1,71,,#FF0000,0,178.2967662709492,6
image_65.png,5,False,288.8180485791252,337.2201625228094,20,#FF0000,Quadrant 3,2,1,71,,#FF0000,0,50.302981297430634,6
image_65.png,5,False,421.85897476618027,141.24008260188117,20,#FF0000,Quadrant 2,1,2,71,,#FF0000,0,241.70163308687773,6
image_65.png,5,False,74.43589904084511,340.78547392794167,20,#FF0000,Quadrant 3,2,1,71,,#FF0000,0,199.9672163093099,6
image_65.png,5,False,57.02114220648216,304.9856734992589,20,#FF0000,Quadrant 3,2,1,71,,#FF0000,0,335.6946603704046,6
image_65.png,5,False,656.2998152600468,266.0110544389234,20,#FF0000,Quadrant 4,2,2,71,,#FF0000,0,8.184625081869964,6
image_65.png,5,False,679.534614365846,86.01003627932006,20,#FF0000,Quadrant 2,1,2,71,,#FF0000,0,94.60766780508244,6
image_65.png,5,False,72.4497374054754,61.1476236632842,20,#FF0000,Quadrant 1,1,1,71,,#FF0000,0,163.39191797048386,6
image_65.png,5,False,257.5785870371693,362.77097517797296,20,#FF0000,Quadrant 3,2,1,71,,#FF0000,0,335.29918397301475,6
image_65.png,5,False,641.9995554844945,162.69604935566798,20,#FF0000,Quadrant 2,1,2,71,,#FF0000,0,72.94268581350742,6
image_65.png,5,False,697.3203847668282,354.08713290166213,20,#FF0000,Quadrant 4,2,2,71,,#FF0000,0,73.77013523754755,6
image_65.png,5,False,161.80216728137924,170.47803325916666,20,#FF0000,Quadrant 1,1,1,71,,#FF0000,0,136.73863768982298,6
image_65.png,5,False,685.9059623731453,131.11174477659665,20,#FF0000,Quadrant 2,1,2,71,,#FF0000,0,297.06025291074803,6
image_65.png,5,False,386.63507924560975,127.08313815309329,20,#FF0000,Quadrant 2,1,2,71,,#FF0000,0,320.9041956099525,6
image_65.png,5,False,511.2047979480987,74.76617275776648,20,#FF0000,Quadrant 2,1,2,71,,#FF0000,0,213.31980867465074,6
image_65.png,5,False,379.0512734100723,361.6645332991353,20,#FF0000,Quadrant 4,2,2,71,,#FF0000,0,143.40944803761906,6
image_65.png,5,False,349.50972985064857,287.40438361169805,20,#FF0000,Quadrant 3,2,1,71,,#FF0000,0,264.43726970783666,6
image_65.png,5,False,230.40628475997553,22.021329223678542,20,#FF0000,Quadrant 1,1,1,71,,#FF0000,0,245.35142718649968,6
image_65.png,5,False,527.9368752897099,373.7920712922581,20,#FF0000,Quadrant 4,2,2,71,,#FF0000,0,82.4069843148673,6
image_65.png,5,False,552.2836955952831,233.4951817531748,20,#FF0000,Quadrant 4,2,2,71,,#FF0000,0,8.250725697110495,6
image_65.png,5,False,323.51229461702206,275.64216441729377,20,#FF0000,Quadrant 3,2,1,71,,#FF0000,0,358.00836893050507,6
image_65.png,5,False,657.4159298245905,100.18906896053352,20,#FF0000,Quadrant 2,1,2,71,,#FF0000,0,144.95736263636834,6
image_65.png,5,False,548.341360512676,66.39369713603105,20,#FF0000,Quadrant 2,1,2,71,,#FF0000,0,145.83048780694492,6
image_65.png,5,False,444.50152538471167,134.9426476711615,20,#FF0000,Quadrant 2,1,2,71,,#FF0000,0,64.96163040851766,6
image_65.png,5,False,694.5919021444232,267.5664128822413,20,#FF0000,Quadrant 4,2,2,71,,#FF0000,0,57.31817387810412,6
image_66.png,2,True,546.5504513744276,214.77017050828138,20,#FF0000,Quadrant 4,2,2,85,140,#FF0000,0,131.7745793263582,6
image_66.png,5,False,83.27673151469992,111.135453574846,20,#FF0000,Quadrant 1,1,1,85,,#FF0000,0,161.02163834378985,6
image_66.png,5,False,515.6853661105188,208.63255891346958,20,#FF0000,Quadrant 4,2,2,85,,#FF0000,0,204.9954472044303,6
image_66.png,5,False,131.03394808714836,382.0833716518708,20,#FF0000,Quadrant 3,2,1,85,,#FF0000,0,277.2324745159161,6
image_66.png,5,False,402.2603879062389,377.25045165898143,20,#FF0000,Quadrant 4,2,2,85,,#FF0000,0,49.94787184790754,6
image_66.png,5,False,668.9200454665018,221.74498450204106,20,#FF0000,Quadrant 4,2,2,85,,#FF0000,0,271.7866853915275,6
image_66.png,5,False,480.8029170707505,99.91285147164228,20,#FF0000,Quadrant 2,1,2,85,,#FF0000,0,192.3334213951641,6
image_66.png,5,False,384.33991369594645,307.1060474266296,20,#FF0000,Quadrant 4,2,2,85,,#FF0000,0,224.43731977959015,6
image_66.png,5,False,667.6768784828049,58.95840261312378,20,#FF0000,Quadrant 2,1,2,85,,#FF0000,0,312.5079542832066,6
image_66.png,5,False,597.2511245904673,312.78956735743856,20,#FF0000,Quadrant 4,2,2,85,,#FF0000,0,330.69096307161243,6
image_66.png,5,False,309.44095108495225,282.85341951346584,20,#FF0000,Quadrant 3,2,1,85,,#FF0000,0,303.0349996329966,6
image_66.png,5,False,183.7814276186517,377.30680293087624,20,#FF0000,Quadrant 3,2,1,85,,#FF0000,0,258.03038126905494,6
image_66.png,5,False,216.41657836762374,239.91590514524665,20,#FF0000,Quadrant 3,2,1,85,,#FF0000,0,233.4134355693738,6
image_66.png,5,False,431.10395058922234,220.2384480234761,20,#FF0000,Quadrant 4,2,2,85,,#FF0000,0,304.60879165495106,6
image_66.png,5,False,68.88573369664641,142.08260268572315,20,#FF0000,Quadrant 1,1,1,85,,#FF0000,0,23.766216285656924,6
image_66.png,5,False,360.69154763581656,374.7985367646668,20,#FF0000,Quadrant 4,2,2,85,,#FF0000,0,225.38370487428648,6
image_66.png,5,False,35.66584082728748,258.526826015497,20,#FF0000,Quadrant 3,2,1,85,,#FF0000,0,270.42278028019325,6
image_66.png,5,False,647.3944121775041,99.9361888049849,20,#FF0000,Quadrant 2,1,2,85,,#FF0000,0,32.99965566767475,6
image_66.png,5,False,319.382048607259,191.53334158721376,20,#FF0000,Quadrant 1,1,1,85,,#FF0000,0,195.8288054510593,6
image_66.png,5,False,680.7835029921288,81.5956718765971,20,#FF0000,Quadrant 2,1,2,85,,#FF0000,0,194.13723645268848,6
image_66.png,5,False,322.4324210241893,154.8094555209109,20,#FF0000,Quadrant 1,1,1,85,,#FF0000,0,336.2055702627438,6
image_66.png,5,False,434.0626840795462,282.93649820473473,20,#FF0000,Quadrant 4,2,2,85,,#FF0000,0,28.07706882706661,6
image_66.png,5,False,328.90871597815226,241.74326894559397,20,#FF0000,Quadrant 3,2,1,85,,#FF0000,0,238.92919145828975,6
image_66.png,5,False,384.4220019824271,334.9549832920461,20,#FF0000,Quadrant 4,2,2,85,,#FF0000,0,177.2896234572737,6
image_66.png,5,False,587.7240085950992,59.94628138098083,20,#FF0000,Quadrant 2,1,2,85,,#FF0000,0,304.3840612129086,6
image_66.png,5,False,454.2375968519219,131.29995813690653,20,#FF0000,Quadrant 2,1,2,85,,#FF0000,0,13.744773004875181,6
image_66.png,5,False,285.6310276493846,81.39765548649456,20,#FF0000,Quadrant 1,1,1,85,,#FF0000,0,188.77923488792527,6
image_66.png,5,False,174.62484075144786,30.607623628524053,20,#FF0000,Quadrant 1,1,1,85,,#FF0000,0,225.07205698837254,6
image_66.png,5,False,31.59955275952669,349.20292440074445,20,#FF0000,Quadrant 3,2,1,85,,#FF0000,0,96.95779739236359,6
image_66.png,5,False,696.1919163675337,154.99501421351945,20,#FF0000,Quadrant 2,1,2,85,,#FF0000,0,129.72861641648538,6
image_66.png,5,False,483.38695304559036,226.15513645472652,20,#FF0000,Quadrant 4,2,2,85,,#FF0000,0,223.03409725036985,6
image_66.png,5,False,547.3031866648774,140.5147024410817,20,#FF0000,Quadrant 2,1,2,85,,#FF0000,0,195.03723400329494,6
image_66.png,5,False,419.9868992605222,85.1285393763622,20,#FF0000,Quadrant 2,1,2,85,,#FF0000,0,141.5424105960644,6
image_66.png,5,False,572.691114844724,122.19394537948368,20,#FF0000,Quadrant 2,1,2,85,,#FF0000,0,127.08717448658219,6
image_66.png,5,False,447.79087385296714,61.31100885847709,20,#FF0000,Quadrant 2,1,2,85,,#FF0000,0,229.78843844521734,6
image_66.png,5,False,407.90065549616514,112.77743368181783,20,#FF0000,Quadrant 2,1,2,85,,#FF0000,0,191.77311857171196,6
image_66.png,5,False,607.9309074811177,338.45842645726185,20,#FF0000,Quadrant 4,2,2,85,,#FF0000,0,140.8987297036574,6
image_66.png,5,False,672.767067612304,360.18550773293305,20,#FF0000,Quadrant 4,2,2,85,,#FF0000,0,70.04441199172697,6
image_66.png,5,False,245.38820219022654,73.1513385367046,20,#FF0000,Quadrant 1,1,1,85,,#FF0000,0,336.43307385680777,6
image_66.png,5,False,479.88481825681043,134.93889214497415,20,#FF0000,Quadrant 2,1,2,85,,#FF0000,0,28.658501255578777,6
image_66.png,5,False,243.8047911580499,384.9860714700587,20,#FF0000,Quadrant 3,2,1,85,,#FF0000,0,191.89449127122276,6
image_66.png,5,False,640.7142011159792,140.78655482136406,20,#FF0000,Quadrant 2,1,2,85,,#FF0000,0,173.98902255329105,6
image_66.png,5,False,407.480694751513,163.58023239383448,20,#FF0000,Quadrant 2,1,2,85,,#FF0000,0,60.364559506670204,6
image_66.png,5,False,609.2823316944972,95.01822317970442,20,#FF0000,Quadrant 2,1,2,85,,#FF0000,0,212.0847243055311,6
image_66.png,5,False,694.0947713805007,201.69390943756412,20,#FF0000,Quadrant 4,2,2,85,,#FF0000,0,80.47931633712403,6
image_66.png,5,False,280.55010680407617,149.273994383955,20,#FF0000,Quadrant 1,1,1,85,,#FF0000,0,201.57606673107668,6
image_66.png,5,False,348.35652460564825,110.35705540676332,20,#FF0000,Quadrant 1,1,1,85,,#FF0000,0,342.5862076319419,6
image_66.png,5,False,596.7342335427843,133.61426114968248,20,#FF0000,Quadrant 2,1,2,85,,#FF0000,0,139.06047271078634,6
image_66.png,5,False,531.8756638919741,303.19522491901336,20,#FF0000,Quadrant 4,2,2,85,,#FF0000,0,219.55818768858094,6
image_66.png,5,False,440.37122218061006,342.78952513122033,20,#FF0000,Quadrant 4,2,2,85,,#FF0000,0,110.38296093140532,6
image_66.png,5,False,640.6635931846406,237.4223954457503,20,#FF0000,Quadrant 4,2,2,85,,#FF0000,0,299.662962859503,6
image_66.png,5,False,148.21284584956496,325.8832721141826,20,#FF0000,Quadrant 3,2,1,85,,#FF0000,0,59.33336032092823,6
image_66.png,5,False,173.6164099159328,310.92466539328564,20,#FF0000,Quadrant 3,2,1,85,,#FF0000,0,120.10144896441476,6
image_66.png,5,False,213.32484294908693,51.64355475841638,20,#FF0000,Quadrant 1,1,1,85,,#FF0000,0,31.75461170888358,6
image_66.png,5,False,150.3827633177944,92.87323932004328,20,#FF0000,Quadrant 1,1,1,85,,#FF0000,0,297.9357629865096,6
image_66.png,5,False,512.4829083443295,370.3353934010145,20,#FF0000,Quadrant 4,2,2,85,,#FF0000,0,151.0141382463874,6
image_66.png,5,False,561.375773397731,180.0895531616317,20,#FF0000,Quadrant 2,1,2,85,,#FF0000,0,35.05604062775952,6
image_66.png,5,False,114.13399724155481,337.68983795621955,20,#FF0000,Quadrant 3,2,1,85,,#FF0000,0,342.9830168543594,6
image_66.png,5,False,206.31689565492042,301.9690448012032,20,#FF0000,Quadrant 3,2,1,85,,#FF0000,0,288.8577106541223,6
image_66.png,5,False,545.8939242795794,78.02875660812306,20,#FF0000,Quadrant 2,1,2,85,,#FF0000,0,31.36933038137245,6
image_66.png,5,False,371.84376770123566,223.24155545781403,20,#FF0000,Quadrant 4,2,2,85,,#FF0000,0,250.58839360642827,6
image_66.png,5,False,259.7197614417641,99.83375630749335,20,#FF0000,Quadrant 1,1,1,85,,#FF0000,0,2.4215499893242765,6
image_66.png,5,False,624.3376392147652,364.49576289264587,20,#FF0000,Quadrant 4,2,2,85,,#FF0000,0,144.78969856056736,6
image_66.png,5,False,639.9831766014614,304.27475044013084,20,#FF0000,Quadrant 4,2,2,85,,#FF0000,0,200.66637166794564,6
image_66.png,5,False,669.3712361197889,337.6050107789476,20,#FF0000,Quadrant 4,2,2,85,,#FF0000,0,149.78991792360614,6
image_66.png,5,False,203.60173871941836,337.06003435961134,20,#FF0000,Quadrant 3,2,1,85,,#FF0000,0,194.00936394328275,6
image_66.png,5,False,515.9596951928236,170.5026274069725,20,#FF0000,Quadrant 2,1,2,85,,#FF0000,0,227.58206428761056,6
image_66.png,5,False,209.45447688167576,200.76777974309775,20,#FF0000,Quadrant 3,2,1,85,,#FF0000,0,302.9674832590909,6
image_66.png,5,False,488.60118290011513,383.47594238525204,20,#FF0000,Quadrant 4,2,2,85,,#FF0000,0,29.872034881043707,6
image_66.png,5,False,653.5438472878043,13.365355980256332,20,#FF0000,Quadrant 2,1,2,85,,#FF0000,0,9.142468042709648,6
image_66.png,5,False,118.44482270864548,126.98600078229873,20,#FF0000,Quadrant 1,1,1,85,,#FF0000,0,14.184787388406512,6
image_66.png,5,False,414.9822847248412,343.03812040187313,20,#FF0000,Quadrant 4,2,2,85,,#FF0000,0,230.09941371266856,6
image_66.png,5,False,173.89424179007946,253.92188863192882,20,#FF0000,Quadrant 3,2,1,85,,#FF0000,0,26.189340837643094,6
image_66.png,5,False,693.936891547259,54.74728095635752,20,#FF0000,Quadrant 2,1,2,85,,#FF0000,0,297.29427932135957,6
image_66.png,5,False,342.0846114701094,208.2354509766884,20,#FF0000,Quadrant 3,2,1,85,,#FF0000,0,116.63157375436063,6
image_66.png,5,False,206.61363141199806,118.48920291456697,20,#FF0000,Quadrant 1,1,1,85,,#FF0000,0,245.51817771891487,6
image_66.png,5,False,436.05000336418703,156.8420941209187,20,#FF0000,Quadrant 2,1,2,85,,#FF0000,0,187.1312441596767,6
image_66.png,5,False,504.8321409303223,65.45935960742028,20,#FF0000,Quadrant 2,1,2,85,,#FF0000,0,223.18641631481162,6
image_66.png,5,False,212.64838354384386,167.2196330620972,20,#FF0000,Quadrant 1,1,1,85,,#FF0000,0,258.9698819950573,6
image_66.png,5,False,571.5478316702703,278.45987087035076,20,#FF0000,Quadrant 4,2,2,85,,#FF0000,0,78.63790996326887,6
image_66.png,5,False,83.93836674708731,61.54834716007235,20,#FF0000,Quadrant 1,1,1,85,,#FF0000,0,290.7824952445043,6
image_66.png,5,False,98.01754371765826,240.28695187072728,20,#FF0000,Quadrant 3,2,1,85,,#FF0000,0,301.08191834874157,6
image_66.png,5,False,455.5068961447557,247.9727219435621,20,#FF0000,Quadrant 4,2,2,85,,#FF0000,0,316.3190482766936,6
image_66.png,5,False,51.64031433955358,290.0760578145639,20,#FF0000,Quadrant 3,2,1,85,,#FF0000,0,224.6644290785303,6
image_66.png,5,False,368.9979204359032,168.0091040520635,20,#FF0000,Quadrant 2,1,2,85,,#FF0000,0,318.7735679175433,6
image_66.png,5,False,151.5263964488224,219.9379856965269,20,#FF0000,Quadrant 3,2,1,85,,#FF0000,0,176.23362643759165,6
image_67.png,2,True,124.7257475139068,189.28776111246333,20,#FF0000,Quadrant 1,1,1,45,140,#FF0000,0,8.72113966721833,5
image_67.png,5,False,71.00631252894834,183.37838435831486,20,#FF0000,Quadrant 1,1,1,45,,#FF0000,0,186.7252681718767,5
image_67.png,5,False,630.9977783799949,192.4700811765404,20,#FF0000,Quadrant 2,1,2,45,,#FF0000,0,283.29226125061115,5
image_67.png,5,False,525.5635248914432,148.28483690657922,20,#FF0000,Quadrant 2,1,2,45,,#FF0000,0,115.50559024306116,5
image_67.png,5,False,344.36117901261383,154.22783027959883,20,#FF0000,Quadrant 1,1,1,45,,#FF0000,0,225.9844304295399,5
image_67.png,5,False,660.1328931415529,134.01414225879682,20,#FF0000,Quadrant 2,1,2,45,,#FF0000,0,310.5855843844918,5
image_67.png,5,False,363.0295074260551,304.1458177204752,20,#FF0000,Quadrant 4,2,2,45,,#FF0000,0,222.700145486625,5
image_67.png,5,False,323.51199125112896,351.0682510480451,20,#FF0000,Quadrant 3,2,1,45,,#FF0000,0,241.1223231783843,5
image_67.png,5,False,333.98423851991635,34.93569201833773,20,#FF0000,Quadrant 1,1,1,45,,#FF0000,0,43.53471631073435,5
image_67.png,5,False,147.643299431778,308.5660053871532,20,#FF0000,Quadrant 3,2,1,45,,#FF0000,0,247.49382344949743,5
image_67.png,5,False,648.8727399627123,258.7397204503832,20,#FF0000,Quadrant 4,2,2,45,,#FF0000,0,262.18924431664624,5
image_67.png,5,False,670.160101155089,361.0609365780857,20,#FF0000,Quadrant 4,2,2,45,,#FF0000,0,347.9832803235459,5
image_67.png,5,False,129.8827210063267,228.9729708661353,20,#FF0000,Quadrant 3,2,1,45,,#FF0000,0,117.29613889339663,5
image_67.png,5,False,434.6035400145788,291.09594961787326,20,#FF0000,Quadrant 4,2,2,45,,#FF0000,0,204.07486146294286,5
image_67.png,5,False,669.230619508461,288.0003386098431,20,#FF0000,Quadrant 4,2,2,45,,#FF0000,0,317.3611356439391,5
image_67.png,5,False,463.8432537340721,232.1968064642486,20,#FF0000,Quadrant 4,2,2,45,,#FF0000,0,287.78506634908683,5
image_67.png,5,False,173.79145175301264,219.14907457220534,20,#FF0000,Quadrant 3,2,1,45,,#FF0000,0,230.5287041451892,5
image_67.png,5,False,125.76247628029904,257.95483412948016,20,#FF0000,Quadrant 3,2,1,45,,#FF0000,0,85.12370081852643,5
image_67.png,5,False,298.9161472481926,195.8810193536366,20,#FF0000,Quadrant 1,1,1,45,,#FF0000,0,110.90210956365,5
image_67.png,5,False,518.8721896661948,344.58739818925017,20,#FF0000,Quadrant 4,2,2,45,,#FF0000,0,232.05833618856875,5
image_67.png,5,False,567.8786223890883,120.56057601732867,20,#FF0000,Quadrant 2,1,2,45,,#FF0000,0,78.79176779212212,5
image_67.png,5,False,404.4491212604795,109.67233748088583,20,#FF0000,Quadrant 2,1,2,45,,#FF0000,0,339.08340459348045,5
image_67.png,5,False,569.6160260265345,303.9239020071057,20,#FF0000,Quadrant 4,2,2,45,,#FF0000,0,91.40264934256084,5
image_67.png,5,False,510.54551489095365,79.21405657870156,20,#FF0000,Quadrant 2,1,2,45,,#FF0000,0,220.03662241679964,5
image_67.png,5,False,579.3347706216076,336.3121816076075,20,#FF0000,Quadrant 4,2,2,45,,#FF0000,0,160.85762036814293,5
image_67.png,5,False,139.70156541801072,76.89695380906433,20,#FF0000,Quadrant 1,1,1,45,,#FF0000,0,157.9665595365145,5
image_67.png,5,False,49.19645308058407,104.17297467604543,20,#FF0000,Quadrant 1,1,1,45,,#FF0000,0,25.157691377045555,5
image_67.png,5,False,333.8040882234628,210.2060260640889,20,#FF0000,Quadrant 3,2,1,45,,#FF0000,0,324.3861345538682,5
image_67.png,5,False,236.21809315883905,230.08069407617447,20,#FF0000,Quadrant 3,2,1,45,,#FF0000,0,322.33778040334647,5
image_67.png,5,False,641.421747479983,102.86428020442,20,#FF0000,Quadrant 2,1,2,45,,#FF0000,0,200.99241063363507,5
image_67.png,5,False,557.5379699022152,161.11577763884338,20,#FF0000,Quadrant 2,1,2,45,,#FF0000,0,35.48030680788952,5
image_67.png,5,False,605.5919527814257,218.13624172829458,20,#FF0000,Quadrant 4,2,2,45,,#FF0000,0,284.6108688518357,5
image_67.png,5,False,428.9335961838351,366.216763208162,20,#FF0000,Quadrant 4,2,2,45,,#FF0000,0,199.5156065823164,5
image_67.png,5,False,368.3319336241813,202.23601927198098,20,#FF0000,Quadrant 4,2,2,45,,#FF0000,0,318.5371509761864,5
image_67.png,5,False,251.67660290746792,90.6014072453589,20,#FF0000,Quadrant 1,1,1,45,,#FF0000,0,204.81167106191202,5
image_67.png,5,False,496.71254447323855,151.68891127599406,20,#FF0000,Quadrant 2,1,2,45,,#FF0000,0,266.3932032878399,5
image_67.png,5,False,52.94701567514852,327.7089828008631,20,#FF0000,Quadrant 3,2,1,45,,#FF0000,0,141.96447620353794,5
image_67.png,5,False,698.3089738680251,301.51896385316167,20,#FF0000,Quadrant 4,2,2,45,,#FF0000,0,270.2184626796914,5
image_67.png,5,False,202.63169982161372,125.19513382998562,20,#FF0000,Quadrant 1,1,1,45,,#FF0000,0,72.71826987148317,5
image_67.png,5,False,455.68531471866964,318.94629106274033,20,#FF0000,Quadrant 4,2,2,45,,#FF0000,0,332.11607798655626,5
image_67.png,5,False,406.3842470570342,52.383757114121174,20,#FF0000,Quadrant 2,1,2,45,,#FF0000,0,307.866825505566,5
image_67.png,5,False,586.441832107958,72.61579481249751,20,#FF0000,Quadrant 2,1,2,45,,#FF0000,0,23.90703681766602,5
image_67.png,5,False,26.737159749068176,67.403411828135,20,#FF0000,Quadrant 1,1,1,45,,#FF0000,0,312.3332944041857,5
image_67.png,5,False,250.94256052003624,20.083320535388374,20,#FF0000,Quadrant 1,1,1,45,,#FF0000,0,211.2766244243099,5
image_67.png,5,False,340.32046154871506,258.119277626648,20,#FF0000,Quadrant 3,2,1,45,,#FF0000,0,109.00463694022756,5
image_67.png,5,False,14.384697036760894,168.09090610625927,20,#FF0000,Quadrant 1,1,1,45,,#FF0000,0,70.6797424569398,5
image_68.png,2,True,484.1869608678753,199.94906149154338,20,#FF0000,Quadrant 2,1,2,61,140,#FF0000,0,29.75321408920104,5
image_68.png,5,False,90.35222451412531,161.37577270195945,20,#FF0000,Quadrant 1,1,1,61,,#FF0000,0,219.13099399409634,5
image_68.png,5,False,515.179490682345,54.68152667834493,20,#FF0000,Quadrant 2,1,2,61,,#FF0000,0,227.98464726161524,5
image_68.png,5,False,608.1775824069642,360.2672799285647,20,#FF0000,Quadrant 4,2,2,61,,#FF0000,0,56.66563810786987,5
image_68.png,5,False,293.5668322775877,295.5054250921987,20,#FF0000,Quadrant 3,2,1,61,,#FF0000,0,345.64103935453375,5
image_68.png,5,False,90.34931621269807,302.58047044274184,20,#FF0000,Quadrant 3,2,1,61,,#FF0000,0,50.26861771390769,5
image_68.png,5,False,640.2535573207372,26.819723022890557,20,#FF0000,Quadrant 2,1,2,61,,#FF0000,0,37.62199168369838,5
image_68.png,5,False,32.99106054479108,62.40300023029561,20,#FF0000,Quadrant 1,1,1,61,,#FF0000,0,222.30286642761118,5
image_68.png,5,False,522.6373913935618,211.02067139194793,20,#FF0000,Quadrant 4,2,2,61,,#FF0000,0,123.45801650150389,5
image_68.png,5,False,182.3362828447555,360.832568537326,20,#FF0000,Quadrant 3,2,1,61,,#FF0000,0,157.5493095492189,5
image_68.png,5,False,158.50747432193802,121.98542054125735,20,#FF0000,Quadrant 1,1,1,61,,#FF0000,0,268.83831309292566,5
image_68.png,5,False,273.015403221613,89.77592103678076,20,#FF0000,Quadrant 1,1,1,61,,#FF0000,0,69.28004648775963,5
image_68.png,5,False,134.21916852691396,256.93682621015466,20,#FF0000,Quadrant 3,2,1,61,,#FF0000,0,4.827264530371096,5
image_68.png,5,False,218.70950001560885,207.93524512031655,20,#FF0000,Quadrant 3,2,1,61,,#FF0000,0,239.4517684880891,5
image_68.png,5,False,551.8656971330121,77.57984836379718,20,#FF0000,Quadrant 2,1,2,61,,#FF0000,0,53.86743869758863,5
image_68.png,5,False,26.646800817531975,222.07013729356055,20,#FF0000,Quadrant 3,2,1,61,,#FF0000,0,32.436166274563625,5
image_68.png,5,False,372.59848581910967,359.48915800038594,20,#FF0000,Quadrant 4,2,2,61,,#FF0000,0,142.1221329653667,5
image_68.png,5,False,408.1599605242332,134.46964486829856,20,#FF0000,Quadrant 2,1,2,61,,#FF0000,0,309.54378339012845,5
image_68.png,5,False,578.2111135607618,84.20117201534293,20,#FF0000,Quadrant 2,1,2,61,,#FF0000,0,6.1613635897405095,5
image_68.png,5,False,696.2567240054085,143.29067494537716,20,#FF0000,Quadrant 2,1,2,61,,#FF0000,0,304.87431326524757,5
image_68.png,5,False,555.9821942037798,317.355623040485,20,#FF0000,Quadrant 4,2,2,61,,#FF0000,0,136.9784237613721,5
image_68.png,5,False,11.851658894825887,362.8048837864821,20,#FF0000,Quadrant 3,2,1,61,,#FF0000,0,264.953969984176,5
image_68.png,5,False,413.0031644264497,322.280597705092,20,#FF0000,Quadrant 4,2,2,61,,#FF0000,0,280.51880218119777,5
image_68.png,5,False,168.68677170993467,182.51157738901546,20,#FF0000,Quadrant 1,1,1,61,,#FF0000,0,279.49067499474063,5
image_68.png,5,False,142.4311843144968,364.4938253440564,20,#FF0000,Quadrant 3,2,1,61,,#FF0000,0,51.07644602035205,5
image_68.png,5,False,382.81149608380963,157.42538689095724,20,#FF0000,Quadrant 2,1,2,61,,#FF0000,0,197.8901901661606,5
image_68.png,5,False,100.79985316154871,330.91731733249077,20,#FF0000,Quadrant 3,2,1,61,,#FF0000,0,274.52596733456267,5
image_68.png,5,False,62.63986814694464,291.71996255428314,20,#FF0000,Quadrant 3,2,1,61,,#FF0000,0,93.36861564922748,5
image_68.png,5,False,108.04277527465595,193.1402285218985,20,#FF0000,Quadrant 1,1,1,61,,#FF0000,0,56.22140235626991,5
image_68.png,5,False,95.82475543242509,243.1869357915115,20,#FF0000,Quadrant 3,2,1,61,,#FF0000,0,19.373543203514227,5
image_68.png,5,False,437.7836704580954,178.49730996580337,20,#FF0000,Quadrant 2,1,2,61,,#FF0000,0,59.88666128861938,5
image_68.png,5,False,295.1030467765827,60.13531501450007,20,#FF0000,Quadrant 1,1,1,61,,#FF0000,0,212.6925606135796,5
image_68.png,5,False,231.09082956516454,371.20166606167595,20,#FF0000,Quadrant 3,2,1,61,,#FF0000,0,38.53428396031643,5
image_68.png,5,False,616.3465697659935,249.7957292995713,20,#FF0000,Quadrant 4,2,2,61,,#FF0000,0,57.09543986615796,5
image_68.png,5,False,494.1274921776246,338.5197330705992,20,#FF0000,Quadrant 4,2,2,61,,#FF0000,0,2.7278903116381326,5
image_68.png,5,False,51.40832730319076,17.373132727294106,20,#FF0000,Quadrant 1,1,1,61,,#FF0000,0,11.657873465799359,5
image_68.png,5,False,634.6113270775754,372.5906681540183,20,#FF0000,Quadrant 4,2,2,61,,#FF0000,0,130.74723934287564,5
image_68.png,5,False,540.4362059447828,181.65702791003872,20,#FF0000,Quadrant 2,1,2,61,,#FF0000,0,203.19418228502838,5
image_68.png,5,False,553.132463331451,246.45862286184385,20,#FF0000,Quadrant 4,2,2,61,,#FF0000,0,152.34808773916444,5
image_68.png,5,False,207.3950458015665,329.8450069218753,20,#FF0000,Quadrant 3,2,1,61,,#FF0000,0,125.29156576029304,5
image_68.png,5,False,184.13276079613536,329.1167628484119,20,#FF0000,Quadrant 3,2,1,61,,#FF0000,0,340.4772553488248,5
image_68.png,5,False,569.1505006403296,185.539941252186,20,#FF0000,Quadrant 2,1,2,61,,#FF0000,0,49.269298473278205,5
image_68.png,5,False,566.4006585851414,289.46619730872146,20,#FF0000,Quadrant 4,2,2,61,,#FF0000,0,74.59900267118473,5
image_68.png,5,False,660.8714326247326,195.8360298811533,20,#FF0000,Quadrant 2,1,2,61,,#FF0000,0,99.42119683951081,5
image_68.png,5,False,511.7397532818018,149.44018940071567,20,#FF0000,Quadrant 2,1,2,61,,#FF0000,0,35.07419804067178,5
image_68.png,5,False,247.1333868001796,33.9833226292291,20,#FF0000,Quadrant 1,1,1,61,,#FF0000,0,38.94538246625972,5
image_68.png,5,False,678.4861885751269,318.31292418350745,20,#FF0000,Quadrant 4,2,2,61,,#FF0000,0,119.5701449267173,5
image_68.png,5,False,679.3088264215608,371.5694813591023,20,#FF0000,Quadrant 4,2,2,61,,#FF0000,0,103.58110882344546,5
image_68.png,5,False,146.42542219966953,17.588392329361994,20,#FF0000,Quadrant 1,1,1,61,,#FF0000,0,41.11410866277894,5
image_68.png,5,False,251.41522738587537,335.85491537772293,20,#FF0000,Quadrant 3,2,1,61,,#FF0000,0,156.6345937953987,5
image_68.png,5,False,318.8588629622078,276.8881333496071,20,#FF0000,Quadrant 3,2,1,61,,#FF0000,0,243.49180704295682,5
image_68.png,5,False,352.86398382821903,88.32439726254064,20,#FF0000,Quadrant 1,1,1,61,,#FF0000,0,214.6177033435839,5
image_68.png,5,False,568.9977069311241,365.8438846329004,20,#FF0000,Quadrant 4,2,2,61,,#FF0000,0,56.37040925123361,5
image_68.png,5,False,113.60143969494935,144.52235245097904,20,#FF0000,Quadrant 1,1,1,61,,#FF0000,0,157.25118708870937,5
image_68.png,5,False,176.7374580155872,63.24792416693566,20,#FF0000,Quadrant 1,1,1,61,,#FF0000,0,23.06683800266481,5
image_68.png,5,False,24.07763352324299,32.765575709738016,20,#FF0000,Quadrant 1,1,1,61,,#FF0000,0,307.3498637303801,5
image_68.png,5,False,442.8911376747301,20.424818034666078,20,#FF0000,Quadrant 2,1,2,61,,#FF0000,0,347.4291416922169,5
image_68.png,5,False,333.01008911176643,356.46531216335063,20,#FF0000,Quadrant 3,2,1,61,,#FF0000,0,174.83532518113515,5
image_68.png,5,False,527.0766179216363,110.29840450989767,20,#FF0000,Quadrant 2,1,2,61,,#FF0000,0,13.446265213737089,5
image_68.png,5,False,398.8524206114627,275.5750087074479,20,#FF0000,Quadrant 4,2,2,61,,#FF0000,0,295.3970800143852,5
image_68.png,5,False,490.8458241799791,228.03582661706332,20,#FF0000,Quadrant 4,2,2,61,,#FF0000,0,254.70266898860666,5
image_68.png,5,False,471.0519735460517,278.5215272073775,20,#FF0000,Quadrant 4,2,2,61,,#FF0000,0,113.41691113818126,5
image_69.png,2,True,40.14258173893721,241.79107618439943,20,#FF0000,Quadrant 3,2,1,41,140,#FF0000,0,282.40476922663606,5
image_69.png,5,False,567.5962066446684,123.50370984083987,20,#FF0000,Quadrant 2,1,2,41,,#FF0000,0,180.66097150477177,5
image_69.png,5,False,577.1593358991154,362.2606686275728,20,#FF0000,Quadrant 4,2,2,41,,#FF0000,0,298.84714346569774,5
image_69.png,5,False,428.60917609639813,385.1058032385083,20,#FF0000,Quadrant 4,2,2,41,,#FF0000,0,142.20007570085903,5
image_69.png,5,False,457.4905436699595,86.09490961661673,20,#FF0000,Quadrant 2,1,2,41,,#FF0000,0,229.99737441930964,5
image_69.png,5,False,483.07228623234846,318.5654847972827,20,#FF0000,Quadrant 4,2,2,41,,#FF0000,0,212.51417605613352,5
image_69.png,5,False,394.4574481299948,121.60885477495898,20,#FF0000,Quadrant 2,1,2,41,,#FF0000,0,137.59964955654226,5
image_69.png,5,False,274.200771341521,48.640017137752956,20,#FF0000,Quadrant 1,1,1,41,,#FF0000,0,147.91939591547302,5
image_69.png,5,False,208.50531621504157,29.56137725217702,20,#FF0000,Quadrant 1,1,1,41,,#FF0000,0,77.8620908750888,5
image_69.png,5,False,194.3939718085423,99.18697723810686,20,#FF0000,Quadrant 1,1,1,41,,#FF0000,0,172.76107613419325,5
image_69.png,5,False,233.07816351219833,80.17979594866624,20,#FF0000,Quadrant 1,1,1,41,,#FF0000,0,62.71035190217371,5
image_69.png,5,False,677.2911597423434,264.1585078193886,20,#FF0000,Quadrant 4,2,2,41,,#FF0000,0,265.30846691130324,5
image_69.png,5,False,412.5932536771199,355.7245211829895,20,#FF0000,Quadrant 4,2,2,41,,#FF0000,0,214.2436828023055,5
image_69.png,5,False,318.34083820903476,16.541660735937455,20,#FF0000,Quadrant 1,1,1,41,,#FF0000,0,358.4414048477755,5
image_69.png,5,False,638.7278091309544,73.42395156573238,20,#FF0000,Quadrant 2,1,2,41,,#FF0000,0,256.13528025237133,5
image_69.png,5,False,332.9479791233373,205.8859315526515,20,#FF0000,Quadrant 3,2,1,41,,#FF0000,0,9.470502415025273,5
image_69.png,5,False,383.43918087101616,75.83765344285418,20,#FF0000,Quadrant 2,1,2,41,,#FF0000,0,295.13294194242,5
image_69.png,5,False,48.84158029755879,70.85950337175836,20,#FF0000,Quadrant 1,1,1,41,,#FF0000,0,32.04821458359873,5
image_69.png,5,False,29.898861129866294,314.62831312154503,20,#FF0000,Quadrant 3,2,1,41,,#FF0000,0,239.5288735429569,5
image_69.png,5,False,76.50877642920418,362.8759808907803,20,#FF0000,Quadrant 3,2,1,41,,#FF0000,0,225.99722455007532,5
image_69.png,5,False,661.2190538612157,313.09224579955776,20,#FF0000,Quadrant 4,2,2,41,,#FF0000,0,337.14458462945487,5
image_69.png,5,False,482.5145039376014,294.84990407935663,20,#FF0000,Quadrant 4,2,2,41,,#FF0000,0,84.67586437594674,5
image_69.png,5,False,320.07180210704774,66.41702763166205,20,#FF0000,Quadrant 1,1,1,41,,#FF0000,0,280.81419356537356,5
image_69.png,5,False,683.4717870148326,374.8322684203995,20,#FF0000,Quadrant 4,2,2,41,,#FF0000,0,40.30441246971699,5
image_69.png,5,False,381.33875104050725,247.6131350705826,20,#FF0000,Quadrant 4,2,2,41,,#FF0000,0,263.1444235225089,5
image_69.png,5,False,650.2565235179967,203.1062145795116,20,#FF0000,Quadrant 4,2,2,41,,#FF0000,0,347.24958914753785,5
image_69.png,5,False,627.0787122261868,125.95512129567037,20,#FF0000,Quadrant 2,1,2,41,,#FF0000,0,334.10726684064116,5
image_69.png,5,False,533.1467093664955,181.58812828281208,20,#FF0000,Quadrant 2,1,2,41,,#FF0000,0,49.76663185550177,5
image_69.png,5,False,256.31904274687906,204.96893871392624,20,#FF0000,Quadrant 3,2,1,41,,#FF0000,0,316.86383990972405,5
image_69.png,5,False,404.47937601944636,177.45365872690257,20,#FF0000,Quadrant 2,1,2,41,,#FF0000,0,333.7568250591279,5
image_69.png,5,False,591.5463156618389,329.320892731917,20,#FF0000,Quadrant 4,2,2,41,,#FF0000,0,33.73094512799254,5
image_69.png,5,False,69.65321535910553,236.16718697861398,20,#FF0000,Quadrant 3,2,1,41,,#FF0000,0,136.88996644939834,5
image_69.png,5,False,457.4389247912228,42.764292620928565,20,#FF0000,Quadrant 2,1,2,41,,#FF0000,0,32.94133480831561,5
image_69.png,5,False,624.8920742145367,265.9006949430684,20,#FF0000,Quadrant 4,2,2,41,,#FF0000,0,56.819152712251096,5
image_69.png,5,False,556.3182046854924,237.76284674864905,20,#FF0000,Quadrant 4,2,2,41,,#FF0000,0,212.55477888397724,5
image_69.png,5,False,281.16002334395523,367.55612113803767,20,#FF0000,Quadrant 3,2,1,41,,#FF0000,0,261.4339598326114,5
image_69.png,5,False,595.2254094909616,262.21253539753616,20,#FF0000,Quadrant 4,2,2,41,,#FF0000,0,241.29941921589818,5
image_69.png,5,False,40.719803971886,145.05439080811652,20,#FF0000,Quadrant 1,1,1,41,,#FF0000,0,18.009135247531567,5
image_69.png,5,False,189.21084361786478,309.7979828523783,20,#FF0000,Quadrant 3,2,1,41,,#FF0000,0,256.8175196830111,5
image_69.png,5,False,302.8072047867453,145.04259661929734,20,#FF0000,Quadrant 1,1,1,41,,#FF0000,0,284.4419751253046,5
image_69.png,5,False,206.75693357377196,348.84234240357137,20,#FF0000,Quadrant 3,2,1,41,,#FF0000,0,63.730542775261696,5
image_69.png,5,False,136.20869785378545,252.91947933341072,20,#FF0000,Quadrant 3,2,1,41,,#FF0000,0,230.82368570072163,5
image_70.png,2,True,494.6856005022049,117.98911465453159,20,#FF0000,Quadrant 2,1,2,78,140,#FF0000,0,333.44175451835764,6
image_70.png,5,False,275.3904360215673,104.99156061034026,20,#FF0000,Quadrant 1,1,1,78,,#FF0000,0,219.5369286497925,6
image_70.png,5,False,432.53291271473,20.684751677615125,20,#FF0000,Quadrant 2,1,2,78,,#FF0000,0,95.33929360509173,6
image_70.png,5,False,226.23924131329352,35.47925290325095,20,#FF0000,Quadrant 1,1,1,78,,#FF0000,0,163.10151595035362,6
image_70.png,5,False,397.4140360272999,49.635257228341004,20,#FF0000,Quadrant 2,1,2,78,,#FF0000,0,4.181489162606953,6
image_70.png,5,False,687.064911940133,145.4059754851387,20,#FF0000,Quadrant 2,1,2,78,,#FF0000,0,51.24228937574181,6
image_70.png,5,False,579.7831455639588,164.7065020056971,20,#FF0000,Quadrant 2,1,2,78,,#FF0000,0,273.61771857393455,6
image_70.png,5,False,97.16475343880451,200.9574161602255,20,#FF0000,Quadrant 3,2,1,78,,#FF0000,0,195.34307656300277,6
image_70.png,5,False,554.8581211753218,94.91697627691242,20,#FF0000,Quadrant 2,1,2,78,,#FF0000,0,206.59332443517047,6
image_70.png,5,False,378.0326716081642,200.683721334978,20,#FF0000,Quadrant 4,2,2,78,,#FF0000,0,192.463947415702,6
image_70.png,5,False,617.5503163214086,62.95964932691081,20,#FF0000,Quadrant 2,1,2,78,,#FF0000,0,221.06888752275447,6
image_70.png,5,False,341.39176058972146,385.4449852502623,20,#FF0000,Quadrant 3,2,1,78,,#FF0000,0,93.07136909863252,6
image_70.png,5,False,317.72510549231134,228.63359342337134,20,#FF0000,Quadrant 3,2,1,78,,#FF0000,0,271.04229979064576,6
image_70.png,5,False,158.7572883375863,324.6251839302008,20,#FF0000,Quadrant 3,2,1,78,,#FF0000,0,107.96388586302919,6
image_70.png,5,False,532.3584469334653,284.96338254102903,20,#FF0000,Quadrant 4,2,2,78,,#FF0000,0,211.1392581655197,6
image_70.png,5,False,531.5333372066658,237.682843476211,20,#FF0000,Quadrant 4,2,2,78,,#FF0000,0,128.78896056134406,6
image_70.png,5,False,699.0209218226051,341.0441971222152,20,#FF0000,Quadrant 4,2,2,78,,#FF0000,0,293.3508132306355,6
image_70.png,5,False,85.38475990515268,91.64395458692107,20,#FF0000,Quadrant 1,1,1,78,,#FF0000,0,257.3045184214161,6
image_70.png,5,False,627.270861061606,140.17356823777686,20,#FF0000,Quadrant 2,1,2,78,,#FF0000,0,259.0972023214973,6
image_70.png,5,False,41.171903474208634,107.20573576852854,20,#FF0000,Quadrant 1,1,1,78,,#FF0000,0,353.16454387832533,6
image_70.png,5,False,76.03853983446292,136.6663706656459,20,#FF0000,Quadrant 1,1,1,78,,#FF0000,0,200.26575881224633,6
image_70.png,5,False,26.11037130651416,73.58673054128522,20,#FF0000,Quadrant 1,1,1,78,,#FF0000,0,298.8211638638334,6
image_70.png,5,False,202.82907980738784,125.18932730953216,20,#FF0000,Quadrant 1,1,1,78,,#FF0000,0,326.3144694582624,6
image_70.png,5,False,96.82826921803247,47.80262757935299,20,#FF0000,Quadrant 1,1,1,78,,#FF0000,0,52.072041737927364,6
image_70.png,5,False,30.467668732433705,225.4089086159747,20,#FF0000,Quadrant 3,2,1,78,,#FF0000,0,104.09478111934685,6
image_70.png,5,False,54.530739790661904,296.61887974922985,20,#FF0000,Quadrant 3,2,1,78,,#FF0000,0,144.7433089036201,6
image_70.png,5,False,639.0607527248982,293.5632416359789,20,#FF0000,Quadrant 4,2,2,78,,#FF0000,0,174.32625325595774,6
image_70.png,5,False,669.9775868304379,286.74561921565146,20,#FF0000,Quadrant 4,2,2,78,,#FF0000,0,196.81357618253716,6
image_70.png,5,False,696.7454445515568,308.5906552494111,20,#FF0000,Quadrant 4,2,2,78,,#FF0000,0,186.10977400246801,6
image_70.png,5,False,439.9352386017425,358.4261214817198,20,#FF0000,Quadrant 4,2,2,78,,#FF0000,0,302.3044672423697,6
image_70.png,5,False,663.6104165882113,217.35587687481913,20,#FF0000,Quadrant 4,2,2,78,,#FF0000,0,225.5724353756862,6
image_70.png,5,False,381.9601865514605,315.2016798699065,20,#FF0000,Quadrant 4,2,2,78,,#FF0000,0,221.9285398627852,6
image_70.png,5,False,314.3988285862153,362.6571010615033,20,#FF0000,Quadrant 3,2,1,78,,#FF0000,0,222.67623482524425,6
image_70.png,5,False,226.20936225732274,348.37376896757473,20,#FF0000,Quadrant 3,2,1,78,,#FF0000,0,137.21847000866904,6
image_70.png,5,False,245.45635994802905,109.74073493497639,20,#FF0000,Quadrant 1,1,1,78,,#FF0000,0,32.5065126854001,6
image_70.png,5,False,465.6756499928836,52.824180654556706,20,#FF0000,Quadrant 2,1,2,78,,#FF0000,0,112.88004166847873,6
image_70.png,5,False,508.7209146900885,267.85971088900993,20,#FF0000,Quadrant 4,2,2,78,,#FF0000,0,220.93095785764132,6
image_70.png,5,False,484.65486040071164,191.59203875057813,20,#FF0000,Quadrant 2,1,2,78,,#FF0000,0,21.091708422710376,6
image_70.png,5,False,491.2267244227796,155.20318573787912,20,#FF0000,Quadrant 2,1,2,78,,#FF0000,0,130.07378584670082,6
image_70.png,5,False,253.0188585603586,37.605022187186414,20,#FF0000,Quadrant 1,1,1,78,,#FF0000,0,250.11600148689624,6
image_70.png,5,False,153.7205187398228,129.83866731787458,20,#FF0000,Quadrant 1,1,1,78,,#FF0000,0,290.7014055710947,6
image_70.png,5,False,499.74671512998,58.53842800708965,20,#FF0000,Quadrant 2,1,2,78,,#FF0000,0,147.88425379478275,6
image_70.png,5,False,190.07477976198118,151.76280567503477,20,#FF0000,Quadrant 1,1,1,78,,#FF0000,0,185.2804020683228,6
image_70.png,5,False,345.51510092087364,29.579352523120253,20,#FF0000,Quadrant 1,1,1,78,,#FF0000,0,20.09209078873582,6
image_70.png,5,False,459.76454656856873,124.8281830925015,20,#FF0000,Quadrant 2,1,2,78,,#FF0000,0,213.8822614862251,6
image_70.png,5,False,376.4131157339238,230.37755188779764,20,#FF0000,Quadrant 4,2,2,78,,#FF0000,0,48.919228520518644,6
image_70.png,5,False,213.0956624688977,153.25482526038527,20,#FF0000,Quadrant 1,1,1,78,,#FF0000,0,64.41391480643293,6
image_70.png,5,False,607.1117117909081,307.9254762928575,20,#FF0000,Quadrant 4,2,2,78,,#FF0000,0,135.01608167340626,6
image_70.png,5,False,394.60238525737844,175.39522901957122,20,#FF0000,Quadrant 2,1,2,78,,#FF0000,0,266.6016247135634,6
image_70.png,5,False,20.890648052929734,309.81012356330837,20,#FF0000,Quadrant 3,2,1,78,,#FF0000,0,94.36708732141956,6
image_70.png,5,False,302.85397951385306,148.66288253092074,20,#FF0000,Quadrant 1,1,1,78,,#FF0000,0,111.86714972040905,6
image_70.png,5,False,550.154100534402,127.62109038461772,20,#FF0000,Quadrant 2,1,2,78,,#FF0000,0,205.6356537507747,6
image_70.png,5,False,265.6059401767179,312.9955258434789,20,#FF0000,Quadrant 3,2,1,78,,#FF0000,0,308.53343756201116,6
image_70.png,5,False,550.6793047199056,333.920949097541,20,#FF0000,Quadrant 4,2,2,78,,#FF0000,0,315.3188325260113,6
image_70.png,5,False,299.50770659635623,275.8262030878215,20,#FF0000,Quadrant 3,2,1,78,,#FF0000,0,66.35712889844842,6
image_70.png,5,False,168.71355782872234,31.298248003877724,20,#FF0000,Quadrant 1,1,1,78,,#FF0000,0,218.9664522180591,6
image_70.png,5,False,131.51154928531764,122.17445925201929,20,#FF0000,Quadrant 1,1,1,78,,#FF0000,0,67.22569884828584,6
image_70.png,5,False,367.26088617413427,157.75658236067878,20,#FF0000,Quadrant 2,1,2,78,,#FF0000,0,192.02720438597723,6
image_70.png,5,False,534.9796373930369,381.22410685516496,20,#FF0000,Quadrant 4,2,2,78,,#FF0000,0,21.58870072814033,6
image_70.png,5,False,337.9892916209253,206.15020235767872,20,#FF0000,Quadrant 3,2,1,78,,#FF0000,0,5.405043058136294,6
image_70.png,5,False,500.8562993014907,385.8387730958872,20,#FF0000,Quadrant 4,2,2,78,,#FF0000,0,142.58914540135956,6
image_70.png,5,False,659.8785477646695,178.86539225141797,20,#FF0000,Quadrant 2,1,2,78,,#FF0000,0,214.3887811727246,6
image_70.png,5,False,124.0717504545398,317.93183829371276,20,#FF0000,Quadrant 3,2,1,78,,#FF0000,0,94.72399999936704,6
image_70.png,5,False,514.2778872431473,358.5792215930509,20,#FF0000,Quadrant 4,2,2,78,,#FF0000,0,27.41028825207728,6
image_70.png,5,False,375.3169407851729,97.48926016678777,20,#FF0000,Quadrant 2,1,2,78,,#FF0000,0,19.249637971823933,6
image_70.png,5,False,340.8393253441272,97.17490736075969,20,#FF0000,Quadrant 1,1,1,78,,#FF0000,0,273.49997400059743,6
image_70.png,5,False,416.6433771746077,156.85865205152766,20,#FF0000,Quadrant 2,1,2,78,,#FF0000,0,124.45892312166352,6
image_70.png,5,False,448.8994691692717,150.29140656982065,20,#FF0000,Quadrant 2,1,2,78,,#FF0000,0,350.5330489191439,6
image_70.png,5,False,365.18465479058614,128.0903944250383,20,#FF0000,Quadrant 2,1,2,78,,#FF0000,0,95.30175612327216,6
image_70.png,5,False,665.5662764675649,28.822351216395397,20,#FF0000,Quadrant 2,1,2,78,,#FF0000,0,270.87172324047515,6
image_70.png,5,False,306.74446928744135,126.48016524885915,20,#FF0000,Quadrant 1,1,1,78,,#FF0000,0,243.29542800818524,6
image_70.png,5,False,661.7359266754636,69.27392754926905,20,#FF0000,Quadrant 2,1,2,78,,#FF0000,0,40.10531761035121,6
image_70.png,5,False,319.2926387688968,301.96585037624004,20,#FF0000,Quadrant 3,2,1,78,,#FF0000,0,256.65308381990474,6
image_70.png,5,False,438.7243324245515,319.296386075641,20,#FF0000,Quadrant 4,2,2,78,,#FF0000,0,245.5819548549547,6
image_70.png,5,False,178.35548467814291,121.9315952497313,20,#FF0000,Quadrant 1,1,1,78,,#FF0000,0,275.0966187883971,6
image_70.png,5,False,522.4181686462493,195.9498092096638,20,#FF0000,Quadrant 2,1,2,78,,#FF0000,0,230.94563844998595,6
image_70.png,5,False,608.7831762557042,220.82358319835862,20,#FF0000,Quadrant 4,2,2,78,,#FF0000,0,11.05383447547355,6
image_70.png,5,False,127.93429265720617,38.5093153964388,20,#FF0000,Quadrant 1,1,1,78,,#FF0000,0,136.6225103037795,6
image_70.png,5,False,357.59546829531547,65.74435921637188,20,#FF0000,Quadrant 2,1,2,78,,#FF0000,0,258.90717891093135,6
image_71.png,2,True,239.07559069330873,97.75795153569061,20,#FF0000,Quadrant 1,1,1,80,140,#FF0000,0,321.7659238174365,6
image_71.png,5,False,35.64133970477211,359.0747014604376,20,#FF0000,Quadrant 3,2,1,80,,#FF0000,0,110.01012686083843,6
image_71.png,5,False,448.080373682611,50.25037274179934,20,#FF0000,Quadrant 2,1,2,80,,#FF0000,0,252.00167956666746,6
image_71.png,5,False,612.2124161726056,177.52472151247036,20,#FF0000,Quadrant 2,1,2,80,,#FF0000,0,24.884488414644718,6
image_71.png,5,False,365.2759364139069,36.31120887762114,20,#FF0000,Quadrant 2,1,2,80,,#FF0000,0,181.8563334880625,6
image_71.png,5,False,692.3511192700284,116.40686531402754,20,#FF0000,Quadrant 2,1,2,80,,#FF0000,0,152.99447450282076,6
image_71.png,5,False,472.6478705432074,146.87756628472164,20,#FF0000,Quadrant 2,1,2,80,,#FF0000,0,91.58158846232527,6
image_71.png,5,False,47.852682672529816,211.9965752324503,20,#FF0000,Quadrant 3,2,1,80,,#FF0000,0,94.27952463849702,6
image_71.png,5,False,616.6366388362965,271.22806244292775,20,#FF0000,Quadrant 4,2,2,80,,#FF0000,0,295.00172728768644,6
image_71.png,5,False,437.86380441351247,181.2271796489509,20,#FF0000,Quadrant 2,1,2,80,,#FF0000,0,171.04011727121667,6
image_71.png,5,False,84.82850841229738,253.59547948389405,20,#FF0000,Quadrant 3,2,1,80,,#FF0000,0,282.3401585138558,6
image_71.png,5,False,672.6776973315457,204.7221021792638,20,#FF0000,Quadrant 4,2,2,80,,#FF0000,0,193.18711403263802,6
image_71.png,5,False,382.2791386742148,156.9067039182494,20,#FF0000,Quadrant 2,1,2,80,,#FF0000,0,91.96443881607088,6
image_71.png,5,False,410.12372980436703,384.5290128263173,20,#FF0000,Quadrant 4,2,2,80,,#FF0000,0,223.9556083414217,6
image_71.png,5,False,545.9473265394378,345.4541047154514,20,#FF0000,Quadrant 4,2,2,80,,#FF0000,0,189.96976424170495,6
image_71.png,5,False,423.6079459337478,126.69636942023409,20,#FF0000,Quadrant 2,1,2,80,,#FF0000,0,275.16030377608513,6
image_71.png,5,False,342.574951147855,276.7633216844154,20,#FF0000,Quadrant 3,2,1,80,,#FF0000,0,354.7021713347789,6
image_71.png,5,False,83.10669413173152,328.4238647362481,20,#FF0000,Quadrant 3,2,1,80,,#FF0000,0,301.50375852408155,6
image_71.png,5,False,185.86345674577538,98.90435170956128,20,#FF0000,Quadrant 1,1,1,80,,#FF0000,0,245.1685465090789,6
image_71.png,5,False,604.8131964744007,383.8953663269144,20,#FF0000,Quadrant 4,2,2,80,,#FF0000,0,291.68057733949286,6
image_71.png,5,False,674.8562559019196,279.55864300947906,20,#FF0000,Quadrant 4,2,2,80,,#FF0000,0,194.56092886009537,6
image_71.png,5,False,102.08660730153952,88.0118638452925,20,#FF0000,Quadrant 1,1,1,80,,#FF0000,0,63.010637286364,6
image_71.png,5,False,166.97868614762055,180.9225143157949,20,#FF0000,Quadrant 1,1,1,80,,#FF0000,0,200.42894209571998,6
image_71.png,5,False,175.16607681185803,310.50783903159845,20,#FF0000,Quadrant 3,2,1,80,,#FF0000,0,187.72684398865474,6
image_71.png,5,False,618.3972695125227,90.41411718522944,20,#FF0000,Quadrant 2,1,2,80,,#FF0000,0,56.56188979545624,6
image_71.png,5,False,608.3175758392903,360.33012144762404,20,#FF0000,Quadrant 4,2,2,80,,#FF0000,0,62.06489105633791,6
image_71.png,5,False,394.8045883157907,91.1704459296321,20,#FF0000,Quadrant 2,1,2,80,,#FF0000,0,256.2086460598309,6
image_71.png,5,False,41.85486740895859,55.21578475559704,20,#FF0000,Quadrant 1,1,1,80,,#FF0000,0,52.4540442496953,6
image_71.png,5,False,132.0773824639317,11.798561797684991,20,#FF0000,Quadrant 1,1,1,80,,#FF0000,0,66.6411385149285,6
image_71.png,5,False,370.672852970008,185.3748514208261,20,#FF0000,Quadrant 2,1,2,80,,#FF0000,0,22.691074378783902,6
image_71.png,5,False,42.21832128627656,22.26458366211473,20,#FF0000,Quadrant 1,1,1,80,,#FF0000,0,136.58487201676635,6
image_71.png,5,False,422.2410191271075,339.0418935490025,20,#FF0000,Quadrant 4,2,2,80,,#FF0000,0,302.85902282071464,6
image_71.png,5,False,477.2706527956068,281.2193312197654,20,#FF0000,Quadrant 4,2,2,80,,#FF0000,0,331.0381341631244,6
image_71.png,5,False,388.39356712705086,320.13968875771985,20,#FF0000,Quadrant 4,2,2,80,,#FF0000,0,43.812975019465895,6
image_71.png,5,False,275.3802525403816,46.13149925435146,20,#FF0000,Quadrant 1,1,1,80,,#FF0000,0,68.16629926980794,6
image_71.png,5,False,510.18459289576634,350.3461239117853,20,#FF0000,Quadrant 4,2,2,80,,#FF0000,0,22.21625693304018,6
image_71.png,5,False,417.2568849296915,296.4342821382273,20,#FF0000,Quadrant 4,2,2,80,,#FF0000,0,339.6259244577501,6
image_71.png,5,False,201.41450975958676,306.9885060929239,20,#FF0000,Quadrant 3,2,1,80,,#FF0000,0,283.02076349952534,6
image_71.png,5,False,390.17837816479437,63.2595203496906,20,#FF0000,Quadrant 2,1,2,80,,#FF0000,0,275.91637066183415,6
image_71.png,5,False,292.5722797208897,382.36307447052894,20,#FF0000,Quadrant 3,2,1,80,,#FF0000,0,113.35026108740871,6
image_71.png,5,False,476.957755203416,47.914777943347104,20,#FF0000,Quadrant 2,1,2,80,,#FF0000,0,113.90120163217713,6
image_71.png,5,False,516.2679854829776,386.9531835495594,20,#FF0000,Quadrant 4,2,2,80,,#FF0000,0,1.3139691314106106,6
image_71.png,5,False,574.167747660986,116.44223177900372,20,#FF0000,Quadrant 2,1,2,80,,#FF0000,0,1.2629915268791958,6
image_71.png,5,False,522.3720056962729,154.33359513721004,20,#FF0000,Quadrant 2,1,2,80,,#FF0000,0,118.59263228549715,6
image_71.png,5,False,239.33972811301507,352.31108728389404,20,#FF0000,Quadrant 3,2,1,80,,#FF0000,0,300.27281125509614,6
image_71.png,5,False,309.2342270390241,350.02320504688515,20,#FF0000,Quadrant 3,2,1,80,,#FF0000,0,16.58779291010049,6
image_71.png,5,False,196.11538620596355,38.906132317556725,20,#FF0000,Quadrant 1,1,1,80,,#FF0000,0,140.3762584324885,6
image_71.png,5,False,281.7683029712764,151.22607629788163,20,#FF0000,Quadrant 1,1,1,80,,#FF0000,0,325.7953538971375,6
image_71.png,5,False,499.47259117077385,277.1421101971974,20,#FF0000,Quadrant 4,2,2,80,,#FF0000,0,312.30134391155116,6
image_71.png,5,False,660.4487450412219,384.00343043110354,20,#FF0000,Quadrant 4,2,2,80,,#FF0000,0,321.05128346027664,6
image_71.png,5,False,318.9974307730756,133.44592152547875,20,#FF0000,Quadrant 1,1,1,80,,#FF0000,0,0.5708325713472417,6
image_71.png,5,False,574.5640402848276,357.36437241420094,20,#FF0000,Quadrant 4,2,2,80,,#FF0000,0,143.57638106556726,6
image_71.png,5,False,437.2248811158528,26.859997522947612,20,#FF0000,Quadrant 2,1,2,80,,#FF0000,0,96.79124264473715,6
image_71.png,5,False,264.0588493168417,223.32178310572297,20,#FF0000,Quadrant 3,2,1,80,,#FF0000,0,221.46319095355258,6
image_71.png,5,False,300.166698930664,87.47019115990409,20,#FF0000,Quadrant 1,1,1,80,,#FF0000,0,70.07304157884971,6
image_71.png,5,False,271.38732542194293,285.282697740964,20,#FF0000,Quadrant 3,2,1,80,,#FF0000,0,199.42599304540167,6
image_71.png,5,False,21.628949603145067,99.48218020868046,20,#FF0000,Quadrant 1,1,1,80,,#FF0000,0,165.28080077892682,6
image_71.png,5,False,393.6849243216729,350.3329043398461,20,#FF0000,Quadrant 4,2,2,80,,#FF0000,0,156.04165226884797,6
image_71.png,5,False,336.53763378096,387.1124595541094,20,#FF0000,Quadrant 3,2,1,80,,#FF0000,0,203.6709776713906,6
image_71.png,5,False,345.36830362316226,243.23005620733562,20,#FF0000,Quadrant 3,2,1,80,,#FF0000,0,237.74826221691023,6
image_71.png,5,False,323.4851302761006,40.3079906941517,20,#FF0000,Quadrant 1,1,1,80,,#FF0000,0,65.01963086938622,6
image_71.png,5,False,612.2777382484517,154.69308022822273,20,#FF0000,Quadrant 2,1,2,80,,#FF0000,0,201.2644104597965,6
image_71.png,5,False,686.4948421288661,227.07979420803144,20,#FF0000,Quadrant 4,2,2,80,,#FF0000,0,273.97887453212525,6
image_71.png,5,False,659.1734258695433,307.33880190739427,20,#FF0000,Quadrant 4,2,2,80,,#FF0000,0,336.4287582793241,6
image_71.png,5,False,362.7322678237431,378.2328303595882,20,#FF0000,Quadrant 4,2,2,80,,#FF0000,0,130.03448904172467,6
image_71.png,5,False,346.307292102401,120.91761057744232,20,#FF0000,Quadrant 1,1,1,80,,#FF0000,0,42.400278194289115,6
image_71.png,5,False,526.3397649829175,195.56898966572874,20,#FF0000,Quadrant 2,1,2,80,,#FF0000,0,32.47644067963295,6
image_71.png,5,False,138.38109429341705,39.209492404045236,20,#FF0000,Quadrant 1,1,1,80,,#FF0000,0,138.6347649750437,6
image_71.png,5,False,560.2946760517905,254.8028324428123,20,#FF0000,Quadrant 4,2,2,80,,#FF0000,0,195.05183996461878,6
image_71.png,5,False,74.32051891306116,280.4270983178869,20,#FF0000,Quadrant 3,2,1,80,,#FF0000,0,52.07523361533222,6
image_71.png,5,False,105.92406413127891,111.65048735526119,20,#FF0000,Quadrant 1,1,1,80,,#FF0000,0,145.01265658726945,6
image_71.png,5,False,697.0395748566204,345.1064536714418,20,#FF0000,Quadrant 4,2,2,80,,#FF0000,0,254.56786183559086,6
image_71.png,5,False,263.4780892472738,357.34168003391136,20,#FF0000,Quadrant 3,2,1,80,,#FF0000,0,259.5621936269705,6
image_71.png,5,False,392.3974028290457,268.4237664863402,20,#FF0000,Quadrant 4,2,2,80,,#FF0000,0,37.8848848968051,6
image_71.png,5,False,585.2394547188337,28.150400732212123,20,#FF0000,Quadrant 2,1,2,80,,#FF0000,0,134.22542762010067,6
image_71.png,5,False,359.4945537232065,12.09096286729314,20,#FF0000,Quadrant 2,1,2,80,,#FF0000,0,156.6423577116491,6
image_71.png,5,False,11.041938799629044,228.16954832395436,20,#FF0000,Quadrant 3,2,1,80,,#FF0000,0,178.90018656091118,6
image_71.png,5,False,45.29913644240395,249.94070429306333,20,#FF0000,Quadrant 3,2,1,80,,#FF0000,0,337.71489787365675,6
image_71.png,5,False,496.14333223588955,140.3406892641135,20,#FF0000,Quadrant 2,1,2,80,,#FF0000,0,79.04062519313896,6
image_71.png,5,False,202.84938310093446,337.7873243664281,20,#FF0000,Quadrant 3,2,1,80,,#FF0000,0,297.8210899901723,6
image_71.png,5,False,639.6532549395699,206.31643899594533,20,#FF0000,Quadrant 4,2,2,80,,#FF0000,0,234.7018744074937,6
image_72.png,2,True,505.06588724894755,101.86003971139948,20,#FF0000,Quadrant 2,1,2,21,140,#FF0000,0,247.98502992283048,4
image_72.png,5,False,300.1631698082702,158.22573597672476,20,#FF0000,Quadrant 1,1,1,21,,#FF0000,0,49.04989956115847,4
image_72.png,5,False,647.7710316003783,311.4500124303859,20,#FF0000,Quadrant 4,2,2,21,,#FF0000,0,336.2257402778281,4
image_72.png,5,False,342.73305364260625,33.27079752997939,20,#FF0000,Quadrant 1,1,1,21,,#FF0000,0,134.3309846687981,4
image_72.png,5,False,398.5337457059324,274.8496512521503,20,#FF0000,Quadrant 4,2,2,21,,#FF0000,0,126.51561751566537,4
image_72.png,5,False,74.02064076841026,228.10843800411348,20,#FF0000,Quadrant 3,2,1,21,,#FF0000,0,341.564893284743,4
image_72.png,5,False,431.578284789936,329.97171113881956,20,#FF0000,Quadrant 4,2,2,21,,#FF0000,0,350.90084463633036,4
image_72.png,5,False,86.24383120944208,319.5544501418045,20,#FF0000,Quadrant 3,2,1,21,,#FF0000,0,318.92708875696684,4
image_72.png,5,False,139.10561733306298,41.56917284851457,20,#FF0000,Quadrant 1,1,1,21,,#FF0000,0,31.02251345957825,4
image_72.png,5,False,558.0281685707401,31.124762194367204,20,#FF0000,Quadrant 2,1,2,21,,#FF0000,0,294.098566698954,4
image_72.png,5,False,307.39950951951573,129.65801853853085,20,#FF0000,Quadrant 1,1,1,21,,#FF0000,0,25.516862358736354,4
image_72.png,5,False,670.359980481746,107.92890911167308,20,#FF0000,Quadrant 2,1,2,21,,#FF0000,0,5.294101250598255,4
image_72.png,5,False,691.7142659303692,43.743760493419906,20,#FF0000,Quadrant 2,1,2,21,,#FF0000,0,252.237982293902,4
image_72.png,5,False,552.0080273236782,223.35071501806615,20,#FF0000,Quadrant 4,2,2,21,,#FF0000,0,181.50480394542885,4
image_72.png,5,False,212.90150669519082,317.45524725418517,20,#FF0000,Quadrant 3,2,1,21,,#FF0000,0,117.80236968163894,4
image_72.png,5,False,401.9985261231001,188.02693152570163,20,#FF0000,Quadrant 2,1,2,21,,#FF0000,0,50.70572858364546,4
image_72.png,5,False,405.85511614375,338.0473055401527,20,#FF0000,Quadrant 4,2,2,21,,#FF0000,0,213.51530820071585,4
image_72.png,5,False,101.60698747692702,108.18033708239187,20,#FF0000,Quadrant 1,1,1,21,,#FF0000,0,148.36500588104843,4
image_72.png,5,False,538.7678730608949,167.27260996500874,20,#FF0000,Quadrant 2,1,2,21,,#FF0000,0,344.35795910655156,4
image_72.png,5,False,671.9826185570299,310.765919838244,20,#FF0000,Quadrant 4,2,2,21,,#FF0000,0,263.7728845455697,4
image_72.png,5,False,108.32171661728248,190.22300109584458,20,#FF0000,Quadrant 1,1,1,21,,#FF0000,0,185.2813444528756,4
image_72.png,5,False,510.7681200571686,37.73338315954202,20,#FF0000,Quadrant 2,1,2,21,,#FF0000,0,324.6107512517604,4
image_73.png,2,True,116.91932845403818,303.8302482980457,20,#FF0000,Quadrant 3,2,1,34,140,#FF0000,0,119.6244515206323,5
image_73.png,5,False,288.86108464602944,269.77969444722294,20,#FF0000,Quadrant 3,2,1,34,,#FF0000,0,239.0356205394759,5
image_73.png,5,False,625.8648824876135,91.64091435797536,20,#FF0000,Quadrant 2,1,2,34,,#FF0000,0,24.739466075434848,5
image_73.png,5,False,555.7701655838514,147.05847306182568,20,#FF0000,Quadrant 2,1,2,34,,#FF0000,0,317.3935142317545,5
image_73.png,5,False,537.3552696125348,322.4177136678963,20,#FF0000,Quadrant 4,2,2,34,,#FF0000,0,92.17208913450274,5
image_73.png,5,False,643.7750114895666,170.0158535265714,20,#FF0000,Quadrant 2,1,2,34,,#FF0000,0,121.46223897999938,5
image_73.png,5,False,604.9484554089818,381.0671393145864,20,#FF0000,Quadrant 4,2,2,34,,#FF0000,0,21.771175161207918,5
image_73.png,5,False,524.5336904210218,180.27015906005963,20,#FF0000,Quadrant 2,1,2,34,,#FF0000,0,156.75181935735344,5
image_73.png,5,False,161.91125432343412,282.3086684097373,20,#FF0000,Quadrant 3,2,1,34,,#FF0000,0,211.7829632555196,5
image_73.png,5,False,217.4076732801185,215.8540831973968,20,#FF0000,Quadrant 3,2,1,34,,#FF0000,0,90.49353421299507,5
image_73.png,5,False,220.20777538960203,77.85940811167332,20,#FF0000,Quadrant 1,1,1,34,,#FF0000,0,70.28349605931703,5
image_73.png,5,False,274.62868015962556,381.96816511128833,20,#FF0000,Quadrant 3,2,1,34,,#FF0000,0,288.07269544919234,5
image_73.png,5,False,678.673512283853,123.61197693219218,20,#FF0000,Quadrant 2,1,2,34,,#FF0000,0,326.79136266577177,5
image_73.png,5,False,383.1923707699867,136.06066639907033,20,#FF0000,Quadrant 2,1,2,34,,#FF0000,0,329.40162010225583,5
image_73.png,5,False,573.4337342690362,361.41052982652695,20,#FF0000,Quadrant 4,2,2,34,,#FF0000,0,19.106269183648998,5
image_73.png,5,False,282.1032731317959,180.71657224232413,20,#FF0000,Quadrant 1,1,1,34,,#FF0000,0,253.6876524839069,5
image_73.png,5,False,66.16245940289647,374.2281126237728,20,#FF0000,Quadrant 3,2,1,34,,#FF0000,0,120.80287551044013,5
image_73.png,5,False,399.98945117689726,286.6325096914056,20,#FF0000,Quadrant 4,2,2,34,,#FF0000,0,57.40407462534599,5
image_73.png,5,False,34.43585514009176,365.15475349120686,20,#FF0000,Quadrant 3,2,1,34,,#FF0000,0,3.5039402087329563,5
image_73.png,5,False,234.61663625999947,27.066954676056945,20,#FF0000,Quadrant 1,1,1,34,,#FF0000,0,324.8328032764607,5
image_73.png,5,False,81.08280381451497,99.28983843101479,20,#FF0000,Quadrant 1,1,1,34,,#FF0000,0,356.4406244161116,5
image_73.png,5,False,697.7823860345829,185.9004930736696,20,#FF0000,Quadrant 2,1,2,34,,#FF0000,0,342.3751162737643,5
image_73.png,5,False,278.2632612085789,238.18821326504585,20,#FF0000,Quadrant 3,2,1,34,,#FF0000,0,182.7037389494878,5
image_73.png,5,False,317.7326110071112,158.06660297815299,20,#FF0000,Quadrant 1,1,1,34,,#FF0000,0,253.49745675380981,5
image_73.png,5,False,133.05469524773184,250.59375139321202,20,#FF0000,Quadrant 3,2,1,34,,#FF0000,0,247.22554216512285,5
image_73.png,5,False,438.8569481118313,358.5246020881784,20,#FF0000,Quadrant 4,2,2,34,,#FF0000,0,146.2042461197915,5
image_73.png,5,False,481.30308403849705,388.3237172085472,20,#FF0000,Quadrant 4,2,2,34,,#FF0000,0,338.57883833301673,5
image_73.png,5,False,470.4675052998636,79.88705426055735,20,#FF0000,Quadrant 2,1,2,34,,#FF0000,0,321.4687722159138,5
image_73.png,5,False,673.8034811840206,14.997605395983715,20,#FF0000,Quadrant 2,1,2,34,,#FF0000,0,128.64398236492465,5
image_73.png,5,False,534.3275758309826,275.46242369243305,20,#FF0000,Quadrant 4,2,2,34,,#FF0000,0,309.57537286255564,5
image_73.png,5,False,231.14069512840152,138.48450606404498,20,#FF0000,Quadrant 1,1,1,34,,#FF0000,0,18.278605553644628,5
image_73.png,5,False,652.1154665213147,353.65911631342726,20,#FF0000,Quadrant 4,2,2,34,,#FF0000,0,310.61651869871264,5
image_73.png,5,False,560.7859154945016,270.4536749084054,20,#FF0000,Quadrant 4,2,2,34,,#FF0000,0,124.92882809028374,5
image_73.png,5,False,314.2664847644469,347.64558070500277,20,#FF0000,Quadrant 3,2,1,34,,#FF0000,0,211.7521975447735,5
image_73.png,5,False,312.82450198125815,27.566185215977544,20,#FF0000,Quadrant 1,1,1,34,,#FF0000,0,122.32234337565767,5
image_74.png,2,True,316.1872065229945,83.29735072873812,20,#FF0000,Quadrant 1,1,1,64,140,#FF0000,0,35.961502160091605,5
image_74.png,5,False,420.9277536531015,29.71760819720941,20,#FF0000,Quadrant 2,1,2,64,,#FF0000,0,46.48864870466598,5
image_74.png,5,False,523.0396724822541,265.7989907444084,20,#FF0000,Quadrant 4,2,2,64,,#FF0000,0,127.39160757502104,5
image_74.png,5,False,640.3706926396723,262.90943115857635,20,#FF0000,Quadrant 4,2,2,64,,#FF0000,0,231.80878765954162,5
image_74.png,5,False,44.17155846729106,382.4103909017847,20,#FF0000,Quadrant 3,2,1,64,,#FF0000,0,298.5240914201336,5
image_74.png,5,False,477.8239726989421,92.7356205478126,20,#FF0000,Quadrant 2,1,2,64,,#FF0000,0,103.62442541615175,5
image_74.png,5,False,508.022356930443,87.83357915901468,20,#FF0000,Quadrant 2,1,2,64,,#FF0000,0,109.46248351208929,5
image_74.png,5,False,92.6585494136057,115.87010888474661,20,#FF0000,Quadrant 1,1,1,64,,#FF0000,0,323.0144689115298,5
image_74.png,5,False,32.657147237208875,92.08589975489909,20,#FF0000,Quadrant 1,1,1,64,,#FF0000,0,45.38034243559513,5
image_74.png,5,False,432.37494243997895,378.5308893427242,20,#FF0000,Quadrant 4,2,2,64,,#FF0000,0,16.418567168218033,5
image_74.png,5,False,60.613960586207874,124.35913584346663,20,#FF0000,Quadrant 1,1,1,64,,#FF0000,0,102.31608974328195,5
image_74.png,5,False,617.6645878403814,244.07459668174985,20,#FF0000,Quadrant 4,2,2,64,,#FF0000,0,235.41883797386186,5
image_74.png,5,False,386.810474153392,141.82888978173463,20,#FF0000,Quadrant 2,1,2,64,,#FF0000,0,62.734470855772244,5
image_74.png,5,False,42.49047345643772,157.63464721076275,20,#FF0000,Quadrant 1,1,1,64,,#FF0000,0,122.56833980040886,5
image_74.png,5,False,291.8068263532711,195.04546762430004,20,#FF0000,Quadrant 1,1,1,64,,#FF0000,0,11.972758929110729,5
image_74.png,5,False,19.99022461326674,18.265758934335018,20,#FF0000,Quadrant 1,1,1,64,,#FF0000,0,338.60527819349807,5
image_74.png,5,False,660.6612631436507,354.5389625248735,20,#FF0000,Quadrant 4,2,2,64,,#FF0000,0,205.62946583517146,5
image_74.png,5,False,192.04710627628268,305.19509904742836,20,#FF0000,Quadrant 3,2,1,64,,#FF0000,0,158.1236363343912,5
image_74.png,5,False,697.3238682226731,200.36055160274444,20,#FF0000,Quadrant 4,2,2,64,,#FF0000,0,322.35790347299667,5
image_74.png,5,False,97.3361014111063,347.33058195952697,20,#FF0000,Quadrant 3,2,1,64,,#FF0000,0,249.97974965630848,5
image_74.png,5,False,144.5594929152739,331.64910207117305,20,#FF0000,Quadrant 3,2,1,64,,#FF0000,0,78.40942560431695,5
image_74.png,5,False,492.53471226715385,383.9160712788861,20,#FF0000,Quadrant 4,2,2,64,,#FF0000,0,110.43243415042113,5
image_74.png,5,False,533.7875576042953,330.981279130372,20,#FF0000,Quadrant 4,2,2,64,,#FF0000,0,165.0514574029423,5
image_74.png,5,False,18.616335915128168,197.44104203828618,20,#FF0000,Quadrant 1,1,1,64,,#FF0000,0,125.25798572778116,5
image_74.png,5,False,226.72838263039714,60.14298039498188,20,#FF0000,Quadrant 1,1,1,64,,#FF0000,0,354.73255289058284,5
image_74.png,5,False,207.9637842243467,184.64507574644915,20,#FF0000,Quadrant 1,1,1,64,,#FF0000,0,140.81867744112134,5
image_74.png,5,False,412.0758249769448,248.28433609455166,20,#FF0000,Quadrant 4,2,2,64,,#FF0000,0,91.71762009082202,5
image_74.png,5,False,405.5780150219239,305.49918397138055,20,#FF0000,Quadrant 4,2,2,64,,#FF0000,0,238.1369258532597,5
image_74.png,5,False,163.49110600364074,136.12933255413424,20,#FF0000,Quadrant 1,1,1,64,,#FF0000,0,78.78064903720957,5
image_74.png,5,False,21.495773583282677,308.6579591041539,20,#FF0000,Quadrant 3,2,1,64,,#FF0000,0,34.28960699668409,5
image_74.png,5,False,454.1310642262981,348.3071730242917,20,#FF0000,Quadrant 4,2,2,64,,#FF0000,0,205.6743649716688,5
image_74.png,5,False,671.802834441949,221.0870565720816,20,#FF0000,Quadrant 4,2,2,64,,#FF0000,0,229.39442064724824,5
image_74.png,5,False,185.50775930591126,16.271018305826566,20,#FF0000,Quadrant 1,1,1,64,,#FF0000,0,149.04163378296218,5
image_74.png,5,False,91.37064937426237,156.16186230179684,20,#FF0000,Quadrant 1,1,1,64,,#FF0000,0,319.10344157388096,5
image_74.png,5,False,558.4644537922729,243.94866224081775,20,#FF0000,Quadrant 4,2,2,64,,#FF0000,0,159.86585109814894,5
image_74.png,5,False,628.6090676961472,137.4454355389325,20,#FF0000,Quadrant 2,1,2,64,,#FF0000,0,2.3382808370318786,5
image_74.png,5,False,233.73828114284274,224.79440304149702,20,#FF0000,Quadrant 3,2,1,64,,#FF0000,0,195.49093576083433,5
image_74.png,5,False,128.81343588132964,289.56583249851724,20,#FF0000,Quadrant 3,2,1,64,,#FF0000,0,66.98449575589343,5
image_74.png,5,False,225.75087575911434,160.40122477374305,20,#FF0000,Quadrant 1,1,1,64,,#FF0000,0,277.5837727819322,5
image_74.png,5,False,591.9401696588517,169.4123420093341,20,#FF0000,Quadrant 2,1,2,64,,#FF0000,0,83.14026104785836,5
image_74.png,5,False,134.4556683254757,14.202185887346717,20,#FF0000,Quadrant 1,1,1,64,,#FF0000,0,289.47846708916063,5
image_74.png,5,False,326.26788383692735,144.70733939714552,20,#FF0000,Quadrant 1,1,1,64,,#FF0000,0,249.91734393632044,5
image_74.png,5,False,187.26997629016066,382.6886716272893,20,#FF0000,Quadrant 3,2,1,64,,#FF0000,0,67.15389868606302,5
image_74.png,5,False,489.78820167878416,58.659123915544185,20,#FF0000,Quadrant 2,1,2,64,,#FF0000,0,320.3741276925733,5
image_74.png,5,False,89.91422801155367,313.8358731577348,20,#FF0000,Quadrant 3,2,1,64,,#FF0000,0,326.6391253484067,5
image_74.png,5,False,166.47269286763174,295.23118004334145,20,#FF0000,Quadrant 3,2,1,64,,#FF0000,0,303.0673406895768,5
image_74.png,5,False,456.8070644805975,240.8218908627376,20,#FF0000,Quadrant 4,2,2,64,,#FF0000,0,60.569456485143846,5
image_74.png,5,False,57.524839318706526,353.8098486373262,20,#FF0000,Quadrant 3,2,1,64,,#FF0000,0,237.6911674553904,5
image_74.png,5,False,96.77563547218575,227.53757438009524,20,#FF0000,Quadrant 3,2,1,64,,#FF0000,0,188.79585327836486,5
image_74.png,5,False,13.946111030328765,149.36390408706217,20,#FF0000,Quadrant 1,1,1,64,,#FF0000,0,175.97988024506108,5
image_74.png,5,False,84.3206292872202,53.360406131924904,20,#FF0000,Quadrant 1,1,1,64,,#FF0000,0,34.00680121887137,5
image_74.png,5,False,330.523751695411,378.7229586975893,20,#FF0000,Quadrant 3,2,1,64,,#FF0000,0,204.83101867038664,5
image_74.png,5,False,486.9142833046712,155.2900654388435,20,#FF0000,Quadrant 2,1,2,64,,#FF0000,0,60.292581717908185,5
image_74.png,5,False,499.3836796111387,294.6559086079372,20,#FF0000,Quadrant 4,2,2,64,,#FF0000,0,186.0350508690219,5
image_74.png,5,False,642.928649752092,191.9675795750445,20,#FF0000,Quadrant 2,1,2,64,,#FF0000,0,278.32557769329077,5
image_74.png,5,False,492.86194219491705,335.35427991768756,20,#FF0000,Quadrant 4,2,2,64,,#FF0000,0,275.61163672049713,5
image_74.png,5,False,361.7454542610083,136.38216229845716,20,#FF0000,Quadrant 2,1,2,64,,#FF0000,0,62.05616928140888,5
image_74.png,5,False,106.15235241380044,284.0605761484002,20,#FF0000,Quadrant 3,2,1,64,,#FF0000,0,358.3544151858159,5
image_74.png,5,False,685.7944359073929,62.132165882136384,20,#FF0000,Quadrant 2,1,2,64,,#FF0000,0,333.58364449386113,5
image_74.png,5,False,51.76095490606004,44.52124040474286,20,#FF0000,Quadrant 1,1,1,64,,#FF0000,0,340.3851748703073,5
image_74.png,5,False,691.3206567247689,258.52713234661303,20,#FF0000,Quadrant 4,2,2,64,,#FF0000,0,100.34806024595264,5
image_74.png,5,False,408.7420113018419,279.5841896846518,20,#FF0000,Quadrant 4,2,2,64,,#FF0000,0,344.3610594389182,5
image_74.png,5,False,474.78399238125405,289.1018918389115,20,#FF0000,Quadrant 4,2,2,64,,#FF0000,0,252.39628138895955,5
image_74.png,5,False,98.90308353963272,250.66858151979883,20,#FF0000,Quadrant 3,2,1,64,,#FF0000,0,264.5231089345848,5
image_74.png,5,False,201.851774548479,281.04097739638456,20,#FF0000,Quadrant 3,2,1,64,,#FF0000,0,352.3231907058862,5
image_75.png,2,True,101.39717585573133,282.00313842227104,20,#FF0000,Quadrant 3,2,1,20,140,#FF0000,0,78.84630700092843,4
image_75.png,5,False,596.9851892890281,59.078619471796436,20,#FF0000,Quadrant 2,1,2,20,,#FF0000,0,179.2897278763584,4
image_75.png,5,False,178.9087869595681,282.3481819280842,20,#FF0000,Quadrant 3,2,1,20,,#FF0000,0,315.29178706679306,4
image_75.png,5,False,546.24695885301,60.38296912805592,20,#FF0000,Quadrant 2,1,2,20,,#FF0000,0,14.914380039751611,4
image_75.png,5,False,242.1354864514278,28.779166831863815,20,#FF0000,Quadrant 1,1,1,20,,#FF0000,0,33.67333822290841,4
image_75.png,5,False,146.7615603952731,268.864770264093,20,#FF0000,Quadrant 3,2,1,20,,#FF0000,0,91.2476359495091,4
image_75.png,5,False,248.3152661905095,310.77183938668037,20,#FF0000,Quadrant 3,2,1,20,,#FF0000,0,296.95624366908373,4
image_75.png,5,False,581.6138201366333,183.71502545273577,20,#FF0000,Quadrant 2,1,2,20,,#FF0000,0,83.09128386203182,4
image_75.png,5,False,633.231328291918,47.270538039488926,20,#FF0000,Quadrant 2,1,2,20,,#FF0000,0,128.109212988899,4
image_75.png,5,False,101.96120668267187,37.85223648303361,20,#FF0000,Quadrant 1,1,1,20,,#FF0000,0,193.41686606949705,4
image_75.png,5,False,122.5484985006637,237.12525291659713,20,#FF0000,Quadrant 3,2,1,20,,#FF0000,0,8.250393529490086,4
image_75.png,5,False,619.7042112210822,270.2277590318763,20,#FF0000,Quadrant 4,2,2,20,,#FF0000,0,149.65580646506726,4
image_75.png,5,False,334.60708064356936,153.92940098823226,20,#FF0000,Quadrant 1,1,1,20,,#FF0000,0,267.2266872722649,4
image_75.png,5,False,376.7804050841851,56.107358074743175,20,#FF0000,Quadrant 2,1,2,20,,#FF0000,0,269.66670590701096,4
image_75.png,5,False,192.66907612854004,329.33151244302405,20,#FF0000,Quadrant 3,2,1,20,,#FF0000,0,282.6569501347973,4
image_75.png,5,False,576.7916154719817,36.280955347370686,20,#FF0000,Quadrant 2,1,2,20,,#FF0000,0,267.07465823617883,4
image_75.png,5,False,150.8835767052504,55.79883724960857,20,#FF0000,Quadrant 1,1,1,20,,#FF0000,0,288.5250383072225,4
image_75.png,5,False,636.2063002061362,185.0707298117105,20,#FF0000,Quadrant 2,1,2,20,,#FF0000,0,302.91645786983133,4
image_75.png,5,False,624.8471439030706,155.8362615287457,20,#FF0000,Quadrant 2,1,2,20,,#FF0000,0,271.1314519921292,4
image_75.png,5,False,282.2705928120985,147.71144974863557,20,#FF0000,Quadrant 1,1,1,20,,#FF0000,0,184.3721959703078,4
image_75.png,5,False,208.70146958228358,299.4393505905429,20,#FF0000,Quadrant 3,2,1,20,,#FF0000,0,109.15081031051923,4
image_76.png,2,True,35.926464779913104,375.888057046394,20,#FF0000,Quadrant 3,2,1,33,140,#FF0000,0,108.18111416823974,5
image_76.png,5,False,146.28320335497725,126.73209615469844,20,#FF0000,Quadrant 1,1,1,33,,#FF0000,0,140.9458484701124,5
image_76.png,5,False,505.2057366582147,225.53498960705542,20,#FF0000,Quadrant 4,2,2,33,,#FF0000,0,277.2756855777146,5
image_76.png,5,False,219.285297907418,239.5079585647515,20,#FF0000,Quadrant 3,2,1,33,,#FF0000,0,123.76436593437946,5
image_76.png,5,False,141.7534185290992,330.98053847149436,20,#FF0000,Quadrant 3,2,1,33,,#FF0000,0,60.218938315671096,5
image_76.png,5,False,309.91567666636575,326.2608121663637,20,#FF0000,Quadrant 3,2,1,33,,#FF0000,0,138.7225229180475,5
image_76.png,5,False,678.40499843795,107.66458713870591,20,#FF0000,Quadrant 2,1,2,33,,#FF0000,0,31.845474141734623,5
image_76.png,5,False,469.5051066331558,358.6220878457054,20,#FF0000,Quadrant 4,2,2,33,,#FF0000,0,282.89896687818197,5
image_76.png,5,False,659.237617514895,220.7163888876971,20,#FF0000,Quadrant 4,2,2,33,,#FF0000,0,265.98383280387634,5
image_76.png,5,False,475.04572659171777,49.333683749505916,20,#FF0000,Quadrant 2,1,2,33,,#FF0000,0,115.40210795372586,5
image_76.png,5,False,364.6210608136951,346.0154818667084,20,#FF0000,Quadrant 4,2,2,33,,#FF0000,0,185.28735239844116,5
image_76.png,5,False,517.3820607712246,369.776259532811,20,#FF0000,Quadrant 4,2,2,33,,#FF0000,0,14.144684315981975,5
image_76.png,5,False,291.8115295368472,252.71967328159946,20,#FF0000,Quadrant 3,2,1,33,,#FF0000,0,224.19888298891377,5
image_76.png,5,False,636.2260713162657,279.8395647704018,20,#FF0000,Quadrant 4,2,2,33,,#FF0000,0,260.7677596212071,5
image_76.png,5,False,404.3457097066873,154.74064574887717,20,#FF0000,Quadrant 2,1,2,33,,#FF0000,0,236.88540083380522,5
image_76.png,5,False,396.637170504463,315.28922325746333,20,#FF0000,Quadrant 4,2,2,33,,#FF0000,0,79.41713029417954,5
image_76.png,5,False,328.58287783086763,373.12246443746307,20,#FF0000,Quadrant 3,2,1,33,,#FF0000,0,101.4240510836578,5
image_76.png,5,False,470.3634960702702,148.84545055743803,20,#FF0000,Quadrant 2,1,2,33,,#FF0000,0,320.02683350166666,5
image_76.png,5,False,180.1650545422082,369.8109036868214,20,#FF0000,Quadrant 3,2,1,33,,#FF0000,0,84.90607798821198,5
image_76.png,5,False,34.93206092971325,271.640197493544,20,#FF0000,Quadrant 3,2,1,33,,#FF0000,0,341.77098552499075,5
image_76.png,5,False,497.7136183376512,149.2891625812078,20,#FF0000,Quadrant 2,1,2,33,,#FF0000,0,27.917397233298452,5
image_76.png,5,False,355.1611841135107,21.58000079780707,20,#FF0000,Quadrant 1,1,1,33,,#FF0000,0,240.64599983722508,5
image_76.png,5,False,195.01548949471638,337.4283647275708,20,#FF0000,Quadrant 3,2,1,33,,#FF0000,0,352.8496242966985,5
image_76.png,5,False,355.0724674458693,311.91296094234934,20,#FF0000,Quadrant 3,2,1,33,,#FF0000,0,243.05022401126232,5
image_76.png,5,False,501.641272601456,283.36866008825837,20,#FF0000,Quadrant 4,2,2,33,,#FF0000,0,144.4955874328132,5
image_76.png,5,False,242.16194969770103,86.36122894485446,20,#FF0000,Quadrant 1,1,1,33,,#FF0000,0,329.82718071983766,5
image_76.png,5,False,311.8078483225798,224.31207907562788,20,#FF0000,Quadrant 3,2,1,33,,#FF0000,0,348.1395620582588,5
image_76.png,5,False,197.61875966039239,157.15718773000737,20,#FF0000,Quadrant 1,1,1,33,,#FF0000,0,356.80615386820347,5
image_76.png,5,False,546.2983947055201,155.51233614787455,20,#FF0000,Quadrant 2,1,2,33,,#FF0000,0,262.12804268354927,5
image_76.png,5,False,491.74379620544806,13.993509817685975,20,#FF0000,Quadrant 2,1,2,33,,#FF0000,0,7.965362912231009,5
image_76.png,5,False,588.913758035654,244.72699434049858,20,#FF0000,Quadrant 4,2,2,33,,#FF0000,0,119.53455159891762,5
image_76.png,5,False,285.98055888418696,64.90105193950592,20,#FF0000,Quadrant 1,1,1,33,,#FF0000,0,66.73131848685753,5
image_76.png,5,False,266.76762101552424,155.12642838131117,20,#FF0000,Quadrant 1,1,1,33,,#FF0000,0,283.1498567639477,5
image_76.png,5,False,318.7654739857296,53.65415205511118,20,#FF0000,Quadrant 1,1,1,33,,#FF0000,0,108.75133889858586,5
image_77.png,2,True,610.5097513332737,115.39750735220274,20,#FF0000,Quadrant 2,1,2,31,140,#FF0000,0,4.876646124959865,4
image_77.png,5,False,546.2976309231793,233.4534986555507,20,#FF0000,Quadrant 4,2,2,31,,#FF0000,0,86.2550363872899,4
image_77.png,5,False,136.11733831563078,57.32004830778624,20,#FF0000,Quadrant 1,1,1,31,,#FF0000,0,42.71883827187291,4
image_77.png,5,False,47.26836347142388,263.38978881003203,20,#FF0000,Quadrant 3,2,1,31,,#FF0000,0,292.90958213008554,4
image_77.png,5,False,386.1341329965451,84.86623894924725,20,#FF0000,Quadrant 2,1,2,31,,#FF0000,0,95.31788881301473,4
image_77.png,5,False,119.45767364889755,168.0424114068336,20,#FF0000,Quadrant 1,1,1,31,,#FF0000,0,285.3498742208915,4
image_77.png,5,False,546.1818182336564,345.95747794793317,20,#FF0000,Quadrant 4,2,2,31,,#FF0000,0,41.88381573825383,4
image_77.png,5,False,568.8097412248803,182.16035826626364,20,#FF0000,Quadrant 2,1,2,31,,#FF0000,0,76.85674860046768,4
image_77.png,5,False,464.21419640444515,184.0853510903572,20,#FF0000,Quadrant 2,1,2,31,,#FF0000,0,148.55372845533384,4
image_77.png,5,False,636.240197852115,352.58609335743785,20,#FF0000,Quadrant 4,2,2,31,,#FF0000,0,37.529937818483965,4
image_77.png,5,False,455.82982957238005,287.269102931836,20,#FF0000,Quadrant 4,2,2,31,,#FF0000,0,10.795562805956935,4
image_77.png,5,False,376.7420407781353,145.66925161828442,20,#FF0000,Quadrant 2,1,2,31,,#FF0000,0,178.44567044416667,4
image_77.png,5,False,653.0937015701112,41.01351195007714,20,#FF0000,Quadrant 2,1,2,31,,#FF0000,0,60.124392294525705,4
image_77.png,5,False,318.730920274917,357.30479132009367,20,#FF0000,Quadrant 3,2,1,31,,#FF0000,0,262.7602070393697,4
image_77.png,5,False,230.33326013961647,90.04556905566739,20,#FF0000,Quadrant 1,1,1,31,,#FF0000,0,200.51329926480707,4
image_77.png,5,False,623.6451202193365,202.07368924810706,20,#FF0000,Quadrant 4,2,2,31,,#FF0000,0,63.43854930892887,4
image_77.png,5,False,195.00384926508005,268.1444449267091,20,#FF0000,Quadrant 3,2,1,31,,#FF0000,0,165.83567867811152,4
image_77.png,5,False,354.16011332341947,53.49801711700255,20,#FF0000,Quadrant 1,1,1,31,,#FF0000,0,320.5056676591675,4
image_77.png,5,False,675.7977911213103,339.74419375496797,20,#FF0000,Quadrant 4,2,2,31,,#FF0000,0,69.83839982311194,4
image_77.png,5,False,246.25018273361042,291.4653673924095,20,#FF0000,Quadrant 3,2,1,31,,#FF0000,0,147.9319698124211,4
image_77.png,5,False,307.2525635198514,268.7841202798442,20,#FF0000,Quadrant 3,2,1,31,,#FF0000,0,47.54047727457951,4
image_77.png,5,False,145.34067001546222,12.287201942038473,20,#FF0000,Quadrant 1,1,1,31,,#FF0000,0,146.4255484028764,4
image_77.png,5,False,53.68038469471845,323.7628436210038,20,#FF0000,Quadrant 3,2,1,31,,#FF0000,0,100.31664466835278,4
image_77.png,5,False,444.5875484085325,145.98754893377446,20,#FF0000,Quadrant 2,1,2,31,,#FF0000,0,333.0001350846079,4
image_77.png,5,False,313.697258557704,213.98974042959003,20,#FF0000,Quadrant 3,2,1,31,,#FF0000,0,54.90023413987236,4
image_77.png,5,False,655.9390612557455,134.0328187000093,20,#FF0000,Quadrant 2,1,2,31,,#FF0000,0,8.851179584307696,4
image_77.png,5,False,689.033544402117,24.746553954257934,20,#FF0000,Quadrant 2,1,2,31,,#FF0000,0,186.89183858769167,4
image_77.png,5,False,344.3691600934767,268.9541692387504,20,#FF0000,Quadrant 3,2,1,31,,#FF0000,0,331.4789507889293,4
image_77.png,5,False,56.27596823894278,81.42464325487683,20,#FF0000,Quadrant 1,1,1,31,,#FF0000,0,262.61576090819005,4
image_77.png,5,False,594.3638136413331,84.65993473923133,20,#FF0000,Quadrant 2,1,2,31,,#FF0000,0,166.7212915310599,4
image_77.png,5,False,427.3043545966922,96.69606415760002,20,#FF0000,Quadrant 2,1,2,31,,#FF0000,0,153.15214462227456,4
image_77.png,5,False,556.5230753275374,301.77248577164715,20,#FF0000,Quadrant 4,2,2,31,,#FF0000,0,206.51913649758617,4
image_78.png,2,True,375.54066451950916,248.21258615240671,20,#FF0000,Quadrant 4,2,2,28,140,#FF0000,0,274.7029783075941,4
image_78.png,5,False,695.4902187908115,354.38771831438777,20,#FF0000,Quadrant 4,2,2,28,,#FF0000,0,31.264054909167914,4
image_78.png,5,False,147.50165181234107,246.28019291711072,20,#FF0000,Quadrant 3,2,1,28,,#FF0000,0,71.445414452138,4
image_78.png,5,False,117.22636608756446,304.16373947046196,20,#FF0000,Quadrant 3,2,1,28,,#FF0000,0,126.38319354733399,4
image_78.png,5,False,507.66278449786904,238.15269288244005,20,#FF0000,Quadrant 4,2,2,28,,#FF0000,0,63.36369280766176,4
image_78.png,5,False,511.3892462467736,334.54728404576923,20,#FF0000,Quadrant 4,2,2,28,,#FF0000,0,67.13533108845985,4
image_78.png,5,False,247.9949153592313,282.8335948079372,20,#FF0000,Quadrant 3,2,1,28,,#FF0000,0,282.2734913871232,4
image_78.png,5,False,253.69948583076274,348.6489965841696,20,#FF0000,Quadrant 3,2,1,28,,#FF0000,0,347.88967506239777,4
image_78.png,5,False,157.90076147523686,99.6906261748042,20,#FF0000,Quadrant 1,1,1,28,,#FF0000,0,237.33859781800794,4
image_78.png,5,False,451.9163388433458,302.3842576589408,20,#FF0000,Quadrant 4,2,2,28,,#FF0000,0,60.83134483009176,4
image_78.png,5,False,492.8249454825266,82.85935404739463,20,#FF0000,Quadrant 2,1,2,28,,#FF0000,0,159.36981947468365,4
image_78.png,5,False,429.85944143009976,11.538337458748485,20,#FF0000,Quadrant 2,1,2,28,,#FF0000,0,187.99648744777073,4
image_78.png,5,False,337.36649685524276,273.1402553848884,20,#FF0000,Quadrant 3,2,1,28,,#FF0000,0,130.89260687702202,4
image_78.png,5,False,583.9700931161568,306.54258866479,20,#FF0000,Quadrant 4,2,2,28,,#FF0000,0,321.9847023592623,4
image_78.png,5,False,167.15301210882728,172.3385188201567,20,#FF0000,Quadrant 1,1,1,28,,#FF0000,0,81.18066375339741,4
image_78.png,5,False,680.7030894379955,188.48703922407546,20,#FF0000,Quadrant 2,1,2,28,,#FF0000,0,182.61932556333318,4
image_78.png,5,False,44.72994714077895,379.9745591994029,20,#FF0000,Quadrant 3,2,1,28,,#FF0000,0,32.98969273763359,4
image_78.png,5,False,94.22649376641554,202.14189489944238,20,#FF0000,Quadrant 3,2,1,28,,#FF0000,0,283.64839095964436,4
image_78.png,5,False,599.0891608352465,155.06826755837437,20,#FF0000,Quadrant 2,1,2,28,,#FF0000,0,57.02217265006423,4
image_78.png,5,False,349.5692231499061,69.95700742191764,20,#FF0000,Quadrant 1,1,1,28,,#FF0000,0,35.52130404932353,4
image_78.png,5,False,455.27144449522115,370.9127763459895,20,#FF0000,Quadrant 4,2,2,28,,#FF0000,0,35.919604953523496,4
image_78.png,5,False,164.13808798224815,374.9179311024268,20,#FF0000,Quadrant 3,2,1,28,,#FF0000,0,352.97426074224654,4
image_78.png,5,False,446.5306889247529,80.13053146675882,20,#FF0000,Quadrant 2,1,2,28,,#FF0000,0,243.9975273734289,4
image_78.png,5,False,602.871770662618,262.83140233188647,20,#FF0000,Quadrant 4,2,2,28,,#FF0000,0,32.270603380476636,4
image_78.png,5,False,310.5371015368144,278.41665506402353,20,#FF0000,Quadrant 3,2,1,28,,#FF0000,0,303.0532254792457,4
image_78.png,5,False,644.6337840901078,203.15942608105695,20,#FF0000,Quadrant 4,2,2,28,,#FF0000,0,342.8222541369415,4
image_78.png,5,False,530.7687284090968,121.3899567717305,20,#FF0000,Quadrant 2,1,2,28,,#FF0000,0,228.50655673598501,4
image_78.png,5,False,249.46711404611779,385.3672426744805,20,#FF0000,Quadrant 3,2,1,28,,#FF0000,0,358.96978002361,4
image_78.png,5,False,401.0246574305071,282.1601549262524,20,#FF0000,Quadrant 4,2,2,28,,#FF0000,0,308.9031611874999,4
image_79.png,2,True,445.9900077782579,80.60205790046783,20,#FF0000,Quadrant 2,1,2,86,140,#FF0000,0,356.6924679779865,6
image_79.png,5,False,254.72614286887543,32.6064463296248,20,#FF0000,Quadrant 1,1,1,86,,#FF0000,0,264.33089096104766,6
image_79.png,5,False,623.1267891582507,386.31725291442837,20,#FF0000,Quadrant 4,2,2,86,,#FF0000,0,65.89457136078951,6
image_79.png,5,False,585.0170123807654,251.19318743612234,20,#FF0000,Quadrant 4,2,2,86,,#FF0000,0,140.2600780666436,6
image_79.png,5,False,606.6358488003202,103.47471163571564,20,#FF0000,Quadrant 2,1,2,86,,#FF0000,0,259.94153240594153,6
image_79.png,5,False,90.05611369947754,31.949466292919034,20,#FF0000,Quadrant 1,1,1,86,,#FF0000,0,307.8300922601785,6
image_79.png,5,False,557.3651478278181,115.24473037955642,20,#FF0000,Quadrant 2,1,2,86,,#FF0000,0,142.85510842593544,6
image_79.png,5,False,15.34959523793714,263.8829020199664,20,#FF0000,Quadrant 3,2,1,86,,#FF0000,0,297.9623353859284,6
image_79.png,5,False,396.0755588069332,126.24860216588033,20,#FF0000,Quadrant 2,1,2,86,,#FF0000,0,82.48146465746956,6
image_79.png,5,False,398.00070202505333,67.13192249180877,20,#FF0000,Quadrant 2,1,2,86,,#FF0000,0,43.92887767517875,6
image_79.png,5,False,60.426860074764555,303.8624383335459,20,#FF0000,Quadrant 3,2,1,86,,#FF0000,0,319.8523083150155,6
image_79.png,5,False,466.4968326352663,203.29539733050794,20,#FF0000,Quadrant 4,2,2,86,,#FF0000,0,62.8253211413722,6
image_79.png,5,False,286.1152689974412,226.80419611222288,20,#FF0000,Quadrant 3,2,1,86,,#FF0000,0,103.25656234494797,6
image_79.png,5,False,463.5703210886075,156.95196853512041,20,#FF0000,Quadrant 2,1,2,86,,#FF0000,0,259.23424460343693,6
image_79.png,5,False,201.74885839096913,190.98239303396971,20,#FF0000,Quadrant 1,1,1,86,,#FF0000,0,112.97914909555855,6
image_79.png,5,False,184.23324340446612,38.488716558580535,20,#FF0000,Quadrant 1,1,1,86,,#FF0000,0,130.15156473689794,6
image_79.png,5,False,442.45815205965334,36.43667457411176,20,#FF0000,Quadrant 2,1,2,86,,#FF0000,0,62.7407632562671,6
image_79.png,5,False,684.396892594857,112.17855259197869,20,#FF0000,Quadrant 2,1,2,86,,#FF0000,0,31.13206322582705,6
image_79.png,5,False,539.0682918110263,265.4811042499505,20,#FF0000,Quadrant 4,2,2,86,,#FF0000,0,27.897539465438665,6
image_79.png,5,False,198.1456191066571,226.2995175928212,20,#FF0000,Quadrant 3,2,1,86,,#FF0000,0,118.78139402103031,6
image_79.png,5,False,408.02383198363856,153.11864662123227,20,#FF0000,Quadrant 2,1,2,86,,#FF0000,0,241.38909662423006,6
image_79.png,5,False,418.15394921747543,181.42480879136934,20,#FF0000,Quadrant 2,1,2,86,,#FF0000,0,354.51573339214315,6
image_79.png,5,False,565.5440925163808,33.754890995969006,20,#FF0000,Quadrant 2,1,2,86,,#FF0000,0,178.79441506259866,6
image_79.png,5,False,683.7357424129973,262.9988134327201,20,#FF0000,Quadrant 4,2,2,86,,#FF0000,0,60.74181881885856,6
image_79.png,5,False,608.2784031871554,198.53729406240228,20,#FF0000,Quadrant 2,1,2,86,,#FF0000,0,25.603432835562256,6
image_79.png,5,False,150.03010281782016,103.1000445054274,20,#FF0000,Quadrant 1,1,1,86,,#FF0000,0,26.38497843361104,6
image_79.png,5,False,635.1905524226386,245.4749876300672,20,#FF0000,Quadrant 4,2,2,86,,#FF0000,0,257.922893723836,6
image_79.png,5,False,668.9199452809876,190.38612517345058,20,#FF0000,Quadrant 2,1,2,86,,#FF0000,0,13.08084520624643,6
image_79.png,5,False,304.7637288048014,348.62822516935984,20,#FF0000,Quadrant 3,2,1,86,,#FF0000,0,26.709606791962113,6
image_79.png,5,False,560.7461258526006,383.364006185872,20,#FF0000,Quadrant 4,2,2,86,,#FF0000,0,83.27671340677925,6
image_79.png,5,False,312.67803628185123,158.1945022428865,20,#FF0000,Quadrant 1,1,1,86,,#FF0000,0,66.73474198182356,6
image_79.png,5,False,376.45792337844665,245.97895411855228,20,#FF0000,Quadrant 4,2,2,86,,#FF0000,0,207.63922502830997,6
image_79.png,5,False,300.6256950930895,100.67347855694223,20,#FF0000,Quadrant 1,1,1,86,,#FF0000,0,233.5494032210915,6
image_79.png,5,False,154.31535479534773,249.5048458643741,20,#FF0000,Quadrant 3,2,1,86,,#FF0000,0,229.46488542071714,6
image_79.png,5,False,642.0159195744797,272.9422244184767,20,#FF0000,Quadrant 4,2,2,86,,#FF0000,0,205.7996934953281,6
image_79.png,5,False,426.2037367014453,249.12687350098906,20,#FF0000,Quadrant 4,2,2,86,,#FF0000,0,73.08550746369157,6
image_79.png,5,False,223.7402523591454,22.671585325459247,20,#FF0000,Quadrant 1,1,1,86,,#FF0000,0,137.6032456634465,6
image_79.png,5,False,510.58095453161286,229.56655999095085,20,#FF0000,Quadrant 4,2,2,86,,#FF0000,0,184.49790807039182,6
image_79.png,5,False,171.65747950904714,65.70858852019384,20,#FF0000,Quadrant 1,1,1,86,,#FF0000,0,120.55362005090741,6
image_79.png,5,False,251.5336455781294,316.255494407828,20,#FF0000,Quadrant 3,2,1,86,,#FF0000,0,8.46683203320552,6
image_79.png,5,False,205.84113065104782,252.9517048180389,20,#FF0000,Quadrant 3,2,1,86,,#FF0000,0,98.02347956260616,6
image_79.png,5,False,107.6532358972423,376.96809902904323,20,#FF0000,Quadrant 3,2,1,86,,#FF0000,0,17.978999915932246,6
image_79.png,5,False,221.95137397967068,216.91758784289746,20,#FF0000,Quadrant 3,2,1,86,,#FF0000,0,167.1361963632074,6
image_79.png,5,False,353.0277325230057,123.54718515549324,20,#FF0000,Quadrant 1,1,1,86,,#FF0000,0,274.5055088154453,6
image_79.png,5,False,321.14571996922143,127.99458818480002,20,#FF0000,Quadrant 1,1,1,86,,#FF0000,0,161.21738771729846,6
image_79.png,5,False,304.9483543622602,385.4497111645851,20,#FF0000,Quadrant 3,2,1,86,,#FF0000,0,320.589499213704,6
image_79.png,5,False,227.852225457376,94.38332092581834,20,#FF0000,Quadrant 1,1,1,86,,#FF0000,0,87.93501114160713,6
image_79.png,5,False,65.48486836051909,344.6726626606741,20,#FF0000,Quadrant 3,2,1,86,,#FF0000,0,167.18510388505902,6
image_79.png,5,False,257.726355564865,226.1990897884024,20,#FF0000,Quadrant 3,2,1,86,,#FF0000,0,203.55575408061287,6
image_79.png,5,False,332.04068632723323,14.007756469809124,20,#FF0000,Quadrant 1,1,1,86,,#FF0000,0,133.54622284832,6
image_79.png,5,False,86.87402986199974,210.96812281680596,20,#FF0000,Quadrant 3,2,1,86,,#FF0000,0,132.48246346350942,6
image_79.png,5,False,64.99219957695288,129.69712857993554,20,#FF0000,Quadrant 1,1,1,86,,#FF0000,0,84.51746549815931,6
image_79.png,5,False,372.3944644459115,332.2769139522719,20,#FF0000,Quadrant 4,2,2,86,,#FF0000,0,104.39311958714907,6
image_79.png,5,False,537.0175114653263,242.23169439086323,20,#FF0000,Quadrant 4,2,2,86,,#FF0000,0,302.57856283463565,6
image_79.png,5,False,680.9661289352985,295.9058764348338,20,#FF0000,Quadrant 4,2,2,86,,#FF0000,0,89.28492387736851,6
image_79.png,5,False,660.1039296551438,121.43643587629778,20,#FF0000,Quadrant 2,1,2,86,,#FF0000,0,314.8772403926072,6
image_79.png,5,False,499.5262725155586,307.94341672652735,20,#FF0000,Quadrant 4,2,2,86,,#FF0000,0,79.70639341071958,6
image_79.png,5,False,221.3878869910452,56.856038447523765,20,#FF0000,Quadrant 1,1,1,86,,#FF0000,0,285.0145632237764,6
image_79.png,5,False,426.7981465673582,103.45432623197884,20,#FF0000,Quadrant 2,1,2,86,,#FF0000,0,204.97877131462909,6
image_79.png,5,False,585.4767580495661,368.1154952959716,20,#FF0000,Quadrant 4,2,2,86,,#FF0000,0,218.68594383660627,6
image_79.png,5,False,196.7814091764658,165.94894946898717,20,#FF0000,Quadrant 1,1,1,86,,#FF0000,0,206.97116968877842,6
image_79.png,5,False,533.9995579405047,327.29963565238296,20,#FF0000,Quadrant 4,2,2,86,,#FF0000,0,6.183431962853905,6
image_79.png,5,False,355.8474340548244,59.49880000096443,20,#FF0000,Quadrant 2,1,2,86,,#FF0000,0,213.59555123856427,6
image_79.png,5,False,509.5232233206816,93.60293434253087,20,#FF0000,Quadrant 2,1,2,86,,#FF0000,0,260.2620134631551,6
image_79.png,5,False,412.4368235413286,363.9603465937979,20,#FF0000,Quadrant 4,2,2,86,,#FF0000,0,317.6412638132169,6
image_79.png,5,False,534.8114330576642,179.41527636941933,20,#FF0000,Quadrant 2,1,2,86,,#FF0000,0,359.17428971765816,6
image_79.png,5,False,130.42925355832193,336.23923864187793,20,#FF0000,Quadrant 3,2,1,86,,#FF0000,0,22.033418184950207,6
image_79.png,5,False,250.5981344042837,119.5107236076322,20,#FF0000,Quadrant 1,1,1,86,,#FF0000,0,306.58524115894704,6
image_79.png,5,False,101.88715200088821,304.98799375817055,20,#FF0000,Quadrant 3,2,1,86,,#FF0000,0,288.1270486922401,6
image_79.png,5,False,18.00068109903849,125.06952891600157,20,#FF0000,Quadrant 1,1,1,86,,#FF0000,0,13.425248026819423,6
image_79.png,5,False,595.4487752819241,155.20754832867047,20,#FF0000,Quadrant 2,1,2,86,,#FF0000,0,204.00659796462526,6
image_79.png,5,False,29.868827934926788,350.1562876008313,20,#FF0000,Quadrant 3,2,1,86,,#FF0000,0,19.65876501996654,6
image_79.png,5,False,256.4486983293227,278.2379816537672,20,#FF0000,Quadrant 3,2,1,86,,#FF0000,0,141.6536294754959,6
image_79.png,5,False,679.9172700006313,40.81713155492988,20,#FF0000,Quadrant 2,1,2,86,,#FF0000,0,338.3713703966728,6
image_79.png,5,False,161.4782065129212,37.00047608235903,20,#FF0000,Quadrant 1,1,1,86,,#FF0000,0,206.51907190244063,6
image_79.png,5,False,654.9041380916938,219.1759654300879,20,#FF0000,Quadrant 4,2,2,86,,#FF0000,0,26.09243333500639,6
image_79.png,5,False,503.0876718628257,168.1290123513066,20,#FF0000,Quadrant 2,1,2,86,,#FF0000,0,238.7828487327278,6
image_79.png,5,False,475.9352490148426,259.7363731397735,20,#FF0000,Quadrant 4,2,2,86,,#FF0000,0,266.92254520604547,6
image_79.png,5,False,383.24760044882765,21.591712909557536,20,#FF0000,Quadrant 2,1,2,86,,#FF0000,0,281.3151423317163,6
image_79.png,5,False,498.70617122323375,64.24821569854441,20,#FF0000,Quadrant 2,1,2,86,,#FF0000,0,112.96532493734377,6
image_79.png,5,False,331.9473681341761,82.18633846611353,20,#FF0000,Quadrant 1,1,1,86,,#FF0000,0,102.97669368377373,6
image_79.png,5,False,154.20129415969905,131.40697088906424,20,#FF0000,Quadrant 1,1,1,86,,#FF0000,0,13.514353847170648,6
image_79.png,5,False,380.69088546949706,310.1397650355275,20,#FF0000,Quadrant 4,2,2,86,,#FF0000,0,55.85967214567304,6
image_79.png,5,False,43.3359208595872,72.23109926354306,20,#FF0000,Quadrant 1,1,1,86,,#FF0000,0,131.9805674330123,6
image_79.png,5,False,646.4520061298955,71.28459451504634,20,#FF0000,Quadrant 2,1,2,86,,#FF0000,0,313.97063189298666,6
image_79.png,5,False,17.420981600175114,17.139368406080408,20,#FF0000,Quadrant 1,1,1,86,,#FF0000,0,285.55482807873426,6
image_79.png,5,False,95.6476016555403,351.5415976621168,20,#FF0000,Quadrant 3,2,1,86,,#FF0000,0,264.2627621383435,6
image_80.png,2,True,573.0759254424016,176.38996551581658,20,#FF0000,Quadrant 2,1,2,59,140,#FF0000,0,131.4720366583264,5
image_80.png,5,False,545.599044148694,241.45621017042782,20,#FF0000,Quadrant 4,2,2,59,,#FF0000,0,153.67253639636934,5
image_80.png,5,False,571.7293563273922,105.16866817837811,20,#FF0000,Quadrant 2,1,2,59,,#FF0000,0,125.05444608871156,5
image_80.png,5,False,130.58337596459592,253.5833684201073,20,#FF0000,Quadrant 3,2,1,59,,#FF0000,0,269.42140743434123,5
image_80.png,5,False,64.90867366445286,352.52735381878693,20,#FF0000,Quadrant 3,2,1,59,,#FF0000,0,75.81937566532203,5
image_80.png,5,False,517.2194078624689,221.21661531107256,20,#FF0000,Quadrant 4,2,2,59,,#FF0000,0,327.684665941439,5
image_80.png,5,False,346.9813742232488,99.82538954152461,20,#FF0000,Quadrant 1,1,1,59,,#FF0000,0,92.99344669120984,5
image_80.png,5,False,504.83308254504914,370.38778614646657,20,#FF0000,Quadrant 4,2,2,59,,#FF0000,0,78.04253591229886,5
image_80.png,5,False,98.54144483943735,122.88993191193867,20,#FF0000,Quadrant 1,1,1,59,,#FF0000,0,47.451595491171005,5
image_80.png,5,False,680.8495558268826,230.817462563446,20,#FF0000,Quadrant 4,2,2,59,,#FF0000,0,24.516495322862863,5
image_80.png,5,False,699.5877886712547,302.27645796681736,20,#FF0000,Quadrant 4,2,2,59,,#FF0000,0,266.9036037249772,5
image_80.png,5,False,102.22549478450746,30.701055549444646,20,#FF0000,Quadrant 1,1,1,59,,#FF0000,0,238.29026197600905,5
image_80.png,5,False,313.7098143701954,343.13878830519513,20,#FF0000,Quadrant 3,2,1,59,,#FF0000,0,134.38795761060928,5
image_80.png,5,False,583.7832511247103,260.68935505904983,20,#FF0000,Quadrant 4,2,2,59,,#FF0000,0,148.891372158118,5
image_80.png,5,False,339.1617821490098,251.43155198687228,20,#FF0000,Quadrant 3,2,1,59,,#FF0000,0,299.410936610728,5
image_80.png,5,False,584.5268074489848,364.7003418351439,20,#FF0000,Quadrant 4,2,2,59,,#FF0000,0,224.0274921297841,5
image_80.png,5,False,192.69595385701948,157.02795648567053,20,#FF0000,Quadrant 1,1,1,59,,#FF0000,0,65.83562473384549,5
image_80.png,5,False,167.67171188347785,340.76612983605503,20,#FF0000,Quadrant 3,2,1,59,,#FF0000,0,230.3347569330382,5
image_80.png,5,False,359.48879268730116,362.968666421068,20,#FF0000,Quadrant 4,2,2,59,,#FF0000,0,53.401661233695,5
image_80.png,5,False,229.17729159870203,26.159027661436497,20,#FF0000,Quadrant 1,1,1,59,,#FF0000,0,64.75633662938074,5
image_80.png,5,False,549.7574272237405,140.74551821973063,20,#FF0000,Quadrant 2,1,2,59,,#FF0000,0,344.082748670697,5
image_80.png,5,False,378.77199408504345,280.36716327283597,20,#FF0000,Quadrant 4,2,2,59,,#FF0000,0,141.9130524469152,5
image_80.png,5,False,510.3231883683342,66.7296251507426,20,#FF0000,Quadrant 2,1,2,59,,#FF0000,0,329.3489156854746,5
image_80.png,5,False,182.63250051544253,81.92281111044939,20,#FF0000,Quadrant 1,1,1,59,,#FF0000,0,89.06595419919789,5
image_80.png,5,False,658.9966298682764,311.2942232521176,20,#FF0000,Quadrant 4,2,2,59,,#FF0000,0,206.42523256683012,5
image_80.png,5,False,69.24553106145106,381.185386715988,20,#FF0000,Quadrant 3,2,1,59,,#FF0000,0,35.90268497762577,5
image_80.png,5,False,326.4859404532691,205.1078151007164,20,#FF0000,Quadrant 3,2,1,59,,#FF0000,0,42.92129211969452,5
image_80.png,5,False,249.8457184207173,271.2000893127768,20,#FF0000,Quadrant 3,2,1,59,,#FF0000,0,84.854229471684,5
image_80.png,5,False,643.6488959249323,243.16410075797677,20,#FF0000,Quadrant 4,2,2,59,,#FF0000,0,149.73431773963026,5
image_80.png,5,False,624.799371685554,350.7492505308018,20,#FF0000,Quadrant 4,2,2,59,,#FF0000,0,241.05946876018552,5
image_80.png,5,False,45.09430562388306,322.61532422325325,20,#FF0000,Quadrant 3,2,1,59,,#FF0000,0,163.5892578052043,5
image_80.png,5,False,35.840974135541174,248.8676599152181,20,#FF0000,Quadrant 3,2,1,59,,#FF0000,0,104.88529629775093,5
image_80.png,5,False,436.2856075130656,273.5001824958231,20,#FF0000,Quadrant 4,2,2,59,,#FF0000,0,349.78478985274944,5
image_80.png,5,False,230.33587090347444,345.81332066071894,20,#FF0000,Quadrant 3,2,1,59,,#FF0000,0,64.15300708520368,5
image_80.png,5,False,351.36031455020833,76.2667987670011,20,#FF0000,Quadrant 1,1,1,59,,#FF0000,0,275.1545166923188,5
image_80.png,5,False,350.1464632849671,157.5923423685854,20,#FF0000,Quadrant 1,1,1,59,,#FF0000,0,51.157791062547034,5
image_80.png,5,False,162.79499092814544,182.7645252996372,20,#FF0000,Quadrant 1,1,1,59,,#FF0000,0,91.6297779226184,5
image_80.png,5,False,259.5337084127948,120.34080143696835,20,#FF0000,Quadrant 1,1,1,59,,#FF0000,0,58.87791847979309,5
image_80.png,5,False,269.8438491625016,153.4622181259847,20,#FF0000,Quadrant 1,1,1,59,,#FF0000,0,51.96310610082202,5
image_80.png,5,False,569.716212016372,234.43678531265618,20,#FF0000,Quadrant 4,2,2,59,,#FF0000,0,115.38097863372946,5
image_80.png,5,False,596.6481938372593,83.71118934091682,20,#FF0000,Quadrant 2,1,2,59,,#FF0000,0,232.577633095533,5
image_80.png,5,False,518.0630514624627,272.7105968740631,20,#FF0000,Quadrant 4,2,2,59,,#FF0000,0,70.3075425804678,5
image_80.png,5,False,150.42374811005294,120.580983201367,20,#FF0000,Quadrant 1,1,1,59,,#FF0000,0,293.92343007311763,5
image_80.png,5,False,615.3970623123438,326.068243227908,20,#FF0000,Quadrant 4,2,2,59,,#FF0000,0,108.73509168188795,5
image_80.png,5,False,590.185681069577,199.65819318772245,20,#FF0000,Quadrant 2,1,2,59,,#FF0000,0,109.7039727925748,5
image_80.png,5,False,646.5671061484442,15.439069423255928,20,#FF0000,Quadrant 2,1,2,59,,#FF0000,0,215.71931428342918,5
image_80.png,5,False,565.2588060685899,14.902621367190523,20,#FF0000,Quadrant 2,1,2,59,,#FF0000,0,167.26497625925717,5
image_80.png,5,False,481.6673084803928,300.5310791569205,20,#FF0000,Quadrant 4,2,2,59,,#FF0000,0,134.70876739163603,5
image_80.png,5,False,60.174922628114736,300.58153455505783,20,#FF0000,Quadrant 3,2,1,59,,#FF0000,0,246.36769835479492,5
image_80.png,5,False,464.31557916209783,71.46424682590084,20,#FF0000,Quadrant 2,1,2,59,,#FF0000,0,153.76992604492528,5
image_80.png,5,False,521.6047434590073,167.5354103009314,20,#FF0000,Quadrant 2,1,2,59,,#FF0000,0,315.95333378898914,5
image_80.png,5,False,128.47198736110613,355.7543438791174,20,#FF0000,Quadrant 3,2,1,59,,#FF0000,0,114.80644171032715,5
image_80.png,5,False,23.082901226361336,41.44918957979091,20,#FF0000,Quadrant 1,1,1,59,,#FF0000,0,204.2059416718777,5
image_80.png,5,False,384.9457572823733,64.58523687719563,20,#FF0000,Quadrant 2,1,2,59,,#FF0000,0,143.77228890168877,5
image_80.png,5,False,30.138326426510183,150.43869610490162,20,#FF0000,Quadrant 1,1,1,59,,#FF0000,0,217.65113657843798,5
image_80.png,5,False,293.84326215426904,26.891691336914423,20,#FF0000,Quadrant 1,1,1,59,,#FF0000,0,334.417339240743,5
image_80.png,5,False,439.849440879777,123.1370926873561,20,#FF0000,Quadrant 2,1,2,59,,#FF0000,0,62.049769592289074,5
image_80.png,5,False,134.94103215226215,174.0935626216207,20,#FF0000,Quadrant 1,1,1,59,,#FF0000,0,275.0204004602427,5
image_80.png,5,False,467.9760321646553,246.68389870548722,20,#FF0000,Quadrant 4,2,2,59,,#FF0000,0,27.35920340330018,5
image_80.png,5,False,471.81917562927237,139.38484082149196,20,#FF0000,Quadrant 2,1,2,59,,#FF0000,0,9.744424169291296,5
image_81.png,2,True,84.7017440622398,258.47708445400815,20,#FF0000,Quadrant 3,2,1,25,140,#FF0000,0,73.71457830508416,4
image_81.png,5,False,38.868324883631345,114.04709184864849,20,#FF0000,Quadrant 1,1,1,25,,#FF0000,0,273.7019227927921,4
image_81.png,5,False,597.3331103745529,277.25279722656165,20,#FF0000,Quadrant 4,2,2,25,,#FF0000,0,192.39576955586932,4
image_81.png,5,False,575.2372908189171,42.6416087956944,20,#FF0000,Quadrant 2,1,2,25,,#FF0000,0,56.53221147599548,4
image_81.png,5,False,76.01487744884518,324.29989075179844,20,#FF0000,Quadrant 3,2,1,25,,#FF0000,0,306.1813424129963,4
image_81.png,5,False,267.38599216332494,122.91541411947279,20,#FF0000,Quadrant 1,1,1,25,,#FF0000,0,281.5599482317045,4
image_81.png,5,False,619.6872518406639,279.84448569119735,20,#FF0000,Quadrant 4,2,2,25,,#FF0000,0,238.58866071858066,4
image_81.png,5,False,610.2441078947359,216.42027018729678,20,#FF0000,Quadrant 4,2,2,25,,#FF0000,0,193.797506208087,4
image_81.png,5,False,694.0979872912785,123.62670765662155,20,#FF0000,Quadrant 2,1,2,25,,#FF0000,0,192.88276657328956,4
image_81.png,5,False,537.103806030624,52.47993462277111,20,#FF0000,Quadrant 2,1,2,25,,#FF0000,0,3.0369958090277427,4
image_81.png,5,False,394.2714210760149,33.108328575023776,20,#FF0000,Quadrant 2,1,2,25,,#FF0000,0,117.6179827330395,4
image_81.png,5,False,221.5547504931895,61.48765166439777,20,#FF0000,Quadrant 1,1,1,25,,#FF0000,0,111.3493993578542,4
image_81.png,5,False,11.661434988213925,311.36351091239584,20,#FF0000,Quadrant 3,2,1,25,,#FF0000,0,301.25526042684135,4
image_81.png,5,False,650.4392991900894,357.084053832751,20,#FF0000,Quadrant 4,2,2,25,,#FF0000,0,63.95809088055945,4
image_81.png,5,False,450.7755724439292,192.6069029900479,20,#FF0000,Quadrant 2,1,2,25,,#FF0000,0,179.2180862963788,4
image_81.png,5,False,369.8180921711351,304.30470849939513,20,#FF0000,Quadrant 4,2,2,25,,#FF0000,0,299.48698902818717,4
image_81.png,5,False,450.4482527732076,117.50867339586118,20,#FF0000,Quadrant 2,1,2,25,,#FF0000,0,345.51458105130524,4
image_81.png,5,False,527.0157539705622,303.9767593871391,20,#FF0000,Quadrant 4,2,2,25,,#FF0000,0,313.2778619508928,4
image_81.png,5,False,310.9522990881495,59.87584494274077,20,#FF0000,Quadrant 1,1,1,25,,#FF0000,0,42.75070380036236,4
image_81.png,5,False,135.2216012181745,241.77467262196342,20,#FF0000,Quadrant 3,2,1,25,,#FF0000,0,106.62994710401772,4
image_81.png,5,False,137.10197321167016,126.53126747076891,20,#FF0000,Quadrant 1,1,1,25,,#FF0000,0,27.0373379408632,4
image_81.png,5,False,206.8979314220887,242.23554108746103,20,#FF0000,Quadrant 3,2,1,25,,#FF0000,0,23.026984455957763,4
image_81.png,5,False,604.8300289087913,338.28793540823824,20,#FF0000,Quadrant 4,2,2,25,,#FF0000,0,204.606705591789,4
image_81.png,5,False,605.4008886496213,179.78210486467452,20,#FF0000,Quadrant 2,1,2,25,,#FF0000,0,32.4171365021273,4
image_81.png,5,False,290.9071257056285,241.35711792525075,20,#FF0000,Quadrant 3,2,1,25,,#FF0000,0,297.13764603232227,4
image_81.png,5,False,202.3250203164523,272.06747339030926,20,#FF0000,Quadrant 3,2,1,25,,#FF0000,0,351.63512245318185,4
image_82.png,2,True,364.93052603404874,86.28341896770746,20,#FF0000,Quadrant 2,1,2,13,140,#FF0000,0,234.60756583450816,3
image_82.png,5,False,24.712749222531848,93.91058312966909,20,#FF0000,Quadrant 1,1,1,13,,#FF0000,0,264.7281062441989,3
image_82.png,5,False,293.3669026451217,289.7751782397583,20,#FF0000,Quadrant 3,2,1,13,,#FF0000,0,155.5167543292746,3
image_82.png,5,False,497.59272645017666,34.58264820303499,20,#FF0000,Quadrant 2,1,2,13,,#FF0000,0,268.24537709737524,3
image_82.png,5,False,146.53214007145957,71.96900053198064,20,#FF0000,Quadrant 1,1,1,13,,#FF0000,0,125.2207891423153,3
image_82.png,5,False,232.69641550120647,28.544209521032535,20,#FF0000,Quadrant 1,1,1,13,,#FF0000,0,34.69002039272771,3
image_82.png,5,False,197.1352751724665,346.01985722881506,20,#FF0000,Quadrant 3,2,1,13,,#FF0000,0,291.4607195899319,3
image_82.png,5,False,389.8351509127128,11.722357597574833,20,#FF0000,Quadrant 2,1,2,13,,#FF0000,0,323.69200739696316,3
image_82.png,5,False,485.7984872200112,360.61402720196156,20,#FF0000,Quadrant 4,2,2,13,,#FF0000,0,127.90010034392965,3
image_82.png,5,False,435.3857235741703,260.47423865063183,20,#FF0000,Quadrant 4,2,2,13,,#FF0000,0,303.28246095563486,3
image_82.png,5,False,432.29917971809584,33.544410470996056,20,#FF0000,Quadrant 2,1,2,13,,#FF0000,0,203.23988673262514,3
image_82.png,5,False,491.5819617493654,72.99732968923458,20,#FF0000,Quadrant 2,1,2,13,,#FF0000,0,143.3187278526535,3
image_82.png,5,False,311.50578874516845,103.25680677776298,20,#FF0000,Quadrant 1,1,1,13,,#FF0000,0,164.65990954833583,3
image_82.png,5,False,592.4033060070357,386.3326212781994,20,#FF0000,Quadrant 4,2,2,13,,#FF0000,0,81.7698298680167,3
image_83.png,2,True,356.6035460150696,348.53768303742845,20,#FF0000,Quadrant 4,2,2,27,140,#FF0000,0,317.5250875499028,4
image_83.png,5,False,619.224362732916,88.05402804223652,20,#FF0000,Quadrant 2,1,2,27,,#FF0000,0,242.34298053575574,4
image_83.png,5,False,291.77373067429954,293.3598865232473,20,#FF0000,Quadrant 3,2,1,27,,#FF0000,0,293.2406504013746,4
image_83.png,5,False,448.5148194773257,344.8771274429414,20,#FF0000,Quadrant 4,2,2,27,,#FF0000,0,182.03694552958083,4
image_83.png,5,False,640.0921084210507,294.5160778810327,20,#FF0000,Quadrant 4,2,2,27,,#FF0000,0,346.85102697640036,4
image_83.png,5,False,132.97582609936916,182.94305157361427,20,#FF0000,Quadrant 1,1,1,27,,#FF0000,0,276.4669089384121,4
image_83.png,5,False,391.431333519073,375.8199875779094,20,#FF0000,Quadrant 4,2,2,27,,#FF0000,0,89.21957758262185,4
image_83.png,5,False,681.4986255262171,82.77158418752146,20,#FF0000,Quadrant 2,1,2,27,,#FF0000,0,39.117658140475825,4
image_83.png,5,False,556.0692374488005,87.02528198231796,20,#FF0000,Quadrant 2,1,2,27,,#FF0000,0,238.97664384620586,4
image_83.png,5,False,430.4451474321804,48.47845481637243,20,#FF0000,Quadrant 2,1,2,27,,#FF0000,0,81.21917916895934,4
image_83.png,5,False,361.08214811772757,377.9686209157003,20,#FF0000,Quadrant 4,2,2,27,,#FF0000,0,194.60313369105398,4
image_83.png,5,False,139.72929061717292,289.65144017959193,20,#FF0000,Quadrant 3,2,1,27,,#FF0000,0,125.75794162732467,4
image_83.png,5,False,54.614174053345444,191.2571314199914,20,#FF0000,Quadrant 1,1,1,27,,#FF0000,0,262.1962465957537,4
image_83.png,5,False,537.5708994366163,366.68837565720014,20,#FF0000,Quadrant 4,2,2,27,,#FF0000,0,254.96894611151816,4
image_83.png,5,False,667.3879665665697,193.3012672540333,20,#FF0000,Quadrant 2,1,2,27,,#FF0000,0,7.122545437379317,4
image_83.png,5,False,459.29276439499995,170.7019518284922,20,#FF0000,Quadrant 2,1,2,27,,#FF0000,0,138.83138831101274,4
image_83.png,5,False,266.09127485591546,230.99644348877814,20,#FF0000,Quadrant 3,2,1,27,,#FF0000,0,226.49387970869688,4
image_83.png,5,False,630.310376485847,214.4495284077558,20,#FF0000,Quadrant 4,2,2,27,,#FF0000,0,2.258620176683812,4
image_83.png,5,False,461.7363521628652,111.69959289955302,20,#FF0000,Quadrant 2,1,2,27,,#FF0000,0,36.16241595348875,4
image_83.png,5,False,293.3188232441295,185.12354978239156,20,#FF0000,Quadrant 1,1,1,27,,#FF0000,0,160.05408513805338,4
image_83.png,5,False,87.2509390098193,377.63618079061115,20,#FF0000,Quadrant 3,2,1,27,,#FF0000,0,181.14047177229583,4
image_83.png,5,False,598.8746408030618,254.14906808247437,20,#FF0000,Quadrant 4,2,2,27,,#FF0000,0,150.8397305655475,4
image_83.png,5,False,216.94801091485525,260.7601562443889,20,#FF0000,Quadrant 3,2,1,27,,#FF0000,0,194.76640201658364,4
image_83.png,5,False,476.45872855530985,385.47543453216554,20,#FF0000,Quadrant 4,2,2,27,,#FF0000,0,64.15022868210616,4
image_83.png,5,False,114.81527795143569,158.71833119136843,20,#FF0000,Quadrant 1,1,1,27,,#FF0000,0,295.88711160032716,4
image_83.png,5,False,667.8519684697761,161.9179268315551,20,#FF0000,Quadrant 2,1,2,27,,#FF0000,0,132.71020271282802,4
image_83.png,5,False,128.6914857358999,339.81373630296366,20,#FF0000,Quadrant 3,2,1,27,,#FF0000,0,138.40999629303047,4
image_83.png,5,False,75.90434497098654,133.34831168820085,20,#FF0000,Quadrant 1,1,1,27,,#FF0000,0,206.90861238983177,4
image_84.png,2,True,360.481333551546,224.76066361992991,20,#FF0000,Quadrant 4,2,2,27,140,#FF0000,0,110.89724229296561,4
image_84.png,5,False,247.62229977337677,95.48893509571268,20,#FF0000,Quadrant 1,1,1,27,,#FF0000,0,342.8726743050124,4
image_84.png,5,False,310.82201163382217,251.58261180977723,20,#FF0000,Quadrant 3,2,1,27,,#FF0000,0,98.21833850159116,4
image_84.png,5,False,519.6019637676075,346.13269477783433,20,#FF0000,Quadrant 4,2,2,27,,#FF0000,0,275.0386595723148,4
image_84.png,5,False,429.79471297923584,179.22958273700067,20,#FF0000,Quadrant 2,1,2,27,,#FF0000,0,208.55936728563265,4
image_84.png,5,False,109.33365713037077,244.35548376841965,20,#FF0000,Quadrant 3,2,1,27,,#FF0000,0,225.86456843513716,4
image_84.png,5,False,692.0508423443431,126.10583811839825,20,#FF0000,Quadrant 2,1,2,27,,#FF0000,0,152.29849020015925,4
image_84.png,5,False,406.55097791037724,160.82305152054874,20,#FF0000,Quadrant 2,1,2,27,,#FF0000,0,275.2091434421703,4
image_84.png,5,False,13.650747032361808,306.5381170289162,20,#FF0000,Quadrant 3,2,1,27,,#FF0000,0,7.7737271970280375,4
image_84.png,5,False,483.6551410207457,199.2555376466812,20,#FF0000,Quadrant 2,1,2,27,,#FF0000,0,164.62235741702963,4
image_84.png,5,False,483.36732869348657,332.52990959457975,20,#FF0000,Quadrant 4,2,2,27,,#FF0000,0,201.29398857578337,4
image_84.png,5,False,201.02593148395138,371.4639460774085,20,#FF0000,Quadrant 3,2,1,27,,#FF0000,0,102.32158650477317,4
image_84.png,5,False,430.0929190931175,201.53783673166035,20,#FF0000,Quadrant 4,2,2,27,,#FF0000,0,69.674849875137,4
image_84.png,5,False,294.14695317557346,102.67704609954838,20,#FF0000,Quadrant 1,1,1,27,,#FF0000,0,108.81683111575275,4
image_84.png,5,False,368.58242257852675,249.10739745044032,20,#FF0000,Quadrant 4,2,2,27,,#FF0000,0,302.0024508610427,4
image_84.png,5,False,516.0894585078262,213.7723592786901,20,#FF0000,Quadrant 4,2,2,27,,#FF0000,0,74.25283777356503,4
image_84.png,5,False,30.260567275712866,120.62595706777289,20,#FF0000,Quadrant 1,1,1,27,,#FF0000,0,210.3407608876639,4
image_84.png,5,False,427.7953992026477,261.569147228626,20,#FF0000,Quadrant 4,2,2,27,,#FF0000,0,3.555476704542948,4
image_84.png,5,False,282.80945369938445,14.747023846806066,20,#FF0000,Quadrant 1,1,1,27,,#FF0000,0,185.31707920307866,4
image_84.png,5,False,92.48635724032924,346.5240444759219,20,#FF0000,Quadrant 3,2,1,27,,#FF0000,0,347.34692887607576,4
image_84.png,5,False,285.5469237502198,374.3258475317165,20,#FF0000,Quadrant 3,2,1,27,,#FF0000,0,11.30365266687797,4
image_84.png,5,False,286.7479721585358,219.98748571791856,20,#FF0000,Quadrant 3,2,1,27,,#FF0000,0,14.070426991691733,4
image_84.png,5,False,23.455869068716133,216.76966774251673,20,#FF0000,Quadrant 3,2,1,27,,#FF0000,0,324.62344960893955,4
image_84.png,5,False,585.3254729515654,146.53918059610982,20,#FF0000,Quadrant 2,1,2,27,,#FF0000,0,97.40144724004612,4
image_84.png,5,False,163.57183306198817,221.27458110156815,20,#FF0000,Quadrant 3,2,1,27,,#FF0000,0,37.574875036344494,4
image_84.png,5,False,393.77016356496677,341.72506336602714,20,#FF0000,Quadrant 4,2,2,27,,#FF0000,0,194.26463012641952,4
image_84.png,5,False,238.2873321653916,126.33584018077146,20,#FF0000,Quadrant 1,1,1,27,,#FF0000,0,289.61924057315025,4
image_84.png,5,False,390.6839439143707,244.92695211553317,20,#FF0000,Quadrant 4,2,2,27,,#FF0000,0,293.3292653762441,4
image_85.png,2,True,585.2178070606782,292.0478503409835,20,#FF0000,Quadrant 4,2,2,95,140,#FF0000,0,170.54165463364222,6
image_85.png,5,False,250.5191266210369,383.045742639576,20,#FF0000,Quadrant 3,2,1,95,,#FF0000,0,38.155071133372154,6
image_85.png,5,False,113.9209756377193,373.92964767661357,20,#FF0000,Quadrant 3,2,1,95,,#FF0000,0,85.16246441934106,6
image_85.png,5,False,641.5718161595446,28.857966305604922,20,#FF0000,Quadrant 2,1,2,95,,#FF0000,0,283.78900418729245,6
image_85.png,5,False,479.2837037268679,283.237055149396,20,#FF0000,Quadrant 4,2,2,95,,#FF0000,0,76.62746352354239,6
image_85.png,5,False,288.87167433765313,234.841724201236,20,#FF0000,Quadrant 3,2,1,95,,#FF0000,0,273.51802471561024,6
image_85.png,5,False,421.94731229699306,254.8286402139781,20,#FF0000,Quadrant 4,2,2,95,,#FF0000,0,312.9979529997672,6
image_85.png,5,False,678.1180067715602,146.11095603136843,20,#FF0000,Quadrant 2,1,2,95,,#FF0000,0,6.223462283743646,6
image_85.png,5,False,395.43316560141596,301.0220567412374,20,#FF0000,Quadrant 4,2,2,95,,#FF0000,0,105.40218319708781,6
image_85.png,5,False,312.97141976175686,215.634951467494,20,#FF0000,Quadrant 3,2,1,95,,#FF0000,0,68.96948260939484,6
image_85.png,5,False,693.4733998752885,174.29343138378886,20,#FF0000,Quadrant 2,1,2,95,,#FF0000,0,304.0814644321274,6
image_85.png,5,False,357.3283386040191,192.3841959646692,20,#FF0000,Quadrant 2,1,2,95,,#FF0000,0,205.0136001307001,6
image_85.png,5,False,24.439411471407716,55.723129262400924,20,#FF0000,Quadrant 1,1,1,95,,#FF0000,0,259.56481463026876,6
image_85.png,5,False,88.85602139514019,294.54544752187263,20,#FF0000,Quadrant 3,2,1,95,,#FF0000,0,12.571009481272108,6
image_85.png,5,False,623.2148076518271,57.446842148861705,20,#FF0000,Quadrant 2,1,2,95,,#FF0000,0,153.98164550997348,6
image_85.png,5,False,644.1455189860358,125.54008427995667,20,#FF0000,Quadrant 2,1,2,95,,#FF0000,0,83.13343031479414,6
image_85.png,5,False,101.6219001814805,236.02567124827098,20,#FF0000,Quadrant 3,2,1,95,,#FF0000,0,348.8144192900017,6
image_85.png,5,False,344.4401475859006,262.4702278050249,20,#FF0000,Quadrant 3,2,1,95,,#FF0000,0,15.575709504053545,6
image_85.png,5,False,395.89337755549377,362.20948621279433,20,#FF0000,Quadrant 4,2,2,95,,#FF0000,0,343.6891716115043,6
image_85.png,5,False,268.84119391121783,124.73395505040463,20,#FF0000,Quadrant 1,1,1,95,,#FF0000,0,294.6600738909583,6
image_85.png,5,False,638.1010614942683,242.0645323231873,20,#FF0000,Quadrant 4,2,2,95,,#FF0000,0,42.058494660993034,6
image_85.png,5,False,340.1262008126282,130.2311712388836,20,#FF0000,Quadrant 1,1,1,95,,#FF0000,0,157.02766533201464,6
image_85.png,5,False,430.5930157188551,136.41481266300883,20,#FF0000,Quadrant 2,1,2,95,,#FF0000,0,65.08801314948724,6
image_85.png,5,False,448.65436478807567,260.4446631183504,20,#FF0000,Quadrant 4,2,2,95,,#FF0000,0,77.56374728287196,6
image_85.png,5,False,31.256297410942853,199.58568929255455,20,#FF0000,Quadrant 1,1,1,95,,#FF0000,0,158.24765716140084,6
image_85.png,5,False,235.39372902035544,236.7747595178523,20,#FF0000,Quadrant 3,2,1,95,,#FF0000,0,246.5043473449964,6
image_85.png,5,False,235.79147796055503,47.435006131105055,20,#FF0000,Quadrant 1,1,1,95,,#FF0000,0,216.28161756207362,6
image_85.png,5,False,170.68281912197267,96.13473604723849,20,#FF0000,Quadrant 1,1,1,95,,#FF0000,0,296.6722131848426,6
image_85.png,5,False,583.1708860947547,377.4517809886783,20,#FF0000,Quadrant 4,2,2,95,,#FF0000,0,2.1983907824427362,6
image_85.png,5,False,513.0427136463227,93.46499415051304,20,#FF0000,Quadrant 2,1,2,95,,#FF0000,0,103.48914921198856,6
image_85.png,5,False,582.1117361546795,350.9999692087047,20,#FF0000,Quadrant 4,2,2,95,,#FF0000,0,59.840691183105406,6
image_85.png,5,False,521.5643787954397,160.07807769090198,20,#FF0000,Quadrant 2,1,2,95,,#FF0000,0,20.288376519059746,6
image_85.png,5,False,663.1418446449768,362.7359083328571,20,#FF0000,Quadrant 4,2,2,95,,#FF0000,0,237.02833195433433,6
image_85.png,5,False,505.10336311029215,189.52993876875334,20,#FF0000,Quadrant 2,1,2,95,,#FF0000,0,24.4762058149759,6
image_85.png,5,False,119.2094738277606,302.96753841880394,20,#FF0000,Quadrant 3,2,1,95,,#FF0000,0,166.79319573994914,6
image_85.png,5,False,386.90310917055535,104.13193231381116,20,#FF0000,Quadrant 2,1,2,95,,#FF0000,0,192.98581474508117,6
image_85.png,5,False,232.15867675706613,266.19035763609804,20,#FF0000,Quadrant 3,2,1,95,,#FF0000,0,124.74181801115435,6
image_85.png,5,False,128.79777160786728,231.9243433082722,20,#FF0000,Quadrant 3,2,1,95,,#FF0000,0,199.49178544357898,6
image_85.png,5,False,480.39354790695023,141.89207779540487,20,#FF0000,Quadrant 2,1,2,95,,#FF0000,0,109.89858225965516,6
image_85.png,5,False,226.4005648558346,164.49832203774173,20,#FF0000,Quadrant 1,1,1,95,,#FF0000,0,256.6089557805526,6
image_85.png,5,False,56.8599174075965,138.0035567159769,20,#FF0000,Quadrant 1,1,1,95,,#FF0000,0,30.252022456419468,6
image_85.png,5,False,597.8071609341234,28.827843973913183,20,#FF0000,Quadrant 2,1,2,95,,#FF0000,0,18.80115740353971,6
image_85.png,5,False,74.90209080269081,180.43353166917584,20,#FF0000,Quadrant 1,1,1,95,,#FF0000,0,111.06497686909944,6
image_85.png,5,False,335.943373804474,300.05122016663785,20,#FF0000,Quadrant 3,2,1,95,,#FF0000,0,110.61227274632603,6
image_85.png,5,False,631.9970878622742,87.79997299501727,20,#FF0000,Quadrant 2,1,2,95,,#FF0000,0,104.17858559687387,6
image_85.png,5,False,96.99530610492404,93.31828452084838,20,#FF0000,Quadrant 1,1,1,95,,#FF0000,0,80.00839375171704,6
image_85.png,5,False,553.5980454854537,271.20795711869624,20,#FF0000,Quadrant 4,2,2,95,,#FF0000,0,29.932518859095055,6
image_85.png,5,False,454.9294164559477,358.17189572103985,20,#FF0000,Quadrant 4,2,2,95,,#FF0000,0,86.27253366395371,6
image_85.png,5,False,305.2884466881873,25.15026627411234,20,#FF0000,Quadrant 1,1,1,95,,#FF0000,0,352.9450934052403,6
image_85.png,5,False,379.5790987532678,77.18121442920079,20,#FF0000,Quadrant 2,1,2,95,,#FF0000,0,170.79633639879475,6
image_85.png,5,False,58.070673927363515,311.28467026207875,20,#FF0000,Quadrant 3,2,1,95,,#FF0000,0,328.8991281424008,6
image_85.png,5,False,338.42508871294694,14.644932149507857,20,#FF0000,Quadrant 1,1,1,95,,#FF0000,0,172.7708473473029,6
image_85.png,5,False,310.5737095083642,130.43654500435676,20,#FF0000,Quadrant 1,1,1,95,,#FF0000,0,297.79557257701975,6
image_85.png,5,False,136.08056093167136,179.27438875578784,20,#FF0000,Quadrant 1,1,1,95,,#FF0000,0,22.53415609036338,6
image_85.png,5,False,363.6700759191196,49.37726863840349,20,#FF0000,Quadrant 2,1,2,95,,#FF0000,0,290.0797215277673,6
image_85.png,5,False,212.55824342653187,339.61676862994597,20,#FF0000,Quadrant 3,2,1,95,,#FF0000,0,172.2118230736028,6
image_85.png,5,False,88.28205248882234,212.19654063230936,20,#FF0000,Quadrant 3,2,1,95,,#FF0000,0,248.21774313818835,6
image_85.png,5,False,341.5067964643679,229.27210922845896,20,#FF0000,Quadrant 3,2,1,95,,#FF0000,0,199.4772908277985,6
image_85.png,5,False,172.1933023907464,362.9647647474749,20,#FF0000,Quadrant 3,2,1,95,,#FF0000,0,191.2650174359344,6
image_85.png,5,False,123.80709778213922,277.21471841725776,20,#FF0000,Quadrant 3,2,1,95,,#FF0000,0,255.19328715307287,6
image_85.png,5,False,128.2686179893442,122.43781950598955,20,#FF0000,Quadrant 1,1,1,95,,#FF0000,0,325.6567578278209,6
image_85.png,5,False,657.2013927739802,304.50905720378205,20,#FF0000,Quadrant 4,2,2,95,,#FF0000,0,99.6967266872832,6
image_85.png,5,False,528.4958951106917,351.55683510961245,20,#FF0000,Quadrant 4,2,2,95,,#FF0000,0,107.11468922295528,6
image_85.png,5,False,509.9718330684214,231.31311383939678,20,#FF0000,Quadrant 4,2,2,95,,#FF0000,0,241.1971001433281,6
image_85.png,5,False,251.13681073238723,207.52193058867869,20,#FF0000,Quadrant 3,2,1,95,,#FF0000,0,255.59235219333527,6
image_85.png,5,False,522.1672093912254,329.497893913857,20,#FF0000,Quadrant 4,2,2,95,,#FF0000,0,340.36122908139663,6
image_85.png,5,False,109.84340515907067,177.73859075965532,20,#FF0000,Quadrant 1,1,1,95,,#FF0000,0,18.48316717515914,6
image_85.png,5,False,593.7068330935899,327.98764114054995,20,#FF0000,Quadrant 4,2,2,95,,#FF0000,0,322.98984913920503,6
image_85.png,5,False,636.1323963214211,181.80051524723896,20,#FF0000,Quadrant 2,1,2,95,,#FF0000,0,230.14719023583024,6
image_85.png,5,False,20.913820990716246,135.04682354429082,20,#FF0000,Quadrant 1,1,1,95,,#FF0000,0,29.501744258135222,6
image_85.png,5,False,217.18235581411352,375.95380354894417,20,#FF0000,Quadrant 3,2,1,95,,#FF0000,0,209.01581935944796,6
image_85.png,5,False,371.3968060202571,158.8806345702118,20,#FF0000,Quadrant 2,1,2,95,,#FF0000,0,314.5855079409133,6
image_85.png,5,False,595.9067623508208,54.121083520996166,20,#FF0000,Quadrant 2,1,2,95,,#FF0000,0,270.714780363368,6
image_85.png,5,False,592.3162178708112,227.5405701566038,20,#FF0000,Quadrant 4,2,2,95,,#FF0000,0,311.92788085181655,6
image_85.png,5,False,585.2088196769154,179.3214685388498,20,#FF0000,Quadrant 2,1,2,95,,#FF0000,0,304.5323364443527,6
image_85.png,5,False,266.2100962062491,66.8710314615337,20,#FF0000,Quadrant 1,1,1,95,,#FF0000,0,207.7531896301945,6
image_85.png,5,False,554.8405421633855,44.80464198727576,20,#FF0000,Quadrant 2,1,2,95,,#FF0000,0,79.56401777506284,6
image_85.png,5,False,226.71278972156205,201.73598928405545,20,#FF0000,Quadrant 3,2,1,95,,#FF0000,0,298.4612086155821,6
image_85.png,5,False,530.8809308141291,186.64883191382776,20,#FF0000,Quadrant 2,1,2,95,,#FF0000,0,270.3088725167536,6
image_85.png,5,False,474.92750448625134,18.550622180377584,20,#FF0000,Quadrant 2,1,2,95,,#FF0000,0,70.2571931895103,6
image_85.png,5,False,18.18987545593849,373.3228080286929,20,#FF0000,Quadrant 3,2,1,95,,#FF0000,0,210.41748962354123,6
image_85.png,5,False,456.3133142200869,130.12636590104057,20,#FF0000,Quadrant 2,1,2,95,,#FF0000,0,110.65455740976628,6
image_85.png,5,False,509.49628549755977,26.97523864328725,20,#FF0000,Quadrant 2,1,2,95,,#FF0000,0,43.654529508991146,6
image_85.png,5,False,376.9408464957332,323.36097310658056,20,#FF0000,Quadrant 4,2,2,95,,#FF0000,0,21.26549101196527,6
image_85.png,5,False,236.81304935385742,343.38281228592814,20,#FF0000,Quadrant 3,2,1,95,,#FF0000,0,15.37793920953976,6
image_85.png,5,False,321.29994288563086,104.10527716940958,20,#FF0000,Quadrant 1,1,1,95,,#FF0000,0,344.0254961332944,6
image_85.png,5,False,346.77961114362455,81.28433432409044,20,#FF0000,Quadrant 1,1,1,95,,#FF0000,0,86.18716366977945,6
image_85.png,5,False,281.69940714568975,267.6025286308076,20,#FF0000,Quadrant 3,2,1,95,,#FF0000,0,104.46383423057017,6
image_85.png,5,False,271.58690818692,12.77130256367943,20,#FF0000,Quadrant 1,1,1,95,,#FF0000,0,275.65535630327827,6
image_85.png,5,False,186.61743160096293,36.964065453604455,20,#FF0000,Quadrant 1,1,1,95,,#FF0000,0,135.97595610175767,6
image_85.png,5,False,448.24353090183797,88.39085455641205,20,#FF0000,Quadrant 2,1,2,95,,#FF0000,0,341.56428781448847,6
image_85.png,5,False,36.819180713285164,263.9873937946695,20,#FF0000,Quadrant 3,2,1,95,,#FF0000,0,346.80044207571666,6
image_85.png,5,False,375.3904287083426,229.8663898476103,20,#FF0000,Quadrant 4,2,2,95,,#FF0000,0,163.1835502518812,6
image_85.png,5,False,558.2361337219526,361.2415724707225,20,#FF0000,Quadrant 4,2,2,95,,#FF0000,0,213.11196233418482,6
image_85.png,5,False,407.26643289127406,27.973561496668108,20,#FF0000,Quadrant 2,1,2,95,,#FF0000,0,207.12400874669936,6
image_85.png,5,False,190.22800486515362,296.83281334707914,20,#FF0000,Quadrant 3,2,1,95,,#FF0000,0,178.3069585618935,6
image_86.png,2,True,442.7936656550759,272.59694537303847,20,#FF0000,Quadrant 4,2,2,85,140,#FF0000,0,309.69614251295013,6
image_86.png,5,False,130.67957627988443,202.13808647414768,20,#FF0000,Quadrant 3,2,1,85,,#FF0000,0,1.2937623640925322,6
image_86.png,5,False,202.69331641954037,242.96578246696114,20,#FF0000,Quadrant 3,2,1,85,,#FF0000,0,274.8712935220498,6
image_86.png,5,False,196.76984861668407,131.92259869845765,20,#FF0000,Quadrant 1,1,1,85,,#FF0000,0,163.5641091726264,6
image_86.png,5,False,88.08933665277488,278.212684464715,20,#FF0000,Quadrant 3,2,1,85,,#FF0000,0,345.92987810237554,6
image_86.png,5,False,539.4073531585985,214.22700319422088,20,#FF0000,Quadrant 4,2,2,85,,#FF0000,0,299.2169348844569,6
image_86.png,5,False,104.55571433005007,196.58287263365136,20,#FF0000,Quadrant 1,1,1,85,,#FF0000,0,321.39239462705564,6
image_86.png,5,False,623.0152627931549,19.04118812532513,20,#FF0000,Quadrant 2,1,2,85,,#FF0000,0,163.26459091691328,6
image_86.png,5,False,566.3643837859951,373.82539348051955,20,#FF0000,Quadrant 4,2,2,85,,#FF0000,0,348.4206821988118,6
image_86.png,5,False,554.5081293642415,297.35728672933976,20,#FF0000,Quadrant 4,2,2,85,,#FF0000,0,354.64295031975604,6
image_86.png,5,False,35.194089643154285,126.31527902191853,20,#FF0000,Quadrant 1,1,1,85,,#FF0000,0,275.63997967869017,6
image_86.png,5,False,358.1711124900326,208.5871971594776,20,#FF0000,Quadrant 4,2,2,85,,#FF0000,0,74.97525105352058,6
image_86.png,5,False,525.9674831885873,374.5606188887685,20,#FF0000,Quadrant 4,2,2,85,,#FF0000,0,159.54748745772125,6
image_86.png,5,False,172.251096731092,163.97772585852928,20,#FF0000,Quadrant 1,1,1,85,,#FF0000,0,80.08009063919867,6
image_86.png,5,False,320.7104090049417,324.51323562043933,20,#FF0000,Quadrant 3,2,1,85,,#FF0000,0,273.9531374794444,6
image_86.png,5,False,505.3300266400531,239.7061982654669,20,#FF0000,Quadrant 4,2,2,85,,#FF0000,0,33.94551220325633,6
image_86.png,5,False,88.66207098284971,370.6722585109047,20,#FF0000,Quadrant 3,2,1,85,,#FF0000,0,224.16791683980784,6
image_86.png,5,False,580.0483088257524,341.1254147472349,20,#FF0000,Quadrant 4,2,2,85,,#FF0000,0,69.48049891408075,6
image_86.png,5,False,139.35360977404792,59.27675796784046,20,#FF0000,Quadrant 1,1,1,85,,#FF0000,0,348.9568654324795,6
image_86.png,5,False,193.24558073732436,74.07260650856665,20,#FF0000,Quadrant 1,1,1,85,,#FF0000,0,47.966494601406836,6
image_86.png,5,False,610.3547070346143,349.0978199700055,20,#FF0000,Quadrant 4,2,2,85,,#FF0000,0,61.338847506406296,6
image_86.png,5,False,509.9470497703917,145.6056042922994,20,#FF0000,Quadrant 2,1,2,85,,#FF0000,0,220.0367171507036,6
image_86.png,5,False,16.045412741734193,297.50960425772087,20,#FF0000,Quadrant 3,2,1,85,,#FF0000,0,166.2571043388708,6
image_86.png,5,False,49.99540464068373,271.87340354185335,20,#FF0000,Quadrant 3,2,1,85,,#FF0000,0,23.862511270380722,6
image_86.png,5,False,588.9784383115355,113.85810702807012,20,#FF0000,Quadrant 2,1,2,85,,#FF0000,0,248.20813695314115,6
image_86.png,5,False,120.93755145019188,151.32547462865693,20,#FF0000,Quadrant 1,1,1,85,,#FF0000,0,203.40941427225567,6
image_86.png,5,False,589.8900099137991,254.14719474656215,20,#FF0000,Quadrant 4,2,2,85,,#FF0000,0,281.081920016343,6
image_86.png,5,False,343.5948964979532,243.89549120527573,20,#FF0000,Quadrant 3,2,1,85,,#FF0000,0,21.41900437845507,6
image_86.png,5,False,448.0270380776992,65.59940009196836,20,#FF0000,Quadrant 2,1,2,85,,#FF0000,0,35.5646457054506,6
image_86.png,5,False,385.8064513728716,187.00288288775803,20,#FF0000,Quadrant 2,1,2,85,,#FF0000,0,270.23502662582115,6
image_86.png,5,False,517.6759305855365,190.42504934286194,20,#FF0000,Quadrant 2,1,2,85,,#FF0000,0,211.45741598955033,6
image_86.png,5,False,688.261905805902,338.1779576300687,20,#FF0000,Quadrant 4,2,2,85,,#FF0000,0,267.9871694767389,6
image_86.png,5,False,352.75014347676586,123.85088358763194,20,#FF0000,Quadrant 1,1,1,85,,#FF0000,0,28.12630353173671,6
image_86.png,5,False,455.87777592991534,91.88630084070509,20,#FF0000,Quadrant 2,1,2,85,,#FF0000,0,320.42660422476376,6
image_86.png,5,False,85.33090129218485,324.14926961855537,20,#FF0000,Quadrant 3,2,1,85,,#FF0000,0,150.9177654674974,6
image_86.png,5,False,143.57662581261144,155.61218189275036,20,#FF0000,Quadrant 1,1,1,85,,#FF0000,0,18.5823709723396,6
image_86.png,5,False,484.7166240203488,92.3124237134939,20,#FF0000,Quadrant 2,1,2,85,,#FF0000,0,155.38361665396417,6
image_86.png,5,False,128.01646500562413,364.14654378240965,20,#FF0000,Quadrant 3,2,1,85,,#FF0000,0,250.00508572911602,6
image_86.png,5,False,35.21691208264602,235.74247736270425,20,#FF0000,Quadrant 3,2,1,85,,#FF0000,0,54.52071488241084,6
image_86.png,5,False,173.91108597328102,348.65322935117877,20,#FF0000,Quadrant 3,2,1,85,,#FF0000,0,280.5958059822924,6
image_86.png,5,False,104.38840607765347,226.92918868532615,20,#FF0000,Quadrant 3,2,1,85,,#FF0000,0,149.07764836936454,6
image_86.png,5,False,671.3625281796621,231.52232317466294,20,#FF0000,Quadrant 4,2,2,85,,#FF0000,0,70.77379545075637,6
image_86.png,5,False,76.99220699823431,103.00331346407712,20,#FF0000,Quadrant 1,1,1,85,,#FF0000,0,10.809023541030992,6
image_86.png,5,False,529.565679606192,24.08155510830678,20,#FF0000,Quadrant 2,1,2,85,,#FF0000,0,32.211085768210566,6
image_86.png,5,False,273.28490025721527,26.59493742098198,20,#FF0000,Quadrant 1,1,1,85,,#FF0000,0,194.5929116955317,6
image_86.png,5,False,620.4890554775899,258.62249905886034,20,#FF0000,Quadrant 4,2,2,85,,#FF0000,0,183.35379250452695,6
image_86.png,5,False,138.90449231599086,20.43175195166585,20,#FF0000,Quadrant 1,1,1,85,,#FF0000,0,178.42113413894637,6
image_86.png,5,False,228.87100056205398,359.53464542597004,20,#FF0000,Quadrant 3,2,1,85,,#FF0000,0,296.50587179808986,6
image_86.png,5,False,523.2587620599287,310.5072335473345,20,#FF0000,Quadrant 4,2,2,85,,#FF0000,0,278.4506328445523,6
image_86.png,5,False,87.45098553874583,74.19550386686318,20,#FF0000,Quadrant 1,1,1,85,,#FF0000,0,359.56570072883414,6
image_86.png,5,False,675.4805844882834,190.157255897974,20,#FF0000,Quadrant 2,1,2,85,,#FF0000,0,290.78750876643954,6
image_86.png,5,False,187.95953643400185,103.5640377988633,20,#FF0000,Quadrant 1,1,1,85,,#FF0000,0,2.263919738856992,6
image_86.png,5,False,212.97053943093766,308.30398407425434,20,#FF0000,Quadrant 3,2,1,85,,#FF0000,0,273.44745746666473,6
image_86.png,5,False,415.9343632306606,296.51429105626534,20,#FF0000,Quadrant 4,2,2,85,,#FF0000,0,77.2825793034808,6
image_86.png,5,False,412.92197775937956,126.32436389059686,20,#FF0000,Quadrant 2,1,2,85,,#FF0000,0,262.95313154255115,6
image_86.png,5,False,560.7092124486771,190.34601139938928,20,#FF0000,Quadrant 2,1,2,85,,#FF0000,0,296.3854223533566,6
image_86.png,5,False,453.02987620961915,144.48020828794517,20,#FF0000,Quadrant 2,1,2,85,,#FF0000,0,65.74735992729552,6
image_86.png,5,False,646.912037029482,188.78275843406215,20,#FF0000,Quadrant 2,1,2,85,,#FF0000,0,33.974415666414394,6
image_86.png,5,False,27.609339026229886,377.91499383713375,20,#FF0000,Quadrant 3,2,1,85,,#FF0000,0,259.2720344706542,6
image_86.png,5,False,664.1848141228264,323.66694976085273,20,#FF0000,Quadrant 4,2,2,85,,#FF0000,0,48.21714950595363,6
image_86.png,5,False,383.09437989943166,53.31587414813148,20,#FF0000,Quadrant 2,1,2,85,,#FF0000,0,129.27250631425233,6
image_86.png,5,False,289.7717523755905,297.3153667135452,20,#FF0000,Quadrant 3,2,1,85,,#FF0000,0,194.57733628975745,6
image_86.png,5,False,428.9820610419508,213.5553170181121,20,#FF0000,Quadrant 4,2,2,85,,#FF0000,0,102.79287832753701,6
image_86.png,5,False,341.00998285476703,172.7688347031167,20,#FF0000,Quadrant 1,1,1,85,,#FF0000,0,148.9045963578502,6
image_86.png,5,False,686.6780119235511,265.9475855473562,20,#FF0000,Quadrant 4,2,2,85,,#FF0000,0,316.37094383678084,6
image_86.png,5,False,330.4265790237886,388.67010776863725,20,#FF0000,Quadrant 3,2,1,85,,#FF0000,0,45.68461564929639,6
image_86.png,5,False,463.9135958784131,380.08737428098726,20,#FF0000,Quadrant 4,2,2,85,,#FF0000,0,157.79591959350682,6
image_86.png,5,False,86.46993191562731,23.295962046704958,20,#FF0000,Quadrant 1,1,1,85,,#FF0000,0,351.61944749385,6
image_86.png,5,False,594.1494644942719,60.37794927071795,20,#FF0000,Quadrant 2,1,2,85,,#FF0000,0,104.96733146232395,6
image_86.png,5,False,41.04873215177999,163.58496275502492,20,#FF0000,Quadrant 1,1,1,85,,#FF0000,0,157.38595864384763,6
image_86.png,5,False,660.305094424042,87.20480402237479,20,#FF0000,Quadrant 2,1,2,85,,#FF0000,0,276.67257667887344,6
image_86.png,5,False,514.219594425339,59.33015380131425,20,#FF0000,Quadrant 2,1,2,85,,#FF0000,0,218.85460306928445,6
image_86.png,5,False,235.63836156559785,98.11434380197329,20,#FF0000,Quadrant 1,1,1,85,,#FF0000,0,71.05697872305136,6
image_86.png,5,False,37.92108764777261,70.61828689521133,20,#FF0000,Quadrant 1,1,1,85,,#FF0000,0,340.03760831214646,6
image_86.png,5,False,676.204834510708,166.06256558311063,20,#FF0000,Quadrant 2,1,2,85,,#FF0000,0,80.64051901303478,6
image_86.png,5,False,140.18175129589113,281.0492099482429,20,#FF0000,Quadrant 3,2,1,85,,#FF0000,0,98.75557896055014,6
image_86.png,5,False,349.7592355525042,365.8665596744529,20,#FF0000,Quadrant 3,2,1,85,,#FF0000,0,267.65291349341726,6
image_86.png,5,False,21.02137925880884,352.2063783281044,20,#FF0000,Quadrant 3,2,1,85,,#FF0000,0,53.41838353752473,6
image_86.png,5,False,154.40661634936004,93.32991473933915,20,#FF0000,Quadrant 1,1,1,85,,#FF0000,0,0.5364334308633145,6
image_86.png,5,False,23.52168353607233,207.18092288426658,20,#FF0000,Quadrant 3,2,1,85,,#FF0000,0,21.945421154973097,6
image_86.png,5,False,211.9749678184253,281.01192508456234,20,#FF0000,Quadrant 3,2,1,85,,#FF0000,0,89.52005569324344,6
image_86.png,5,False,699.4986317977093,56.85823477284856,20,#FF0000,Quadrant 2,1,2,85,,#FF0000,0,280.1321721414188,6
image_86.png,5,False,561.043318732276,19.74792360593252,20,#FF0000,Quadrant 2,1,2,85,,#FF0000,0,42.8799428509903,6
image_86.png,5,False,596.921966549947,156.33461019841715,20,#FF0000,Quadrant 2,1,2,85,,#FF0000,0,343.7801908561187,6
image_86.png,5,False,443.5373854556138,321.11119206895415,20,#FF0000,Quadrant 4,2,2,85,,#FF0000,0,271.0686852551826,6
image_86.png,5,False,278.4729570682086,215.7917138082477,20,#FF0000,Quadrant 3,2,1,85,,#FF0000,0,222.3993302591338,6
image_87.png,2,True,385.35207449954345,329.51989601150854,20,#FF0000,Quadrant 4,2,2,94,140,#FF0000,0,121.26182547265711,6
image_87.png,5,False,599.7986121854776,354.8820880278779,20,#FF0000,Quadrant 4,2,2,94,,#FF0000,0,29.592178906567298,6
image_87.png,5,False,699.9827323985927,157.8559766157625,20,#FF0000,Quadrant 2,1,2,94,,#FF0000,0,153.09266517170073,6
image_87.png,5,False,26.886733813707448,236.56214033382886,20,#FF0000,Quadrant 3,2,1,94,,#FF0000,0,14.626965658652695,6
image_87.png,5,False,417.15616666428326,115.83074895042357,20,#FF0000,Quadrant 2,1,2,94,,#FF0000,0,302.81670652388556,6
image_87.png,5,False,310.4132426590647,347.5404375835005,20,#FF0000,Quadrant 3,2,1,94,,#FF0000,0,78.88250983994321,6
image_87.png,5,False,179.33546177059827,179.46295934303228,20,#FF0000,Quadrant 1,1,1,94,,#FF0000,0,260.2845074281972,6
image_87.png,5,False,371.61665570706236,43.19159977386004,20,#FF0000,Quadrant 2,1,2,94,,#FF0000,0,334.64488263877973,6
image_87.png,5,False,427.2449208170095,255.09795123059783,20,#FF0000,Quadrant 4,2,2,94,,#FF0000,0,33.288090514950504,6
image_87.png,5,False,238.18127518415608,64.49517365536673,20,#FF0000,Quadrant 1,1,1,94,,#FF0000,0,249.94903723366292,6
image_87.png,5,False,565.5456896568286,67.73070569120522,20,#FF0000,Quadrant 2,1,2,94,,#FF0000,0,206.39919956495604,6
image_87.png,5,False,449.15023867029277,315.25970712671244,20,#FF0000,Quadrant 4,2,2,94,,#FF0000,0,6.541599840525696,6
image_87.png,5,False,58.1369622209666,87.90534358061888,20,#FF0000,Quadrant 1,1,1,94,,#FF0000,0,239.30305394778986,6
image_87.png,5,False,202.3587873166014,166.40177636838823,20,#FF0000,Quadrant 1,1,1,94,,#FF0000,0,274.55008928554105,6
image_87.png,5,False,269.41759194461105,228.25706711057728,20,#FF0000,Quadrant 3,2,1,94,,#FF0000,0,160.73197153057598,6
image_87.png,5,False,206.2512677386493,347.63575199344956,20,#FF0000,Quadrant 3,2,1,94,,#FF0000,0,215.00295974416903,6
image_87.png,5,False,289.6467397183801,177.93113239143787,20,#FF0000,Quadrant 1,1,1,94,,#FF0000,0,98.40176724465837,6
image_87.png,5,False,76.7929755624232,219.10277707982368,20,#FF0000,Quadrant 3,2,1,94,,#FF0000,0,257.80105336994427,6
image_87.png,5,False,454.6901063083203,17.06008809970939,20,#FF0000,Quadrant 2,1,2,94,,#FF0000,0,96.11876217457984,6
image_87.png,5,False,541.5238140852941,355.07443854678877,20,#FF0000,Quadrant 4,2,2,94,,#FF0000,0,50.14049302251923,6
image_87.png,5,False,115.87099874264153,63.07810842014627,20,#FF0000,Quadrant 1,1,1,94,,#FF0000,0,247.93859886019246,6
image_87.png,5,False,11.777600376770266,374.2475719651441,20,#FF0000,Quadrant 3,2,1,94,,#FF0000,0,104.03494826355988,6
image_87.png,5,False,34.20599973034296,142.03393400684973,20,#FF0000,Quadrant 1,1,1,94,,#FF0000,0,140.7895351250904,6
image_87.png,5,False,353.350774687328,271.37667190104656,20,#FF0000,Quadrant 3,2,1,94,,#FF0000,0,319.40732557483017,6
image_87.png,5,False,333.15503260254593,309.49474079174354,20,#FF0000,Quadrant 3,2,1,94,,#FF0000,0,325.74042088493366,6
image_87.png,5,False,652.1504101167877,141.19862631255313,20,#FF0000,Quadrant 2,1,2,94,,#FF0000,0,57.51699494103035,6
image_87.png,5,False,16.802252814324333,43.957790302334665,20,#FF0000,Quadrant 1,1,1,94,,#FF0000,0,163.59616761105406,6
image_87.png,5,False,694.8258559377878,222.68517434044116,20,#FF0000,Quadrant 4,2,2,94,,#FF0000,0,223.1117787517044,6
image_87.png,5,False,494.14023659198523,51.515125583886146,20,#FF0000,Quadrant 2,1,2,94,,#FF0000,0,50.21612285522943,6
image_87.png,5,False,299.4656256621087,37.249566491791555,20,#FF0000,Quadrant 1,1,1,94,,#FF0000,0,41.830330842604525,6
image_87.png,5,False,446.13565460940373,134.74358365513152,20,#FF0000,Quadrant 2,1,2,94,,#FF0000,0,63.60818120143294,6
image_87.png,5,False,619.6416099209057,33.99459354309025,20,#FF0000,Quadrant 2,1,2,94,,#FF0000,0,143.12978655987985,6
image_87.png,5,False,161.9345913243128,110.98182340864734,20,#FF0000,Quadrant 1,1,1,94,,#FF0000,0,216.58141540170828,6
image_87.png,5,False,48.05587108984104,59.30342053077198,20,#FF0000,Quadrant 1,1,1,94,,#FF0000,0,147.0234633123233,6
image_87.png,5,False,633.9107893899672,225.6277600663383,20,#FF0000,Quadrant 4,2,2,94,,#FF0000,0,72.18138004913409,6
image_87.png,5,False,503.86245728929345,15.357715041583067,20,#FF0000,Quadrant 2,1,2,94,,#FF0000,0,340.7414027426137,6
image_87.png,5,False,310.8708519096325,133.88866982474025,20,#FF0000,Quadrant 1,1,1,94,,#FF0000,0,264.7542735530284,6
image_87.png,5,False,542.84176758707,287.13397815289153,20,#FF0000,Quadrant 4,2,2,94,,#FF0000,0,344.0593040985079,6
image_87.png,5,False,614.0949699019117,258.6246107009965,20,#FF0000,Quadrant 4,2,2,94,,#FF0000,0,16.561259250582864,6
image_87.png,5,False,84.77186903793385,44.30655816074311,20,#FF0000,Quadrant 1,1,1,94,,#FF0000,0,347.9014349658426,6
image_87.png,5,False,263.14020162793236,282.84947144278283,20,#FF0000,Quadrant 3,2,1,94,,#FF0000,0,85.17521562027696,6
image_87.png,5,False,688.3114895389671,375.4066953856799,20,#FF0000,Quadrant 4,2,2,94,,#FF0000,0,287.4778496126216,6
image_87.png,5,False,593.4422166689681,109.08078751552141,20,#FF0000,Quadrant 2,1,2,94,,#FF0000,0,111.28595305274807,6
image_87.png,5,False,673.1996404503183,42.40203101681091,20,#FF0000,Quadrant 2,1,2,94,,#FF0000,0,125.90003878623496,6
image_87.png,5,False,379.4482998810261,72.68275840130502,20,#FF0000,Quadrant 2,1,2,94,,#FF0000,0,359.70232149615606,6
image_87.png,5,False,80.97262385765677,267.80901980184206,20,#FF0000,Quadrant 3,2,1,94,,#FF0000,0,114.42611509912034,6
image_87.png,5,False,471.3749905259906,80.27714817988223,20,#FF0000,Quadrant 2,1,2,94,,#FF0000,0,297.37805698204807,6
image_87.png,5,False,568.5662377248487,364.410118674555,20,#FF0000,Quadrant 4,2,2,94,,#FF0000,0,150.58999578128197,6
image_87.png,5,False,201.2066797888006,39.95041496691425,20,#FF0000,Quadrant 1,1,1,94,,#FF0000,0,308.1332609564656,6
image_87.png,5,False,387.0407714138664,204.020681468144,20,#FF0000,Quadrant 4,2,2,94,,#FF0000,0,147.15711732825966,6
image_87.png,5,False,555.3836624594235,121.92478490553259,20,#FF0000,Quadrant 2,1,2,94,,#FF0000,0,303.95130587400865,6
image_87.png,5,False,154.10081467886468,16.686909510171287,20,#FF0000,Quadrant 1,1,1,94,,#FF0000,0,21.632229313852616,6
image_87.png,5,False,653.595419250427,315.77247346101876,20,#FF0000,Quadrant 4,2,2,94,,#FF0000,0,148.6011412068322,6
image_87.png,5,False,400.71583589944044,386.5134104334224,20,#FF0000,Quadrant 4,2,2,94,,#FF0000,0,109.19090375464762,6
image_87.png,5,False,97.50675535289352,129.39224862029914,20,#FF0000,Quadrant 1,1,1,94,,#FF0000,0,350.4795531362801,6
image_87.png,5,False,616.427837693068,295.97420912263243,20,#FF0000,Quadrant 4,2,2,94,,#FF0000,0,261.3809531252042,6
image_87.png,5,False,663.8097784601815,68.00840637714327,20,#FF0000,Quadrant 2,1,2,94,,#FF0000,0,197.16615151501992,6
image_87.png,5,False,528.5836638471271,72.85098678555119,20,#FF0000,Quadrant 2,1,2,94,,#FF0000,0,217.6564489735046,6
image_87.png,5,False,552.3161003407429,17.498541613078846,20,#FF0000,Quadrant 2,1,2,94,,#FF0000,0,92.44004731580267,6
image_87.png,5,False,487.0689448226098,313.78928261246347,20,#FF0000,Quadrant 4,2,2,94,,#FF0000,0,143.88099161962367,6
image_87.png,5,False,601.5932499000987,173.17503933804966,20,#FF0000,Quadrant 2,1,2,94,,#FF0000,0,89.66794789513736,6
image_87.png,5,False,243.44322663969467,232.79503697324543,20,#FF0000,Quadrant 3,2,1,94,,#FF0000,0,110.4202801072972,6
image_87.png,5,False,613.4833170644645,201.0168991891906,20,#FF0000,Quadrant 4,2,2,94,,#FF0000,0,103.50007698058637,6
image_87.png,5,False,189.91288377934728,303.62170112812754,20,#FF0000,Quadrant 3,2,1,94,,#FF0000,0,145.85464616011512,6
image_87.png,5,False,73.77342944538236,319.13710883219153,20,#FF0000,Quadrant 3,2,1,94,,#FF0000,0,15.747263024957018,6
image_87.png,5,False,146.09451812011326,294.40620889849293,20,#FF0000,Quadrant 3,2,1,94,,#FF0000,0,133.58518654078802,6
image_87.png,5,False,511.3568826950364,104.4168628624511,20,#FF0000,Quadrant 2,1,2,94,,#FF0000,0,29.614223605193203,6
image_87.png,5,False,666.2816086613982,171.22813112724054,20,#FF0000,Quadrant 2,1,2,94,,#FF0000,0,220.06827792399153,6
image_87.png,5,False,176.16533329491688,64.78093810365708,20,#FF0000,Quadrant 1,1,1,94,,#FF0000,0,296.56642988732835,6
image_87.png,5,False,453.2415604219682,201.9793582823061,20,#FF0000,Quadrant 4,2,2,94,,#FF0000,0,256.870789995738,6
image_87.png,5,False,149.93301148242364,235.78696144268545,20,#FF0000,Quadrant 3,2,1,94,,#FF0000,0,359.8209054141659,6
image_87.png,5,False,535.9681075691248,220.70528335010746,20,#FF0000,Quadrant 4,2,2,94,,#FF0000,0,296.14884084454565,6
image_87.png,5,False,620.1490971216451,69.81229468801268,20,#FF0000,Quadrant 2,1,2,94,,#FF0000,0,272.76134326803196,6
image_87.png,5,False,693.540133476926,283.824728412699,20,#FF0000,Quadrant 4,2,2,94,,#FF0000,0,351.99694477358537,6
image_87.png,5,False,332.52827733752645,209.02796080881544,20,#FF0000,Quadrant 3,2,1,94,,#FF0000,0,352.14577487861897,6
image_87.png,5,False,645.7512401528227,248.64342790500496,20,#FF0000,Quadrant 4,2,2,94,,#FF0000,0,312.2408527976057,6
image_87.png,5,False,125.69630217208683,210.76715170984252,20,#FF0000,Quadrant 3,2,1,94,,#FF0000,0,170.11736849058144,6
image_87.png,5,False,305.03210832879586,219.85437826006157,20,#FF0000,Quadrant 3,2,1,94,,#FF0000,0,149.58063601018563,6
image_87.png,5,False,547.8668952742767,188.65306570312623,20,#FF0000,Quadrant 2,1,2,94,,#FF0000,0,184.3148565291207,6
image_87.png,5,False,100.41737356632022,87.65938694661726,20,#FF0000,Quadrant 1,1,1,94,,#FF0000,0,300.524239060777,6
image_87.png,5,False,533.3778094216151,250.5549536750099,20,#FF0000,Quadrant 4,2,2,94,,#FF0000,0,214.45988116027036,6
image_87.png,5,False,21.282878817650566,284.2164424268023,20,#FF0000,Quadrant 3,2,1,94,,#FF0000,0,103.24654934503702,6
image_87.png,5,False,554.8566489770523,156.3227704892434,20,#FF0000,Quadrant 2,1,2,94,,#FF0000,0,210.62886903955425,6
image_87.png,5,False,274.49198475460616,144.21157515148982,20,#FF0000,Quadrant 1,1,1,94,,#FF0000,0,240.80028112851534,6
image_87.png,5,False,315.87148383307107,269.03757504194795,20,#FF0000,Quadrant 3,2,1,94,,#FF0000,0,140.0160763286421,6
image_87.png,5,False,438.0034418141428,55.7529955279317,20,#FF0000,Quadrant 2,1,2,94,,#FF0000,0,23.86555937897441,6
image_87.png,5,False,658.3864977775373,367.5756808794304,20,#FF0000,Quadrant 4,2,2,94,,#FF0000,0,250.9133248737783,6
image_87.png,5,False,341.9561360717965,14.646258445436954,20,#FF0000,Quadrant 1,1,1,94,,#FF0000,0,26.171866369159922,6
image_87.png,5,False,42.98383711044568,366.70441249748063,20,#FF0000,Quadrant 3,2,1,94,,#FF0000,0,71.14498087042809,6
image_87.png,5,False,371.1277196657311,108.53445155526603,20,#FF0000,Quadrant 2,1,2,94,,#FF0000,0,292.8132462021707,6
image_87.png,5,False,205.34574905514978,91.09113424766471,20,#FF0000,Quadrant 1,1,1,94,,#FF0000,0,281.4371488716801,6
image_87.png,5,False,56.44534596688417,19.91516350107446,20,#FF0000,Quadrant 1,1,1,94,,#FF0000,0,105.42057619407859,6
image_87.png,5,False,84.81734173661951,171.68265297308335,20,#FF0000,Quadrant 1,1,1,94,,#FF0000,0,108.51399845357908,6
image_87.png,5,False,503.15749176579794,384.903143411241,20,#FF0000,Quadrant 4,2,2,94,,#FF0000,0,274.914240916933,6
image_87.png,5,False,289.54883600174276,311.2030338096299,20,#FF0000,Quadrant 3,2,1,94,,#FF0000,0,251.38291943586313,6
image_88.png,2,True,655.7097923782917,337.0256672705565,20,#FF0000,Quadrant 4,2,2,30,140,#FF0000,0,240.38877690125213,4
image_88.png,5,False,389.9159739054947,46.332566761873785,20,#FF0000,Quadrant 2,1,2,30,,#FF0000,0,83.76211607120148,4
image_88.png,5,False,576.1077261838367,343.81556406377575,20,#FF0000,Quadrant 4,2,2,30,,#FF0000,0,117.30658833792322,4
image_88.png,5,False,354.5828856438477,109.11998373695758,20,#FF0000,Quadrant 1,1,1,30,,#FF0000,0,99.40942234061829,4
image_88.png,5,False,349.012358712657,321.0593734053482,20,#FF0000,Quadrant 3,2,1,30,,#FF0000,0,357.70503532863046,4
image_88.png,5,False,303.47105095874633,373.56104687021406,20,#FF0000,Quadrant 3,2,1,30,,#FF0000,0,210.67480924282725,4
image_88.png,5,False,181.03273229447572,138.37089322000526,20,#FF0000,Quadrant 1,1,1,30,,#FF0000,0,115.22062756184572,4
image_88.png,5,False,641.0175259966601,53.02115970638651,20,#FF0000,Quadrant 2,1,2,30,,#FF0000,0,268.00559994109426,4
image_88.png,5,False,63.61205640523745,180.73716034796524,20,#FF0000,Quadrant 1,1,1,30,,#FF0000,0,196.56311748440731,4
image_88.png,5,False,567.1470221121095,61.6468621382971,20,#FF0000,Quadrant 2,1,2,30,,#FF0000,0,177.36454545427623,4
image_88.png,5,False,538.1379548367887,199.1497038865737,20,#FF0000,Quadrant 2,1,2,30,,#FF0000,0,213.21911941440226,4
image_88.png,5,False,260.61132430927876,69.50097201967121,20,#FF0000,Quadrant 1,1,1,30,,#FF0000,0,35.4464552021907,4
image_88.png,5,False,451.60985828510184,299.1974932089955,20,#FF0000,Quadrant 4,2,2,30,,#FF0000,0,307.46949417888953,4
image_88.png,5,False,329.22138757090846,96.83727939117739,20,#FF0000,Quadrant 1,1,1,30,,#FF0000,0,292.35534470886626,4
image_88.png,5,False,116.76720864097074,308.3982613880016,20,#FF0000,Quadrant 3,2,1,30,,#FF0000,0,138.0068609624347,4
image_88.png,5,False,519.582438919952,385.5130483194353,20,#FF0000,Quadrant 4,2,2,30,,#FF0000,0,156.64740557235638,4
image_88.png,5,False,302.344684330449,185.85372158227204,20,#FF0000,Quadrant 1,1,1,30,,#FF0000,0,277.8126747970737,4
image_88.png,5,False,257.73299787602764,177.9032337997842,20,#FF0000,Quadrant 1,1,1,30,,#FF0000,0,50.88471303287332,4
image_88.png,5,False,151.26262614972651,323.5720054582895,20,#FF0000,Quadrant 3,2,1,30,,#FF0000,0,9.833928986261187,4
image_88.png,5,False,260.179468331969,315.4823890449936,20,#FF0000,Quadrant 3,2,1,30,,#FF0000,0,166.98429676965696,4
image_88.png,5,False,342.1915129888348,387.0751967160415,20,#FF0000,Quadrant 3,2,1,30,,#FF0000,0,271.69153150053273,4
image_88.png,5,False,342.51540870141423,284.16551589320704,20,#FF0000,Quadrant 3,2,1,30,,#FF0000,0,270.9498539772395,4
image_88.png,5,False,21.986618875579516,81.19928578970006,20,#FF0000,Quadrant 1,1,1,30,,#FF0000,0,82.17752926668123,4
image_88.png,5,False,234.45484325447694,184.5090873234701,20,#FF0000,Quadrant 1,1,1,30,,#FF0000,0,181.1717521012084,4
image_88.png,5,False,45.319460277381374,223.67130077855768,20,#FF0000,Quadrant 3,2,1,30,,#FF0000,0,65.18444193896764,4
image_88.png,5,False,541.9281154345676,160.09349579382646,20,#FF0000,Quadrant 2,1,2,30,,#FF0000,0,119.6390835452203,4
image_88.png,5,False,687.0917045148304,348.7441138061002,20,#FF0000,Quadrant 4,2,2,30,,#FF0000,0,190.1078306512355,4
image_88.png,5,False,298.0508082830371,105.75389158314727,20,#FF0000,Quadrant 1,1,1,30,,#FF0000,0,16.44956798501427,4
image_88.png,5,False,460.71212661893327,153.5993475485356,20,#FF0000,Quadrant 2,1,2,30,,#FF0000,0,3.702814879380445,4
image_88.png,5,False,340.50377534713766,36.55196762795778,20,#FF0000,Quadrant 1,1,1,30,,#FF0000,0,74.47479256819233,4
image_88.png,5,False,153.2972633300835,138.86126199898808,20,#FF0000,Quadrant 1,1,1,30,,#FF0000,0,300.5405430071537,4
image_89.png,2,True,645.4634814874154,190.88566195846397,20,#FF0000,Quadrant 2,1,2,94,140,#FF0000,0,197.45634725751162,6
image_89.png,5,False,257.75469460322165,58.39377090604382,20,#FF0000,Quadrant 1,1,1,94,,#FF0000,0,248.98627944149624,6
image_89.png,5,False,308.1225514820404,201.49298681295312,20,#FF0000,Quadrant 3,2,1,94,,#FF0000,0,321.5219347957147,6
image_89.png,5,False,46.90945527728698,349.65807768664274,20,#FF0000,Quadrant 3,2,1,94,,#FF0000,0,171.06605424476658,6
image_89.png,5,False,560.3611307619263,206.43071604670226,20,#FF0000,Quadrant 4,2,2,94,,#FF0000,0,249.86974247452196,6
image_89.png,5,False,695.6235767308011,234.5196324201082,20,#FF0000,Quadrant 4,2,2,94,,#FF0000,0,337.00554690058226,6
image_89.png,5,False,50.64118745261469,137.48216266114304,20,#FF0000,Quadrant 1,1,1,94,,#FF0000,0,84.15214109041813,6
image_89.png,5,False,173.1334394882543,13.277992241907718,20,#FF0000,Quadrant 1,1,1,94,,#FF0000,0,133.3858728399238,6
image_89.png,5,False,484.55256996009734,367.6771125744595,20,#FF0000,Quadrant 4,2,2,94,,#FF0000,0,283.75443763392985,6
image_89.png,5,False,110.76048780805496,86.60559314768439,20,#FF0000,Quadrant 1,1,1,94,,#FF0000,0,217.43428437352944,6
image_89.png,5,False,320.61733142007364,370.6839093661811,20,#FF0000,Quadrant 3,2,1,94,,#FF0000,0,214.62522854917935,6
image_89.png,5,False,227.5324448509966,268.72473348720234,20,#FF0000,Quadrant 3,2,1,94,,#FF0000,0,279.5441982387039,6
image_89.png,5,False,294.5192873791585,32.838196638895205,20,#FF0000,Quadrant 1,1,1,94,,#FF0000,0,265.6319912955228,6
image_89.png,5,False,421.2159626378486,186.15514389372413,20,#FF0000,Quadrant 2,1,2,94,,#FF0000,0,170.5283917491807,6
image_89.png,5,False,415.23391133826584,337.0835952940645,20,#FF0000,Quadrant 4,2,2,94,,#FF0000,0,306.1938144841105,6
image_89.png,5,False,549.2856007373441,109.15600552877376,20,#FF0000,Quadrant 2,1,2,94,,#FF0000,0,86.8464218022114,6
image_89.png,5,False,339.55438618905754,336.19846093746105,20,#FF0000,Quadrant 3,2,1,94,,#FF0000,0,304.2281578863707,6
image_89.png,5,False,100.73392551242783,286.4269476082883,20,#FF0000,Quadrant 3,2,1,94,,#FF0000,0,269.8485030340076,6
image_89.png,5,False,497.54875934353396,77.31677270469018,20,#FF0000,Quadrant 2,1,2,94,,#FF0000,0,64.89445672533711,6
image_89.png,5,False,343.1981341404099,51.225569113165164,20,#FF0000,Quadrant 1,1,1,94,,#FF0000,0,231.64737800509494,6
image_89.png,5,False,331.2393142801609,151.23487265536227,20,#FF0000,Quadrant 1,1,1,94,,#FF0000,0,27.00405345059916,6
image_89.png,5,False,304.46326857096614,56.621581466295844,20,#FF0000,Quadrant 1,1,1,94,,#FF0000,0,319.32260108317786,6
image_89.png,5,False,435.9669929103193,216.32783563879644,20,#FF0000,Quadrant 4,2,2,94,,#FF0000,0,106.03008044318305,6
image_89.png,5,False,195.7931531056475,219.84015504097985,20,#FF0000,Quadrant 3,2,1,94,,#FF0000,0,41.047215938732336,6
image_89.png,5,False,171.32269082450236,152.67322762625435,20,#FF0000,Quadrant 1,1,1,94,,#FF0000,0,207.7648130003007,6
image_89.png,5,False,586.6909869440549,372.1237789445003,20,#FF0000,Quadrant 4,2,2,94,,#FF0000,0,338.39890507819894,6
image_89.png,5,False,630.0587616946248,293.3196422472065,20,#FF0000,Quadrant 4,2,2,94,,#FF0000,0,67.38496281692139,6
image_89.png,5,False,688.9394406809821,311.4016809444589,20,#FF0000,Quadrant 4,2,2,94,,#FF0000,0,358.1646500974088,6
image_89.png,5,False,697.8530268202464,347.6027406796912,20,#FF0000,Quadrant 4,2,2,94,,#FF0000,0,5.009100693731954,6
image_89.png,5,False,284.89174218543855,198.28223896992165,20,#FF0000,Quadrant 1,1,1,94,,#FF0000,0,66.3785004936082,6
image_89.png,5,False,159.84993192172004,388.1654487280961,20,#FF0000,Quadrant 3,2,1,94,,#FF0000,0,6.957649974322417,6
image_89.png,5,False,144.67850104757858,346.3215139082464,20,#FF0000,Quadrant 3,2,1,94,,#FF0000,0,144.02236083586754,6
image_89.png,5,False,246.93658562852335,15.074957816563145,20,#FF0000,Quadrant 1,1,1,94,,#FF0000,0,14.161559043392625,6
image_89.png,5,False,412.8954374463709,89.88050125416642,20,#FF0000,Quadrant 2,1,2,94,,#FF0000,0,11.843326872839803,6
image_89.png,5,False,327.13938869132795,106.93835889218812,20,#FF0000,Quadrant 1,1,1,94,,#FF0000,0,148.7767772424747,6
image_89.png,5,False,314.55244629962573,223.89013473186498,20,#FF0000,Quadrant 3,2,1,94,,#FF0000,0,310.68917997928236,6
image_89.png,5,False,383.0126239147742,373.0872277077033,20,#FF0000,Quadrant 4,2,2,94,,#FF0000,0,199.87452776669392,6
image_89.png,5,False,285.014290407627,362.399404502559,20,#FF0000,Quadrant 3,2,1,94,,#FF0000,0,11.704073152809267,6
image_89.png,5,False,118.67261996114802,143.22215077851473,20,#FF0000,Quadrant 1,1,1,94,,#FF0000,0,93.63944129579964,6
image_89.png,5,False,426.89634756654385,290.02451803222937,20,#FF0000,Quadrant 4,2,2,94,,#FF0000,0,39.14125540552356,6
image_89.png,5,False,460.3777909495328,123.8198229113772,20,#FF0000,Quadrant 2,1,2,94,,#FF0000,0,79.9951225914225,6
image_89.png,5,False,573.9847792517018,33.490879769741014,20,#FF0000,Quadrant 2,1,2,94,,#FF0000,0,278.0654764380783,6
image_89.png,5,False,506.06462031773714,182.06862462580364,20,#FF0000,Quadrant 2,1,2,94,,#FF0000,0,298.9602624994587,6
image_89.png,5,False,578.7792713885286,182.46733229025284,20,#FF0000,Quadrant 2,1,2,94,,#FF0000,0,232.5173959076849,6
image_89.png,5,False,348.0946095468846,246.6560431502105,20,#FF0000,Quadrant 3,2,1,94,,#FF0000,0,73.94723543316391,6
image_89.png,5,False,602.9629461413969,175.37294311755366,20,#FF0000,Quadrant 2,1,2,94,,#FF0000,0,0.20539419382492596,6
image_89.png,5,False,295.4076791422807,340.252109573802,20,#FF0000,Quadrant 3,2,1,94,,#FF0000,0,130.81965588981987,6
image_89.png,5,False,386.9461597133291,262.4105735735614,20,#FF0000,Quadrant 4,2,2,94,,#FF0000,0,61.072617292807564,6
image_89.png,5,False,43.0091921784566,81.37255106629918,20,#FF0000,Quadrant 1,1,1,94,,#FF0000,0,61.83264415120981,6
image_89.png,5,False,266.8971081904897,322.9556805418407,20,#FF0000,Quadrant 3,2,1,94,,#FF0000,0,27.99155716212544,6
image_89.png,5,False,571.7413220041801,245.24528475339065,20,#FF0000,Quadrant 4,2,2,94,,#FF0000,0,107.74550793738673,6
image_89.png,5,False,181.3664047728016,76.51237289965064,20,#FF0000,Quadrant 1,1,1,94,,#FF0000,0,344.5626296793987,6
image_89.png,5,False,179.58349675187384,36.415078113962615,20,#FF0000,Quadrant 1,1,1,94,,#FF0000,0,344.66561571060254,6
image_89.png,5,False,268.85104367243633,257.44693750460686,20,#FF0000,Quadrant 3,2,1,94,,#FF0000,0,55.42712458559497,6
image_89.png,5,False,599.0663312203446,33.44547785007471,20,#FF0000,Quadrant 2,1,2,94,,#FF0000,0,119.29851028218032,6
image_89.png,5,False,513.5465457430541,384.9593992503708,20,#FF0000,Quadrant 4,2,2,94,,#FF0000,0,222.54904000837385,6
image_89.png,5,False,559.5918804753006,269.1552452090433,20,#FF0000,Quadrant 4,2,2,94,,#FF0000,0,102.12476580054971,6
image_89.png,5,False,600.3128583052834,230.57840969132627,20,#FF0000,Quadrant 4,2,2,94,,#FF0000,0,12.020489285685656,6
image_89.png,5,False,613.976304335569,122.33734860438936,20,#FF0000,Quadrant 2,1,2,94,,#FF0000,0,88.41716996870426,6
image_89.png,5,False,644.2849941436398,234.81209803606038,20,#FF0000,Quadrant 4,2,2,94,,#FF0000,0,88.66431997627859,6
image_89.png,5,False,98.03834256536597,376.11703327382753,20,#FF0000,Quadrant 3,2,1,94,,#FF0000,0,82.97691497267473,6
image_89.png,5,False,226.69621978243475,341.58586380804616,20,#FF0000,Quadrant 3,2,1,94,,#FF0000,0,215.43992952567223,6
image_89.png,5,False,103.25524257496014,32.33501154607431,20,#FF0000,Quadrant 1,1,1,94,,#FF0000,0,216.41165421399253,6
image_89.png,5,False,677.2498097049336,162.76265274641835,20,#FF0000,Quadrant 2,1,2,94,,#FF0000,0,51.35145818726469,6
image_89.png,5,False,56.17534028380771,16.62746361736828,20,#FF0000,Quadrant 1,1,1,94,,#FF0000,0,100.02786798491417,6
image_89.png,5,False,150.9699878786681,180.3956800195379,20,#FF0000,Quadrant 1,1,1,94,,#FF0000,0,33.44642910278287,6
image_89.png,5,False,318.52726082781936,276.7304583235997,20,#FF0000,Quadrant 3,2,1,94,,#FF0000,0,65.09212838402654,6
image_89.png,5,False,267.5677803749597,284.1228129975177,20,#FF0000,Quadrant 3,2,1,94,,#FF0000,0,35.954841475057044,6
image_89.png,5,False,115.13874673173036,333.45178090249794,20,#FF0000,Quadrant 3,2,1,94,,#FF0000,0,170.4429173071734,6
image_89.png,5,False,285.664213393193,155.80996236868768,20,#FF0000,Quadrant 1,1,1,94,,#FF0000,0,226.63991310008936,6
image_89.png,5,False,14.107023563052888,235.18858286628284,20,#FF0000,Quadrant 3,2,1,94,,#FF0000,0,82.28470630587556,6
image_89.png,5,False,616.8787024190184,352.1018166655535,20,#FF0000,Quadrant 4,2,2,94,,#FF0000,0,237.5441168774486,6
image_89.png,5,False,83.96146381099132,144.74882707915802,20,#FF0000,Quadrant 1,1,1,94,,#FF0000,0,59.837523504005304,6
image_89.png,5,False,155.6098916898592,302.77557208209464,20,#FF0000,Quadrant 3,2,1,94,,#FF0000,0,33.871373366758824,6
image_89.png,5,False,418.3917108075759,252.0548526256573,20,#FF0000,Quadrant 4,2,2,94,,#FF0000,0,174.6412063407685,6
image_89.png,5,False,428.1651298177634,58.949225585972755,20,#FF0000,Quadrant 2,1,2,94,,#FF0000,0,93.93419837809795,6
image_89.png,5,False,356.6839611804598,100.30892534329054,20,#FF0000,Quadrant 2,1,2,94,,#FF0000,0,349.4692185046729,6
image_89.png,5,False,443.88667897693557,266.3034159650284,20,#FF0000,Quadrant 4,2,2,94,,#FF0000,0,294.7098646430227,6
image_89.png,5,False,382.8537311565016,52.37638154093092,20,#FF0000,Quadrant 2,1,2,94,,#FF0000,0,252.14831095514828,6
image_89.png,5,False,650.1652728894995,13.806142139056323,20,#FF0000,Quadrant 2,1,2,94,,#FF0000,0,64.91976518141743,6
image_89.png,5,False,343.857635598091,26.667096280139212,20,#FF0000,Quadrant 1,1,1,94,,#FF0000,0,277.797877754147,6
image_89.png,5,False,274.33842929106726,228.19165975561492,20,#FF0000,Quadrant 3,2,1,94,,#FF0000,0,177.37535020900552,6
image_89.png,5,False,449.57593126506583,307.9606348909337,20,#FF0000,Quadrant 4,2,2,94,,#FF0000,0,187.11551785525432,6
image_89.png,5,False,129.36760915937344,303.8885848611708,20,#FF0000,Quadrant 3,2,1,94,,#FF0000,0,265.9742337087908,6
image_89.png,5,False,260.7022790107422,360.2635976367819,20,#FF0000,Quadrant 3,2,1,94,,#FF0000,0,280.4107104285168,6
image_89.png,5,False,552.3718311971421,159.09666369703555,20,#FF0000,Quadrant 2,1,2,94,,#FF0000,0,134.3635763887697,6
image_89.png,5,False,84.23349801028091,80.3066912539958,20,#FF0000,Quadrant 1,1,1,94,,#FF0000,0,3.1042244418972187,6
image_89.png,5,False,468.28119356487883,251.26796808367843,20,#FF0000,Quadrant 4,2,2,94,,#FF0000,0,262.5609973556786,6
image_89.png,5,False,135.21299003195793,15.805277751846564,20,#FF0000,Quadrant 1,1,1,94,,#FF0000,0,90.7027330777964,6
image_89.png,5,False,71.07357418588728,226.35854663509366,20,#FF0000,Quadrant 3,2,1,94,,#FF0000,0,331.94092406682455,6
image_89.png,5,False,18.88537856917109,16.08210932368899,20,#FF0000,Quadrant 1,1,1,94,,#FF0000,0,63.001119001565826,6
image_89.png,5,False,38.39288574149488,165.9457307952175,20,#FF0000,Quadrant 1,1,1,94,,#FF0000,0,249.70466166450268,6
image_89.png,5,False,643.8883769556091,348.12123094154333,20,#FF0000,Quadrant 4,2,2,94,,#FF0000,0,0.08881937279870744,6
image_89.png,5,False,47.25202352121119,230.5093052579005,20,#FF0000,Quadrant 3,2,1,94,,#FF0000,0,298.0912412858877,6
image_89.png,5,False,38.103964313326344,282.09269679743454,20,#FF0000,Quadrant 3,2,1,94,,#FF0000,0,102.61451924536917,6
image_90.png,2,True,519.0161214233779,42.904028932154695,20,#FF0000,Quadrant 2,1,2,79,140,#FF0000,0,26.95362313065535,6
image_90.png,5,False,266.43678652284814,86.89945062730438,20,#FF0000,Quadrant 1,1,1,79,,#FF0000,0,79.05816769912624,6
image_90.png,5,False,103.64898953185921,123.598121852739,20,#FF0000,Quadrant 1,1,1,79,,#FF0000,0,222.90730345211298,6
image_90.png,5,False,70.83516989872138,234.7329983114367,20,#FF0000,Quadrant 3,2,1,79,,#FF0000,0,166.92492867792106,6
image_90.png,5,False,14.988637773218537,28.68167152040915,20,#FF0000,Quadrant 1,1,1,79,,#FF0000,0,137.63573934721995,6
image_90.png,5,False,652.9855572759806,65.26801030643696,20,#FF0000,Quadrant 2,1,2,79,,#FF0000,0,347.43259554845366,6
image_90.png,5,False,36.680316431339655,162.19026702801088,20,#FF0000,Quadrant 1,1,1,79,,#FF0000,0,174.90727273573947,6
image_90.png,5,False,647.2700569482533,293.8809488117579,20,#FF0000,Quadrant 4,2,2,79,,#FF0000,0,144.08397972526416,6
image_90.png,5,False,48.82120888372595,379.7830212472394,20,#FF0000,Quadrant 3,2,1,79,,#FF0000,0,299.14324389841744,6
image_90.png,5,False,658.24174206628,14.902233150349446,20,#FF0000,Quadrant 2,1,2,79,,#FF0000,0,189.25976795525966,6
image_90.png,5,False,168.27745860835066,76.56944897440525,20,#FF0000,Quadrant 1,1,1,79,,#FF0000,0,206.07944635453217,6
image_90.png,5,False,73.10075387651767,323.2893706923786,20,#FF0000,Quadrant 3,2,1,79,,#FF0000,0,97.69568527130284,6
image_90.png,5,False,601.741496515272,265.50614349604047,20,#FF0000,Quadrant 4,2,2,79,,#FF0000,0,237.2525216101164,6
image_90.png,5,False,608.6018630750082,85.92995306325903,20,#FF0000,Quadrant 2,1,2,79,,#FF0000,0,74.01096041421565,6
image_90.png,5,False,19.564825869856968,365.1317933320199,20,#FF0000,Quadrant 3,2,1,79,,#FF0000,0,147.73197443246715,6
image_90.png,5,False,206.06574552467347,46.21201691604472,20,#FF0000,Quadrant 1,1,1,79,,#FF0000,0,222.19853798472192,6
image_90.png,5,False,105.5424409043659,86.6187626453289,20,#FF0000,Quadrant 1,1,1,79,,#FF0000,0,156.69821879179256,6
image_90.png,5,False,251.43760791554305,351.1728552346985,20,#FF0000,Quadrant 3,2,1,79,,#FF0000,0,35.69104060584445,6
image_90.png,5,False,334.73929963038285,349.219159132247,20,#FF0000,Quadrant 3,2,1,79,,#FF0000,0,64.32376151540818,6
image_90.png,5,False,339.38345637361795,169.84439420732656,20,#FF0000,Quadrant 1,1,1,79,,#FF0000,0,188.40920366588537,6
image_90.png,5,False,32.80414636992657,335.57085622685094,20,#FF0000,Quadrant 3,2,1,79,,#FF0000,0,330.6911098267039,6
image_90.png,5,False,183.94441515531508,121.49601070629777,20,#FF0000,Quadrant 1,1,1,79,,#FF0000,0,75.03416630934237,6
image_90.png,5,False,42.00699721385489,115.87353221058706,20,#FF0000,Quadrant 1,1,1,79,,#FF0000,0,224.5232480085201,6
image_90.png,5,False,363.49037180304555,177.84175331498776,20,#FF0000,Quadrant 2,1,2,79,,#FF0000,0,122.46511486195948,6
image_90.png,5,False,586.930582620599,197.88859014403167,20,#FF0000,Quadrant 2,1,2,79,,#FF0000,0,359.2819460567486,6
image_90.png,5,False,141.07330335533675,124.31673916870322,20,#FF0000,Quadrant 1,1,1,79,,#FF0000,0,221.57848181774835,6
image_90.png,5,False,618.8391137811121,119.49776834113003,20,#FF0000,Quadrant 2,1,2,79,,#FF0000,0,65.79076241570331,6
image_90.png,5,False,222.97254017512049,302.62534714524907,20,#FF0000,Quadrant 3,2,1,79,,#FF0000,0,78.90936464299764,6
image_90.png,5,False,352.8888663716791,93.79118355778301,20,#FF0000,Quadrant 1,1,1,79,,#FF0000,0,27.996988271844955,6
image_90.png,5,False,549.0434035806442,311.9373551773138,20,#FF0000,Quadrant 4,2,2,79,,#FF0000,0,124.3261637853401,6
image_90.png,5,False,698.2314957188636,73.56194692609893,20,#FF0000,Quadrant 2,1,2,79,,#FF0000,0,205.2981388114987,6
image_90.png,5,False,543.3977902706683,150.75534102130717,20,#FF0000,Quadrant 2,1,2,79,,#FF0000,0,314.69272960448177,6
image_90.png,5,False,591.1839535413227,62.71625013658528,20,#FF0000,Quadrant 2,1,2,79,,#FF0000,0,81.14201915457929,6
image_90.png,5,False,39.56762006522838,271.1450469252226,20,#FF0000,Quadrant 3,2,1,79,,#FF0000,0,201.3882875771462,6
image_90.png,5,False,366.32949247910676,288.43015480715763,20,#FF0000,Quadrant 4,2,2,79,,#FF0000,0,62.264376813393795,6
image_90.png,5,False,460.80466280377345,381.1575781244876,20,#FF0000,Quadrant 4,2,2,79,,#FF0000,0,95.83934890299243,6
image_90.png,5,False,244.50454458964657,200.32500854523508,20,#FF0000,Quadrant 3,2,1,79,,#FF0000,0,1.1566452266517269,6
image_90.png,5,False,621.2034686701307,193.08592371974285,20,#FF0000,Quadrant 2,1,2,79,,#FF0000,0,121.39781702530175,6
image_90.png,5,False,131.14856272156607,158.72800623231166,20,#FF0000,Quadrant 1,1,1,79,,#FF0000,0,339.69833922721506,6
image_90.png,5,False,232.3668025700627,234.00729018514917,20,#FF0000,Quadrant 3,2,1,79,,#FF0000,0,100.26976588669491,6
image_90.png,5,False,560.8793000235665,230.8262972773815,20,#FF0000,Quadrant 4,2,2,79,,#FF0000,0,5.761239682752337,6
image_90.png,5,False,378.67142875122,109.97939179838816,20,#FF0000,Quadrant 2,1,2,79,,#FF0000,0,79.33482208627468,6
image_90.png,5,False,220.9553213248708,330.9505291191593,20,#FF0000,Quadrant 3,2,1,79,,#FF0000,0,153.8427786377664,6
image_90.png,5,False,518.8200099443776,121.9808064249512,20,#FF0000,Quadrant 2,1,2,79,,#FF0000,0,228.63276353332006,6
image_90.png,5,False,669.8114991828699,208.52400841569366,20,#FF0000,Quadrant 4,2,2,79,,#FF0000,0,164.01985065540654,6
image_90.png,5,False,600.8798373201225,343.06176110439804,20,#FF0000,Quadrant 4,2,2,79,,#FF0000,0,234.65707083558132,6
image_90.png,5,False,296.31065814953956,187.6597474490048,20,#FF0000,Quadrant 1,1,1,79,,#FF0000,0,92.30659755017653,6
image_90.png,5,False,568.4941513241505,375.64740916827424,20,#FF0000,Quadrant 4,2,2,79,,#FF0000,0,199.24296925113995,6
image_90.png,5,False,465.134760168105,344.497321593274,20,#FF0000,Quadrant 4,2,2,79,,#FF0000,0,24.171682390477322,6
image_90.png,5,False,267.8364681493659,206.62603576625838,20,#FF0000,Quadrant 3,2,1,79,,#FF0000,0,31.366051338674083,6
image_90.png,5,False,18.643059137477636,206.43476701117106,20,#FF0000,Quadrant 3,2,1,79,,#FF0000,0,303.524386283746,6
image_90.png,5,False,491.58046802950486,256.6289657801046,20,#FF0000,Quadrant 4,2,2,79,,#FF0000,0,120.42774092229821,6
image_90.png,5,False,276.3054759210268,120.64114452182318,20,#FF0000,Quadrant 1,1,1,79,,#FF0000,0,301.5460545000121,6
image_90.png,5,False,294.79734225382833,344.5103209759069,20,#FF0000,Quadrant 3,2,1,79,,#FF0000,0,85.02764143647796,6
image_90.png,5,False,630.7040150921935,97.14378780741707,20,#FF0000,Quadrant 2,1,2,79,,#FF0000,0,11.975830804451789,6
image_90.png,5,False,194.96924504138136,171.57658472529775,20,#FF0000,Quadrant 1,1,1,79,,#FF0000,0,89.27231520350672,6
image_90.png,5,False,156.5678053098715,160.82334159755527,20,#FF0000,Quadrant 1,1,1,79,,#FF0000,0,183.3105788263154,6
image_90.png,5,False,469.785742457005,19.411697976187092,20,#FF0000,Quadrant 2,1,2,79,,#FF0000,0,232.06036119469536,6
image_90.png,5,False,493.88085598733187,346.536999315028,20,#FF0000,Quadrant 4,2,2,79,,#FF0000,0,145.638546120831,6
image_90.png,5,False,453.5950518902629,304.3663756007306,20,#FF0000,Quadrant 4,2,2,79,,#FF0000,0,328.0408400808944,6
image_90.png,5,False,542.286079940942,181.90210160654948,20,#FF0000,Quadrant 2,1,2,79,,#FF0000,0,221.15101133146945,6
image_90.png,5,False,307.89554830452585,93.41533511802668,20,#FF0000,Quadrant 1,1,1,79,,#FF0000,0,232.9353811036349,6
image_90.png,5,False,476.9381649708789,316.5518259882831,20,#FF0000,Quadrant 4,2,2,79,,#FF0000,0,273.57390223902866,6
image_90.png,5,False,227.9747870891314,386.82909826221476,20,#FF0000,Quadrant 3,2,1,79,,#FF0000,0,267.0807557089661,6
image_90.png,5,False,106.11669018693455,324.1487415476474,20,#FF0000,Quadrant 3,2,1,79,,#FF0000,0,108.96599267095782,6
image_90.png,5,False,287.6147058788318,284.40305098423033,20,#FF0000,Quadrant 3,2,1,79,,#FF0000,0,196.2234159645042,6
image_90.png,5,False,59.04268781191842,299.4162747380198,20,#FF0000,Quadrant 3,2,1,79,,#FF0000,0,22.029209990152538,6
image_90.png,5,False,673.9263945436358,349.8065180220561,20,#FF0000,Quadrant 4,2,2,79,,#FF0000,0,208.03695630383282,6
image_90.png,5,False,143.052262567544,317.02294203133783,20,#FF0000,Quadrant 3,2,1,79,,#FF0000,0,5.338812253206693,6
image_90.png,5,False,474.63078902431016,225.19383305757947,20,#FF0000,Quadrant 4,2,2,79,,#FF0000,0,221.65548673892883,6
image_90.png,5,False,121.0596568210477,56.359257060141566,20,#FF0000,Quadrant 1,1,1,79,,#FF0000,0,193.14280252885774,6
image_90.png,5,False,494.9728410724496,376.0631404518275,20,#FF0000,Quadrant 4,2,2,79,,#FF0000,0,55.410644044910654,6
image_90.png,5,False,543.3317446794425,99.2177980040007,20,#FF0000,Quadrant 2,1,2,79,,#FF0000,0,277.0071804036682,6
image_90.png,5,False,519.1634984317084,359.53678103012334,20,#FF0000,Quadrant 4,2,2,79,,#FF0000,0,32.557327484449814,6
image_90.png,5,False,577.6050288765573,127.40924920783914,20,#FF0000,Quadrant 2,1,2,79,,#FF0000,0,192.2016462105506,6
image_90.png,5,False,505.67671258128587,234.53347704144213,20,#FF0000,Quadrant 4,2,2,79,,#FF0000,0,10.874528842038336,6
image_90.png,5,False,542.275991302522,372.9884023930401,20,#FF0000,Quadrant 4,2,2,79,,#FF0000,0,31.355293414338284,6
image_90.png,5,False,692.8117307407892,238.36853292361164,20,#FF0000,Quadrant 4,2,2,79,,#FF0000,0,108.89528190606558,6
image_90.png,5,False,299.37873951198725,21.124372748196954,20,#FF0000,Quadrant 1,1,1,79,,#FF0000,0,219.77848464416053,6
image_90.png,5,False,134.7666027602402,244.19962563002036,20,#FF0000,Quadrant 3,2,1,79,,#FF0000,0,136.9372887579589,6
image_91.png,2,True,12.372321951825782,108.69922061694047,20,#FF0000,Quadrant 1,1,1,69,140,#FF0000,0,158.1081136192853,6
image_91.png,5,False,122.89778854301952,388.75021575873757,20,#FF0000,Quadrant 3,2,1,69,,#FF0000,0,218.61294292644183,6
image_91.png,5,False,639.6868569418925,291.66467819543544,20,#FF0000,Quadrant 4,2,2,69,,#FF0000,0,83.52009297987836,6
image_91.png,5,False,552.7949386689918,317.8313171753788,20,#FF0000,Quadrant 4,2,2,69,,#FF0000,0,100.05698470121638,6
image_91.png,5,False,550.3560911082361,273.23290060755113,20,#FF0000,Quadrant 4,2,2,69,,#FF0000,0,251.05490366228898,6
image_91.png,5,False,62.91248811044464,284.9287313644422,20,#FF0000,Quadrant 3,2,1,69,,#FF0000,0,295.9293751905643,6
image_91.png,5,False,335.84694847372606,336.0922449273311,20,#FF0000,Quadrant 3,2,1,69,,#FF0000,0,40.19257596986516,6
image_91.png,5,False,447.8381859115336,371.55460377229446,20,#FF0000,Quadrant 4,2,2,69,,#FF0000,0,2.00893803753901,6
image_91.png,5,False,163.81606555733654,54.053361087543166,20,#FF0000,Quadrant 1,1,1,69,,#FF0000,0,97.58855043945105,6
image_91.png,5,False,374.5880131017414,337.47763423337625,20,#FF0000,Quadrant 4,2,2,69,,#FF0000,0,317.89014899933295,6
image_91.png,5,False,645.6644799313967,49.91742425779973,20,#FF0000,Quadrant 2,1,2,69,,#FF0000,0,273.10445014428836,6
image_91.png,5,False,185.03984861844557,302.9667450903899,20,#FF0000,Quadrant 3,2,1,69,,#FF0000,0,234.1768987948378,6
image_91.png,5,False,75.18284467893133,11.556679900672787,20,#FF0000,Quadrant 1,1,1,69,,#FF0000,0,235.45762050122616,6
image_91.png,5,False,544.7756519463416,54.25742915206108,20,#FF0000,Quadrant 2,1,2,69,,#FF0000,0,338.21365923849186,6
image_91.png,5,False,423.764099921122,69.99669785675894,20,#FF0000,Quadrant 2,1,2,69,,#FF0000,0,19.583717117381592,6
image_91.png,5,False,40.30405538885027,343.57781963136273,20,#FF0000,Quadrant 3,2,1,69,,#FF0000,0,227.09187438639827,6
image_91.png,5,False,364.5792847607476,214.90122523819196,20,#FF0000,Quadrant 4,2,2,69,,#FF0000,0,73.29135068648766,6
image_91.png,5,False,629.8971436753139,374.23524484562193,20,#FF0000,Quadrant 4,2,2,69,,#FF0000,0,186.32929884362127,6
image_91.png,5,False,120.78114616911552,67.7841581839742,20,#FF0000,Quadrant 1,1,1,69,,#FF0000,0,23.612396445379936,6
image_91.png,5,False,662.7038654809635,219.0012235173324,20,#FF0000,Quadrant 4,2,2,69,,#FF0000,0,59.6175847666694,6
image_91.png,5,False,235.7855466776431,368.7869767502851,20,#FF0000,Quadrant 3,2,1,69,,#FF0000,0,303.2810305771815,6
image_91.png,5,False,24.25674177941839,66.68135222179123,20,#FF0000,Quadrant 1,1,1,69,,#FF0000,0,237.78481324193797,6
image_91.png,5,False,410.243547301987,139.09628595138173,20,#FF0000,Quadrant 2,1,2,69,,#FF0000,0,182.7512481623708,6
image_91.png,5,False,453.0527099048852,187.49828362948253,20,#FF0000,Quadrant 2,1,2,69,,#FF0000,0,203.38088353116999,6
image_91.png,5,False,62.855496307130345,215.05834761876525,20,#FF0000,Quadrant 3,2,1,69,,#FF0000,0,99.21962970476027,6
image_91.png,5,False,627.2045696614775,335.543074411508,20,#FF0000,Quadrant 4,2,2,69,,#FF0000,0,215.94268678457277,6
image_91.png,5,False,336.37877340490786,159.14316102906452,20,#FF0000,Quadrant 1,1,1,69,,#FF0000,0,61.736581384623534,6
image_91.png,5,False,565.2761520425502,386.8323209347564,20,#FF0000,Quadrant 4,2,2,69,,#FF0000,0,228.81694639226487,6
image_91.png,5,False,474.3647885623094,344.5332735181202,20,#FF0000,Quadrant 4,2,2,69,,#FF0000,0,151.6605230425492,6
image_91.png,5,False,161.43765935046815,314.55993833286965,20,#FF0000,Quadrant 3,2,1,69,,#FF0000,0,101.01997179505571,6
image_91.png,5,False,459.5119480318845,253.64765903104023,20,#FF0000,Quadrant 4,2,2,69,,#FF0000,0,137.33466883657175,6
image_91.png,5,False,214.41698114155935,261.20725099525407,20,#FF0000,Quadrant 3,2,1,69,,#FF0000,0,264.88249204081535,6
image_91.png,5,False,291.98925701607874,18.018461267234983,20,#FF0000,Quadrant 1,1,1,69,,#FF0000,0,134.61659757332401,6
image_91.png,5,False,182.3157275406267,80.03777273296447,20,#FF0000,Quadrant 1,1,1,69,,#FF0000,0,165.07056542577942,6
image_91.png,5,False,403.64471025004667,164.11610160069932,20,#FF0000,Quadrant 2,1,2,69,,#FF0000,0,327.41016608367596,6
image_91.png,5,False,496.20479585612077,105.47187231925845,20,#FF0000,Quadrant 2,1,2,69,,#FF0000,0,293.890462321521,6
image_91.png,5,False,535.3600493689183,11.290743111392558,20,#FF0000,Quadrant 2,1,2,69,,#FF0000,0,135.62010968960126,6
image_91.png,5,False,213.32069916973276,152.91353330237146,20,#FF0000,Quadrant 1,1,1,69,,#FF0000,0,330.5846905076293,6
image_91.png,5,False,255.49840788668953,274.99565491698047,20,#FF0000,Quadrant 3,2,1,69,,#FF0000,0,15.13030981045221,6
image_91.png,5,False,356.3489584359271,40.9221740109239,20,#FF0000,Quadrant 2,1,2,69,,#FF0000,0,152.96913811641323,6
image_91.png,5,False,313.8950291212908,149.80792561485114,20,#FF0000,Quadrant 1,1,1,69,,#FF0000,0,191.8038488436856,6
image_91.png,5,False,479.2924032375878,377.99917803616114,20,#FF0000,Quadrant 4,2,2,69,,#FF0000,0,338.98695036930803,6
image_91.png,5,False,580.8505749960386,113.80740691476505,20,#FF0000,Quadrant 2,1,2,69,,#FF0000,0,314.5334254506142,6
image_91.png,5,False,362.4043288285614,66.51693437194623,20,#FF0000,Quadrant 2,1,2,69,,#FF0000,0,315.78519496016287,6
image_91.png,5,False,504.9093843601597,181.7688488310078,20,#FF0000,Quadrant 2,1,2,69,,#FF0000,0,126.82014193192262,6
image_91.png,5,False,367.74405537205377,115.49629764980463,20,#FF0000,Quadrant 2,1,2,69,,#FF0000,0,179.42866868940803,6
image_91.png,5,False,294.25745936419173,388.6457132003257,20,#FF0000,Quadrant 3,2,1,69,,#FF0000,0,256.42806905525674,6
image_91.png,5,False,170.03572666506847,25.530460581766704,20,#FF0000,Quadrant 1,1,1,69,,#FF0000,0,345.8628759218925,6
image_91.png,5,False,330.41537899058903,304.1249509619423,20,#FF0000,Quadrant 3,2,1,69,,#FF0000,0,145.16357608472543,6
image_91.png,5,False,291.94156052523795,232.2461117644226,20,#FF0000,Quadrant 3,2,1,69,,#FF0000,0,349.2561610819269,6
image_91.png,5,False,411.6375322928564,225.3061985721701,20,#FF0000,Quadrant 4,2,2,69,,#FF0000,0,46.56519602403011,6
image_91.png,5,False,103.93813925767584,30.088137325625055,20,#FF0000,Quadrant 1,1,1,69,,#FF0000,0,325.8286066554833,6
image_91.png,5,False,625.9602827693117,153.48911941560448,20,#FF0000,Quadrant 2,1,2,69,,#FF0000,0,63.6914568252248,6
image_91.png,5,False,117.32643278780222,356.7993712624577,20,#FF0000,Quadrant 3,2,1,69,,#FF0000,0,236.62954282465236,6
image_91.png,5,False,286.4740834315774,205.58225909910135,20,#FF0000,Quadrant 3,2,1,69,,#FF0000,0,311.4580731847398,6
image_91.png,5,False,321.69752830952746,81.79602018505227,20,#FF0000,Quadrant 1,1,1,69,,#FF0000,0,255.64160271253883,6
image_91.png,5,False,309.90772562112045,124.81877747100607,20,#FF0000,Quadrant 1,1,1,69,,#FF0000,0,329.891232260734,6
image_91.png,5,False,567.3533157204234,349.39043985178535,20,#FF0000,Quadrant 4,2,2,69,,#FF0000,0,341.10976213288365,6
image_91.png,5,False,76.89985023854936,86.65370158836483,20,#FF0000,Quadrant 1,1,1,69,,#FF0000,0,292.71544910167876,6
image_91.png,5,False,693.8280228737868,163.12645309955516,20,#FF0000,Quadrant 2,1,2,69,,#FF0000,0,30.469605145699077,6
image_91.png,5,False,628.8985192687621,120.46610272267115,20,#FF0000,Quadrant 2,1,2,69,,#FF0000,0,10.559146118095853,6
image_91.png,5,False,685.4543367811783,274.9933672271901,20,#FF0000,Quadrant 4,2,2,69,,#FF0000,0,17.881323656840003,6
image_91.png,5,False,112.14113620528727,244.20320625464907,20,#FF0000,Quadrant 3,2,1,69,,#FF0000,0,334.78064882459205,6
image_91.png,5,False,57.396418899941374,310.5307700728979,20,#FF0000,Quadrant 3,2,1,69,,#FF0000,0,268.9174656555222,6
image_91.png,5,False,514.7204513382533,224.20069251009085,20,#FF0000,Quadrant 4,2,2,69,,#FF0000,0,313.45747040456484,6
image_91.png,5,False,385.51562868716763,61.045408387027834,20,#FF0000,Quadrant 2,1,2,69,,#FF0000,0,228.80440193192612,6
image_91.png,5,False,383.16072503896464,254.59354829558018,20,#FF0000,Quadrant 4,2,2,69,,#FF0000,0,212.91722134234843,6
image_91.png,5,False,275.399916222077,71.39264414148708,20,#FF0000,Quadrant 1,1,1,69,,#FF0000,0,299.8163706190158,6
image_91.png,5,False,49.316119896684924,80.04224978592384,20,#FF0000,Quadrant 1,1,1,69,,#FF0000,0,233.6272264605716,6
image_91.png,5,False,170.93584942329957,226.54607227802637,20,#FF0000,Quadrant 3,2,1,69,,#FF0000,0,121.26010223771853,6
image_92.png,2,True,305.96582427134285,367.23075400703436,20,#FF0000,Quadrant 3,2,1,63,140,#FF0000,0,357.59742851246455,5
image_92.png,5,False,660.9179990279819,222.18834166505377,20,#FF0000,Quadrant 4,2,2,63,,#FF0000,0,36.82976502223826,5
image_92.png,5,False,97.19552290210476,365.44780345894054,20,#FF0000,Quadrant 3,2,1,63,,#FF0000,0,223.35881370488076,5
image_92.png,5,False,580.9983417407191,217.08523279592407,20,#FF0000,Quadrant 4,2,2,63,,#FF0000,0,338.45942610230594,5
image_92.png,5,False,573.5370736449595,256.3352297050112,20,#FF0000,Quadrant 4,2,2,63,,#FF0000,0,350.20121986000913,5
image_92.png,5,False,288.1834862447548,60.785847502895216,20,#FF0000,Quadrant 1,1,1,63,,#FF0000,0,308.63034198587957,5
image_92.png,5,False,337.48821078963226,148.77924089871235,20,#FF0000,Quadrant 1,1,1,63,,#FF0000,0,1.5529831548260065,5
image_92.png,5,False,12.91414775002492,243.72969194061804,20,#FF0000,Quadrant 3,2,1,63,,#FF0000,0,226.06111658131599,5
image_92.png,5,False,656.212187279362,173.77187752848278,20,#FF0000,Quadrant 2,1,2,63,,#FF0000,0,147.25445267693289,5
image_92.png,5,False,341.92111683169264,297.4089616311634,20,#FF0000,Quadrant 3,2,1,63,,#FF0000,0,119.95399022207756,5
image_92.png,5,False,515.7198760830402,375.2348971927929,20,#FF0000,Quadrant 4,2,2,63,,#FF0000,0,234.58946026509022,5
image_92.png,5,False,594.3247689354068,128.0363946535403,20,#FF0000,Quadrant 2,1,2,63,,#FF0000,0,104.53668732826917,5
image_92.png,5,False,222.76664377844696,108.38319049444078,20,#FF0000,Quadrant 1,1,1,63,,#FF0000,0,286.3449685139622,5
image_92.png,5,False,230.09350271072907,375.53002579078895,20,#FF0000,Quadrant 3,2,1,63,,#FF0000,0,255.89564993092452,5
image_92.png,5,False,343.2095281263297,244.85832044000136,20,#FF0000,Quadrant 3,2,1,63,,#FF0000,0,236.3934450589241,5
image_92.png,5,False,77.7869293225769,30.591665801136497,20,#FF0000,Quadrant 1,1,1,63,,#FF0000,0,306.15128089259196,5
image_92.png,5,False,146.353562202964,75.09302411748314,20,#FF0000,Quadrant 1,1,1,63,,#FF0000,0,176.46911456072706,5
image_92.png,5,False,679.7996295160247,34.47753251594058,20,#FF0000,Quadrant 2,1,2,63,,#FF0000,0,178.67845949984016,5
image_92.png,5,False,532.9652699126864,298.95856790769886,20,#FF0000,Quadrant 4,2,2,63,,#FF0000,0,150.85573666556147,5
image_92.png,5,False,41.99708107125896,273.7137016957462,20,#FF0000,Quadrant 3,2,1,63,,#FF0000,0,64.56191083609568,5
image_92.png,5,False,523.7612725487612,231.68722872361872,20,#FF0000,Quadrant 4,2,2,63,,#FF0000,0,299.9973552221428,5
image_92.png,5,False,418.05175699749685,205.91056314898697,20,#FF0000,Quadrant 4,2,2,63,,#FF0000,0,260.0040589686763,5
image_92.png,5,False,327.6794525666303,82.77362078984119,20,#FF0000,Quadrant 1,1,1,63,,#FF0000,0,69.61544271996759,5
image_92.png,5,False,569.3415370696267,332.9743992284227,20,#FF0000,Quadrant 4,2,2,63,,#FF0000,0,263.4344651265849,5
image_92.png,5,False,548.2344690611455,197.49850965301113,20,#FF0000,Quadrant 2,1,2,63,,#FF0000,0,219.21613812469505,5
image_92.png,5,False,544.607670980427,130.15060494002876,20,#FF0000,Quadrant 2,1,2,63,,#FF0000,0,311.760492669951,5
image_92.png,5,False,60.120493552450895,189.1200273937935,20,#FF0000,Quadrant 1,1,1,63,,#FF0000,0,272.54001333555794,5
image_92.png,5,False,257.1658698461338,193.69543707921298,20,#FF0000,Quadrant 1,1,1,63,,#FF0000,0,281.24955736842577,5
image_92.png,5,False,463.9554520226273,337.54587867442126,20,#FF0000,Quadrant 4,2,2,63,,#FF0000,0,86.00122053895068,5
image_92.png,5,False,65.0568729090791,143.93324544260707,20,#FF0000,Quadrant 1,1,1,63,,#FF0000,0,213.51222041965113,5
image_92.png,5,False,187.24152966231216,239.69701087229305,20,#FF0000,Quadrant 3,2,1,63,,#FF0000,0,69.33084092867517,5
image_92.png,5,False,386.2356272505929,40.88230627426255,20,#FF0000,Quadrant 2,1,2,63,,#FF0000,0,123.9527356972845,5
image_92.png,5,False,197.89022330133474,313.68981115550116,20,#FF0000,Quadrant 3,2,1,63,,#FF0000,0,162.68102268730053,5
image_92.png,5,False,262.9985889902398,238.66083583162174,20,#FF0000,Quadrant 3,2,1,63,,#FF0000,0,141.2642204826152,5
image_92.png,5,False,285.47808370968625,255.41951048327266,20,#FF0000,Quadrant 3,2,1,63,,#FF0000,0,42.11033800137922,5
image_92.png,5,False,12.855367704097391,118.75133793260447,20,#FF0000,Quadrant 1,1,1,63,,#FF0000,0,295.6529379651409,5
image_92.png,5,False,625.7676371417538,313.8382491973292,20,#FF0000,Quadrant 4,2,2,63,,#FF0000,0,211.61959445848152,5
image_92.png,5,False,689.466596973392,386.9062685795928,20,#FF0000,Quadrant 4,2,2,63,,#FF0000,0,194.2474470992752,5
image_92.png,5,False,647.0292678717552,280.0767564949556,20,#FF0000,Quadrant 4,2,2,63,,#FF0000,0,89.51204610999311,5
image_92.png,5,False,67.10864890473584,214.97925134839502,20,#FF0000,Quadrant 3,2,1,63,,#FF0000,0,53.8600744616686,5
image_92.png,5,False,416.52221570629223,159.80206047491265,20,#FF0000,Quadrant 2,1,2,63,,#FF0000,0,245.1501440647408,5
image_92.png,5,False,267.1334940095861,321.2502008350754,20,#FF0000,Quadrant 3,2,1,63,,#FF0000,0,85.8770652483921,5
image_92.png,5,False,482.61547503270236,116.34905014569523,20,#FF0000,Quadrant 2,1,2,63,,#FF0000,0,199.6858541947787,5
image_92.png,5,False,523.439021173848,260.50701685354454,20,#FF0000,Quadrant 4,2,2,63,,#FF0000,0,349.95666868697356,5
image_92.png,5,False,19.576378743493244,159.0785298466762,20,#FF0000,Quadrant 1,1,1,63,,#FF0000,0,192.30415250789048,5
image_92.png,5,False,491.79420375708406,45.22526308128445,20,#FF0000,Quadrant 2,1,2,63,,#FF0000,0,56.68122305653227,5
image_92.png,5,False,205.631861089333,176.31049983287696,20,#FF0000,Quadrant 1,1,1,63,,#FF0000,0,324.4663803098287,5
image_92.png,5,False,608.329678918165,284.0577161273653,20,#FF0000,Quadrant 4,2,2,63,,#FF0000,0,216.1127343356071,5
image_92.png,5,False,298.6738125238727,86.63309022021771,20,#FF0000,Quadrant 1,1,1,63,,#FF0000,0,123.31648721918363,5
image_92.png,5,False,25.23820119099146,354.17979641059395,20,#FF0000,Quadrant 3,2,1,63,,#FF0000,0,94.9129589349144,5
image_92.png,5,False,536.0780204652286,328.68314632249593,20,#FF0000,Quadrant 4,2,2,63,,#FF0000,0,324.0009759309279,5
image_92.png,5,False,359.35090743724845,375.75281787466275,20,#FF0000,Quadrant 4,2,2,63,,#FF0000,0,175.45752357934217,5
image_92.png,5,False,685.5640335841083,281.5114363015378,20,#FF0000,Quadrant 4,2,2,63,,#FF0000,0,60.547534635435454,5
image_92.png,5,False,488.3086440154896,345.80439597437396,20,#FF0000,Quadrant 4,2,2,63,,#FF0000,0,260.2388857009776,5
image_92.png,5,False,164.204561981075,45.72894274803721,20,#FF0000,Quadrant 1,1,1,63,,#FF0000,0,101.57310121979546,5
image_92.png,5,False,463.1202665854875,23.227753055181612,20,#FF0000,Quadrant 2,1,2,63,,#FF0000,0,40.11781792223345,5
image_92.png,5,False,23.463638410185858,96.38652990038874,20,#FF0000,Quadrant 1,1,1,63,,#FF0000,0,57.21559832115783,5
image_92.png,5,False,478.22506139300896,190.94644393369452,20,#FF0000,Quadrant 2,1,2,63,,#FF0000,0,325.7941786150496,5
image_92.png,5,False,261.3539828434202,116.27901579431071,20,#FF0000,Quadrant 1,1,1,63,,#FF0000,0,342.7102668445502,5
image_92.png,5,False,492.07627975539566,309.60462835009804,20,#FF0000,Quadrant 4,2,2,63,,#FF0000,0,172.88917080691024,5
image_92.png,5,False,478.7594118817888,267.62858003402926,20,#FF0000,Quadrant 4,2,2,63,,#FF0000,0,310.87555521321394,5
image_92.png,5,False,452.35440797307047,85.34742918769179,20,#FF0000,Quadrant 2,1,2,63,,#FF0000,0,49.53118958079956,5
image_92.png,5,False,198.61422816830654,342.2789070280647,20,#FF0000,Quadrant 3,2,1,63,,#FF0000,0,87.79711132920137,5
image_92.png,5,False,277.9778100884385,165.28979516028056,20,#FF0000,Quadrant 1,1,1,63,,#FF0000,0,174.9303293928976,5
image_93.png,2,True,236.10791682043484,297.88088048853285,20,#FF0000,Quadrant 3,2,1,53,140,#FF0000,0,64.72871280723051,5
image_93.png,5,False,12.912684279047953,98.72970030465952,20,#FF0000,Quadrant 1,1,1,53,,#FF0000,0,135.33369341660793,5
image_93.png,5,False,527.0887674080511,38.84818295887308,20,#FF0000,Quadrant 2,1,2,53,,#FF0000,0,4.8993957760366635,5
image_93.png,5,False,22.329832892051094,152.36077193743856,20,#FF0000,Quadrant 1,1,1,53,,#FF0000,0,192.463405344147,5
image_93.png,5,False,636.0717989650695,13.244435427180866,20,#FF0000,Quadrant 2,1,2,53,,#FF0000,0,292.663626968776,5
image_93.png,5,False,367.1693144700319,29.30226416128475,20,#FF0000,Quadrant 2,1,2,53,,#FF0000,0,326.4658276719911,5
image_93.png,5,False,46.71347548836786,100.39852466954531,20,#FF0000,Quadrant 1,1,1,53,,#FF0000,0,334.1254881958389,5
image_93.png,5,False,175.46843633061044,324.45084501178167,20,#FF0000,Quadrant 3,2,1,53,,#FF0000,0,142.64158504077423,5
image_93.png,5,False,100.06406816552239,211.68089307340665,20,#FF0000,Quadrant 3,2,1,53,,#FF0000,0,133.54724597816204,5
image_93.png,5,False,456.76877324532717,173.13735707507396,20,#FF0000,Quadrant 2,1,2,53,,#FF0000,0,230.7855760424048,5
image_93.png,5,False,440.82872769622395,233.17643515481194,20,#FF0000,Quadrant 4,2,2,53,,#FF0000,0,301.4710852718736,5
image_93.png,5,False,160.06901104149296,27.557056500867322,20,#FF0000,Quadrant 1,1,1,53,,#FF0000,0,3.9416371989935284,5
image_93.png,5,False,124.62216625694816,315.47676619898385,20,#FF0000,Quadrant 3,2,1,53,,#FF0000,0,42.575626342275584,5
image_93.png,5,False,191.71940887382522,70.75408579614397,20,#FF0000,Quadrant 1,1,1,53,,#FF0000,0,8.389972887870787,5
image_93.png,5,False,660.5600856467104,297.1369772869972,20,#FF0000,Quadrant 4,2,2,53,,#FF0000,0,72.01115575627482,5
image_93.png,5,False,490.6224129844237,149.60053875608926,20,#FF0000,Quadrant 2,1,2,53,,#FF0000,0,204.63253176433386,5
image_93.png,5,False,406.81541234511985,322.6155740362582,20,#FF0000,Quadrant 4,2,2,53,,#FF0000,0,308.6885210898593,5
image_93.png,5,False,39.703757972511355,246.60021234212635,20,#FF0000,Quadrant 3,2,1,53,,#FF0000,0,348.9032919799711,5
image_93.png,5,False,40.62556688986741,337.22920447237084,20,#FF0000,Quadrant 3,2,1,53,,#FF0000,0,192.04061713023393,5
image_93.png,5,False,642.9724769841677,369.1634523745831,20,#FF0000,Quadrant 4,2,2,53,,#FF0000,0,166.8486714778399,5
image_93.png,5,False,466.8329055654855,108.44446146994123,20,#FF0000,Quadrant 2,1,2,53,,#FF0000,0,336.4001127056723,5
image_93.png,5,False,445.1833360558688,370.78768758333854,20,#FF0000,Quadrant 4,2,2,53,,#FF0000,0,98.40756113330778,5
image_93.png,5,False,207.936857438071,221.4843295505609,20,#FF0000,Quadrant 3,2,1,53,,#FF0000,0,15.784108898402703,5
image_93.png,5,False,488.8117100863222,360.92551188546986,20,#FF0000,Quadrant 4,2,2,53,,#FF0000,0,217.7909632127413,5
image_93.png,5,False,73.39786605299332,221.71154190717348,20,#FF0000,Quadrant 3,2,1,53,,#FF0000,0,81.04646045689354,5
image_93.png,5,False,444.5535837070598,211.1103724382415,20,#FF0000,Quadrant 4,2,2,53,,#FF0000,0,140.14427397571413,5
image_93.png,5,False,589.048710833414,117.97027045540261,20,#FF0000,Quadrant 2,1,2,53,,#FF0000,0,102.02167122865771,5
image_93.png,5,False,686.4617750557774,70.3082995393075,20,#FF0000,Quadrant 2,1,2,53,,#FF0000,0,118.86166977382662,5
image_93.png,5,False,558.2051557863952,151.23598932084624,20,#FF0000,Quadrant 2,1,2,53,,#FF0000,0,60.43463390292574,5
image_93.png,5,False,435.78986635866494,30.78184571140397,20,#FF0000,Quadrant 2,1,2,53,,#FF0000,0,44.40526975390643,5
image_93.png,5,False,272.7415730604331,99.72935569639368,20,#FF0000,Quadrant 1,1,1,53,,#FF0000,0,251.7880861957702,5
image_93.png,5,False,81.65620977940102,169.7596510026957,20,#FF0000,Quadrant 1,1,1,53,,#FF0000,0,292.1823524461684,5
image_93.png,5,False,320.29880821022607,253.0511566572752,20,#FF0000,Quadrant 3,2,1,53,,#FF0000,0,3.774601121841128,5
image_93.png,5,False,632.33856145976,164.5077001009985,20,#FF0000,Quadrant 2,1,2,53,,#FF0000,0,272.79699528050253,5
image_93.png,5,False,254.43711112474162,386.84736892410814,20,#FF0000,Quadrant 3,2,1,53,,#FF0000,0,47.189458242256336,5
image_93.png,5,False,262.59932350905456,37.84036482531901,20,#FF0000,Quadrant 1,1,1,53,,#FF0000,0,131.7500920700165,5
image_93.png,5,False,480.13683003939366,36.647884657836045,20,#FF0000,Quadrant 2,1,2,53,,#FF0000,0,343.76141899568734,5
image_93.png,5,False,511.1007977082057,370.5262682295054,20,#FF0000,Quadrant 4,2,2,53,,#FF0000,0,82.94380727842943,5
image_93.png,5,False,373.7993604554681,227.2468489659943,20,#FF0000,Quadrant 4,2,2,53,,#FF0000,0,19.428691900297675,5
image_93.png,5,False,134.49824751280084,125.23996073283367,20,#FF0000,Quadrant 1,1,1,53,,#FF0000,0,134.43108503834512,5
image_93.png,5,False,418.0133953831174,127.26930018666107,20,#FF0000,Quadrant 2,1,2,53,,#FF0000,0,75.30797547330096,5
image_93.png,5,False,50.0073245238693,152.89219306515028,20,#FF0000,Quadrant 1,1,1,53,,#FF0000,0,204.18034565095144,5
image_93.png,5,False,524.5375401805175,91.81419158498868,20,#FF0000,Quadrant 2,1,2,53,,#FF0000,0,95.1171954236347,5
image_93.png,5,False,231.39316632925912,365.93031338811124,20,#FF0000,Quadrant 3,2,1,53,,#FF0000,0,244.8033870175047,5
image_93.png,5,False,405.5692944767605,288.9584129022198,20,#FF0000,Quadrant 4,2,2,53,,#FF0000,0,165.68460288881485,5
image_93.png,5,False,653.42765510475,251.8710552123843,20,#FF0000,Quadrant 4,2,2,53,,#FF0000,0,273.049657281301,5
image_93.png,5,False,310.5270607209803,292.07865789595036,20,#FF0000,Quadrant 3,2,1,53,,#FF0000,0,191.34615557811753,5
image_93.png,5,False,506.04984103724536,230.5183790266324,20,#FF0000,Quadrant 4,2,2,53,,#FF0000,0,108.12392462149607,5
image_93.png,5,False,618.0825826379912,280.69660041890495,20,#FF0000,Quadrant 4,2,2,53,,#FF0000,0,84.61852632560566,5
image_93.png,5,False,668.8886029181244,152.46851080327693,20,#FF0000,Quadrant 2,1,2,53,,#FF0000,0,142.55570647789463,5
image_93.png,5,False,542.9057524202145,377.8751445100563,20,#FF0000,Quadrant 4,2,2,53,,#FF0000,0,168.73467130738027,5
image_93.png,5,False,489.21076494848074,331.379558288977,20,#FF0000,Quadrant 4,2,2,53,,#FF0000,0,357.77531078899744,5
image_93.png,5,False,72.11580445229968,111.30578130758049,20,#FF0000,Quadrant 1,1,1,53,,#FF0000,0,288.4639908609775,5
image_93.png,5,False,566.1346726239178,48.89888031083507,20,#FF0000,Quadrant 2,1,2,53,,#FF0000,0,307.99392522985113,5
image_94.png,2,True,426.790825090988,174.47995351845358,20,#FF0000,Quadrant 2,1,2,24,140,#FF0000,0,59.01926554137492,4
image_94.png,5,False,141.67141536521015,319.96953194068476,20,#FF0000,Quadrant 3,2,1,24,,#FF0000,0,87.0823821285739,4
image_94.png,5,False,102.81711934447024,224.76747096593812,20,#FF0000,Quadrant 3,2,1,24,,#FF0000,0,283.0082327555153,4
image_94.png,5,False,210.18702061849496,26.089051651391124,20,#FF0000,Quadrant 1,1,1,24,,#FF0000,0,309.81995273943323,4
image_94.png,5,False,645.9544124744303,132.776485597697,20,#FF0000,Quadrant 2,1,2,24,,#FF0000,0,312.68778444708556,4
image_94.png,5,False,572.8637567907984,364.34355905556714,20,#FF0000,Quadrant 4,2,2,24,,#FF0000,0,274.7111637815209,4
image_94.png,5,False,328.0704486452546,244.34375224171754,20,#FF0000,Quadrant 3,2,1,24,,#FF0000,0,322.4770276777018,4
image_94.png,5,False,139.72701545774896,73.49772661964526,20,#FF0000,Quadrant 1,1,1,24,,#FF0000,0,213.74615546305992,4
image_94.png,5,False,174.12563456984736,363.6936733576883,20,#FF0000,Quadrant 3,2,1,24,,#FF0000,0,170.42319395125378,4
image_94.png,5,False,507.7208053585748,338.90222038194423,20,#FF0000,Quadrant 4,2,2,24,,#FF0000,0,57.40331560805717,4
image_94.png,5,False,43.19979189454919,101.07682294630985,20,#FF0000,Quadrant 1,1,1,24,,#FF0000,0,234.61400308198398,4
image_94.png,5,False,407.3346066304399,106.0149068112944,20,#FF0000,Quadrant 2,1,2,24,,#FF0000,0,65.64991956806772,4
image_94.png,5,False,55.96321851491777,244.16829365047641,20,#FF0000,Quadrant 3,2,1,24,,#FF0000,0,356.96711093223,4
image_94.png,5,False,561.0812352799175,206.1484317289614,20,#FF0000,Quadrant 4,2,2,24,,#FF0000,0,82.06314976522575,4
image_94.png,5,False,157.35587682196754,123.23668008279381,20,#FF0000,Quadrant 1,1,1,24,,#FF0000,0,105.60062922379403,4
image_94.png,5,False,427.6038210257281,209.5525279675022,20,#FF0000,Quadrant 4,2,2,24,,#FF0000,0,237.54344720703926,4
image_94.png,5,False,17.264933258221614,265.268447180663,20,#FF0000,Quadrant 3,2,1,24,,#FF0000,0,320.20487650423377,4
image_94.png,5,False,232.2255817795559,42.791200847034474,20,#FF0000,Quadrant 1,1,1,24,,#FF0000,0,119.30379282799498,4
image_94.png,5,False,486.44001026231416,58.944661803188005,20,#FF0000,Quadrant 2,1,2,24,,#FF0000,0,303.38680548028975,4
image_94.png,5,False,641.3238957449855,178.28978553655458,20,#FF0000,Quadrant 2,1,2,24,,#FF0000,0,140.04144803232265,4
image_94.png,5,False,486.2213420632735,246.24290688520918,20,#FF0000,Quadrant 4,2,2,24,,#FF0000,0,157.11030337677778,4
image_94.png,5,False,672.0254294601348,57.99186468969125,20,#FF0000,Quadrant 2,1,2,24,,#FF0000,0,72.62622325421188,4
image_94.png,5,False,584.4810724781195,309.0917152574866,20,#FF0000,Quadrant 4,2,2,24,,#FF0000,0,1.3608635811772851,4
image_94.png,5,False,511.1978551879068,275.54081606055945,20,#FF0000,Quadrant 4,2,2,24,,#FF0000,0,149.10028933892403,4
image_94.png,5,False,285.51534924541755,362.0031595447873,20,#FF0000,Quadrant 3,2,1,24,,#FF0000,0,12.157168565533919,4
image_95.png,2,True,648.6785273703135,178.43503912764584,20,#FF0000,Quadrant 2,1,2,94,140,#FF0000,0,172.1312866373343,6
image_95.png,5,False,260.07778838333485,100.97919718217037,20,#FF0000,Quadrant 1,1,1,94,,#FF0000,0,74.64073390561498,6
image_95.png,5,False,241.8550190128079,129.3865520660433,20,#FF0000,Quadrant 1,1,1,94,,#FF0000,0,287.12536284654703,6
image_95.png,5,False,559.5465807886292,62.13283325885204,20,#FF0000,Quadrant 2,1,2,94,,#FF0000,0,224.60577563369577,6
image_95.png,5,False,512.541101022058,25.21036689012037,20,#FF0000,Quadrant 2,1,2,94,,#FF0000,0,103.55902009109529,6
image_95.png,5,False,498.85295401502543,286.155490594194,20,#FF0000,Quadrant 4,2,2,94,,#FF0000,0,170.25003287785307,6
image_95.png,5,False,352.7846424594619,17.993993336709256,20,#FF0000,Quadrant 1,1,1,94,,#FF0000,0,47.619512105066086,6
image_95.png,5,False,310.2525674929045,306.4074627962326,20,#FF0000,Quadrant 3,2,1,94,,#FF0000,0,233.2813548496006,6
image_95.png,5,False,126.06608444386003,182.40149394313798,20,#FF0000,Quadrant 1,1,1,94,,#FF0000,0,132.0565988293457,6
image_95.png,5,False,403.16133676481667,11.914895014629334,20,#FF0000,Quadrant 2,1,2,94,,#FF0000,0,49.57923720516333,6
image_95.png,5,False,583.1500498218223,16.213905293993037,20,#FF0000,Quadrant 2,1,2,94,,#FF0000,0,333.34075059512236,6
image_95.png,5,False,497.8394729266566,83.16408237988796,20,#FF0000,Quadrant 2,1,2,94,,#FF0000,0,14.403535487053492,6
image_95.png,5,False,687.6750965182184,250.76265683879637,20,#FF0000,Quadrant 4,2,2,94,,#FF0000,0,183.0083969119899,6
image_95.png,5,False,661.3035167235065,344.7884311904417,20,#FF0000,Quadrant 4,2,2,94,,#FF0000,0,285.789705302165,6
image_95.png,5,False,662.7004773885627,286.5349756093926,20,#FF0000,Quadrant 4,2,2,94,,#FF0000,0,286.3668696169106,6
image_95.png,5,False,319.545676694409,130.09316500212822,20,#FF0000,Quadrant 1,1,1,94,,#FF0000,0,101.78082143160381,6
image_95.png,5,False,414.89037831804546,50.49615859678115,20,#FF0000,Quadrant 2,1,2,94,,#FF0000,0,174.85243493652337,6
image_95.png,5,False,686.8677856809973,275.2155052802579,20,#FF0000,Quadrant 4,2,2,94,,#FF0000,0,333.1121399874401,6
image_95.png,5,False,344.7552206498306,228.0912259743139,20,#FF0000,Quadrant 3,2,1,94,,#FF0000,0,205.46384546593433,6
image_95.png,5,False,202.40168976199797,387.96270616429535,20,#FF0000,Quadrant 3,2,1,94,,#FF0000,0,195.00603865760777,6
image_95.png,5,False,188.54666088173758,356.4522400862935,20,#FF0000,Quadrant 3,2,1,94,,#FF0000,0,284.2536478330139,6
image_95.png,5,False,34.68899094322367,290.75508824321236,20,#FF0000,Quadrant 3,2,1,94,,#FF0000,0,182.19099576629517,6
image_95.png,5,False,494.81597555801415,261.1750837746936,20,#FF0000,Quadrant 4,2,2,94,,#FF0000,0,101.55443232504679,6
image_95.png,5,False,298.27574757507756,340.7646668032112,20,#FF0000,Quadrant 3,2,1,94,,#FF0000,0,51.45208281633689,6
image_95.png,5,False,98.88814055772106,292.72399014293546,20,#FF0000,Quadrant 3,2,1,94,,#FF0000,0,106.77558718571191,6
image_95.png,5,False,188.2520793632174,155.0202748353799,20,#FF0000,Quadrant 1,1,1,94,,#FF0000,0,351.12948039600207,6
image_95.png,5,False,119.13749922898495,218.16390192064347,20,#FF0000,Quadrant 3,2,1,94,,#FF0000,0,47.07442608702142,6
image_95.png,5,False,617.6783450670307,315.50983798538476,20,#FF0000,Quadrant 4,2,2,94,,#FF0000,0,253.39995307059385,6
image_95.png,5,False,608.379497544081,50.43651122277783,20,#FF0000,Quadrant 2,1,2,94,,#FF0000,0,26.86673997187492,6
image_95.png,5,False,398.483182718525,139.30614195895078,20,#FF0000,Quadrant 2,1,2,94,,#FF0000,0,221.73042553509765,6
image_95.png,5,False,13.813719422850294,38.682531110696786,20,#FF0000,Quadrant 1,1,1,94,,#FF0000,0,90.53201888398905,6
image_95.png,5,False,312.04985645982856,275.2264585595911,20,#FF0000,Quadrant 3,2,1,94,,#FF0000,0,246.62015886720127,6
image_95.png,5,False,123.54749943105345,354.8360092267024,20,#FF0000,Quadrant 3,2,1,94,,#FF0000,0,330.91425653728817,6
image_95.png,5,False,353.92061350358995,76.25224867833191,20,#FF0000,Quadrant 1,1,1,94,,#FF0000,0,109.50688256365697,6
image_95.png,5,False,449.8757332589702,139.9010054344494,20,#FF0000,Quadrant 2,1,2,94,,#FF0000,0,320.22133539983497,6
image_95.png,5,False,525.3545140643927,274.1194830824492,20,#FF0000,Quadrant 4,2,2,94,,#FF0000,0,257.44767610724455,6
image_95.png,5,False,364.7269645968676,200.4486749690948,20,#FF0000,Quadrant 4,2,2,94,,#FF0000,0,23.117033727527456,6
image_95.png,5,False,676.0165939831812,88.50116729881586,20,#FF0000,Quadrant 2,1,2,94,,#FF0000,0,50.88377391724015,6
image_95.png,5,False,387.218954526736,193.60381196328726,20,#FF0000,Quadrant 2,1,2,94,,#FF0000,0,189.3094530065775,6
image_95.png,5,False,387.64566908831847,331.47598573317026,20,#FF0000,Quadrant 4,2,2,94,,#FF0000,0,118.73800185781128,6
image_95.png,5,False,370.76585909045406,156.31063805271503,20,#FF0000,Quadrant 2,1,2,94,,#FF0000,0,24.261313823281387,6
image_95.png,5,False,453.6369002311204,162.50771136319705,20,#FF0000,Quadrant 2,1,2,94,,#FF0000,0,91.95041810864534,6
image_95.png,5,False,678.32260206887,158.95487005458426,20,#FF0000,Quadrant 2,1,2,94,,#FF0000,0,350.08794988052955,6
image_95.png,5,False,234.62686418780143,172.92814796844158,20,#FF0000,Quadrant 1,1,1,94,,#FF0000,0,271.09380397648613,6
image_95.png,5,False,196.57493509290546,303.96677004682084,20,#FF0000,Quadrant 3,2,1,94,,#FF0000,0,159.7762020265428,6
image_95.png,5,False,619.7963046232502,215.7159673367815,20,#FF0000,Quadrant 4,2,2,94,,#FF0000,0,139.25540558552134,6
image_95.png,5,False,149.7167920554827,314.90631330837914,20,#FF0000,Quadrant 3,2,1,94,,#FF0000,0,160.11864912137017,6
image_95.png,5,False,385.12923692833544,227.94557449714486,20,#FF0000,Quadrant 4,2,2,94,,#FF0000,0,18.250304923861094,6
image_95.png,5,False,68.6513973527227,162.49335891045928,20,#FF0000,Quadrant 1,1,1,94,,#FF0000,0,50.65519474584684,6
image_95.png,5,False,320.78720885917875,202.48248536587556,20,#FF0000,Quadrant 3,2,1,94,,#FF0000,0,114.71612351897181,6
image_95.png,5,False,238.74479965114352,262.5626638705005,20,#FF0000,Quadrant 3,2,1,94,,#FF0000,0,342.38996818663105,6
image_95.png,5,False,285.6334797902731,134.90018624147604,20,#FF0000,Quadrant 1,1,1,94,,#FF0000,0,188.18586573696058,6
image_95.png,5,False,623.154098473816,144.0805944781986,20,#FF0000,Quadrant 2,1,2,94,,#FF0000,0,273.113648660858,6
image_95.png,5,False,15.718677804148493,157.06480285515568,20,#FF0000,Quadrant 1,1,1,94,,#FF0000,0,98.85498048409457,6
image_95.png,5,False,600.6710741854755,121.06231300745073,20,#FF0000,Quadrant 2,1,2,94,,#FF0000,0,291.00838475781393,6
image_95.png,5,False,84.38633940399737,77.19728457250156,20,#FF0000,Quadrant 1,1,1,94,,#FF0000,0,91.92743895228651,6
image_95.png,5,False,219.44770801177876,36.97279309481088,20,#FF0000,Quadrant 1,1,1,94,,#FF0000,0,92.40761213128972,6
image_95.png,5,False,432.4077953578621,363.6563728595384,20,#FF0000,Quadrant 4,2,2,94,,#FF0000,0,184.42517706708782,6
image_95.png,5,False,563.3544125429744,325.9450579304161,20,#FF0000,Quadrant 4,2,2,94,,#FF0000,0,1.777779249394702,6
image_95.png,5,False,291.1032302936233,213.00722214047732,20,#FF0000,Quadrant 3,2,1,94,,#FF0000,0,72.572731901274,6
image_95.png,5,False,364.15293708697857,99.21809476760042,20,#FF0000,Quadrant 2,1,2,94,,#FF0000,0,153.28821842458757,6
image_95.png,5,False,24.69722002961032,103.66685317682547,20,#FF0000,Quadrant 1,1,1,94,,#FF0000,0,22.8682685118072,6
image_95.png,5,False,117.02532682817797,91.19676822273831,20,#FF0000,Quadrant 1,1,1,94,,#FF0000,0,337.1795250207276,6
image_95.png,5,False,52.86580128553499,28.09397711891339,20,#FF0000,Quadrant 1,1,1,94,,#FF0000,0,231.47559127238694,6
image_95.png,5,False,514.8808670969629,215.33067616174526,20,#FF0000,Quadrant 4,2,2,94,,#FF0000,0,249.72714364381457,6
image_95.png,5,False,164.88045743065615,382.61908359895375,20,#FF0000,Quadrant 3,2,1,94,,#FF0000,0,264.91841161610694,6
image_95.png,5,False,409.5082321565443,231.70731801628858,20,#FF0000,Quadrant 4,2,2,94,,#FF0000,0,96.88133508317492,6
image_95.png,5,False,56.62113379322249,240.59796178183174,20,#FF0000,Quadrant 3,2,1,94,,#FF0000,0,155.9730093901546,6
image_95.png,5,False,609.0565273981738,358.4939424726346,20,#FF0000,Quadrant 4,2,2,94,,#FF0000,0,214.69559263083883,6
image_95.png,5,False,693.1324867331846,220.88021862192815,20,#FF0000,Quadrant 4,2,2,94,,#FF0000,0,98.18495214871113,6
image_95.png,5,False,260.8166167749969,241.35051274429318,20,#FF0000,Quadrant 3,2,1,94,,#FF0000,0,39.42571577063329,6
image_95.png,5,False,216.8898128267058,356.632981151087,20,#FF0000,Quadrant 3,2,1,94,,#FF0000,0,189.58563569743708,6
image_95.png,5,False,254.86292543388214,302.08797398767047,20,#FF0000,Quadrant 3,2,1,94,,#FF0000,0,167.05392981821166,6
image_95.png,5,False,350.0865115383109,384.4099921328433,20,#FF0000,Quadrant 3,2,1,94,,#FF0000,0,270.64514554194045,6
image_95.png,5,False,20.75674074010864,132.6661316629075,20,#FF0000,Quadrant 1,1,1,94,,#FF0000,0,350.5257671633445,6
image_95.png,5,False,667.851821657195,227.60805655240404,20,#FF0000,Quadrant 4,2,2,94,,#FF0000,0,230.47913245929018,6
image_95.png,5,False,388.92118805731417,64.05450104677297,20,#FF0000,Quadrant 2,1,2,94,,#FF0000,0,226.05743344170307,6
image_95.png,5,False,11.750844934251909,282.11182914095144,20,#FF0000,Quadrant 3,2,1,94,,#FF0000,0,353.73277303271516,6
image_95.png,5,False,563.185806354298,377.4509303273916,20,#FF0000,Quadrant 4,2,2,94,,#FF0000,0,308.3808393474387,6
image_95.png,5,False,376.4774154254802,379.53382577227785,20,#FF0000,Quadrant 4,2,2,94,,#FF0000,0,127.35872423712257,6
image_95.png,5,False,333.89559931862016,330.17716121676284,20,#FF0000,Quadrant 3,2,1,94,,#FF0000,0,313.5615689033449,6
image_95.png,5,False,167.64943558274405,224.01108006589467,20,#FF0000,Quadrant 3,2,1,94,,#FF0000,0,55.28334807390604,6
image_95.png,5,False,463.1948499958024,36.21021473480346,20,#FF0000,Quadrant 2,1,2,94,,#FF0000,0,341.50287539455564,6
image_95.png,5,False,519.3538999048844,386.51647066788513,20,#FF0000,Quadrant 4,2,2,94,,#FF0000,0,323.76745844729135,6
image_95.png,5,False,530.9294675944235,59.81357505306185,20,#FF0000,Quadrant 2,1,2,94,,#FF0000,0,180.30969193513394,6
image_95.png,5,False,553.0417159118965,207.55989386359863,20,#FF0000,Quadrant 4,2,2,94,,#FF0000,0,218.294582927227,6
image_95.png,5,False,300.57611010723224,103.49379101733616,20,#FF0000,Quadrant 1,1,1,94,,#FF0000,0,38.1676292821657,6
image_95.png,5,False,453.90644737668043,284.1320537580883,20,#FF0000,Quadrant 4,2,2,94,,#FF0000,0,11.206070074873535,6
image_95.png,5,False,440.04758709219556,116.82143292316883,20,#FF0000,Quadrant 2,1,2,94,,#FF0000,0,135.62779439922676,6
image_95.png,5,False,78.97465995082405,382.26788246352277,20,#FF0000,Quadrant 3,2,1,94,,#FF0000,0,185.88734474423012,6
image_95.png,5,False,647.1695039990321,312.73057033812,20,#FF0000,Quadrant 4,2,2,94,,#FF0000,0,292.30690919359904,6
image_95.png,5,False,398.99410668201733,167.61275597989672,20,#FF0000,Quadrant 2,1,2,94,,#FF0000,0,295.8128294524466,6
image_95.png,5,False,586.9871592829008,363.8872635283649,20,#FF0000,Quadrant 4,2,2,94,,#FF0000,0,197.55337248548216,6
image_95.png,5,False,173.30536321545833,184.94358079153722,20,#FF0000,Quadrant 1,1,1,94,,#FF0000,0,334.0263788029143,6
image_95.png,5,False,662.6836353996252,21.196501468890133,20,#FF0000,Quadrant 2,1,2,94,,#FF0000,0,224.8825688729531,6
image_96.png,2,True,168.09130435348786,267.7790505051931,20,#FF0000,Quadrant 3,2,1,20,140,#FF0000,0,318.2052482787863,4
image_96.png,5,False,35.74306851705815,318.14442639876705,20,#FF0000,Quadrant 3,2,1,20,,#FF0000,0,206.35519013092699,4
image_96.png,5,False,306.17675109931037,322.4425396106613,20,#FF0000,Quadrant 3,2,1,20,,#FF0000,0,274.6476941723956,4
image_96.png,5,False,503.2680097709842,248.2658313294808,20,#FF0000,Quadrant 4,2,2,20,,#FF0000,0,314.2515960917112,4
image_96.png,5,False,473.3870870040811,219.7275272611878,20,#FF0000,Quadrant 4,2,2,20,,#FF0000,0,161.28755822797396,4
image_96.png,5,False,689.2727754989772,230.5896378463445,20,#FF0000,Quadrant 4,2,2,20,,#FF0000,0,291.5711308104214,4
image_96.png,5,False,59.64430877630122,310.0213151743581,20,#FF0000,Quadrant 3,2,1,20,,#FF0000,0,253.17609945994937,4
image_96.png,5,False,227.31857568218967,87.55446754608825,20,#FF0000,Quadrant 1,1,1,20,,#FF0000,0,151.45893706905724,4
image_96.png,5,False,692.3058814926163,343.0834649274516,20,#FF0000,Quadrant 4,2,2,20,,#FF0000,0,188.9392744590477,4
image_96.png,5,False,441.1531932600073,26.04120423384996,20,#FF0000,Quadrant 2,1,2,20,,#FF0000,0,196.0725837549812,4
image_96.png,5,False,155.78021824246474,205.3631905694661,20,#FF0000,Quadrant 3,2,1,20,,#FF0000,0,162.87588916436513,4
image_96.png,5,False,55.64855290025063,197.774526340929,20,#FF0000,Quadrant 1,1,1,20,,#FF0000,0,126.98725081940583,4
image_96.png,5,False,411.33027986751836,150.7064884808115,20,#FF0000,Quadrant 2,1,2,20,,#FF0000,0,20.908129221331198,4
image_96.png,5,False,536.0907562651558,248.07688094414232,20,#FF0000,Quadrant 4,2,2,20,,#FF0000,0,355.5238373508216,4
image_96.png,5,False,580.6474435992573,90.4169997505066,20,#FF0000,Quadrant 2,1,2,20,,#FF0000,0,60.35337586548424,4
image_96.png,5,False,363.57951361260916,166.3674177648665,20,#FF0000,Quadrant 2,1,2,20,,#FF0000,0,94.88683609796949,4
image_96.png,5,False,604.3974970145308,373.6852631597668,20,#FF0000,Quadrant 4,2,2,20,,#FF0000,0,189.04450541904188,4
image_96.png,5,False,285.6310452865025,68.05444236015254,20,#FF0000,Quadrant 1,1,1,20,,#FF0000,0,246.6892231437206,4
image_96.png,5,False,480.3872864689336,79.19373464053241,20,#FF0000,Quadrant 2,1,2,20,,#FF0000,0,213.72401582966236,4
image_96.png,5,False,240.94660946457768,44.34555915620032,20,#FF0000,Quadrant 1,1,1,20,,#FF0000,0,227.5325413487915,4
image_96.png,5,False,387.7609156946864,69.4714219341767,20,#FF0000,Quadrant 2,1,2,20,,#FF0000,0,316.2578321294549,4
image_97.png,2,True,383.07404718803895,254.27150233293588,20,#FF0000,Quadrant 4,2,2,73,140,#FF0000,0,232.93464961707727,6
image_97.png,5,False,551.2710715480594,48.15416925445988,20,#FF0000,Quadrant 2,1,2,73,,#FF0000,0,305.0404312911538,6
image_97.png,5,False,572.8652681484996,21.036995465066788,20,#FF0000,Quadrant 2,1,2,73,,#FF0000,0,276.1257902396726,6
image_97.png,5,False,15.852516410621769,162.87660719955755,20,#FF0000,Quadrant 1,1,1,73,,#FF0000,0,297.90715765836507,6
image_97.png,5,False,596.5189028038372,236.28442369291866,20,#FF0000,Quadrant 4,2,2,73,,#FF0000,0,257.4967050086933,6
image_97.png,5,False,43.43489527162623,232.5595542034436,20,#FF0000,Quadrant 3,2,1,73,,#FF0000,0,314.3074807720766,6
image_97.png,5,False,547.9623442374178,233.8233280608681,20,#FF0000,Quadrant 4,2,2,73,,#FF0000,0,79.00058398527761,6
image_97.png,5,False,392.20940695712795,348.72998652835054,20,#FF0000,Quadrant 4,2,2,73,,#FF0000,0,51.832268681704996,6
image_97.png,5,False,634.7441720421406,204.3019749113982,20,#FF0000,Quadrant 4,2,2,73,,#FF0000,0,80.60533299270526,6
image_97.png,5,False,311.8579728206409,125.83192723709635,20,#FF0000,Quadrant 1,1,1,73,,#FF0000,0,334.69089795524957,6
image_97.png,5,False,645.7896385479398,102.70673411961337,20,#FF0000,Quadrant 2,1,2,73,,#FF0000,0,324.7632527610936,6
image_97.png,5,False,296.08457081088244,207.0173437442745,20,#FF0000,Quadrant 3,2,1,73,,#FF0000,0,183.97169605721558,6
image_97.png,5,False,166.2223616288499,379.32863557488747,20,#FF0000,Quadrant 3,2,1,73,,#FF0000,0,262.6580586389545,6
image_97.png,5,False,486.7662158784027,16.015948895650713,20,#FF0000,Quadrant 2,1,2,73,,#FF0000,0,121.79492002392382,6
image_97.png,5,False,173.69055988399282,49.390176546023305,20,#FF0000,Quadrant 1,1,1,73,,#FF0000,0,175.26181995282548,6
image_97.png,5,False,565.915197182446,350.7456197484152,20,#FF0000,Quadrant 4,2,2,73,,#FF0000,0,61.49106012546389,6
image_97.png,5,False,233.48127225687165,139.61964451479525,20,#FF0000,Quadrant 1,1,1,73,,#FF0000,0,78.487350315258,6
image_97.png,5,False,592.6246460594108,131.31427844101034,20,#FF0000,Quadrant 2,1,2,73,,#FF0000,0,15.37491206291615,6
image_97.png,5,False,33.55410715416997,58.99782475323541,20,#FF0000,Quadrant 1,1,1,73,,#FF0000,0,243.40289328861672,6
image_97.png,5,False,340.6459496968282,239.12455130621566,20,#FF0000,Quadrant 3,2,1,73,,#FF0000,0,33.70109400843931,6
image_97.png,5,False,164.40149877162605,114.51471673491115,20,#FF0000,Quadrant 1,1,1,73,,#FF0000,0,315.7826759375203,6
image_97.png,5,False,192.48778216396937,128.62590134866247,20,#FF0000,Quadrant 1,1,1,73,,#FF0000,0,295.98048076671665,6
image_97.png,5,False,381.2650947881043,50.565497646946774,20,#FF0000,Quadrant 2,1,2,73,,#FF0000,0,353.4680123871289,6
image_97.png,5,False,55.02117337736395,346.5747621560407,20,#FF0000,Quadrant 3,2,1,73,,#FF0000,0,27.485967219552336,6
image_97.png,5,False,459.81508716721197,276.189944302352,20,#FF0000,Quadrant 4,2,2,73,,#FF0000,0,342.35057934005744,6
image_97.png,5,False,656.0480026102078,380.5996643678155,20,#FF0000,Quadrant 4,2,2,73,,#FF0000,0,270.9153873835383,6
image_97.png,5,False,597.2230893739483,86.01489498783212,20,#FF0000,Quadrant 2,1,2,73,,#FF0000,0,285.58036831150554,6
image_97.png,5,False,575.3843553945225,304.4959698154187,20,#FF0000,Quadrant 4,2,2,73,,#FF0000,0,270.01871751007303,6
image_97.png,5,False,523.3780050711327,231.29058403889016,20,#FF0000,Quadrant 4,2,2,73,,#FF0000,0,216.62657549137768,6
image_97.png,5,False,219.45912759870532,305.0755798907491,20,#FF0000,Quadrant 3,2,1,73,,#FF0000,0,229.97144215157763,6
image_97.png,5,False,336.9167854997063,317.25758569629494,20,#FF0000,Quadrant 3,2,1,73,,#FF0000,0,148.32493537275207,6
image_97.png,5,False,535.5236911318198,98.65915669302827,20,#FF0000,Quadrant 2,1,2,73,,#FF0000,0,8.90630162799801,6
image_97.png,5,False,510.95854067756886,172.50917895531953,20,#FF0000,Quadrant 2,1,2,73,,#FF0000,0,277.9744231132644,6
image_97.png,5,False,433.4644741937244,192.35148527206522,20,#FF0000,Quadrant 2,1,2,73,,#FF0000,0,337.5474218167105,6
image_97.png,5,False,359.6559932086815,89.74217120060567,20,#FF0000,Quadrant 2,1,2,73,,#FF0000,0,273.01770373805823,6
image_97.png,5,False,642.8105851438271,238.33674573886805,20,#FF0000,Quadrant 4,2,2,73,,#FF0000,0,163.08216701679416,6
image_97.png,5,False,112.49117498468203,177.01088898085874,20,#FF0000,Quadrant 1,1,1,73,,#FF0000,0,253.1882911992787,6
image_97.png,5,False,500.65188297634495,62.67454930801227,20,#FF0000,Quadrant 2,1,2,73,,#FF0000,0,267.4941065536129,6
image_97.png,5,False,220.662546058783,72.87006351695545,20,#FF0000,Quadrant 1,1,1,73,,#FF0000,0,253.8794776669142,6
image_97.png,5,False,694.9463429627667,151.93665276521168,20,#FF0000,Quadrant 2,1,2,73,,#FF0000,0,135.32949557627077,6
image_97.png,5,False,442.8850450372605,107.12142703825006,20,#FF0000,Quadrant 2,1,2,73,,#FF0000,0,197.99647543508866,6
image_97.png,5,False,309.2408431559787,158.06512714221435,20,#FF0000,Quadrant 1,1,1,73,,#FF0000,0,89.07801099053069,6
image_97.png,5,False,594.2791760152542,279.0091762709757,20,#FF0000,Quadrant 4,2,2,73,,#FF0000,0,286.0952962811905,6
image_97.png,5,False,512.0100933483731,141.55247361107138,20,#FF0000,Quadrant 2,1,2,73,,#FF0000,0,139.95943444674424,6
image_97.png,5,False,256.7915050711191,118.13859873871549,20,#FF0000,Quadrant 1,1,1,73,,#FF0000,0,227.58822326383503,6
image_97.png,5,False,651.1414992371514,54.43392774861027,20,#FF0000,Quadrant 2,1,2,73,,#FF0000,0,335.48085430566584,6
image_97.png,5,False,13.023859269661452,15.962357569181403,20,#FF0000,Quadrant 1,1,1,73,,#FF0000,0,22.911127501005247,6
image_97.png,5,False,125.08793967216944,205.1484676088754,20,#FF0000,Quadrant 3,2,1,73,,#FF0000,0,58.16230746449188,6
image_97.png,5,False,208.52200987983187,388.4078972740274,20,#FF0000,Quadrant 3,2,1,73,,#FF0000,0,300.2865062609694,6
image_97.png,5,False,536.8504482850279,327.67975602572335,20,#FF0000,Quadrant 4,2,2,73,,#FF0000,0,82.05356898594518,6
image_97.png,5,False,277.37013640735876,347.17777720198654,20,#FF0000,Quadrant 3,2,1,73,,#FF0000,0,240.35267869103382,6
image_97.png,5,False,186.79527772306366,223.6071197605398,20,#FF0000,Quadrant 3,2,1,73,,#FF0000,0,253.88402382051598,6
image_97.png,5,False,569.6834461754315,119.78898271742395,20,#FF0000,Quadrant 2,1,2,73,,#FF0000,0,249.83814459493175,6
image_97.png,5,False,99.50996285332384,317.31793217188846,20,#FF0000,Quadrant 3,2,1,73,,#FF0000,0,264.9398437041087,6
image_97.png,5,False,380.3140163726502,120.09666741756743,20,#FF0000,Quadrant 2,1,2,73,,#FF0000,0,309.39428810130784,6
image_97.png,5,False,177.29981792035233,87.08474538703186,20,#FF0000,Quadrant 1,1,1,73,,#FF0000,0,229.29189114936779,6
image_97.png,5,False,570.4044428350528,171.55639838828836,20,#FF0000,Quadrant 2,1,2,73,,#FF0000,0,336.3256055885691,6
image_97.png,5,False,250.68992447711076,363.6073025849483,20,#FF0000,Quadrant 3,2,1,73,,#FF0000,0,306.98685667208855,6
image_97.png,5,False,270.82987852929006,184.75892429454024,20,#FF0000,Quadrant 1,1,1,73,,#FF0000,0,67.89874098913222,6
image_97.png,5,False,64.71411108248316,63.74984382845723,20,#FF0000,Quadrant 1,1,1,73,,#FF0000,0,156.78265916494084,6
image_97.png,5,False,282.57370534257177,101.91289692402236,20,#FF0000,Quadrant 1,1,1,73,,#FF0000,0,112.84113339169305,6
image_97.png,5,False,665.6394930859256,23.12307282398273,20,#FF0000,Quadrant 2,1,2,73,,#FF0000,0,62.602588922312684,6
image_97.png,5,False,588.579699756176,61.51573555960251,20,#FF0000,Quadrant 2,1,2,73,,#FF0000,0,285.6361757639845,6
image_97.png,5,False,162.7041735806323,242.98561521179087,20,#FF0000,Quadrant 3,2,1,73,,#FF0000,0,251.6214152603254,6
image_97.png,5,False,60.86329408626977,384.6785752245043,20,#FF0000,Quadrant 3,2,1,73,,#FF0000,0,195.91842781202806,6
image_97.png,5,False,680.673050483365,220.3087055938491,20,#FF0000,Quadrant 4,2,2,73,,#FF0000,0,261.0712894616911,6
image_97.png,5,False,337.8292063956284,181.9843299850328,20,#FF0000,Quadrant 1,1,1,73,,#FF0000,0,5.812344504620457,6
image_97.png,5,False,114.15703584978714,126.07419455317815,20,#FF0000,Quadrant 1,1,1,73,,#FF0000,0,25.980054422193888,6
image_97.png,5,False,156.57795012757788,304.65461682122276,20,#FF0000,Quadrant 3,2,1,73,,#FF0000,0,222.0413039558653,6
image_97.png,5,False,270.680060644002,30.86258619723099,20,#FF0000,Quadrant 1,1,1,73,,#FF0000,0,312.67933615476943,6
image_97.png,5,False,180.72336460907454,295.1077874487264,20,#FF0000,Quadrant 3,2,1,73,,#FF0000,0,197.85076989339913,6
image_97.png,5,False,517.4591673036409,253.99573394780043,20,#FF0000,Quadrant 4,2,2,73,,#FF0000,0,270.1577068002038,6
image_97.png,5,False,447.6232122087117,145.57367886782347,20,#FF0000,Quadrant 2,1,2,73,,#FF0000,0,321.70604452820567,6
image_97.png,5,False,429.81275203818115,20.951155645947548,20,#FF0000,Quadrant 2,1,2,73,,#FF0000,0,33.365358617208884,6
image_98.png,2,True,681.2610859294424,291.8355162069041,20,#FF0000,Quadrant 4,2,2,71,140,#FF0000,0,116.41549409101046,6
image_98.png,5,False,54.78311178841046,283.9184146074575,20,#FF0000,Quadrant 3,2,1,71,,#FF0000,0,120.42811992450818,6
image_98.png,5,False,656.4491024438813,377.10957883649,20,#FF0000,Quadrant 4,2,2,71,,#FF0000,0,74.98305692842344,6
image_98.png,5,False,648.5727622868523,107.69919874334205,20,#FF0000,Quadrant 2,1,2,71,,#FF0000,0,280.6155188670562,6
image_98.png,5,False,342.4855755338802,79.2546809736061,20,#FF0000,Quadrant 1,1,1,71,,#FF0000,0,197.75753903209318,6
image_98.png,5,False,168.57004015568452,11.299989563679999,20,#FF0000,Quadrant 1,1,1,71,,#FF0000,0,327.81778747543484,6
image_98.png,5,False,177.18703081583772,99.23470606645621,20,#FF0000,Quadrant 1,1,1,71,,#FF0000,0,168.77591484643656,6
image_98.png,5,False,259.8648745578482,153.8728658139653,20,#FF0000,Quadrant 1,1,1,71,,#FF0000,0,90.9687385935673,6
image_98.png,5,False,582.4969879046338,67.25278862693969,20,#FF0000,Quadrant 2,1,2,71,,#FF0000,0,105.26785678337119,6
image_98.png,5,False,190.63219732801682,306.47038170993443,20,#FF0000,Quadrant 3,2,1,71,,#FF0000,0,33.40619743767687,6
image_98.png,5,False,367.25339044971446,233.8859722125084,20,#FF0000,Quadrant 4,2,2,71,,#FF0000,0,164.87583748514894,6
image_98.png,5,False,54.77055745076393,341.6927602450623,20,#FF0000,Quadrant 3,2,1,71,,#FF0000,0,114.05346093264411,6
image_98.png,5,False,20.62120231091395,132.80319006656725,20,#FF0000,Quadrant 1,1,1,71,,#FF0000,0,2.9078023450431445,6
image_98.png,5,False,352.4319609946392,175.59886298046993,20,#FF0000,Quadrant 1,1,1,71,,#FF0000,0,87.78967856386608,6
image_98.png,5,False,144.88591094067556,274.9819951035916,20,#FF0000,Quadrant 3,2,1,71,,#FF0000,0,34.113089330343904,6
image_98.png,5,False,356.9113858830275,33.59477653923773,20,#FF0000,Quadrant 2,1,2,71,,#FF0000,0,289.58081882172326,6
image_98.png,5,False,380.24443797775825,375.78103919277277,20,#FF0000,Quadrant 4,2,2,71,,#FF0000,0,260.3111977190948,6
image_98.png,5,False,153.02386419626103,42.86832292890843,20,#FF0000,Quadrant 1,1,1,71,,#FF0000,0,30.878677310996817,6
image_98.png,5,False,55.731888967510805,97.5015046725028,20,#FF0000,Quadrant 1,1,1,71,,#FF0000,0,33.155716194173266,6
image_98.png,5,False,295.24887753056015,249.63417243412448,20,#FF0000,Quadrant 3,2,1,71,,#FF0000,0,173.29719061069073,6
image_98.png,5,False,21.18489569257889,312.80722431342497,20,#FF0000,Quadrant 3,2,1,71,,#FF0000,0,340.30388420870594,6
image_98.png,5,False,325.2581379491982,28.137505639513684,20,#FF0000,Quadrant 1,1,1,71,,#FF0000,0,27.941846829394642,6
image_98.png,5,False,445.66378557223294,131.9915637968964,20,#FF0000,Quadrant 2,1,2,71,,#FF0000,0,241.69967849507998,6
image_98.png,5,False,238.8305860781626,182.66549409272463,20,#FF0000,Quadrant 1,1,1,71,,#FF0000,0,108.4292278170184,6
image_98.png,5,False,453.5549096801435,257.3417762272676,20,#FF0000,Quadrant 4,2,2,71,,#FF0000,0,19.03645386067489,6
image_98.png,5,False,606.1064187941229,321.7039578747326,20,#FF0000,Quadrant 4,2,2,71,,#FF0000,0,0.8278534665974968,6
image_98.png,5,False,660.0832692637928,78.73981320219833,20,#FF0000,Quadrant 2,1,2,71,,#FF0000,0,25.95671932416841,6
image_98.png,5,False,19.431555148395724,23.564860179693014,20,#FF0000,Quadrant 1,1,1,71,,#FF0000,0,267.49655269550783,6
image_98.png,5,False,48.364356014716776,373.47842557603525,20,#FF0000,Quadrant 3,2,1,71,,#FF0000,0,66.48702673826784,6
image_98.png,5,False,241.9807955326131,255.57806701468354,20,#FF0000,Quadrant 3,2,1,71,,#FF0000,0,155.42539682045833,6
image_98.png,5,False,637.95804024572,18.131683195053647,20,#FF0000,Quadrant 2,1,2,71,,#FF0000,0,339.2571267534002,6
image_98.png,5,False,77.03212878339907,308.9627865998906,20,#FF0000,Quadrant 3,2,1,71,,#FF0000,0,266.72415937786934,6
image_98.png,5,False,292.7029291763554,24.860572866876304,20,#FF0000,Quadrant 1,1,1,71,,#FF0000,0,9.831058869791738,6
image_98.png,5,False,24.155292680591284,382.61328550464174,20,#FF0000,Quadrant 3,2,1,71,,#FF0000,0,203.90032806247697,6
image_98.png,5,False,626.1643163870707,88.79491899049367,20,#FF0000,Quadrant 2,1,2,71,,#FF0000,0,144.6463217794102,6
image_98.png,5,False,107.90751984485625,62.288342597997556,20,#FF0000,Quadrant 1,1,1,71,,#FF0000,0,266.46788348965674,6
image_98.png,5,False,684.3700645008398,60.32586453574541,20,#FF0000,Quadrant 2,1,2,71,,#FF0000,0,83.55858618663208,6
image_98.png,5,False,43.51497153647203,153.80111277743293,20,#FF0000,Quadrant 1,1,1,71,,#FF0000,0,239.34212344435062,6
image_98.png,5,False,76.87238953297222,261.7103465005946,20,#FF0000,Quadrant 3,2,1,71,,#FF0000,0,235.8054158829992,6
image_98.png,5,False,42.94002758623482,39.54869560184727,20,#FF0000,Quadrant 1,1,1,71,,#FF0000,0,221.02172011660787,6
image_98.png,5,False,187.40190119336188,126.95047526829458,20,#FF0000,Quadrant 1,1,1,71,,#FF0000,0,272.9392832129034,6
image_98.png,5,False,80.60880826110606,97.11782116128957,20,#FF0000,Quadrant 1,1,1,71,,#FF0000,0,80.50577824797769,6
image_98.png,5,False,136.07793463192098,154.19866109732456,20,#FF0000,Quadrant 1,1,1,71,,#FF0000,0,62.75135376231515,6
image_98.png,5,False,559.8622721054601,70.84642039202998,20,#FF0000,Quadrant 2,1,2,71,,#FF0000,0,350.22870214304135,6
image_98.png,5,False,206.19937241534717,58.718878372509856,20,#FF0000,Quadrant 1,1,1,71,,#FF0000,0,148.21935746475282,6
image_98.png,5,False,355.91154047409043,123.79559072860106,20,#FF0000,Quadrant 2,1,2,71,,#FF0000,0,109.54053958387202,6
image_98.png,5,False,430.88480325067786,172.85838803480104,20,#FF0000,Quadrant 2,1,2,71,,#FF0000,0,289.4966079835717,6
image_98.png,5,False,192.69541758399257,204.5355569761865,20,#FF0000,Quadrant 3,2,1,71,,#FF0000,0,1.791549789715936,6
image_98.png,5,False,412.9235007470145,145.7982934829705,20,#FF0000,Quadrant 2,1,2,71,,#FF0000,0,262.68570133809993,6
image_98.png,5,False,323.6799590413044,264.2679214999318,20,#FF0000,Quadrant 3,2,1,71,,#FF0000,0,157.41554729735483,6
image_98.png,5,False,390.0509145772205,247.28271538226133,20,#FF0000,Quadrant 4,2,2,71,,#FF0000,0,238.2735646234857,6
image_98.png,5,False,544.559554468597,137.48195399492437,20,#FF0000,Quadrant 2,1,2,71,,#FF0000,0,145.7157088856556,6
image_98.png,5,False,275.3337033650675,373.8104609163062,20,#FF0000,Quadrant 3,2,1,71,,#FF0000,0,63.922912173124935,6
image_98.png,5,False,240.10326485868134,331.1896836986757,20,#FF0000,Quadrant 3,2,1,71,,#FF0000,0,133.53347221811623,6
image_98.png,5,False,553.6110699600921,340.74355342806564,20,#FF0000,Quadrant 4,2,2,71,,#FF0000,0,56.77417973506075,6
image_98.png,5,False,182.70816642475373,331.92049470429606,20,#FF0000,Quadrant 3,2,1,71,,#FF0000,0,133.01060884373766,6
image_98.png,5,False,120.72597639863586,342.94332367851496,20,#FF0000,Quadrant 3,2,1,71,,#FF0000,0,251.2689096742364,6
image_98.png,5,False,506.8589544516126,263.09702755657537,20,#FF0000,Quadrant 4,2,2,71,,#FF0000,0,141.77040633819104,6
image_98.png,5,False,397.66198804233954,275.1245182200753,20,#FF0000,Quadrant 4,2,2,71,,#FF0000,0,121.70299228292848,6
image_98.png,5,False,291.92054851127534,298.99416328648294,20,#FF0000,Quadrant 3,2,1,71,,#FF0000,0,251.89549932879214,6
image_98.png,5,False,408.2682603370033,346.7495988620349,20,#FF0000,Quadrant 4,2,2,71,,#FF0000,0,317.05060180808647,6
image_98.png,5,False,117.172124881739,87.56313416114774,20,#FF0000,Quadrant 1,1,1,71,,#FF0000,0,269.2575598503872,6
image_98.png,5,False,118.93476348830053,183.99796530879632,20,#FF0000,Quadrant 1,1,1,71,,#FF0000,0,170.93558482413468,6
image_98.png,5,False,387.9190250904168,95.90089707423026,20,#FF0000,Quadrant 2,1,2,71,,#FF0000,0,268.1807987772428,6
image_98.png,5,False,381.95753527702556,122.90126789928641,20,#FF0000,Quadrant 2,1,2,71,,#FF0000,0,141.58669727342175,6
image_98.png,5,False,533.8938082043463,308.609900373587,20,#FF0000,Quadrant 4,2,2,71,,#FF0000,0,270.7382723703294,6
image_98.png,5,False,77.2690583708875,336.24788121059595,20,#FF0000,Quadrant 3,2,1,71,,#FF0000,0,27.77902565524726,6
image_98.png,5,False,76.74356207770265,213.72346742391477,20,#FF0000,Quadrant 3,2,1,71,,#FF0000,0,1.464094366688622,6
image_98.png,5,False,343.07978170886565,220.37058768905692,20,#FF0000,Quadrant 3,2,1,71,,#FF0000,0,152.5004235895467,6
image_98.png,5,False,394.03711172571474,63.89654982189722,20,#FF0000,Quadrant 2,1,2,71,,#FF0000,0,256.1682612216147,6
image_98.png,5,False,685.5625120601972,161.5316552390094,20,#FF0000,Quadrant 2,1,2,71,,#FF0000,0,352.5163823671266,6
image_98.png,5,False,526.8303607951638,385.78512579388473,20,#FF0000,Quadrant 4,2,2,71,,#FF0000,0,301.79830440799844,6
image_99.png,2,True,591.4466575461927,123.09126745321353,20,#FF0000,Quadrant 2,1,2,82,140,#FF0000,0,59.20120075267663,6
image_99.png,5,False,152.32410994115457,319.42709768037764,20,#FF0000,Quadrant 3,2,1,82,,#FF0000,0,270.2349438217686,6
image_99.png,5,False,327.9465362098857,293.76335765289247,20,#FF0000,Quadrant 3,2,1,82,,#FF0000,0,215.22525011895976,6
image_99.png,5,False,566.6962461141264,249.37026582604045,20,#FF0000,Quadrant 4,2,2,82,,#FF0000,0,210.62856279169654,6
image_99.png,5,False,594.2251063819696,41.21121652077039,20,#FF0000,Quadrant 2,1,2,82,,#FF0000,0,94.41521243770238,6
image_99.png,5,False,136.0687053304869,167.34512699805944,20,#FF0000,Quadrant 1,1,1,82,,#FF0000,0,240.39704411880246,6
image_99.png,5,False,506.11903936623554,225.38533051268914,20,#FF0000,Quadrant 4,2,2,82,,#FF0000,0,327.97555191797295,6
image_99.png,5,False,293.4886343559772,385.0591542281568,20,#FF0000,Quadrant 3,2,1,82,,#FF0000,0,31.835226292549624,6
image_99.png,5,False,480.84841802362854,219.1660825516748,20,#FF0000,Quadrant 4,2,2,82,,#FF0000,0,9.206932993306252,6
image_99.png,5,False,163.04413801026888,52.93439424352077,20,#FF0000,Quadrant 1,1,1,82,,#FF0000,0,78.64229409626991,6
image_99.png,5,False,279.4546631576383,75.18752367991091,20,#FF0000,Quadrant 1,1,1,82,,#FF0000,0,37.75653350454361,6
image_99.png,5,False,404.57003297638136,53.936481175654315,20,#FF0000,Quadrant 2,1,2,82,,#FF0000,0,282.69620625979195,6
image_99.png,5,False,181.1130760024188,238.41687949640354,20,#FF0000,Quadrant 3,2,1,82,,#FF0000,0,279.3854375081473,6
image_99.png,5,False,34.34838741732696,296.1445280219081,20,#FF0000,Quadrant 3,2,1,82,,#FF0000,0,263.2973785000773,6
image_99.png,5,False,170.58880377209798,378.4397434203104,20,#FF0000,Quadrant 3,2,1,82,,#FF0000,0,70.08747131758707,6
image_99.png,5,False,643.2552523150575,169.48105784476715,20,#FF0000,Quadrant 2,1,2,82,,#FF0000,0,77.55990245525308,6
image_99.png,5,False,562.2741465518374,372.74503960591653,20,#FF0000,Quadrant 4,2,2,82,,#FF0000,0,173.53122440312,6
image_99.png,5,False,558.455911548207,117.38690728867944,20,#FF0000,Quadrant 2,1,2,82,,#FF0000,0,98.50750708619114,6
image_99.png,5,False,386.84625654839823,272.3323165199476,20,#FF0000,Quadrant 4,2,2,82,,#FF0000,0,297.1888515562313,6
image_99.png,5,False,53.77060153338491,37.898016266231465,20,#FF0000,Quadrant 1,1,1,82,,#FF0000,0,31.899926827947375,6
image_99.png,5,False,424.74135089796386,25.24955438032206,20,#FF0000,Quadrant 2,1,2,82,,#FF0000,0,156.29773063737576,6
image_99.png,5,False,637.1009945876469,45.451259011102806,20,#FF0000,Quadrant 2,1,2,82,,#FF0000,0,357.8311852393772,6
image_99.png,5,False,682.995191551267,229.6132405354318,20,#FF0000,Quadrant 4,2,2,82,,#FF0000,0,144.1644108574978,6
image_99.png,5,False,467.74965419733115,42.388355759435335,20,#FF0000,Quadrant 2,1,2,82,,#FF0000,0,255.73580214763695,6
image_99.png,5,False,595.5619165573888,259.02741682385135,20,#FF0000,Quadrant 4,2,2,82,,#FF0000,0,8.96950019241741,6
image_99.png,5,False,583.4168594590682,168.71260542061603,20,#FF0000,Quadrant 2,1,2,82,,#FF0000,0,190.66926302206252,6
image_99.png,5,False,93.03918652603515,357.2399219404316,20,#FF0000,Quadrant 3,2,1,82,,#FF0000,0,150.11775324716163,6
image_99.png,5,False,526.3649231326467,38.34970606261969,20,#FF0000,Quadrant 2,1,2,82,,#FF0000,0,359.7306472947667,6
image_99.png,5,False,38.253739020247274,121.36771035623129,20,#FF0000,Quadrant 1,1,1,82,,#FF0000,0,223.50399685501918,6
image_99.png,5,False,593.640525030561,86.81628673862524,20,#FF0000,Quadrant 2,1,2,82,,#FF0000,0,43.917803643035256,6
image_99.png,5,False,522.7327042065158,135.4098627589149,20,#FF0000,Quadrant 2,1,2,82,,#FF0000,0,180.69988729294187,6
image_99.png,5,False,622.938912782372,387.64417046790857,20,#FF0000,Quadrant 4,2,2,82,,#FF0000,0,199.2662007660264,6
image_99.png,5,False,658.116658236759,234.65439449014193,20,#FF0000,Quadrant 4,2,2,82,,#FF0000,0,174.8388473796847,6
image_99.png,5,False,342.10061790145727,334.2703982093517,20,#FF0000,Quadrant 3,2,1,82,,#FF0000,0,116.61317768241163,6
image_99.png,5,False,555.8031108707788,54.85031714170536,20,#FF0000,Quadrant 2,1,2,82,,#FF0000,0,318.153481417207,6
image_99.png,5,False,649.167529784095,319.7932525138006,20,#FF0000,Quadrant 4,2,2,82,,#FF0000,0,245.46426051406073,6
image_99.png,5,False,220.08057331577103,186.36570931140042,20,#FF0000,Quadrant 1,1,1,82,,#FF0000,0,358.6891592199292,6
image_99.png,5,False,122.32308860702412,363.6182123634607,20,#FF0000,Quadrant 3,2,1,82,,#FF0000,0,312.2754174586454,6
image_99.png,5,False,462.4359504119643,120.3660523949706,20,#FF0000,Quadrant 2,1,2,82,,#FF0000,0,200.03234572024294,6
image_99.png,5,False,229.49139990060257,354.46552040555184,20,#FF0000,Quadrant 3,2,1,82,,#FF0000,0,227.5203304563956,6
image_99.png,5,False,62.73213105146775,362.3268597249851,20,#FF0000,Quadrant 3,2,1,82,,#FF0000,0,336.1991841419945,6
image_99.png,5,False,311.50032954115414,331.972334495253,20,#FF0000,Quadrant 3,2,1,82,,#FF0000,0,76.7256348513887,6
image_99.png,5,False,273.20886733349124,336.15042023397865,20,#FF0000,Quadrant 3,2,1,82,,#FF0000,0,132.66086292795404,6
image_99.png,5,False,60.434093203859156,220.4527253217817,20,#FF0000,Quadrant 3,2,1,82,,#FF0000,0,67.50802679263552,6
image_99.png,5,False,36.84385581673528,251.84351702587182,20,#FF0000,Quadrant 3,2,1,82,,#FF0000,0,347.0341106406509,6
image_99.png,5,False,679.7611787514086,259.5808576394629,20,#FF0000,Quadrant 4,2,2,82,,#FF0000,0,108.59956548571459,6
image_99.png,5,False,242.17013380721767,136.30558119288742,20,#FF0000,Quadrant 1,1,1,82,,#FF0000,0,29.664421463230646,6
image_99.png,5,False,468.12355814555997,376.07684403802654,20,#FF0000,Quadrant 4,2,2,82,,#FF0000,0,147.94727127889027,6
image_99.png,5,False,243.28612505059726,388.37264603495703,20,#FF0000,Quadrant 3,2,1,82,,#FF0000,0,293.09355232106026,6
image_99.png,5,False,462.97576558089514,290.5664052359284,20,#FF0000,Quadrant 4,2,2,82,,#FF0000,0,63.18013007013178,6
image_99.png,5,False,12.389435699010175,250.27270882816168,20,#FF0000,Quadrant 3,2,1,82,,#FF0000,0,321.63162788017576,6
image_99.png,5,False,413.2033948823184,236.74564013190084,20,#FF0000,Quadrant 4,2,2,82,,#FF0000,0,254.7312152978486,6
image_99.png,5,False,369.69092736553733,356.8327451341798,20,#FF0000,Quadrant 4,2,2,82,,#FF0000,0,220.8894242296383,6
image_99.png,5,False,280.0040218644345,117.71943142657268,20,#FF0000,Quadrant 1,1,1,82,,#FF0000,0,129.1996946433989,6
image_99.png,5,False,665.3006837214699,94.50235973953534,20,#FF0000,Quadrant 2,1,2,82,,#FF0000,0,205.27671123676691,6
image_99.png,5,False,265.4092717916607,234.34019431750883,20,#FF0000,Quadrant 3,2,1,82,,#FF0000,0,21.007549248823395,6
image_99.png,5,False,514.2931091022872,174.5552674281291,20,#FF0000,Quadrant 2,1,2,82,,#FF0000,0,226.32050970399547,6
image_99.png,5,False,468.0881346898005,162.91458194481078,20,#FF0000,Quadrant 2,1,2,82,,#FF0000,0,125.23251576772952,6
image_99.png,5,False,693.4703397746044,180.44032796637174,20,#FF0000,Quadrant 2,1,2,82,,#FF0000,0,52.432038684380025,6
image_99.png,5,False,324.96678416078487,158.3127531021116,20,#FF0000,Quadrant 1,1,1,82,,#FF0000,0,260.7879480057353,6
image_99.png,5,False,274.7365131688245,14.022095189119394,20,#FF0000,Quadrant 1,1,1,82,,#FF0000,0,9.320518771086594,6
image_99.png,5,False,690.9249423659273,153.91161774467108,20,#FF0000,Quadrant 2,1,2,82,,#FF0000,0,80.09362311537346,6
image_99.png,5,False,673.1416735280659,336.5131502155388,20,#FF0000,Quadrant 4,2,2,82,,#FF0000,0,233.38151413246618,6
image_99.png,5,False,553.5553178906353,204.51759453296756,20,#FF0000,Quadrant 4,2,2,82,,#FF0000,0,93.84372364423488,6
image_99.png,5,False,81.69651283485976,12.945983821873995,20,#FF0000,Quadrant 1,1,1,82,,#FF0000,0,280.09056367642887,6
image_99.png,5,False,16.31058727957182,165.08936907122433,20,#FF0000,Quadrant 1,1,1,82,,#FF0000,0,193.06750812127214,6
image_99.png,5,False,113.02933774662101,77.1459280415855,20,#FF0000,Quadrant 1,1,1,82,,#FF0000,0,51.41708730755082,6
image_99.png,5,False,418.2370817161826,123.3265728807227,20,#FF0000,Quadrant 2,1,2,82,,#FF0000,0,359.9725411695126,6
image_99.png,5,False,74.57364127695894,285.53757798667937,20,#FF0000,Quadrant 3,2,1,82,,#FF0000,0,0.46397729405040167,6
image_99.png,5,False,180.68326649891708,263.1312311830153,20,#FF0000,Quadrant 3,2,1,82,,#FF0000,0,41.566037364039545,6
image_99.png,5,False,662.5822866968437,129.8502140747211,20,#FF0000,Quadrant 2,1,2,82,,#FF0000,0,297.3753624191718,6
image_99.png,5,False,548.2606223091102,178.452590217069,20,#FF0000,Quadrant 2,1,2,82,,#FF0000,0,114.72639164466821,6
image_99.png,5,False,579.8673617487761,310.2042618345006,20,#FF0000,Quadrant 4,2,2,82,,#FF0000,0,47.25071916336469,6
image_99.png,5,False,649.4509921846511,17.499189033077677,20,#FF0000,Quadrant 2,1,2,82,,#FF0000,0,10.515834137389582,6
image_99.png,5,False,64.1916932801842,136.84237680926836,20,#FF0000,Quadrant 1,1,1,82,,#FF0000,0,87.33052960382122,6
image_99.png,5,False,293.4833897583832,182.66199185552,20,#FF0000,Quadrant 1,1,1,82,,#FF0000,0,169.0311533215736,6
image_99.png,5,False,444.24875317370265,219.12781105759723,20,#FF0000,Quadrant 4,2,2,82,,#FF0000,0,263.7950041753273,6
image_99.png,5,False,453.03443411997137,265.8229074624625,20,#FF0000,Quadrant 4,2,2,82,,#FF0000,0,63.103022803372724,6
image_99.png,5,False,164.83485695386432,156.72878411353318,20,#FF0000,Quadrant 1,1,1,82,,#FF0000,0,333.4818164980973,6
image_99.png,5,False,395.6763849943203,303.2351671876347,20,#FF0000,Quadrant 4,2,2,82,,#FF0000,0,81.84401785788901,6
image_99.png,5,False,78.07200114355925,322.4369953701418,20,#FF0000,Quadrant 3,2,1,82,,#FF0000,0,240.34838089739702,6
image_99.png,5,False,176.76839425340992,181.98720584678048,20,#FF0000,Quadrant 1,1,1,82,,#FF0000,0,151.33630369224537,6
image_99.png,5,False,316.9519478138197,27.34142638274924,20,#FF0000,Quadrant 1,1,1,82,,#FF0000,0,98.41263155379646,6
image_100.png,2,True,317.02580029892937,46.24223309901083,20,#FF0000,Quadrant 1,1,1,52,140,#FF0000,0,114.60506239387827,5
image_100.png,5,False,468.41479995053714,37.12438016356431,20,#FF0000,Quadrant 2,1,2,52,,#FF0000,0,80.16145460733539,5
image_100.png,5,False,391.2157324877821,63.925070607781564,20,#FF0000,Quadrant 2,1,2,52,,#FF0000,0,211.58852013655445,5
image_100.png,5,False,25.121528184320574,116.97339033709899,20,#FF0000,Quadrant 1,1,1,52,,#FF0000,0,79.18271711920633,5
image_100.png,5,False,285.54463667720574,243.00907113220964,20,#FF0000,Quadrant 3,2,1,52,,#FF0000,0,172.40782693206475,5
image_100.png,5,False,595.8779886518664,122.7976462231243,20,#FF0000,Quadrant 2,1,2,52,,#FF0000,0,230.45318469876838,5
image_100.png,5,False,544.197809204039,199.5831195485556,20,#FF0000,Quadrant 2,1,2,52,,#FF0000,0,108.46583281114331,5
image_100.png,5,False,233.6218542163474,342.2940954922274,20,#FF0000,Quadrant 3,2,1,52,,#FF0000,0,327.38326061461873,5
image_100.png,5,False,205.2871087662134,80.62219475855505,20,#FF0000,Quadrant 1,1,1,52,,#FF0000,0,3.2941054652731916,5
image_100.png,5,False,631.7573950038606,76.81316484778912,20,#FF0000,Quadrant 2,1,2,52,,#FF0000,0,267.8207887016378,5
image_100.png,5,False,14.284754874705776,23.06188022745191,20,#FF0000,Quadrant 1,1,1,52,,#FF0000,0,108.5333521993619,5
image_100.png,5,False,499.80281079431705,127.35377193846503,20,#FF0000,Quadrant 2,1,2,52,,#FF0000,0,28.80594435015997,5
image_100.png,5,False,246.6435198478978,367.1882052573107,20,#FF0000,Quadrant 3,2,1,52,,#FF0000,0,259.2526629504401,5
image_100.png,5,False,85.42052000564185,213.07017628683016,20,#FF0000,Quadrant 3,2,1,52,,#FF0000,0,143.3952997336308,5
image_100.png,5,False,205.15236171176193,372.6280578606913,20,#FF0000,Quadrant 3,2,1,52,,#FF0000,0,113.51710293496338,5
image_100.png,5,False,275.6950016987825,326.28842162055736,20,#FF0000,Quadrant 3,2,1,52,,#FF0000,0,334.1399566111411,5
image_100.png,5,False,272.0094814993292,72.29327926720721,20,#FF0000,Quadrant 1,1,1,52,,#FF0000,0,202.71585294036112,5
image_100.png,5,False,322.5509153554447,101.40317328848886,20,#FF0000,Quadrant 1,1,1,52,,#FF0000,0,59.23520038136943,5
image_100.png,5,False,163.69841191010573,65.58278796509073,20,#FF0000,Quadrant 1,1,1,52,,#FF0000,0,274.6400022256536,5
image_100.png,5,False,476.5273452419863,121.04209655255177,20,#FF0000,Quadrant 2,1,2,52,,#FF0000,0,286.1381578568917,5
image_100.png,5,False,164.12415556978334,42.210284246324846,20,#FF0000,Quadrant 1,1,1,52,,#FF0000,0,65.26192974396265,5
image_100.png,5,False,42.75610340832931,18.656693686567976,20,#FF0000,Quadrant 1,1,1,52,,#FF0000,0,139.2749536148424,5
image_100.png,5,False,427.91449662128406,159.29317524644983,20,#FF0000,Quadrant 2,1,2,52,,#FF0000,0,298.13015826296595,5
image_100.png,5,False,486.51924647596496,237.83561881083352,20,#FF0000,Quadrant 4,2,2,52,,#FF0000,0,325.73557613364363,5
image_100.png,5,False,79.35484139190577,122.69551713454176,20,#FF0000,Quadrant 1,1,1,52,,#FF0000,0,159.34386891763944,5
image_100.png,5,False,106.65700987974392,60.526301547850494,20,#FF0000,Quadrant 1,1,1,52,,#FF0000,0,56.510752559348624,5
image_100.png,5,False,291.609653105612,215.71501172063518,20,#FF0000,Quadrant 3,2,1,52,,#FF0000,0,108.73277329895369,5
image_100.png,5,False,634.663876735754,146.77102329388168,20,#FF0000,Quadrant 2,1,2,52,,#FF0000,0,276.87550800785453,5
image_100.png,5,False,132.3280334844788,164.51343797568975,20,#FF0000,Quadrant 1,1,1,52,,#FF0000,0,86.66565367968755,5
image_100.png,5,False,338.1641126458622,385.41571199396583,20,#FF0000,Quadrant 3,2,1,52,,#FF0000,0,217.484499183072,5
image_100.png,5,False,33.748693728004255,92.43965959384722,20,#FF0000,Quadrant 1,1,1,52,,#FF0000,0,127.78245114198872,5
image_100.png,5,False,415.00853980405776,200.0422111233294,20,#FF0000,Quadrant 4,2,2,52,,#FF0000,0,302.04054834713133,5
image_100.png,5,False,548.5819300489195,321.46032590742635,20,#FF0000,Quadrant 4,2,2,52,,#FF0000,0,108.74532722972315,5
image_100.png,5,False,44.588020363460146,228.89969666658266,20,#FF0000,Quadrant 3,2,1,52,,#FF0000,0,241.71279497902034,5
image_100.png,5,False,156.82438718870185,244.98017669701517,20,#FF0000,Quadrant 3,2,1,52,,#FF0000,0,231.47530382623307,5
image_100.png,5,False,346.69014802869077,239.19966363428676,20,#FF0000,Quadrant 3,2,1,52,,#FF0000,0,176.18724955253535,5
image_100.png,5,False,456.18195003223974,80.47909325287594,20,#FF0000,Quadrant 2,1,2,52,,#FF0000,0,0.7421995768587042,5
image_100.png,5,False,246.3566225354946,48.5921065540904,20,#FF0000,Quadrant 1,1,1,52,,#FF0000,0,209.43620766171202,5
image_100.png,5,False,590.9218938917874,153.34456648286363,20,#FF0000,Quadrant 2,1,2,52,,#FF0000,0,52.640962200716956,5
image_100.png,5,False,204.4525741883334,197.0627169772114,20,#FF0000,Quadrant 1,1,1,52,,#FF0000,0,258.45898481998967,5
image_100.png,5,False,511.96783646720246,230.00076987635597,20,#FF0000,Quadrant 4,2,2,52,,#FF0000,0,111.27756715479974,5
image_100.png,5,False,548.1692438207915,285.7894866454373,20,#FF0000,Quadrant 4,2,2,52,,#FF0000,0,102.8356811837245,5
image_100.png,5,False,105.19762092722942,99.57780423250011,20,#FF0000,Quadrant 1,1,1,52,,#FF0000,0,351.86976908289097,5
image_100.png,5,False,459.46291046116096,188.17732594869184,20,#FF0000,Quadrant 2,1,2,52,,#FF0000,0,346.45433857012887,5
image_100.png,5,False,379.25301625142623,39.527193484295324,20,#FF0000,Quadrant 2,1,2,52,,#FF0000,0,329.7776487578629,5
image_100.png,5,False,210.5518353127873,288.42058377594697,20,#FF0000,Quadrant 3,2,1,52,,#FF0000,0,119.33915656554704,5
image_100.png,5,False,316.87320643553613,306.73636379654727,20,#FF0000,Quadrant 3,2,1,52,,#FF0000,0,301.6320425884621,5
image_100.png,5,False,434.23809219760767,355.9015437324868,20,#FF0000,Quadrant 4,2,2,52,,#FF0000,0,70.49221518609296,5
image_100.png,5,False,472.68512653549664,379.1852069244111,20,#FF0000,Quadrant 4,2,2,52,,#FF0000,0,331.1988126404628,5
image_100.png,5,False,300.8761990310431,172.78819562876927,20,#FF0000,Quadrant 1,1,1,52,,#FF0000,0,154.0469508536959,5
image_100.png,5,False,132.8118547792452,189.0120694710522,20,#FF0000,Quadrant 1,1,1,52,,#FF0000,0,21.028793186368816,5
image_100.png,5,False,232.27384963265337,217.93231165981928,20,#FF0000,Quadrant 3,2,1,52,,#FF0000,0,252.1055531001171,5
image_100.png,5,False,62.10940262108151,283.67454287581285,20,#FF0000,Quadrant 3,2,1,52,,#FF0000,0,146.44060491312376,5
image_101.png,2,True,180.42956483894218,266.21518009189947,20,#FF0000,Quadrant 3,2,1,8,140,#FF0000,0,56.11667847287916,2
image_101.png,5,False,442.35780793389745,267.94650632547155,20,#FF0000,Quadrant 4,2,2,8,,#FF0000,0,140.68497279469483,2
image_101.png,5,False,277.2172054389005,323.1923289195987,20,#FF0000,Quadrant 3,2,1,8,,#FF0000,0,159.0476534415375,2
image_101.png,5,False,151.8989648895073,104.01613798150926,20,#FF0000,Quadrant 1,1,1,8,,#FF0000,0,227.739992990554,2
image_101.png,5,False,482.24523797673606,57.533383397751344,20,#FF0000,Quadrant 2,1,2,8,,#FF0000,0,54.420701797545675,2
image_101.png,5,False,118.01021594808164,339.48377570648853,20,#FF0000,Quadrant 3,2,1,8,,#FF0000,0,128.06486316679815,2
image_101.png,5,False,264.30001695681074,94.41334976695782,20,#FF0000,Quadrant 1,1,1,8,,#FF0000,0,232.963750843304,2
image_101.png,5,False,68.27409853860854,330.7135710532954,20,#FF0000,Quadrant 3,2,1,8,,#FF0000,0,179.27286677184472,2
image_101.png,5,False,143.67737344551162,26.136024601243463,20,#FF0000,Quadrant 1,1,1,8,,#FF0000,0,218.2586493504409,2
image_102.png,2,True,582.9927053522562,303.15965544692386,20,#FF0000,Quadrant 4,2,2,96,140,#FF0000,0,88.142837012411,6
image_102.png,5,False,529.3632818355796,224.41854281106993,20,#FF0000,Quadrant 4,2,2,96,,#FF0000,0,88.43693081384247,6
image_102.png,5,False,612.9803127767638,276.748746004523,20,#FF0000,Quadrant 4,2,2,96,,#FF0000,0,250.8805761744153,6
image_102.png,5,False,109.66564501748219,176.31971943565526,20,#FF0000,Quadrant 1,1,1,96,,#FF0000,0,26.333848197642453,6
image_102.png,5,False,442.5683202223415,332.8506343340676,20,#FF0000,Quadrant 4,2,2,96,,#FF0000,0,215.79775569687789,6
image_102.png,5,False,154.78863417634403,377.9997419637937,20,#FF0000,Quadrant 3,2,1,96,,#FF0000,0,136.79619118972187,6
image_102.png,5,False,379.87174556906723,108.46907692432706,20,#FF0000,Quadrant 2,1,2,96,,#FF0000,0,271.7876653909611,6
image_102.png,5,False,392.5297578273344,313.94710746540323,20,#FF0000,Quadrant 4,2,2,96,,#FF0000,0,176.71995250344216,6
image_102.png,5,False,246.98147705805235,38.05661171333041,20,#FF0000,Quadrant 1,1,1,96,,#FF0000,0,178.89563104945745,6
image_102.png,5,False,628.0110594324999,358.51426137979115,20,#FF0000,Quadrant 4,2,2,96,,#FF0000,0,354.7554025254979,6
image_102.png,5,False,75.93658283182461,305.44054292046246,20,#FF0000,Quadrant 3,2,1,96,,#FF0000,0,50.20597468948277,6
image_102.png,5,False,31.900029765127616,157.60172368472183,20,#FF0000,Quadrant 1,1,1,96,,#FF0000,0,240.22761906301488,6
image_102.png,5,False,493.52691814207674,159.52351105729065,20,#FF0000,Quadrant 2,1,2,96,,#FF0000,0,127.115719459357,6
image_102.png,5,False,317.6852302069609,310.7601186591358,20,#FF0000,Quadrant 3,2,1,96,,#FF0000,0,66.23607989541983,6
image_102.png,5,False,622.4789310850454,35.045963171662734,20,#FF0000,Quadrant 2,1,2,96,,#FF0000,0,79.31843484745644,6
image_102.png,5,False,137.14122344902592,116.70764840706263,20,#FF0000,Quadrant 1,1,1,96,,#FF0000,0,52.01996993740374,6
image_102.png,5,False,162.99847269788881,316.3478345708844,20,#FF0000,Quadrant 3,2,1,96,,#FF0000,0,339.50416359568715,6
image_102.png,5,False,665.6755756580626,149.1330760289608,20,#FF0000,Quadrant 2,1,2,96,,#FF0000,0,89.6065695289017,6
image_102.png,5,False,293.99482748107937,210.93737221364987,20,#FF0000,Quadrant 3,2,1,96,,#FF0000,0,168.93420064355445,6
image_102.png,5,False,416.6009168507,71.38275160082864,20,#FF0000,Quadrant 2,1,2,96,,#FF0000,0,184.07134194420172,6
image_102.png,5,False,563.6948358943619,119.85608908298347,20,#FF0000,Quadrant 2,1,2,96,,#FF0000,0,100.32554397800958,6
image_102.png,5,False,93.8961627106195,126.98062170869771,20,#FF0000,Quadrant 1,1,1,96,,#FF0000,0,132.33893438403268,6
image_102.png,5,False,227.9670777097757,373.3409297929572,20,#FF0000,Quadrant 3,2,1,96,,#FF0000,0,225.17074443185572,6
image_102.png,5,False,650.9496043249231,335.60684714858223,20,#FF0000,Quadrant 4,2,2,96,,#FF0000,0,137.90790224209033,6
image_102.png,5,False,474.12363013155027,338.4871092096205,20,#FF0000,Quadrant 4,2,2,96,,#FF0000,0,51.47803049260699,6
image_102.png,5,False,528.2280394300567,342.0584641990263,20,#FF0000,Quadrant 4,2,2,96,,#FF0000,0,275.72963599483967,6
image_102.png,5,False,494.7836667598024,243.05002402246868,20,#FF0000,Quadrant 4,2,2,96,,#FF0000,0,266.2902268398375,6
image_102.png,5,False,159.486983920254,269.860000935442,20,#FF0000,Quadrant 3,2,1,96,,#FF0000,0,210.35044431645733,6
image_102.png,5,False,106.41481495843836,60.514375981312945,20,#FF0000,Quadrant 1,1,1,96,,#FF0000,0,96.94471889682252,6
image_102.png,5,False,14.011180074408689,66.69613302980028,20,#FF0000,Quadrant 1,1,1,96,,#FF0000,0,133.64929291883382,6
image_102.png,5,False,626.2629312125719,185.43531249418302,20,#FF0000,Quadrant 2,1,2,96,,#FF0000,0,70.51809478830296,6
image_102.png,5,False,492.6324995779088,119.43855902737047,20,#FF0000,Quadrant 2,1,2,96,,#FF0000,0,240.5268593339023,6
image_102.png,5,False,350.50242583583486,225.4158509765291,20,#FF0000,Quadrant 3,2,1,96,,#FF0000,0,124.16001044279088,6
image_102.png,5,False,492.0008832186285,30.633152898290504,20,#FF0000,Quadrant 2,1,2,96,,#FF0000,0,187.1108614271165,6
image_102.png,5,False,169.5928086017371,241.94444145431007,20,#FF0000,Quadrant 3,2,1,96,,#FF0000,0,8.721846888216174,6
image_102.png,5,False,212.60480470931424,220.97921622752966,20,#FF0000,Quadrant 3,2,1,96,,#FF0000,0,48.223572922487584,6
image_102.png,5,False,661.2393310494382,369.1539744767465,20,#FF0000,Quadrant 4,2,2,96,,#FF0000,0,302.71532968327637,6
image_102.png,5,False,488.7632902089737,361.20370014363465,20,#FF0000,Quadrant 4,2,2,96,,#FF0000,0,317.09913474456664,6
image_102.png,5,False,196.8413444621569,35.20382607963832,20,#FF0000,Quadrant 1,1,1,96,,#FF0000,0,251.53804073585326,6
image_102.png,5,False,347.395747488279,300.5242980858756,20,#FF0000,Quadrant 3,2,1,96,,#FF0000,0,332.11041854392516,6
image_102.png,5,False,283.4472403140576,164.84454208756227,20,#FF0000,Quadrant 1,1,1,96,,#FF0000,0,160.29613050989997,6
image_102.png,5,False,107.89046508637014,337.1733169129879,20,#FF0000,Quadrant 3,2,1,96,,#FF0000,0,79.0954917782906,6
image_102.png,5,False,692.0348267056145,344.88016107713486,20,#FF0000,Quadrant 4,2,2,96,,#FF0000,0,40.61654645391477,6
image_102.png,5,False,29.648909294273427,369.7780756496069,20,#FF0000,Quadrant 3,2,1,96,,#FF0000,0,297.15887408373897,6
image_102.png,5,False,643.5749358754053,58.81706983260764,20,#FF0000,Quadrant 2,1,2,96,,#FF0000,0,105.18405363870204,6
image_102.png,5,False,695.0745150270799,91.33115146935677,20,#FF0000,Quadrant 2,1,2,96,,#FF0000,0,73.27448810378752,6
image_102.png,5,False,362.05157159000396,365.7548087792428,20,#FF0000,Quadrant 4,2,2,96,,#FF0000,0,340.9187859624183,6
image_102.png,5,False,428.01864390350863,199.53329565815227,20,#FF0000,Quadrant 2,1,2,96,,#FF0000,0,248.88162072369934,6
image_102.png,5,False,70.11204516476299,89.18759709663719,20,#FF0000,Quadrant 1,1,1,96,,#FF0000,0,266.42381779647974,6
image_102.png,5,False,242.20647053449764,266.97343507191204,20,#FF0000,Quadrant 3,2,1,96,,#FF0000,0,3.141743441340883,6
image_102.png,5,False,208.0817549352318,175.37932088520864,20,#FF0000,Quadrant 1,1,1,96,,#FF0000,0,218.37225593810993,6
image_102.png,5,False,102.6926630255169,223.54609513633318,20,#FF0000,Quadrant 3,2,1,96,,#FF0000,0,329.75324016646914,6
image_102.png,5,False,265.64832453518244,338.78860936592434,20,#FF0000,Quadrant 3,2,1,96,,#FF0000,0,94.15834832033056,6
image_102.png,5,False,630.3572520584746,121.29038900128512,20,#FF0000,Quadrant 2,1,2,96,,#FF0000,0,27.880299679795133,6
image_102.png,5,False,627.3634567345968,253.78251794491285,20,#FF0000,Quadrant 4,2,2,96,,#FF0000,0,257.5422728712285,6
image_102.png,5,False,207.94462182289755,252.18568736133022,20,#FF0000,Quadrant 3,2,1,96,,#FF0000,0,264.7072372798624,6
image_102.png,5,False,461.9712808578176,114.73849529541657,20,#FF0000,Quadrant 2,1,2,96,,#FF0000,0,188.07864627502818,6
image_102.png,5,False,339.8678402959761,184.15479897598698,20,#FF0000,Quadrant 1,1,1,96,,#FF0000,0,232.46144203995863,6
image_102.png,5,False,45.40775066458851,26.89973326063095,20,#FF0000,Quadrant 1,1,1,96,,#FF0000,0,126.81489990686552,6
image_102.png,5,False,82.04230739458022,163.45340386903894,20,#FF0000,Quadrant 1,1,1,96,,#FF0000,0,230.09821418172126,6
image_102.png,5,False,572.9771652564648,218.48981676351877,20,#FF0000,Quadrant 4,2,2,96,,#FF0000,0,175.34097569202015,6
image_102.png,5,False,673.8638858109745,240.89900256739756,20,#FF0000,Quadrant 4,2,2,96,,#FF0000,0,12.993009633092353,6
image_102.png,5,False,329.7242892349024,355.69713682210374,20,#FF0000,Quadrant 3,2,1,96,,#FF0000,0,55.71638494646408,6
image_102.png,5,False,629.3483765329952,210.24957420155266,20,#FF0000,Quadrant 4,2,2,96,,#FF0000,0,36.97469223832664,6
image_102.png,5,False,495.5628278754494,193.85101340154338,20,#FF0000,Quadrant 2,1,2,96,,#FF0000,0,201.151636485023,6
image_102.png,5,False,583.9754994774378,176.7683957715458,20,#FF0000,Quadrant 2,1,2,96,,#FF0000,0,169.20821202975975,6
image_102.png,5,False,502.123876587949,87.34263264380641,20,#FF0000,Quadrant 2,1,2,96,,#FF0000,0,208.4912924833859,6
image_102.png,5,False,380.51740778151435,152.72125717748338,20,#FF0000,Quadrant 2,1,2,96,,#FF0000,0,349.0727662477991,6
image_102.png,5,False,454.45681060442814,36.316114189383434,20,#FF0000,Quadrant 2,1,2,96,,#FF0000,0,92.01002961660431,6
image_102.png,5,False,181.12356259904809,370.8013132251727,20,#FF0000,Quadrant 3,2,1,96,,#FF0000,0,196.35563949541972,6
image_102.png,5,False,409.5881786799136,235.2549286278731,20,#FF0000,Quadrant 4,2,2,96,,#FF0000,0,355.45999980783046,6
image_102.png,5,False,238.5428550665409,318.8371268450081,20,#FF0000,Quadrant 3,2,1,96,,#FF0000,0,23.952900806628172,6
image_102.png,5,False,13.96302127382463,341.7394944985735,20,#FF0000,Quadrant 3,2,1,96,,#FF0000,0,312.84250136380115,6
image_102.png,5,False,275.7473231350502,234.97519428839072,20,#FF0000,Quadrant 3,2,1,96,,#FF0000,0,172.4363469438398,6
image_102.png,5,False,163.94323434477207,130.69588686765013,20,#FF0000,Quadrant 1,1,1,96,,#FF0000,0,292.0028516132059,6
image_102.png,5,False,569.783221393313,279.4255037840079,20,#FF0000,Quadrant 4,2,2,96,,#FF0000,0,229.66968397461707,6
image_102.png,5,False,304.8372121704764,377.01014858613235,20,#FF0000,Quadrant 3,2,1,96,,#FF0000,0,339.619611113792,6
image_102.png,5,False,531.6555139786902,56.68907994176338,20,#FF0000,Quadrant 2,1,2,96,,#FF0000,0,268.88237164948515,6
image_102.png,5,False,212.52520896199113,131.59690085416054,20,#FF0000,Quadrant 1,1,1,96,,#FF0000,0,273.5839583013547,6
image_102.png,5,False,11.75563244954027,238.7597911450183,20,#FF0000,Quadrant 3,2,1,96,,#FF0000,0,140.37693106704228,6
image_102.png,5,False,689.9789176031171,46.50768199781996,20,#FF0000,Quadrant 2,1,2,96,,#FF0000,0,238.39744747379936,6
image_102.png,5,False,650.3366521669293,280.0656893658937,20,#FF0000,Quadrant 4,2,2,96,,#FF0000,0,222.85568341850276,6
image_102.png,5,False,252.0583677725928,161.73164101091297,20,#FF0000,Quadrant 1,1,1,96,,#FF0000,0,219.56900266126465,6
image_102.png,5,False,291.2298334087505,26.381547328402377,20,#FF0000,Quadrant 1,1,1,96,,#FF0000,0,277.07948538581445,6
image_102.png,5,False,589.5023252516031,368.2010896676693,20,#FF0000,Quadrant 4,2,2,96,,#FF0000,0,337.020887260759,6
image_102.png,5,False,272.7248260527989,280.38036930406145,20,#FF0000,Quadrant 3,2,1,96,,#FF0000,0,355.1088756532007,6
image_102.png,5,False,327.1773014816234,86.70990505678245,20,#FF0000,Quadrant 1,1,1,96,,#FF0000,0,70.65959871500189,6
image_102.png,5,False,327.01308445365777,147.77770263001048,20,#FF0000,Quadrant 1,1,1,96,,#FF0000,0,253.23135230528317,6
image_102.png,5,False,67.9224450031252,368.09060880741947,20,#FF0000,Quadrant 3,2,1,96,,#FF0000,0,211.22778237718478,6
image_102.png,5,False,582.04599743833,68.2261932969414,20,#FF0000,Quadrant 2,1,2,96,,#FF0000,0,142.9075537263014,6
image_102.png,5,False,358.2004412899019,61.86001856402394,20,#FF0000,Quadrant 2,1,2,96,,#FF0000,0,3.2088098754197203,6
image_102.png,5,False,277.8763056379626,118.21258353127789,20,#FF0000,Quadrant 1,1,1,96,,#FF0000,0,354.58242765132565,6
image_102.png,5,False,570.6836871379837,19.67349193508503,20,#FF0000,Quadrant 2,1,2,96,,#FF0000,0,299.43158512132953,6
image_102.png,5,False,125.68143791017958,283.38839601178967,20,#FF0000,Quadrant 3,2,1,96,,#FF0000,0,213.20807013355952,6
image_102.png,5,False,387.2658986038247,262.0187709686156,20,#FF0000,Quadrant 4,2,2,96,,#FF0000,0,50.85008835408688,6
image_102.png,5,False,470.24585119775656,153.50233972509398,20,#FF0000,Quadrant 2,1,2,96,,#FF0000,0,31.089850287958317,6
image_102.png,5,False,70.2653448282054,20.105165224394263,20,#FF0000,Quadrant 1,1,1,96,,#FF0000,0,6.288488172491138,6
image_103.png,2,True,578.668142316438,198.3017477516949,20,#FF0000,Quadrant 2,1,2,44,140,#FF0000,0,100.72920944578746,5
image_103.png,5,False,668.5529966654103,87.70308510811125,20,#FF0000,Quadrant 2,1,2,44,,#FF0000,0,41.2349762337802,5
image_103.png,5,False,455.3806630119307,285.23558812513755,20,#FF0000,Quadrant 4,2,2,44,,#FF0000,0,20.52721885203544,5
image_103.png,5,False,231.6648244197346,170.0656441257592,20,#FF0000,Quadrant 1,1,1,44,,#FF0000,0,355.8067047924536,5
image_103.png,5,False,160.56152345074193,237.14707833101178,20,#FF0000,Quadrant 3,2,1,44,,#FF0000,0,235.96368467396084,5
image_103.png,5,False,628.8689204851702,317.86929231034514,20,#FF0000,Quadrant 4,2,2,44,,#FF0000,0,274.5457805673641,5
image_103.png,5,False,51.10834353550955,284.06035727453786,20,#FF0000,Quadrant 3,2,1,44,,#FF0000,0,32.18729918112471,5
image_103.png,5,False,373.6367963142728,235.98131041606916,20,#FF0000,Quadrant 4,2,2,44,,#FF0000,0,212.1598444794825,5
image_103.png,5,False,392.0475587061051,207.95354840961204,20,#FF0000,Quadrant 4,2,2,44,,#FF0000,0,84.5266093592937,5
image_103.png,5,False,568.7746227012057,128.0751348336323,20,#FF0000,Quadrant 2,1,2,44,,#FF0000,0,261.7626357173811,5
image_103.png,5,False,664.4168608778091,137.97863449327403,20,#FF0000,Quadrant 2,1,2,44,,#FF0000,0,231.7309900646135,5
image_103.png,5,False,55.41911342655047,216.53944123488128,20,#FF0000,Quadrant 3,2,1,44,,#FF0000,0,342.6621480310295,5
image_103.png,5,False,531.8827464716178,247.24746723586605,20,#FF0000,Quadrant 4,2,2,44,,#FF0000,0,339.59704917705955,5
image_103.png,5,False,520.5810150098005,29.661459215497935,20,#FF0000,Quadrant 2,1,2,44,,#FF0000,0,18.20604789100221,5
image_103.png,5,False,163.01068862067996,178.63601284985336,20,#FF0000,Quadrant 1,1,1,44,,#FF0000,0,94.50435887470664,5
image_103.png,5,False,642.254907055336,20.34890064207751,20,#FF0000,Quadrant 2,1,2,44,,#FF0000,0,61.34172731760329,5
image_103.png,5,False,67.73737505590715,383.3471261994975,20,#FF0000,Quadrant 3,2,1,44,,#FF0000,0,283.99307587652515,5
image_103.png,5,False,306.64256653353516,36.24277374031142,20,#FF0000,Quadrant 1,1,1,44,,#FF0000,0,242.77648142478012,5
image_103.png,5,False,607.134532476598,227.24570058712166,20,#FF0000,Quadrant 4,2,2,44,,#FF0000,0,307.09782596149404,5
image_103.png,5,False,627.05520327027,381.9664456317744,20,#FF0000,Quadrant 4,2,2,44,,#FF0000,0,280.73152754598124,5
image_103.png,5,False,594.4480795233019,340.5460469376178,20,#FF0000,Quadrant 4,2,2,44,,#FF0000,0,276.8772790199478,5
image_103.png,5,False,162.77841766733636,386.54608967202086,20,#FF0000,Quadrant 3,2,1,44,,#FF0000,0,328.08980687268667,5
image_103.png,5,False,663.3987025702794,265.901722794379,20,#FF0000,Quadrant 4,2,2,44,,#FF0000,0,245.1170357872013,5
image_103.png,5,False,16.764858543354002,242.6659709628064,20,#FF0000,Quadrant 3,2,1,44,,#FF0000,0,267.00546717660484,5
image_103.png,5,False,685.3463365966165,46.7831766218724,20,#FF0000,Quadrant 2,1,2,44,,#FF0000,0,181.38174343465064,5
image_103.png,5,False,96.98167790979345,127.5845496870119,20,#FF0000,Quadrant 1,1,1,44,,#FF0000,0,210.4306375643369,5
image_103.png,5,False,428.8124386622442,190.3121708296829,20,#FF0000,Quadrant 2,1,2,44,,#FF0000,0,240.21575176707404,5
image_103.png,5,False,605.9613881950752,255.80747408330032,20,#FF0000,Quadrant 4,2,2,44,,#FF0000,0,146.9490768316444,5
image_103.png,5,False,82.54976167838522,318.0473131957697,20,#FF0000,Quadrant 3,2,1,44,,#FF0000,0,272.6885195244132,5
image_103.png,5,False,486.4645097792688,48.15498598243985,20,#FF0000,Quadrant 2,1,2,44,,#FF0000,0,153.7706873745995,5
image_103.png,5,False,285.3105218577835,350.42205912880803,20,#FF0000,Quadrant 3,2,1,44,,#FF0000,0,178.28625747813166,5
image_103.png,5,False,384.91535045525836,373.19604650087075,20,#FF0000,Quadrant 4,2,2,44,,#FF0000,0,236.9527375033299,5
image_103.png,5,False,470.4033075149479,20.28927233205316,20,#FF0000,Quadrant 2,1,2,44,,#FF0000,0,326.17874353623745,5
image_103.png,5,False,284.19694825782176,304.3041256495993,20,#FF0000,Quadrant 3,2,1,44,,#FF0000,0,262.33549830098843,5
image_103.png,5,False,327.8643742416456,162.77385035885334,20,#FF0000,Quadrant 1,1,1,44,,#FF0000,0,230.35690559541737,5
image_103.png,5,False,137.82798374372493,174.3925404431145,20,#FF0000,Quadrant 1,1,1,44,,#FF0000,0,213.164833614301,5
image_103.png,5,False,484.8849488881192,180.1724875515234,20,#FF0000,Quadrant 2,1,2,44,,#FF0000,0,205.15535124931716,5
image_103.png,5,False,665.276021586914,385.034968084355,20,#FF0000,Quadrant 4,2,2,44,,#FF0000,0,142.9495366724215,5
image_103.png,5,False,140.02304248626967,357.54159227186005,20,#FF0000,Quadrant 3,2,1,44,,#FF0000,0,116.95127383502503,5
image_103.png,5,False,330.55789222417746,230.53490341194504,20,#FF0000,Quadrant 3,2,1,44,,#FF0000,0,219.31062162103706,5
image_103.png,5,False,230.09587097688612,213.4041235307842,20,#FF0000,Quadrant 3,2,1,44,,#FF0000,0,87.06149735325914,5
image_103.png,5,False,309.91170050465587,379.37290364528366,20,#FF0000,Quadrant 3,2,1,44,,#FF0000,0,167.347146085097,5
image_103.png,5,False,272.94534681893754,20.426388960621225,20,#FF0000,Quadrant 1,1,1,44,,#FF0000,0,300.9405107689053,5
image_103.png,5,False,639.4609853685133,150.6171391958428,20,#FF0000,Quadrant 2,1,2,44,,#FF0000,0,301.89766159404775,5
image_103.png,5,False,27.9747141113391,22.08532328439476,20,#FF0000,Quadrant 1,1,1,44,,#FF0000,0,267.13874423200184,5
image_104.png,2,True,659.4801744689179,120.96352902929345,20,#FF0000,Quadrant 2,1,2,10,140,#FF0000,0,330.6441656932957,3
image_104.png,5,False,86.34934881737655,369.05087363055196,20,#FF0000,Quadrant 3,2,1,10,,#FF0000,0,278.3544090292903,3
image_104.png,5,False,343.6808552811998,231.26526405842628,20,#FF0000,Quadrant 3,2,1,10,,#FF0000,0,139.5113691589096,3
image_104.png,5,False,667.8907978908924,63.570395254399074,20,#FF0000,Quadrant 2,1,2,10,,#FF0000,0,205.79657990626666,3
image_104.png,5,False,605.587868085939,338.8781691779947,20,#FF0000,Quadrant 4,2,2,10,,#FF0000,0,344.61580918462437,3
image_104.png,5,False,74.94785179339364,212.42744459844863,20,#FF0000,Quadrant 3,2,1,10,,#FF0000,0,126.33079415943965,3
image_104.png,5,False,38.13130525977025,341.0081607569946,20,#FF0000,Quadrant 3,2,1,10,,#FF0000,0,189.20956428550917,3
image_104.png,5,False,41.03136545424136,282.55494317495305,20,#FF0000,Quadrant 3,2,1,10,,#FF0000,0,129.98195378923725,3
image_104.png,5,False,196.87133036939844,277.11427031002665,20,#FF0000,Quadrant 3,2,1,10,,#FF0000,0,66.10884081036217,3
image_104.png,5,False,664.099070631897,223.12533658543455,20,#FF0000,Quadrant 4,2,2,10,,#FF0000,0,65.14093420078662,3
image_104.png,5,False,251.86115020947474,186.03499264369918,20,#FF0000,Quadrant 1,1,1,10,,#FF0000,0,320.03770214959314,3
image_105.png,2,True,453.7241465336006,303.5498599813122,20,#FF0000,Quadrant 4,2,2,7,140,#FF0000,0,225.52536758668148,2
image_105.png,5,False,23.414299846331964,49.43328584991883,20,#FF0000,Quadrant 1,1,1,7,,#FF0000,0,212.27421425747647,2
image_105.png,5,False,245.18793207827386,15.98686269014601,20,#FF0000,Quadrant 1,1,1,7,,#FF0000,0,315.787869795957,2
image_105.png,5,False,280.6918437535872,247.46321519953554,20,#FF0000,Quadrant 3,2,1,7,,#FF0000,0,231.74856262343584,2
image_105.png,5,False,128.76068443690713,296.10094797832375,20,#FF0000,Quadrant 3,2,1,7,,#FF0000,0,177.62673928652208,2
image_105.png,5,False,466.8201043912408,238.0747081508485,20,#FF0000,Quadrant 4,2,2,7,,#FF0000,0,8.264780227393356,2
image_105.png,5,False,135.81793896595457,96.82941092305796,20,#FF0000,Quadrant 1,1,1,7,,#FF0000,0,53.72455267881519,2
image_105.png,5,False,427.6576638315275,321.277450345509,20,#FF0000,Quadrant 4,2,2,7,,#FF0000,0,68.05173148890398,2
image_106.png,2,True,275.88038594912064,346.07262241705087,20,#FF0000,Quadrant 3,2,1,82,140,#FF0000,0,201.88564811381568,6
image_106.png,5,False,667.0834328714695,252.51881043556176,20,#FF0000,Quadrant 4,2,2,82,,#FF0000,0,4.910429430643077,6
image_106.png,5,False,104.77393711905265,109.91474913744347,20,#FF0000,Quadrant 1,1,1,82,,#FF0000,0,7.1326668452564945,6
image_106.png,5,False,276.19245598973697,279.6013783221943,20,#FF0000,Quadrant 3,2,1,82,,#FF0000,0,62.193989498104656,6
image_106.png,5,False,494.5050733133919,228.05430011872804,20,#FF0000,Quadrant 4,2,2,82,,#FF0000,0,50.001416604537134,6
image_106.png,5,False,334.5361653509467,310.60469966937393,20,#FF0000,Quadrant 3,2,1,82,,#FF0000,0,130.85281466035906,6
image_106.png,5,False,695.9640611793407,274.57417875373056,20,#FF0000,Quadrant 4,2,2,82,,#FF0000,0,228.62028288678025,6
image_106.png,5,False,620.1652821430964,271.9634711204782,20,#FF0000,Quadrant 4,2,2,82,,#FF0000,0,117.5873605767975,6
image_106.png,5,False,536.4590790712433,126.31855001903087,20,#FF0000,Quadrant 2,1,2,82,,#FF0000,0,290.43346159994866,6
image_106.png,5,False,673.1504218333951,149.90690832352763,20,#FF0000,Quadrant 2,1,2,82,,#FF0000,0,340.57334928813805,6
image_106.png,5,False,546.3342539357434,198.50229047729968,20,#FF0000,Quadrant 2,1,2,82,,#FF0000,0,146.8824291540992,6
image_106.png,5,False,260.3401517946534,125.88511806496577,20,#FF0000,Quadrant 1,1,1,82,,#FF0000,0,284.0348979456746,6
image_106.png,5,False,161.80129718238038,135.85580278844577,20,#FF0000,Quadrant 1,1,1,82,,#FF0000,0,338.30794136348345,6
image_106.png,5,False,273.3830676787569,173.2139289439489,20,#FF0000,Quadrant 1,1,1,82,,#FF0000,0,23.61005172913865,6
image_106.png,5,False,380.6203768594022,321.9886366301693,20,#FF0000,Quadrant 4,2,2,82,,#FF0000,0,197.63030999202968,6
image_106.png,5,False,613.18490268457,86.08087365213913,20,#FF0000,Quadrant 2,1,2,82,,#FF0000,0,127.41689871171296,6
image_106.png,5,False,195.42323499992577,85.9570770361683,20,#FF0000,Quadrant 1,1,1,82,,#FF0000,0,269.11379779971486,6
image_106.png,5,False,521.8310389733842,97.42625889174988,20,#FF0000,Quadrant 2,1,2,82,,#FF0000,0,106.80247457447021,6
image_106.png,5,False,254.33668983158344,217.77832908255297,20,#FF0000,Quadrant 3,2,1,82,,#FF0000,0,338.320331973273,6
image_106.png,5,False,121.25455525421917,168.43356724488174,20,#FF0000,Quadrant 1,1,1,82,,#FF0000,0,154.42542841131373,6
image_106.png,5,False,310.1476680359331,159.03879864283655,20,#FF0000,Quadrant 1,1,1,82,,#FF0000,0,178.02843211367986,6
image_106.png,5,False,226.78779710525708,69.30932331886027,20,#FF0000,Quadrant 1,1,1,82,,#FF0000,0,107.89687742539247,6
image_106.png,5,False,570.0573872658481,189.7041369374039,20,#FF0000,Quadrant 2,1,2,82,,#FF0000,0,309.84360515086615,6
image_106.png,5,False,14.152466676017111,202.98338044146317,20,#FF0000,Quadrant 3,2,1,82,,#FF0000,0,188.82896966904278,6
image_106.png,5,False,178.91149632333156,303.24675569001306,20,#FF0000,Quadrant 3,2,1,82,,#FF0000,0,219.22121096150553,6
image_106.png,5,False,542.5314757531979,241.61176098884872,20,#FF0000,Quadrant 4,2,2,82,,#FF0000,0,234.15997555155118,6
image_106.png,5,False,582.2641933936061,106.18881062931986,20,#FF0000,Quadrant 2,1,2,82,,#FF0000,0,78.63950279712225,6
image_106.png,5,False,683.048366115565,173.7757089197395,20,#FF0000,Quadrant 2,1,2,82,,#FF0000,0,87.78781826538075,6
image_106.png,5,False,536.816528624871,309.7884248757168,20,#FF0000,Quadrant 4,2,2,82,,#FF0000,0,128.17118442476172,6
image_106.png,5,False,52.04606214800285,386.93086901632176,20,#FF0000,Quadrant 3,2,1,82,,#FF0000,0,114.88581633489987,6
image_106.png,5,False,131.48436961737298,112.7348920817492,20,#FF0000,Quadrant 1,1,1,82,,#FF0000,0,11.477192748465036,6
image_106.png,5,False,515.9104717438084,14.096028010022936,20,#FF0000,Quadrant 2,1,2,82,,#FF0000,0,166.85319050749084,6
image_106.png,5,False,204.1708477411893,357.9155385094641,20,#FF0000,Quadrant 3,2,1,82,,#FF0000,0,164.8388301651667,6
image_106.png,5,False,318.87040707166136,356.7484071484128,20,#FF0000,Quadrant 3,2,1,82,,#FF0000,0,250.89947319238337,6
image_106.png,5,False,108.7542809686477,378.45741108901655,20,#FF0000,Quadrant 3,2,1,82,,#FF0000,0,176.4080498107878,6
image_106.png,5,False,448.47105514448225,359.5484612624789,20,#FF0000,Quadrant 4,2,2,82,,#FF0000,0,113.30362004839469,6
image_106.png,5,False,678.9812207027948,12.809553529012842,20,#FF0000,Quadrant 2,1,2,82,,#FF0000,0,240.1035501539625,6
image_106.png,5,False,30.68979453077278,170.40642805437255,20,#FF0000,Quadrant 1,1,1,82,,#FF0000,0,202.40212867509874,6
image_106.png,5,False,695.0438662689334,52.55682246344758,20,#FF0000,Quadrant 2,1,2,82,,#FF0000,0,120.62969923968653,6
image_106.png,5,False,102.3994745746922,274.54232850982055,20,#FF0000,Quadrant 3,2,1,82,,#FF0000,0,13.842557993309592,6
image_106.png,5,False,398.44328637356267,128.80441049690023,20,#FF0000,Quadrant 2,1,2,82,,#FF0000,0,66.59691084468155,6
image_106.png,5,False,620.5709442168406,63.64374719222975,20,#FF0000,Quadrant 2,1,2,82,,#FF0000,0,123.63036604010536,6
image_106.png,5,False,193.46322353747126,269.4688727673829,20,#FF0000,Quadrant 3,2,1,82,,#FF0000,0,167.03827749777597,6
image_106.png,5,False,171.22031336267966,95.59523467515098,20,#FF0000,Quadrant 1,1,1,82,,#FF0000,0,242.04083209065107,6
image_106.png,5,False,602.4875490706282,297.68746342488555,20,#FF0000,Quadrant 4,2,2,82,,#FF0000,0,176.92949729679964,6
image_106.png,5,False,560.4687096934649,285.0059389794976,20,#FF0000,Quadrant 4,2,2,82,,#FF0000,0,67.71265378833537,6
image_106.png,5,False,137.21008771970625,263.44273671516476,20,#FF0000,Quadrant 3,2,1,82,,#FF0000,0,136.90950189679748,6
image_106.png,5,False,46.21655306027462,148.39444787393546,20,#FF0000,Quadrant 1,1,1,82,,#FF0000,0,39.96341950509144,6
image_106.png,5,False,532.2966989072183,380.2300742379547,20,#FF0000,Quadrant 4,2,2,82,,#FF0000,0,93.43586316325863,6
image_106.png,5,False,578.5962420121022,247.55604121499204,20,#FF0000,Quadrant 4,2,2,82,,#FF0000,0,287.34707845230594,6
image_106.png,5,False,234.35928607438092,40.63235439485743,20,#FF0000,Quadrant 1,1,1,82,,#FF0000,0,210.4561138419368,6
image_106.png,5,False,647.056914148902,141.03957138423166,20,#FF0000,Quadrant 2,1,2,82,,#FF0000,0,239.6023962250035,6
image_106.png,5,False,32.53168595211608,300.1204060163965,20,#FF0000,Quadrant 3,2,1,82,,#FF0000,0,163.3519704004641,6
image_106.png,5,False,139.4826390347585,330.48600104967534,20,#FF0000,Quadrant 3,2,1,82,,#FF0000,0,48.8564840749373,6
image_106.png,5,False,148.6596804670509,178.17498088306158,20,#FF0000,Quadrant 1,1,1,82,,#FF0000,0,149.66392758507953,6
image_106.png,5,False,229.73029369252714,190.78727090046237,20,#FF0000,Quadrant 1,1,1,82,,#FF0000,0,31.272823515595988,6
image_106.png,5,False,506.4886961758027,299.2236714561765,20,#FF0000,Quadrant 4,2,2,82,,#FF0000,0,346.79617280024456,6
image_106.png,5,False,281.2636809504852,16.33569913134541,20,#FF0000,Quadrant 1,1,1,82,,#FF0000,0,235.8009806211826,6
image_106.png,5,False,51.79621745694162,226.84553519239753,20,#FF0000,Quadrant 3,2,1,82,,#FF0000,0,223.71705096846335,6
image_106.png,5,False,172.82637531243702,244.78032045018276,20,#FF0000,Quadrant 3,2,1,82,,#FF0000,0,284.4358603944603,6
image_106.png,5,False,61.81626023564128,292.5085565504368,20,#FF0000,Quadrant 3,2,1,82,,#FF0000,0,120.9697668398569,6
image_106.png,5,False,435.1106971950655,234.08539499390417,20,#FF0000,Quadrant 4,2,2,82,,#FF0000,0,118.77485021648766,6
image_106.png,5,False,576.5925138380708,356.6354641167365,20,#FF0000,Quadrant 4,2,2,82,,#FF0000,0,51.421921628465526,6
image_106.png,5,False,299.53460127600573,97.01919938469031,20,#FF0000,Quadrant 1,1,1,82,,#FF0000,0,253.403573486857,6
image_106.png,5,False,663.9259179559699,370.957403566708,20,#FF0000,Quadrant 4,2,2,82,,#FF0000,0,289.3784454165768,6
image_106.png,5,False,394.1208158849055,372.8479573618233,20,#FF0000,Quadrant 4,2,2,82,,#FF0000,0,191.16567381555453,6
image_106.png,5,False,248.1236916616115,364.7172713740965,20,#FF0000,Quadrant 3,2,1,82,,#FF0000,0,111.08752862177381,6
image_106.png,5,False,458.9966829560902,32.615669123115936,20,#FF0000,Quadrant 2,1,2,82,,#FF0000,0,236.72544915252058,6
image_106.png,5,False,573.162096723459,162.47891165733944,20,#FF0000,Quadrant 2,1,2,82,,#FF0000,0,132.94704153247483,6
image_106.png,5,False,508.70038416735446,51.47131406596031,20,#FF0000,Quadrant 2,1,2,82,,#FF0000,0,63.2535234299003,6
image_106.png,5,False,332.45864395298725,240.21108435423378,20,#FF0000,Quadrant 3,2,1,82,,#FF0000,0,158.96282953243568,6
image_106.png,5,False,505.93318814204036,121.68013719616599,20,#FF0000,Quadrant 2,1,2,82,,#FF0000,0,23.01241487020015,6
image_106.png,5,False,207.52868595109675,108.81158105554569,20,#FF0000,Quadrant 1,1,1,82,,#FF0000,0,8.741830806846188,6
image_106.png,5,False,370.2013890387746,278.3397285400375,20,#FF0000,Quadrant 4,2,2,82,,#FF0000,0,322.3080434697055,6
image_106.png,5,False,461.0368428127044,70.26402924336924,20,#FF0000,Quadrant 2,1,2,82,,#FF0000,0,13.728510490382853,6
image_106.png,5,False,344.3443892838866,55.869482534833125,20,#FF0000,Quadrant 1,1,1,82,,#FF0000,0,353.27604689219646,6
image_106.png,5,False,231.9576472780552,165.22408765252862,20,#FF0000,Quadrant 1,1,1,82,,#FF0000,0,231.30605607176645,6
image_106.png,5,False,98.16336033933385,352.4284914560169,20,#FF0000,Quadrant 3,2,1,82,,#FF0000,0,168.3718101515203,6
image_106.png,5,False,122.42762894825613,53.16314643785654,20,#FF0000,Quadrant 1,1,1,82,,#FF0000,0,76.90660855624014,6
image_106.png,5,False,483.1774474927065,42.51810351830453,20,#FF0000,Quadrant 2,1,2,82,,#FF0000,0,153.8498572323594,6
image_106.png,5,False,357.8561944740963,97.4062691032636,20,#FF0000,Quadrant 2,1,2,82,,#FF0000,0,19.287069612857213,6
image_106.png,5,False,118.98758903509156,235.4200882455645,20,#FF0000,Quadrant 3,2,1,82,,#FF0000,0,222.67912250774444,6
image_106.png,5,False,401.80087483693654,39.545053179769795,20,#FF0000,Quadrant 2,1,2,82,,#FF0000,0,88.62681733776087,6
image_107.png,2,True,479.104803586684,175.48650127715845,20,#FF0000,Quadrant 2,1,2,42,140,#FF0000,0,159.35528992428797,5
image_107.png,5,False,543.5116013775583,146.69627663308083,20,#FF0000,Quadrant 2,1,2,42,,#FF0000,0,174.2566987947151,5
image_107.png,5,False,212.2000675616498,332.46732541066325,20,#FF0000,Quadrant 3,2,1,42,,#FF0000,0,159.1455315921378,5
image_107.png,5,False,590.0958929753156,41.60860871564236,20,#FF0000,Quadrant 2,1,2,42,,#FF0000,0,266.57463299296904,5
image_107.png,5,False,49.914509409737725,114.63400928770673,20,#FF0000,Quadrant 1,1,1,42,,#FF0000,0,310.8199494387122,5
image_107.png,5,False,568.30764839697,78.12585358487092,20,#FF0000,Quadrant 2,1,2,42,,#FF0000,0,18.40263876115394,5
image_107.png,5,False,456.2331426214314,291.62767466168464,20,#FF0000,Quadrant 4,2,2,42,,#FF0000,0,47.13557421714767,5
image_107.png,5,False,397.1578520061003,220.77168708803455,20,#FF0000,Quadrant 4,2,2,42,,#FF0000,0,187.46750122199126,5
image_107.png,5,False,157.7893493633771,366.36992204977946,20,#FF0000,Quadrant 3,2,1,42,,#FF0000,0,12.317451829758044,5
image_107.png,5,False,617.6629576615613,75.29818037674082,20,#FF0000,Quadrant 2,1,2,42,,#FF0000,0,229.66243389725116,5
image_107.png,5,False,286.43812308336703,298.745864629113,20,#FF0000,Quadrant 3,2,1,42,,#FF0000,0,113.83501187771269,5
image_107.png,5,False,457.86749657100256,28.964102885811272,20,#FF0000,Quadrant 2,1,2,42,,#FF0000,0,17.00312171568193,5
image_107.png,5,False,549.0202023556196,309.1206808817419,20,#FF0000,Quadrant 4,2,2,42,,#FF0000,0,3.063175511742462,5
image_107.png,5,False,441.9238441467903,213.78545770609165,20,#FF0000,Quadrant 4,2,2,42,,#FF0000,0,125.27484466981201,5
image_107.png,5,False,176.42449701941376,171.25844187113591,20,#FF0000,Quadrant 1,1,1,42,,#FF0000,0,260.49649665229344,5
image_107.png,5,False,41.766265392535864,346.915679768293,20,#FF0000,Quadrant 3,2,1,42,,#FF0000,0,181.7959028084053,5
image_107.png,5,False,611.3584583102615,129.53024330622435,20,#FF0000,Quadrant 2,1,2,42,,#FF0000,0,25.80154461747812,5
image_107.png,5,False,204.4831062822014,33.720232307969894,20,#FF0000,Quadrant 1,1,1,42,,#FF0000,0,87.72637522253534,5
image_107.png,5,False,121.02164186977001,12.104518527151196,20,#FF0000,Quadrant 1,1,1,42,,#FF0000,0,196.37714260653834,5
image_107.png,5,False,464.04087971759947,74.90429209700415,20,#FF0000,Quadrant 2,1,2,42,,#FF0000,0,84.60770720802387,5
image_107.png,5,False,130.7568955773234,302.41843295071635,20,#FF0000,Quadrant 3,2,1,42,,#FF0000,0,286.5939239038268,5
image_107.png,5,False,483.0623715430469,40.0294040679998,20,#FF0000,Quadrant 2,1,2,42,,#FF0000,0,266.4835440435653,5
image_107.png,5,False,277.4608178982706,56.94910746474044,20,#FF0000,Quadrant 1,1,1,42,,#FF0000,0,270.8139288571671,5
image_107.png,5,False,294.23042697563494,167.9969786102647,20,#FF0000,Quadrant 1,1,1,42,,#FF0000,0,280.7046603365463,5
image_107.png,5,False,381.31753994166445,266.80651580050096,20,#FF0000,Quadrant 4,2,2,42,,#FF0000,0,3.253533583292718,5
image_107.png,5,False,519.6744741728812,237.88794580678848,20,#FF0000,Quadrant 4,2,2,42,,#FF0000,0,356.52857578092727,5
image_107.png,5,False,306.174955242845,80.62278000603158,20,#FF0000,Quadrant 1,1,1,42,,#FF0000,0,233.28577678645476,5
image_107.png,5,False,254.62226095913104,41.53956631673962,20,#FF0000,Quadrant 1,1,1,42,,#FF0000,0,15.387028517786497,5
image_107.png,5,False,79.70925116385783,30.033852810754748,20,#FF0000,Quadrant 1,1,1,42,,#FF0000,0,251.54977543814252,5
image_107.png,5,False,17.08730385975636,54.144883274579094,20,#FF0000,Quadrant 1,1,1,42,,#FF0000,0,170.60010439751224,5
image_107.png,5,False,397.2731126964962,340.37465544221345,20,#FF0000,Quadrant 4,2,2,42,,#FF0000,0,86.919907456919,5
image_107.png,5,False,82.79349672964966,92.90941981537647,20,#FF0000,Quadrant 1,1,1,42,,#FF0000,0,218.3962118285206,5
image_107.png,5,False,413.4730252932323,41.430251905303926,20,#FF0000,Quadrant 2,1,2,42,,#FF0000,0,317.5748851983924,5
image_107.png,5,False,453.73910688168763,147.7630762614814,20,#FF0000,Quadrant 2,1,2,42,,#FF0000,0,95.33930396644107,5
image_107.png,5,False,248.0967127545127,158.22544556097372,20,#FF0000,Quadrant 1,1,1,42,,#FF0000,0,222.0606996294412,5
image_107.png,5,False,139.19836350884253,172.7031460437116,20,#FF0000,Quadrant 1,1,1,42,,#FF0000,0,41.35812771331021,5
image_107.png,5,False,313.6024617731231,288.58866565440826,20,#FF0000,Quadrant 3,2,1,42,,#FF0000,0,28.169042505903924,5
image_107.png,5,False,485.09992525254466,266.4258052661103,20,#FF0000,Quadrant 4,2,2,42,,#FF0000,0,291.9171965262178,5
image_107.png,5,False,385.7490248361582,366.3032279874985,20,#FF0000,Quadrant 4,2,2,42,,#FF0000,0,279.4900670545023,5
image_107.png,5,False,351.6546055149216,184.4136941523286,20,#FF0000,Quadrant 1,1,1,42,,#FF0000,0,134.01190199586978,5
image_107.png,5,False,593.9404010704009,209.3566003636922,20,#FF0000,Quadrant 4,2,2,42,,#FF0000,0,70.41498598463396,5
image_107.png,5,False,160.79921402493193,258.6946152496627,20,#FF0000,Quadrant 3,2,1,42,,#FF0000,0,262.59790279212854,5
image_107.png,5,False,669.2459848888758,263.20797687720597,20,#FF0000,Quadrant 4,2,2,42,,#FF0000,0,258.2597076454232,5
image_108.png,2,True,553.5591766565055,345.8121222713404,20,#FF0000,Quadrant 4,2,2,9,140,#FF0000,0,108.69332929673024,3
image_108.png,5,False,303.3171519197727,286.0030267876377,20,#FF0000,Quadrant 3,2,1,9,,#FF0000,0,63.327151968524326,3
image_108.png,5,False,666.5339441784022,52.75009440684126,20,#FF0000,Quadrant 2,1,2,9,,#FF0000,0,0.30545075884808703,3
image_108.png,5,False,297.6901133494393,47.5761567847935,20,#FF0000,Quadrant 1,1,1,9,,#FF0000,0,289.99296459964194,3
image_108.png,5,False,442.4583215212767,49.656585183711734,20,#FF0000,Quadrant 2,1,2,9,,#FF0000,0,107.34850155324995,3
image_108.png,5,False,363.3261408078711,53.59857691202278,20,#FF0000,Quadrant 2,1,2,9,,#FF0000,0,66.80477758040854,3
image_108.png,5,False,377.45447593835763,170.3263208592309,20,#FF0000,Quadrant 2,1,2,9,,#FF0000,0,142.84156677518774,3
image_108.png,5,False,297.3884948378135,192.1367713532341,20,#FF0000,Quadrant 1,1,1,9,,#FF0000,0,319.38304582468754,3
image_108.png,5,False,278.5374193622952,153.54670168168005,20,#FF0000,Quadrant 1,1,1,9,,#FF0000,0,303.0188090360961,3
image_108.png,5,False,26.052914173412805,153.65888417032394,20,#FF0000,Quadrant 1,1,1,9,,#FF0000,0,173.89305512391147,3
image_109.png,2,True,170.38402906850013,21.699975737921058,20,#FF0000,Quadrant 1,1,1,72,140,#FF0000,0,280.5874915872874,6
image_109.png,5,False,346.144311357483,239.0668258962176,20,#FF0000,Quadrant 3,2,1,72,,#FF0000,0,194.86213147014493,6
image_109.png,5,False,287.6779810207877,96.81098047536614,20,#FF0000,Quadrant 1,1,1,72,,#FF0000,0,230.6507256777692,6
image_109.png,5,False,538.4348981333607,228.97488602064686,20,#FF0000,Quadrant 4,2,2,72,,#FF0000,0,303.45814636612573,6
image_109.png,5,False,666.9890474444788,305.6375266683838,20,#FF0000,Quadrant 4,2,2,72,,#FF0000,0,65.20499399941552,6
image_109.png,5,False,664.1995740694473,53.9463953523278,20,#FF0000,Quadrant 2,1,2,72,,#FF0000,0,254.50087395026716,6
image_109.png,5,False,343.47988268169803,32.79211220806887,20,#FF0000,Quadrant 1,1,1,72,,#FF0000,0,231.7856673923148,6
image_109.png,5,False,45.36702792969293,291.78852911331086,20,#FF0000,Quadrant 3,2,1,72,,#FF0000,0,326.8234221273666,6
image_109.png,5,False,409.93749166947157,41.97937201958659,20,#FF0000,Quadrant 2,1,2,72,,#FF0000,0,246.81284794401688,6
image_109.png,5,False,99.38662618283101,70.29995595015193,20,#FF0000,Quadrant 1,1,1,72,,#FF0000,0,162.59854183585935,6
image_109.png,5,False,368.311187756712,18.719610758698945,20,#FF0000,Quadrant 2,1,2,72,,#FF0000,0,172.73312631746973,6
image_109.png,5,False,318.53516952622346,231.52101849073023,20,#FF0000,Quadrant 3,2,1,72,,#FF0000,0,193.13048095342944,6
image_109.png,5,False,286.9297238158471,31.19590250057958,20,#FF0000,Quadrant 1,1,1,72,,#FF0000,0,356.004514251352,6
image_109.png,5,False,241.58474319095188,180.41944464117336,20,#FF0000,Quadrant 1,1,1,72,,#FF0000,0,297.8580088389296,6
image_109.png,5,False,555.3504141968205,285.87362902463843,20,#FF0000,Quadrant 4,2,2,72,,#FF0000,0,220.61591254528906,6
image_109.png,5,False,584.6825921330133,191.33030945121814,20,#FF0000,Quadrant 2,1,2,72,,#FF0000,0,236.22079946649046,6
image_109.png,5,False,434.2529881836491,246.9786436773918,20,#FF0000,Quadrant 4,2,2,72,,#FF0000,0,102.54940844616816,6
image_109.png,5,False,122.0874168401397,339.1980460059841,20,#FF0000,Quadrant 3,2,1,72,,#FF0000,0,20.476880324338197,6
image_109.png,5,False,96.60054677762855,116.5222338474976,20,#FF0000,Quadrant 1,1,1,72,,#FF0000,0,38.324001852569765,6
image_109.png,5,False,555.6734031687147,384.40531678362464,20,#FF0000,Quadrant 4,2,2,72,,#FF0000,0,307.32023050873596,6
image_109.png,5,False,81.28177687888375,366.5036369036425,20,#FF0000,Quadrant 3,2,1,72,,#FF0000,0,192.43337630217857,6
image_109.png,5,False,309.1086377205846,197.17105275285257,20,#FF0000,Quadrant 1,1,1,72,,#FF0000,0,348.4442147865052,6
image_109.png,5,False,482.76612077290895,372.96100956996736,20,#FF0000,Quadrant 4,2,2,72,,#FF0000,0,227.4633214494878,6
image_109.png,5,False,148.88010353031285,46.57674775694011,20,#FF0000,Quadrant 1,1,1,72,,#FF0000,0,357.53523339969263,6
image_109.png,5,False,686.9571096006998,149.54582781195305,20,#FF0000,Quadrant 2,1,2,72,,#FF0000,0,214.69596539407524,6
image_109.png,5,False,82.21210906939658,236.54635905715355,20,#FF0000,Quadrant 3,2,1,72,,#FF0000,0,271.1860095649241,6
image_109.png,5,False,161.1459159496013,356.4375497541524,20,#FF0000,Quadrant 3,2,1,72,,#FF0000,0,219.16887333830786,6
image_109.png,5,False,72.10049153460236,328.2101157832054,20,#FF0000,Quadrant 3,2,1,72,,#FF0000,0,182.56196577527382,6
image_109.png,5,False,598.6795191707602,279.5793354586621,20,#FF0000,Quadrant 4,2,2,72,,#FF0000,0,76.05329505503221,6
image_109.png,5,False,622.1839641573688,31.24264367045713,20,#FF0000,Quadrant 2,1,2,72,,#FF0000,0,233.37729132975872,6
image_109.png,5,False,664.0063231501666,274.73036968635404,20,#FF0000,Quadrant 4,2,2,72,,#FF0000,0,190.94445878334884,6
image_109.png,5,False,153.748045437249,322.2067143686259,20,#FF0000,Quadrant 3,2,1,72,,#FF0000,0,40.97831394448524,6
image_109.png,5,False,481.77150888199697,75.91792420625299,20,#FF0000,Quadrant 2,1,2,72,,#FF0000,0,67.86904727163954,6
image_109.png,5,False,433.99104061139496,210.16192649693687,20,#FF0000,Quadrant 4,2,2,72,,#FF0000,0,27.677426407294856,6
image_109.png,5,False,36.238734153819316,331.5004250643,20,#FF0000,Quadrant 3,2,1,72,,#FF0000,0,96.39391577409543,6
image_109.png,5,False,123.54277390501255,146.04320203810823,20,#FF0000,Quadrant 1,1,1,72,,#FF0000,0,171.43978537708472,6
image_109.png,5,False,366.4471939804082,136.83932851501828,20,#FF0000,Quadrant 2,1,2,72,,#FF0000,0,106.5072728228997,6
image_109.png,5,False,172.51538966280833,236.93133757004279,20,#FF0000,Quadrant 3,2,1,72,,#FF0000,0,295.31840318684965,6
image_109.png,5,False,533.609539735809,57.744369699732715,20,#FF0000,Quadrant 2,1,2,72,,#FF0000,0,210.95877406997334,6
image_109.png,5,False,202.85319289894596,287.89175763978585,20,#FF0000,Quadrant 3,2,1,72,,#FF0000,0,173.45847268566564,6
image_109.png,5,False,59.05075467652753,237.87517855177182,20,#FF0000,Quadrant 3,2,1,72,,#FF0000,0,291.13991154758975,6
image_109.png,5,False,233.3204989077289,343.8609831776269,20,#FF0000,Quadrant 3,2,1,72,,#FF0000,0,266.3159998233035,6
image_109.png,5,False,520.2081859473618,381.9899271087377,20,#FF0000,Quadrant 4,2,2,72,,#FF0000,0,24.03679211859479,6
image_109.png,5,False,186.04788340849586,197.55472743489074,20,#FF0000,Quadrant 1,1,1,72,,#FF0000,0,341.52483656503335,6
image_109.png,5,False,134.67835793846774,364.4520445330367,20,#FF0000,Quadrant 3,2,1,72,,#FF0000,0,151.54986234971065,6
image_109.png,5,False,694.1143618712861,278.12066108744375,20,#FF0000,Quadrant 4,2,2,72,,#FF0000,0,294.8041749980853,6
image_109.png,5,False,404.72789462792366,109.70341695343578,20,#FF0000,Quadrant 2,1,2,72,,#FF0000,0,142.25938859565218,6
image_109.png,5,False,230.33559112292994,46.46245629097208,20,#FF0000,Quadrant 1,1,1,72,,#FF0000,0,199.74914052045406,6
image_109.png,5,False,542.7787899589168,188.77089099566916,20,#FF0000,Quadrant 2,1,2,72,,#FF0000,0,3.1237057008762914,6
image_109.png,5,False,466.7580157943756,138.64111471931847,20,#FF0000,Quadrant 2,1,2,72,,#FF0000,0,143.9794149076485,6
image_109.png,5,False,33.12409963083192,383.4326229335341,20,#FF0000,Quadrant 3,2,1,72,,#FF0000,0,329.2799218190962,6
image_109.png,5,False,449.2392502124568,348.18934882531295,20,#FF0000,Quadrant 4,2,2,72,,#FF0000,0,165.9248117658783,6
image_109.png,5,False,662.592846132364,360.92566893349743,20,#FF0000,Quadrant 4,2,2,72,,#FF0000,0,118.30393459130947,6
image_109.png,5,False,674.500868390138,188.83710715634658,20,#FF0000,Quadrant 2,1,2,72,,#FF0000,0,74.23047034207988,6
image_109.png,5,False,340.9082178591053,96.56518060788137,20,#FF0000,Quadrant 1,1,1,72,,#FF0000,0,48.990757193927436,6
image_109.png,5,False,18.72035826499178,358.71525831623495,20,#FF0000,Quadrant 3,2,1,72,,#FF0000,0,105.74433349716327,6
image_109.png,5,False,459.16435180058653,255.31626330717063,20,#FF0000,Quadrant 4,2,2,72,,#FF0000,0,110.02676760954766,6
image_109.png,5,False,617.0161826731846,328.3256688926895,20,#FF0000,Quadrant 4,2,2,72,,#FF0000,0,222.0225750586077,6
image_109.png,5,False,568.6615026165321,166.6583955784301,20,#FF0000,Quadrant 2,1,2,72,,#FF0000,0,82.63228514695929,6
image_109.png,5,False,138.34614550616618,99.71224504714048,20,#FF0000,Quadrant 1,1,1,72,,#FF0000,0,328.4505788119739,6
image_109.png,5,False,215.30978024882742,378.4250740031773,20,#FF0000,Quadrant 3,2,1,72,,#FF0000,0,96.64397165589422,6
image_109.png,5,False,197.54754722120327,264.03397973198,20,#FF0000,Quadrant 3,2,1,72,,#FF0000,0,314.1414566865741,6
image_109.png,5,False,530.4630815644009,13.768044082322087,20,#FF0000,Quadrant 2,1,2,72,,#FF0000,0,291.063542524295,6
image_109.png,5,False,313.6213732244226,143.69209335138314,20,#FF0000,Quadrant 1,1,1,72,,#FF0000,0,216.33227073218018,6
image_109.png,5,False,73.60346069419798,263.62029549589,20,#FF0000,Quadrant 3,2,1,72,,#FF0000,0,322.00041247660494,6
image_109.png,5,False,82.00155492016884,198.1072765952873,20,#FF0000,Quadrant 1,1,1,72,,#FF0000,0,207.3449285522295,6
image_109.png,5,False,382.4755233467252,278.12552170867076,20,#FF0000,Quadrant 4,2,2,72,,#FF0000,0,69.26598417430354,6
image_109.png,5,False,482.53588953940994,246.7167131684226,20,#FF0000,Quadrant 4,2,2,72,,#FF0000,0,356.4425810694838,6
image_109.png,5,False,632.3525239320583,305.8027773550635,20,#FF0000,Quadrant 4,2,2,72,,#FF0000,0,27.393584849409784,6
image_109.png,5,False,148.54782808805155,155.89906287774772,20,#FF0000,Quadrant 1,1,1,72,,#FF0000,0,9.778091247987234,6
image_109.png,5,False,135.87339350805735,229.44892220491923,20,#FF0000,Quadrant 3,2,1,72,,#FF0000,0,221.94104325905744,6
image_109.png,5,False,274.35719657663344,155.2465670376396,20,#FF0000,Quadrant 1,1,1,72,,#FF0000,0,87.0702941186917,6
image_109.png,5,False,275.38539777892373,225.96147002665901,20,#FF0000,Quadrant 3,2,1,72,,#FF0000,0,83.41661060909485,6
image_110.png,2,True,441.702519318865,215.78753435433381,20,#FF0000,Quadrant 4,2,2,12,140,#FF0000,0,300.51515954399855,3
image_110.png,5,False,430.4837280014174,17.139699890634535,20,#FF0000,Quadrant 2,1,2,12,,#FF0000,0,271.618094064853,3
image_110.png,5,False,169.81126838766997,311.12876763564003,20,#FF0000,Quadrant 3,2,1,12,,#FF0000,0,223.6001143269079,3
image_110.png,5,False,461.40274884334264,335.57414134029295,20,#FF0000,Quadrant 4,2,2,12,,#FF0000,0,45.65396086096292,3
image_110.png,5,False,271.81867839825793,265.5253735122161,20,#FF0000,Quadrant 3,2,1,12,,#FF0000,0,105.86019963616295,3
image_110.png,5,False,140.4084399427435,166.02215104041426,20,#FF0000,Quadrant 1,1,1,12,,#FF0000,0,184.4594266122933,3
image_110.png,5,False,217.6365930345808,206.57429939259308,20,#FF0000,Quadrant 3,2,1,12,,#FF0000,0,72.5658313195648,3
image_110.png,5,False,667.115392394897,108.27991349163403,20,#FF0000,Quadrant 2,1,2,12,,#FF0000,0,217.62285294254107,3
image_110.png,5,False,81.64152877047513,372.77103438082594,20,#FF0000,Quadrant 3,2,1,12,,#FF0000,0,170.15033672402592,3
image_110.png,5,False,311.52801642450004,242.44714807096037,20,#FF0000,Quadrant 3,2,1,12,,#FF0000,0,189.65165121294274,3
image_110.png,5,False,360.82620817779883,304.3454242316259,20,#FF0000,Quadrant 4,2,2,12,,#FF0000,0,263.39570413099,3
image_110.png,5,False,209.4114072254039,118.45738525804713,20,#FF0000,Quadrant 1,1,1,12,,#FF0000,0,130.30967691761805,3
image_110.png,5,False,132.6739894329191,367.74756220313884,20,#FF0000,Quadrant 3,2,1,12,,#FF0000,0,261.8850210482418,3
image_111.png,2,True,247.68900738915374,181.0118482684916,20,#FF0000,Quadrant 1,1,1,18,140,#FF0000,0,199.6146252655759,4
image_111.png,5,False,576.8016285586594,19.205953898575142,20,#FF0000,Quadrant 2,1,2,18,,#FF0000,0,73.5128724754549,4
image_111.png,5,False,123.36846952246091,297.94670991800336,20,#FF0000,Quadrant 3,2,1,18,,#FF0000,0,310.3087771316067,4
image_111.png,5,False,633.456457546855,208.71735309832636,20,#FF0000,Quadrant 4,2,2,18,,#FF0000,0,201.3992579884571,4
image_111.png,5,False,268.1469330076013,113.80821249123021,20,#FF0000,Quadrant 1,1,1,18,,#FF0000,0,223.72669097729494,4
image_111.png,5,False,341.4473080723791,249.72789324229726,20,#FF0000,Quadrant 3,2,1,18,,#FF0000,0,354.78126594140207,4
image_111.png,5,False,403.2602557848981,315.9207312600918,20,#FF0000,Quadrant 4,2,2,18,,#FF0000,0,2.972424697473035,4
image_111.png,5,False,672.5542631128666,118.11734869714799,20,#FF0000,Quadrant 2,1,2,18,,#FF0000,0,217.8176930137338,4
image_111.png,5,False,237.0866108228883,108.75619324362856,20,#FF0000,Quadrant 1,1,1,18,,#FF0000,0,169.31667674890707,4
image_111.png,5,False,389.56961711771936,87.1326600887807,20,#FF0000,Quadrant 2,1,2,18,,#FF0000,0,44.85628939363651,4
image_111.png,5,False,418.83141306742226,233.5297092542371,20,#FF0000,Quadrant 4,2,2,18,,#FF0000,0,13.54881073778837,4
image_111.png,5,False,390.2798657899042,369.92610313083577,20,#FF0000,Quadrant 4,2,2,18,,#FF0000,0,98.62873918633703,4
image_111.png,5,False,200.3176945919026,118.65513169436285,20,#FF0000,Quadrant 1,1,1,18,,#FF0000,0,76.4159522685567,4
image_111.png,5,False,455.4437259357719,263.1116390274176,20,#FF0000,Quadrant 4,2,2,18,,#FF0000,0,262.7013032122509,4
image_111.png,5,False,309.77677345322775,181.09012595309463,20,#FF0000,Quadrant 1,1,1,18,,#FF0000,0,185.88413079555133,4
image_111.png,5,False,410.20021735064324,183.7403851613374,20,#FF0000,Quadrant 2,1,2,18,,#FF0000,0,194.00180593181096,4
image_111.png,5,False,84.37279378823868,275.70586897855446,20,#FF0000,Quadrant 3,2,1,18,,#FF0000,0,147.08988198851523,4
image_111.png,5,False,26.329579695565968,337.32376493179004,20,#FF0000,Quadrant 3,2,1,18,,#FF0000,0,307.84923785397405,4
image_111.png,5,False,413.5427801421045,43.131334840458514,20,#FF0000,Quadrant 2,1,2,18,,#FF0000,0,307.8414132890321,4
image_112.png,2,True,636.7394689956488,41.53997121712398,20,#FF0000,Quadrant 2,1,2,34,140,#FF0000,0,223.64117263639943,5
image_112.png,5,False,159.0611413502092,208.920599703106,20,#FF0000,Quadrant 3,2,1,34,,#FF0000,0,346.81462461604406,5
image_112.png,5,False,666.3019072875596,363.4253407369148,20,#FF0000,Quadrant 4,2,2,34,,#FF0000,0,286.60238282757405,5
image_112.png,5,False,243.00169713957763,192.60422350066742,20,#FF0000,Quadrant 1,1,1,34,,#FF0000,0,161.29111764540113,5
image_112.png,5,False,308.74109630674184,134.14951670184337,20,#FF0000,Quadrant 1,1,1,34,,#FF0000,0,129.0587713627463,5
image_112.png,5,False,63.75919975342345,286.1731614541951,20,#FF0000,Quadrant 3,2,1,34,,#FF0000,0,234.94292558680726,5
image_112.png,5,False,24.781930825181323,47.25848636990686,20,#FF0000,Quadrant 1,1,1,34,,#FF0000,0,152.05589875374588,5
image_112.png,5,False,212.55397743480844,223.80459637356816,20,#FF0000,Quadrant 3,2,1,34,,#FF0000,0,176.90212278356472,5
image_112.png,5,False,135.50366937248867,118.38473391863126,20,#FF0000,Quadrant 1,1,1,34,,#FF0000,0,260.3536221825526,5
image_112.png,5,False,676.2646178492072,241.84318732850042,20,#FF0000,Quadrant 4,2,2,34,,#FF0000,0,74.6953823348613,5
image_112.png,5,False,310.67182201525753,206.47246068610121,20,#FF0000,Quadrant 3,2,1,34,,#FF0000,0,230.27804817272556,5
image_112.png,5,False,637.5291216110003,255.07951832321857,20,#FF0000,Quadrant 4,2,2,34,,#FF0000,0,116.71384895897474,5
image_112.png,5,False,292.47613015312623,278.4007902142416,20,#FF0000,Quadrant 3,2,1,34,,#FF0000,0,281.35434170980653,5
image_112.png,5,False,169.00571560711847,140.71284870436492,20,#FF0000,Quadrant 1,1,1,34,,#FF0000,0,284.7556121753231,5
image_112.png,5,False,579.3037433514139,294.26940230022313,20,#FF0000,Quadrant 4,2,2,34,,#FF0000,0,16.402011579701217,5
image_112.png,5,False,133.60594886566616,223.05424873748024,20,#FF0000,Quadrant 3,2,1,34,,#FF0000,0,95.1456621620564,5
image_112.png,5,False,583.8613177789185,214.0084507182147,20,#FF0000,Quadrant 4,2,2,34,,#FF0000,0,25.956357492405097,5
image_112.png,5,False,605.0587907525512,335.8022071494996,20,#FF0000,Quadrant 4,2,2,34,,#FF0000,0,20.050931222152325,5
image_112.png,5,False,611.3210762980935,388.61895899034954,20,#FF0000,Quadrant 4,2,2,34,,#FF0000,0,194.01022461460084,5
image_112.png,5,False,129.80403856625895,153.27620359195598,20,#FF0000,Quadrant 1,1,1,34,,#FF0000,0,154.01972582969472,5
image_112.png,5,False,365.2577849848685,309.46332519477863,20,#FF0000,Quadrant 4,2,2,34,,#FF0000,0,299.1317250453503,5
image_112.png,5,False,535.0473006352684,105.26116348460376,20,#FF0000,Quadrant 2,1,2,34,,#FF0000,0,226.5066032712009,5
image_112.png,5,False,405.77649238300495,297.80407149338424,20,#FF0000,Quadrant 4,2,2,34,,#FF0000,0,232.85701173177327,5
image_112.png,5,False,396.34920720883287,30.56931316631633,20,#FF0000,Quadrant 2,1,2,34,,#FF0000,0,146.59340284319597,5
image_112.png,5,False,233.5995530178443,143.60011663614003,20,#FF0000,Quadrant 1,1,1,34,,#FF0000,0,138.730540204871,5
image_112.png,5,False,589.6900545081177,19.216081924565316,20,#FF0000,Quadrant 2,1,2,34,,#FF0000,0,6.820320332292806,5
image_112.png,5,False,537.4836379986791,177.04593051690324,20,#FF0000,Quadrant 2,1,2,34,,#FF0000,0,28.607896462495596,5
image_112.png,5,False,425.1456209552017,42.77436387140133,20,#FF0000,Quadrant 2,1,2,34,,#FF0000,0,208.11801653991716,5
image_112.png,5,False,457.831759695597,11.579772479361168,20,#FF0000,Quadrant 2,1,2,34,,#FF0000,0,290.34450337097314,5
image_112.png,5,False,645.335207365898,335.949357386188,20,#FF0000,Quadrant 4,2,2,34,,#FF0000,0,105.8205153895329,5
image_112.png,5,False,609.2082570839734,278.6667293840368,20,#FF0000,Quadrant 4,2,2,34,,#FF0000,0,53.0747068402055,5
image_112.png,5,False,662.3492353549211,293.50129487880054,20,#FF0000,Quadrant 4,2,2,34,,#FF0000,0,52.80515595211072,5
image_112.png,5,False,220.4867204541113,117.31586891312648,20,#FF0000,Quadrant 1,1,1,34,,#FF0000,0,77.62750157224086,5
image_112.png,5,False,188.87566782268738,203.277274304433,20,#FF0000,Quadrant 3,2,1,34,,#FF0000,0,226.39248918181687,5
image_112.png,5,False,525.8266078680635,282.6802514825817,20,#FF0000,Quadrant 4,2,2,34,,#FF0000,0,215.18978130748258,5
image_113.png,2,True,60.56617910838676,375.0155013419972,20,#FF0000,Quadrant 3,2,1,30,140,#FF0000,0,37.782576630995464,4
image_113.png,5,False,266.4700290857546,267.8992076322037,20,#FF0000,Quadrant 3,2,1,30,,#FF0000,0,70.62345445190455,4
image_113.png,5,False,502.99038406673213,291.7725830154319,20,#FF0000,Quadrant 4,2,2,30,,#FF0000,0,31.959817198216914,4
image_113.png,5,False,619.2459810262199,327.8390212869946,20,#FF0000,Quadrant 4,2,2,30,,#FF0000,0,17.214179943930738,4
image_113.png,5,False,218.70121721088105,338.49427374504506,20,#FF0000,Quadrant 3,2,1,30,,#FF0000,0,318.927170937808,4
image_113.png,5,False,621.5517995126341,76.41642841120341,20,#FF0000,Quadrant 2,1,2,30,,#FF0000,0,165.95427040873682,4
image_113.png,5,False,104.638452927899,103.61113098658589,20,#FF0000,Quadrant 1,1,1,30,,#FF0000,0,148.85151714436103,4
image_113.png,5,False,381.80792686170656,274.3225131001396,20,#FF0000,Quadrant 4,2,2,30,,#FF0000,0,141.26879304661324,4
image_113.png,5,False,632.2911745208386,220.51330189262166,20,#FF0000,Quadrant 4,2,2,30,,#FF0000,0,183.39848921545706,4
image_113.png,5,False,347.49722765126256,198.4494197380333,20,#FF0000,Quadrant 1,1,1,30,,#FF0000,0,319.130879774416,4
image_113.png,5,False,676.7038635824699,335.5848834179205,20,#FF0000,Quadrant 4,2,2,30,,#FF0000,0,282.0803891009561,4
image_113.png,5,False,482.3713144856887,256.72390221434387,20,#FF0000,Quadrant 4,2,2,30,,#FF0000,0,220.77926321433034,4
image_113.png,5,False,589.2851455150395,280.4618875858091,20,#FF0000,Quadrant 4,2,2,30,,#FF0000,0,338.7416409156732,4
image_113.png,5,False,255.00356191826086,82.91760553892922,20,#FF0000,Quadrant 1,1,1,30,,#FF0000,0,49.80143734422279,4
image_113.png,5,False,553.3887146102911,342.9511372310124,20,#FF0000,Quadrant 4,2,2,30,,#FF0000,0,269.96564749993746,4
image_113.png,5,False,674.0268154887898,307.3550852442524,20,#FF0000,Quadrant 4,2,2,30,,#FF0000,0,312.91664786561347,4
image_113.png,5,False,331.8886217348672,221.7624622558868,20,#FF0000,Quadrant 3,2,1,30,,#FF0000,0,171.43135175217404,4
image_113.png,5,False,193.6803741223381,67.81251146283262,20,#FF0000,Quadrant 1,1,1,30,,#FF0000,0,101.30131877219665,4
image_113.png,5,False,422.1764699646073,143.57679745178396,20,#FF0000,Quadrant 2,1,2,30,,#FF0000,0,28.98615353498709,4
image_113.png,5,False,63.385601501725944,296.1560591318291,20,#FF0000,Quadrant 3,2,1,30,,#FF0000,0,107.29712897372303,4
image_113.png,5,False,460.0493411594815,89.6092273775585,20,#FF0000,Quadrant 2,1,2,30,,#FF0000,0,275.9510632959826,4
image_113.png,5,False,51.092115323692695,23.21628598262515,20,#FF0000,Quadrant 1,1,1,30,,#FF0000,0,223.916499106659,4
image_113.png,5,False,404.4020347849421,115.99449554937695,20,#FF0000,Quadrant 2,1,2,30,,#FF0000,0,258.34578317958164,4
image_113.png,5,False,292.8293757641453,161.60578238198033,20,#FF0000,Quadrant 1,1,1,30,,#FF0000,0,12.05896978580316,4
image_113.png,5,False,114.36042625348159,292.5590441361873,20,#FF0000,Quadrant 3,2,1,30,,#FF0000,0,261.3501079547899,4
image_113.png,5,False,247.6062316539174,209.57615641985964,20,#FF0000,Quadrant 3,2,1,30,,#FF0000,0,260.04653494671703,4
image_113.png,5,False,240.8036783865411,259.4310785514706,20,#FF0000,Quadrant 3,2,1,30,,#FF0000,0,345.09245073926803,4
image_113.png,5,False,477.3386178736545,366.88193203204526,20,#FF0000,Quadrant 4,2,2,30,,#FF0000,0,72.10253083237191,4
image_113.png,5,False,32.973361357779744,269.37747821233694,20,#FF0000,Quadrant 3,2,1,30,,#FF0000,0,154.74142845114469,4
image_113.png,5,False,332.35996797616974,334.36660170425495,20,#FF0000,Quadrant 3,2,1,30,,#FF0000,0,13.254898292438853,4
image_113.png,5,False,222.98113520447873,385.0687919021361,20,#FF0000,Quadrant 3,2,1,30,,#FF0000,0,88.38534454536281,4
image_114.png,2,True,301.3550953313848,40.73515040280414,20,#FF0000,Quadrant 1,1,1,86,140,#FF0000,0,130.20232153542236,6
image_114.png,5,False,422.92147245842546,225.5893253506215,20,#FF0000,Quadrant 4,2,2,86,,#FF0000,0,248.19655564083135,6
image_114.png,5,False,585.3146211549101,386.5877690939026,20,#FF0000,Quadrant 4,2,2,86,,#FF0000,0,264.8153795575857,6
image_114.png,5,False,81.1417963615192,346.18449303739095,20,#FF0000,Quadrant 3,2,1,86,,#FF0000,0,31.23491016881678,6
image_114.png,5,False,526.9754032610718,180.27671994042356,20,#FF0000,Quadrant 2,1,2,86,,#FF0000,0,180.85767177800173,6
image_114.png,5,False,335.0944614271719,171.6689834670257,20,#FF0000,Quadrant 1,1,1,86,,#FF0000,0,262.8598450892311,6
image_114.png,5,False,453.9141444897285,255.90989624232867,20,#FF0000,Quadrant 4,2,2,86,,#FF0000,0,33.48338711158644,6
image_114.png,5,False,471.8924784663415,117.09104356443018,20,#FF0000,Quadrant 2,1,2,86,,#FF0000,0,184.00382321529003,6
image_114.png,5,False,413.06620789020076,162.16041795700153,20,#FF0000,Quadrant 2,1,2,86,,#FF0000,0,166.16097825697028,6
image_114.png,5,False,549.7796814780895,155.92516516877495,20,#FF0000,Quadrant 2,1,2,86,,#FF0000,0,234.32346276238397,6
image_114.png,5,False,498.92898716868353,16.980985938470063,20,#FF0000,Quadrant 2,1,2,86,,#FF0000,0,318.7577296272966,6
image_114.png,5,False,102.75222308296416,163.75587327546864,20,#FF0000,Quadrant 1,1,1,86,,#FF0000,0,134.23102063182984,6
image_114.png,5,False,414.86899321768334,17.341277086086805,20,#FF0000,Quadrant 2,1,2,86,,#FF0000,0,352.06227493393123,6
image_114.png,5,False,57.713790955543296,282.528386861227,20,#FF0000,Quadrant 3,2,1,86,,#FF0000,0,231.085392108386,6
image_114.png,5,False,496.31209074787625,198.63148678707583,20,#FF0000,Quadrant 2,1,2,86,,#FF0000,0,64.97303610094303,6
image_114.png,5,False,600.3467627536768,130.27628965060802,20,#FF0000,Quadrant 2,1,2,86,,#FF0000,0,326.9765307223659,6
image_114.png,5,False,479.80187364456606,246.5475748199322,20,#FF0000,Quadrant 4,2,2,86,,#FF0000,0,301.74332539159303,6
image_114.png,5,False,641.1771572544054,36.358256651285636,20,#FF0000,Quadrant 2,1,2,86,,#FF0000,0,152.0391704358508,6
image_114.png,5,False,57.32334043843981,342.00348589833453,20,#FF0000,Quadrant 3,2,1,86,,#FF0000,0,19.7262535068333,6
image_114.png,5,False,270.13044380551213,127.5476033625097,20,#FF0000,Quadrant 1,1,1,86,,#FF0000,0,191.49628415612816,6
image_114.png,5,False,608.7866383110373,91.59490296666712,20,#FF0000,Quadrant 2,1,2,86,,#FF0000,0,110.71019800293595,6
image_114.png,5,False,73.20889928597714,182.529955604388,20,#FF0000,Quadrant 1,1,1,86,,#FF0000,0,212.6810802644719,6
image_114.png,5,False,244.9735106119325,109.71475854566924,20,#FF0000,Quadrant 1,1,1,86,,#FF0000,0,266.63383171054255,6
image_114.png,5,False,219.38499556650154,59.46045974646895,20,#FF0000,Quadrant 1,1,1,86,,#FF0000,0,107.72362106522796,6
image_114.png,5,False,428.3325587722057,117.60582277906077,20,#FF0000,Quadrant 2,1,2,86,,#FF0000,0,67.67193584019817,6
image_114.png,5,False,629.1648923471853,341.28177751668335,20,#FF0000,Quadrant 4,2,2,86,,#FF0000,0,6.007324567498942,6
image_114.png,5,False,508.46284397442537,307.00841677724765,20,#FF0000,Quadrant 4,2,2,86,,#FF0000,0,59.93404336181733,6
image_114.png,5,False,166.4799624725473,146.0778406338275,20,#FF0000,Quadrant 1,1,1,86,,#FF0000,0,173.10630077310122,6
image_114.png,5,False,641.970134587424,268.7803502863611,20,#FF0000,Quadrant 4,2,2,86,,#FF0000,0,29.551220487187777,6
image_114.png,5,False,353.36449751314865,125.32471510845086,20,#FF0000,Quadrant 1,1,1,86,,#FF0000,0,312.14306884430283,6
image_114.png,5,False,678.8990419600153,358.25848843548624,20,#FF0000,Quadrant 4,2,2,86,,#FF0000,0,73.36331183062585,6
image_114.png,5,False,475.6037276645158,14.274492796003074,20,#FF0000,Quadrant 2,1,2,86,,#FF0000,0,27.487751409215548,6
image_114.png,5,False,299.28318713020764,131.3097303513097,20,#FF0000,Quadrant 1,1,1,86,,#FF0000,0,340.0835009617966,6
image_114.png,5,False,251.64136960890707,370.4274478935919,20,#FF0000,Quadrant 3,2,1,86,,#FF0000,0,293.2973136624137,6
image_114.png,5,False,92.94096352825304,219.0426358854471,20,#FF0000,Quadrant 3,2,1,86,,#FF0000,0,60.40351249095742,6
image_114.png,5,False,615.1319797708367,315.94437909359783,20,#FF0000,Quadrant 4,2,2,86,,#FF0000,0,118.03260686801215,6
image_114.png,5,False,557.8270170667619,39.71901478247841,20,#FF0000,Quadrant 2,1,2,86,,#FF0000,0,319.0293744494765,6
image_114.png,5,False,698.5938276775657,381.13991252922165,20,#FF0000,Quadrant 4,2,2,86,,#FF0000,0,61.491288465300286,6
image_114.png,5,False,567.4715866481762,328.3322144845381,20,#FF0000,Quadrant 4,2,2,86,,#FF0000,0,118.90514828236502,6
image_114.png,5,False,133.51420600135677,214.37796202072394,20,#FF0000,Quadrant 3,2,1,86,,#FF0000,0,272.8434221707293,6
image_114.png,5,False,77.90250676761639,94.28823589963102,20,#FF0000,Quadrant 1,1,1,86,,#FF0000,0,339.2870562327895,6
image_114.png,5,False,668.7152030100408,45.66254618050574,20,#FF0000,Quadrant 2,1,2,86,,#FF0000,0,191.69765200014157,6
image_114.png,5,False,538.3808362132687,287.82436547409105,20,#FF0000,Quadrant 4,2,2,86,,#FF0000,0,320.9502975488576,6
image_114.png,5,False,687.6183947885069,76.41267041745814,20,#FF0000,Quadrant 2,1,2,86,,#FF0000,0,253.2878734053083,6
image_114.png,5,False,330.2207860201878,328.9675884212367,20,#FF0000,Quadrant 3,2,1,86,,#FF0000,0,133.1911546492873,6
image_114.png,5,False,81.00574192006088,34.93277447427762,20,#FF0000,Quadrant 1,1,1,86,,#FF0000,0,264.78199014475,6
image_114.png,5,False,336.33332953059124,84.02655906664269,20,#FF0000,Quadrant 1,1,1,86,,#FF0000,0,113.1821290828701,6
image_114.png,5,False,260.723371795494,331.9125061363139,20,#FF0000,Quadrant 3,2,1,86,,#FF0000,0,230.80079561687293,6
image_114.png,5,False,231.98143675149888,25.738766295819865,20,#FF0000,Quadrant 1,1,1,86,,#FF0000,0,342.8171657219369,6
image_114.png,5,False,435.8642064398043,346.66376420760133,20,#FF0000,Quadrant 4,2,2,86,,#FF0000,0,321.733200379334,6
image_114.png,5,False,231.31923829473666,164.76179330242903,20,#FF0000,Quadrant 1,1,1,86,,#FF0000,0,276.49940097801647,6
image_114.png,5,False,308.75749002810875,294.2400756812333,20,#FF0000,Quadrant 3,2,1,86,,#FF0000,0,302.1876741562139,6
image_114.png,5,False,691.6998421303322,125.7516635748654,20,#FF0000,Quadrant 2,1,2,86,,#FF0000,0,109.95364038045012,6
image_114.png,5,False,522.225925087304,80.46205983986226,20,#FF0000,Quadrant 2,1,2,86,,#FF0000,0,281.9107636884617,6
image_114.png,5,False,108.39640025164218,365.8511146161303,20,#FF0000,Quadrant 3,2,1,86,,#FF0000,0,212.76439037457843,6
image_114.png,5,False,422.98832417200924,139.98993003160462,20,#FF0000,Quadrant 2,1,2,86,,#FF0000,0,308.7673184703456,6
image_114.png,5,False,516.5486313532545,49.92598204805819,20,#FF0000,Quadrant 2,1,2,86,,#FF0000,0,222.52451397664814,6
image_114.png,5,False,83.09802703788674,273.6248085560242,20,#FF0000,Quadrant 3,2,1,86,,#FF0000,0,150.9663640693696,6
image_114.png,5,False,468.6019690803472,61.65109947639229,20,#FF0000,Quadrant 2,1,2,86,,#FF0000,0,47.66930801878442,6
image_114.png,5,False,289.6990141718987,64.44744452669042,20,#FF0000,Quadrant 1,1,1,86,,#FF0000,0,266.4192298386934,6
image_114.png,5,False,648.3630477247884,68.43519593545287,20,#FF0000,Quadrant 2,1,2,86,,#FF0000,0,296.7216615471602,6
image_114.png,5,False,128.47396112318503,306.6579677166708,20,#FF0000,Quadrant 3,2,1,86,,#FF0000,0,229.693174844675,6
image_114.png,5,False,375.5348349091249,249.67947903599025,20,#FF0000,Quadrant 4,2,2,86,,#FF0000,0,52.56381609269765,6
image_114.png,5,False,561.9457275526428,278.7814059603245,20,#FF0000,Quadrant 4,2,2,86,,#FF0000,0,178.76496498477962,6
image_114.png,5,False,18.663354582235097,225.96975839949502,20,#FF0000,Quadrant 3,2,1,86,,#FF0000,0,268.47191334812044,6
image_114.png,5,False,561.9608953664138,250.40720937176687,20,#FF0000,Quadrant 4,2,2,86,,#FF0000,0,50.09483097745133,6
image_114.png,5,False,447.5165854045591,197.08056136185945,20,#FF0000,Quadrant 2,1,2,86,,#FF0000,0,337.3137204422516,6
image_114.png,5,False,390.82380163079364,183.31699386671994,20,#FF0000,Quadrant 2,1,2,86,,#FF0000,0,273.6228117924997,6
image_114.png,5,False,119.793546068919,22.531093490308507,20,#FF0000,Quadrant 1,1,1,86,,#FF0000,0,253.24530834291298,6
image_114.png,5,False,466.43462757181726,356.0644811653927,20,#FF0000,Quadrant 4,2,2,86,,#FF0000,0,345.65871829047677,6
image_114.png,5,False,244.98461656426397,197.484702094168,20,#FF0000,Quadrant 1,1,1,86,,#FF0000,0,96.23929173639739,6
image_114.png,5,False,565.6873517398319,221.35741633955,20,#FF0000,Quadrant 4,2,2,86,,#FF0000,0,46.37443700039316,6
image_114.png,5,False,139.3374977019925,282.10855712525523,20,#FF0000,Quadrant 3,2,1,86,,#FF0000,0,106.28696948650301,6
image_114.png,5,False,453.69583045612177,278.0558821964608,20,#FF0000,Quadrant 4,2,2,86,,#FF0000,0,333.18195945786704,6
image_114.png,5,False,448.21481751906924,378.4357905942196,20,#FF0000,Quadrant 4,2,2,86,,#FF0000,0,313.42487834420325,6
image_114.png,5,False,151.71978540946515,46.444439131164984,20,#FF0000,Quadrant 1,1,1,86,,#FF0000,0,247.611851494392,6
image_114.png,5,False,162.9641738214587,222.2505924256725,20,#FF0000,Quadrant 3,2,1,86,,#FF0000,0,289.89329016531553,6
image_114.png,5,False,649.5280399821723,178.3774587004332,20,#FF0000,Quadrant 2,1,2,86,,#FF0000,0,191.10352593002676,6
image_114.png,5,False,250.4927664042735,274.5631308212776,20,#FF0000,Quadrant 3,2,1,86,,#FF0000,0,316.826448568181,6
image_114.png,5,False,433.5929300751565,324.58423499639025,20,#FF0000,Quadrant 4,2,2,86,,#FF0000,0,328.0761363475961,6
image_114.png,5,False,279.26409692356214,373.4950405942831,20,#FF0000,Quadrant 3,2,1,86,,#FF0000,0,26.6648006004191,6
image_114.png,5,False,26.867739860509964,44.333638929468975,20,#FF0000,Quadrant 1,1,1,86,,#FF0000,0,303.6045212519776,6
image_114.png,5,False,530.2754191073843,243.62070208661402,20,#FF0000,Quadrant 4,2,2,86,,#FF0000,0,317.594551955692,6
image_114.png,5,False,22.48998666435245,135.46442843849738,20,#FF0000,Quadrant 1,1,1,86,,#FF0000,0,77.15485947741793,6
image_114.png,5,False,514.1603576513066,334.8847227992572,20,#FF0000,Quadrant 4,2,2,86,,#FF0000,0,273.5740749505993,6
image_114.png,5,False,396.92232764578256,370.37912293897244,20,#FF0000,Quadrant 4,2,2,86,,#FF0000,0,262.7469561138829,6
image_114.png,5,False,223.23936051566074,233.687863535215,20,#FF0000,Quadrant 3,2,1,86,,#FF0000,0,205.03361273069214,6
image_115.png,2,True,327.66539599238104,223.94923928638622,20,#FF0000,Quadrant 3,2,1,97,140,#FF0000,0,43.93268803850988,6
image_115.png,5,False,260.20252701479166,127.28243267915329,20,#FF0000,Quadrant 1,1,1,97,,#FF0000,0,17.2006656567152,6
image_115.png,5,False,175.92488810042295,146.4778618936425,20,#FF0000,Quadrant 1,1,1,97,,#FF0000,0,46.13249184106238,6
image_115.png,5,False,517.7020077458794,190.25974001951502,20,#FF0000,Quadrant 2,1,2,97,,#FF0000,0,33.47126740688529,6
image_115.png,5,False,576.0306189199626,136.2620737809945,20,#FF0000,Quadrant 2,1,2,97,,#FF0000,0,230.25769844849674,6
image_115.png,5,False,464.0230008518391,159.87272960330858,20,#FF0000,Quadrant 2,1,2,97,,#FF0000,0,79.58256338085266,6
image_115.png,5,False,394.49270726203116,337.7928951604771,20,#FF0000,Quadrant 4,2,2,97,,#FF0000,0,2.8175527663396105,6
image_115.png,5,False,289.36434033008754,247.92642791462214,20,#FF0000,Quadrant 3,2,1,97,,#FF0000,0,273.29010893512094,6
image_115.png,5,False,296.1574810603064,313.2771266057598,20,#FF0000,Quadrant 3,2,1,97,,#FF0000,0,269.35728041291367,6
image_115.png,5,False,466.31154636169265,235.15444832121835,20,#FF0000,Quadrant 4,2,2,97,,#FF0000,0,136.7992249723968,6
image_115.png,5,False,544.4915751231766,366.04068403242303,20,#FF0000,Quadrant 4,2,2,97,,#FF0000,0,60.04764417053449,6
image_115.png,5,False,138.85862880384406,345.8724838200614,20,#FF0000,Quadrant 3,2,1,97,,#FF0000,0,192.52660988925314,6
image_115.png,5,False,124.51249347587635,213.8050654575565,20,#FF0000,Quadrant 3,2,1,97,,#FF0000,0,189.19337038877572,6
image_115.png,5,False,268.3529465754453,26.7756090842669,20,#FF0000,Quadrant 1,1,1,97,,#FF0000,0,55.53446775949716,6
image_115.png,5,False,365.3108255879753,172.44149880332662,20,#FF0000,Quadrant 2,1,2,97,,#FF0000,0,323.37999748873085,6
image_115.png,5,False,480.5592561894794,325.42158643654886,20,#FF0000,Quadrant 4,2,2,97,,#FF0000,0,261.8975087053282,6
image_115.png,5,False,293.14840565149854,198.189023508879,20,#FF0000,Quadrant 1,1,1,97,,#FF0000,0,174.58504890198444,6
image_115.png,5,False,664.9230558504544,116.28883074560949,20,#FF0000,Quadrant 2,1,2,97,,#FF0000,0,6.649956851394911,6
image_115.png,5,False,161.7606978823622,379.00795276170004,20,#FF0000,Quadrant 3,2,1,97,,#FF0000,0,288.61565857081905,6
image_115.png,5,False,111.9793567558508,98.33728105651265,20,#FF0000,Quadrant 1,1,1,97,,#FF0000,0,170.97979903593856,6
image_115.png,5,False,66.91989263166396,191.52369323267476,20,#FF0000,Quadrant 1,1,1,97,,#FF0000,0,229.02421260058728,6
image_115.png,5,False,482.0548809278303,279.04708414261523,20,#FF0000,Quadrant 4,2,2,97,,#FF0000,0,323.00031963035946,6
image_115.png,5,False,200.156671362388,278.82718627810334,20,#FF0000,Quadrant 3,2,1,97,,#FF0000,0,224.15489357617565,6
image_115.png,5,False,70.93307514668206,270.24420376369255,20,#FF0000,Quadrant 3,2,1,97,,#FF0000,0,347.53246828553284,6
image_115.png,5,False,211.59036064024767,210.04094602034766,20,#FF0000,Quadrant 3,2,1,97,,#FF0000,0,254.07147280127452,6
image_115.png,5,False,688.1217917410081,70.15333032599841,20,#FF0000,Quadrant 2,1,2,97,,#FF0000,0,246.20552002963518,6
image_115.png,5,False,535.062317847363,328.15351580691737,20,#FF0000,Quadrant 4,2,2,97,,#FF0000,0,159.75460675629222,6
image_115.png,5,False,555.2472563920851,244.9134447601547,20,#FF0000,Quadrant 4,2,2,97,,#FF0000,0,234.68893857608634,6
image_115.png,5,False,553.3328219376821,38.19387880054252,20,#FF0000,Quadrant 2,1,2,97,,#FF0000,0,146.25329738865324,6
image_115.png,5,False,452.87368488525647,128.43723193690465,20,#FF0000,Quadrant 2,1,2,97,,#FF0000,0,128.94856035943255,6
image_115.png,5,False,655.4666932738506,13.999912271713079,20,#FF0000,Quadrant 2,1,2,97,,#FF0000,0,153.63645289488002,6
image_115.png,5,False,400.78420047670454,89.07397260266384,20,#FF0000,Quadrant 2,1,2,97,,#FF0000,0,291.21982200395564,6
image_115.png,5,False,518.3852130584166,228.57952123657753,20,#FF0000,Quadrant 4,2,2,97,,#FF0000,0,30.91013545614728,6
image_115.png,5,False,372.260284583618,298.0246788462115,20,#FF0000,Quadrant 4,2,2,97,,#FF0000,0,52.05006335266658,6
image_115.png,5,False,159.11191890655712,302.9268972169265,20,#FF0000,Quadrant 3,2,1,97,,#FF0000,0,285.0769080835485,6
image_115.png,5,False,341.4425777934641,166.05931057890015,20,#FF0000,Quadrant 1,1,1,97,,#FF0000,0,216.07286051110532,6
image_115.png,5,False,443.9879399851792,300.6584633888828,20,#FF0000,Quadrant 4,2,2,97,,#FF0000,0,17.575154635170257,6
image_115.png,5,False,489.27475120110677,371.9588595129787,20,#FF0000,Quadrant 4,2,2,97,,#FF0000,0,156.92181405251068,6
image_115.png,5,False,613.3545939679286,377.97309551161175,20,#FF0000,Quadrant 4,2,2,97,,#FF0000,0,289.6071775865302,6
image_115.png,5,False,557.8137431483201,85.29025742393706,20,#FF0000,Quadrant 2,1,2,97,,#FF0000,0,98.853947840023,6
image_115.png,5,False,14.45055147708013,327.95502190990436,20,#FF0000,Quadrant 3,2,1,97,,#FF0000,0,108.00435631929008,6
image_115.png,5,False,618.1084100759899,161.87186555037388,20,#FF0000,Quadrant 2,1,2,97,,#FF0000,0,134.90206395120757,6
image_115.png,5,False,345.83359605730476,361.98958783416424,20,#FF0000,Quadrant 3,2,1,97,,#FF0000,0,355.23524007852,6
image_115.png,5,False,198.7977181836596,343.9239480194599,20,#FF0000,Quadrant 3,2,1,97,,#FF0000,0,117.46656130282051,6
image_115.png,5,False,624.5758174388208,194.1620678714618,20,#FF0000,Quadrant 2,1,2,97,,#FF0000,0,14.725047509517744,6
image_115.png,5,False,105.93463934650512,62.420482040743615,20,#FF0000,Quadrant 1,1,1,97,,#FF0000,0,227.8771404339779,6
image_115.png,5,False,527.3275027206449,160.34316319016807,20,#FF0000,Quadrant 2,1,2,97,,#FF0000,0,226.4855048044984,6
image_115.png,5,False,423.91825082162126,68.89334921990181,20,#FF0000,Quadrant 2,1,2,97,,#FF0000,0,22.667944122484247,6
image_115.png,5,False,687.2317152654949,165.5143130272712,20,#FF0000,Quadrant 2,1,2,97,,#FF0000,0,191.05762076053168,6
image_115.png,5,False,648.6603748757351,69.04714586989128,20,#FF0000,Quadrant 2,1,2,97,,#FF0000,0,265.9989129420627,6
image_115.png,5,False,519.3876152510443,75.5293224369104,20,#FF0000,Quadrant 2,1,2,97,,#FF0000,0,180.472150230371,6
image_115.png,5,False,621.5000821687753,307.6044179746882,20,#FF0000,Quadrant 4,2,2,97,,#FF0000,0,115.55363789316823,6
image_115.png,5,False,160.86298620574215,103.95025504692232,20,#FF0000,Quadrant 1,1,1,97,,#FF0000,0,301.83512714720774,6
image_115.png,5,False,353.5207955375182,139.58959225309044,20,#FF0000,Quadrant 1,1,1,97,,#FF0000,0,7.059667128979701,6
image_115.png,5,False,106.60546110984545,356.5622467994259,20,#FF0000,Quadrant 3,2,1,97,,#FF0000,0,115.20921496784773,6
image_115.png,5,False,298.16485727591134,93.231678532247,20,#FF0000,Quadrant 1,1,1,97,,#FF0000,0,139.05984569833785,6
image_115.png,5,False,526.6395341191227,11.955465797458327,20,#FF0000,Quadrant 2,1,2,97,,#FF0000,0,96.11817586336798,6
image_115.png,5,False,247.59838177730296,262.8628155240607,20,#FF0000,Quadrant 3,2,1,97,,#FF0000,0,172.97915383315802,6
image_115.png,5,False,116.53877153629195,267.12757627711534,20,#FF0000,Quadrant 3,2,1,97,,#FF0000,0,133.31710446378443,6
image_115.png,5,False,77.12838869316641,126.97756374119062,20,#FF0000,Quadrant 1,1,1,97,,#FF0000,0,99.84124025416908,6
image_115.png,5,False,474.67209668910704,103.43505631057928,20,#FF0000,Quadrant 2,1,2,97,,#FF0000,0,187.20484996855828,6
image_115.png,5,False,242.7410886718475,226.59778706638798,20,#FF0000,Quadrant 3,2,1,97,,#FF0000,0,281.02447086478327,6
image_115.png,5,False,317.5645457154739,143.49087486677587,20,#FF0000,Quadrant 1,1,1,97,,#FF0000,0,97.96078948967846,6
image_115.png,5,False,412.23840563480945,24.872754514012655,20,#FF0000,Quadrant 2,1,2,97,,#FF0000,0,280.8475058892827,6
image_115.png,5,False,235.71296765477766,285.15742516236133,20,#FF0000,Quadrant 3,2,1,97,,#FF0000,0,6.7471379801042985,6
image_115.png,5,False,463.8402282776051,49.498766981929236,20,#FF0000,Quadrant 2,1,2,97,,#FF0000,0,193.3356467594968,6
image_115.png,5,False,12.841624326386633,231.0952627838306,20,#FF0000,Quadrant 3,2,1,97,,#FF0000,0,50.71104989448663,6
image_115.png,5,False,602.5724772024365,31.324370712335845,20,#FF0000,Quadrant 2,1,2,97,,#FF0000,0,276.3654281236004,6
image_115.png,5,False,97.11767453656599,30.260312206955838,20,#FF0000,Quadrant 1,1,1,97,,#FF0000,0,166.97263276564803,6
image_115.png,5,False,324.39451589225894,97.45471809608416,20,#FF0000,Quadrant 1,1,1,97,,#FF0000,0,90.81400876077797,6
image_115.png,5,False,627.262994864824,110.19284916237442,20,#FF0000,Quadrant 2,1,2,97,,#FF0000,0,25.83235990042231,6
image_115.png,5,False,102.97590189547618,144.20629763824385,20,#FF0000,Quadrant 1,1,1,97,,#FF0000,0,193.16146414095445,6
image_115.png,5,False,673.7658193247897,138.297725466549,20,#FF0000,Quadrant 2,1,2,97,,#FF0000,0,131.5016684575932,6
image_115.png,5,False,412.0483082710663,376.8918761183566,20,#FF0000,Quadrant 4,2,2,97,,#FF0000,0,242.69438467886752,6
image_115.png,5,False,525.5709407991723,124.93368812518364,20,#FF0000,Quadrant 2,1,2,97,,#FF0000,0,123.84375791962731,6
image_115.png,5,False,41.53049157604231,308.64280692797985,20,#FF0000,Quadrant 3,2,1,97,,#FF0000,0,147.16229814948665,6
image_115.png,5,False,522.0061711381878,258.6660066807516,20,#FF0000,Quadrant 4,2,2,97,,#FF0000,0,85.8010184528364,6
image_115.png,5,False,219.04471772866899,11.71100040987414,20,#FF0000,Quadrant 1,1,1,97,,#FF0000,0,346.4388414450743,6
image_115.png,5,False,683.3285432258349,250.5002430883641,20,#FF0000,Quadrant 4,2,2,97,,#FF0000,0,213.44508915359427,6
image_115.png,5,False,507.33097770547346,315.9087785642944,20,#FF0000,Quadrant 4,2,2,97,,#FF0000,0,212.35219758816302,6
image_115.png,5,False,231.02645256402326,139.53725410993644,20,#FF0000,Quadrant 1,1,1,97,,#FF0000,0,125.74781043016907,6
image_115.png,5,False,502.86653406304,163.1155005098588,20,#FF0000,Quadrant 2,1,2,97,,#FF0000,0,102.02440838687707,6
image_115.png,5,False,24.29424481561025,184.92435271679818,20,#FF0000,Quadrant 1,1,1,97,,#FF0000,0,139.7894277891387,6
image_115.png,5,False,313.0089851733037,24.33050728860725,20,#FF0000,Quadrant 1,1,1,97,,#FF0000,0,272.87225721589965,6
image_115.png,5,False,405.64445771804435,255.26577824317292,20,#FF0000,Quadrant 4,2,2,97,,#FF0000,0,137.95834098461486,6
image_115.png,5,False,285.1313748938087,276.9742640778736,20,#FF0000,Quadrant 3,2,1,97,,#FF0000,0,244.76546403193507,6
image_115.png,5,False,468.89732366597366,302.30586534121863,20,#FF0000,Quadrant 4,2,2,97,,#FF0000,0,281.01365778659476,6
image_115.png,5,False,698.7696978478275,309.84177757761563,20,#FF0000,Quadrant 4,2,2,97,,#FF0000,0,89.99520247473275,6
image_115.png,5,False,176.4652493190909,343.33437592311907,20,#FF0000,Quadrant 3,2,1,97,,#FF0000,0,175.25053471288518,6
image_115.png,5,False,495.5261356326389,235.6629221740534,20,#FF0000,Quadrant 4,2,2,97,,#FF0000,0,286.4101070774831,6
image_115.png,5,False,50.81932207285762,59.4169338957466,20,#FF0000,Quadrant 1,1,1,97,,#FF0000,0,16.371159077122172,6
image_115.png,5,False,144.56259886720193,13.759908796304648,20,#FF0000,Quadrant 1,1,1,97,,#FF0000,0,38.329372340301894,6
image_115.png,5,False,166.03598821985443,192.3583781960391,20,#FF0000,Quadrant 1,1,1,97,,#FF0000,0,242.05395409642358,6
image_115.png,5,False,402.197816366538,177.93592751428815,20,#FF0000,Quadrant 2,1,2,97,,#FF0000,0,277.8807290031372,6
image_115.png,5,False,26.396860354064813,276.95840992159697,20,#FF0000,Quadrant 3,2,1,97,,#FF0000,0,187.2576202957003,6
image_115.png,5,False,625.1088093366417,15.159469150490981,20,#FF0000,Quadrant 2,1,2,97,,#FF0000,0,307.49550365225355,6
image_115.png,5,False,325.37481395953967,283.506480711011,20,#FF0000,Quadrant 3,2,1,97,,#FF0000,0,18.557852574454785,6
image_115.png,5,False,571.6800692429416,158.3564607471888,20,#FF0000,Quadrant 2,1,2,97,,#FF0000,0,131.31267221167042,6
image_116.png,2,True,682.2991961726004,140.54253986922984,20,#FF0000,Quadrant 2,1,2,4,140,#FF0000,0,184.91981821267498,1
image_116.png,5,False,472.2086446508057,100.69357315479449,20,#FF0000,Quadrant 2,1,2,4,,#FF0000,0,341.49007556586366,1
image_116.png,5,False,568.9371254027184,368.5788373198319,20,#FF0000,Quadrant 4,2,2,4,,#FF0000,0,262.6055131071448,1
image_116.png,5,False,562.1443978999947,64.48339334907047,20,#FF0000,Quadrant 2,1,2,4,,#FF0000,0,254.71511751581244,1
image_116.png,5,False,537.1116650358512,158.5486030297285,20,#FF0000,Quadrant 2,1,2,4,,#FF0000,0,182.36876034016908,1
image_117.png,2,True,569.2607819064724,265.09883615779665,20,#FF0000,Quadrant 4,2,2,75,140,#FF0000,0,37.32704245929293,6
image_117.png,5,False,559.9703239780828,73.8413644474837,20,#FF0000,Quadrant 2,1,2,75,,#FF0000,0,344.4890647426595,6
image_117.png,5,False,464.1379513043431,132.81856317540002,20,#FF0000,Quadrant 2,1,2,75,,#FF0000,0,94.987472784402,6
image_117.png,5,False,271.173833183327,359.9971566118423,20,#FF0000,Quadrant 3,2,1,75,,#FF0000,0,57.26401127753735,6
image_117.png,5,False,555.1157734638214,217.59749778029405,20,#FF0000,Quadrant 4,2,2,75,,#FF0000,0,210.80911201330628,6
image_117.png,5,False,112.10849261104605,136.92945160109196,20,#FF0000,Quadrant 1,1,1,75,,#FF0000,0,290.1703512090592,6
image_117.png,5,False,221.9263026467162,380.20987761473947,20,#FF0000,Quadrant 3,2,1,75,,#FF0000,0,222.73066037485648,6
image_117.png,5,False,322.08690743916736,110.83204366139236,20,#FF0000,Quadrant 1,1,1,75,,#FF0000,0,273.1604718763407,6
image_117.png,5,False,271.1267072501602,151.72997893858792,20,#FF0000,Quadrant 1,1,1,75,,#FF0000,0,226.48157788981064,6
image_117.png,5,False,269.22664681790553,320.57143622514354,20,#FF0000,Quadrant 3,2,1,75,,#FF0000,0,77.31725026004649,6
image_117.png,5,False,648.0041525784666,52.34391481318906,20,#FF0000,Quadrant 2,1,2,75,,#FF0000,0,100.85905271103734,6
image_117.png,5,False,634.6036899964436,140.5061499346346,20,#FF0000,Quadrant 2,1,2,75,,#FF0000,0,306.00061144847547,6
image_117.png,5,False,645.8214423444139,81.90533038405438,20,#FF0000,Quadrant 2,1,2,75,,#FF0000,0,76.97850121212562,6
image_117.png,5,False,484.44596777833846,65.57733398602025,20,#FF0000,Quadrant 2,1,2,75,,#FF0000,0,347.89360289711135,6
image_117.png,5,False,419.65417891808727,179.0433636648618,20,#FF0000,Quadrant 2,1,2,75,,#FF0000,0,36.09622395341112,6
image_117.png,5,False,547.4514928131578,116.63524800404247,20,#FF0000,Quadrant 2,1,2,75,,#FF0000,0,35.898118267512466,6
image_117.png,5,False,66.30684741778421,155.39669724961774,20,#FF0000,Quadrant 1,1,1,75,,#FF0000,0,178.7958301460435,6
image_117.png,5,False,30.22398980614335,39.16130564116991,20,#FF0000,Quadrant 1,1,1,75,,#FF0000,0,48.44847365984691,6
image_117.png,5,False,178.99894484614427,102.82907675457837,20,#FF0000,Quadrant 1,1,1,75,,#FF0000,0,238.27530524136063,6
image_117.png,5,False,127.42995029861578,89.26823544886788,20,#FF0000,Quadrant 1,1,1,75,,#FF0000,0,66.45027309246152,6
image_117.png,5,False,145.7650037341996,203.08380357977967,20,#FF0000,Quadrant 3,2,1,75,,#FF0000,0,140.10025534116065,6
image_117.png,5,False,283.08105963448065,121.02819269279723,20,#FF0000,Quadrant 1,1,1,75,,#FF0000,0,316.24189704638616,6
image_117.png,5,False,42.83860540810771,227.5977622270164,20,#FF0000,Quadrant 3,2,1,75,,#FF0000,0,326.8575511414234,6
image_117.png,5,False,466.7047712817293,193.63768490117374,20,#FF0000,Quadrant 2,1,2,75,,#FF0000,0,356.89844751241526,6
image_117.png,5,False,385.44606411052644,304.13129286305707,20,#FF0000,Quadrant 4,2,2,75,,#FF0000,0,39.026656073903396,6
image_117.png,5,False,521.1787353154225,152.06073116493684,20,#FF0000,Quadrant 2,1,2,75,,#FF0000,0,135.7979200182649,6
image_117.png,5,False,461.7477210583958,271.45820861229026,20,#FF0000,Quadrant 4,2,2,75,,#FF0000,0,173.9458262293367,6
image_117.png,5,False,297.6487911629548,373.29830671444427,20,#FF0000,Quadrant 3,2,1,75,,#FF0000,0,23.64495895164535,6
image_117.png,5,False,282.98403558485103,29.645129444147017,20,#FF0000,Quadrant 1,1,1,75,,#FF0000,0,304.39996768394406,6
image_117.png,5,False,356.1916676585559,318.66267079924404,20,#FF0000,Quadrant 4,2,2,75,,#FF0000,0,107.92956975901193,6
image_117.png,5,False,166.84367791926272,323.64764664878106,20,#FF0000,Quadrant 3,2,1,75,,#FF0000,0,80.05332303120045,6
image_117.png,5,False,593.1709864652902,258.34102183711116,20,#FF0000,Quadrant 4,2,2,75,,#FF0000,0,58.26070025089493,6
image_117.png,5,False,187.86809587157106,173.3130959766162,20,#FF0000,Quadrant 1,1,1,75,,#FF0000,0,286.5042983309779,6
image_117.png,5,False,416.69858683102166,42.49289931120796,20,#FF0000,Quadrant 2,1,2,75,,#FF0000,0,107.46382027348703,6
image_117.png,5,False,505.64966551495246,269.81142470637343,20,#FF0000,Quadrant 4,2,2,75,,#FF0000,0,13.32179007116299,6
image_117.png,5,False,480.71250034182106,157.2495907588986,20,#FF0000,Quadrant 2,1,2,75,,#FF0000,0,83.04875656456794,6
image_117.png,5,False,506.61019460821433,294.7603785538163,20,#FF0000,Quadrant 4,2,2,75,,#FF0000,0,347.4922010544055,6
image_117.png,5,False,169.10349147450486,60.40021016537235,20,#FF0000,Quadrant 1,1,1,75,,#FF0000,0,232.26225261068114,6
image_117.png,5,False,698.6557707629013,277.55333542363354,20,#FF0000,Quadrant 4,2,2,75,,#FF0000,0,293.1662624949315,6
image_117.png,5,False,605.8663116583465,222.17092742712921,20,#FF0000,Quadrant 4,2,2,75,,#FF0000,0,24.894477020661945,6
image_117.png,5,False,284.60606427863894,216.9454285036934,20,#FF0000,Quadrant 3,2,1,75,,#FF0000,0,35.94277611090356,6
image_117.png,5,False,331.07279606640293,15.072816064778252,20,#FF0000,Quadrant 1,1,1,75,,#FF0000,0,208.6477823619063,6
image_117.png,5,False,423.2708075682752,252.0189664118146,20,#FF0000,Quadrant 4,2,2,75,,#FF0000,0,88.77702820386358,6
image_117.png,5,False,106.45901759773973,341.6098383729966,20,#FF0000,Quadrant 3,2,1,75,,#FF0000,0,143.27033327747264,6
image_117.png,5,False,302.7526488355211,288.81885539923616,20,#FF0000,Quadrant 3,2,1,75,,#FF0000,0,62.723597591440175,6
image_117.png,5,False,390.22762882486785,203.7966562075714,20,#FF0000,Quadrant 4,2,2,75,,#FF0000,0,272.42324984841207,6
image_117.png,5,False,201.40129673794618,14.955594312484557,20,#FF0000,Quadrant 1,1,1,75,,#FF0000,0,132.0618245404975,6
image_117.png,5,False,264.5914230545451,98.23877577312302,20,#FF0000,Quadrant 1,1,1,75,,#FF0000,0,278.1729402967966,6
image_117.png,5,False,216.35129787306133,268.9634396077403,20,#FF0000,Quadrant 3,2,1,75,,#FF0000,0,181.25480665207047,6
image_117.png,5,False,225.6223966474202,358.108431800504,20,#FF0000,Quadrant 3,2,1,75,,#FF0000,0,30.40597060923629,6
image_117.png,5,False,160.97611827817153,271.9211829965932,20,#FF0000,Quadrant 3,2,1,75,,#FF0000,0,135.8574420706008,6
image_117.png,5,False,28.91282930687343,72.58541455570574,20,#FF0000,Quadrant 1,1,1,75,,#FF0000,0,124.25801607938399,6
image_117.png,5,False,43.441499212097405,316.3511123599816,20,#FF0000,Quadrant 3,2,1,75,,#FF0000,0,29.33548710892309,6
image_117.png,5,False,238.65872641880998,204.99989066773435,20,#FF0000,Quadrant 3,2,1,75,,#FF0000,0,31.240998846951452,6
image_117.png,5,False,497.8017219322146,225.04679798003505,20,#FF0000,Quadrant 4,2,2,75,,#FF0000,0,228.52295704071526,6
image_117.png,5,False,323.66530028638806,197.27156639949973,20,#FF0000,Quadrant 1,1,1,75,,#FF0000,0,310.43623102488596,6
image_117.png,5,False,638.0424507836999,275.08858393424026,20,#FF0000,Quadrant 4,2,2,75,,#FF0000,0,46.64501019800982,6
image_117.png,5,False,232.0037569171678,101.36762697567356,20,#FF0000,Quadrant 1,1,1,75,,#FF0000,0,199.9010241971522,6
image_117.png,5,False,189.35979175153358,296.7884751757923,20,#FF0000,Quadrant 3,2,1,75,,#FF0000,0,138.6665490351737,6
image_117.png,5,False,584.7498240408112,183.9369260943677,20,#FF0000,Quadrant 2,1,2,75,,#FF0000,0,163.27638860812073,6
image_117.png,5,False,165.63962939160317,133.69781832381037,20,#FF0000,Quadrant 1,1,1,75,,#FF0000,0,139.5985408181959,6
image_117.png,5,False,591.683407189145,363.00108373114637,20,#FF0000,Quadrant 4,2,2,75,,#FF0000,0,343.5007658316182,6
image_117.png,5,False,324.52705036838404,251.03846131724157,20,#FF0000,Quadrant 3,2,1,75,,#FF0000,0,287.65371425265,6
image_117.png,5,False,355.4121969374893,381.449130012112,20,#FF0000,Quadrant 3,2,1,75,,#FF0000,0,271.7748230256724,6
image_117.png,5,False,245.4569581384797,305.64404939205815,20,#FF0000,Quadrant 3,2,1,75,,#FF0000,0,358.03615057901436,6
image_117.png,5,False,204.54434075182354,212.59846958980577,20,#FF0000,Quadrant 3,2,1,75,,#FF0000,0,108.79008259940335,6
image_117.png,5,False,563.5730480750069,329.9175776857999,20,#FF0000,Quadrant 4,2,2,75,,#FF0000,0,157.96408579595567,6
image_117.png,5,False,693.6799188279963,157.29231780308294,20,#FF0000,Quadrant 2,1,2,75,,#FF0000,0,194.90446711616715,6
image_117.png,5,False,593.2914787640605,72.31081988527794,20,#FF0000,Quadrant 2,1,2,75,,#FF0000,0,308.3204716647108,6
image_117.png,5,False,420.5081774222954,331.81238747112144,20,#FF0000,Quadrant 4,2,2,75,,#FF0000,0,18.52717223618251,6
image_117.png,5,False,258.95637988556916,230.13468789643787,20,#FF0000,Quadrant 3,2,1,75,,#FF0000,0,320.7601563494428,6
image_117.png,5,False,85.06927253524965,193.99615313389353,20,#FF0000,Quadrant 1,1,1,75,,#FF0000,0,42.25212274392709,6
image_117.png,5,False,214.97382544175488,138.70856695950974,20,#FF0000,Quadrant 1,1,1,75,,#FF0000,0,207.58147504651393,6
image_117.png,5,False,479.72686255751813,297.6040493161695,20,#FF0000,Quadrant 4,2,2,75,,#FF0000,0,339.5783981385306,6
image_117.png,5,False,430.50114492809223,108.45638617582065,20,#FF0000,Quadrant 2,1,2,75,,#FF0000,0,208.78920349292414,6
image_117.png,5,False,375.08463988713214,142.87467645362798,20,#FF0000,Quadrant 2,1,2,75,,#FF0000,0,246.7012123531193,6
image_118.png,2,True,309.9386719398256,284.50753403507304,20,#FF0000,Quadrant 3,2,1,54,140,#FF0000,0,4.106802220838879,5
image_118.png,5,False,136.3954611299514,338.15973891733773,20,#FF0000,Quadrant 3,2,1,54,,#FF0000,0,262.40899603877426,5
image_118.png,5,False,605.539875745189,36.58278762241379,20,#FF0000,Quadrant 2,1,2,54,,#FF0000,0,233.98360772742583,5
image_118.png,5,False,652.795234004628,306.515775033024,20,#FF0000,Quadrant 4,2,2,54,,#FF0000,0,186.9850680798146,5
image_118.png,5,False,441.48426014056787,336.9502071246565,20,#FF0000,Quadrant 4,2,2,54,,#FF0000,0,171.4888171267301,5
image_118.png,5,False,624.4653764913401,176.95442561315147,20,#FF0000,Quadrant 2,1,2,54,,#FF0000,0,317.93469726036943,5
image_118.png,5,False,39.16646392257974,258.30819446992564,20,#FF0000,Quadrant 3,2,1,54,,#FF0000,0,134.8506826804538,5
image_118.png,5,False,353.43465632015693,233.74011604080215,20,#FF0000,Quadrant 3,2,1,54,,#FF0000,0,135.4494664089054,5
image_118.png,5,False,567.6410944000833,359.8177157629045,20,#FF0000,Quadrant 4,2,2,54,,#FF0000,0,316.56302711631736,5
image_118.png,5,False,552.088621324598,31.85581993849008,20,#FF0000,Quadrant 2,1,2,54,,#FF0000,0,25.113269993877267,5
image_118.png,5,False,175.23202840221873,146.16916861065192,20,#FF0000,Quadrant 1,1,1,54,,#FF0000,0,157.60974461841715,5
image_118.png,5,False,422.3839382156448,76.16389893627945,20,#FF0000,Quadrant 2,1,2,54,,#FF0000,0,46.805919404354,5
image_118.png,5,False,33.380114252352,214.98361648219765,20,#FF0000,Quadrant 3,2,1,54,,#FF0000,0,237.84799520276903,5
image_118.png,5,False,642.3215213991734,119.64461867696595,20,#FF0000,Quadrant 2,1,2,54,,#FF0000,0,324.36223622513484,5
image_118.png,5,False,143.69613960801877,366.9402027088953,20,#FF0000,Quadrant 3,2,1,54,,#FF0000,0,59.0268433351679,5
image_118.png,5,False,553.7897391587063,92.52519824462995,20,#FF0000,Quadrant 2,1,2,54,,#FF0000,0,87.06829740612854,5
image_118.png,5,False,169.32203247239644,116.81088922391989,20,#FF0000,Quadrant 1,1,1,54,,#FF0000,0,212.17918555786142,5
image_118.png,5,False,287.3824076735853,278.763524593917,20,#FF0000,Quadrant 3,2,1,54,,#FF0000,0,8.120760049665803,5
image_118.png,5,False,595.3849184876806,369.2120842548142,20,#FF0000,Quadrant 4,2,2,54,,#FF0000,0,9.910783323844123,5
image_118.png,5,False,682.3007331726591,278.517384854271,20,#FF0000,Quadrant 4,2,2,54,,#FF0000,0,203.7595626307118,5
image_118.png,5,False,12.588912634488624,242.3254410769981,20,#FF0000,Quadrant 3,2,1,54,,#FF0000,0,244.81834061568148,5
image_118.png,5,False,142.41241086248462,176.43019855950178,20,#FF0000,Quadrant 1,1,1,54,,#FF0000,0,235.5716938300826,5
image_118.png,5,False,233.62878424976614,64.13727250949285,20,#FF0000,Quadrant 1,1,1,54,,#FF0000,0,316.7837049144775,5
image_118.png,5,False,105.0761725494972,140.89385618002976,20,#FF0000,Quadrant 1,1,1,54,,#FF0000,0,109.98740607890355,5
image_118.png,5,False,393.8679924736363,119.58745958645375,20,#FF0000,Quadrant 2,1,2,54,,#FF0000,0,318.88124986060024,5
image_118.png,5,False,409.69487218019776,295.8016233373043,20,#FF0000,Quadrant 4,2,2,54,,#FF0000,0,41.921247737592175,5
image_118.png,5,False,674.5659384078647,352.90639372258806,20,#FF0000,Quadrant 4,2,2,54,,#FF0000,0,130.35959963517453,5
image_118.png,5,False,15.45189893413048,104.58572687456925,20,#FF0000,Quadrant 1,1,1,54,,#FF0000,0,190.5866221247468,5
image_118.png,5,False,534.7313842059939,125.41428779732796,20,#FF0000,Quadrant 2,1,2,54,,#FF0000,0,159.8638989602845,5
image_118.png,5,False,240.4517041347341,22.28843499210283,20,#FF0000,Quadrant 1,1,1,54,,#FF0000,0,47.52438881590118,5
image_118.png,5,False,679.9692212594631,171.3765921305504,20,#FF0000,Quadrant 2,1,2,54,,#FF0000,0,200.5670952012415,5
image_118.png,5,False,672.8432456756245,216.76673938351453,20,#FF0000,Quadrant 4,2,2,54,,#FF0000,0,190.81223033007223,5
image_118.png,5,False,135.31368982022838,97.44288661298407,20,#FF0000,Quadrant 1,1,1,54,,#FF0000,0,9.868688317722079,5
image_118.png,5,False,100.6122920758429,57.24576313914528,20,#FF0000,Quadrant 1,1,1,54,,#FF0000,0,212.4330245133037,5
image_118.png,5,False,642.8496369428126,23.921045310367212,20,#FF0000,Quadrant 2,1,2,54,,#FF0000,0,319.57695921553574,5
image_118.png,5,False,439.1667138228562,282.05693143269656,20,#FF0000,Quadrant 4,2,2,54,,#FF0000,0,323.760070752284,5
image_118.png,5,False,287.4845024981469,167.75875200857502,20,#FF0000,Quadrant 1,1,1,54,,#FF0000,0,117.37026543666238,5
image_118.png,5,False,418.7960280809369,228.98874142894837,20,#FF0000,Quadrant 4,2,2,54,,#FF0000,0,75.18510805451412,5
image_118.png,5,False,569.8547803177759,224.89518971931,20,#FF0000,Quadrant 4,2,2,54,,#FF0000,0,47.41867269859021,5
image_118.png,5,False,580.3664244155088,275.4744357380056,20,#FF0000,Quadrant 4,2,2,54,,#FF0000,0,178.9426898440254,5
image_118.png,5,False,292.58867240448524,228.8328022583582,20,#FF0000,Quadrant 3,2,1,54,,#FF0000,0,130.4255053922033,5
image_118.png,5,False,641.9265819805953,229.27135832823882,20,#FF0000,Quadrant 4,2,2,54,,#FF0000,0,40.716103096307805,5
image_118.png,5,False,90.13527609615763,14.153264586805605,20,#FF0000,Quadrant 1,1,1,54,,#FF0000,0,111.49542501680656,5
image_118.png,5,False,136.91564193643973,221.4355805924466,20,#FF0000,Quadrant 3,2,1,54,,#FF0000,0,70.09132171934108,5
image_118.png,5,False,14.092975611664667,133.54056669550818,20,#FF0000,Quadrant 1,1,1,54,,#FF0000,0,2.3865262386400676,5
image_118.png,5,False,65.62943678642355,365.9407535792473,20,#FF0000,Quadrant 3,2,1,54,,#FF0000,0,121.8511346468248,5
image_118.png,5,False,120.69630732684517,276.8505389392345,20,#FF0000,Quadrant 3,2,1,54,,#FF0000,0,52.970247605428256,5
image_118.png,5,False,263.5695040863941,113.66139546974883,20,#FF0000,Quadrant 1,1,1,54,,#FF0000,0,129.90683188379316,5
image_118.png,5,False,376.05100487411966,245.17628522195568,20,#FF0000,Quadrant 4,2,2,54,,#FF0000,0,143.40558245147497,5
image_118.png,5,False,490.6653105091742,31.9992745836953,20,#FF0000,Quadrant 2,1,2,54,,#FF0000,0,237.07746916532372,5
image_118.png,5,False,290.5898211372727,60.74783844158531,20,#FF0000,Quadrant 1,1,1,54,,#FF0000,0,319.6965460245434,5
image_118.png,5,False,459.0111931016153,17.768637380073656,20,#FF0000,Quadrant 2,1,2,54,,#FF0000,0,167.9283114897733,5
image_118.png,5,False,185.2221651152441,75.5662495787401,20,#FF0000,Quadrant 1,1,1,54,,#FF0000,0,205.61482638890993,5
image_118.png,5,False,405.7039142450182,151.7910531007222,20,#FF0000,Quadrant 2,1,2,54,,#FF0000,0,72.59874794500212,5
image_118.png,5,False,108.67176618827762,100.92909854921932,20,#FF0000,Quadrant 1,1,1,54,,#FF0000,0,342.8449894311134,5
image_119.png,2,True,379.55210100317794,254.5318418439927,20,#FF0000,Quadrant 4,2,2,72,140,#FF0000,0,77.82025890978211,6
image_119.png,5,False,559.1828439427912,337.75401797991054,20,#FF0000,Quadrant 4,2,2,72,,#FF0000,0,153.44807816766775,6
image_119.png,5,False,684.720217165012,69.03402302121636,20,#FF0000,Quadrant 2,1,2,72,,#FF0000,0,120.80627411869403,6
image_119.png,5,False,345.4589002579738,112.26283565384936,20,#FF0000,Quadrant 1,1,1,72,,#FF0000,0,48.44957936168412,6
image_119.png,5,False,246.80386959474893,276.9966395772643,20,#FF0000,Quadrant 3,2,1,72,,#FF0000,0,238.9175172995701,6
image_119.png,5,False,328.14903987050417,47.157129794086615,20,#FF0000,Quadrant 1,1,1,72,,#FF0000,0,223.54588768136807,6
image_119.png,5,False,84.6247800039271,174.40390728131564,20,#FF0000,Quadrant 1,1,1,72,,#FF0000,0,15.942531973511525,6
image_119.png,5,False,594.5990644102701,193.7204036787075,20,#FF0000,Quadrant 2,1,2,72,,#FF0000,0,219.34958601920275,6
image_119.png,5,False,436.40594008541257,143.4502767609512,20,#FF0000,Quadrant 2,1,2,72,,#FF0000,0,47.60440625231834,6
image_119.png,5,False,42.8456966884427,331.68982118791865,20,#FF0000,Quadrant 3,2,1,72,,#FF0000,0,205.72462176569172,6
image_119.png,5,False,509.7137604853494,144.37035439723678,20,#FF0000,Quadrant 2,1,2,72,,#FF0000,0,55.70546744685713,6
image_119.png,5,False,496.76702716896585,377.48286027914713,20,#FF0000,Quadrant 4,2,2,72,,#FF0000,0,85.77897609520026,6
image_119.png,5,False,13.584337016893496,112.55064613731177,20,#FF0000,Quadrant 1,1,1,72,,#FF0000,0,161.98678004026252,6
image_119.png,5,False,147.21815896386002,191.16130969908411,20,#FF0000,Quadrant 1,1,1,72,,#FF0000,0,233.08027763932043,6
image_119.png,5,False,122.2909564066348,354.78766966601574,20,#FF0000,Quadrant 3,2,1,72,,#FF0000,0,122.56770507982009,6
image_119.png,5,False,675.6552289219127,249.75720279986794,20,#FF0000,Quadrant 4,2,2,72,,#FF0000,0,123.72156197420838,6
image_119.png,5,False,233.34989947432106,58.209535339690554,20,#FF0000,Quadrant 1,1,1,72,,#FF0000,0,133.90344835232804,6
image_119.png,5,False,156.3876816602632,239.4473295968729,20,#FF0000,Quadrant 3,2,1,72,,#FF0000,0,154.56827270414252,6
image_119.png,5,False,205.58904251800786,73.32225170745787,20,#FF0000,Quadrant 1,1,1,72,,#FF0000,0,159.70742873833694,6
image_119.png,5,False,553.6275083982853,137.3453122073799,20,#FF0000,Quadrant 2,1,2,72,,#FF0000,0,6.983015577894358,6
image_119.png,5,False,219.56300753755792,335.78190675261897,20,#FF0000,Quadrant 3,2,1,72,,#FF0000,0,337.075254659478,6
image_119.png,5,False,674.6256506922363,356.7718317312747,20,#FF0000,Quadrant 4,2,2,72,,#FF0000,0,358.1708482281707,6
image_119.png,5,False,120.1729605912783,60.24812612475914,20,#FF0000,Quadrant 1,1,1,72,,#FF0000,0,209.81660059345026,6
image_119.png,5,False,367.3035825475369,217.1663408716297,20,#FF0000,Quadrant 4,2,2,72,,#FF0000,0,216.46444669889087,6
image_119.png,5,False,133.51607501477926,257.8851420833886,20,#FF0000,Quadrant 3,2,1,72,,#FF0000,0,249.51622475111745,6
image_119.png,5,False,173.35212702639757,360.273613677165,20,#FF0000,Quadrant 3,2,1,72,,#FF0000,0,261.94220812493137,6
image_119.png,5,False,554.8991666115046,192.44622049450655,20,#FF0000,Quadrant 2,1,2,72,,#FF0000,0,156.3275761528374,6
image_119.png,5,False,628.850918819167,207.14118776667104,20,#FF0000,Quadrant 4,2,2,72,,#FF0000,0,109.54823869577734,6
image_119.png,5,False,682.4210284305335,153.27608104645756,20,#FF0000,Quadrant 2,1,2,72,,#FF0000,0,59.32473046553477,6
image_119.png,5,False,243.57777039601254,164.50602928187175,20,#FF0000,Quadrant 1,1,1,72,,#FF0000,0,171.5590536573108,6
image_119.png,5,False,457.18912790443227,326.59893959186564,20,#FF0000,Quadrant 4,2,2,72,,#FF0000,0,311.957636501533,6
image_119.png,5,False,404.66315385920586,299.375898977358,20,#FF0000,Quadrant 4,2,2,72,,#FF0000,0,220.8180014020519,6
image_119.png,5,False,650.4579953766265,255.6696011356439,20,#FF0000,Quadrant 4,2,2,72,,#FF0000,0,81.5019900893854,6
image_119.png,5,False,402.09304199962645,14.58486376205108,20,#FF0000,Quadrant 2,1,2,72,,#FF0000,0,259.5581953074198,6
image_119.png,5,False,492.6121831695583,193.54724666628692,20,#FF0000,Quadrant 2,1,2,72,,#FF0000,0,23.693586817548216,6
image_119.png,5,False,98.80946610436501,343.25486698318724,20,#FF0000,Quadrant 3,2,1,72,,#FF0000,0,172.03761152529623,6
image_119.png,5,False,97.7387263637148,109.92224282394317,20,#FF0000,Quadrant 1,1,1,72,,#FF0000,0,299.98417623215596,6
image_119.png,5,False,33.7734895732073,166.95954492356228,20,#FF0000,Quadrant 1,1,1,72,,#FF0000,0,55.36429950761338,6
image_119.png,5,False,47.552374662855044,298.45941871368734,20,#FF0000,Quadrant 3,2,1,72,,#FF0000,0,215.85432770203352,6
image_119.png,5,False,195.94832234020765,324.80962896318715,20,#FF0000,Quadrant 3,2,1,72,,#FF0000,0,258.41966975247436,6
image_119.png,5,False,328.0191131607804,320.80587472693253,20,#FF0000,Quadrant 3,2,1,72,,#FF0000,0,40.91360025682421,6
image_119.png,5,False,638.9839980703542,108.76012210344811,20,#FF0000,Quadrant 2,1,2,72,,#FF0000,0,142.56070279975296,6
image_119.png,5,False,237.170323924279,227.0564401636338,20,#FF0000,Quadrant 3,2,1,72,,#FF0000,0,345.6005793203567,6
image_119.png,5,False,616.4945842097777,250.70280785011553,20,#FF0000,Quadrant 4,2,2,72,,#FF0000,0,283.6654231294197,6
image_119.png,5,False,97.72699413286117,241.72229092818503,20,#FF0000,Quadrant 3,2,1,72,,#FF0000,0,187.81320851834326,6
image_119.png,5,False,407.31870035206566,251.92641184934214,20,#FF0000,Quadrant 4,2,2,72,,#FF0000,0,58.890206045279385,6
image_119.png,5,False,298.4895912375004,168.03575389521157,20,#FF0000,Quadrant 1,1,1,72,,#FF0000,0,116.29509405735466,6
image_119.png,5,False,553.5989562006523,312.360638805795,20,#FF0000,Quadrant 4,2,2,72,,#FF0000,0,249.67424283376195,6
image_119.png,5,False,254.15615457815122,337.23085378824595,20,#FF0000,Quadrant 3,2,1,72,,#FF0000,0,29.671191527379452,6
image_119.png,5,False,522.0684068539981,186.75990971482216,20,#FF0000,Quadrant 2,1,2,72,,#FF0000,0,328.5992668484842,6
image_119.png,5,False,288.4493054788124,15.005958275071455,20,#FF0000,Quadrant 1,1,1,72,,#FF0000,0,280.5740732331569,6
image_119.png,5,False,495.4848239070738,251.4665739463091,20,#FF0000,Quadrant 4,2,2,72,,#FF0000,0,206.8737683717669,6
image_119.png,5,False,591.4321132027486,164.68695053111975,20,#FF0000,Quadrant 2,1,2,72,,#FF0000,0,155.63662460611042,6
image_119.png,5,False,645.6220018250688,77.54164932974061,20,#FF0000,Quadrant 2,1,2,72,,#FF0000,0,18.899096080537795,6
image_119.png,5,False,286.9805704702329,197.2441204362005,20,#FF0000,Quadrant 1,1,1,72,,#FF0000,0,89.49034843577992,6
image_119.png,5,False,496.97199864460777,34.120430273707065,20,#FF0000,Quadrant 2,1,2,72,,#FF0000,0,51.69897184284491,6
image_119.png,5,False,665.8012092976181,317.7185709196661,20,#FF0000,Quadrant 4,2,2,72,,#FF0000,0,155.83245843227851,6
image_119.png,5,False,485.6449569457574,76.96760702177292,20,#FF0000,Quadrant 2,1,2,72,,#FF0000,0,284.8264252907276,6
image_119.png,5,False,163.48608004065088,18.444264405577766,20,#FF0000,Quadrant 1,1,1,72,,#FF0000,0,35.49887777192293,6
image_119.png,5,False,202.01436324809924,104.95269796095002,20,#FF0000,Quadrant 1,1,1,72,,#FF0000,0,173.30468120932312,6
image_119.png,5,False,302.516308588876,49.35598665073955,20,#FF0000,Quadrant 1,1,1,72,,#FF0000,0,354.87369837463643,6
image_119.png,5,False,212.9598613483265,190.79687612374838,20,#FF0000,Quadrant 1,1,1,72,,#FF0000,0,64.33681499145726,6
image_119.png,5,False,447.5097744373172,214.6413249782361,20,#FF0000,Quadrant 4,2,2,72,,#FF0000,0,91.25931060157691,6
image_119.png,5,False,575.2440146952897,70.45279697162408,20,#FF0000,Quadrant 2,1,2,72,,#FF0000,0,68.71587140298314,6
image_119.png,5,False,249.97327470691963,133.5463396921233,20,#FF0000,Quadrant 1,1,1,72,,#FF0000,0,87.02190639715296,6
image_119.png,5,False,44.208252962520696,104.94740663861307,20,#FF0000,Quadrant 1,1,1,72,,#FF0000,0,26.144248723343054,6
image_119.png,5,False,77.03209556780838,21.711506338902204,20,#FF0000,Quadrant 1,1,1,72,,#FF0000,0,47.54484323855698,6
image_119.png,5,False,354.5741876982283,314.9013466400858,20,#FF0000,Quadrant 3,2,1,72,,#FF0000,0,192.3557107844338,6
image_119.png,5,False,194.8066980381338,388.11809405642714,20,#FF0000,Quadrant 3,2,1,72,,#FF0000,0,344.167982249625,6
image_119.png,5,False,60.06122423873615,235.43041870449207,20,#FF0000,Quadrant 3,2,1,72,,#FF0000,0,141.57729499040119,6
image_119.png,5,False,171.24088148673337,313.6964976428899,20,#FF0000,Quadrant 3,2,1,72,,#FF0000,0,47.374525632464,6
image_119.png,5,False,592.8470706558392,321.8277137085938,20,#FF0000,Quadrant 4,2,2,72,,#FF0000,0,211.09771663552462,6
image_119.png,5,False,621.4030368393933,352.4922536019946,20,#FF0000,Quadrant 4,2,2,72,,#FF0000,0,263.7936150322728,6
image_120.png,2,True,164.7943063261859,271.2845584988804,20,#FF0000,Quadrant 3,2,1,45,140,#FF0000,0,257.5788583416649,5
image_120.png,5,False,185.9566471120179,299.0706526652891,20,#FF0000,Quadrant 3,2,1,45,,#FF0000,0,220.04653383761107,5
image_120.png,5,False,502.2229745203329,188.82863543635918,20,#FF0000,Quadrant 2,1,2,45,,#FF0000,0,24.617391094038915,5
image_120.png,5,False,353.579334343847,296.9382773392967,20,#FF0000,Quadrant 3,2,1,45,,#FF0000,0,119.9453634703334,5
image_120.png,5,False,665.1323657152019,348.98358680477793,20,#FF0000,Quadrant 4,2,2,45,,#FF0000,0,128.85923399496042,5
image_120.png,5,False,560.5063302285456,76.65014992969881,20,#FF0000,Quadrant 2,1,2,45,,#FF0000,0,141.239473787005,5
image_120.png,5,False,458.57104284000826,381.69007744608956,20,#FF0000,Quadrant 4,2,2,45,,#FF0000,0,185.37519415802728,5
image_120.png,5,False,23.022657220721477,307.2892458644545,20,#FF0000,Quadrant 3,2,1,45,,#FF0000,0,147.44864768215484,5
image_120.png,5,False,293.84643932740465,330.5520824498238,20,#FF0000,Quadrant 3,2,1,45,,#FF0000,0,43.316859514959084,5
image_120.png,5,False,472.3646114783516,213.776862147423,20,#FF0000,Quadrant 4,2,2,45,,#FF0000,0,26.79605306451291,5
image_120.png,5,False,664.5061802670803,174.51345011409214,20,#FF0000,Quadrant 2,1,2,45,,#FF0000,0,131.28620237886776,5
image_120.png,5,False,658.348413716298,129.18580163792097,20,#FF0000,Quadrant 2,1,2,45,,#FF0000,0,164.95251623462607,5
image_120.png,5,False,48.71238405716638,240.48886625899752,20,#FF0000,Quadrant 3,2,1,45,,#FF0000,0,104.09823816555279,5
image_120.png,5,False,356.17166475338894,146.5127583024626,20,#FF0000,Quadrant 2,1,2,45,,#FF0000,0,237.43096693417746,5
image_120.png,5,False,421.4003898566625,185.09891532067928,20,#FF0000,Quadrant 2,1,2,45,,#FF0000,0,234.76717674143376,5
image_120.png,5,False,141.8049047555238,92.56177399942342,20,#FF0000,Quadrant 1,1,1,45,,#FF0000,0,27.84472875435574,5
image_120.png,5,False,27.521315462818595,363.7766500037942,20,#FF0000,Quadrant 3,2,1,45,,#FF0000,0,347.1668218976628,5
image_120.png,5,False,538.4032362884358,25.34207902339859,20,#FF0000,Quadrant 2,1,2,45,,#FF0000,0,15.131826313276928,5
image_120.png,5,False,642.4413880559867,300.27980782933,20,#FF0000,Quadrant 4,2,2,45,,#FF0000,0,15.887276741214148,5
image_120.png,5,False,77.17637133866562,29.920850149935994,20,#FF0000,Quadrant 1,1,1,45,,#FF0000,0,150.33521282512172,5
image_120.png,5,False,113.52283839563285,325.1399293995047,20,#FF0000,Quadrant 3,2,1,45,,#FF0000,0,77.95765560837431,5
image_120.png,5,False,394.95774055745034,214.343961689569,20,#FF0000,Quadrant 4,2,2,45,,#FF0000,0,188.80020037517826,5
image_120.png,5,False,204.64178853245335,379.1006480501905,20,#FF0000,Quadrant 3,2,1,45,,#FF0000,0,74.56465433370593,5
image_120.png,5,False,89.94574377586687,365.6663235864162,20,#FF0000,Quadrant 3,2,1,45,,#FF0000,0,140.6660985672452,5
image_120.png,5,False,380.06751492343034,144.1748200467892,20,#FF0000,Quadrant 2,1,2,45,,#FF0000,0,170.32758068129235,5
image_120.png,5,False,483.0004858625632,363.5214799563245,20,#FF0000,Quadrant 4,2,2,45,,#FF0000,0,189.8792002665108,5
image_120.png,5,False,42.51894681293287,143.49555910583265,20,#FF0000,Quadrant 1,1,1,45,,#FF0000,0,335.1469291338207,5
image_120.png,5,False,418.3450986747943,137.2789827097405,20,#FF0000,Quadrant 2,1,2,45,,#FF0000,0,12.666444166763174,5
image_120.png,5,False,394.63819067562105,297.7747716650217,20,#FF0000,Quadrant 4,2,2,45,,#FF0000,0,144.09350598714013,5
image_120.png,5,False,132.33097815543204,23.955889124780228,20,#FF0000,Quadrant 1,1,1,45,,#FF0000,0,136.86966994634165,5
image_120.png,5,False,118.54077670957942,195.56800355905403,20,#FF0000,Quadrant 1,1,1,45,,#FF0000,0,172.50026719070004,5
image_120.png,5,False,509.8376866787781,382.76901021154845,20,#FF0000,Quadrant 4,2,2,45,,#FF0000,0,296.68391883850046,5
image_120.png,5,False,471.77875172471767,337.89509595755356,20,#FF0000,Quadrant 4,2,2,45,,#FF0000,0,40.413545089681755,5
image_120.png,5,False,446.63652645114126,184.1623266911075,20,#FF0000,Quadrant 2,1,2,45,,#FF0000,0,161.07429337174892,5
image_120.png,5,False,205.79260648209345,187.18958652734145,20,#FF0000,Quadrant 1,1,1,45,,#FF0000,0,126.61376350515323,5
image_120.png,5,False,510.13231628770717,306.2439255183801,20,#FF0000,Quadrant 4,2,2,45,,#FF0000,0,80.37940637599398,5
image_120.png,5,False,163.92017896663336,301.5483869562252,20,#FF0000,Quadrant 3,2,1,45,,#FF0000,0,345.3938391212241,5
image_120.png,5,False,667.1346923506868,207.7221107286874,20,#FF0000,Quadrant 4,2,2,45,,#FF0000,0,217.31776028603355,5
image_120.png,5,False,444.25069289786245,226.34394344929098,20,#FF0000,Quadrant 4,2,2,45,,#FF0000,0,215.4294130968733,5
image_120.png,5,False,151.84506918960102,185.4283261676291,20,#FF0000,Quadrant 1,1,1,45,,#FF0000,0,218.72335342693995,5
image_120.png,5,False,278.00694489684184,110.57860852260059,20,#FF0000,Quadrant 1,1,1,45,,#FF0000,0,28.595084649893856,5
image_120.png,5,False,310.5644600322441,210.15126443437197,20,#FF0000,Quadrant 3,2,1,45,,#FF0000,0,12.714697865955182,5
image_120.png,5,False,320.6644202672217,36.84692642282086,20,#FF0000,Quadrant 1,1,1,45,,#FF0000,0,260.3583904387673,5
image_120.png,5,False,536.6115590377954,348.6354310525136,20,#FF0000,Quadrant 4,2,2,45,,#FF0000,0,202.02722401578322,5
image_120.png,5,False,697.872689599013,105.10075552818553,20,#FF0000,Quadrant 2,1,2,45,,#FF0000,0,144.78144820483146,5
image_120.png,5,False,358.10491300100983,357.2876982134487,20,#FF0000,Quadrant 4,2,2,45,,#FF0000,0,270.177862883998,5
image_121.png,2,True,416.52560660352094,66.39576475430528,20,#FF0000,Quadrant 2,1,2,84,140,#FF0000,0,158.00239708589956,6
image_121.png,5,False,103.8101705670251,211.05875950746315,20,#FF0000,Quadrant 3,2,1,84,,#FF0000,0,259.11329993347874,6
image_121.png,5,False,306.2518227491491,297.68341767043404,20,#FF0000,Quadrant 3,2,1,84,,#FF0000,0,346.0769462927908,6
image_121.png,5,False,541.8954241770568,276.9252131449957,20,#FF0000,Quadrant 4,2,2,84,,#FF0000,0,77.01410715640716,6
image_121.png,5,False,177.7064438737724,266.90860043185774,20,#FF0000,Quadrant 3,2,1,84,,#FF0000,0,173.55994854909687,6
image_121.png,5,False,352.1439233027125,221.62519486121724,20,#FF0000,Quadrant 3,2,1,84,,#FF0000,0,35.791797759161355,6
image_121.png,5,False,550.3249068845214,328.3874214673663,20,#FF0000,Quadrant 4,2,2,84,,#FF0000,0,38.975534834600666,6
image_121.png,5,False,206.10503097051065,192.62390350182747,20,#FF0000,Quadrant 1,1,1,84,,#FF0000,0,38.78322790282661,6
image_121.png,5,False,598.1064896681088,65.27222577684228,20,#FF0000,Quadrant 2,1,2,84,,#FF0000,0,55.3316170315555,6
image_121.png,5,False,106.4235463459949,152.7305391066168,20,#FF0000,Quadrant 1,1,1,84,,#FF0000,0,239.32308748906647,6
image_121.png,5,False,243.20350809649506,19.98698147232553,20,#FF0000,Quadrant 1,1,1,84,,#FF0000,0,294.5032246740613,6
image_121.png,5,False,246.70794489828882,233.96480710197076,20,#FF0000,Quadrant 3,2,1,84,,#FF0000,0,20.809256127801163,6
image_121.png,5,False,695.5406989818433,283.1302114411346,20,#FF0000,Quadrant 4,2,2,84,,#FF0000,0,11.286254097678455,6
image_121.png,5,False,414.8567732630628,219.11224189868517,20,#FF0000,Quadrant 4,2,2,84,,#FF0000,0,239.69087334640835,6
image_121.png,5,False,594.3321276808314,162.7524814200015,20,#FF0000,Quadrant 2,1,2,84,,#FF0000,0,75.1611066199113,6
image_121.png,5,False,369.5751628532358,191.8013198455389,20,#FF0000,Quadrant 2,1,2,84,,#FF0000,0,164.96915344360886,6
image_121.png,5,False,78.10633966252533,92.1018333210473,20,#FF0000,Quadrant 1,1,1,84,,#FF0000,0,111.54829156326018,6
image_121.png,5,False,557.7589670186195,117.63321471229328,20,#FF0000,Quadrant 2,1,2,84,,#FF0000,0,72.79123878032145,6
image_121.png,5,False,543.2159846983222,33.467932122900194,20,#FF0000,Quadrant 2,1,2,84,,#FF0000,0,189.41468834216323,6
image_121.png,5,False,222.67003290444495,365.12491710065007,20,#FF0000,Quadrant 3,2,1,84,,#FF0000,0,56.65985391610623,6
image_121.png,5,False,349.79411737279054,379.0428172338208,20,#FF0000,Quadrant 3,2,1,84,,#FF0000,0,354.9296916007522,6
image_121.png,5,False,312.563521021644,225.75649073792067,20,#FF0000,Quadrant 3,2,1,84,,#FF0000,0,100.07269023573676,6
image_121.png,5,False,295.4030614376762,385.35971916180563,20,#FF0000,Quadrant 3,2,1,84,,#FF0000,0,346.23860651086625,6
image_121.png,5,False,277.9778108831055,204.53019805294687,20,#FF0000,Quadrant 3,2,1,84,,#FF0000,0,148.79242771606252,6
image_121.png,5,False,145.1148284562447,48.71536318411276,20,#FF0000,Quadrant 1,1,1,84,,#FF0000,0,178.751074146832,6
image_121.png,5,False,271.16096400476385,65.91286543994677,20,#FF0000,Quadrant 1,1,1,84,,#FF0000,0,218.02875852168359,6
image_121.png,5,False,547.0344894715703,249.8341516762624,20,#FF0000,Quadrant 4,2,2,84,,#FF0000,0,55.87304087611274,6
image_121.png,5,False,125.32824186068015,105.42882326334849,20,#FF0000,Quadrant 1,1,1,84,,#FF0000,0,20.047245930909554,6
image_121.png,5,False,628.784674169517,119.47464770618245,20,#FF0000,Quadrant 2,1,2,84,,#FF0000,0,46.670139735964746,6
image_121.png,5,False,523.3115085700107,181.70779061673326,20,#FF0000,Quadrant 2,1,2,84,,#FF0000,0,134.02091695075475,6
image_121.png,5,False,667.9297262753265,80.72293202476891,20,#FF0000,Quadrant 2,1,2,84,,#FF0000,0,305.28248005519646,6
image_121.png,5,False,191.7898231929325,359.90448395362705,20,#FF0000,Quadrant 3,2,1,84,,#FF0000,0,15.65276248293873,6
image_121.png,5,False,125.37522137200625,336.8576686798475,20,#FF0000,Quadrant 3,2,1,84,,#FF0000,0,306.30261977353706,6
image_121.png,5,False,19.248963118083857,37.251999184825294,20,#FF0000,Quadrant 1,1,1,84,,#FF0000,0,317.72220855174726,6
image_121.png,5,False,40.933273978088046,215.97615740293566,20,#FF0000,Quadrant 3,2,1,84,,#FF0000,0,144.91689767903327,6
image_121.png,5,False,134.80835389989844,229.90536741942105,20,#FF0000,Quadrant 3,2,1,84,,#FF0000,0,41.31305117851689,6
image_121.png,5,False,392.2411044054178,302.5605154939393,20,#FF0000,Quadrant 4,2,2,84,,#FF0000,0,175.6067871286987,6
image_121.png,5,False,280.33565303923746,133.07853188671396,20,#FF0000,Quadrant 1,1,1,84,,#FF0000,0,50.59262432537019,6
image_121.png,5,False,117.99671468292374,65.71460168441172,20,#FF0000,Quadrant 1,1,1,84,,#FF0000,0,108.98860297393163,6
image_121.png,5,False,189.81038843259896,220.9114878802616,20,#FF0000,Quadrant 3,2,1,84,,#FF0000,0,287.72810333780325,6
image_121.png,5,False,385.96746657247974,159.5110091294832,20,#FF0000,Quadrant 2,1,2,84,,#FF0000,0,90.38235838121768,6
image_121.png,5,False,179.33397776829503,185.44301705597837,20,#FF0000,Quadrant 1,1,1,84,,#FF0000,0,260.7072858913151,6
image_121.png,5,False,217.84015328330534,26.7067973581366,20,#FF0000,Quadrant 1,1,1,84,,#FF0000,0,166.32849654295583,6
image_121.png,5,False,588.1051364668481,340.4222915584848,20,#FF0000,Quadrant 4,2,2,84,,#FF0000,0,339.4878979513229,6
image_121.png,5,False,32.749091522135785,68.6448418925547,20,#FF0000,Quadrant 1,1,1,84,,#FF0000,0,328.82392698440617,6
image_121.png,5,False,445.964631732952,318.0015131833716,20,#FF0000,Quadrant 4,2,2,84,,#FF0000,0,244.45438487107631,6
image_121.png,5,False,406.3159366893659,13.419622233977487,20,#FF0000,Quadrant 2,1,2,84,,#FF0000,0,89.47310061032337,6
image_121.png,5,False,612.7433386477641,225.65142305934512,20,#FF0000,Quadrant 4,2,2,84,,#FF0000,0,283.66420830268675,6
image_121.png,5,False,435.1749900822273,288.31504791374607,20,#FF0000,Quadrant 4,2,2,84,,#FF0000,0,289.5254779447175,6
image_121.png,5,False,271.6935430166767,259.6399009058824,20,#FF0000,Quadrant 3,2,1,84,,#FF0000,0,304.9196066058057,6
image_121.png,5,False,623.1012999661277,285.53425679940244,20,#FF0000,Quadrant 4,2,2,84,,#FF0000,0,215.72908976290557,6
image_121.png,5,False,75.23986123818796,296.62379233814386,20,#FF0000,Quadrant 3,2,1,84,,#FF0000,0,28.257107594052894,6
image_121.png,5,False,87.38552570585306,335.273098899282,20,#FF0000,Quadrant 3,2,1,84,,#FF0000,0,185.64072338724176,6
image_121.png,5,False,447.473293746701,128.95507739238008,20,#FF0000,Quadrant 2,1,2,84,,#FF0000,0,307.7623394314249,6
image_121.png,5,False,246.504350349329,43.47921746686148,20,#FF0000,Quadrant 1,1,1,84,,#FF0000,0,341.5598397998395,6
image_121.png,5,False,37.56259828883431,147.51790482192226,20,#FF0000,Quadrant 1,1,1,84,,#FF0000,0,112.25488753733737,6
image_121.png,5,False,524.1948665261234,310.5214923922396,20,#FF0000,Quadrant 4,2,2,84,,#FF0000,0,0.4908833362822529,6
image_121.png,5,False,632.984372393966,182.32295997316444,20,#FF0000,Quadrant 2,1,2,84,,#FF0000,0,290.4019761067375,6
image_121.png,5,False,254.69065203262133,355.14062289384185,20,#FF0000,Quadrant 3,2,1,84,,#FF0000,0,291.35671861921577,6
image_121.png,5,False,555.6954806942915,182.98771170000282,20,#FF0000,Quadrant 2,1,2,84,,#FF0000,0,215.87166292045674,6
image_121.png,5,False,164.29155412311437,335.2678436294356,20,#FF0000,Quadrant 3,2,1,84,,#FF0000,0,96.38245858129633,6
image_121.png,5,False,193.94647875390103,244.69354128206163,20,#FF0000,Quadrant 3,2,1,84,,#FF0000,0,337.4492752693899,6
image_121.png,5,False,645.6428266170474,209.54934355628433,20,#FF0000,Quadrant 4,2,2,84,,#FF0000,0,209.02480230359188,6
image_121.png,5,False,660.4294792282802,104.34037654099873,20,#FF0000,Quadrant 2,1,2,84,,#FF0000,0,1.3355861420683146,6
image_121.png,5,False,168.6151981942658,293.66611870032136,20,#FF0000,Quadrant 3,2,1,84,,#FF0000,0,38.35534404878925,6
image_121.png,5,False,210.07314442317576,81.24076433762973,20,#FF0000,Quadrant 1,1,1,84,,#FF0000,0,359.5964016121136,6
image_121.png,5,False,674.8320615367337,37.76556515416534,20,#FF0000,Quadrant 2,1,2,84,,#FF0000,0,226.8264888646258,6
image_121.png,5,False,321.6840722006448,99.35477949257638,20,#FF0000,Quadrant 1,1,1,84,,#FF0000,0,273.26791443871934,6
image_121.png,5,False,456.0276977378362,28.188899900199104,20,#FF0000,Quadrant 2,1,2,84,,#FF0000,0,23.532346584024324,6
image_121.png,5,False,76.19393329469371,132.76104367803674,20,#FF0000,Quadrant 1,1,1,84,,#FF0000,0,146.52133169211416,6
image_121.png,5,False,424.0190543749636,342.4356824325083,20,#FF0000,Quadrant 4,2,2,84,,#FF0000,0,144.00205527988442,6
image_121.png,5,False,448.91297767540163,231.70595786396146,20,#FF0000,Quadrant 4,2,2,84,,#FF0000,0,136.2855687660207,6
image_121.png,5,False,198.14885057165833,106.37908741337789,20,#FF0000,Quadrant 1,1,1,84,,#FF0000,0,186.77713373854104,6
image_121.png,5,False,19.348647332550218,256.56067399055144,20,#FF0000,Quadrant 3,2,1,84,,#FF0000,0,24.96109700372031,6
image_121.png,5,False,84.39481407007813,384.5501083749878,20,#FF0000,Quadrant 3,2,1,84,,#FF0000,0,145.90350367817658,6
image_121.png,5,False,325.180487847145,188.10634776566215,20,#FF0000,Quadrant 1,1,1,84,,#FF0000,0,331.68714315542644,6
image_121.png,5,False,694.9706359889948,116.09609392941769,20,#FF0000,Quadrant 2,1,2,84,,#FF0000,0,299.5730577315799,6
image_121.png,5,False,661.9762788007262,317.23810257630157,20,#FF0000,Quadrant 4,2,2,84,,#FF0000,0,105.74087642883626,6
image_121.png,5,False,418.8315548774617,180.2453080980589,20,#FF0000,Quadrant 2,1,2,84,,#FF0000,0,120.3075345286351,6
image_121.png,5,False,690.1048598142766,192.45698053677796,20,#FF0000,Quadrant 2,1,2,84,,#FF0000,0,82.3722443306214,6
image_121.png,5,False,574.976483676276,285.7654505707642,20,#FF0000,Quadrant 4,2,2,84,,#FF0000,0,244.6941680427263,6
image_121.png,5,False,635.8344670077392,342.2920821764363,20,#FF0000,Quadrant 4,2,2,84,,#FF0000,0,129.6695152503931,6
image_121.png,5,False,225.35940630170018,273.6086148564042,20,#FF0000,Quadrant 3,2,1,84,,#FF0000,0,272.567260413948,6
image_121.png,5,False,158.75077255536536,156.87656060803897,20,#FF0000,Quadrant 1,1,1,84,,#FF0000,0,352.7808219587364,6
image_121.png,5,False,173.16168806325297,386.90195311437935,20,#FF0000,Quadrant 3,2,1,84,,#FF0000,0,299.32982000924886,6
image_122.png,2,True,609.7776614134698,299.5458346279128,20,#FF0000,Quadrant 4,2,2,28,140,#FF0000,0,346.15045014361294,4
image_122.png,5,False,117.63676875925728,202.4822405966159,20,#FF0000,Quadrant 3,2,1,28,,#FF0000,0,250.00941551248656,4
image_122.png,5,False,115.8909473728096,358.09797182766175,20,#FF0000,Quadrant 3,2,1,28,,#FF0000,0,258.3564977362662,4
image_122.png,5,False,570.3214883800485,321.97425912261366,20,#FF0000,Quadrant 4,2,2,28,,#FF0000,0,285.4007445920212,4
image_122.png,5,False,270.14378474682405,135.57726666752313,20,#FF0000,Quadrant 1,1,1,28,,#FF0000,0,304.48710463478244,4
image_122.png,5,False,586.7239806381972,68.99799282294546,20,#FF0000,Quadrant 2,1,2,28,,#FF0000,0,238.0514419652259,4
image_122.png,5,False,570.5163070585279,220.18826916309322,20,#FF0000,Quadrant 4,2,2,28,,#FF0000,0,172.49846664955544,4
image_122.png,5,False,190.6736294269004,40.575055007714425,20,#FF0000,Quadrant 1,1,1,28,,#FF0000,0,238.96131391298738,4
image_122.png,5,False,177.3425297768967,228.91962483440784,20,#FF0000,Quadrant 3,2,1,28,,#FF0000,0,333.13984919507203,4
image_122.png,5,False,627.342358545647,193.04670978174622,20,#FF0000,Quadrant 2,1,2,28,,#FF0000,0,284.77112117985234,4
image_122.png,5,False,314.37939142248354,23.616940622770564,20,#FF0000,Quadrant 1,1,1,28,,#FF0000,0,219.22489658434756,4
image_122.png,5,False,261.6840526334879,253.32971585005043,20,#FF0000,Quadrant 3,2,1,28,,#FF0000,0,2.1108941100900003,4
image_122.png,5,False,168.77789997501105,131.74454171082263,20,#FF0000,Quadrant 1,1,1,28,,#FF0000,0,171.9687416715689,4
image_122.png,5,False,92.60678307634753,282.06327439771957,20,#FF0000,Quadrant 3,2,1,28,,#FF0000,0,218.70897833337142,4
image_122.png,5,False,244.57181227861983,159.63015776611633,20,#FF0000,Quadrant 1,1,1,28,,#FF0000,0,139.88922215289693,4
image_122.png,5,False,394.97434477443227,82.05570050498044,20,#FF0000,Quadrant 2,1,2,28,,#FF0000,0,292.1281132957433,4
image_122.png,5,False,527.8294876902455,159.60877797196918,20,#FF0000,Quadrant 2,1,2,28,,#FF0000,0,315.6868262109011,4
image_122.png,5,False,21.731534280025585,365.81783045736626,20,#FF0000,Quadrant 3,2,1,28,,#FF0000,0,214.54924316130393,4
image_122.png,5,False,443.96216044587607,134.85457766290057,20,#FF0000,Quadrant 2,1,2,28,,#FF0000,0,238.54379558402977,4
image_122.png,5,False,594.5520260865874,98.23351726334776,20,#FF0000,Quadrant 2,1,2,28,,#FF0000,0,174.9591449034581,4
image_122.png,5,False,687.7280672658218,284.78487095609626,20,#FF0000,Quadrant 4,2,2,28,,#FF0000,0,250.41967527847044,4
image_122.png,5,False,284.9000721584545,293.50326957141067,20,#FF0000,Quadrant 3,2,1,28,,#FF0000,0,354.8032586443655,4
image_122.png,5,False,260.49782918366975,58.682123679215366,20,#FF0000,Quadrant 1,1,1,28,,#FF0000,0,347.35634874052965,4
image_122.png,5,False,130.63422335920754,383.2967532743459,20,#FF0000,Quadrant 3,2,1,28,,#FF0000,0,223.6096713886407,4
image_122.png,5,False,470.43152466610667,307.26567475708396,20,#FF0000,Quadrant 4,2,2,28,,#FF0000,0,2.551674077270607,4
image_122.png,5,False,574.5856439180548,171.32204431218088,20,#FF0000,Quadrant 2,1,2,28,,#FF0000,0,19.937798603915475,4
image_122.png,5,False,553.7813157281932,376.8824018356015,20,#FF0000,Quadrant 4,2,2,28,,#FF0000,0,202.2653181318364,4
image_122.png,5,False,442.86481295773416,41.958454077400944,20,#FF0000,Quadrant 2,1,2,28,,#FF0000,0,268.91463238340003,4
image_122.png,5,False,600.3814249049931,11.456367803515308,20,#FF0000,Quadrant 2,1,2,28,,#FF0000,0,341.1211782066465,4
image_123.png,2,True,363.7637207762368,258.6461571954892,20,#FF0000,Quadrant 4,2,2,87,140,#FF0000,0,266.3520979894312,6
image_123.png,5,False,599.1954648475066,262.751560175658,20,#FF0000,Quadrant 4,2,2,87,,#FF0000,0,69.55823206237021,6
image_123.png,5,False,405.76993891802437,30.36644548813435,20,#FF0000,Quadrant 2,1,2,87,,#FF0000,0,135.16847714479943,6
image_123.png,5,False,665.6270289046589,356.1916911151905,20,#FF0000,Quadrant 4,2,2,87,,#FF0000,0,244.94371717553915,6
image_123.png,5,False,598.5085070875409,191.71095539875205,20,#FF0000,Quadrant 2,1,2,87,,#FF0000,0,295.17069043104067,6
image_123.png,5,False,653.2635782006184,38.811867424805286,20,#FF0000,Quadrant 2,1,2,87,,#FF0000,0,70.79117419263245,6
image_123.png,5,False,191.79317752745922,58.200456698631534,20,#FF0000,Quadrant 1,1,1,87,,#FF0000,0,94.9305832349642,6
image_123.png,5,False,661.3715738247815,187.2250621065786,20,#FF0000,Quadrant 2,1,2,87,,#FF0000,0,243.45685124418495,6
image_123.png,5,False,443.7813261776324,166.9975541800081,20,#FF0000,Quadrant 2,1,2,87,,#FF0000,0,226.11493325385698,6
image_123.png,5,False,260.96962223153764,130.8297568255191,20,#FF0000,Quadrant 1,1,1,87,,#FF0000,0,324.37609060055047,6
image_123.png,5,False,428.4708943473434,58.79628426878275,20,#FF0000,Quadrant 2,1,2,87,,#FF0000,0,150.83673585410878,6
image_123.png,5,False,694.0160118891375,217.74722900605497,20,#FF0000,Quadrant 4,2,2,87,,#FF0000,0,25.855810328990426,6
image_123.png,5,False,25.46297909278588,91.63604995419676,20,#FF0000,Quadrant 1,1,1,87,,#FF0000,0,316.36312313597864,6
image_123.png,5,False,512.0649384186414,161.306124483765,20,#FF0000,Quadrant 2,1,2,87,,#FF0000,0,29.3800391961406,6
image_123.png,5,False,342.1969639573698,34.86333001548311,20,#FF0000,Quadrant 1,1,1,87,,#FF0000,0,103.47371521415656,6
image_123.png,5,False,682.6010269563883,95.42415193588772,20,#FF0000,Quadrant 2,1,2,87,,#FF0000,0,226.68951977682295,6
image_123.png,5,False,141.6228917529727,109.95981018997821,20,#FF0000,Quadrant 1,1,1,87,,#FF0000,0,10.460073769052606,6
image_123.png,5,False,443.5482595611615,240.65416358591722,20,#FF0000,Quadrant 4,2,2,87,,#FF0000,0,41.89264929667149,6
image_123.png,5,False,141.40990954875497,356.13700358946227,20,#FF0000,Quadrant 3,2,1,87,,#FF0000,0,152.48180286904767,6
image_123.png,5,False,56.55503338669893,331.39911196233976,20,#FF0000,Quadrant 3,2,1,87,,#FF0000,0,219.4161144851131,6
image_123.png,5,False,168.17190561270684,78.92088077589197,20,#FF0000,Quadrant 1,1,1,87,,#FF0000,0,205.76346177087842,6
image_123.png,5,False,554.2034426472544,212.7236022978419,20,#FF0000,Quadrant 4,2,2,87,,#FF0000,0,123.58418621397252,6
image_123.png,5,False,81.07057740122492,154.8419674164651,20,#FF0000,Quadrant 1,1,1,87,,#FF0000,0,163.5170287500572,6
image_123.png,5,False,328.69471316640403,109.29388255398764,20,#FF0000,Quadrant 1,1,1,87,,#FF0000,0,216.90106515991616,6
image_123.png,5,False,402.1249516985198,330.65933355024947,20,#FF0000,Quadrant 4,2,2,87,,#FF0000,0,304.45720631526666,6
image_123.png,5,False,139.4985515450812,80.9334365490454,20,#FF0000,Quadrant 1,1,1,87,,#FF0000,0,59.54970163897923,6
image_123.png,5,False,535.7495129723416,108.57623843763504,20,#FF0000,Quadrant 2,1,2,87,,#FF0000,0,221.3642667920198,6
image_123.png,5,False,202.83214966001432,374.42205804483706,20,#FF0000,Quadrant 3,2,1,87,,#FF0000,0,246.16588940683764,6
image_123.png,5,False,384.5265872234055,202.75774597153813,20,#FF0000,Quadrant 4,2,2,87,,#FF0000,0,253.25088607275907,6
image_123.png,5,False,619.9338833319033,39.11772323283307,20,#FF0000,Quadrant 2,1,2,87,,#FF0000,0,313.95894609330685,6
image_123.png,5,False,164.34580445380402,28.513562612685465,20,#FF0000,Quadrant 1,1,1,87,,#FF0000,0,281.93532310123425,6
image_123.png,5,False,427.84486277021347,207.46067816964717,20,#FF0000,Quadrant 4,2,2,87,,#FF0000,0,92.70141906105684,6
image_123.png,5,False,495.0090730903974,235.4685602715595,20,#FF0000,Quadrant 4,2,2,87,,#FF0000,0,120.21972562532908,6
image_123.png,5,False,489.3395713078733,302.4090548607451,20,#FF0000,Quadrant 4,2,2,87,,#FF0000,0,237.5733852492621,6
image_123.png,5,False,492.3356982944011,74.08799434333683,20,#FF0000,Quadrant 2,1,2,87,,#FF0000,0,327.54466310081125,6
image_123.png,5,False,340.96844489224344,241.4854363628128,20,#FF0000,Quadrant 3,2,1,87,,#FF0000,0,173.333421878761,6
image_123.png,5,False,256.51189648092316,48.0322625495499,20,#FF0000,Quadrant 1,1,1,87,,#FF0000,0,61.8229568900612,6
image_123.png,5,False,502.42187443217455,111.71683076629208,20,#FF0000,Quadrant 2,1,2,87,,#FF0000,0,54.69986025759651,6
image_123.png,5,False,621.677560293417,376.3845346421329,20,#FF0000,Quadrant 4,2,2,87,,#FF0000,0,148.48426985955174,6
image_123.png,5,False,26.493769728205173,66.09508934556662,20,#FF0000,Quadrant 1,1,1,87,,#FF0000,0,142.29712591278943,6
image_123.png,5,False,215.60317905191414,213.30083695801292,20,#FF0000,Quadrant 3,2,1,87,,#FF0000,0,116.64031820847971,6
image_123.png,5,False,439.8947569066153,141.29680225762658,20,#FF0000,Quadrant 2,1,2,87,,#FF0000,0,2.4168531825786266,6
image_123.png,5,False,508.1024256255622,377.7247662142465,20,#FF0000,Quadrant 4,2,2,87,,#FF0000,0,277.0422771711369,6
image_123.png,5,False,145.7445346156726,324.95861150103156,20,#FF0000,Quadrant 3,2,1,87,,#FF0000,0,286.79597024358856,6
image_123.png,5,False,598.5205818551834,130.39021958899684,20,#FF0000,Quadrant 2,1,2,87,,#FF0000,0,351.62851583951203,6
image_123.png,5,False,399.8199486552995,254.24252643059765,20,#FF0000,Quadrant 4,2,2,87,,#FF0000,0,124.65241599292523,6
image_123.png,5,False,55.36512567374606,266.30592501062154,20,#FF0000,Quadrant 3,2,1,87,,#FF0000,0,30.721826452438226,6
image_123.png,5,False,374.5894702099629,67.10187221595405,20,#FF0000,Quadrant 2,1,2,87,,#FF0000,0,78.63047730754494,6
image_123.png,5,False,185.14208698289025,251.9726651546222,20,#FF0000,Quadrant 3,2,1,87,,#FF0000,0,59.80620046094284,6
image_123.png,5,False,332.3066375610623,374.46536645028476,20,#FF0000,Quadrant 3,2,1,87,,#FF0000,0,50.1535387639663,6
image_123.png,5,False,129.01437043969804,52.81835908339334,20,#FF0000,Quadrant 1,1,1,87,,#FF0000,0,301.88176863803034,6
image_123.png,5,False,481.5538661063047,208.20352044970383,20,#FF0000,Quadrant 4,2,2,87,,#FF0000,0,319.67137403646973,6
image_123.png,5,False,129.34596994273548,177.84041333765896,20,#FF0000,Quadrant 1,1,1,87,,#FF0000,0,72.98020385176564,6
image_123.png,5,False,687.3154213228431,299.2237504544074,20,#FF0000,Quadrant 4,2,2,87,,#FF0000,0,257.85687650466934,6
image_123.png,5,False,251.41670385673135,80.5111775920467,20,#FF0000,Quadrant 1,1,1,87,,#FF0000,0,104.61888817039639,6
image_123.png,5,False,15.536029712355088,244.29507100428256,20,#FF0000,Quadrant 3,2,1,87,,#FF0000,0,169.89704436171317,6
image_123.png,5,False,582.5974519624186,37.21609681196983,20,#FF0000,Quadrant 2,1,2,87,,#FF0000,0,169.18570407642682,6
image_123.png,5,False,121.35421418137165,242.74121531780594,20,#FF0000,Quadrant 3,2,1,87,,#FF0000,0,245.4762242580144,6
image_123.png,5,False,622.8481023254668,248.84918334723753,20,#FF0000,Quadrant 4,2,2,87,,#FF0000,0,154.75750769921896,6
image_123.png,5,False,119.17999857978647,287.4574544592972,20,#FF0000,Quadrant 3,2,1,87,,#FF0000,0,117.44897085309076,6
image_123.png,5,False,239.7596549612057,269.7150050710408,20,#FF0000,Quadrant 3,2,1,87,,#FF0000,0,117.80562227408349,6
image_123.png,5,False,90.1133572467232,125.75119203555772,20,#FF0000,Quadrant 1,1,1,87,,#FF0000,0,11.649991160454768,6
image_123.png,5,False,299.2373517781246,387.500297075355,20,#FF0000,Quadrant 3,2,1,87,,#FF0000,0,4.631365504335041,6
image_123.png,5,False,375.44455824866594,12.066173230388738,20,#FF0000,Quadrant 2,1,2,87,,#FF0000,0,268.4960040115546,6
image_123.png,5,False,472.39956205496713,269.0994771406545,20,#FF0000,Quadrant 4,2,2,87,,#FF0000,0,325.58925709533867,6
image_123.png,5,False,451.78426842569843,85.65174353420007,20,#FF0000,Quadrant 2,1,2,87,,#FF0000,0,315.7759169857126,6
image_123.png,5,False,539.8213260910272,64.50431849867863,20,#FF0000,Quadrant 2,1,2,87,,#FF0000,0,353.0199384429011,6
image_123.png,5,False,630.9980321493862,172.13100261552458,20,#FF0000,Quadrant 2,1,2,87,,#FF0000,0,151.92967372003324,6
image_123.png,5,False,395.5665850467094,285.7618750896392,20,#FF0000,Quadrant 4,2,2,87,,#FF0000,0,138.78250972191543,6
image_123.png,5,False,182.37444495535757,335.37240514563337,20,#FF0000,Quadrant 3,2,1,87,,#FF0000,0,109.9975472936772,6
image_123.png,5,False,202.8507899858686,106.52852286619644,20,#FF0000,Quadrant 1,1,1,87,,#FF0000,0,91.52609478364789,6
image_123.png,5,False,279.3894631685141,175.76797160345524,20,#FF0000,Quadrant 1,1,1,87,,#FF0000,0,339.4322553782877,6
image_123.png,5,False,210.91325764707247,288.59593921323716,20,#FF0000,Quadrant 3,2,1,87,,#FF0000,0,196.7743857462849,6
image_123.png,5,False,79.7982885376908,286.5121735179851,20,#FF0000,Quadrant 3,2,1,87,,#FF0000,0,198.83485264993422,6
image_123.png,5,False,291.5723680126222,64.94108382821366,20,#FF0000,Quadrant 1,1,1,87,,#FF0000,0,34.194129529062785,6
image_123.png,5,False,582.9633900499505,75.24351821052878,20,#FF0000,Quadrant 2,1,2,87,,#FF0000,0,340.33350280400134,6
image_123.png,5,False,100.29021493904146,47.24741748711299,20,#FF0000,Quadrant 1,1,1,87,,#FF0000,0,1.2934566370060452,6
image_123.png,5,False,229.99943014742567,17.863884950328178,20,#FF0000,Quadrant 1,1,1,87,,#FF0000,0,129.11932380635756,6
image_123.png,5,False,566.3709641253531,243.57351622469034,20,#FF0000,Quadrant 4,2,2,87,,#FF0000,0,219.5422222253422,6
image_123.png,5,False,297.4189096913857,287.2453827539132,20,#FF0000,Quadrant 3,2,1,87,,#FF0000,0,352.16095904878154,6
image_123.png,5,False,95.17447035237014,327.1808447196932,20,#FF0000,Quadrant 3,2,1,87,,#FF0000,0,278.22108112462695,6
image_123.png,5,False,267.6372458495221,274.8934773835314,20,#FF0000,Quadrant 3,2,1,87,,#FF0000,0,255.00538229428219,6
image_123.png,5,False,44.06800299507295,201.21501890240117,20,#FF0000,Quadrant 3,2,1,87,,#FF0000,0,198.96281254858843,6
image_123.png,5,False,689.0490957290235,255.91437992625148,20,#FF0000,Quadrant 4,2,2,87,,#FF0000,0,197.36932627497876,6
image_123.png,5,False,172.92302496761647,359.22640365692234,20,#FF0000,Quadrant 3,2,1,87,,#FF0000,0,228.94596747679887,6
image_123.png,5,False,668.7517743625631,332.61498537328134,20,#FF0000,Quadrant 4,2,2,87,,#FF0000,0,266.4612008677106,6
image_123.png,5,False,610.6822131575162,86.02441751374181,20,#FF0000,Quadrant 2,1,2,87,,#FF0000,0,122.35045215945486,6
image_123.png,5,False,545.8662180502669,319.85297062030287,20,#FF0000,Quadrant 4,2,2,87,,#FF0000,0,329.26876007512465,6
image_124.png,2,True,310.9919350236187,79.6360921041413,20,#FF0000,Quadrant 1,1,1,41,140,#FF0000,0,182.35524957549822,5
image_124.png,5,False,385.33223147273435,214.47849609680182,20,#FF0000,Quadrant 4,2,2,41,,#FF0000,0,160.3156990817544,5
image_124.png,5,False,163.30280990013628,382.63980561691335,20,#FF0000,Quadrant 3,2,1,41,,#FF0000,0,144.67174004417402,5
image_124.png,5,False,415.8295728256644,377.421812817073,20,#FF0000,Quadrant 4,2,2,41,,#FF0000,0,99.48973470441041,5
image_124.png,5,False,636.9399296126246,146.60537898007885,20,#FF0000,Quadrant 2,1,2,41,,#FF0000,0,7.153937605781473,5
image_124.png,5,False,624.8259928412634,202.83454952123296,20,#FF0000,Quadrant 4,2,2,41,,#FF0000,0,324.86743533695363,5
image_124.png,5,False,419.58313327611774,55.50303757413529,20,#FF0000,Quadrant 2,1,2,41,,#FF0000,0,254.4115182259949,5
image_124.png,5,False,57.4433994270777,346.9841264868397,20,#FF0000,Quadrant 3,2,1,41,,#FF0000,0,195.68469312366778,5
image_124.png,5,False,580.6771218765676,60.61110698668919,20,#FF0000,Quadrant 2,1,2,41,,#FF0000,0,303.62207555338273,5
image_124.png,5,False,672.1811396843345,301.36722972628684,20,#FF0000,Quadrant 4,2,2,41,,#FF0000,0,252.9065456856164,5
image_124.png,5,False,262.1166486577782,343.3684520008835,20,#FF0000,Quadrant 3,2,1,41,,#FF0000,0,237.8703163795282,5
image_124.png,5,False,518.4155849418653,144.29203660052025,20,#FF0000,Quadrant 2,1,2,41,,#FF0000,0,16.270406822521903,5
image_124.png,5,False,232.28969129583265,198.45979600133663,20,#FF0000,Quadrant 1,1,1,41,,#FF0000,0,146.4354598482227,5
image_124.png,5,False,320.50772487166125,234.93257559424495,20,#FF0000,Quadrant 3,2,1,41,,#FF0000,0,67.8120878539355,5
image_124.png,5,False,23.623475538594853,126.46016404591005,20,#FF0000,Quadrant 1,1,1,41,,#FF0000,0,197.3707130585602,5
image_124.png,5,False,235.02042142674628,339.0972233124767,20,#FF0000,Quadrant 3,2,1,41,,#FF0000,0,314.65767301649663,5
image_124.png,5,False,698.1537207592921,11.212566075534209,20,#FF0000,Quadrant 2,1,2,41,,#FF0000,0,37.468773063978006,5
image_124.png,5,False,331.21607043644326,369.568237876392,20,#FF0000,Quadrant 3,2,1,41,,#FF0000,0,191.01848665891922,5
image_124.png,5,False,86.12149030026815,142.78234600435547,20,#FF0000,Quadrant 1,1,1,41,,#FF0000,0,287.277172448818,5
image_124.png,5,False,126.67396066395173,54.95599832795654,20,#FF0000,Quadrant 1,1,1,41,,#FF0000,0,334.2119442457991,5
image_124.png,5,False,272.0728985720978,208.19802882487025,20,#FF0000,Quadrant 3,2,1,41,,#FF0000,0,73.83816773079569,5
image_124.png,5,False,326.91090524254156,268.3267962550372,20,#FF0000,Quadrant 3,2,1,41,,#FF0000,0,70.47271175701957,5
image_124.png,5,False,473.7455025294993,251.26429327127306,20,#FF0000,Quadrant 4,2,2,41,,#FF0000,0,25.325270345551466,5
image_124.png,5,False,415.24425992673366,283.7337633215809,20,#FF0000,Quadrant 4,2,2,41,,#FF0000,0,319.72398032126887,5
image_124.png,5,False,692.0002364020772,198.42829738653091,20,#FF0000,Quadrant 2,1,2,41,,#FF0000,0,2.5316879694854943,5
image_124.png,5,False,83.91505576808966,55.16248797350383,20,#FF0000,Quadrant 1,1,1,41,,#FF0000,0,140.54971817807396,5
image_124.png,5,False,587.762959869778,239.424624736818,20,#FF0000,Quadrant 4,2,2,41,,#FF0000,0,88.710036449046,5
image_124.png,5,False,408.77079086733886,336.19341252485077,20,#FF0000,Quadrant 4,2,2,41,,#FF0000,0,230.05841681733108,5
image_124.png,5,False,490.4969298871582,364.4456006317243,20,#FF0000,Quadrant 4,2,2,41,,#FF0000,0,334.447311745655,5
image_124.png,5,False,600.9912306065696,94.28349293656724,20,#FF0000,Quadrant 2,1,2,41,,#FF0000,0,328.4515217090582,5
image_124.png,5,False,345.6817519105072,215.49919703132542,20,#FF0000,Quadrant 3,2,1,41,,#FF0000,0,187.51341911877114,5
image_124.png,5,False,516.643573685185,375.1030488654932,20,#FF0000,Quadrant 4,2,2,41,,#FF0000,0,184.81104442162993,5
image_124.png,5,False,434.5762367236476,160.90120164853454,20,#FF0000,Quadrant 2,1,2,41,,#FF0000,0,201.89573280424548,5
image_124.png,5,False,387.26167060118183,300.9218962907836,20,#FF0000,Quadrant 4,2,2,41,,#FF0000,0,234.7060054374398,5
image_124.png,5,False,455.4393655941351,188.75977959980148,20,#FF0000,Quadrant 2,1,2,41,,#FF0000,0,204.65023847728258,5
image_124.png,5,False,207.06676778244466,231.1443419793425,20,#FF0000,Quadrant 3,2,1,41,,#FF0000,0,178.7189249057977,5
image_124.png,5,False,550.4566044247033,286.18348086634944,20,#FF0000,Quadrant 4,2,2,41,,#FF0000,0,220.21901567187277,5
image_124.png,5,False,549.6834777641408,129.17525007460796,20,#FF0000,Quadrant 2,1,2,41,,#FF0000,0,296.5905197485387,5
image_124.png,5,False,453.730879786308,106.50211650646668,20,#FF0000,Quadrant 2,1,2,41,,#FF0000,0,246.2367731648372,5
image_124.png,5,False,201.92450615771122,332.2996287049209,20,#FF0000,Quadrant 3,2,1,41,,#FF0000,0,287.98952304940275,5
image_124.png,5,False,288.66148255522876,353.326877781094,20,#FF0000,Quadrant 3,2,1,41,,#FF0000,0,15.55735530468679,5
image_124.png,5,False,304.5437843152626,156.7573202402466,20,#FF0000,Quadrant 1,1,1,41,,#FF0000,0,61.32830074261307,5
image_125.png,2,True,171.0268514612902,301.5278673978708,20,#FF0000,Quadrant 3,2,1,44,140,#FF0000,0,102.53132786981146,5
image_125.png,5,False,695.531442466252,52.249315117162325,20,#FF0000,Quadrant 2,1,2,44,,#FF0000,0,298.92405515668037,5
image_125.png,5,False,656.3744211079841,288.31057825644075,20,#FF0000,Quadrant 4,2,2,44,,#FF0000,0,140.75971134869246,5
image_125.png,5,False,410.4402235627676,358.61000495268695,20,#FF0000,Quadrant 4,2,2,44,,#FF0000,0,89.81483461497515,5
image_125.png,5,False,432.13326893995935,135.50935389784124,20,#FF0000,Quadrant 2,1,2,44,,#FF0000,0,75.3472689652783,5
image_125.png,5,False,500.62989037534874,225.587492346852,20,#FF0000,Quadrant 4,2,2,44,,#FF0000,0,225.60287646397163,5
image_125.png,5,False,570.7263484188421,277.1281664364372,20,#FF0000,Quadrant 4,2,2,44,,#FF0000,0,19.508463787600707,5
image_125.png,5,False,306.71418249390547,202.37443008435687,20,#FF0000,Quadrant 3,2,1,44,,#FF0000,0,206.0286041185671,5
image_125.png,5,False,360.58698592416874,95.28202945359502,20,#FF0000,Quadrant 2,1,2,44,,#FF0000,0,113.12126787124726,5
image_125.png,5,False,238.27744480270715,262.74541219168907,20,#FF0000,Quadrant 3,2,1,44,,#FF0000,0,241.8951930021981,5
image_125.png,5,False,60.637876486249915,191.28760737867356,20,#FF0000,Quadrant 1,1,1,44,,#FF0000,0,287.0525556711781,5
image_125.png,5,False,578.6059612203964,385.5913981488972,20,#FF0000,Quadrant 4,2,2,44,,#FF0000,0,111.39481185793203,5
image_125.png,5,False,347.78713424842584,372.08265818740534,20,#FF0000,Quadrant 3,2,1,44,,#FF0000,0,243.78857921078472,5
image_125.png,5,False,697.2982213208699,257.5144921781962,20,#FF0000,Quadrant 4,2,2,44,,#FF0000,0,75.78572735521274,5
image_125.png,5,False,484.14201877933726,187.13699162029823,20,#FF0000,Quadrant 2,1,2,44,,#FF0000,0,35.23020602981235,5
image_125.png,5,False,75.71048917197598,359.21581828101773,20,#FF0000,Quadrant 3,2,1,44,,#FF0000,0,344.6285589013592,5
image_125.png,5,False,144.1872702831978,259.5686180267807,20,#FF0000,Quadrant 3,2,1,44,,#FF0000,0,229.25554953185502,5
image_125.png,5,False,12.801078602220468,202.9714832758856,20,#FF0000,Quadrant 3,2,1,44,,#FF0000,0,231.09070558481298,5
image_125.png,5,False,413.28519956008785,67.17542104499412,20,#FF0000,Quadrant 2,1,2,44,,#FF0000,0,78.44832226369911,5
image_125.png,5,False,501.2919547052904,132.54470544154202,20,#FF0000,Quadrant 2,1,2,44,,#FF0000,0,71.0536525963154,5
image_125.png,5,False,633.9868982380873,165.5264855463877,20,#FF0000,Quadrant 2,1,2,44,,#FF0000,0,4.915454425414443,5
image_125.png,5,False,245.30654812230335,371.58754601728236,20,#FF0000,Quadrant 3,2,1,44,,#FF0000,0,211.63269532803682,5
image_125.png,5,False,538.6551729275079,286.2011660396643,20,#FF0000,Quadrant 4,2,2,44,,#FF0000,0,119.89103798242243,5
image_125.png,5,False,538.0707396848368,374.6380018461977,20,#FF0000,Quadrant 4,2,2,44,,#FF0000,0,80.71499460428512,5
image_125.png,5,False,481.8465399295174,159.3982468626876,20,#FF0000,Quadrant 2,1,2,44,,#FF0000,0,334.6907905913154,5
image_125.png,5,False,326.9759193875506,129.52642605056218,20,#FF0000,Quadrant 1,1,1,44,,#FF0000,0,70.40427757131997,5
image_125.png,5,False,239.0690299444343,55.93707027757937,20,#FF0000,Quadrant 1,1,1,44,,#FF0000,0,241.54983234358332,5
image_125.png,5,False,118.39799260981295,235.62103021747907,20,#FF0000,Quadrant 3,2,1,44,,#FF0000,0,224.30481822920228,5
image_125.png,5,False,107.22167469822516,59.36847098814064,20,#FF0000,Quadrant 1,1,1,44,,#FF0000,0,19.30683603744837,5
image_125.png,5,False,238.19032743284384,23.61757473044468,20,#FF0000,Quadrant 1,1,1,44,,#FF0000,0,285.1958315108323,5
image_125.png,5,False,256.92814605922047,150.15860122656605,20,#FF0000,Quadrant 1,1,1,44,,#FF0000,0,87.48923432625841,5
image_125.png,5,False,690.8325411391737,26.838822716529386,20,#FF0000,Quadrant 2,1,2,44,,#FF0000,0,250.14985205631288,5
image_125.png,5,False,36.31926918937006,166.3856954196128,20,#FF0000,Quadrant 1,1,1,44,,#FF0000,0,353.5046423492338,5
image_125.png,5,False,61.73996052930446,169.04053800041794,20,#FF0000,Quadrant 1,1,1,44,,#FF0000,0,169.29486193158866,5
image_125.png,5,False,656.605278172169,310.74149288423763,20,#FF0000,Quadrant 4,2,2,44,,#FF0000,0,111.30052220500126,5
image_125.png,5,False,561.73194778639,313.0958684536469,20,#FF0000,Quadrant 4,2,2,44,,#FF0000,0,202.89628907050266,5
image_125.png,5,False,467.5809789849675,46.24615350050189,20,#FF0000,Quadrant 2,1,2,44,,#FF0000,0,89.74135438935276,5
image_125.png,5,False,340.0726617012437,287.8544006772471,20,#FF0000,Quadrant 3,2,1,44,,#FF0000,0,228.55235020139048,5
image_125.png,5,False,591.6470916444804,133.8226829112536,20,#FF0000,Quadrant 2,1,2,44,,#FF0000,0,282.8503910089797,5
image_125.png,5,False,290.1973724158147,353.51590442765115,20,#FF0000,Quadrant 3,2,1,44,,#FF0000,0,157.5358067794103,5
image_125.png,5,False,113.95531318691658,380.84447545189937,20,#FF0000,Quadrant 3,2,1,44,,#FF0000,0,60.78957939855221,5
image_125.png,5,False,463.13230610078836,250.0171184389648,20,#FF0000,Quadrant 4,2,2,44,,#FF0000,0,233.67866877666043,5
image_125.png,5,False,214.9712935029138,169.47511463402836,20,#FF0000,Quadrant 1,1,1,44,,#FF0000,0,131.28398820037532,5
image_125.png,5,False,182.1010089923032,12.65222179974725,20,#FF0000,Quadrant 1,1,1,44,,#FF0000,0,250.19088422486493,5
image_125.png,5,False,265.73489277904594,317.66327833503783,20,#FF0000,Quadrant 3,2,1,44,,#FF0000,0,92.40116278493564,5
image_126.png,2,True,46.17696185306982,377.4805532707452,20,#FF0000,Quadrant 3,2,1,44,140,#FF0000,0,209.02763396403301,5
image_126.png,5,False,240.32007029933476,13.501208520643889,20,#FF0000,Quadrant 1,1,1,44,,#FF0000,0,76.40855412222,5
image_126.png,5,False,540.2624740773829,239.9603226271257,20,#FF0000,Quadrant 4,2,2,44,,#FF0000,0,179.43084728288562,5
image_126.png,5,False,646.900110295269,92.79447673059116,20,#FF0000,Quadrant 2,1,2,44,,#FF0000,0,241.97911882535243,5
image_126.png,5,False,347.34129190035463,335.25811604239027,20,#FF0000,Quadrant 3,2,1,44,,#FF0000,0,232.6197618937749,5
image_126.png,5,False,509.26746798915826,34.328808422076776,20,#FF0000,Quadrant 2,1,2,44,,#FF0000,0,69.00702213913952,5
image_126.png,5,False,294.22028745239174,22.04960558108511,20,#FF0000,Quadrant 1,1,1,44,,#FF0000,0,244.21470922569188,5
image_126.png,5,False,522.1210582054703,103.30626569178844,20,#FF0000,Quadrant 2,1,2,44,,#FF0000,0,64.05955918089394,5
image_126.png,5,False,507.6812989727782,382.5932275639122,20,#FF0000,Quadrant 4,2,2,44,,#FF0000,0,203.60344838895406,5
image_126.png,5,False,664.1996734840035,171.3055908556384,20,#FF0000,Quadrant 2,1,2,44,,#FF0000,0,300.6526015040436,5
image_126.png,5,False,22.9693121731134,368.9455852596195,20,#FF0000,Quadrant 3,2,1,44,,#FF0000,0,334.4871512249865,5
image_126.png,5,False,53.76545067695576,178.87834857084115,20,#FF0000,Quadrant 1,1,1,44,,#FF0000,0,66.15416447728873,5
image_126.png,5,False,477.1323296360495,162.3553845240275,20,#FF0000,Quadrant 2,1,2,44,,#FF0000,0,341.60312087369806,5
image_126.png,5,False,428.1841033740339,174.16972509900526,20,#FF0000,Quadrant 2,1,2,44,,#FF0000,0,164.84816043356966,5
image_126.png,5,False,329.4745686230701,357.88565943131,20,#FF0000,Quadrant 3,2,1,44,,#FF0000,0,337.87837900044667,5
image_126.png,5,False,245.78385912098213,51.75381604775209,20,#FF0000,Quadrant 1,1,1,44,,#FF0000,0,24.168623568317717,5
image_126.png,5,False,153.76519599101556,331.67380659968234,20,#FF0000,Quadrant 3,2,1,44,,#FF0000,0,13.922228664860846,5
image_126.png,5,False,626.9982346349459,355.8737776673061,20,#FF0000,Quadrant 4,2,2,44,,#FF0000,0,215.68774440306711,5
image_126.png,5,False,512.6718153425101,219.3660818587407,20,#FF0000,Quadrant 4,2,2,44,,#FF0000,0,137.6613177779,5
image_126.png,5,False,174.75510916212522,270.4054091957605,20,#FF0000,Quadrant 3,2,1,44,,#FF0000,0,69.70946078682054,5
image_126.png,5,False,517.2026063550118,334.25363304594214,20,#FF0000,Quadrant 4,2,2,44,,#FF0000,0,83.2359398286032,5
image_126.png,5,False,421.82915979290635,229.48076161525316,20,#FF0000,Quadrant 4,2,2,44,,#FF0000,0,26.124519308118067,5
image_126.png,5,False,458.0219201436399,66.45484577503439,20,#FF0000,Quadrant 2,1,2,44,,#FF0000,0,136.0528066899686,5
image_126.png,5,False,130.4287289428331,168.96733923198855,20,#FF0000,Quadrant 1,1,1,44,,#FF0000,0,30.614286195200297,5
image_126.png,5,False,629.5259885289255,58.59902332966096,20,#FF0000,Quadrant 2,1,2,44,,#FF0000,0,311.7211471500634,5
image_126.png,5,False,171.65658899755317,186.12778882689923,20,#FF0000,Quadrant 1,1,1,44,,#FF0000,0,52.314342438629446,5
image_126.png,5,False,136.28160907198983,305.6146387194493,20,#FF0000,Quadrant 3,2,1,44,,#FF0000,0,269.4951607339246,5
image_126.png,5,False,438.4849022895515,133.5288801312172,20,#FF0000,Quadrant 2,1,2,44,,#FF0000,0,113.60035019357419,5
image_126.png,5,False,379.92356351477173,179.17388867102633,20,#FF0000,Quadrant 2,1,2,44,,#FF0000,0,264.7217306117008,5
image_126.png,5,False,388.2289417475743,65.92088272786684,20,#FF0000,Quadrant 2,1,2,44,,#FF0000,0,59.94538635491641,5
image_126.png,5,False,114.85014155804377,272.94248732602875,20,#FF0000,Quadrant 3,2,1,44,,#FF0000,0,144.0825664227131,5
image_126.png,5,False,488.9604131049161,291.6659406106875,20,#FF0000,Quadrant 4,2,2,44,,#FF0000,0,186.67912109951766,5
image_126.png,5,False,686.8061555833751,74.28137027684471,20,#FF0000,Quadrant 2,1,2,44,,#FF0000,0,345.59486142169015,5
image_126.png,5,False,392.2969294378754,351.7808999422901,20,#FF0000,Quadrant 4,2,2,44,,#FF0000,0,351.37447064885293,5
image_126.png,5,False,105.63704937181606,344.0328248317849,20,#FF0000,Quadrant 3,2,1,44,,#FF0000,0,208.65234998357167,5
image_126.png,5,False,20.054111428251012,225.65417624718958,20,#FF0000,Quadrant 3,2,1,44,,#FF0000,0,176.78505440806353,5
image_126.png,5,False,577.2998359754887,255.4648389611383,20,#FF0000,Quadrant 4,2,2,44,,#FF0000,0,294.65048439308805,5
image_126.png,5,False,188.1209711707095,319.6633159350186,20,#FF0000,Quadrant 3,2,1,44,,#FF0000,0,250.11881668825288,5
image_126.png,5,False,260.2713574815616,93.22214954534437,20,#FF0000,Quadrant 1,1,1,44,,#FF0000,0,123.35085290430672,5
image_126.png,5,False,489.77015582970677,188.38540697873546,20,#FF0000,Quadrant 2,1,2,44,,#FF0000,0,198.04042911290753,5
image_126.png,5,False,380.5401543732007,16.32753420542268,20,#FF0000,Quadrant 2,1,2,44,,#FF0000,0,197.08379094459465,5
image_126.png,5,False,340.7218264529315,184.18002040024749,20,#FF0000,Quadrant 1,1,1,44,,#FF0000,0,149.96670838079558,5
image_126.png,5,False,695.8711221665866,43.66320887045216,20,#FF0000,Quadrant 2,1,2,44,,#FF0000,0,312.30981960169066,5
image_126.png,5,False,365.1109298511211,240.31887291015224,20,#FF0000,Quadrant 4,2,2,44,,#FF0000,0,325.75747565430254,5
image_126.png,5,False,116.52253942955882,126.78703564862823,20,#FF0000,Quadrant 1,1,1,44,,#FF0000,0,343.2584799204819,5
image_127.png,2,True,559.1445766950488,62.53306290344531,20,#FF0000,Quadrant 2,1,2,52,140,#FF0000,0,188.0829630946131,5
image_127.png,5,False,112.02643467245399,162.5983021683438,20,#FF0000,Quadrant 1,1,1,52,,#FF0000,0,286.79360833768095,5
image_127.png,5,False,498.42875314986634,296.7262114789609,20,#FF0000,Quadrant 4,2,2,52,,#FF0000,0,259.0391047718546,5
image_127.png,5,False,312.46977413815813,11.495107107794624,20,#FF0000,Quadrant 1,1,1,52,,#FF0000,0,92.57670196167743,5
image_127.png,5,False,350.46451197827173,254.9890868144301,20,#FF0000,Quadrant 3,2,1,52,,#FF0000,0,70.51504933571236,5
image_127.png,5,False,33.92674417496191,157.35878775584942,20,#FF0000,Quadrant 1,1,1,52,,#FF0000,0,338.9422034675501,5
image_127.png,5,False,384.9538857493498,14.997148129877639,20,#FF0000,Quadrant 2,1,2,52,,#FF0000,0,258.2047213853382,5
image_127.png,5,False,486.39188158734396,375.27675859926313,20,#FF0000,Quadrant 4,2,2,52,,#FF0000,0,72.45531698120725,5
image_127.png,5,False,221.56830921490365,189.3971175733099,20,#FF0000,Quadrant 1,1,1,52,,#FF0000,0,144.5109478837222,5
image_127.png,5,False,588.4603431398648,251.39946389370647,20,#FF0000,Quadrant 4,2,2,52,,#FF0000,0,313.18025415988456,5
image_127.png,5,False,412.4343475015986,83.16328562259913,20,#FF0000,Quadrant 2,1,2,52,,#FF0000,0,51.964284538003454,5
image_127.png,5,False,131.0239259921608,298.94226235714467,20,#FF0000,Quadrant 3,2,1,52,,#FF0000,0,44.35584572585092,5
image_127.png,5,False,394.5279865322019,147.444285735846,20,#FF0000,Quadrant 2,1,2,52,,#FF0000,0,94.50309401804962,5
image_127.png,5,False,474.18116908094765,113.0815294195101,20,#FF0000,Quadrant 2,1,2,52,,#FF0000,0,353.87337963513306,5
image_127.png,5,False,684.2247366829108,221.30668659050247,20,#FF0000,Quadrant 4,2,2,52,,#FF0000,0,217.41489552569362,5
image_127.png,5,False,92.6464112081578,11.444028508876334,20,#FF0000,Quadrant 1,1,1,52,,#FF0000,0,335.1463205582087,5
image_127.png,5,False,509.7882363950592,162.345973459406,20,#FF0000,Quadrant 2,1,2,52,,#FF0000,0,185.19711465090518,5
image_127.png,5,False,81.80971819070079,75.46791275513783,20,#FF0000,Quadrant 1,1,1,52,,#FF0000,0,314.00013657978434,5
image_127.png,5,False,458.0674615151013,284.87277225212705,20,#FF0000,Quadrant 4,2,2,52,,#FF0000,0,172.63383186043905,5
image_127.png,5,False,580.8100442701935,33.005329845271355,20,#FF0000,Quadrant 2,1,2,52,,#FF0000,0,19.733071995276358,5
image_127.png,5,False,303.5830377847244,218.1333532844102,20,#FF0000,Quadrant 3,2,1,52,,#FF0000,0,81.39198989403802,5
image_127.png,5,False,315.97522528770327,154.3780845793964,20,#FF0000,Quadrant 1,1,1,52,,#FF0000,0,134.27643316629096,5
image_127.png,5,False,48.00520518171336,379.3404215236547,20,#FF0000,Quadrant 3,2,1,52,,#FF0000,0,29.965498753553042,5
image_127.png,5,False,649.2709327709573,226.70566744884974,20,#FF0000,Quadrant 4,2,2,52,,#FF0000,0,32.97267446365646,5
image_127.png,5,False,476.96076689011215,30.276593775760308,20,#FF0000,Quadrant 2,1,2,52,,#FF0000,0,0.18136038219175532,5
image_127.png,5,False,19.144425723421115,29.168660269452353,20,#FF0000,Quadrant 1,1,1,52,,#FF0000,0,261.5445940463229,5
image_127.png,5,False,651.9699611575046,97.80525393678656,20,#FF0000,Quadrant 2,1,2,52,,#FF0000,0,246.98792274695955,5
image_127.png,5,False,132.00575104042875,41.96137142568122,20,#FF0000,Quadrant 1,1,1,52,,#FF0000,0,245.76398210524394,5
image_127.png,5,False,129.61039386877184,351.6612305700262,20,#FF0000,Quadrant 3,2,1,52,,#FF0000,0,356.3126081440542,5
image_127.png,5,False,634.1778648137386,309.8301156904654,20,#FF0000,Quadrant 4,2,2,52,,#FF0000,0,169.44046595104615,5
image_127.png,5,False,603.6058511632791,137.16231004835214,20,#FF0000,Quadrant 2,1,2,52,,#FF0000,0,235.42300968542708,5
image_127.png,5,False,423.81166361971043,132.44803897225216,20,#FF0000,Quadrant 2,1,2,52,,#FF0000,0,82.8245379964724,5
image_127.png,5,False,691.5694605331804,293.806783548666,20,#FF0000,Quadrant 4,2,2,52,,#FF0000,0,312.1445249725103,5
image_127.png,5,False,534.6978585352139,141.99538324184354,20,#FF0000,Quadrant 2,1,2,52,,#FF0000,0,91.58577247939972,5
image_127.png,5,False,478.2807114484519,243.67037561999672,20,#FF0000,Quadrant 4,2,2,52,,#FF0000,0,138.0880263352273,5
image_127.png,5,False,471.90590063318166,73.65860215743697,20,#FF0000,Quadrant 2,1,2,52,,#FF0000,0,267.11850622929217,5
image_127.png,5,False,289.6753784777452,53.716191336556406,20,#FF0000,Quadrant 1,1,1,52,,#FF0000,0,101.26103483153145,5
image_127.png,5,False,156.5093374380248,121.27043438608989,20,#FF0000,Quadrant 1,1,1,52,,#FF0000,0,280.2817110625471,5
image_127.png,5,False,553.1773059254497,332.5976471341748,20,#FF0000,Quadrant 4,2,2,52,,#FF0000,0,338.8167977750619,5
image_127.png,5,False,629.7711386740716,81.93328721894595,20,#FF0000,Quadrant 2,1,2,52,,#FF0000,0,33.44963792088902,5
image_127.png,5,False,549.0929395667689,242.56652484877733,20,#FF0000,Quadrant 4,2,2,52,,#FF0000,0,165.0909437051079,5
image_127.png,5,False,521.9338759265272,302.60673272693884,20,#FF0000,Quadrant 4,2,2,52,,#FF0000,0,270.5739213702759,5
image_127.png,5,False,567.942469174025,184.0503219205552,20,#FF0000,Quadrant 2,1,2,52,,#FF0000,0,276.0558381067611,5
image_127.png,5,False,509.5516803740635,206.1278169189013,20,#FF0000,Quadrant 4,2,2,52,,#FF0000,0,107.37887875389842,5
image_127.png,5,False,199.00753856667126,242.43974898142457,20,#FF0000,Quadrant 3,2,1,52,,#FF0000,0,28.38268323996425,5
image_127.png,5,False,156.68139279399645,320.7662085984074,20,#FF0000,Quadrant 3,2,1,52,,#FF0000,0,185.58290020370737,5
image_127.png,5,False,287.1289813426191,118.0652732821568,20,#FF0000,Quadrant 1,1,1,52,,#FF0000,0,121.46731005008272,5
image_127.png,5,False,255.92899768099042,107.57589856066991,20,#FF0000,Quadrant 1,1,1,52,,#FF0000,0,16.247794051338445,5
image_127.png,5,False,400.24188567886233,229.3172310059065,20,#FF0000,Quadrant 4,2,2,52,,#FF0000,0,119.0523657921799,5
image_127.png,5,False,136.8509128098423,152.32866949673212,20,#FF0000,Quadrant 1,1,1,52,,#FF0000,0,157.22268965300844,5
image_127.png,5,False,50.10333134017399,276.02885763223134,20,#FF0000,Quadrant 3,2,1,52,,#FF0000,0,248.9308001593296,5
image_127.png,5,False,293.7369866948418,171.38195537843987,20,#FF0000,Quadrant 1,1,1,52,,#FF0000,0,192.3235655583643,5
image_127.png,5,False,392.6391745766028,387.28601536725967,20,#FF0000,Quadrant 4,2,2,52,,#FF0000,0,184.20429452872054,5
image_128.png,2,True,574.9509291301368,39.86943250718983,20,#FF0000,Quadrant 2,1,2,42,140,#FF0000,0,214.72354590933097,5
image_128.png,5,False,408.4668676696894,55.52252274029162,20,#FF0000,Quadrant 2,1,2,42,,#FF0000,0,128.50770725034923,5
image_128.png,5,False,47.04525768092196,260.13207745251657,20,#FF0000,Quadrant 3,2,1,42,,#FF0000,0,239.76303991282043,5
image_128.png,5,False,147.8075863005585,114.94934518651684,20,#FF0000,Quadrant 1,1,1,42,,#FF0000,0,260.356687977916,5
image_128.png,5,False,377.4607247391971,342.7269073206031,20,#FF0000,Quadrant 4,2,2,42,,#FF0000,0,337.3179232069232,5
image_128.png,5,False,118.619490123033,259.2103028631587,20,#FF0000,Quadrant 3,2,1,42,,#FF0000,0,14.357950378283162,5
image_128.png,5,False,467.59877837779027,61.74865455381883,20,#FF0000,Quadrant 2,1,2,42,,#FF0000,0,341.37755556644817,5
image_128.png,5,False,239.66687917182682,217.63329674539406,20,#FF0000,Quadrant 3,2,1,42,,#FF0000,0,120.58073093416085,5
image_128.png,5,False,406.79351750196287,339.76139649966467,20,#FF0000,Quadrant 4,2,2,42,,#FF0000,0,59.027536929763414,5
image_128.png,5,False,645.836680177382,218.16700347339403,20,#FF0000,Quadrant 4,2,2,42,,#FF0000,0,333.8028926725468,5
image_128.png,5,False,431.1229937827918,377.0497427305717,20,#FF0000,Quadrant 4,2,2,42,,#FF0000,0,36.710865635977584,5
image_128.png,5,False,565.2077699023482,188.84157885103505,20,#FF0000,Quadrant 2,1,2,42,,#FF0000,0,307.39146018870633,5
image_128.png,5,False,430.4978093219806,215.0566417117077,20,#FF0000,Quadrant 4,2,2,42,,#FF0000,0,245.91202834202738,5
image_128.png,5,False,277.36495319299235,122.39184248419747,20,#FF0000,Quadrant 1,1,1,42,,#FF0000,0,160.86831889910218,5
image_128.png,5,False,655.5425437610946,373.2792515247777,20,#FF0000,Quadrant 4,2,2,42,,#FF0000,0,210.1948586795209,5
image_128.png,5,False,388.3262513510009,106.28244869313333,20,#FF0000,Quadrant 2,1,2,42,,#FF0000,0,173.4404291181337,5
image_128.png,5,False,558.3427640425409,79.12986605218303,20,#FF0000,Quadrant 2,1,2,42,,#FF0000,0,170.79829301834098,5
image_128.png,5,False,65.10210471279706,80.23505858060564,20,#FF0000,Quadrant 1,1,1,42,,#FF0000,0,94.41017504573482,5
image_128.png,5,False,43.67189307641333,113.59820649090278,20,#FF0000,Quadrant 1,1,1,42,,#FF0000,0,120.94165081322733,5
image_128.png,5,False,439.2098905695367,350.08707498305466,20,#FF0000,Quadrant 4,2,2,42,,#FF0000,0,288.2194978882407,5
image_128.png,5,False,606.4837402816679,328.113956881539,20,#FF0000,Quadrant 4,2,2,42,,#FF0000,0,152.57638007823468,5
image_128.png,5,False,357.87499331851166,256.3420244444402,20,#FF0000,Quadrant 4,2,2,42,,#FF0000,0,223.08246173719937,5
image_128.png,5,False,695.2808991690828,209.3504494746561,20,#FF0000,Quadrant 4,2,2,42,,#FF0000,0,163.79856863830162,5
image_128.png,5,False,238.8129451424681,116.37909661612807,20,#FF0000,Quadrant 1,1,1,42,,#FF0000,0,338.654981921832,5
image_128.png,5,False,619.7161035714465,297.709861513051,20,#FF0000,Quadrant 4,2,2,42,,#FF0000,0,184.5795775419002,5
image_128.png,5,False,173.32850554801865,12.614587826107718,20,#FF0000,Quadrant 1,1,1,42,,#FF0000,0,347.9314194987538,5
image_128.png,5,False,649.1548149856515,62.4807982365229,20,#FF0000,Quadrant 2,1,2,42,,#FF0000,0,330.50422921579775,5
image_128.png,5,False,693.8848530704779,382.8465819546944,20,#FF0000,Quadrant 4,2,2,42,,#FF0000,0,336.8232265803819,5
image_128.png,5,False,624.5690386129254,12.232690895309265,20,#FF0000,Quadrant 2,1,2,42,,#FF0000,0,149.74158702864906,5
image_128.png,5,False,425.8241095668848,79.79413334171059,20,#FF0000,Quadrant 2,1,2,42,,#FF0000,0,118.18557222576405,5
image_128.png,5,False,468.1434120597759,35.19293894928178,20,#FF0000,Quadrant 2,1,2,42,,#FF0000,0,163.3242353784567,5
image_128.png,5,False,154.85965609591207,153.4594671921221,20,#FF0000,Quadrant 1,1,1,42,,#FF0000,0,251.3859001495962,5
image_128.png,5,False,590.7859890719188,210.57865153430075,20,#FF0000,Quadrant 4,2,2,42,,#FF0000,0,302.50664130127427,5
image_128.png,5,False,340.69822354752944,102.6276285163344,20,#FF0000,Quadrant 1,1,1,42,,#FF0000,0,283.54534943445134,5
image_128.png,5,False,471.9959552123148,164.8927053430464,20,#FF0000,Quadrant 2,1,2,42,,#FF0000,0,258.75609877554,5
image_128.png,5,False,59.16488229512265,147.13343495745085,20,#FF0000,Quadrant 1,1,1,42,,#FF0000,0,331.60388737433607,5
image_128.png,5,False,288.0213339162995,277.5848758668771,20,#FF0000,Quadrant 3,2,1,42,,#FF0000,0,199.5783872097304,5
image_128.png,5,False,176.3547543728503,349.7855538537705,20,#FF0000,Quadrant 3,2,1,42,,#FF0000,0,252.44300523232295,5
image_128.png,5,False,677.8144827179103,49.60820364336715,20,#FF0000,Quadrant 2,1,2,42,,#FF0000,0,311.90003241439314,5
image_128.png,5,False,497.8150260294938,180.91503831954006,20,#FF0000,Quadrant 2,1,2,42,,#FF0000,0,12.644357437454733,5
image_128.png,5,False,672.5929244250359,77.62661252606755,20,#FF0000,Quadrant 2,1,2,42,,#FF0000,0,301.31880937812736,5
image_128.png,5,False,459.2412793409905,294.6722993507253,20,#FF0000,Quadrant 4,2,2,42,,#FF0000,0,318.58270145127597,5
image_128.png,5,False,380.9211444195139,251.3096136838843,20,#FF0000,Quadrant 4,2,2,42,,#FF0000,0,177.14086997707247,5
image_129.png,2,True,325.5755328755762,341.49967525236605,20,#FF0000,Quadrant 3,2,1,21,140,#FF0000,0,102.33677288420895,4
image_129.png,5,False,604.6268488179893,313.3246814969997,20,#FF0000,Quadrant 4,2,2,21,,#FF0000,0,150.61313113346014,4
image_129.png,5,False,441.9993572362294,90.26921631010768,20,#FF0000,Quadrant 2,1,2,21,,#FF0000,0,37.850341549672585,4
image_129.png,5,False,349.67294152961455,331.3307844572592,20,#FF0000,Quadrant 3,2,1,21,,#FF0000,0,251.47026214868606,4
image_129.png,5,False,347.41805304419205,297.6359401764251,20,#FF0000,Quadrant 3,2,1,21,,#FF0000,0,200.73623810312438,4
image_129.png,5,False,283.2189569157312,40.32307137968448,20,#FF0000,Quadrant 1,1,1,21,,#FF0000,0,17.09498648510464,4
image_129.png,5,False,216.87848345106767,246.33633488228605,20,#FF0000,Quadrant 3,2,1,21,,#FF0000,0,250.9036102706314,4
image_129.png,5,False,364.870011400604,153.3959939298219,20,#FF0000,Quadrant 2,1,2,21,,#FF0000,0,183.8365441506989,4
image_129.png,5,False,235.68528504118652,326.0179051165191,20,#FF0000,Quadrant 3,2,1,21,,#FF0000,0,127.31018569978345,4
image_129.png,5,False,651.8335982545441,73.46349760565883,20,#FF0000,Quadrant 2,1,2,21,,#FF0000,0,28.765754314055414,4
image_129.png,5,False,479.97611464435306,77.53578208376815,20,#FF0000,Quadrant 2,1,2,21,,#FF0000,0,307.6251819606954,4
image_129.png,5,False,657.3795833294404,356.82093561089005,20,#FF0000,Quadrant 4,2,2,21,,#FF0000,0,50.22353788740586,4
image_129.png,5,False,648.5496650099165,326.3204585311115,20,#FF0000,Quadrant 4,2,2,21,,#FF0000,0,14.941304088231835,4
image_129.png,5,False,279.7880472768076,359.6454535288809,20,#FF0000,Quadrant 3,2,1,21,,#FF0000,0,220.8429925002396,4
image_129.png,5,False,535.4529127679898,77.3779786298565,20,#FF0000,Quadrant 2,1,2,21,,#FF0000,0,218.0594342153517,4
image_129.png,5,False,118.70386271585572,272.8326823546297,20,#FF0000,Quadrant 3,2,1,21,,#FF0000,0,180.5405506536519,4
image_129.png,5,False,208.43878925119472,344.93590798682914,20,#FF0000,Quadrant 3,2,1,21,,#FF0000,0,191.7416381571699,4
image_129.png,5,False,41.63019388995544,40.953651928922966,20,#FF0000,Quadrant 1,1,1,21,,#FF0000,0,118.20188325257266,4
image_129.png,5,False,475.73861922659034,318.877708175673,20,#FF0000,Quadrant 4,2,2,21,,#FF0000,0,79.27894459891786,4
image_129.png,5,False,608.395878354446,184.98265262292753,20,#FF0000,Quadrant 2,1,2,21,,#FF0000,0,194.54185247403095,4
image_129.png,5,False,273.94670954581727,175.9889839328939,20,#FF0000,Quadrant 1,1,1,21,,#FF0000,0,155.7326789205691,4
image_129.png,5,False,553.6894946835348,362.33868901342333,20,#FF0000,Quadrant 4,2,2,21,,#FF0000,0,105.47276292472604,4
image_130.png,2,True,279.15808336310675,172.58584759467934,20,#FF0000,Quadrant 1,1,1,96,140,#FF0000,0,172.99086359329834,6
image_130.png,5,False,468.0841658182548,138.73533302818,20,#FF0000,Quadrant 2,1,2,96,,#FF0000,0,194.96827582174862,6
image_130.png,5,False,375.60797255372586,290.2592181947514,20,#FF0000,Quadrant 4,2,2,96,,#FF0000,0,169.6313715863902,6
image_130.png,5,False,508.71653403017996,67.52733935697702,20,#FF0000,Quadrant 2,1,2,96,,#FF0000,0,353.3606476371116,6
image_130.png,5,False,639.8974565779246,180.65993589216777,20,#FF0000,Quadrant 2,1,2,96,,#FF0000,0,182.09482936426167,6
image_130.png,5,False,196.09131723290767,377.6408206391153,20,#FF0000,Quadrant 3,2,1,96,,#FF0000,0,81.5388102771212,6
image_130.png,5,False,15.99742596012524,79.79475566511448,20,#FF0000,Quadrant 1,1,1,96,,#FF0000,0,344.37167933297656,6
image_130.png,5,False,578.6526499678527,111.53280029491125,20,#FF0000,Quadrant 2,1,2,96,,#FF0000,0,193.29983057022207,6
image_130.png,5,False,571.3401563949083,296.16028159893955,20,#FF0000,Quadrant 4,2,2,96,,#FF0000,0,227.98632148582593,6
image_130.png,5,False,624.6974390746643,76.57705020090799,20,#FF0000,Quadrant 2,1,2,96,,#FF0000,0,87.37843396637085,6
image_130.png,5,False,99.92598928286365,314.9951505349402,20,#FF0000,Quadrant 3,2,1,96,,#FF0000,0,343.4543340961238,6
image_130.png,5,False,186.48109268231426,91.50097248248979,20,#FF0000,Quadrant 1,1,1,96,,#FF0000,0,13.158241660419705,6
image_130.png,5,False,497.24030782568263,188.59054690991695,20,#FF0000,Quadrant 2,1,2,96,,#FF0000,0,191.06659418585173,6
image_130.png,5,False,97.69488367161858,185.74266214219304,20,#FF0000,Quadrant 1,1,1,96,,#FF0000,0,21.922426364917943,6
image_130.png,5,False,472.07467910919985,58.84111213938422,20,#FF0000,Quadrant 2,1,2,96,,#FF0000,0,268.3670621288583,6
image_130.png,5,False,26.60253775929528,279.07222777378576,20,#FF0000,Quadrant 3,2,1,96,,#FF0000,0,332.2011188281768,6
image_130.png,5,False,246.76405885599956,120.75372388448862,20,#FF0000,Quadrant 1,1,1,96,,#FF0000,0,54.861477607371306,6
image_130.png,5,False,426.9018891641556,309.5244382823652,20,#FF0000,Quadrant 4,2,2,96,,#FF0000,0,147.79605081405282,6
image_130.png,5,False,686.9806496711504,311.79871411658945,20,#FF0000,Quadrant 4,2,2,96,,#FF0000,0,246.21593862962288,6
image_130.png,5,False,688.3310852175032,256.41234912440257,20,#FF0000,Quadrant 4,2,2,96,,#FF0000,0,321.25430233464374,6
image_130.png,5,False,599.2743590514399,37.13889282912739,20,#FF0000,Quadrant 2,1,2,96,,#FF0000,0,200.8503329267899,6
image_130.png,5,False,301.2934660041952,307.48132852224825,20,#FF0000,Quadrant 3,2,1,96,,#FF0000,0,283.9373899263238,6
image_130.png,5,False,610.0476210367103,184.96872632217435,20,#FF0000,Quadrant 2,1,2,96,,#FF0000,0,102.77610021757428,6
image_130.png,5,False,590.7307265034696,383.89497563450664,20,#FF0000,Quadrant 4,2,2,96,,#FF0000,0,189.95163485967143,6
image_130.png,5,False,430.4095616266108,123.27354984252027,20,#FF0000,Quadrant 2,1,2,96,,#FF0000,0,123.57708973319015,6
image_130.png,5,False,365.7655944783911,361.569341014025,20,#FF0000,Quadrant 4,2,2,96,,#FF0000,0,347.52535507286706,6
image_130.png,5,False,473.4079264634881,199.79627518378118,20,#FF0000,Quadrant 2,1,2,96,,#FF0000,0,95.24041346167057,6
image_130.png,5,False,140.12708807993246,78.40337544471527,20,#FF0000,Quadrant 1,1,1,96,,#FF0000,0,82.17507417948897,6
image_130.png,5,False,675.7766542752156,72.62715677271837,20,#FF0000,Quadrant 2,1,2,96,,#FF0000,0,305.3306661948496,6
image_130.png,5,False,238.57290018871237,213.10111954705852,20,#FF0000,Quadrant 3,2,1,96,,#FF0000,0,195.9706894816723,6
image_130.png,5,False,312.5775560661116,14.994494774870569,20,#FF0000,Quadrant 1,1,1,96,,#FF0000,0,330.4871222988504,6
image_130.png,5,False,625.0145103961089,101.39942668418212,20,#FF0000,Quadrant 2,1,2,96,,#FF0000,0,305.64539218222063,6
image_130.png,5,False,658.6715553589863,231.25445686009064,20,#FF0000,Quadrant 4,2,2,96,,#FF0000,0,221.3856462704937,6
image_130.png,5,False,32.89211350949631,166.95539998325054,20,#FF0000,Quadrant 1,1,1,96,,#FF0000,0,151.82849123218122,6
image_130.png,5,False,420.70685499584914,88.99235484273214,20,#FF0000,Quadrant 2,1,2,96,,#FF0000,0,229.02481704843848,6
image_130.png,5,False,661.4536717532951,28.84102396068729,20,#FF0000,Quadrant 2,1,2,96,,#FF0000,0,30.651571499991892,6
image_130.png,5,False,179.76300435371184,204.40453784866446,20,#FF0000,Quadrant 3,2,1,96,,#FF0000,0,309.403667329829,6
image_130.png,5,False,608.4630077339223,153.0982157763028,20,#FF0000,Quadrant 2,1,2,96,,#FF0000,0,179.56765497328536,6
image_130.png,5,False,181.70051613586548,171.38478198495199,20,#FF0000,Quadrant 1,1,1,96,,#FF0000,0,195.94862997967326,6
image_130.png,5,False,231.80278585078372,346.518610560799,20,#FF0000,Quadrant 3,2,1,96,,#FF0000,0,224.83955576421894,6
image_130.png,5,False,63.15481042350487,215.4368093359689,20,#FF0000,Quadrant 3,2,1,96,,#FF0000,0,279.0218460511876,6
image_130.png,5,False,204.0602253092741,316.4680105502968,20,#FF0000,Quadrant 3,2,1,96,,#FF0000,0,74.41417816677946,6
image_130.png,5,False,326.8267145498853,59.875556039554176,20,#FF0000,Quadrant 1,1,1,96,,#FF0000,0,117.38785762587236,6
image_130.png,5,False,349.30049238479006,204.34464526106274,20,#FF0000,Quadrant 3,2,1,96,,#FF0000,0,236.1373296525079,6
image_130.png,5,False,698.6113058673785,361.02881744509386,20,#FF0000,Quadrant 4,2,2,96,,#FF0000,0,165.89062858757367,6
image_130.png,5,False,308.2989519072668,245.73608287526932,20,#FF0000,Quadrant 3,2,1,96,,#FF0000,0,131.6931570987035,6
image_130.png,5,False,642.481445890376,263.42306065137797,20,#FF0000,Quadrant 4,2,2,96,,#FF0000,0,166.5647820447499,6
image_130.png,5,False,672.9321983442096,139.75685541953723,20,#FF0000,Quadrant 2,1,2,96,,#FF0000,0,106.49344330462186,6
image_130.png,5,False,403.759190905974,380.027257912198,20,#FF0000,Quadrant 4,2,2,96,,#FF0000,0,123.5734935118105,6
image_130.png,5,False,444.5144618708784,61.653413823759664,20,#FF0000,Quadrant 2,1,2,96,,#FF0000,0,86.39657741634855,6
image_130.png,5,False,68.17242623346365,54.36904784692097,20,#FF0000,Quadrant 1,1,1,96,,#FF0000,0,255.62649419423082,6
image_130.png,5,False,614.1035457646334,372.77222878828576,20,#FF0000,Quadrant 4,2,2,96,,#FF0000,0,185.020586633965,6
image_130.png,5,False,62.19729633074165,95.76882661858504,20,#FF0000,Quadrant 1,1,1,96,,#FF0000,0,103.04099383298616,6
image_130.png,5,False,121.55258198223036,129.29231227570017,20,#FF0000,Quadrant 1,1,1,96,,#FF0000,0,124.1906572814398,6
image_130.png,5,False,534.1628344967721,160.06716874049667,20,#FF0000,Quadrant 2,1,2,96,,#FF0000,0,59.049198321574394,6
image_130.png,5,False,612.9560203867602,241.67767432197616,20,#FF0000,Quadrant 4,2,2,96,,#FF0000,0,112.80063029126111,6
image_130.png,5,False,74.75411418278159,325.583219193683,20,#FF0000,Quadrant 3,2,1,96,,#FF0000,0,255.5156587555308,6
image_130.png,5,False,214.5279914852747,122.83187872793562,20,#FF0000,Quadrant 1,1,1,96,,#FF0000,0,134.7339127727849,6
image_130.png,5,False,564.8395728014933,26.2561512174306,20,#FF0000,Quadrant 2,1,2,96,,#FF0000,0,53.61759708535078,6
image_130.png,5,False,104.3638137899307,249.39517190904272,20,#FF0000,Quadrant 3,2,1,96,,#FF0000,0,290.4599001953898,6
image_130.png,5,False,514.4186139159383,217.73773239169785,20,#FF0000,Quadrant 4,2,2,96,,#FF0000,0,9.259429459577127,6
image_130.png,5,False,50.05492946440658,321.91796478241326,20,#FF0000,Quadrant 3,2,1,96,,#FF0000,0,108.06678580035052,6
image_130.png,5,False,602.3294563123508,76.13048481554739,20,#FF0000,Quadrant 2,1,2,96,,#FF0000,0,130.4553902592712,6
image_130.png,5,False,693.9987314408166,14.631417904083293,20,#FF0000,Quadrant 2,1,2,96,,#FF0000,0,102.4248125858545,6
image_130.png,5,False,407.7775420368052,45.11608058615304,20,#FF0000,Quadrant 2,1,2,96,,#FF0000,0,282.95529758884544,6
image_130.png,5,False,505.9983495859964,260.49307528347924,20,#FF0000,Quadrant 4,2,2,96,,#FF0000,0,13.962671832822755,6
image_130.png,5,False,404.8834726542407,231.37195294181413,20,#FF0000,Quadrant 4,2,2,96,,#FF0000,0,127.28948721401594,6
image_130.png,5,False,29.54075500006774,360.6775813917755,20,#FF0000,Quadrant 3,2,1,96,,#FF0000,0,22.00702260929896,6
image_130.png,5,False,462.5759660233813,352.8017984640622,20,#FF0000,Quadrant 4,2,2,96,,#FF0000,0,288.17181026878126,6
image_130.png,5,False,291.1724091591163,43.63798988829644,20,#FF0000,Quadrant 1,1,1,96,,#FF0000,0,116.97029641937631,6
image_130.png,5,False,70.9157137562733,376.350554015438,20,#FF0000,Quadrant 3,2,1,96,,#FF0000,0,324.0159816590223,6
image_130.png,5,False,171.69094517460783,313.79488207313665,20,#FF0000,Quadrant 3,2,1,96,,#FF0000,0,262.7499245990953,6
image_130.png,5,False,336.8911618538567,87.40461575254922,20,#FF0000,Quadrant 1,1,1,96,,#FF0000,0,255.61884382426973,6
image_130.png,5,False,351.0689149634559,120.75386163389771,20,#FF0000,Quadrant 1,1,1,96,,#FF0000,0,31.386322579012923,6
image_130.png,5,False,540.1542587821677,67.97870248405428,20,#FF0000,Quadrant 2,1,2,96,,#FF0000,0,46.23197378032528,6
image_130.png,5,False,437.66037024907195,344.7177323923593,20,#FF0000,Quadrant 4,2,2,96,,#FF0000,0,278.3779554035717,6
image_130.png,5,False,357.22304806551847,386.70630838418,20,#FF0000,Quadrant 4,2,2,96,,#FF0000,0,254.78979672025045,6
image_130.png,5,False,123.14243675656301,209.69287023989747,20,#FF0000,Quadrant 3,2,1,96,,#FF0000,0,201.77404412905224,6
image_130.png,5,False,394.1239627639175,254.7059988654725,20,#FF0000,Quadrant 4,2,2,96,,#FF0000,0,216.84306724567818,6
image_130.png,5,False,259.3594344609431,82.16073283726354,20,#FF0000,Quadrant 1,1,1,96,,#FF0000,0,108.7266866225378,6
image_130.png,5,False,364.551356354065,37.49917418900902,20,#FF0000,Quadrant 2,1,2,96,,#FF0000,0,212.4321127906153,6
image_130.png,5,False,232.1231413742188,375.4772859534637,20,#FF0000,Quadrant 3,2,1,96,,#FF0000,0,78.10493997625692,6
image_130.png,5,False,648.8554050567791,343.6384765282425,20,#FF0000,Quadrant 4,2,2,96,,#FF0000,0,108.14141296273263,6
image_130.png,5,False,638.8744318608225,43.158780338529326,20,#FF0000,Quadrant 2,1,2,96,,#FF0000,0,356.58418286527467,6
image_130.png,5,False,341.1230559959811,24.51906094968667,20,#FF0000,Quadrant 1,1,1,96,,#FF0000,0,285.54605867402483,6
image_130.png,5,False,307.17169950280476,373.1805603384156,20,#FF0000,Quadrant 3,2,1,96,,#FF0000,0,213.27613780227856,6
image_130.png,5,False,50.98362005035053,281.4810070355393,20,#FF0000,Quadrant 3,2,1,96,,#FF0000,0,140.7025945497994,6
image_130.png,5,False,270.9764554859468,293.13395609698995,20,#FF0000,Quadrant 3,2,1,96,,#FF0000,0,27.086973914380728,6
image_130.png,5,False,453.67543772710735,286.21775666655213,20,#FF0000,Quadrant 4,2,2,96,,#FF0000,0,179.08672381553924,6
image_130.png,5,False,313.8102665532047,331.1226437617451,20,#FF0000,Quadrant 3,2,1,96,,#FF0000,0,248.40956324201466,6
image_130.png,5,False,140.506748023837,334.9080435538229,20,#FF0000,Quadrant 3,2,1,96,,#FF0000,0,11.151696916507813,6
image_130.png,5,False,429.59194302979483,163.1804106942639,20,#FF0000,Quadrant 2,1,2,96,,#FF0000,0,124.33319429882518,6
image_130.png,5,False,180.19387681360175,281.5396812242089,20,#FF0000,Quadrant 3,2,1,96,,#FF0000,0,247.11078895371094,6
image_130.png,5,False,350.7819133660005,291.54761761046035,20,#FF0000,Quadrant 3,2,1,96,,#FF0000,0,21.33547611937033,6
image_130.png,5,False,396.44937392301796,85.80647565697603,20,#FF0000,Quadrant 2,1,2,96,,#FF0000,0,236.14716960102484,6
image_130.png,5,False,290.8861388760624,347.250791624541,20,#FF0000,Quadrant 3,2,1,96,,#FF0000,0,287.6693167608158,6
image_130.png,5,False,373.50546588278513,83.83979858095465,20,#FF0000,Quadrant 2,1,2,96,,#FF0000,0,195.01608617347648,6
image_131.png,2,True,333.53488792368796,237.71633540671155,20,#FF0000,Quadrant 3,2,1,84,140,#FF0000,0,61.5958256097592,6
image_131.png,5,False,409.08340570032215,81.49856832421688,20,#FF0000,Quadrant 2,1,2,84,,#FF0000,0,1.8734984298248136,6
image_131.png,5,False,623.7567492421008,356.2403312979448,20,#FF0000,Quadrant 4,2,2,84,,#FF0000,0,188.85561307020842,6
image_131.png,5,False,108.40618604110817,152.30919686000672,20,#FF0000,Quadrant 1,1,1,84,,#FF0000,0,301.8482298350545,6
image_131.png,5,False,522.7165253164287,145.59473292221094,20,#FF0000,Quadrant 2,1,2,84,,#FF0000,0,340.398202848132,6
image_131.png,5,False,88.56051732431165,245.4379174470445,20,#FF0000,Quadrant 3,2,1,84,,#FF0000,0,359.6170177556279,6
image_131.png,5,False,407.93862818083,170.0739492736108,20,#FF0000,Quadrant 2,1,2,84,,#FF0000,0,41.1580813072587,6
image_131.png,5,False,158.97738460022072,128.48770216350053,20,#FF0000,Quadrant 1,1,1,84,,#FF0000,0,8.613444767802179,6
image_131.png,5,False,547.2387054222286,99.90853686572743,20,#FF0000,Quadrant 2,1,2,84,,#FF0000,0,310.2952878134961,6
image_131.png,5,False,145.66646918732897,342.897018094807,20,#FF0000,Quadrant 3,2,1,84,,#FF0000,0,255.7564843897079,6
image_131.png,5,False,143.63837526112806,371.1763540425658,20,#FF0000,Quadrant 3,2,1,84,,#FF0000,0,302.82763830249104,6
image_131.png,5,False,33.421134887853626,273.65593307447267,20,#FF0000,Quadrant 3,2,1,84,,#FF0000,0,191.48006920604277,6
image_131.png,5,False,313.45427404984486,207.13733170653845,20,#FF0000,Quadrant 3,2,1,84,,#FF0000,0,148.03003260434429,6
image_131.png,5,False,630.1257666639915,114.37166969123876,20,#FF0000,Quadrant 2,1,2,84,,#FF0000,0,148.78627651626604,6
image_131.png,5,False,341.4499369131779,280.02685052494036,20,#FF0000,Quadrant 3,2,1,84,,#FF0000,0,155.06193299367678,6
image_131.png,5,False,170.08202557536666,300.8216461046875,20,#FF0000,Quadrant 3,2,1,84,,#FF0000,0,35.37537143708866,6
image_131.png,5,False,286.8237415632727,50.935383147636564,20,#FF0000,Quadrant 1,1,1,84,,#FF0000,0,46.896989747083204,6
image_131.png,5,False,624.3901289046156,228.3830406157386,20,#FF0000,Quadrant 4,2,2,84,,#FF0000,0,119.849886628051,6
image_131.png,5,False,36.71099290951848,109.33598301899727,20,#FF0000,Quadrant 1,1,1,84,,#FF0000,0,173.0829192986258,6
image_131.png,5,False,14.356041791797557,50.09979426803645,20,#FF0000,Quadrant 1,1,1,84,,#FF0000,0,184.81881192838756,6
image_131.png,5,False,196.5854262512865,313.11766307085827,20,#FF0000,Quadrant 3,2,1,84,,#FF0000,0,269.7468203265296,6
image_131.png,5,False,133.8229385081719,53.61565818745871,20,#FF0000,Quadrant 1,1,1,84,,#FF0000,0,133.15372406086664,6
image_131.png,5,False,158.56718489825545,154.35447097597324,20,#FF0000,Quadrant 1,1,1,84,,#FF0000,0,112.1781046396653,6
image_131.png,5,False,296.29515353874336,155.09706183301893,20,#FF0000,Quadrant 1,1,1,84,,#FF0000,0,24.639104799695268,6
image_131.png,5,False,277.44350992971124,22.73603089887359,20,#FF0000,Quadrant 1,1,1,84,,#FF0000,0,36.71189181871461,6
image_131.png,5,False,286.3716874921868,293.8734055933888,20,#FF0000,Quadrant 3,2,1,84,,#FF0000,0,218.7258522204975,6
image_131.png,5,False,246.42793595874298,279.10680504414427,20,#FF0000,Quadrant 3,2,1,84,,#FF0000,0,281.7698773728692,6
image_131.png,5,False,680.2584726854185,354.8918880045507,20,#FF0000,Quadrant 4,2,2,84,,#FF0000,0,97.06081700675323,6
image_131.png,5,False,285.38497552301595,377.57557261951166,20,#FF0000,Quadrant 3,2,1,84,,#FF0000,0,63.16197951843331,6
image_131.png,5,False,529.85805770033,360.61195560569286,20,#FF0000,Quadrant 4,2,2,84,,#FF0000,0,136.7189459678574,6
image_131.png,5,False,679.9892411726424,385.8503725938291,20,#FF0000,Quadrant 4,2,2,84,,#FF0000,0,339.5107066660018,6
image_131.png,5,False,72.66884358355412,111.89480202666599,20,#FF0000,Quadrant 1,1,1,84,,#FF0000,0,179.93947180172597,6
image_131.png,5,False,483.6440868293513,117.14609774150411,20,#FF0000,Quadrant 2,1,2,84,,#FF0000,0,98.16880872456731,6
image_131.png,5,False,401.3891077415997,265.9863943985298,20,#FF0000,Quadrant 4,2,2,84,,#FF0000,0,121.66650522601492,6
image_131.png,5,False,685.8190041322442,68.52697080145225,20,#FF0000,Quadrant 2,1,2,84,,#FF0000,0,148.91845369093403,6
image_131.png,5,False,415.47397080001434,353.88270219375966,20,#FF0000,Quadrant 4,2,2,84,,#FF0000,0,135.50661241971142,6
image_131.png,5,False,486.73075735718334,257.31729401675557,20,#FF0000,Quadrant 4,2,2,84,,#FF0000,0,247.31604639630584,6
image_131.png,5,False,538.7413861499674,292.1354656944009,20,#FF0000,Quadrant 4,2,2,84,,#FF0000,0,261.6402249613845,6
image_131.png,5,False,280.10883763964097,211.48249278666847,20,#FF0000,Quadrant 3,2,1,84,,#FF0000,0,289.0517499652309,6
image_131.png,5,False,464.4448167281251,341.6570221850582,20,#FF0000,Quadrant 4,2,2,84,,#FF0000,0,192.62854913140967,6
image_131.png,5,False,686.1099611618033,232.3102932066511,20,#FF0000,Quadrant 4,2,2,84,,#FF0000,0,162.35332584180966,6
image_131.png,5,False,549.034899409247,239.52342634510833,20,#FF0000,Quadrant 4,2,2,84,,#FF0000,0,93.10959227811989,6
image_131.png,5,False,89.20285493118513,82.43288869920603,20,#FF0000,Quadrant 1,1,1,84,,#FF0000,0,11.932674614298975,6
image_131.png,5,False,555.8065644717167,334.6180987285142,20,#FF0000,Quadrant 4,2,2,84,,#FF0000,0,289.2701474543096,6
image_131.png,5,False,663.6150456985123,101.92717565585471,20,#FF0000,Quadrant 2,1,2,84,,#FF0000,0,271.30211531007257,6
image_131.png,5,False,443.9432467933271,223.42576306179052,20,#FF0000,Quadrant 4,2,2,84,,#FF0000,0,293.848736807469,6
image_131.png,5,False,524.6530304645914,190.11953405511272,20,#FF0000,Quadrant 2,1,2,84,,#FF0000,0,67.97499741448335,6
image_131.png,5,False,21.745459222181438,169.7495779640105,20,#FF0000,Quadrant 1,1,1,84,,#FF0000,0,166.82331034700135,6
image_131.png,5,False,433.3960680436737,157.36082874006237,20,#FF0000,Quadrant 2,1,2,84,,#FF0000,0,91.8298949497206,6
image_131.png,5,False,678.7694744521293,330.3120407348616,20,#FF0000,Quadrant 4,2,2,84,,#FF0000,0,250.31264134748994,6
image_131.png,5,False,247.18571957301444,200.18512514926798,20,#FF0000,Quadrant 3,2,1,84,,#FF0000,0,46.955020508723216,6
image_131.png,5,False,88.33748536460281,376.46686842756384,20,#FF0000,Quadrant 3,2,1,84,,#FF0000,0,348.20247534150707,6
image_131.png,5,False,457.7207169313469,179.90138177107426,20,#FF0000,Quadrant 2,1,2,84,,#FF0000,0,311.1637707357204,6
image_131.png,5,False,475.4947903602357,319.4913498067493,20,#FF0000,Quadrant 4,2,2,84,,#FF0000,0,84.32456189912574,6
image_131.png,5,False,390.5031334911256,322.21197285765214,20,#FF0000,Quadrant 4,2,2,84,,#FF0000,0,256.17556807867504,6
image_131.png,5,False,637.6088631640592,205.4382948807098,20,#FF0000,Quadrant 4,2,2,84,,#FF0000,0,152.12253645255595,6
image_131.png,5,False,47.53134032601656,179.19337541478114,20,#FF0000,Quadrant 1,1,1,84,,#FF0000,0,306.8072516964811,6
image_131.png,5,False,440.2211568771773,251.50550562151355,20,#FF0000,Quadrant 4,2,2,84,,#FF0000,0,245.9117103841678,6
image_131.png,5,False,663.1290564432588,225.05329726678164,20,#FF0000,Quadrant 4,2,2,84,,#FF0000,0,359.6664854895096,6
image_131.png,5,False,441.9786777955889,347.8081837804893,20,#FF0000,Quadrant 4,2,2,84,,#FF0000,0,103.83107678996679,6
image_131.png,5,False,562.4862609130065,129.45735586995835,20,#FF0000,Quadrant 2,1,2,84,,#FF0000,0,305.2108675259131,6
image_131.png,5,False,114.17889485779325,387.66036663417106,20,#FF0000,Quadrant 3,2,1,84,,#FF0000,0,126.21765582705008,6
image_131.png,5,False,603.1577906482605,259.8884039666827,20,#FF0000,Quadrant 4,2,2,84,,#FF0000,0,256.65904737496385,6
image_131.png,5,False,106.4410435082695,345.6284051471869,20,#FF0000,Quadrant 3,2,1,84,,#FF0000,0,17.380014140825182,6
image_131.png,5,False,450.04023104475056,370.3213348593464,20,#FF0000,Quadrant 4,2,2,84,,#FF0000,0,136.20856120147397,6
image_131.png,5,False,619.7531787687208,286.54243861271584,20,#FF0000,Quadrant 4,2,2,84,,#FF0000,0,201.7323467639243,6
image_131.png,5,False,372.50857202853933,384.4286909470753,20,#FF0000,Quadrant 4,2,2,84,,#FF0000,0,23.309747732319366,6
image_131.png,5,False,36.850717992846214,347.4601652265931,20,#FF0000,Quadrant 3,2,1,84,,#FF0000,0,168.747773658655,6
image_131.png,5,False,202.26311346356712,363.4320682938354,20,#FF0000,Quadrant 3,2,1,84,,#FF0000,0,284.542600915032,6
image_131.png,5,False,188.62083233449346,155.3297309230952,20,#FF0000,Quadrant 1,1,1,84,,#FF0000,0,335.8888919985171,6
image_131.png,5,False,562.368402332545,76.19059354431768,20,#FF0000,Quadrant 2,1,2,84,,#FF0000,0,164.69155319606296,6
image_131.png,5,False,612.6091729381488,196.02069327585988,20,#FF0000,Quadrant 2,1,2,84,,#FF0000,0,276.2807016723641,6
image_131.png,5,False,571.3864903991421,264.4541197651338,20,#FF0000,Quadrant 4,2,2,84,,#FF0000,0,345.46295749694787,6
image_131.png,5,False,138.27529623485998,198.88175500926218,20,#FF0000,Quadrant 1,1,1,84,,#FF0000,0,349.22454905332165,6
image_131.png,5,False,343.68551347156193,121.52412145969755,20,#FF0000,Quadrant 1,1,1,84,,#FF0000,0,259.78032679019816,6
image_131.png,5,False,680.2176534280047,198.32810168944053,20,#FF0000,Quadrant 2,1,2,84,,#FF0000,0,242.8886090365175,6
image_131.png,5,False,112.30477262809016,102.57067056921083,20,#FF0000,Quadrant 1,1,1,84,,#FF0000,0,43.55987003228281,6
image_131.png,5,False,76.32187935748564,43.71445351738122,20,#FF0000,Quadrant 1,1,1,84,,#FF0000,0,120.36035280906954,6
image_131.png,5,False,680.424941408992,33.83226412745401,20,#FF0000,Quadrant 2,1,2,84,,#FF0000,0,173.9055049853805,6
image_131.png,5,False,307.53026242884687,355.1933931987989,20,#FF0000,Quadrant 3,2,1,84,,#FF0000,0,53.42491652675968,6
image_131.png,5,False,288.330103861158,322.9536632801934,20,#FF0000,Quadrant 3,2,1,84,,#FF0000,0,147.55218916146447,6
image_131.png,5,False,682.8379838816788,301.5065936679507,20,#FF0000,Quadrant 4,2,2,84,,#FF0000,0,190.65835332941256,6
image_131.png,5,False,17.632498713023914,297.15085999087614,20,#FF0000,Quadrant 3,2,1,84,,#FF0000,0,268.20854581936567,6
image_131.png,5,False,346.8311096683809,304.59716447421414,20,#FF0000,Quadrant 3,2,1,84,,#FF0000,0,291.86733997276605,6
image_131.png,5,False,496.7785805851117,175.2952787432963,20,#FF0000,Quadrant 2,1,2,84,,#FF0000,0,330.857602483734,6
image_132.png,2,True,36.206689846601506,313.6073161495228,20,#FF0000,Quadrant 3,2,1,75,140,#FF0000,0,80.9266425603605,6
image_132.png,5,False,497.6414789944864,226.70154728259988,20,#FF0000,Quadrant 4,2,2,75,,#FF0000,0,286.0110705411872,6
image_132.png,5,False,365.73140345979107,114.17979662672774,20,#FF0000,Quadrant 2,1,2,75,,#FF0000,0,320.1487064394578,6
image_132.png,5,False,117.48533403332767,273.8023773387923,20,#FF0000,Quadrant 3,2,1,75,,#FF0000,0,97.67516682887387,6
image_132.png,5,False,654.4362248506773,77.52891104468023,20,#FF0000,Quadrant 2,1,2,75,,#FF0000,0,311.48346951135807,6
image_132.png,5,False,51.83370924233525,190.46379527309227,20,#FF0000,Quadrant 1,1,1,75,,#FF0000,0,147.54450474039274,6
image_132.png,5,False,605.9390880417509,317.9640088724987,20,#FF0000,Quadrant 4,2,2,75,,#FF0000,0,103.10294153057889,6
image_132.png,5,False,315.291185556327,172.43264974651356,20,#FF0000,Quadrant 1,1,1,75,,#FF0000,0,142.18833173810202,6
image_132.png,5,False,477.4404149374792,44.94903227948053,20,#FF0000,Quadrant 2,1,2,75,,#FF0000,0,142.26020164610608,6
image_132.png,5,False,121.35002534820126,49.919964767031026,20,#FF0000,Quadrant 1,1,1,75,,#FF0000,0,215.30978905811332,6
image_132.png,5,False,198.02647933666248,191.16577635895632,20,#FF0000,Quadrant 1,1,1,75,,#FF0000,0,359.25683655554434,6
image_132.png,5,False,241.01873457348398,61.03846537554938,20,#FF0000,Quadrant 1,1,1,75,,#FF0000,0,69.7791542905514,6
image_132.png,5,False,139.0869008258895,379.5381246497509,20,#FF0000,Quadrant 3,2,1,75,,#FF0000,0,53.699562713232964,6
image_132.png,5,False,694.278133272707,96.34033791762133,20,#FF0000,Quadrant 2,1,2,75,,#FF0000,0,142.992689461442,6
image_132.png,5,False,593.3129440475932,158.0193271393196,20,#FF0000,Quadrant 2,1,2,75,,#FF0000,0,78.01439110191643,6
image_132.png,5,False,187.16981694788367,75.95192799155016,20,#FF0000,Quadrant 1,1,1,75,,#FF0000,0,342.73269180543934,6
image_132.png,5,False,638.3486137624818,297.8780034965042,20,#FF0000,Quadrant 4,2,2,75,,#FF0000,0,3.63927647652885,6
image_132.png,5,False,328.9366278734183,304.0541041788952,20,#FF0000,Quadrant 3,2,1,75,,#FF0000,0,359.67409281047543,6
image_132.png,5,False,535.0519221948402,287.862614825776,20,#FF0000,Quadrant 4,2,2,75,,#FF0000,0,92.84775167108636,6
image_132.png,5,False,113.30652911398309,186.76406849243608,20,#FF0000,Quadrant 1,1,1,75,,#FF0000,0,52.78961683084519,6
image_132.png,5,False,264.61813022327624,58.30457560347055,20,#FF0000,Quadrant 1,1,1,75,,#FF0000,0,268.06739190450946,6
image_132.png,5,False,148.87280711701004,298.3012923689744,20,#FF0000,Quadrant 3,2,1,75,,#FF0000,0,254.91247386390563,6
image_132.png,5,False,688.5932072180083,34.378835992560305,20,#FF0000,Quadrant 2,1,2,75,,#FF0000,0,206.91211740433934,6
image_132.png,5,False,590.1474641753523,343.5420556467613,20,#FF0000,Quadrant 4,2,2,75,,#FF0000,0,287.4792463253284,6
image_132.png,5,False,647.7390596308609,165.29757233695022,20,#FF0000,Quadrant 2,1,2,75,,#FF0000,0,143.79855946003414,6
image_132.png,5,False,144.7504293598687,197.19030292504834,20,#FF0000,Quadrant 1,1,1,75,,#FF0000,0,335.0532921790463,6
image_132.png,5,False,695.1145841976537,59.957982707705675,20,#FF0000,Quadrant 2,1,2,75,,#FF0000,0,82.99733756598657,6
image_132.png,5,False,255.56220370782725,162.29330454938741,20,#FF0000,Quadrant 1,1,1,75,,#FF0000,0,191.80447682532335,6
image_132.png,5,False,542.0661270471576,98.27181883084369,20,#FF0000,Quadrant 2,1,2,75,,#FF0000,0,278.39900479263565,6
image_132.png,5,False,552.914443268387,334.137637224611,20,#FF0000,Quadrant 4,2,2,75,,#FF0000,0,50.33262552526167,6
image_132.png,5,False,475.5027218442847,81.39816708410548,20,#FF0000,Quadrant 2,1,2,75,,#FF0000,0,78.8818050848341,6
image_132.png,5,False,154.24148014398585,24.360428691680273,20,#FF0000,Quadrant 1,1,1,75,,#FF0000,0,270.3294733815105,6
image_132.png,5,False,505.330455093739,322.6807058741079,20,#FF0000,Quadrant 4,2,2,75,,#FF0000,0,291.5687135055215,6
image_132.png,5,False,503.20842244478814,31.112111811416764,20,#FF0000,Quadrant 2,1,2,75,,#FF0000,0,264.0056697400358,6
image_132.png,5,False,413.4224226109811,64.89332207726275,20,#FF0000,Quadrant 2,1,2,75,,#FF0000,0,195.55858172069105,6
image_132.png,5,False,655.6322889955588,23.863091940197894,20,#FF0000,Quadrant 2,1,2,75,,#FF0000,0,74.7418711360841,6
image_132.png,5,False,18.675838731455766,85.66017051213257,20,#FF0000,Quadrant 1,1,1,75,,#FF0000,0,267.50289410708484,6
image_132.png,5,False,381.2728395112352,317.4437675664822,20,#FF0000,Quadrant 4,2,2,75,,#FF0000,0,227.61206556579575,6
image_132.png,5,False,204.56129381772544,161.679748161773,20,#FF0000,Quadrant 1,1,1,75,,#FF0000,0,75.79516196262134,6
image_132.png,5,False,67.83527501755313,147.09790493594963,20,#FF0000,Quadrant 1,1,1,75,,#FF0000,0,275.77568641733995,6
image_132.png,5,False,388.1759526973255,359.48596056385645,20,#FF0000,Quadrant 4,2,2,75,,#FF0000,0,175.2716675453388,6
image_132.png,5,False,161.9740387281995,49.188451543025664,20,#FF0000,Quadrant 1,1,1,75,,#FF0000,0,96.97759365518691,6
image_132.png,5,False,404.6717503954589,156.77282379756662,20,#FF0000,Quadrant 2,1,2,75,,#FF0000,0,341.81192034146136,6
image_132.png,5,False,684.3207580492324,248.3210980740894,20,#FF0000,Quadrant 4,2,2,75,,#FF0000,0,5.962507439496751,6
image_132.png,5,False,584.2471478224531,65.46203397389303,20,#FF0000,Quadrant 2,1,2,75,,#FF0000,0,108.88262467120816,6
image_132.png,5,False,469.65889226679343,214.88539966349325,20,#FF0000,Quadrant 4,2,2,75,,#FF0000,0,132.35367220795402,6
image_132.png,5,False,438.6788753922743,70.47526100619737,20,#FF0000,Quadrant 2,1,2,75,,#FF0000,0,80.08483206394517,6
image_132.png,5,False,233.69088579052823,280.62303967019545,20,#FF0000,Quadrant 3,2,1,75,,#FF0000,0,104.17163648338818,6
image_132.png,5,False,321.2582209376461,255.82794011052636,20,#FF0000,Quadrant 3,2,1,75,,#FF0000,0,226.52603430007977,6
image_132.png,5,False,426.1464696627714,208.46521286728048,20,#FF0000,Quadrant 4,2,2,75,,#FF0000,0,356.69199130374886,6
image_132.png,5,False,37.1931219118346,239.02103686836188,20,#FF0000,Quadrant 3,2,1,75,,#FF0000,0,289.003996893613,6
image_132.png,5,False,429.3530845639715,356.38060477642415,20,#FF0000,Quadrant 4,2,2,75,,#FF0000,0,220.89929109561612,6
image_132.png,5,False,475.5187394603898,375.3738531960423,20,#FF0000,Quadrant 4,2,2,75,,#FF0000,0,209.3954895193796,6
image_132.png,5,False,99.03130837147994,15.416299832868038,20,#FF0000,Quadrant 1,1,1,75,,#FF0000,0,261.89432152172355,6
image_132.png,5,False,615.2191985698792,289.37474819611356,20,#FF0000,Quadrant 4,2,2,75,,#FF0000,0,156.92828026700428,6
image_132.png,5,False,450.5106717749241,301.08216677545977,20,#FF0000,Quadrant 4,2,2,75,,#FF0000,0,188.64291806312693,6
image_132.png,5,False,326.38468447143663,385.3965228983545,20,#FF0000,Quadrant 3,2,1,75,,#FF0000,0,145.1780729937825,6
image_132.png,5,False,335.5405307449727,340.17468972939724,20,#FF0000,Quadrant 3,2,1,75,,#FF0000,0,177.91642628847362,6
image_132.png,5,False,624.6079132740301,11.36653618037654,20,#FF0000,Quadrant 2,1,2,75,,#FF0000,0,221.6296114925272,6
image_132.png,5,False,214.22495107251314,227.50364833905644,20,#FF0000,Quadrant 3,2,1,75,,#FF0000,0,243.72165917631858,6
image_132.png,5,False,167.99011956183088,239.20518980332204,20,#FF0000,Quadrant 3,2,1,75,,#FF0000,0,354.88359085669794,6
image_132.png,5,False,642.7811932487107,120.2534810508055,20,#FF0000,Quadrant 2,1,2,75,,#FF0000,0,221.4312198851561,6
image_132.png,5,False,398.82583750545905,132.10556380314256,20,#FF0000,Quadrant 2,1,2,75,,#FF0000,0,72.38253921478479,6
image_132.png,5,False,349.02360975482384,22.835700990643268,20,#FF0000,Quadrant 1,1,1,75,,#FF0000,0,20.954810268261788,6
image_132.png,5,False,598.1468077207089,16.934668528337227,20,#FF0000,Quadrant 2,1,2,75,,#FF0000,0,53.86212785392327,6
image_132.png,5,False,566.7922639924406,187.8067897656972,20,#FF0000,Quadrant 2,1,2,75,,#FF0000,0,52.729688473556,6
image_132.png,5,False,686.0053941979994,172.05994984751197,20,#FF0000,Quadrant 2,1,2,75,,#FF0000,0,76.97774809166955,6
image_132.png,5,False,560.0973629740649,230.33839624235344,20,#FF0000,Quadrant 4,2,2,75,,#FF0000,0,140.91730983430014,6
image_132.png,5,False,507.0782587860407,285.9031342019008,20,#FF0000,Quadrant 4,2,2,75,,#FF0000,0,155.08489983289644,6
image_132.png,5,False,154.2242978407149,335.64820659119204,20,#FF0000,Quadrant 3,2,1,75,,#FF0000,0,269.20435875096507,6
image_132.png,5,False,224.27429089396057,360.2624557283663,20,#FF0000,Quadrant 3,2,1,75,,#FF0000,0,55.530691659496114,6
image_132.png,5,False,261.1533672000433,366.11025449343475,20,#FF0000,Quadrant 3,2,1,75,,#FF0000,0,128.6654152054606,6
image_132.png,5,False,694.2948552502962,311.49466034792135,20,#FF0000,Quadrant 4,2,2,75,,#FF0000,0,32.891656863419584,6
image_132.png,5,False,435.6720802504335,19.772960741815723,20,#FF0000,Quadrant 2,1,2,75,,#FF0000,0,283.281126423125,6
image_132.png,5,False,542.3317224480262,259.3205837471894,20,#FF0000,Quadrant 4,2,2,75,,#FF0000,0,329.5049623964399,6
image_132.png,5,False,665.2654834561608,51.61319958771057,20,#FF0000,Quadrant 2,1,2,75,,#FF0000,0,131.6689126928167,6
image_133.png,2,True,349.19041914691064,104.33757742167991,20,#FF0000,Quadrant 1,1,1,37,140,#FF0000,0,126.02501951487191,5
image_133.png,5,False,310.9417253984602,228.2170900983961,20,#FF0000,Quadrant 3,2,1,37,,#FF0000,0,97.88405679649176,5
image_133.png,5,False,640.8607741981666,310.66897787651595,20,#FF0000,Quadrant 4,2,2,37,,#FF0000,0,108.05294105245895,5
image_133.png,5,False,678.3173708922758,214.954392869036,20,#FF0000,Quadrant 4,2,2,37,,#FF0000,0,247.9198165665905,5
image_133.png,5,False,618.8241543341056,292.3077115076431,20,#FF0000,Quadrant 4,2,2,37,,#FF0000,0,276.52086464819934,5
image_133.png,5,False,661.9392755571803,134.0699616777173,20,#FF0000,Quadrant 2,1,2,37,,#FF0000,0,283.0964860399789,5
image_133.png,5,False,405.5214101498288,260.17037905308155,20,#FF0000,Quadrant 4,2,2,37,,#FF0000,0,180.42244240357365,5
image_133.png,5,False,248.54688849874802,384.22438986016084,20,#FF0000,Quadrant 3,2,1,37,,#FF0000,0,140.03678737005245,5
image_133.png,5,False,315.8839163307748,312.96439281035333,20,#FF0000,Quadrant 3,2,1,37,,#FF0000,0,199.12529072834323,5
image_133.png,5,False,320.60899989986314,45.2357978694951,20,#FF0000,Quadrant 1,1,1,37,,#FF0000,0,109.05944933335505,5
image_133.png,5,False,530.2659425652392,200.9286904585005,20,#FF0000,Quadrant 4,2,2,37,,#FF0000,0,190.3194556538068,5
image_133.png,5,False,199.39941411582734,319.17894352824004,20,#FF0000,Quadrant 3,2,1,37,,#FF0000,0,351.5991938130692,5
image_133.png,5,False,428.6925910158029,163.43858718921277,20,#FF0000,Quadrant 2,1,2,37,,#FF0000,0,127.71366667466297,5
image_133.png,5,False,158.66774815930228,26.33802896244059,20,#FF0000,Quadrant 1,1,1,37,,#FF0000,0,114.80809347949229,5
image_133.png,5,False,233.8020139544841,67.62325822281167,20,#FF0000,Quadrant 1,1,1,37,,#FF0000,0,56.78735039298475,5
image_133.png,5,False,603.935324372178,254.78142289563883,20,#FF0000,Quadrant 4,2,2,37,,#FF0000,0,16.22837174044127,5
image_133.png,5,False,279.66487369096683,159.6603180262245,20,#FF0000,Quadrant 1,1,1,37,,#FF0000,0,298.3313468270293,5
image_133.png,5,False,451.808472081723,111.252295700223,20,#FF0000,Quadrant 2,1,2,37,,#FF0000,0,218.97355901322268,5
image_133.png,5,False,544.6501176788081,98.76947344428028,20,#FF0000,Quadrant 2,1,2,37,,#FF0000,0,80.02488424883255,5
image_133.png,5,False,290.52755844490025,135.7311678441759,20,#FF0000,Quadrant 1,1,1,37,,#FF0000,0,90.40871374473191,5
image_133.png,5,False,139.6119725938937,49.602476114921664,20,#FF0000,Quadrant 1,1,1,37,,#FF0000,0,358.8285374667888,5
image_133.png,5,False,33.181390268602904,99.88084421057009,20,#FF0000,Quadrant 1,1,1,37,,#FF0000,0,128.0409373342642,5
image_133.png,5,False,14.520127430907282,217.35081770280445,20,#FF0000,Quadrant 3,2,1,37,,#FF0000,0,162.67442928894738,5
image_133.png,5,False,608.9013866620153,169.61164998320757,20,#FF0000,Quadrant 2,1,2,37,,#FF0000,0,75.4477026972345,5
image_133.png,5,False,305.31776928511727,352.9804999773917,20,#FF0000,Quadrant 3,2,1,37,,#FF0000,0,104.66546161051012,5
image_133.png,5,False,51.37418004143961,191.28309810230533,20,#FF0000,Quadrant 1,1,1,37,,#FF0000,0,211.4659724299397,5
image_133.png,5,False,201.30501346762463,173.65816908851042,20,#FF0000,Quadrant 1,1,1,37,,#FF0000,0,93.44052969564942,5
image_133.png,5,False,95.42018975111536,291.35411731263116,20,#FF0000,Quadrant 3,2,1,37,,#FF0000,0,329.0422052876801,5
image_133.png,5,False,66.85294858615836,78.06450037486485,20,#FF0000,Quadrant 1,1,1,37,,#FF0000,0,29.490688095767233,5
image_133.png,5,False,41.50873514021875,296.2232079793932,20,#FF0000,Quadrant 3,2,1,37,,#FF0000,0,292.49628336497034,5
image_133.png,5,False,573.325902230436,164.11284276938775,20,#FF0000,Quadrant 2,1,2,37,,#FF0000,0,261.7288360509205,5
image_133.png,5,False,252.9408580348689,309.11021601048907,20,#FF0000,Quadrant 3,2,1,37,,#FF0000,0,112.68348986247466,5
image_133.png,5,False,500.84940216055344,276.32177612564783,20,#FF0000,Quadrant 4,2,2,37,,#FF0000,0,255.65783277880428,5
image_133.png,5,False,633.1262263145612,27.788666248538675,20,#FF0000,Quadrant 2,1,2,37,,#FF0000,0,229.85050292827506,5
image_133.png,5,False,219.558861900027,129.63755752882787,20,#FF0000,Quadrant 1,1,1,37,,#FF0000,0,283.6184035113246,5
image_133.png,5,False,159.03668260789726,151.9209913874147,20,#FF0000,Quadrant 1,1,1,37,,#FF0000,0,216.78401887252866,5
image_133.png,5,False,297.61288539613037,281.3163767311714,20,#FF0000,Quadrant 3,2,1,37,,#FF0000,0,304.23327383228315,5
image_133.png,5,False,527.2044220657872,300.7068044101104,20,#FF0000,Quadrant 4,2,2,37,,#FF0000,0,112.96632165935061,5
image_134.png,2,True,244.3890910308332,334.0325932068071,20,#FF0000,Quadrant 3,2,1,4,140,#FF0000,0,60.24609871956364,1
image_134.png,5,False,368.35555010263636,51.04079104061318,20,#FF0000,Quadrant 2,1,2,4,,#FF0000,0,69.4882351483005,1
image_134.png,5,False,32.47379164585143,80.68787306103397,20,#FF0000,Quadrant 1,1,1,4,,#FF0000,0,315.3496309991175,1
image_134.png,5,False,254.7825309998376,187.03374712011114,20,#FF0000,Quadrant 1,1,1,4,,#FF0000,0,105.94919749969868,1
image_134.png,5,False,74.83073919885621,152.66777067838626,20,#FF0000,Quadrant 1,1,1,4,,#FF0000,0,346.71904619866456,1
image_135.png,2,True,640.9740291957414,316.58258094082026,20,#FF0000,Quadrant 4,2,2,8,140,#FF0000,0,138.51608834536742,2
image_135.png,5,False,429.62639508763544,302.334171568115,20,#FF0000,Quadrant 4,2,2,8,,#FF0000,0,215.18547077680603,2
image_135.png,5,False,640.296284157093,247.42853433271563,20,#FF0000,Quadrant 4,2,2,8,,#FF0000,0,41.736878665457596,2
image_135.png,5,False,35.929429019339864,145.6593421624916,20,#FF0000,Quadrant 1,1,1,8,,#FF0000,0,260.6484122166321,2
image_135.png,5,False,76.37844235375368,318.3060463637464,20,#FF0000,Quadrant 3,2,1,8,,#FF0000,0,43.49309092172419,2
image_135.png,5,False,164.3791288223376,362.0493226191013,20,#FF0000,Quadrant 3,2,1,8,,#FF0000,0,291.80138270200507,2
image_135.png,5,False,312.79728853063597,200.62987106823624,20,#FF0000,Quadrant 3,2,1,8,,#FF0000,0,148.24231946179063,2
image_135.png,5,False,350.30158655283753,193.58426938163797,20,#FF0000,Quadrant 1,1,1,8,,#FF0000,0,286.1832144684728,2
image_135.png,5,False,453.3451608300889,241.7008478962926,20,#FF0000,Quadrant 4,2,2,8,,#FF0000,0,193.056459755663,2
image_136.png,2,True,151.56114471864876,72.58987565307862,20,#FF0000,Quadrant 1,1,1,19,140,#FF0000,0,215.0804315972948,4
image_136.png,5,False,671.2367396904635,222.11286149107747,20,#FF0000,Quadrant 4,2,2,19,,#FF0000,0,300.80789015576994,4
image_136.png,5,False,549.3937590413439,364.7182117397227,20,#FF0000,Quadrant 4,2,2,19,,#FF0000,0,257.53983544945476,4
image_136.png,5,False,348.88263854968426,355.652222285822,20,#FF0000,Quadrant 3,2,1,19,,#FF0000,0,131.6305152045051,4
image_136.png,5,False,302.14690436191506,69.09793582523696,20,#FF0000,Quadrant 1,1,1,19,,#FF0000,0,36.50874745889398,4
image_136.png,5,False,203.5400412097564,144.43943600123447,20,#FF0000,Quadrant 1,1,1,19,,#FF0000,0,274.46622185481175,4
image_136.png,5,False,40.00087442687447,340.4396818584257,20,#FF0000,Quadrant 3,2,1,19,,#FF0000,0,346.21937638906303,4
image_136.png,5,False,567.9659981855264,26.629760992856067,20,#FF0000,Quadrant 2,1,2,19,,#FF0000,0,309.457758946723,4
image_136.png,5,False,694.506083352084,91.58861391756074,20,#FF0000,Quadrant 2,1,2,19,,#FF0000,0,18.77836510331138,4
image_136.png,5,False,370.7615547244067,142.8299804602928,20,#FF0000,Quadrant 2,1,2,19,,#FF0000,0,178.56961377529473,4
image_136.png,5,False,320.33746509713586,215.4606898472466,20,#FF0000,Quadrant 3,2,1,19,,#FF0000,0,55.61982764218213,4
image_136.png,5,False,84.1833726171707,272.0112494905038,20,#FF0000,Quadrant 3,2,1,19,,#FF0000,0,139.9175469859954,4
image_136.png,5,False,687.3509849825853,353.1336264065375,20,#FF0000,Quadrant 4,2,2,19,,#FF0000,0,322.66667322079115,4
image_136.png,5,False,521.3123001267861,283.4679951549161,20,#FF0000,Quadrant 4,2,2,19,,#FF0000,0,284.0375607571126,4
image_136.png,5,False,642.7096712665773,386.9880309163676,20,#FF0000,Quadrant 4,2,2,19,,#FF0000,0,233.87995513259588,4
image_136.png,5,False,582.9851542215215,367.5267724823751,20,#FF0000,Quadrant 4,2,2,19,,#FF0000,0,213.08723955445538,4
image_136.png,5,False,348.87638988517557,46.26830726497566,20,#FF0000,Quadrant 1,1,1,19,,#FF0000,0,154.5574432200217,4
image_136.png,5,False,392.95907456716384,29.169056477343894,20,#FF0000,Quadrant 2,1,2,19,,#FF0000,0,39.66027202037481,4
image_136.png,5,False,384.4672221944302,350.9041763983955,20,#FF0000,Quadrant 4,2,2,19,,#FF0000,0,231.55924575664145,4
image_136.png,5,False,169.48539231522602,267.8688426189994,20,#FF0000,Quadrant 3,2,1,19,,#FF0000,0,232.22512484169656,4
image_137.png,2,True,145.81460342443685,79.8374444743874,20,#FF0000,Quadrant 1,1,1,78,140,#FF0000,0,333.4194567784274,6
image_137.png,5,False,613.7486644884723,203.01207273212654,20,#FF0000,Quadrant 4,2,2,78,,#FF0000,0,128.58380355043664,6
image_137.png,5,False,507.52323108631896,62.27873953071653,20,#FF0000,Quadrant 2,1,2,78,,#FF0000,0,178.31568694927762,6
image_137.png,5,False,114.79331458643397,54.478356219004475,20,#FF0000,Quadrant 1,1,1,78,,#FF0000,0,154.508773115955,6
image_137.png,5,False,467.63471975804316,237.81243582605924,20,#FF0000,Quadrant 4,2,2,78,,#FF0000,0,102.4160174560389,6
image_137.png,5,False,484.70402203405513,276.02104259136166,20,#FF0000,Quadrant 4,2,2,78,,#FF0000,0,199.78974220840587,6
image_137.png,5,False,572.8508446787209,330.71937793211595,20,#FF0000,Quadrant 4,2,2,78,,#FF0000,0,358.7194271733445,6
image_137.png,5,False,495.98208281082077,250.37449552658757,20,#FF0000,Quadrant 4,2,2,78,,#FF0000,0,317.33033425929773,6
image_137.png,5,False,289.74276823299084,217.9825688622598,20,#FF0000,Quadrant 3,2,1,78,,#FF0000,0,205.4593959049255,6
image_137.png,5,False,258.5647295434014,140.94881079881503,20,#FF0000,Quadrant 1,1,1,78,,#FF0000,0,348.07914811189926,6
image_137.png,5,False,108.13643386121234,29.50430554511622,20,#FF0000,Quadrant 1,1,1,78,,#FF0000,0,32.05934482393256,6
image_137.png,5,False,199.8447025615433,50.016639142174625,20,#FF0000,Quadrant 1,1,1,78,,#FF0000,0,145.78135582036086,6
image_137.png,5,False,394.6334536941353,16.038396237039862,20,#FF0000,Quadrant 2,1,2,78,,#FF0000,0,248.0531838564906,6
image_137.png,5,False,559.6137956322066,164.87238199604718,20,#FF0000,Quadrant 2,1,2,78,,#FF0000,0,91.83916053901942,6
image_137.png,5,False,383.828475321176,39.49240181965639,20,#FF0000,Quadrant 2,1,2,78,,#FF0000,0,15.300411548610025,6
image_137.png,5,False,635.9482966469267,108.01535077703979,20,#FF0000,Quadrant 2,1,2,78,,#FF0000,0,220.0265260029043,6
image_137.png,5,False,391.19767702592594,100.24042559608966,20,#FF0000,Quadrant 2,1,2,78,,#FF0000,0,289.5992439895225,6
image_137.png,5,False,235.3957818420881,117.02501170309473,20,#FF0000,Quadrant 1,1,1,78,,#FF0000,0,152.94675322631207,6
image_137.png,5,False,31.55777241391212,163.6893480596523,20,#FF0000,Quadrant 1,1,1,78,,#FF0000,0,315.101361623875,6
image_137.png,5,False,570.1614186272386,290.79651549200497,20,#FF0000,Quadrant 4,2,2,78,,#FF0000,0,212.62412313250917,6
image_137.png,5,False,639.176561150961,24.128510925777263,20,#FF0000,Quadrant 2,1,2,78,,#FF0000,0,298.3083743387863,6
image_137.png,5,False,488.0021581342359,183.6452731128053,20,#FF0000,Quadrant 2,1,2,78,,#FF0000,0,297.97047829190683,6
image_137.png,5,False,450.3602405150027,356.70086794278166,20,#FF0000,Quadrant 4,2,2,78,,#FF0000,0,246.3325219047483,6
image_137.png,5,False,461.51039426019986,195.12817360075576,20,#FF0000,Quadrant 2,1,2,78,,#FF0000,0,125.41940037712077,6
image_137.png,5,False,688.1505870365332,40.54978505751905,20,#FF0000,Quadrant 2,1,2,78,,#FF0000,0,50.997450493424324,6
image_137.png,5,False,437.2586447843201,17.07680430825443,20,#FF0000,Quadrant 2,1,2,78,,#FF0000,0,51.50706231188779,6
image_137.png,5,False,324.0133113913972,335.8511963396912,20,#FF0000,Quadrant 3,2,1,78,,#FF0000,0,223.30729104035507,6
image_137.png,5,False,636.4060275406617,78.7155213469424,20,#FF0000,Quadrant 2,1,2,78,,#FF0000,0,234.19528156148294,6
image_137.png,5,False,290.89686991754365,158.6220080749828,20,#FF0000,Quadrant 1,1,1,78,,#FF0000,0,103.55571660019581,6
image_137.png,5,False,424.79288349766153,141.55987335596168,20,#FF0000,Quadrant 2,1,2,78,,#FF0000,0,30.80710944629757,6
image_137.png,5,False,280.22407404622965,334.8252561360481,20,#FF0000,Quadrant 3,2,1,78,,#FF0000,0,16.162643093328434,6
image_137.png,5,False,106.75993912172815,381.59499104429466,20,#FF0000,Quadrant 3,2,1,78,,#FF0000,0,102.8487883383994,6
image_137.png,5,False,334.42570913268946,121.94039914107256,20,#FF0000,Quadrant 1,1,1,78,,#FF0000,0,144.30752042268665,6
image_137.png,5,False,624.3043969528419,132.02379983787398,20,#FF0000,Quadrant 2,1,2,78,,#FF0000,0,256.3919289046298,6
image_137.png,5,False,103.84322288359667,306.7161911249871,20,#FF0000,Quadrant 3,2,1,78,,#FF0000,0,326.38917718199417,6
image_137.png,5,False,69.42882107452469,297.7337779664011,20,#FF0000,Quadrant 3,2,1,78,,#FF0000,0,344.6333573737026,6
image_137.png,5,False,540.6536233611515,215.17416142544604,20,#FF0000,Quadrant 4,2,2,78,,#FF0000,0,139.3006435733884,6
image_137.png,5,False,540.1476421405571,127.59089332503699,20,#FF0000,Quadrant 2,1,2,78,,#FF0000,0,156.73904927697834,6
image_137.png,5,False,197.07706987598928,366.78459436601247,20,#FF0000,Quadrant 3,2,1,78,,#FF0000,0,187.95361910679114,6
image_137.png,5,False,420.60776192806867,249.64145232151802,20,#FF0000,Quadrant 4,2,2,78,,#FF0000,0,315.40653316245215,6
image_137.png,5,False,295.60128534486523,256.87649267448273,20,#FF0000,Quadrant 3,2,1,78,,#FF0000,0,282.99617888811355,6
image_137.png,5,False,265.6390720812378,70.4976969451661,20,#FF0000,Quadrant 1,1,1,78,,#FF0000,0,44.976952839644625,6
image_137.png,5,False,349.3482163028964,269.4823646518827,20,#FF0000,Quadrant 3,2,1,78,,#FF0000,0,179.14919457259882,6
image_137.png,5,False,54.34188235496618,148.5628646959589,20,#FF0000,Quadrant 1,1,1,78,,#FF0000,0,16.12987739540152,6
image_137.png,5,False,666.8215583044462,88.97449663867474,20,#FF0000,Quadrant 2,1,2,78,,#FF0000,0,336.51242806767317,6
image_137.png,5,False,279.90176470322206,23.79397043779444,20,#FF0000,Quadrant 1,1,1,78,,#FF0000,0,298.00934782175545,6
image_137.png,5,False,424.54015648394807,343.099493158103,20,#FF0000,Quadrant 4,2,2,78,,#FF0000,0,222.94842206838672,6
image_137.png,5,False,543.400396082453,14.1202753231253,20,#FF0000,Quadrant 2,1,2,78,,#FF0000,0,20.36351950624965,6
image_137.png,5,False,515.4520139701501,97.05616823519097,20,#FF0000,Quadrant 2,1,2,78,,#FF0000,0,129.5929909270209,6
image_137.png,5,False,266.94066624250615,167.3819653413953,20,#FF0000,Quadrant 1,1,1,78,,#FF0000,0,185.41278703503485,6
image_137.png,5,False,672.9084732562467,246.74963361707054,20,#FF0000,Quadrant 4,2,2,78,,#FF0000,0,118.57936785029648,6
image_137.png,5,False,500.9532888021045,13.505667049534084,20,#FF0000,Quadrant 2,1,2,78,,#FF0000,0,261.21650232686284,6
image_137.png,5,False,112.20306143026674,342.9523053074668,20,#FF0000,Quadrant 3,2,1,78,,#FF0000,0,30.671062454200985,6
image_137.png,5,False,188.8605933755186,292.2963686549027,20,#FF0000,Quadrant 3,2,1,78,,#FF0000,0,97.51228250496227,6
image_137.png,5,False,633.406157961884,361.11793821027004,20,#FF0000,Quadrant 4,2,2,78,,#FF0000,0,11.148789008560698,6
image_137.png,5,False,164.26496824435736,273.5840455950869,20,#FF0000,Quadrant 3,2,1,78,,#FF0000,0,174.77190661667086,6
image_137.png,5,False,146.6189566340274,329.5898581303373,20,#FF0000,Quadrant 3,2,1,78,,#FF0000,0,288.1291334995843,6
image_137.png,5,False,585.9520835720044,234.67805062277867,20,#FF0000,Quadrant 4,2,2,78,,#FF0000,0,167.60746445761848,6
image_137.png,5,False,485.8413705833032,125.81254374280611,20,#FF0000,Quadrant 2,1,2,78,,#FF0000,0,195.83694796567374,6
image_137.png,5,False,77.60485054829351,54.37824067054529,20,#FF0000,Quadrant 1,1,1,78,,#FF0000,0,272.27698127546535,6
image_137.png,5,False,658.8821307783599,338.1566852598657,20,#FF0000,Quadrant 4,2,2,78,,#FF0000,0,177.1510370386777,6
image_137.png,5,False,367.24398912249757,200.84983878747096,20,#FF0000,Quadrant 4,2,2,78,,#FF0000,0,324.4324701167843,6
image_137.png,5,False,672.518629889006,314.91897987904457,20,#FF0000,Quadrant 4,2,2,78,,#FF0000,0,235.1316932259301,6
image_137.png,5,False,114.76602331984104,128.45679768526696,20,#FF0000,Quadrant 1,1,1,78,,#FF0000,0,204.07034857445868,6
image_137.png,5,False,531.0713617057498,175.51286775224236,20,#FF0000,Quadrant 2,1,2,78,,#FF0000,0,278.04848478703747,6
image_137.png,5,False,240.08979365346937,201.48735033700004,20,#FF0000,Quadrant 3,2,1,78,,#FF0000,0,78.13597980545286,6
image_137.png,5,False,98.84515451133939,91.59222243740004,20,#FF0000,Quadrant 1,1,1,78,,#FF0000,0,124.8578860764432,6
image_137.png,5,False,357.0630920166183,370.2323837246335,20,#FF0000,Quadrant 4,2,2,78,,#FF0000,0,252.81772694127827,6
image_137.png,5,False,527.0509665959152,386.0291223133234,20,#FF0000,Quadrant 4,2,2,78,,#FF0000,0,51.73419051134437,6
image_137.png,5,False,57.58221356150525,187.1257333953601,20,#FF0000,Quadrant 1,1,1,78,,#FF0000,0,117.69681246602413,6
image_137.png,5,False,42.73704139589858,105.32158123826454,20,#FF0000,Quadrant 1,1,1,78,,#FF0000,0,9.087217742225029,6
image_137.png,5,False,315.1113364870344,189.72411328916257,20,#FF0000,Quadrant 1,1,1,78,,#FF0000,0,355.3241057270652,6
image_137.png,5,False,469.2721454958927,32.022680331324,20,#FF0000,Quadrant 2,1,2,78,,#FF0000,0,28.450954707452745,6
image_137.png,5,False,504.863292864633,158.42981384663534,20,#FF0000,Quadrant 2,1,2,78,,#FF0000,0,295.75831590185555,6
image_137.png,5,False,141.622135540665,151.39589607534742,20,#FF0000,Quadrant 1,1,1,78,,#FF0000,0,129.5667849295125,6
image_137.png,5,False,34.74749631618603,329.04807898187596,20,#FF0000,Quadrant 3,2,1,78,,#FF0000,0,236.40011963056264,6
image_137.png,5,False,162.48886505971203,251.24559077319952,20,#FF0000,Quadrant 3,2,1,78,,#FF0000,0,343.6902547985174,6
image_137.png,5,False,565.8306170710788,41.85218346747154,20,#FF0000,Quadrant 2,1,2,78,,#FF0000,0,43.8412321022234,6
image_137.png,5,False,255.9202076648915,234.35303616550183,20,#FF0000,Quadrant 3,2,1,78,,#FF0000,0,331.91116767388667,6
image_138.png,2,True,221.75897249498405,278.5587178200065,20,#FF0000,Quadrant 3,2,1,77,140,#FF0000,0,137.50243913601724,6
image_138.png,5,False,652.8541187574492,91.71567946769451,20,#FF0000,Quadrant 2,1,2,77,,#FF0000,0,112.27986110478291,6
image_138.png,5,False,432.89556745283636,191.99581194331356,20,#FF0000,Quadrant 2,1,2,77,,#FF0000,0,214.25730710067438,6
image_138.png,5,False,481.9488293121835,147.9964983591695,20,#FF0000,Quadrant 2,1,2,77,,#FF0000,0,291.8786666102221,6
image_138.png,5,False,178.45382218998665,115.56517312612827,20,#FF0000,Quadrant 1,1,1,77,,#FF0000,0,81.74937974458648,6
image_138.png,5,False,321.6863658981655,246.199632341768,20,#FF0000,Quadrant 3,2,1,77,,#FF0000,0,209.0262274132764,6
image_138.png,5,False,333.04078665099956,45.86478742589729,20,#FF0000,Quadrant 1,1,1,77,,#FF0000,0,303.12010632079154,6
image_138.png,5,False,525.2087584879177,310.30926183866194,20,#FF0000,Quadrant 4,2,2,77,,#FF0000,0,270.00189912658124,6
image_138.png,5,False,213.90554830247711,237.70756501456964,20,#FF0000,Quadrant 3,2,1,77,,#FF0000,0,108.91604633229359,6
image_138.png,5,False,520.0972360162564,216.15489483612788,20,#FF0000,Quadrant 4,2,2,77,,#FF0000,0,178.68039169271862,6
image_138.png,5,False,391.0168916804526,167.2484678847177,20,#FF0000,Quadrant 2,1,2,77,,#FF0000,0,128.14014533862664,6
image_138.png,5,False,376.64061767374443,202.49038989020187,20,#FF0000,Quadrant 4,2,2,77,,#FF0000,0,24.77494168369637,6
image_138.png,5,False,339.07604773033904,163.51200172524014,20,#FF0000,Quadrant 1,1,1,77,,#FF0000,0,301.63303416768406,6
image_138.png,5,False,697.2269561367912,316.8012196841982,20,#FF0000,Quadrant 4,2,2,77,,#FF0000,0,341.2908403262473,6
image_138.png,5,False,263.4193076832721,234.30857595803388,20,#FF0000,Quadrant 3,2,1,77,,#FF0000,0,47.10016728652492,6
image_138.png,5,False,186.7824872192324,183.49823074955987,20,#FF0000,Quadrant 1,1,1,77,,#FF0000,0,179.69078584403988,6
image_138.png,5,False,162.29787254194682,59.21903213571537,20,#FF0000,Quadrant 1,1,1,77,,#FF0000,0,351.9470293118969,6
image_138.png,5,False,412.94296122862005,28.023690671283866,20,#FF0000,Quadrant 2,1,2,77,,#FF0000,0,325.08803564196654,6
image_138.png,5,False,611.0802142905776,132.52435748135008,20,#FF0000,Quadrant 2,1,2,77,,#FF0000,0,67.03801961600955,6
image_138.png,5,False,651.3420953169657,176.9313808471625,20,#FF0000,Quadrant 2,1,2,77,,#FF0000,0,200.4292140509531,6
image_138.png,5,False,659.9008090734692,289.8902733016188,20,#FF0000,Quadrant 4,2,2,77,,#FF0000,0,112.39083873823954,6
image_138.png,5,False,161.43853445735536,160.81759087747005,20,#FF0000,Quadrant 1,1,1,77,,#FF0000,0,325.12596539504636,6
image_138.png,5,False,327.82403840073545,284.3155772724301,20,#FF0000,Quadrant 3,2,1,77,,#FF0000,0,166.79652386512922,6
image_138.png,5,False,15.394225316348278,17.80354408626307,20,#FF0000,Quadrant 1,1,1,77,,#FF0000,0,178.6930326528981,6
image_138.png,5,False,294.26864364954747,388.25047031940267,20,#FF0000,Quadrant 3,2,1,77,,#FF0000,0,144.9681572511683,6
image_138.png,5,False,288.1273082243462,12.410631538148643,20,#FF0000,Quadrant 1,1,1,77,,#FF0000,0,274.4352669058055,6
image_138.png,5,False,271.1837401245729,282.0443797605963,20,#FF0000,Quadrant 3,2,1,77,,#FF0000,0,348.1124884019872,6
image_138.png,5,False,98.54371167209314,230.62876358151104,20,#FF0000,Quadrant 3,2,1,77,,#FF0000,0,232.2067805674358,6
image_138.png,5,False,602.656275429267,201.3023264333442,20,#FF0000,Quadrant 4,2,2,77,,#FF0000,0,334.05526367209546,6
image_138.png,5,False,536.4021602154579,61.52472735403561,20,#FF0000,Quadrant 2,1,2,77,,#FF0000,0,284.4490311605639,6
image_138.png,5,False,555.6159643789766,237.30737054246958,20,#FF0000,Quadrant 4,2,2,77,,#FF0000,0,94.11408137525147,6
image_138.png,5,False,18.64336267447338,124.15972379510639,20,#FF0000,Quadrant 1,1,1,77,,#FF0000,0,71.1220922036134,6
image_138.png,5,False,454.610567941607,388.3574055654056,20,#FF0000,Quadrant 4,2,2,77,,#FF0000,0,280.5291492466267,6
image_138.png,5,False,125.44272567551867,298.4652793397497,20,#FF0000,Quadrant 3,2,1,77,,#FF0000,0,155.11992190160808,6
image_138.png,5,False,199.21008887277932,144.17487890770292,20,#FF0000,Quadrant 1,1,1,77,,#FF0000,0,11.686156388222791,6
image_138.png,5,False,136.19390278639617,106.39757130292972,20,#FF0000,Quadrant 1,1,1,77,,#FF0000,0,83.38071073606804,6
image_138.png,5,False,201.93380010451054,342.9903887649909,20,#FF0000,Quadrant 3,2,1,77,,#FF0000,0,292.09408984870845,6
image_138.png,5,False,88.48848349584797,207.88309407724,20,#FF0000,Quadrant 3,2,1,77,,#FF0000,0,202.47178608898852,6
image_138.png,5,False,603.6871591661463,174.6728681986109,20,#FF0000,Quadrant 2,1,2,77,,#FF0000,0,111.34328390151927,6
image_138.png,5,False,677.174480252687,79.53729464662781,20,#FF0000,Quadrant 2,1,2,77,,#FF0000,0,35.30807685440246,6
image_138.png,5,False,278.8822559737418,99.8447276263237,20,#FF0000,Quadrant 1,1,1,77,,#FF0000,0,10.472140269358029,6
image_138.png,5,False,71.87193955835367,297.1997427302808,20,#FF0000,Quadrant 3,2,1,77,,#FF0000,0,200.6388974606645,6
image_138.png,5,False,396.2276001007214,285.36672649198437,20,#FF0000,Quadrant 4,2,2,77,,#FF0000,0,6.8317481167219185,6
image_138.png,5,False,68.2996189886773,166.27095184221199,20,#FF0000,Quadrant 1,1,1,77,,#FF0000,0,190.4497926991067,6
image_138.png,5,False,251.88321524723284,147.620402865162,20,#FF0000,Quadrant 1,1,1,77,,#FF0000,0,121.69820553495221,6
image_138.png,5,False,391.66207440698093,247.41019706640802,20,#FF0000,Quadrant 4,2,2,77,,#FF0000,0,354.55224793625166,6
image_138.png,5,False,355.2524063837074,296.27868654275005,20,#FF0000,Quadrant 3,2,1,77,,#FF0000,0,224.15934539458019,6
image_138.png,5,False,154.7073389943687,333.49932854639576,20,#FF0000,Quadrant 3,2,1,77,,#FF0000,0,331.70258788454873,6
image_138.png,5,False,554.1476556967988,171.70493420346963,20,#FF0000,Quadrant 2,1,2,77,,#FF0000,0,75.45589692828663,6
image_138.png,5,False,421.3789403906383,232.0635530710622,20,#FF0000,Quadrant 4,2,2,77,,#FF0000,0,92.46191650205186,6
image_138.png,5,False,460.47413295585983,313.19109921575256,20,#FF0000,Quadrant 4,2,2,77,,#FF0000,0,345.57591823623545,6
image_138.png,5,False,552.9831476104774,334.1768891606094,20,#FF0000,Quadrant 4,2,2,77,,#FF0000,0,64.49623015260016,6
image_138.png,5,False,596.3226378691431,54.46300325792096,20,#FF0000,Quadrant 2,1,2,77,,#FF0000,0,292.1080393821229,6
image_138.png,5,False,84.21468802795677,127.40443869464657,20,#FF0000,Quadrant 1,1,1,77,,#FF0000,0,80.61978026870071,6
image_138.png,5,False,223.08638478091024,80.33604123642343,20,#FF0000,Quadrant 1,1,1,77,,#FF0000,0,348.1262549763928,6
image_138.png,5,False,680.5840407089719,199.76993378835465,20,#FF0000,Quadrant 2,1,2,77,,#FF0000,0,71.57147369214393,6
image_138.png,5,False,62.389588707737026,386.28704392269145,20,#FF0000,Quadrant 3,2,1,77,,#FF0000,0,56.26218999125545,6
image_138.png,5,False,70.96429183890783,337.5945564692781,20,#FF0000,Quadrant 3,2,1,77,,#FF0000,0,217.3351961716701,6
image_138.png,5,False,282.3144413829179,313.4861780625934,20,#FF0000,Quadrant 3,2,1,77,,#FF0000,0,188.84681032802123,6
image_138.png,5,False,575.478908272235,322.2127504090499,20,#FF0000,Quadrant 4,2,2,77,,#FF0000,0,138.41042816520826,6
image_138.png,5,False,496.0806205068414,18.011208473782318,20,#FF0000,Quadrant 2,1,2,77,,#FF0000,0,297.1866760082315,6
image_138.png,5,False,686.7508108519334,259.9786645014091,20,#FF0000,Quadrant 4,2,2,77,,#FF0000,0,302.1284346758023,6
image_138.png,5,False,376.3874314931042,359.56798309173985,20,#FF0000,Quadrant 4,2,2,77,,#FF0000,0,173.23472917602828,6
image_138.png,5,False,413.39896460978485,160.08450732133394,20,#FF0000,Quadrant 2,1,2,77,,#FF0000,0,352.0109815386301,6
image_138.png,5,False,135.86432789857972,84.20784882567946,20,#FF0000,Quadrant 1,1,1,77,,#FF0000,0,16.219625833234616,6
image_138.png,5,False,361.64395836833285,157.26858058987574,20,#FF0000,Quadrant 2,1,2,77,,#FF0000,0,20.56854494646213,6
image_138.png,5,False,686.8509765641504,349.614341921433,20,#FF0000,Quadrant 4,2,2,77,,#FF0000,0,203.72545151397148,6
image_138.png,5,False,529.7629009397424,148.60563484432316,20,#FF0000,Quadrant 2,1,2,77,,#FF0000,0,239.24629795499183,6
image_138.png,5,False,316.86873830739455,84.8873779872752,20,#FF0000,Quadrant 1,1,1,77,,#FF0000,0,329.401956837838,6
image_138.png,5,False,347.847049956751,13.688717997148654,20,#FF0000,Quadrant 1,1,1,77,,#FF0000,0,276.55948128938473,6
image_138.png,5,False,567.970012120972,286.9995155801621,20,#FF0000,Quadrant 4,2,2,77,,#FF0000,0,74.01669669990345,6
image_138.png,5,False,14.171023547803388,376.30365892945366,20,#FF0000,Quadrant 3,2,1,77,,#FF0000,0,306.0171543727455,6
image_138.png,5,False,245.48855087862404,203.16995498977397,20,#FF0000,Quadrant 3,2,1,77,,#FF0000,0,152.64379220360155,6
image_138.png,5,False,608.6963172968201,270.5601820946654,20,#FF0000,Quadrant 4,2,2,77,,#FF0000,0,247.62957895528277,6
image_138.png,5,False,54.29436271689165,361.7451803374212,20,#FF0000,Quadrant 3,2,1,77,,#FF0000,0,151.2363573279746,6
image_138.png,5,False,475.07613434501525,190.27887686920428,20,#FF0000,Quadrant 2,1,2,77,,#FF0000,0,188.54837539410636,6
image_138.png,5,False,356.1576276927295,383.8252128510895,20,#FF0000,Quadrant 4,2,2,77,,#FF0000,0,339.03501573828464,6
image_138.png,5,False,582.83784190196,358.9234790948324,20,#FF0000,Quadrant 4,2,2,77,,#FF0000,0,172.38577954707497,6
image_139.png,2,True,157.4387768416631,274.41349113117576,20,#FF0000,Quadrant 3,2,1,76,140,#FF0000,0,105.60347958311304,6
image_139.png,5,False,600.3663334845563,114.49891594531265,20,#FF0000,Quadrant 2,1,2,76,,#FF0000,0,70.03703443280884,6
image_139.png,5,False,46.1805811517013,155.65259234524518,20,#FF0000,Quadrant 1,1,1,76,,#FF0000,0,318.1349082188779,6
image_139.png,5,False,283.57759217563085,197.27637590965924,20,#FF0000,Quadrant 1,1,1,76,,#FF0000,0,54.137056294089575,6
image_139.png,5,False,563.5247348564357,341.5627805184257,20,#FF0000,Quadrant 4,2,2,76,,#FF0000,0,152.74695097362616,6
image_139.png,5,False,568.0394558364425,312.83155369557943,20,#FF0000,Quadrant 4,2,2,76,,#FF0000,0,214.03008268576048,6
image_139.png,5,False,368.06914688070066,258.9009608198364,20,#FF0000,Quadrant 4,2,2,76,,#FF0000,0,264.7266787329342,6
image_139.png,5,False,437.5051202077117,320.6820873507328,20,#FF0000,Quadrant 4,2,2,76,,#FF0000,0,139.4085575536185,6
image_139.png,5,False,681.0159547773324,292.45182907283277,20,#FF0000,Quadrant 4,2,2,76,,#FF0000,0,227.88476746848212,6
image_139.png,5,False,591.1099541778718,316.85813991031495,20,#FF0000,Quadrant 4,2,2,76,,#FF0000,0,125.59337055154114,6
image_139.png,5,False,599.1777808328704,353.8930239642882,20,#FF0000,Quadrant 4,2,2,76,,#FF0000,0,85.90082629790486,6
image_139.png,5,False,457.3166171003756,281.9886208576178,20,#FF0000,Quadrant 4,2,2,76,,#FF0000,0,310.87237354440884,6
image_139.png,5,False,127.89096008058917,255.73741243855454,20,#FF0000,Quadrant 3,2,1,76,,#FF0000,0,159.36607583057724,6
image_139.png,5,False,199.02373506863975,325.40135773091055,20,#FF0000,Quadrant 3,2,1,76,,#FF0000,0,201.2969507350848,6
image_139.png,5,False,285.47264362805606,343.0710966721361,20,#FF0000,Quadrant 3,2,1,76,,#FF0000,0,188.71859177955173,6
image_139.png,5,False,565.4586443406116,143.07230473839203,20,#FF0000,Quadrant 2,1,2,76,,#FF0000,0,85.32841651688112,6
image_139.png,5,False,16.023760393989612,97.77824213454271,20,#FF0000,Quadrant 1,1,1,76,,#FF0000,0,173.53419593715475,6
image_139.png,5,False,513.55463763851,151.56817075324847,20,#FF0000,Quadrant 2,1,2,76,,#FF0000,0,77.72838735237563,6
image_139.png,5,False,291.4793155117015,154.55489832544907,20,#FF0000,Quadrant 1,1,1,76,,#FF0000,0,43.511626788697185,6
image_139.png,5,False,548.9733920179453,190.44362035165238,20,#FF0000,Quadrant 2,1,2,76,,#FF0000,0,99.61065748417431,6
image_139.png,5,False,49.144813840610745,314.5080090085343,20,#FF0000,Quadrant 3,2,1,76,,#FF0000,0,165.09530034103605,6
image_139.png,5,False,253.3544726811437,283.8066515073659,20,#FF0000,Quadrant 3,2,1,76,,#FF0000,0,98.941111798957,6
image_139.png,5,False,132.7310807231048,385.0065173139127,20,#FF0000,Quadrant 3,2,1,76,,#FF0000,0,139.07658009702283,6
image_139.png,5,False,31.197406757636042,50.06999179233799,20,#FF0000,Quadrant 1,1,1,76,,#FF0000,0,92.72441850479815,6
image_139.png,5,False,616.9751733336893,165.0770735624764,20,#FF0000,Quadrant 2,1,2,76,,#FF0000,0,288.77961446131786,6
image_139.png,5,False,152.91708648384127,347.742303461811,20,#FF0000,Quadrant 3,2,1,76,,#FF0000,0,209.31332435814477,6
image_139.png,5,False,332.955300604555,255.83770839439012,20,#FF0000,Quadrant 3,2,1,76,,#FF0000,0,332.8290976736288,6
image_139.png,5,False,606.1368396399007,292.824321002629,20,#FF0000,Quadrant 4,2,2,76,,#FF0000,0,324.2899741372052,6
image_139.png,5,False,146.43398375452054,307.27276515664346,20,#FF0000,Quadrant 3,2,1,76,,#FF0000,0,325.2344230923747,6
image_139.png,5,False,193.2104028671644,137.88489863851765,20,#FF0000,Quadrant 1,1,1,76,,#FF0000,0,222.9592103573183,6
image_139.png,5,False,47.98947311418295,371.96245503789504,20,#FF0000,Quadrant 3,2,1,76,,#FF0000,0,52.78917731137162,6
image_139.png,5,False,574.7134539338101,37.3903723968173,20,#FF0000,Quadrant 2,1,2,76,,#FF0000,0,207.20378266367146,6
image_139.png,5,False,25.571180763528098,248.49184899725083,20,#FF0000,Quadrant 3,2,1,76,,#FF0000,0,315.7652800676499,6
image_139.png,5,False,343.7447834319597,212.59493018423132,20,#FF0000,Quadrant 3,2,1,76,,#FF0000,0,157.03582775720525,6
image_139.png,5,False,421.86757427395634,54.46421153901353,20,#FF0000,Quadrant 2,1,2,76,,#FF0000,0,245.5421641065692,6
image_139.png,5,False,367.7285774705819,234.73786113467466,20,#FF0000,Quadrant 4,2,2,76,,#FF0000,0,107.65069210254515,6
image_139.png,5,False,400.8234337845517,188.4077452005876,20,#FF0000,Quadrant 2,1,2,76,,#FF0000,0,166.13419034540328,6
image_139.png,5,False,697.1371787983526,337.2299081791276,20,#FF0000,Quadrant 4,2,2,76,,#FF0000,0,186.61306731903866,6
image_139.png,5,False,71.07739335008398,106.10901560825079,20,#FF0000,Quadrant 1,1,1,76,,#FF0000,0,7.822060240520776,6
image_139.png,5,False,663.124972953925,210.6236599909955,20,#FF0000,Quadrant 4,2,2,76,,#FF0000,0,97.05298851499869,6
image_139.png,5,False,246.2201066076504,368.52641869810526,20,#FF0000,Quadrant 3,2,1,76,,#FF0000,0,75.73445370647818,6
image_139.png,5,False,293.4172259110531,81.20574606566841,20,#FF0000,Quadrant 1,1,1,76,,#FF0000,0,247.0528682025705,6
image_139.png,5,False,511.3512267470584,336.3511790300166,20,#FF0000,Quadrant 4,2,2,76,,#FF0000,0,168.2431832733571,6
image_139.png,5,False,309.13936490590663,188.82831423621514,20,#FF0000,Quadrant 1,1,1,76,,#FF0000,0,169.33362812014855,6
image_139.png,5,False,449.55464974037903,356.60635188555835,20,#FF0000,Quadrant 4,2,2,76,,#FF0000,0,173.11873131000038,6
image_139.png,5,False,660.2673540451216,366.8641941431908,20,#FF0000,Quadrant 4,2,2,76,,#FF0000,0,195.03054324442164,6
image_139.png,5,False,605.3971083945955,226.45446072146018,20,#FF0000,Quadrant 4,2,2,76,,#FF0000,0,332.0785879652725,6
image_139.png,5,False,349.97715448681697,106.84326430827429,20,#FF0000,Quadrant 1,1,1,76,,#FF0000,0,45.85535695804033,6
image_139.png,5,False,416.30403965646036,375.9183884299638,20,#FF0000,Quadrant 4,2,2,76,,#FF0000,0,215.35979920669504,6
image_139.png,5,False,81.5908347235559,289.3665113535528,20,#FF0000,Quadrant 3,2,1,76,,#FF0000,0,345.5832463650541,6
image_139.png,5,False,640.3157186149751,199.33071128609328,20,#FF0000,Quadrant 2,1,2,76,,#FF0000,0,74.55650811882025,6
image_139.png,5,False,318.22114772489886,137.4281910993151,20,#FF0000,Quadrant 1,1,1,76,,#FF0000,0,336.662672014516,6
image_139.png,5,False,547.3874996429425,15.425540439392549,20,#FF0000,Quadrant 2,1,2,76,,#FF0000,0,249.63248894966202,6
image_139.png,5,False,533.6028057479523,248.37209434359997,20,#FF0000,Quadrant 4,2,2,76,,#FF0000,0,208.36066442586286,6
image_139.png,5,False,593.2203360853564,148.35204149053914,20,#FF0000,Quadrant 2,1,2,76,,#FF0000,0,271.38078887467447,6
image_139.png,5,False,575.0635378317579,112.05003258163802,20,#FF0000,Quadrant 2,1,2,76,,#FF0000,0,319.12116863419476,6
image_139.png,5,False,480.0232146810053,124.92568867532086,20,#FF0000,Quadrant 2,1,2,76,,#FF0000,0,274.08666069524804,6
image_139.png,5,False,196.27527993148584,377.27641739094975,20,#FF0000,Quadrant 3,2,1,76,,#FF0000,0,191.12690465949763,6
image_139.png,5,False,168.09064102333994,206.6318658147653,20,#FF0000,Quadrant 3,2,1,76,,#FF0000,0,289.99102148284624,6
image_139.png,5,False,211.53620739798683,110.15701128864455,20,#FF0000,Quadrant 1,1,1,76,,#FF0000,0,2.6059936916202675,6
image_139.png,5,False,138.26021555957283,32.83166524931926,20,#FF0000,Quadrant 1,1,1,76,,#FF0000,0,46.54663542296878,6
image_139.png,5,False,92.08433639462548,181.7373977410989,20,#FF0000,Quadrant 1,1,1,76,,#FF0000,0,3.5607241696953507,6
image_139.png,5,False,359.66850128551755,310.3233350716327,20,#FF0000,Quadrant 4,2,2,76,,#FF0000,0,312.88858871832747,6
image_139.png,5,False,67.98518356612024,197.14530182860642,20,#FF0000,Quadrant 1,1,1,76,,#FF0000,0,266.16856888950116,6
image_139.png,5,False,525.07161025,200.97364340142892,20,#FF0000,Quadrant 4,2,2,76,,#FF0000,0,186.93266896325295,6
image_139.png,5,False,398.1961136538047,227.41859330667575,20,#FF0000,Quadrant 4,2,2,76,,#FF0000,0,14.9925681821802,6
image_139.png,5,False,522.5372463157229,92.50136487971976,20,#FF0000,Quadrant 2,1,2,76,,#FF0000,0,113.56227009553893,6
image_139.png,5,False,579.320820442062,69.40670149041003,20,#FF0000,Quadrant 2,1,2,76,,#FF0000,0,304.1069985685388,6
image_139.png,5,False,549.2729186882422,57.946814037383234,20,#FF0000,Quadrant 2,1,2,76,,#FF0000,0,222.952961213872,6
image_139.png,5,False,100.79640037759111,369.1856199211484,20,#FF0000,Quadrant 3,2,1,76,,#FF0000,0,13.595095303772728,6
image_139.png,5,False,424.6736746036776,347.99943025723155,20,#FF0000,Quadrant 4,2,2,76,,#FF0000,0,7.679083834455205,6
image_139.png,5,False,422.4998218625605,235.2177316572838,20,#FF0000,Quadrant 4,2,2,76,,#FF0000,0,10.566579688042964,6
image_139.png,5,False,135.02038830759625,185.9804355115114,20,#FF0000,Quadrant 1,1,1,76,,#FF0000,0,21.643698882697535,6
image_139.png,5,False,430.778735467551,92.27069442951678,20,#FF0000,Quadrant 2,1,2,76,,#FF0000,0,350.8861960922477,6
image_139.png,5,False,645.8345628072368,12.655319991058409,20,#FF0000,Quadrant 2,1,2,76,,#FF0000,0,201.03342973814298,6
image_139.png,5,False,493.15070099278256,297.54800960985204,20,#FF0000,Quadrant 4,2,2,76,,#FF0000,0,191.41202189334734,6
image_139.png,5,False,488.55847569864244,225.18064260319045,20,#FF0000,Quadrant 4,2,2,76,,#FF0000,0,44.80051816578489,6
