filename,shape_type,target,center_x,center_y,size,color,quadrant,row,column,num_distractors,num_images,distractor_color,color_bin_index,rotation_angle,bin_group
image_0.png,2,True,200.49520035632318,95.373659020255,20,#FF0000,Quadrant 1,1,1,72,151,#FF0000,0,9.003871880160098,6
image_0.png,5,False,477.2459468343859,348.24387659243155,20,#0000FF,Quadrant 4,2,2,72,,#0000FF,0,265.1296370990445,6
image_0.png,5,False,301.70413376315133,22.26334894759059,20,#0000FF,Quadrant 1,1,1,72,,#0000FF,0,31.297979746589814,6
image_0.png,5,False,359.18979350321666,21.03059654050045,20,#0000FF,Quadrant 2,1,2,72,,#0000FF,0,78.7096709292972,6
image_0.png,5,False,458.7703776300915,216.9878796680159,20,#0000FF,Quadrant 4,2,2,72,,#0000FF,0,71.58155424719345,6
image_0.png,5,False,417.0040561905011,316.96471262421846,20,#0000FF,Quadrant 4,2,2,72,,#0000FF,0,79.35862393465081,6
image_0.png,5,False,566.2094645128046,274.8966913055498,20,#0000FF,Quadrant 4,2,2,72,,#0000FF,0,2.339553484101966,6
image_0.png,5,False,118.12537537031749,372.8265412941633,20,#0000FF,Quadrant 3,2,1,72,,#0000FF,0,122.49018594647707,6
image_0.png,5,False,74.90188608892191,47.558790443049396,20,#0000FF,Quadrant 1,1,1,72,,#0000FF,0,121.17403624054563,6
image_0.png,5,False,380.4611550122888,378.8377587842021,20,#0000FF,Quadrant 4,2,2,72,,#0000FF,0,262.70344320977443,6
image_0.png,5,False,391.3559949472534,324.51496308763205,20,#0000FF,Quadrant 4,2,2,72,,#0000FF,0,136.27237579500726,6
image_0.png,5,False,604.7160543141255,229.23911090705604,20,#0000FF,Quadrant 4,2,2,72,,#0000FF,0,222.66711085112857,6
image_0.png,5,False,42.57300033875127,97.14554819628471,20,#0000FF,Quadrant 1,1,1,72,,#0000FF,0,253.64586103737244,6
image_0.png,5,False,65.97667210037935,98.9949550444694,20,#0000FF,Quadrant 1,1,1,72,,#0000FF,0,104.17966689675858,6
image_0.png,5,False,202.52381254285348,251.28871993194326,20,#0000FF,Quadrant 3,2,1,72,,#0000FF,0,36.36051458750248,6
image_0.png,5,False,266.0546863435321,90.19365763162234,20,#0000FF,Quadrant 1,1,1,72,,#0000FF,0,131.3395844292303,6
image_0.png,5,False,656.3550109339084,255.95737562321236,20,#0000FF,Quadrant 4,2,2,72,,#0000FF,0,96.11201593768081,6
image_0.png,5,False,128.9145286084888,286.609929625232,20,#0000FF,Quadrant 3,2,1,72,,#0000FF,0,219.28716204011576,6
image_0.png,5,False,272.4447993710193,385.039826540633,20,#0000FF,Quadrant 3,2,1,72,,#0000FF,0,58.82489775429422,6
image_0.png,5,False,394.7383734607313,269.7841868741726,20,#0000FF,Quadrant 4,2,2,72,,#0000FF,0,230.39991354747343,6
image_0.png,5,False,545.6639390553627,97.58017120243146,20,#0000FF,Quadrant 2,1,2,72,,#0000FF,0,303.42669126833147,6
image_0.png,5,False,228.34715011270745,112.20605111881564,20,#0000FF,Quadrant 1,1,1,72,,#0000FF,0,11.556087805453593,6
image_0.png,5,False,660.6647931768525,342.2669628066688,20,#0000FF,Quadrant 4,2,2,72,,#0000FF,0,75.95382369107753,6
image_0.png,5,False,462.59724038817234,160.54885860093108,20,#0000FF,Quadrant 2,1,2,72,,#0000FF,0,113.28403708745205,6
image_0.png,5,False,327.14892643271776,111.12470293626383,20,#0000FF,Quadrant 1,1,1,72,,#0000FF,0,329.23713230659564,6
image_0.png,5,False,397.7826444384109,110.31632802166953,20,#0000FF,Quadrant 2,1,2,72,,#0000FF,0,88.78590276983404,6
image_0.png,5,False,629.5999668021067,161.97339094307017,20,#0000FF,Quadrant 2,1,2,72,,#0000FF,0,210.4509564804746,6
image_0.png,5,False,698.3034108751309,203.60093900970358,20,#0000FF,Quadrant 4,2,2,72,,#0000FF,0,78.955473296622,6
image_0.png,5,False,43.463182667642116,52.44737127254916,20,#0000FF,Quadrant 1,1,1,72,,#0000FF,0,32.7273883825658,6
image_0.png,5,False,556.7426820460822,170.57646745028057,20,#0000FF,Quadrant 2,1,2,72,,#0000FF,0,225.8805750131124,6
image_0.png,5,False,507.5773335391741,268.68651949204525,20,#0000FF,Quadrant 4,2,2,72,,#0000FF,0,4.133167899415069,6
image_0.png,5,False,310.5532577110133,182.50756099244003,20,#0000FF,Quadrant 1,1,1,72,,#0000FF,0,40.15878249451552,6
image_0.png,5,False,614.4626759205757,110.5610611839123,20,#0000FF,Quadrant 2,1,2,72,,#0000FF,0,343.37373390758887,6
image_0.png,5,False,547.4736437764547,211.47368808977708,20,#0000FF,Quadrant 4,2,2,72,,#0000FF,0,194.17645084306525,6
image_0.png,5,False,234.34352327621977,18.36220862184461,20,#0000FF,Quadrant 1,1,1,72,,#0000FF,0,0.2058826060596619,6
image_0.png,5,False,616.439373820174,325.3695700985258,20,#0000FF,Quadrant 4,2,2,72,,#0000FF,0,334.47550185526217,6
image_0.png,5,False,50.910439714495226,342.88762849912735,20,#0000FF,Quadrant 3,2,1,72,,#0000FF,0,110.70508514495812,6
image_0.png,5,False,70.01522847476848,194.70439513368,20,#0000FF,Quadrant 1,1,1,72,,#0000FF,0,340.9018003072779,6
image_0.png,5,False,535.0548918622326,300.4854142780414,20,#0000FF,Quadrant 4,2,2,72,,#0000FF,0,24.9165066486181,6
image_0.png,5,False,338.4695585100259,218.8257583410888,20,#0000FF,Quadrant 3,2,1,72,,#0000FF,0,46.22092721991461,6
image_0.png,5,False,225.77252470631663,387.1664568178182,20,#0000FF,Quadrant 3,2,1,72,,#0000FF,0,72.41438282029053,6
image_0.png,5,False,312.8509578170933,206.64366791145326,20,#0000FF,Quadrant 3,2,1,72,,#0000FF,0,233.95610075020326,6
image_0.png,5,False,165.81646521474303,138.79634249173813,20,#0000FF,Quadrant 1,1,1,72,,#0000FF,0,43.56151051257566,6
image_0.png,5,False,169.54905075904156,94.24217132268949,20,#0000FF,Quadrant 1,1,1,72,,#0000FF,0,211.791138644604,6
image_0.png,5,False,445.82993755909814,97.53999428061636,20,#0000FF,Quadrant 2,1,2,72,,#0000FF,0,25.557510963251712,6
image_0.png,5,False,603.2887907748313,37.784078257911005,20,#0000FF,Quadrant 2,1,2,72,,#0000FF,0,325.9512046822061,6
image_0.png,5,False,471.9256892461373,91.9815131860258,20,#0000FF,Quadrant 2,1,2,72,,#0000FF,0,85.68166837283827,6
image_0.png,5,False,655.5693117600823,226.85428927695753,20,#0000FF,Quadrant 4,2,2,72,,#0000FF,0,47.632265541009,6
image_0.png,5,False,332.77999627726905,286.59067109582355,20,#0000FF,Quadrant 3,2,1,72,,#0000FF,0,152.48830428717147,6
image_0.png,5,False,689.0898306311507,48.201955295440456,20,#0000FF,Quadrant 2,1,2,72,,#0000FF,0,242.41123702558855,6
image_0.png,5,False,244.7794951171296,336.712218741355,20,#0000FF,Quadrant 3,2,1,72,,#0000FF,0,144.94366155681675,6
image_0.png,5,False,142.05393791571913,180.57592108092385,20,#0000FF,Quadrant 1,1,1,72,,#0000FF,0,89.51628021130283,6
image_0.png,5,False,316.31708334183185,336.58996159997196,20,#0000FF,Quadrant 3,2,1,72,,#0000FF,0,332.3756157393646,6
image_0.png,5,False,45.85535904264317,388.72877306001067,20,#0000FF,Quadrant 3,2,1,72,,#0000FF,0,198.1171124819453,6
image_0.png,5,False,689.8777933642311,111.24675598907343,20,#0000FF,Quadrant 2,1,2,72,,#0000FF,0,136.4303228316898,6
image_0.png,5,False,117.65501261383018,123.15555803694527,20,#0000FF,Quadrant 1,1,1,72,,#0000FF,0,258.62697910667737,6
image_0.png,5,False,410.0552203724005,215.94978611947568,20,#0000FF,Quadrant 4,2,2,72,,#0000FF,0,348.7353713888972,6
image_0.png,5,False,50.38687303325584,231.81913070549112,20,#0000FF,Quadrant 3,2,1,72,,#0000FF,0,269.27120173646307,6
image_0.png,5,False,598.5240056212687,70.50957116112468,20,#0000FF,Quadrant 2,1,2,72,,#0000FF,0,181.02613785102488,6
image_0.png,5,False,437.75386061881903,169.46701799695978,20,#0000FF,Quadrant 2,1,2,72,,#0000FF,0,214.02689527203884,6
image_0.png,5,False,504.4561507439068,101.2232900887898,20,#0000FF,Quadrant 2,1,2,72,,#0000FF,0,73.53331179247311,6
image_0.png,5,False,473.7945636194202,124.39889616393212,20,#0000FF,Quadrant 2,1,2,72,,#0000FF,0,142.48290484485162,6
image_0.png,5,False,529.034635273523,38.42129727841346,20,#0000FF,Quadrant 2,1,2,72,,#0000FF,0,113.82379065786745,6
image_0.png,5,False,698.9351097487108,387.5244572892257,20,#0000FF,Quadrant 4,2,2,72,,#0000FF,0,164.982788142691,6
image_0.png,5,False,119.68756749413282,326.15559285384705,20,#0000FF,Quadrant 3,2,1,72,,#0000FF,0,133.0297519459982,6
image_0.png,5,False,432.44598058517965,384.17409805270864,20,#0000FF,Quadrant 4,2,2,72,,#0000FF,0,253.27437303145354,6
image_0.png,5,False,16.390120827836824,319.8653630736445,20,#0000FF,Quadrant 3,2,1,72,,#0000FF,0,235.43147437586373,6
image_0.png,5,False,151.27854819361508,250.74194845856013,20,#0000FF,Quadrant 3,2,1,72,,#0000FF,0,258.34038736996723,6
image_0.png,5,False,347.5984461309204,353.21719362798416,20,#0000FF,Quadrant 3,2,1,72,,#0000FF,0,95.03420458694738,6
image_0.png,5,False,74.59364425407333,171.11164202908856,20,#0000FF,Quadrant 1,1,1,72,,#0000FF,0,304.59733678614793,6
image_0.png,5,False,191.4871758172659,291.18528335551787,20,#0000FF,Quadrant 3,2,1,72,,#0000FF,0,229.36081582849667,6
image_0.png,5,False,619.4603049837986,352.6850000496396,20,#0000FF,Quadrant 4,2,2,72,,#0000FF,0,27.087789626556138,6
image_0.png,5,False,559.5282680678607,336.34557599634127,20,#0000FF,Quadrant 4,2,2,72,,#0000FF,0,323.6333359473324,6
image_1.png,2,True,470.51711992788915,144.69052388432573,20,#FF0000,Quadrant 2,1,2,12,151,#FF0000,0,245.54400779180753,3
image_1.png,5,False,613.6770665198119,379.11039455689524,20,#0000FF,Quadrant 4,2,2,12,,#0000FF,0,201.5580668917931,3
image_1.png,5,False,648.8512737504245,100.48671158269758,20,#0000FF,Quadrant 2,1,2,12,,#0000FF,0,269.81194001167415,3
image_1.png,5,False,562.1221636058518,77.9257959811041,20,#0000FF,Quadrant 2,1,2,12,,#0000FF,0,58.5006361561579,3
image_1.png,5,False,134.57949709514463,360.4561976013042,20,#0000FF,Quadrant 3,2,1,12,,#0000FF,0,148.42598772736704,3
image_1.png,5,False,294.6703717540205,264.22489487093833,20,#0000FF,Quadrant 3,2,1,12,,#0000FF,0,281.6591386131474,3
image_1.png,5,False,181.9872291298891,71.17678464671641,20,#0000FF,Quadrant 1,1,1,12,,#0000FF,0,264.6207139780354,3
image_1.png,5,False,274.57124686928773,25.637901697667278,20,#0000FF,Quadrant 1,1,1,12,,#0000FF,0,252.46014773036853,3
image_1.png,5,False,576.3495664894062,340.3601075562171,20,#0000FF,Quadrant 4,2,2,12,,#0000FF,0,125.87703280053071,3
image_1.png,5,False,58.830899962682935,303.31746895245647,20,#0000FF,Quadrant 3,2,1,12,,#0000FF,0,100.29710196828141,3
image_1.png,5,False,361.98051043881776,267.85784874017963,20,#0000FF,Quadrant 4,2,2,12,,#0000FF,0,126.4126064697908,3
image_1.png,5,False,239.16225919972646,21.433002275222368,20,#0000FF,Quadrant 1,1,1,12,,#0000FF,0,303.71801877794906,3
image_1.png,5,False,190.9772703128548,230.46291935323154,20,#0000FF,Quadrant 3,2,1,12,,#0000FF,0,315.7338281672017,3
image_2.png,2,True,310.41442965103994,286.3900329267222,20,#FF0000,Quadrant 3,2,1,9,151,#FF0000,0,39.024916997295996,3
image_2.png,5,False,428.6778999279327,204.3179165550627,20,#0000FF,Quadrant 4,2,2,9,,#0000FF,0,112.92383311019684,3
image_2.png,5,False,408.2691619691571,107.28510732038397,20,#0000FF,Quadrant 2,1,2,9,,#0000FF,0,138.6703560041018,3
image_2.png,5,False,12.165290692635702,360.86741255865326,20,#0000FF,Quadrant 3,2,1,9,,#0000FF,0,255.1627021803014,3
image_2.png,5,False,506.68726941079854,291.4571294233221,20,#0000FF,Quadrant 4,2,2,9,,#0000FF,0,193.8427189534051,3
image_2.png,5,False,261.948594057291,37.45010060574525,20,#0000FF,Quadrant 1,1,1,9,,#0000FF,0,241.42626159587982,3
image_2.png,5,False,238.50782483334893,129.66011383205995,20,#0000FF,Quadrant 1,1,1,9,,#0000FF,0,239.12556656805805,3
image_2.png,5,False,506.9106872166117,124.52181738385787,20,#0000FF,Quadrant 2,1,2,9,,#0000FF,0,305.2855006222808,3
image_2.png,5,False,292.3827140386404,163.1073463078199,20,#0000FF,Quadrant 1,1,1,9,,#0000FF,0,111.34247839511517,3
image_2.png,5,False,98.70129355175656,169.92871416615932,20,#0000FF,Quadrant 1,1,1,9,,#0000FF,0,106.43587290934093,3
image_3.png,2,True,218.35446357567452,218.12026656529392,20,#FF0000,Quadrant 3,2,1,22,151,#FF0000,0,221.585369742497,4
image_3.png,5,False,208.68355092269084,173.49772069615747,20,#0000FF,Quadrant 1,1,1,22,,#0000FF,0,0.14613829102350984,4
image_3.png,5,False,462.0921747314163,186.76553591337137,20,#0000FF,Quadrant 2,1,2,22,,#0000FF,0,208.79452123044553,4
image_3.png,5,False,158.2402652814901,189.86437827372532,20,#0000FF,Quadrant 1,1,1,22,,#0000FF,0,159.17752774973067,4
image_3.png,5,False,559.4610597273515,75.14334776286469,20,#0000FF,Quadrant 2,1,2,22,,#0000FF,0,324.4250972981715,4
image_3.png,5,False,366.14643483158414,250.25164347947077,20,#0000FF,Quadrant 4,2,2,22,,#0000FF,0,30.52639322104383,4
image_3.png,5,False,574.8937670657617,294.9302159903968,20,#0000FF,Quadrant 4,2,2,22,,#0000FF,0,120.66777194752832,4
image_3.png,5,False,165.77741887213162,86.27111457064598,20,#0000FF,Quadrant 1,1,1,22,,#0000FF,0,242.20644140058013,4
image_3.png,5,False,61.17864990816811,167.65870215713792,20,#0000FF,Quadrant 1,1,1,22,,#0000FF,0,305.9055700649035,4
image_3.png,5,False,144.9658781136597,274.2219066854109,20,#0000FF,Quadrant 3,2,1,22,,#0000FF,0,226.71553706557694,4
image_3.png,5,False,179.10527886954438,258.9899282002544,20,#0000FF,Quadrant 3,2,1,22,,#0000FF,0,177.9757808437573,4
image_3.png,5,False,528.4145243901278,302.0774592809815,20,#0000FF,Quadrant 4,2,2,22,,#0000FF,0,1.9961345296914335,4
image_3.png,5,False,303.9257276265438,77.48516568506896,20,#0000FF,Quadrant 1,1,1,22,,#0000FF,0,38.371426762874016,4
image_3.png,5,False,367.8728900557374,29.982549583162267,20,#0000FF,Quadrant 2,1,2,22,,#0000FF,0,344.8677752206343,4
image_3.png,5,False,595.5037433252936,183.54257002772522,20,#0000FF,Quadrant 2,1,2,22,,#0000FF,0,89.7113806775898,4
image_3.png,5,False,470.9610577519973,384.42334725911735,20,#0000FF,Quadrant 4,2,2,22,,#0000FF,0,288.5099766200152,4
image_3.png,5,False,665.5772902173344,347.95899995634517,20,#0000FF,Quadrant 4,2,2,22,,#0000FF,0,214.36283464899108,4
image_3.png,5,False,506.5797593191413,201.80614630362393,20,#0000FF,Quadrant 4,2,2,22,,#0000FF,0,220.5548361942346,4
image_3.png,5,False,388.48377397086074,350.1446630221731,20,#0000FF,Quadrant 4,2,2,22,,#0000FF,0,299.0049010997094,4
image_3.png,5,False,338.05068697108373,108.97440531977732,20,#0000FF,Quadrant 1,1,1,22,,#0000FF,0,267.71595917745054,4
image_3.png,5,False,450.34872993877167,300.47757266432853,20,#0000FF,Quadrant 4,2,2,22,,#0000FF,0,89.00630550347744,4
image_3.png,5,False,442.8296730804473,114.79783493482947,20,#0000FF,Quadrant 2,1,2,22,,#0000FF,0,187.66793261807356,4
image_3.png,5,False,207.8666959447121,113.70831047706578,20,#0000FF,Quadrant 1,1,1,22,,#0000FF,0,27.894007391304893,4
image_4.png,2,True,170.33915953272069,273.31302904904175,20,#FF0000,Quadrant 3,2,1,10,151,#FF0000,0,49.81466214581606,3
image_4.png,5,False,55.25367814186199,165.0725617339698,20,#0000FF,Quadrant 1,1,1,10,,#0000FF,0,254.3108910100388,3
image_4.png,5,False,297.4684472970745,89.18339923644707,20,#0000FF,Quadrant 1,1,1,10,,#0000FF,0,195.34001058140953,3
image_4.png,5,False,634.4337115763819,231.7820185691971,20,#0000FF,Quadrant 4,2,2,10,,#0000FF,0,151.25166639843323,3
image_4.png,5,False,601.2883702574107,300.39474977263023,20,#0000FF,Quadrant 4,2,2,10,,#0000FF,0,250.3882751392685,3
image_4.png,5,False,15.062401589371227,143.96482740994972,20,#0000FF,Quadrant 1,1,1,10,,#0000FF,0,136.9371704139762,3
image_4.png,5,False,599.0256379421131,371.3966679417002,20,#0000FF,Quadrant 4,2,2,10,,#0000FF,0,271.2510450213789,3
image_4.png,5,False,526.038295925877,217.43801307939117,20,#0000FF,Quadrant 4,2,2,10,,#0000FF,0,150.84766174673587,3
image_4.png,5,False,162.9511603891112,93.94137788690287,20,#0000FF,Quadrant 1,1,1,10,,#0000FF,0,217.17093201884688,3
image_4.png,5,False,98.93555232671972,246.21313124819645,20,#0000FF,Quadrant 3,2,1,10,,#0000FF,0,168.26045372363166,3
image_4.png,5,False,282.4799566180566,224.34016958336463,20,#0000FF,Quadrant 3,2,1,10,,#0000FF,0,9.707922685849567,3
image_5.png,2,True,104.49694670185876,185.52201185147143,20,#FF0000,Quadrant 1,1,1,1,151,#FF0000,0,231.38987328336088,1
image_5.png,5,False,272.2025624256282,91.00758743194002,20,#0000FF,Quadrant 1,1,1,1,,#0000FF,0,18.102468055905916,1
image_6.png,2,True,272.2179625236899,295.2597133037087,20,#FF0000,Quadrant 3,2,1,14,151,#FF0000,0,274.04269484184977,3
image_6.png,5,False,184.81508539806023,41.96055598390089,20,#0000FF,Quadrant 1,1,1,14,,#0000FF,0,299.49274265589816,3
image_6.png,5,False,382.6597240186257,388.9651591764811,20,#0000FF,Quadrant 4,2,2,14,,#0000FF,0,6.977983338003848,3
image_6.png,5,False,458.94928024916385,306.3060927529183,20,#0000FF,Quadrant 4,2,2,14,,#0000FF,0,125.9857237392662,3
image_6.png,5,False,530.6666775970135,369.9532349666438,20,#0000FF,Quadrant 4,2,2,14,,#0000FF,0,234.63167588780018,3
image_6.png,5,False,25.041831933708984,68.60052670665075,20,#0000FF,Quadrant 1,1,1,14,,#0000FF,0,71.76984565051184,3
image_6.png,5,False,472.2571439431185,224.18050196954724,20,#0000FF,Quadrant 4,2,2,14,,#0000FF,0,45.43955095471425,3
image_6.png,5,False,492.9313651885979,300.887481178659,20,#0000FF,Quadrant 4,2,2,14,,#0000FF,0,78.4672347263413,3
image_6.png,5,False,429.39352329085193,293.71589643909806,20,#0000FF,Quadrant 4,2,2,14,,#0000FF,0,60.40409161240881,3
image_6.png,5,False,575.4985091003376,375.66445220688513,20,#0000FF,Quadrant 4,2,2,14,,#0000FF,0,41.231833696403164,3
image_6.png,5,False,28.692435167754088,128.91983838119478,20,#0000FF,Quadrant 1,1,1,14,,#0000FF,0,38.91554987673837,3
image_6.png,5,False,671.1810855238623,160.93537889328513,20,#0000FF,Quadrant 2,1,2,14,,#0000FF,0,243.84502326614717,3
image_6.png,5,False,63.36157323386831,272.05224922266655,20,#0000FF,Quadrant 3,2,1,14,,#0000FF,0,257.4052938178086,3
image_6.png,5,False,81.20999945227783,302.9977745115627,20,#0000FF,Quadrant 3,2,1,14,,#0000FF,0,225.807262416376,3
image_6.png,5,False,424.6836026088056,56.758814595445116,20,#0000FF,Quadrant 2,1,2,14,,#0000FF,0,306.1055660719667,3
image_7.png,2,True,306.15245111873895,151.07579121042522,20,#FF0000,Quadrant 1,1,1,35,151,#FF0000,0,124.99335551104164,5
image_7.png,5,False,246.1082794794241,332.1395870058402,20,#0000FF,Quadrant 3,2,1,35,,#0000FF,0,182.14588428374805,5
image_7.png,5,False,83.71628187371502,374.1777004071107,20,#0000FF,Quadrant 3,2,1,35,,#0000FF,0,296.0391305124209,5
image_7.png,5,False,581.9793372806937,278.36266732089706,20,#0000FF,Quadrant 4,2,2,35,,#0000FF,0,228.81063819652053,5
image_7.png,5,False,516.584964465227,375.94907040799336,20,#0000FF,Quadrant 4,2,2,35,,#0000FF,0,156.77537220276375,5
image_7.png,5,False,567.8492617578548,214.42935863744069,20,#0000FF,Quadrant 4,2,2,35,,#0000FF,0,97.2296626994643,5
image_7.png,5,False,311.11082567968316,287.32790900733625,20,#0000FF,Quadrant 3,2,1,35,,#0000FF,0,174.0591013979506,5
image_7.png,5,False,597.8303672533197,325.01632514064806,20,#0000FF,Quadrant 4,2,2,35,,#0000FF,0,96.62239369772112,5
image_7.png,5,False,618.4438857779098,103.18038001418137,20,#0000FF,Quadrant 2,1,2,35,,#0000FF,0,31.198643300042782,5
image_7.png,5,False,431.5185442148287,154.2579569604838,20,#0000FF,Quadrant 2,1,2,35,,#0000FF,0,167.29504797716342,5
image_7.png,5,False,597.3065042192843,79.7354660056075,20,#0000FF,Quadrant 2,1,2,35,,#0000FF,0,10.33199919723225,5
image_7.png,5,False,560.7064938545585,139.64808271609922,20,#0000FF,Quadrant 2,1,2,35,,#0000FF,0,76.36314606470604,5
image_7.png,5,False,494.1156039788869,115.4295216358379,20,#0000FF,Quadrant 2,1,2,35,,#0000FF,0,316.91519271296113,5
image_7.png,5,False,664.2151160883744,43.361699620132036,20,#0000FF,Quadrant 2,1,2,35,,#0000FF,0,3.65440119792376,5
image_7.png,5,False,347.6301364788145,297.5862390163723,20,#0000FF,Quadrant 3,2,1,35,,#0000FF,0,259.2268790775099,5
image_7.png,5,False,456.02709792151614,196.53046465970556,20,#0000FF,Quadrant 2,1,2,35,,#0000FF,0,248.6193622007483,5
image_7.png,5,False,75.11375853216879,94.7634393786164,20,#0000FF,Quadrant 1,1,1,35,,#0000FF,0,285.4558325276343,5
image_7.png,5,False,221.97595475963092,230.8280112556348,20,#0000FF,Quadrant 3,2,1,35,,#0000FF,0,249.04337590627267,5
image_7.png,5,False,376.805210559434,171.84044120257118,20,#0000FF,Quadrant 2,1,2,35,,#0000FF,0,170.37377595342892,5
image_7.png,5,False,238.91520376799588,276.67916814622066,20,#0000FF,Quadrant 3,2,1,35,,#0000FF,0,268.53675721689945,5
image_7.png,5,False,184.2171329024487,56.6079244363716,20,#0000FF,Quadrant 1,1,1,35,,#0000FF,0,97.52991371143068,5
image_7.png,5,False,93.3732167247314,213.55657891505743,20,#0000FF,Quadrant 3,2,1,35,,#0000FF,0,69.33034564254626,5
image_7.png,5,False,138.5682414395491,92.79339387411295,20,#0000FF,Quadrant 1,1,1,35,,#0000FF,0,274.38825941427706,5
image_7.png,5,False,167.73589963948018,78.82890351308245,20,#0000FF,Quadrant 1,1,1,35,,#0000FF,0,69.88232811278644,5
image_7.png,5,False,379.01907650542,114.68968152407504,20,#0000FF,Quadrant 2,1,2,35,,#0000FF,0,5.0934122121829795,5
image_7.png,5,False,392.2643281242411,274.6237745200535,20,#0000FF,Quadrant 4,2,2,35,,#0000FF,0,350.74617519698563,5
image_7.png,5,False,609.3697649141684,196.55214652998842,20,#0000FF,Quadrant 2,1,2,35,,#0000FF,0,45.460617465027205,5
image_7.png,5,False,406.53024732254295,188.43204518373287,20,#0000FF,Quadrant 2,1,2,35,,#0000FF,0,314.17910459947245,5
image_7.png,5,False,138.0265688987663,30.420399095392423,20,#0000FF,Quadrant 1,1,1,35,,#0000FF,0,158.5687673289637,5
image_7.png,5,False,340.1554100260588,321.7597139231847,20,#0000FF,Quadrant 3,2,1,35,,#0000FF,0,338.7828948365172,5
image_7.png,5,False,62.042615306135815,248.93047722785536,20,#0000FF,Quadrant 3,2,1,35,,#0000FF,0,144.25467921069833,5
image_7.png,5,False,695.8095865473417,55.77469051593248,20,#0000FF,Quadrant 2,1,2,35,,#0000FF,0,109.38078426320196,5
image_7.png,5,False,428.75286170640135,309.90003368081256,20,#0000FF,Quadrant 4,2,2,35,,#0000FF,0,275.19964031742995,5
image_7.png,5,False,603.6548327542381,385.2318164564496,20,#0000FF,Quadrant 4,2,2,35,,#0000FF,0,159.3795614469582,5
image_7.png,5,False,438.88782421871036,241.44048482865927,20,#0000FF,Quadrant 4,2,2,35,,#0000FF,0,109.93688795496975,5
image_7.png,5,False,663.8896480241855,89.5438284013024,20,#0000FF,Quadrant 2,1,2,35,,#0000FF,0,266.4321499744362,5
image_8.png,2,True,119.21233733942435,76.70152126739224,20,#FF0000,Quadrant 1,1,1,7,151,#FF0000,0,237.7541293891332,2
image_8.png,5,False,12.84357287338827,181.2904003454915,20,#0000FF,Quadrant 1,1,1,7,,#0000FF,0,27.023352804420455,2
image_8.png,5,False,211.677650142378,98.49801666217776,20,#0000FF,Quadrant 1,1,1,7,,#0000FF,0,213.77203024304276,2
image_8.png,5,False,495.3584275265711,182.62384138186235,20,#0000FF,Quadrant 2,1,2,7,,#0000FF,0,254.50409875645198,2
image_8.png,5,False,647.5747096484761,308.79899407246444,20,#0000FF,Quadrant 4,2,2,7,,#0000FF,0,247.45857122564738,2
image_8.png,5,False,466.55511652597045,363.926677292404,20,#0000FF,Quadrant 4,2,2,7,,#0000FF,0,225.02088257911987,2
image_8.png,5,False,386.2034789315887,255.8059254461377,20,#0000FF,Quadrant 4,2,2,7,,#0000FF,0,153.05002779751618,2
image_8.png,5,False,580.5488689988911,37.99291833149775,20,#0000FF,Quadrant 2,1,2,7,,#0000FF,0,327.0281202765382,2
image_9.png,2,True,578.9015676094864,359.2107759497672,20,#FF0000,Quadrant 4,2,2,7,151,#FF0000,0,214.2158534349857,2
image_9.png,5,False,333.93290152027555,125.94647002592183,20,#0000FF,Quadrant 1,1,1,7,,#0000FF,0,158.09524152254545,2
image_9.png,5,False,198.5776270763973,215.11303066204928,20,#0000FF,Quadrant 3,2,1,7,,#0000FF,0,144.90306689861,2
image_9.png,5,False,423.0472601463204,347.2018521525475,20,#0000FF,Quadrant 4,2,2,7,,#0000FF,0,157.59319088577527,2
image_9.png,5,False,426.9586986117324,20.7769293227908,20,#0000FF,Quadrant 2,1,2,7,,#0000FF,0,264.4322123828215,2
image_9.png,5,False,475.59157498162597,336.27537792492853,20,#0000FF,Quadrant 4,2,2,7,,#0000FF,0,82.41278965985771,2
image_9.png,5,False,25.29361933250272,300.0794236520114,20,#0000FF,Quadrant 3,2,1,7,,#0000FF,0,211.364255415522,2
image_9.png,5,False,408.03417239129254,299.45520357690464,20,#0000FF,Quadrant 4,2,2,7,,#0000FF,0,295.7116482930181,2
image_10.png,2,True,315.69605964551977,116.1431843832351,20,#FF0000,Quadrant 1,1,1,8,151,#FF0000,0,186.82698275553741,2
image_10.png,5,False,311.3247560960551,318.78458903634805,20,#0000FF,Quadrant 3,2,1,8,,#0000FF,0,358.90037097572286,2
image_10.png,5,False,334.8371621276823,165.3555793165458,20,#0000FF,Quadrant 1,1,1,8,,#0000FF,0,348.85988498365333,2
image_10.png,5,False,83.06932047738206,71.79179430503982,20,#0000FF,Quadrant 1,1,1,8,,#0000FF,0,115.58097214436576,2
image_10.png,5,False,352.3781554444287,261.4565769827601,20,#0000FF,Quadrant 3,2,1,8,,#0000FF,0,148.19223232360574,2
image_10.png,5,False,534.9843429477256,24.871515258581887,20,#0000FF,Quadrant 2,1,2,8,,#0000FF,0,144.1628117329163,2
image_10.png,5,False,184.90280829918112,54.818365340902076,20,#0000FF,Quadrant 1,1,1,8,,#0000FF,0,31.701525399283884,2
image_10.png,5,False,606.9233924117447,322.82248283556896,20,#0000FF,Quadrant 4,2,2,8,,#0000FF,0,278.1172533743308,2
image_10.png,5,False,609.9941966969295,185.62705840325043,20,#0000FF,Quadrant 2,1,2,8,,#0000FF,0,0.41438428132039906,2
image_11.png,2,True,439.9947382225791,199.43039270046728,20,#FF0000,Quadrant 2,1,2,2,151,#FF0000,0,186.63818128586237,1
image_11.png,5,False,46.56051310339291,111.94725806716846,20,#0000FF,Quadrant 1,1,1,2,,#0000FF,0,159.13474406001413,1
image_11.png,5,False,209.4520808969586,343.9600213612505,20,#0000FF,Quadrant 3,2,1,2,,#0000FF,0,47.164762422160756,1
image_12.png,2,True,445.0853488557977,313.1405911777499,20,#FF0000,Quadrant 4,2,2,20,151,#FF0000,0,10.392999278998762,4
image_12.png,5,False,225.10684535300788,16.16894756817094,20,#0000FF,Quadrant 1,1,1,20,,#0000FF,0,255.5218170360933,4
image_12.png,5,False,165.81875436503563,329.05134765123944,20,#0000FF,Quadrant 3,2,1,20,,#0000FF,0,146.8766474243649,4
image_12.png,5,False,663.5248514855964,255.83426236026077,20,#0000FF,Quadrant 4,2,2,20,,#0000FF,0,40.846002445528185,4
image_12.png,5,False,653.5979582945979,121.32366977895511,20,#0000FF,Quadrant 2,1,2,20,,#0000FF,0,55.4296047941981,4
image_12.png,5,False,297.27284628245826,193.38484009006967,20,#0000FF,Quadrant 1,1,1,20,,#0000FF,0,253.94818677330733,4
image_12.png,5,False,325.72587971256405,65.6746640875601,20,#0000FF,Quadrant 1,1,1,20,,#0000FF,0,169.9991214852268,4
image_12.png,5,False,59.09914484869284,303.07120015190793,20,#0000FF,Quadrant 3,2,1,20,,#0000FF,0,49.14300405271125,4
image_12.png,5,False,245.1740425057496,308.7571793789032,20,#0000FF,Quadrant 3,2,1,20,,#0000FF,0,307.5884567899948,4
image_12.png,5,False,12.767463698059698,285.44727142791527,20,#0000FF,Quadrant 3,2,1,20,,#0000FF,0,96.18215870408572,4
image_12.png,5,False,410.56721149566545,260.4576046547595,20,#0000FF,Quadrant 4,2,2,20,,#0000FF,0,301.4913321383117,4
image_12.png,5,False,536.6192748801657,153.5854004928489,20,#0000FF,Quadrant 2,1,2,20,,#0000FF,0,119.67838405586977,4
image_12.png,5,False,610.1555597482732,381.73281064372065,20,#0000FF,Quadrant 4,2,2,20,,#0000FF,0,335.82681205749395,4
image_12.png,5,False,274.86691491249593,334.572904923229,20,#0000FF,Quadrant 3,2,1,20,,#0000FF,0,85.96999589984976,4
image_12.png,5,False,230.2234894640881,189.78502259087662,20,#0000FF,Quadrant 1,1,1,20,,#0000FF,0,147.87903439784813,4
image_12.png,5,False,273.6682602465768,384.620492733079,20,#0000FF,Quadrant 3,2,1,20,,#0000FF,0,328.8348604150653,4
image_12.png,5,False,460.24109196501746,68.49581103946436,20,#0000FF,Quadrant 2,1,2,20,,#0000FF,0,285.26171785197494,4
image_12.png,5,False,97.98367989866881,375.9036570868507,20,#0000FF,Quadrant 3,2,1,20,,#0000FF,0,347.3367978135277,4
image_12.png,5,False,80.15121089158325,330.4249019357245,20,#0000FF,Quadrant 3,2,1,20,,#0000FF,0,119.51809341529096,4
image_12.png,5,False,638.2943159328657,16.80139201196852,20,#0000FF,Quadrant 2,1,2,20,,#0000FF,0,35.89621118711223,4
image_12.png,5,False,549.4709256871141,111.17861066740856,20,#0000FF,Quadrant 2,1,2,20,,#0000FF,0,26.938169367735174,4
image_13.png,2,True,597.8662864296264,333.18502522190755,20,#FF0000,Quadrant 4,2,2,58,151,#FF0000,0,233.94119492853812,5
image_13.png,5,False,272.8264748931093,130.69791618682507,20,#0000FF,Quadrant 1,1,1,58,,#0000FF,0,309.363186300576,5
image_13.png,5,False,534.2278466313766,340.7607805766467,20,#0000FF,Quadrant 4,2,2,58,,#0000FF,0,258.73827308027387,5
image_13.png,5,False,58.14189480808894,249.57886437105412,20,#0000FF,Quadrant 3,2,1,58,,#0000FF,0,12.923675941567168,5
image_13.png,5,False,698.2264609168324,293.2776866269364,20,#0000FF,Quadrant 4,2,2,58,,#0000FF,0,331.5344755609068,5
image_13.png,5,False,316.69452209491527,273.33243953584264,20,#0000FF,Quadrant 3,2,1,58,,#0000FF,0,314.12852373855264,5
image_13.png,5,False,42.68777741859958,311.94222983131607,20,#0000FF,Quadrant 3,2,1,58,,#0000FF,0,325.232662338175,5
image_13.png,5,False,269.2655108551919,66.02538277437262,20,#0000FF,Quadrant 1,1,1,58,,#0000FF,0,105.61239934747516,5
image_13.png,5,False,400.92443466008046,310.5723611270003,20,#0000FF,Quadrant 4,2,2,58,,#0000FF,0,191.21987453355362,5
image_13.png,5,False,65.4091936047363,340.17736828775514,20,#0000FF,Quadrant 3,2,1,58,,#0000FF,0,61.19411366451506,5
image_13.png,5,False,176.93172658899968,356.04936805690375,20,#0000FF,Quadrant 3,2,1,58,,#0000FF,0,223.0957326734695,5
image_13.png,5,False,328.7322903015933,107.00343429831898,20,#0000FF,Quadrant 1,1,1,58,,#0000FF,0,51.522379246263476,5
image_13.png,5,False,17.474830272406148,315.1513030966053,20,#0000FF,Quadrant 3,2,1,58,,#0000FF,0,91.91761493729545,5
image_13.png,5,False,477.87390024666576,70.71478514313546,20,#0000FF,Quadrant 2,1,2,58,,#0000FF,0,324.4353924955979,5
image_13.png,5,False,249.0947152412833,233.1021045377873,20,#0000FF,Quadrant 3,2,1,58,,#0000FF,0,159.0227220973732,5
image_13.png,5,False,303.3488585995585,105.53712882611107,20,#0000FF,Quadrant 1,1,1,58,,#0000FF,0,230.01793284960436,5
image_13.png,5,False,148.26051238602682,156.4140481096566,20,#0000FF,Quadrant 1,1,1,58,,#0000FF,0,304.3094130513355,5
image_13.png,5,False,174.43472862809892,227.1867777085793,20,#0000FF,Quadrant 3,2,1,58,,#0000FF,0,173.9549019813178,5
image_13.png,5,False,694.9648180589325,122.59722496787582,20,#0000FF,Quadrant 2,1,2,58,,#0000FF,0,206.9322948643122,5
image_13.png,5,False,464.520343174861,114.75358370737008,20,#0000FF,Quadrant 2,1,2,58,,#0000FF,0,352.06001444767054,5
image_13.png,5,False,483.5158504937343,292.4848219604929,20,#0000FF,Quadrant 4,2,2,58,,#0000FF,0,203.73444610405164,5
image_13.png,5,False,428.81407372969096,198.762914306023,20,#0000FF,Quadrant 2,1,2,58,,#0000FF,0,17.65593027935998,5
image_13.png,5,False,208.187770355385,312.9691251738723,20,#0000FF,Quadrant 3,2,1,58,,#0000FF,0,325.4959047217411,5
image_13.png,5,False,588.6142735871739,248.47778319364755,20,#0000FF,Quadrant 4,2,2,58,,#0000FF,0,237.30535451403134,5
image_13.png,5,False,410.3263518988295,287.83199228103206,20,#0000FF,Quadrant 4,2,2,58,,#0000FF,0,158.69634845861216,5
image_13.png,5,False,102.05810064753386,214.89613289611117,20,#0000FF,Quadrant 3,2,1,58,,#0000FF,0,63.23042535995039,5
image_13.png,5,False,376.7572854812189,356.29807635408145,20,#0000FF,Quadrant 4,2,2,58,,#0000FF,0,349.73624923608236,5
image_13.png,5,False,566.6705722239051,293.199434571043,20,#0000FF,Quadrant 4,2,2,58,,#0000FF,0,173.46521875454684,5
image_13.png,5,False,90.35192843288424,374.97366470443575,20,#0000FF,Quadrant 3,2,1,58,,#0000FF,0,121.93749136867906,5
image_13.png,5,False,676.9186443198362,336.13314562775463,20,#0000FF,Quadrant 4,2,2,58,,#0000FF,0,50.67252540211776,5
image_13.png,5,False,686.1802052767315,376.62796447941224,20,#0000FF,Quadrant 4,2,2,58,,#0000FF,0,260.71801634718656,5
image_13.png,5,False,263.0190090404352,309.87778412661834,20,#0000FF,Quadrant 3,2,1,58,,#0000FF,0,289.6515518474023,5
image_13.png,5,False,380.69832039738174,182.90911848340463,20,#0000FF,Quadrant 2,1,2,58,,#0000FF,0,5.010715836324424,5
image_13.png,5,False,474.24280937484804,231.96371464451877,20,#0000FF,Quadrant 4,2,2,58,,#0000FF,0,242.2182174745513,5
image_13.png,5,False,658.8611134361129,51.9548266313092,20,#0000FF,Quadrant 2,1,2,58,,#0000FF,0,296.07022844163873,5
image_13.png,5,False,28.24198360642632,345.2407714912141,20,#0000FF,Quadrant 3,2,1,58,,#0000FF,0,84.17588479616994,5
image_13.png,5,False,641.6113211240369,94.67680162796823,20,#0000FF,Quadrant 2,1,2,58,,#0000FF,0,202.1066576099564,5
image_13.png,5,False,292.3158446430394,63.83571072772957,20,#0000FF,Quadrant 1,1,1,58,,#0000FF,0,108.78846283053008,5
image_13.png,5,False,220.7071986212876,197.21210597376182,20,#0000FF,Quadrant 1,1,1,58,,#0000FF,0,340.65415183750065,5
image_13.png,5,False,622.3216635761381,62.28101041099521,20,#0000FF,Quadrant 2,1,2,58,,#0000FF,0,34.989119503855775,5
image_13.png,5,False,292.1918452457157,370.6751365940405,20,#0000FF,Quadrant 3,2,1,58,,#0000FF,0,176.16493360426122,5
image_13.png,5,False,266.295141568026,178.5988065309452,20,#0000FF,Quadrant 1,1,1,58,,#0000FF,0,11.777863267816887,5
image_13.png,5,False,386.13697856119785,380.62447613287367,20,#0000FF,Quadrant 4,2,2,58,,#0000FF,0,246.84489557326273,5
image_13.png,5,False,595.2948668514763,182.8831653196555,20,#0000FF,Quadrant 2,1,2,58,,#0000FF,0,43.97749887141495,5
image_13.png,5,False,553.1014728232309,103.06904312800093,20,#0000FF,Quadrant 2,1,2,58,,#0000FF,0,7.6886837050934265,5
image_13.png,5,False,399.99422540058674,36.93463776760653,20,#0000FF,Quadrant 2,1,2,58,,#0000FF,0,45.33259871089544,5
image_13.png,5,False,153.73142816884769,92.62961102525907,20,#0000FF,Quadrant 1,1,1,58,,#0000FF,0,275.4566553198904,5
image_13.png,5,False,237.37753231480676,66.77548001786573,20,#0000FF,Quadrant 1,1,1,58,,#0000FF,0,313.0903536370361,5
image_13.png,5,False,100.56457856452795,105.74728636323081,20,#0000FF,Quadrant 1,1,1,58,,#0000FF,0,52.08767291538288,5
image_13.png,5,False,466.4687157495513,20.74489661918298,20,#0000FF,Quadrant 2,1,2,58,,#0000FF,0,62.81896352450165,5
image_13.png,5,False,131.05563276885607,30.806828751524723,20,#0000FF,Quadrant 1,1,1,58,,#0000FF,0,116.55772630632808,5
image_13.png,5,False,373.47292782593047,292.86147396285037,20,#0000FF,Quadrant 4,2,2,58,,#0000FF,0,267.01850050349384,5
image_13.png,5,False,547.0537400874857,205.00394797627445,20,#0000FF,Quadrant 4,2,2,58,,#0000FF,0,171.4485475523701,5
image_13.png,5,False,326.5912977253029,375.40189722012684,20,#0000FF,Quadrant 3,2,1,58,,#0000FF,0,187.72243729671027,5
image_13.png,5,False,341.0185366778723,162.81132220574787,20,#0000FF,Quadrant 1,1,1,58,,#0000FF,0,21.897146698022098,5
image_13.png,5,False,348.7952405053712,354.86691340555666,20,#0000FF,Quadrant 3,2,1,58,,#0000FF,0,246.99509858240376,5
image_13.png,5,False,200.48602369542976,250.30300178578383,20,#0000FF,Quadrant 3,2,1,58,,#0000FF,0,23.64560399524101,5
image_13.png,5,False,235.05277044656222,386.9692917154291,20,#0000FF,Quadrant 3,2,1,58,,#0000FF,0,197.4083162574098,5
image_13.png,5,False,323.6099227094999,239.85132720034827,20,#0000FF,Quadrant 3,2,1,58,,#0000FF,0,191.00046147527684,5
image_14.png,2,True,459.4815821032194,301.66791197959117,20,#FF0000,Quadrant 4,2,2,1,151,#FF0000,0,307.00538542640703,1
image_14.png,5,False,159.15089269964537,181.6877582348764,20,#0000FF,Quadrant 1,1,1,1,,#0000FF,0,259.5023699967357,1
image_15.png,2,True,323.4607441032312,168.24408779884521,20,#FF0000,Quadrant 1,1,1,8,151,#FF0000,0,122.01538278066307,2
image_15.png,5,False,305.0404003138001,262.4107722367968,20,#0000FF,Quadrant 3,2,1,8,,#0000FF,0,34.23090213922711,2
image_15.png,5,False,116.16821916565067,359.8883435075973,20,#0000FF,Quadrant 3,2,1,8,,#0000FF,0,134.74836843679327,2
image_15.png,5,False,584.0908311591747,46.24097844399006,20,#0000FF,Quadrant 2,1,2,8,,#0000FF,0,24.16799092919319,2
image_15.png,5,False,520.0304429587252,317.8487898348543,20,#0000FF,Quadrant 4,2,2,8,,#0000FF,0,34.76319572368282,2
image_15.png,5,False,415.0744420074996,223.27966448900338,20,#0000FF,Quadrant 4,2,2,8,,#0000FF,0,200.29346482152604,2
image_15.png,5,False,95.21735560929136,144.66007410156416,20,#0000FF,Quadrant 1,1,1,8,,#0000FF,0,118.67255330983382,2
image_15.png,5,False,678.2266528396059,237.9550144829279,20,#0000FF,Quadrant 4,2,2,8,,#0000FF,0,259.5818443486138,2
image_15.png,5,False,409.18585917061,91.4152685440183,20,#0000FF,Quadrant 2,1,2,8,,#0000FF,0,126.59262684953363,2
image_16.png,2,True,85.56246514788671,330.55115223130844,20,#FF0000,Quadrant 3,2,1,95,151,#FF0000,0,80.7281528787236,6
image_16.png,5,False,536.4352804044895,228.0098016372929,20,#0000FF,Quadrant 4,2,2,95,,#0000FF,0,132.32197822152605,6
image_16.png,5,False,593.3119061552387,379.3786156035177,20,#0000FF,Quadrant 4,2,2,95,,#0000FF,0,290.599693614844,6
image_16.png,5,False,433.75199028893525,253.94028392767626,20,#0000FF,Quadrant 4,2,2,95,,#0000FF,0,294.6336694346411,6
image_16.png,5,False,651.1390764955112,324.5361786047526,20,#0000FF,Quadrant 4,2,2,95,,#0000FF,0,9.451379323290023,6
image_16.png,5,False,135.3066735810287,276.6201361431986,20,#0000FF,Quadrant 3,2,1,95,,#0000FF,0,96.28118105547983,6
image_16.png,5,False,245.13918851953102,13.307988394582985,20,#0000FF,Quadrant 1,1,1,95,,#0000FF,0,111.23448797876765,6
image_16.png,5,False,401.19523429058825,162.4964820318169,20,#0000FF,Quadrant 2,1,2,95,,#0000FF,0,313.15057435311775,6
image_16.png,5,False,447.255516719649,22.588383187982437,20,#0000FF,Quadrant 2,1,2,95,,#0000FF,0,51.07487549445671,6
image_16.png,5,False,159.22655434308905,169.69668264298218,20,#0000FF,Quadrant 1,1,1,95,,#0000FF,0,268.6002343220544,6
image_16.png,5,False,265.9665807166557,283.76327580673046,20,#0000FF,Quadrant 3,2,1,95,,#0000FF,0,122.7225534369598,6
image_16.png,5,False,402.0719605073197,43.113761111373776,20,#0000FF,Quadrant 2,1,2,95,,#0000FF,0,279.66082318802677,6
image_16.png,5,False,119.45541910682851,244.54283276803955,20,#0000FF,Quadrant 3,2,1,95,,#0000FF,0,18.939177513187843,6
image_16.png,5,False,198.47885920334485,261.21282588152275,20,#0000FF,Quadrant 3,2,1,95,,#0000FF,0,242.6287358207207,6
image_16.png,5,False,315.56844463476983,114.25706716988286,20,#0000FF,Quadrant 1,1,1,95,,#0000FF,0,174.83821376075866,6
image_16.png,5,False,89.420263087929,173.50735342440254,20,#0000FF,Quadrant 1,1,1,95,,#0000FF,0,271.7795317206134,6
image_16.png,5,False,478.4770295297317,194.94718077168682,20,#0000FF,Quadrant 2,1,2,95,,#0000FF,0,101.96872922896176,6
image_16.png,5,False,42.292562834450564,160.40956372112373,20,#0000FF,Quadrant 1,1,1,95,,#0000FF,0,240.16772114508584,6
image_16.png,5,False,16.2964021850193,124.93651884296911,20,#0000FF,Quadrant 1,1,1,95,,#0000FF,0,215.75698450000215,6
image_16.png,5,False,105.55478082229831,107.58637252011161,20,#0000FF,Quadrant 1,1,1,95,,#0000FF,0,76.04423251931242,6
image_16.png,5,False,16.325905626255924,293.3713386564522,20,#0000FF,Quadrant 3,2,1,95,,#0000FF,0,118.12404813762281,6
image_16.png,5,False,585.1810454672961,315.74367052223676,20,#0000FF,Quadrant 4,2,2,95,,#0000FF,0,180.09444476023674,6
image_16.png,5,False,604.7556454335635,26.990254870735143,20,#0000FF,Quadrant 2,1,2,95,,#0000FF,0,25.947178773176823,6
image_16.png,5,False,406.07238013034583,279.1906074730571,20,#0000FF,Quadrant 4,2,2,95,,#0000FF,0,207.2732978652592,6
image_16.png,5,False,90.35445376535698,18.88377931135505,20,#0000FF,Quadrant 1,1,1,95,,#0000FF,0,150.369825543653,6
image_16.png,5,False,563.1109643199015,244.6513495290028,20,#0000FF,Quadrant 4,2,2,95,,#0000FF,0,116.91654460038498,6
image_16.png,5,False,644.721358949814,44.31309513060041,20,#0000FF,Quadrant 2,1,2,95,,#0000FF,0,299.5293287058146,6
image_16.png,5,False,178.6450511528635,233.5933469785007,20,#0000FF,Quadrant 3,2,1,95,,#0000FF,0,304.0143695332909,6
image_16.png,5,False,283.6832541360804,128.2837843739556,20,#0000FF,Quadrant 1,1,1,95,,#0000FF,0,188.62651548022737,6
image_16.png,5,False,240.48428089776792,74.55416364126953,20,#0000FF,Quadrant 1,1,1,95,,#0000FF,0,122.224781213447,6
image_16.png,5,False,89.5643548487627,203.7618795580834,20,#0000FF,Quadrant 3,2,1,95,,#0000FF,0,183.7739824351734,6
image_16.png,5,False,572.5604969617598,100.30962490186178,20,#0000FF,Quadrant 2,1,2,95,,#0000FF,0,294.8214965489467,6
image_16.png,5,False,146.92027214572448,238.70681643325668,20,#0000FF,Quadrant 3,2,1,95,,#0000FF,0,52.71991857996998,6
image_16.png,5,False,462.6457082474112,77.96123674205262,20,#0000FF,Quadrant 2,1,2,95,,#0000FF,0,273.67750639688114,6
image_16.png,5,False,351.44663023698075,296.18052194336065,20,#0000FF,Quadrant 3,2,1,95,,#0000FF,0,278.2253121291217,6
image_16.png,5,False,320.2957220695984,360.33030966977924,20,#0000FF,Quadrant 3,2,1,95,,#0000FF,0,273.55577385878945,6
image_16.png,5,False,49.70259082681078,202.77334263953614,20,#0000FF,Quadrant 3,2,1,95,,#0000FF,0,98.8825202950173,6
image_16.png,5,False,322.36865208977,32.504439215234,20,#0000FF,Quadrant 1,1,1,95,,#0000FF,0,111.74682621827193,6
image_16.png,5,False,434.7407796183302,202.67163495223502,20,#0000FF,Quadrant 4,2,2,95,,#0000FF,0,307.9056137241925,6
image_16.png,5,False,392.9239798520914,310.3071273663055,20,#0000FF,Quadrant 4,2,2,95,,#0000FF,0,166.57619721381803,6
image_16.png,5,False,320.8665218154744,317.11041688983306,20,#0000FF,Quadrant 3,2,1,95,,#0000FF,0,322.51563560044895,6
image_16.png,5,False,232.53193962461515,190.78777256248026,20,#0000FF,Quadrant 1,1,1,95,,#0000FF,0,234.66148367349956,6
image_16.png,5,False,53.63097936965839,50.12370960820803,20,#0000FF,Quadrant 1,1,1,95,,#0000FF,0,54.30998761042987,6
image_16.png,5,False,129.89308997965543,104.64712752015144,20,#0000FF,Quadrant 1,1,1,95,,#0000FF,0,181.63764054034465,6
image_16.png,5,False,313.76161452444813,208.59875733037623,20,#0000FF,Quadrant 3,2,1,95,,#0000FF,0,157.59297875132387,6
image_16.png,5,False,244.13496417373807,237.00085598077,20,#0000FF,Quadrant 3,2,1,95,,#0000FF,0,147.15698300903532,6
image_16.png,5,False,478.4033685948158,118.40755612592699,20,#0000FF,Quadrant 2,1,2,95,,#0000FF,0,34.02214110543396,6
image_16.png,5,False,463.3726555368193,353.59753952786997,20,#0000FF,Quadrant 4,2,2,95,,#0000FF,0,260.54411580088623,6
image_16.png,5,False,252.02652261219666,376.78927990785746,20,#0000FF,Quadrant 3,2,1,95,,#0000FF,0,50.91421701035442,6
image_16.png,5,False,281.05905120706325,235.92558424129527,20,#0000FF,Quadrant 3,2,1,95,,#0000FF,0,251.45278661227715,6
image_16.png,5,False,224.3019204295971,153.38477768928146,20,#0000FF,Quadrant 1,1,1,95,,#0000FF,0,337.6807918436739,6
image_16.png,5,False,520.0157490972136,270.0866584249238,20,#0000FF,Quadrant 4,2,2,95,,#0000FF,0,298.4252302420072,6
image_16.png,5,False,456.1111014853731,171.0476064697552,20,#0000FF,Quadrant 2,1,2,95,,#0000FF,0,189.50160230430265,6
image_16.png,5,False,663.943436331165,194.8104080898909,20,#0000FF,Quadrant 2,1,2,95,,#0000FF,0,77.10935803520412,6
image_16.png,5,False,80.68598616717907,302.3906442972522,20,#0000FF,Quadrant 3,2,1,95,,#0000FF,0,303.994219926918,6
image_16.png,5,False,538.9859394641494,60.53653766035403,20,#0000FF,Quadrant 2,1,2,95,,#0000FF,0,121.23517390714136,6
image_16.png,5,False,122.7883291289424,325.2484314284894,20,#0000FF,Quadrant 3,2,1,95,,#0000FF,0,135.61915349610888,6
image_16.png,5,False,568.4311228314784,73.57380465125419,20,#0000FF,Quadrant 2,1,2,95,,#0000FF,0,277.59521294315584,6
image_16.png,5,False,294.08158332111157,266.66518458726546,20,#0000FF,Quadrant 3,2,1,95,,#0000FF,0,157.56242584980484,6
image_16.png,5,False,568.1418471815518,188.2878987021915,20,#0000FF,Quadrant 2,1,2,95,,#0000FF,0,111.40844276260427,6
image_16.png,5,False,374.41979424996157,376.2493619118481,20,#0000FF,Quadrant 4,2,2,95,,#0000FF,0,137.47407630865578,6
image_16.png,5,False,207.4084166868773,299.45816185025916,20,#0000FF,Quadrant 3,2,1,95,,#0000FF,0,306.4197773105204,6
image_16.png,5,False,634.7559779860082,66.69779196482642,20,#0000FF,Quadrant 2,1,2,95,,#0000FF,0,98.20486785288838,6
image_16.png,5,False,663.078738215103,94.93036661083868,20,#0000FF,Quadrant 2,1,2,95,,#0000FF,0,157.4901216701931,6
image_16.png,5,False,356.88290202363925,100.12411192037753,20,#0000FF,Quadrant 2,1,2,95,,#0000FF,0,19.172479381586808,6
image_16.png,5,False,269.3148319848419,21.65489220964072,20,#0000FF,Quadrant 1,1,1,95,,#0000FF,0,358.02912644578487,6
image_16.png,5,False,589.1924621643963,256.68513866320063,20,#0000FF,Quadrant 4,2,2,95,,#0000FF,0,335.0973257099831,6
image_16.png,5,False,490.5936001288527,63.463637507274385,20,#0000FF,Quadrant 2,1,2,95,,#0000FF,0,298.7141699350161,6
image_16.png,5,False,187.3315866931238,326.61605152874,20,#0000FF,Quadrant 3,2,1,95,,#0000FF,0,28.52127765745966,6
image_16.png,5,False,512.0647670888779,210.49762922518178,20,#0000FF,Quadrant 4,2,2,95,,#0000FF,0,197.56952835978075,6
image_16.png,5,False,209.50198726902983,124.83515155359115,20,#0000FF,Quadrant 1,1,1,95,,#0000FF,0,40.027269716725826,6
image_16.png,5,False,87.38108985482033,353.14552278023547,20,#0000FF,Quadrant 3,2,1,95,,#0000FF,0,164.56090198912153,6
image_16.png,5,False,22.323957669861258,205.8120260191555,20,#0000FF,Quadrant 3,2,1,95,,#0000FF,0,214.8260554148209,6
image_16.png,5,False,69.98801498622336,379.4193975799398,20,#0000FF,Quadrant 3,2,1,95,,#0000FF,0,239.17366862712328,6
image_16.png,5,False,373.4549578269755,202.76986930715933,20,#0000FF,Quadrant 4,2,2,95,,#0000FF,0,24.364556247184574,6
image_16.png,5,False,448.9771753218861,381.8329017244898,20,#0000FF,Quadrant 4,2,2,95,,#0000FF,0,169.24862813705496,6
image_16.png,5,False,517.5438325356824,136.6920339646103,20,#0000FF,Quadrant 2,1,2,95,,#0000FF,0,277.7404946795493,6
image_16.png,5,False,446.26599910549476,317.7461237383952,20,#0000FF,Quadrant 4,2,2,95,,#0000FF,0,250.34013071858303,6
image_16.png,5,False,545.7951853956575,184.00288027509953,20,#0000FF,Quadrant 2,1,2,95,,#0000FF,0,22.716193331600863,6
image_16.png,5,False,41.18252392913581,86.39959714434119,20,#0000FF,Quadrant 1,1,1,95,,#0000FF,0,105.63932562301125,6
image_16.png,5,False,385.14815068373406,106.75260324658937,20,#0000FF,Quadrant 2,1,2,95,,#0000FF,0,356.08417282660446,6
image_16.png,5,False,142.6702637756646,145.93623854136737,20,#0000FF,Quadrant 1,1,1,95,,#0000FF,0,271.1847307747914,6
image_16.png,5,False,607.5350129067816,136.46753145214825,20,#0000FF,Quadrant 2,1,2,95,,#0000FF,0,281.102964112233,6
image_16.png,5,False,264.5652111028097,347.2259034306424,20,#0000FF,Quadrant 3,2,1,95,,#0000FF,0,44.81100296797803,6
image_16.png,5,False,65.38070717221737,238.7273469578259,20,#0000FF,Quadrant 3,2,1,95,,#0000FF,0,261.74927676334886,6
image_16.png,5,False,386.83185977045486,132.41791986511654,20,#0000FF,Quadrant 2,1,2,95,,#0000FF,0,296.0428606343592,6
image_16.png,5,False,40.18270720373924,339.87405217131624,20,#0000FF,Quadrant 3,2,1,95,,#0000FF,0,126.55691415791716,6
image_16.png,5,False,698.7257618656308,114.78192610829618,20,#0000FF,Quadrant 2,1,2,95,,#0000FF,0,126.92135171105363,6
image_16.png,5,False,261.3213690185268,313.81427876250024,20,#0000FF,Quadrant 3,2,1,95,,#0000FF,0,229.5045136379874,6
image_16.png,5,False,667.4718940366498,64.9706390410438,20,#0000FF,Quadrant 2,1,2,95,,#0000FF,0,244.58781881328835,6
image_16.png,5,False,549.3239471532485,24.154009071848886,20,#0000FF,Quadrant 2,1,2,95,,#0000FF,0,218.72624519550791,6
image_16.png,5,False,547.3970923462302,149.47216283450214,20,#0000FF,Quadrant 2,1,2,95,,#0000FF,0,24.20401070235917,6
image_16.png,5,False,401.8315581479183,239.72584530710893,20,#0000FF,Quadrant 4,2,2,95,,#0000FF,0,137.82758460795998,6
image_16.png,5,False,664.7394116639684,151.62105706191844,20,#0000FF,Quadrant 2,1,2,95,,#0000FF,0,244.46234048882218,6
image_16.png,5,False,406.4321052720541,211.1358352207175,20,#0000FF,Quadrant 4,2,2,95,,#0000FF,0,274.7104098474886,6
image_16.png,5,False,318.48217444746956,387.6260123944996,20,#0000FF,Quadrant 3,2,1,95,,#0000FF,0,93.70431761036521,6
image_17.png,2,True,104.51687981633327,38.99167080873352,20,#FF0000,Quadrant 1,1,1,16,151,#FF0000,0,72.06420275680327,3
image_17.png,5,False,502.5118572166682,387.9651887207098,20,#0000FF,Quadrant 4,2,2,16,,#0000FF,0,62.15629103425478,3
image_17.png,5,False,677.64969185415,383.9252213448597,20,#0000FF,Quadrant 4,2,2,16,,#0000FF,0,291.7847586087475,3
image_17.png,5,False,499.87339541869625,218.89892175004462,20,#0000FF,Quadrant 4,2,2,16,,#0000FF,0,240.42232457602844,3
image_17.png,5,False,217.67015130511263,70.53698424297451,20,#0000FF,Quadrant 1,1,1,16,,#0000FF,0,104.5304218000129,3
image_17.png,5,False,493.4510673610517,76.80640168500862,20,#0000FF,Quadrant 2,1,2,16,,#0000FF,0,255.44296483573913,3
image_17.png,5,False,165.50247290446404,383.38010266401307,20,#0000FF,Quadrant 3,2,1,16,,#0000FF,0,130.13718592488817,3
image_17.png,5,False,174.11123097365376,197.7402923549366,20,#0000FF,Quadrant 1,1,1,16,,#0000FF,0,285.1436425000107,3
image_17.png,5,False,405.2991335032865,187.67940725225307,20,#0000FF,Quadrant 2,1,2,16,,#0000FF,0,129.92274879997757,3
image_17.png,5,False,100.41237727278782,345.24515690348636,20,#0000FF,Quadrant 3,2,1,16,,#0000FF,0,353.88430475140285,3
image_17.png,5,False,285.332226751156,282.000900236761,20,#0000FF,Quadrant 3,2,1,16,,#0000FF,0,23.669317896251787,3
image_17.png,5,False,294.0378381383,165.76587338166155,20,#0000FF,Quadrant 1,1,1,16,,#0000FF,0,172.3194395694914,3
image_17.png,5,False,97.35015297658468,130.83645943406214,20,#0000FF,Quadrant 1,1,1,16,,#0000FF,0,206.96418305151354,3
image_17.png,5,False,331.95907453890953,206.56208446790714,20,#0000FF,Quadrant 3,2,1,16,,#0000FF,0,26.699407115510233,3
image_17.png,5,False,582.2180186852898,219.3927016842522,20,#0000FF,Quadrant 4,2,2,16,,#0000FF,0,46.20045986820499,3
image_17.png,5,False,540.0015481394255,59.774458047223895,20,#0000FF,Quadrant 2,1,2,16,,#0000FF,0,211.60295654465799,3
image_17.png,5,False,609.1978112919587,325.26572484473064,20,#0000FF,Quadrant 4,2,2,16,,#0000FF,0,181.03096312177487,3
image_18.png,2,True,122.59523513401489,364.33090224957124,20,#FF0000,Quadrant 3,2,1,42,151,#FF0000,0,109.48483541068842,5
image_18.png,5,False,663.8158812618472,207.14336590678985,20,#0000FF,Quadrant 4,2,2,42,,#0000FF,0,81.16930249756801,5
image_18.png,5,False,65.3344743972052,85.20212556460183,20,#0000FF,Quadrant 1,1,1,42,,#0000FF,0,102.2573916952024,5
image_18.png,5,False,200.09676188411063,247.2584526275672,20,#0000FF,Quadrant 3,2,1,42,,#0000FF,0,344.28658573555134,5
image_18.png,5,False,75.37217234278387,253.293247519019,20,#0000FF,Quadrant 3,2,1,42,,#0000FF,0,221.19418019095127,5
image_18.png,5,False,411.0654392856348,75.7138355150895,20,#0000FF,Quadrant 2,1,2,42,,#0000FF,0,213.05104031397786,5
image_18.png,5,False,632.4786157529109,138.62020373699323,20,#0000FF,Quadrant 2,1,2,42,,#0000FF,0,224.81250747611966,5
image_18.png,5,False,39.38287512650925,337.5092904323725,20,#0000FF,Quadrant 3,2,1,42,,#0000FF,0,332.6147011138684,5
image_18.png,5,False,664.5487823855998,302.44645540430787,20,#0000FF,Quadrant 4,2,2,42,,#0000FF,0,29.24022776161316,5
image_18.png,5,False,156.24697361465357,227.26786252461224,20,#0000FF,Quadrant 3,2,1,42,,#0000FF,0,95.27612681989962,5
image_18.png,5,False,453.27412232854937,125.19157469684735,20,#0000FF,Quadrant 2,1,2,42,,#0000FF,0,196.40789407701635,5
image_18.png,5,False,567.2636776414416,164.50297510944307,20,#0000FF,Quadrant 2,1,2,42,,#0000FF,0,88.1560478336195,5
image_18.png,5,False,485.45475088268574,70.75440897174832,20,#0000FF,Quadrant 2,1,2,42,,#0000FF,0,163.27588786386167,5
image_18.png,5,False,331.0006467072058,139.59279083697183,20,#0000FF,Quadrant 1,1,1,42,,#0000FF,0,149.62382863708143,5
image_18.png,5,False,604.5632179375889,131.7015964204632,20,#0000FF,Quadrant 2,1,2,42,,#0000FF,0,51.72072881854845,5
image_18.png,5,False,248.96031632298804,161.71487751178145,20,#0000FF,Quadrant 1,1,1,42,,#0000FF,0,355.68841300815234,5
image_18.png,5,False,365.821312382651,51.13752690423877,20,#0000FF,Quadrant 2,1,2,42,,#0000FF,0,273.83939812626295,5
image_18.png,5,False,95.41759535884843,180.94729253436128,20,#0000FF,Quadrant 1,1,1,42,,#0000FF,0,87.02562993712816,5
image_18.png,5,False,45.8670460504,368.35548944181676,20,#0000FF,Quadrant 3,2,1,42,,#0000FF,0,50.715948602946064,5
image_18.png,5,False,299.09483815772995,374.8952521464693,20,#0000FF,Quadrant 3,2,1,42,,#0000FF,0,311.0989861304751,5
image_18.png,5,False,571.4862361967807,363.958080324275,20,#0000FF,Quadrant 4,2,2,42,,#0000FF,0,324.83189774671104,5
image_18.png,5,False,141.79569574289488,71.23143169540444,20,#0000FF,Quadrant 1,1,1,42,,#0000FF,0,259.6062343759639,5
image_18.png,5,False,332.63561612103456,343.29060084095823,20,#0000FF,Quadrant 3,2,1,42,,#0000FF,0,358.54898799435006,5
image_18.png,5,False,73.04382648516741,159.64554559482636,20,#0000FF,Quadrant 1,1,1,42,,#0000FF,0,179.05329829710325,5
image_18.png,5,False,85.06549113176192,61.62740882909494,20,#0000FF,Quadrant 1,1,1,42,,#0000FF,0,2.9438661410067324,5
image_18.png,5,False,46.247646606892715,223.3667750327267,20,#0000FF,Quadrant 3,2,1,42,,#0000FF,0,16.287262024055277,5
image_18.png,5,False,209.8465692599369,157.03985584235627,20,#0000FF,Quadrant 1,1,1,42,,#0000FF,0,130.50855933994242,5
image_18.png,5,False,389.85153467750206,322.9676781883559,20,#0000FF,Quadrant 4,2,2,42,,#0000FF,0,162.12757703055053,5
image_18.png,5,False,268.133653727801,384.0057371569741,20,#0000FF,Quadrant 3,2,1,42,,#0000FF,0,34.80533496890465,5
image_18.png,5,False,262.9027911437378,65.53306184145717,20,#0000FF,Quadrant 1,1,1,42,,#0000FF,0,200.81946177796632,5
image_18.png,5,False,287.5557010662084,26.2163545275082,20,#0000FF,Quadrant 1,1,1,42,,#0000FF,0,216.88666241827684,5
image_18.png,5,False,502.6647821177918,314.89909326341217,20,#0000FF,Quadrant 4,2,2,42,,#0000FF,0,14.009027848639285,5
image_18.png,5,False,435.7688358678746,329.5035285436405,20,#0000FF,Quadrant 4,2,2,42,,#0000FF,0,141.4636516319339,5
image_18.png,5,False,360.5400254926933,203.67193008381466,20,#0000FF,Quadrant 4,2,2,42,,#0000FF,0,213.74087602715522,5
image_18.png,5,False,398.85481558409106,190.50940279925658,20,#0000FF,Quadrant 2,1,2,42,,#0000FF,0,176.34479474385327,5
image_18.png,5,False,239.2240799758777,52.43053482772002,20,#0000FF,Quadrant 1,1,1,42,,#0000FF,0,5.9893039808333715,5
image_18.png,5,False,222.99002742740558,350.7339653832655,20,#0000FF,Quadrant 3,2,1,42,,#0000FF,0,149.9544969956038,5
image_18.png,5,False,444.560471135079,236.6318348303072,20,#0000FF,Quadrant 4,2,2,42,,#0000FF,0,313.9556810833194,5
image_18.png,5,False,462.7021798299316,378.43749460122916,20,#0000FF,Quadrant 4,2,2,42,,#0000FF,0,95.59095731485968,5
image_18.png,5,False,167.7772822308889,30.412252415506522,20,#0000FF,Quadrant 1,1,1,42,,#0000FF,0,208.25075960120844,5
image_18.png,5,False,372.1960771784066,283.60711172416904,20,#0000FF,Quadrant 4,2,2,42,,#0000FF,0,172.96156213718905,5
image_18.png,5,False,272.95114172114023,321.58796804632817,20,#0000FF,Quadrant 3,2,1,42,,#0000FF,0,278.85820674017197,5
image_18.png,5,False,405.5009169974428,275.7969044114687,20,#0000FF,Quadrant 4,2,2,42,,#0000FF,0,87.19076165084081,5
image_19.png,2,True,299.53962543857193,167.09892150021417,20,#FF0000,Quadrant 1,1,1,5,151,#FF0000,0,158.77388382650386,2
image_19.png,5,False,356.7536386769705,242.13870663908807,20,#0000FF,Quadrant 4,2,2,5,,#0000FF,0,73.40100577276843,2
image_19.png,5,False,595.5317494496098,285.9579933996672,20,#0000FF,Quadrant 4,2,2,5,,#0000FF,0,169.77796699266412,2
image_19.png,5,False,340.59760752360336,153.439765398193,20,#0000FF,Quadrant 1,1,1,5,,#0000FF,0,359.3242326259736,2
image_19.png,5,False,327.70817356149513,212.52203040867755,20,#0000FF,Quadrant 3,2,1,5,,#0000FF,0,344.4067771907573,2
image_19.png,5,False,476.67344924733754,338.9733645059875,20,#0000FF,Quadrant 4,2,2,5,,#0000FF,0,196.65835892813888,2
image_20.png,2,True,143.47001253519554,104.18423322934223,20,#FF0000,Quadrant 1,1,1,81,151,#FF0000,0,219.62756882835055,6
image_20.png,5,False,165.9333891770507,378.7602172292351,20,#0000FF,Quadrant 3,2,1,81,,#0000FF,0,200.9111942906655,6
image_20.png,5,False,210.12385067102866,89.35100645505402,20,#0000FF,Quadrant 1,1,1,81,,#0000FF,0,107.14124349968684,6
image_20.png,5,False,229.4410733177107,142.8475998480939,20,#0000FF,Quadrant 1,1,1,81,,#0000FF,0,253.79577350647082,6
image_20.png,5,False,559.0342902856078,114.36694889354992,20,#0000FF,Quadrant 2,1,2,81,,#0000FF,0,336.1321349174882,6
image_20.png,5,False,477.192727344174,154.5244020715166,20,#0000FF,Quadrant 2,1,2,81,,#0000FF,0,43.874678063777424,6
image_20.png,5,False,574.8620700299574,371.84215036197236,20,#0000FF,Quadrant 4,2,2,81,,#0000FF,0,352.8577934356904,6
image_20.png,5,False,211.1218772231326,119.72426913014489,20,#0000FF,Quadrant 1,1,1,81,,#0000FF,0,289.6617002243653,6
image_20.png,5,False,249.64446121187976,178.21817028490779,20,#0000FF,Quadrant 1,1,1,81,,#0000FF,0,257.0908634994223,6
image_20.png,5,False,341.0856122183569,87.38170672182547,20,#0000FF,Quadrant 1,1,1,81,,#0000FF,0,92.31983117045355,6
image_20.png,5,False,653.853490376699,274.15275164449895,20,#0000FF,Quadrant 4,2,2,81,,#0000FF,0,193.88805253511498,6
image_20.png,5,False,435.2014767115852,232.82192845976812,20,#0000FF,Quadrant 4,2,2,81,,#0000FF,0,49.418263728332256,6
image_20.png,5,False,472.51560181134863,211.7336831189981,20,#0000FF,Quadrant 4,2,2,81,,#0000FF,0,87.28489382770324,6
image_20.png,5,False,47.16637261238986,167.22791636624177,20,#0000FF,Quadrant 1,1,1,81,,#0000FF,0,229.66004642710956,6
image_20.png,5,False,80.2754393915927,302.34956996114954,20,#0000FF,Quadrant 3,2,1,81,,#0000FF,0,258.24890025008773,6
image_20.png,5,False,390.1929178221559,362.19967910425163,20,#0000FF,Quadrant 4,2,2,81,,#0000FF,0,1.865320706566811,6
image_20.png,5,False,655.2371159327485,343.03505693237827,20,#0000FF,Quadrant 4,2,2,81,,#0000FF,0,146.48668255687804,6
image_20.png,5,False,456.02366542639595,354.2001704020653,20,#0000FF,Quadrant 4,2,2,81,,#0000FF,0,115.6203727629,6
image_20.png,5,False,406.5778803378322,213.28756066578256,20,#0000FF,Quadrant 4,2,2,81,,#0000FF,0,32.205859384145874,6
image_20.png,5,False,618.86678651057,77.44813144969005,20,#0000FF,Quadrant 2,1,2,81,,#0000FF,0,63.02331917314672,6
image_20.png,5,False,698.0513723279834,161.06394907719726,20,#0000FF,Quadrant 2,1,2,81,,#0000FF,0,331.06853226633626,6
image_20.png,5,False,656.3234251518786,374.68566167150345,20,#0000FF,Quadrant 4,2,2,81,,#0000FF,0,178.3382030358328,6
image_20.png,5,False,615.0760426954492,14.502989685477718,20,#0000FF,Quadrant 2,1,2,81,,#0000FF,0,333.3742912427195,6
image_20.png,5,False,84.93017594296768,382.5716898042404,20,#0000FF,Quadrant 3,2,1,81,,#0000FF,0,204.46627271921835,6
image_20.png,5,False,692.4895348911303,216.36758278453652,20,#0000FF,Quadrant 4,2,2,81,,#0000FF,0,102.44219484601666,6
image_20.png,5,False,143.84705341065492,53.580475665618394,20,#0000FF,Quadrant 1,1,1,81,,#0000FF,0,168.48747684226444,6
image_20.png,5,False,518.5297299941651,309.91017715274666,20,#0000FF,Quadrant 4,2,2,81,,#0000FF,0,67.03166488610438,6
image_20.png,5,False,532.7678149274597,77.33707743093966,20,#0000FF,Quadrant 2,1,2,81,,#0000FF,0,204.40124007153815,6
image_20.png,5,False,629.0624628691588,323.60215395444504,20,#0000FF,Quadrant 4,2,2,81,,#0000FF,0,308.2127415384448,6
image_20.png,5,False,70.76232342551722,263.9787125889627,20,#0000FF,Quadrant 3,2,1,81,,#0000FF,0,185.50103722552652,6
image_20.png,5,False,107.88158231203163,133.3214312921613,20,#0000FF,Quadrant 1,1,1,81,,#0000FF,0,66.5212323770424,6
image_20.png,5,False,668.3299928092348,125.13552740343036,20,#0000FF,Quadrant 2,1,2,81,,#0000FF,0,271.3523946413245,6
image_20.png,5,False,18.879220859781746,258.0923127525351,20,#0000FF,Quadrant 3,2,1,81,,#0000FF,0,260.2377102243591,6
image_20.png,5,False,53.803664610569385,55.688992469901635,20,#0000FF,Quadrant 1,1,1,81,,#0000FF,0,249.39669255218598,6
image_20.png,5,False,290.3320463352257,200.95273812811126,20,#0000FF,Quadrant 3,2,1,81,,#0000FF,0,110.45028312130312,6
image_20.png,5,False,495.75079718545436,128.5496644894016,20,#0000FF,Quadrant 2,1,2,81,,#0000FF,0,322.2426131338515,6
image_20.png,5,False,642.2138358510878,122.5242128590613,20,#0000FF,Quadrant 2,1,2,81,,#0000FF,0,42.26966850411947,6
image_20.png,5,False,526.1893027969402,239.96932237766822,20,#0000FF,Quadrant 4,2,2,81,,#0000FF,0,55.146803288104515,6
image_20.png,5,False,389.4225765758533,188.97301306037974,20,#0000FF,Quadrant 2,1,2,81,,#0000FF,0,149.70442155524088,6
image_20.png,5,False,468.5610687050284,93.55959336446921,20,#0000FF,Quadrant 2,1,2,81,,#0000FF,0,193.5063675695523,6
image_20.png,5,False,531.0155497604322,341.04505210836317,20,#0000FF,Quadrant 4,2,2,81,,#0000FF,0,89.08755455108799,6
image_20.png,5,False,318.809356495077,277.0235953089198,20,#0000FF,Quadrant 3,2,1,81,,#0000FF,0,29.47331033037895,6
image_20.png,5,False,399.71224964642414,34.34454197642647,20,#0000FF,Quadrant 2,1,2,81,,#0000FF,0,28.116979973078465,6
image_20.png,5,False,359.2805816477985,227.48123285813284,20,#0000FF,Quadrant 4,2,2,81,,#0000FF,0,197.15372953593533,6
image_20.png,5,False,237.07305240438026,207.6891025678495,20,#0000FF,Quadrant 3,2,1,81,,#0000FF,0,53.94685729766915,6
image_20.png,5,False,152.5216235366201,231.42982245070465,20,#0000FF,Quadrant 3,2,1,81,,#0000FF,0,41.84640798647912,6
image_20.png,5,False,362.64861892862297,316.6856074409956,20,#0000FF,Quadrant 4,2,2,81,,#0000FF,0,32.738992002607624,6
image_20.png,5,False,364.627763965931,183.66982381908915,20,#0000FF,Quadrant 2,1,2,81,,#0000FF,0,163.2356280647215,6
image_20.png,5,False,329.5786526541184,316.01400326556035,20,#0000FF,Quadrant 3,2,1,81,,#0000FF,0,20.785241135708915,6
image_20.png,5,False,283.8086611577944,319.61931940272336,20,#0000FF,Quadrant 3,2,1,81,,#0000FF,0,260.38082873700085,6
image_20.png,5,False,54.93057944522533,386.77874366027584,20,#0000FF,Quadrant 3,2,1,81,,#0000FF,0,124.03039196236844,6
image_20.png,5,False,58.5541917044562,363.9671626571038,20,#0000FF,Quadrant 3,2,1,81,,#0000FF,0,336.4498075985807,6
image_20.png,5,False,685.0716333127056,255.1429492407278,20,#0000FF,Quadrant 4,2,2,81,,#0000FF,0,275.69796585253624,6
image_20.png,5,False,635.7626776404305,152.99401177715131,20,#0000FF,Quadrant 2,1,2,81,,#0000FF,0,313.06330271185504,6
image_20.png,5,False,250.61345223887452,78.46303176355421,20,#0000FF,Quadrant 1,1,1,81,,#0000FF,0,235.27227543073272,6
image_20.png,5,False,375.3725097458224,286.13037726251645,20,#0000FF,Quadrant 4,2,2,81,,#0000FF,0,193.41305510328044,6
image_20.png,5,False,13.393100217041459,19.593953727703372,20,#0000FF,Quadrant 1,1,1,81,,#0000FF,0,80.16847774785593,6
image_20.png,5,False,200.92266245084272,365.34111650905527,20,#0000FF,Quadrant 3,2,1,81,,#0000FF,0,124.61750459554563,6
image_20.png,5,False,422.8737938480398,276.842208874943,20,#0000FF,Quadrant 4,2,2,81,,#0000FF,0,12.087459271541086,6
image_20.png,5,False,521.2328030726246,163.0563026065226,20,#0000FF,Quadrant 2,1,2,81,,#0000FF,0,17.523475647749677,6
image_20.png,5,False,160.6984858123343,337.4900317292813,20,#0000FF,Quadrant 3,2,1,81,,#0000FF,0,84.36214025552219,6
image_20.png,5,False,358.18423992030387,120.34158461178133,20,#0000FF,Quadrant 2,1,2,81,,#0000FF,0,20.319852608805938,6
image_20.png,5,False,109.70643913853345,260.5602962004609,20,#0000FF,Quadrant 3,2,1,81,,#0000FF,0,108.63519665191318,6
image_20.png,5,False,218.0451571388621,34.041986826356094,20,#0000FF,Quadrant 1,1,1,81,,#0000FF,0,79.57538656057172,6
image_20.png,5,False,617.1228708741154,355.57635760456577,20,#0000FF,Quadrant 4,2,2,81,,#0000FF,0,341.46729180961967,6
image_20.png,5,False,270.38106988141396,296.1692847560114,20,#0000FF,Quadrant 3,2,1,81,,#0000FF,0,53.71833881705893,6
image_20.png,5,False,596.1959023271679,124.67836630456587,20,#0000FF,Quadrant 2,1,2,81,,#0000FF,0,170.46677534839918,6
image_20.png,5,False,178.32951758572457,87.86128509670056,20,#0000FF,Quadrant 1,1,1,81,,#0000FF,0,48.273390381268094,6
image_20.png,5,False,510.2388667796621,83.00205176681908,20,#0000FF,Quadrant 2,1,2,81,,#0000FF,0,33.28703874967091,6
image_20.png,5,False,475.15995331722456,238.9045330058707,20,#0000FF,Quadrant 4,2,2,81,,#0000FF,0,96.64617162779324,6
image_20.png,5,False,140.64450951966842,298.92124582906536,20,#0000FF,Quadrant 3,2,1,81,,#0000FF,0,314.50336505623426,6
image_20.png,5,False,240.41241015416784,372.75346947908247,20,#0000FF,Quadrant 3,2,1,81,,#0000FF,0,313.01058654883366,6
image_20.png,5,False,699.7051128352723,192.03209125741427,20,#0000FF,Quadrant 2,1,2,81,,#0000FF,0,42.233831799600416,6
image_20.png,5,False,427.4326569802802,88.30596804564381,20,#0000FF,Quadrant 2,1,2,81,,#0000FF,0,87.33354546446695,6
image_20.png,5,False,378.68493778980525,146.80011199849562,20,#0000FF,Quadrant 2,1,2,81,,#0000FF,0,137.03822797425212,6
image_20.png,5,False,398.57953722294013,94.64160916353315,20,#0000FF,Quadrant 2,1,2,81,,#0000FF,0,149.01486140830485,6
image_20.png,5,False,298.7112926795146,68.61151304960616,20,#0000FF,Quadrant 1,1,1,81,,#0000FF,0,208.49145337346417,6
image_20.png,5,False,462.0248886573841,269.87201946675253,20,#0000FF,Quadrant 4,2,2,81,,#0000FF,0,179.7485336529561,6
image_20.png,5,False,642.7436794994187,215.92773132281224,20,#0000FF,Quadrant 4,2,2,81,,#0000FF,0,175.79387565148767,6
image_20.png,5,False,51.466383539123065,23.785380208253027,20,#0000FF,Quadrant 1,1,1,81,,#0000FF,0,231.05140674565195,6
image_20.png,5,False,498.2398293916838,14.455472519070149,20,#0000FF,Quadrant 2,1,2,81,,#0000FF,0,83.31602114788038,6
image_20.png,5,False,268.1352772612134,244.54171916143153,20,#0000FF,Quadrant 3,2,1,81,,#0000FF,0,182.06385108950343,6
image_21.png,2,True,21.839187372892397,212.17631933481442,20,#FF0000,Quadrant 3,2,1,95,151,#FF0000,0,237.34236311635058,6
image_21.png,5,False,22.52431569821201,283.9888487745225,20,#0000FF,Quadrant 3,2,1,95,,#0000FF,0,148.08186295826994,6
image_21.png,5,False,208.5284016714338,200.83766018877498,20,#0000FF,Quadrant 3,2,1,95,,#0000FF,0,192.86571705261292,6
image_21.png,5,False,307.6649407777901,366.2111030362124,20,#0000FF,Quadrant 3,2,1,95,,#0000FF,0,251.22926743814244,6
image_21.png,5,False,643.5356538322587,209.21768166335858,20,#0000FF,Quadrant 4,2,2,95,,#0000FF,0,64.53606276605956,6
image_21.png,5,False,438.02900042182335,106.4140782069492,20,#0000FF,Quadrant 2,1,2,95,,#0000FF,0,86.74877963286295,6
image_21.png,5,False,558.7111328055087,40.869274161856566,20,#0000FF,Quadrant 2,1,2,95,,#0000FF,0,127.59879630980568,6
image_21.png,5,False,327.24944668476655,102.9325840049094,20,#0000FF,Quadrant 1,1,1,95,,#0000FF,0,345.34720589347086,6
image_21.png,5,False,217.68252719420698,324.00746575365787,20,#0000FF,Quadrant 3,2,1,95,,#0000FF,0,251.00507379553176,6
image_21.png,5,False,694.2638719403221,256.6601027781028,20,#0000FF,Quadrant 4,2,2,95,,#0000FF,0,29.022090698367776,6
image_21.png,5,False,290.23674739385325,153.57009688706054,20,#0000FF,Quadrant 1,1,1,95,,#0000FF,0,11.406421316118376,6
image_21.png,5,False,449.71942405783506,276.6754667072221,20,#0000FF,Quadrant 4,2,2,95,,#0000FF,0,171.3618360474808,6
image_21.png,5,False,593.4322284382861,254.77493745456817,20,#0000FF,Quadrant 4,2,2,95,,#0000FF,0,29.767004102088634,6
image_21.png,5,False,684.3798348466653,379.11142385040796,20,#0000FF,Quadrant 4,2,2,95,,#0000FF,0,119.25742211720633,6
image_21.png,5,False,644.295876438306,97.85173590418431,20,#0000FF,Quadrant 2,1,2,95,,#0000FF,0,322.1248363713719,6
image_21.png,5,False,487.9862338790664,225.24440756245784,20,#0000FF,Quadrant 4,2,2,95,,#0000FF,0,324.4582652488506,6
image_21.png,5,False,647.7457346933022,269.71406502925646,20,#0000FF,Quadrant 4,2,2,95,,#0000FF,0,97.5942189750247,6
image_21.png,5,False,385.1481511463097,259.76529290107544,20,#0000FF,Quadrant 4,2,2,95,,#0000FF,0,100.93428495341684,6
image_21.png,5,False,596.9446164718266,16.918759982551286,20,#0000FF,Quadrant 2,1,2,95,,#0000FF,0,64.56762115922487,6
image_21.png,5,False,110.34798572438449,321.2211002812155,20,#0000FF,Quadrant 3,2,1,95,,#0000FF,0,74.5769215474501,6
image_21.png,5,False,650.9948338345432,124.12666426156603,20,#0000FF,Quadrant 2,1,2,95,,#0000FF,0,295.52485960264926,6
image_21.png,5,False,401.453488804953,332.0892367594033,20,#0000FF,Quadrant 4,2,2,95,,#0000FF,0,203.02495186455536,6
image_21.png,5,False,383.4475149628658,156.0938689233385,20,#0000FF,Quadrant 2,1,2,95,,#0000FF,0,243.73258771560543,6
image_21.png,5,False,555.6531807263293,271.55938456754257,20,#0000FF,Quadrant 4,2,2,95,,#0000FF,0,266.30826153145887,6
image_21.png,5,False,524.6195707046148,141.73489031417108,20,#0000FF,Quadrant 2,1,2,95,,#0000FF,0,28.233968766670113,6
image_21.png,5,False,170.94721902792776,39.73489720183653,20,#0000FF,Quadrant 1,1,1,95,,#0000FF,0,35.16688344889708,6
image_21.png,5,False,433.9531459651696,236.14007425273766,20,#0000FF,Quadrant 4,2,2,95,,#0000FF,0,217.86074755223117,6
image_21.png,5,False,235.87350976774152,250.69847411898982,20,#0000FF,Quadrant 3,2,1,95,,#0000FF,0,348.8113897925598,6
image_21.png,5,False,269.66920023816255,81.20890574846158,20,#0000FF,Quadrant 1,1,1,95,,#0000FF,0,199.09358098217416,6
image_21.png,5,False,272.87009962680366,302.87927876291275,20,#0000FF,Quadrant 3,2,1,95,,#0000FF,0,210.91504363597844,6
image_21.png,5,False,660.6995966389497,179.11015696859965,20,#0000FF,Quadrant 2,1,2,95,,#0000FF,0,32.94735433064608,6
image_21.png,5,False,81.43744432402642,43.99835383023389,20,#0000FF,Quadrant 1,1,1,95,,#0000FF,0,274.08473683234985,6
image_21.png,5,False,394.762687200426,204.7026406991534,20,#0000FF,Quadrant 4,2,2,95,,#0000FF,0,155.15262575137407,6
image_21.png,5,False,72.74738211070698,220.49508644028222,20,#0000FF,Quadrant 3,2,1,95,,#0000FF,0,37.18545384298476,6
image_21.png,5,False,551.4782810101843,337.4854710073764,20,#0000FF,Quadrant 4,2,2,95,,#0000FF,0,214.89283990335286,6
image_21.png,5,False,296.11513807023977,305.5259219260247,20,#0000FF,Quadrant 3,2,1,95,,#0000FF,0,4.442621358223597,6
image_21.png,5,False,396.520680030346,386.2520156484054,20,#0000FF,Quadrant 4,2,2,95,,#0000FF,0,260.94378385252486,6
image_21.png,5,False,196.28516587227165,112.45776932240163,20,#0000FF,Quadrant 1,1,1,95,,#0000FF,0,61.02062828825726,6
image_21.png,5,False,126.2058991230424,115.31358746570857,20,#0000FF,Quadrant 1,1,1,95,,#0000FF,0,52.53653543275722,6
image_21.png,5,False,550.2573040500195,147.5052168454416,20,#0000FF,Quadrant 2,1,2,95,,#0000FF,0,107.91081141176277,6
image_21.png,5,False,507.6997227419034,198.41332108124206,20,#0000FF,Quadrant 2,1,2,95,,#0000FF,0,339.92002642730193,6
image_21.png,5,False,326.4666650720236,62.21504070729556,20,#0000FF,Quadrant 1,1,1,95,,#0000FF,0,222.00076513288437,6
image_21.png,5,False,283.6317731357936,329.1298601808596,20,#0000FF,Quadrant 3,2,1,95,,#0000FF,0,2.436252993169745,6
image_21.png,5,False,605.0546359796393,177.40426431991375,20,#0000FF,Quadrant 2,1,2,95,,#0000FF,0,136.76038421293737,6
image_21.png,5,False,230.88585106140206,288.78251013676845,20,#0000FF,Quadrant 3,2,1,95,,#0000FF,0,143.36624971584288,6
image_21.png,5,False,677.788765898204,306.5863117101519,20,#0000FF,Quadrant 4,2,2,95,,#0000FF,0,227.84488630863,6
image_21.png,5,False,134.9698494873941,301.15956912888197,20,#0000FF,Quadrant 3,2,1,95,,#0000FF,0,359.0153732629602,6
image_21.png,5,False,512.0500076640972,367.4445180279221,20,#0000FF,Quadrant 4,2,2,95,,#0000FF,0,9.689799123120721,6
image_21.png,5,False,595.1258837968674,311.52724615227817,20,#0000FF,Quadrant 4,2,2,95,,#0000FF,0,24.897121897545453,6
image_21.png,5,False,117.20468854008516,170.94236703418952,20,#0000FF,Quadrant 1,1,1,95,,#0000FF,0,90.965406575193,6
image_21.png,5,False,320.4069706543737,237.01899709664818,20,#0000FF,Quadrant 3,2,1,95,,#0000FF,0,135.7166944937963,6
image_21.png,5,False,379.1791394282587,360.08139501443685,20,#0000FF,Quadrant 4,2,2,95,,#0000FF,0,209.6078469178813,6
image_21.png,5,False,299.2091770065691,24.89723201761025,20,#0000FF,Quadrant 1,1,1,95,,#0000FF,0,313.06814081233136,6
image_21.png,5,False,494.4260237813036,318.0482568066601,20,#0000FF,Quadrant 4,2,2,95,,#0000FF,0,348.63409466617264,6
image_21.png,5,False,641.0224603753727,52.34164274234047,20,#0000FF,Quadrant 2,1,2,95,,#0000FF,0,213.77517960775592,6
image_21.png,5,False,468.9740882784208,73.87595045988215,20,#0000FF,Quadrant 2,1,2,95,,#0000FF,0,89.363148784165,6
image_21.png,5,False,677.1328710287693,136.34355338693365,20,#0000FF,Quadrant 2,1,2,95,,#0000FF,0,232.82769817011345,6
image_21.png,5,False,525.5817360390101,221.92151137766177,20,#0000FF,Quadrant 4,2,2,95,,#0000FF,0,79.92038863780681,6
image_21.png,5,False,163.29086622701152,152.4171966303044,20,#0000FF,Quadrant 1,1,1,95,,#0000FF,0,247.5591871670242,6
image_21.png,5,False,479.21373092039283,271.9853015629654,20,#0000FF,Quadrant 4,2,2,95,,#0000FF,0,166.7027550789952,6
image_21.png,5,False,698.4171778106962,193.48746993779878,20,#0000FF,Quadrant 2,1,2,95,,#0000FF,0,54.26817569276882,6
image_21.png,5,False,551.3620282972722,207.9814056645783,20,#0000FF,Quadrant 4,2,2,95,,#0000FF,0,123.50400510370541,6
image_21.png,5,False,78.26226844561344,283.91371055972957,20,#0000FF,Quadrant 3,2,1,95,,#0000FF,0,125.38810678883276,6
image_21.png,5,False,57.283120288565364,27.89019391127139,20,#0000FF,Quadrant 1,1,1,95,,#0000FF,0,162.880989572461,6
image_21.png,5,False,26.56114437494441,140.68346417645088,20,#0000FF,Quadrant 1,1,1,95,,#0000FF,0,255.8804363118909,6
image_21.png,5,False,562.2345366421339,362.51068477268797,20,#0000FF,Quadrant 4,2,2,95,,#0000FF,0,39.370565442518576,6
image_21.png,5,False,366.5197984069457,219.62208955385756,20,#0000FF,Quadrant 4,2,2,95,,#0000FF,0,266.5762144908954,6
image_21.png,5,False,304.7685053153391,185.65647153289166,20,#0000FF,Quadrant 1,1,1,95,,#0000FF,0,119.1562759991409,6
image_21.png,5,False,444.9048597074097,81.45425775722423,20,#0000FF,Quadrant 2,1,2,95,,#0000FF,0,287.19208378953545,6
image_21.png,5,False,158.99451639343425,116.21434593483087,20,#0000FF,Quadrant 1,1,1,95,,#0000FF,0,1.6020155974091477,6
image_21.png,5,False,281.46281993721607,54.17972372111314,20,#0000FF,Quadrant 1,1,1,95,,#0000FF,0,139.91013392858974,6
image_21.png,5,False,474.0838463030011,129.38421155923382,20,#0000FF,Quadrant 2,1,2,95,,#0000FF,0,212.46061139189234,6
image_21.png,5,False,91.57779483584811,152.1096948245094,20,#0000FF,Quadrant 1,1,1,95,,#0000FF,0,85.8861815179646,6
image_21.png,5,False,278.6511925545837,236.4489589938062,20,#0000FF,Quadrant 3,2,1,95,,#0000FF,0,50.88907557649128,6
image_21.png,5,False,644.3019267364159,362.8026864525827,20,#0000FF,Quadrant 4,2,2,95,,#0000FF,0,193.45653719928748,6
image_21.png,5,False,559.3619329360724,94.36015338011076,20,#0000FF,Quadrant 2,1,2,95,,#0000FF,0,203.54320772819108,6
image_21.png,5,False,400.7331677570572,303.0230072253763,20,#0000FF,Quadrant 4,2,2,95,,#0000FF,0,281.0664710747875,6
image_21.png,5,False,532.4257210393969,298.28156147729254,20,#0000FF,Quadrant 4,2,2,95,,#0000FF,0,195.13561648234673,6
image_21.png,5,False,461.37980293986976,104.56695419947785,20,#0000FF,Quadrant 2,1,2,95,,#0000FF,0,264.95593114812266,6
image_21.png,5,False,33.20674246449454,110.34415495218406,20,#0000FF,Quadrant 1,1,1,95,,#0000FF,0,314.93154465967837,6
image_21.png,5,False,70.93129112958282,338.0797978022397,20,#0000FF,Quadrant 3,2,1,95,,#0000FF,0,310.3918651791087,6
image_21.png,5,False,571.5220773263538,315.4565064939652,20,#0000FF,Quadrant 4,2,2,95,,#0000FF,0,282.54575158941054,6
image_21.png,5,False,667.2017710072815,205.4488655963136,20,#0000FF,Quadrant 4,2,2,95,,#0000FF,0,206.18480873289332,6
image_21.png,5,False,63.03071232564393,311.35828239237725,20,#0000FF,Quadrant 3,2,1,95,,#0000FF,0,135.0620380246417,6
image_21.png,5,False,75.17460242369842,378.4728103525476,20,#0000FF,Quadrant 3,2,1,95,,#0000FF,0,304.9802373631347,6
image_21.png,5,False,285.02623318198937,376.9526032686613,20,#0000FF,Quadrant 3,2,1,95,,#0000FF,0,286.44405359322434,6
image_21.png,5,False,351.85859886573166,133.0430265450022,20,#0000FF,Quadrant 1,1,1,95,,#0000FF,0,296.94515314896796,6
image_21.png,5,False,388.09695892182197,60.36462661625231,20,#0000FF,Quadrant 2,1,2,95,,#0000FF,0,102.09350736135134,6
image_21.png,5,False,42.654675778798676,247.69585937492795,20,#0000FF,Quadrant 3,2,1,95,,#0000FF,0,274.41144807210065,6
image_21.png,5,False,22.2178517848209,362.32562688136323,20,#0000FF,Quadrant 3,2,1,95,,#0000FF,0,301.2127843905198,6
image_21.png,5,False,697.033213357924,354.755927010351,20,#0000FF,Quadrant 4,2,2,95,,#0000FF,0,154.00774831201545,6
image_21.png,5,False,368.89709144464206,179.23527942233133,20,#0000FF,Quadrant 2,1,2,95,,#0000FF,0,213.72461886278322,6
image_21.png,5,False,247.7225893735,56.584451165218304,20,#0000FF,Quadrant 1,1,1,95,,#0000FF,0,2.9025248469036447,6
image_21.png,5,False,264.2500041499839,124.1185137617206,20,#0000FF,Quadrant 1,1,1,95,,#0000FF,0,37.1525519550333,6
image_21.png,5,False,477.5474466862214,36.859587643534866,20,#0000FF,Quadrant 2,1,2,95,,#0000FF,0,230.96741346611418,6
image_21.png,5,False,157.79520603080942,293.84562014951865,20,#0000FF,Quadrant 3,2,1,95,,#0000FF,0,126.42757877763754,6
image_22.png,2,True,70.72805505806609,48.975812516547464,20,#FF0000,Quadrant 1,1,1,31,151,#FF0000,0,309.586508856774,4
image_22.png,5,False,417.21642933768254,156.16406173169963,20,#0000FF,Quadrant 2,1,2,31,,#0000FF,0,270.8804327572629,4
image_22.png,5,False,227.69302737751468,63.85581136989034,20,#0000FF,Quadrant 1,1,1,31,,#0000FF,0,346.76953579917506,4
image_22.png,5,False,69.04736532261282,220.18392681462797,20,#0000FF,Quadrant 3,2,1,31,,#0000FF,0,99.70835650014433,4
image_22.png,5,False,429.63164515279556,305.45052865001225,20,#0000FF,Quadrant 4,2,2,31,,#0000FF,0,216.00283220130703,4
image_22.png,5,False,595.1976599591318,259.87722989218435,20,#0000FF,Quadrant 4,2,2,31,,#0000FF,0,248.57138700527537,4
image_22.png,5,False,367.72914905229663,203.59952999136135,20,#0000FF,Quadrant 4,2,2,31,,#0000FF,0,108.5937600877915,4
image_22.png,5,False,214.62847330578393,31.62713152376562,20,#0000FF,Quadrant 1,1,1,31,,#0000FF,0,269.22371075324986,4
image_22.png,5,False,668.7686713181882,198.06755813855486,20,#0000FF,Quadrant 2,1,2,31,,#0000FF,0,323.24852172851627,4
image_22.png,5,False,355.2123709368611,235.50545235605935,20,#0000FF,Quadrant 3,2,1,31,,#0000FF,0,40.58771853737107,4
image_22.png,5,False,684.6331970640582,384.0415974147254,20,#0000FF,Quadrant 4,2,2,31,,#0000FF,0,190.18314033702632,4
image_22.png,5,False,101.9362048248317,336.3876934880905,20,#0000FF,Quadrant 3,2,1,31,,#0000FF,0,336.2127846027177,4
image_22.png,5,False,262.76918690234004,269.1520945229171,20,#0000FF,Quadrant 3,2,1,31,,#0000FF,0,204.61693995826593,4
image_22.png,5,False,668.6181059352707,302.19874460690403,20,#0000FF,Quadrant 4,2,2,31,,#0000FF,0,274.58133764241086,4
image_22.png,5,False,57.52994022893659,110.10603476726135,20,#0000FF,Quadrant 1,1,1,31,,#0000FF,0,6.008184637508234,4
image_22.png,5,False,52.66304425627372,309.35161961938854,20,#0000FF,Quadrant 3,2,1,31,,#0000FF,0,14.337670297388314,4
image_22.png,5,False,444.0852095857369,200.39650896167439,20,#0000FF,Quadrant 4,2,2,31,,#0000FF,0,182.37981753897373,4
image_22.png,5,False,494.54753001160276,42.15771290751614,20,#0000FF,Quadrant 2,1,2,31,,#0000FF,0,149.55551797514468,4
image_22.png,5,False,435.45642135438936,115.8828041076637,20,#0000FF,Quadrant 2,1,2,31,,#0000FF,0,193.16333378520554,4
image_22.png,5,False,363.28893712548336,87.80865271605892,20,#0000FF,Quadrant 2,1,2,31,,#0000FF,0,111.5664788219911,4
image_22.png,5,False,380.5728291208368,158.6965081220362,20,#0000FF,Quadrant 2,1,2,31,,#0000FF,0,290.90162914943517,4
image_22.png,5,False,492.3876824261835,286.9242666691227,20,#0000FF,Quadrant 4,2,2,31,,#0000FF,0,23.801430103637394,4
image_22.png,5,False,323.3731993427313,241.13864887357366,20,#0000FF,Quadrant 3,2,1,31,,#0000FF,0,156.41409189816687,4
image_22.png,5,False,522.0268277406549,290.96879212851934,20,#0000FF,Quadrant 4,2,2,31,,#0000FF,0,111.34442299446943,4
image_22.png,5,False,507.60744196639325,74.11199668471995,20,#0000FF,Quadrant 2,1,2,31,,#0000FF,0,281.8753565557485,4
image_22.png,5,False,549.1944221765845,112.59297586269486,20,#0000FF,Quadrant 2,1,2,31,,#0000FF,0,45.69501869320494,4
image_22.png,5,False,542.5154701473514,22.09666294331972,20,#0000FF,Quadrant 2,1,2,31,,#0000FF,0,319.10931350663617,4
image_22.png,5,False,408.3130038780728,40.13247182625366,20,#0000FF,Quadrant 2,1,2,31,,#0000FF,0,256.43636935217836,4
image_22.png,5,False,259.125364014488,199.85258217780287,20,#0000FF,Quadrant 1,1,1,31,,#0000FF,0,163.8711999645939,4
image_22.png,5,False,264.33687894334327,107.43387863277152,20,#0000FF,Quadrant 1,1,1,31,,#0000FF,0,204.07900616584195,4
image_22.png,5,False,406.4255782773269,284.2102251171775,20,#0000FF,Quadrant 4,2,2,31,,#0000FF,0,37.04576940787306,4
image_22.png,5,False,361.5803457034357,27.646328945342006,20,#0000FF,Quadrant 2,1,2,31,,#0000FF,0,82.22559233517038,4
image_23.png,2,True,261.77980597222484,358.8456341082752,20,#FF0000,Quadrant 3,2,1,2,151,#FF0000,0,16.55335076030529,1
image_23.png,5,False,672.6757381767578,24.367430962494648,20,#0000FF,Quadrant 2,1,2,2,,#0000FF,0,64.4259361566426,1
image_23.png,5,False,502.9603323289659,258.85584529132836,20,#0000FF,Quadrant 4,2,2,2,,#0000FF,0,289.1215751247194,1
image_24.png,2,True,642.0239330029367,131.935481999334,20,#FF0000,Quadrant 2,1,2,7,151,#FF0000,0,89.37474600860754,2
image_24.png,5,False,404.78827824342864,56.133551417078635,20,#0000FF,Quadrant 2,1,2,7,,#0000FF,0,297.3589183989118,2
image_24.png,5,False,47.291110720993956,95.36395303934638,20,#0000FF,Quadrant 1,1,1,7,,#0000FF,0,242.39725801869304,2
image_24.png,5,False,42.644803407495544,162.54959218244394,20,#0000FF,Quadrant 1,1,1,7,,#0000FF,0,185.67868704579016,2
image_24.png,5,False,607.6962064542579,303.39338725322466,20,#0000FF,Quadrant 4,2,2,7,,#0000FF,0,315.71684574659093,2
image_24.png,5,False,70.51962495654799,183.65005450704953,20,#0000FF,Quadrant 1,1,1,7,,#0000FF,0,111.8511986570681,2
image_24.png,5,False,211.90901746200646,307.5437281346151,20,#0000FF,Quadrant 3,2,1,7,,#0000FF,0,132.8109692949177,2
image_24.png,5,False,178.1403715584091,150.20743126913288,20,#0000FF,Quadrant 1,1,1,7,,#0000FF,0,266.2473552240305,2
image_25.png,2,True,387.57931815812174,311.8779985655692,20,#FF0000,Quadrant 4,2,2,23,151,#FF0000,0,263.68680122613597,4
image_25.png,5,False,653.4218999185777,20.038076758929655,20,#0000FF,Quadrant 2,1,2,23,,#0000FF,0,54.2038956455591,4
image_25.png,5,False,449.16392742444935,273.1281847773572,20,#0000FF,Quadrant 4,2,2,23,,#0000FF,0,194.95627198154128,4
image_25.png,5,False,241.82696669554215,297.8752199147705,20,#0000FF,Quadrant 3,2,1,23,,#0000FF,0,3.4541352268792203,4
image_25.png,5,False,519.5389528725383,127.23902098307555,20,#0000FF,Quadrant 2,1,2,23,,#0000FF,0,135.4589389684957,4
image_25.png,5,False,688.3667461655845,169.69038827707553,20,#0000FF,Quadrant 2,1,2,23,,#0000FF,0,73.86997424612353,4
image_25.png,5,False,681.0933135815333,64.81717740747806,20,#0000FF,Quadrant 2,1,2,23,,#0000FF,0,346.02662191958893,4
image_25.png,5,False,41.24728306947691,98.49663274865344,20,#0000FF,Quadrant 1,1,1,23,,#0000FF,0,100.73709751285307,4
image_25.png,5,False,295.5961376121902,349.52846137286696,20,#0000FF,Quadrant 3,2,1,23,,#0000FF,0,304.38152482445025,4
image_25.png,5,False,526.3026858009231,230.53129714822848,20,#0000FF,Quadrant 4,2,2,23,,#0000FF,0,165.04489027589352,4
image_25.png,5,False,450.0416035425248,160.06478733037352,20,#0000FF,Quadrant 2,1,2,23,,#0000FF,0,181.9539949898793,4
image_25.png,5,False,53.91289296525117,261.4038048421927,20,#0000FF,Quadrant 3,2,1,23,,#0000FF,0,213.08247480105953,4
image_25.png,5,False,211.96478057520653,332.645380788098,20,#0000FF,Quadrant 3,2,1,23,,#0000FF,0,47.05498311845827,4
image_25.png,5,False,281.74439025521235,325.4581375119342,20,#0000FF,Quadrant 3,2,1,23,,#0000FF,0,333.37510264138916,4
image_25.png,5,False,322.95016024543037,99.30504366928224,20,#0000FF,Quadrant 1,1,1,23,,#0000FF,0,117.45056476072057,4
image_25.png,5,False,104.78106218111941,302.11542242035,20,#0000FF,Quadrant 3,2,1,23,,#0000FF,0,339.67968697083404,4
image_25.png,5,False,83.79818982075423,180.9362306458416,20,#0000FF,Quadrant 1,1,1,23,,#0000FF,0,39.23022013863769,4
image_25.png,5,False,94.18761184254294,146.43265456432047,20,#0000FF,Quadrant 1,1,1,23,,#0000FF,0,113.0519836123624,4
image_25.png,5,False,322.37086599636086,186.1450129313245,20,#0000FF,Quadrant 1,1,1,23,,#0000FF,0,277.3212295379418,4
image_25.png,5,False,73.29999186543364,316.27162996924466,20,#0000FF,Quadrant 3,2,1,23,,#0000FF,0,306.8935868380135,4
image_25.png,5,False,496.5416099216709,239.0483399126281,20,#0000FF,Quadrant 4,2,2,23,,#0000FF,0,109.51739383860829,4
image_25.png,5,False,601.1789838660495,67.06639540551957,20,#0000FF,Quadrant 2,1,2,23,,#0000FF,0,77.40748421052774,4
image_25.png,5,False,666.9945621015596,334.0392931471172,20,#0000FF,Quadrant 4,2,2,23,,#0000FF,0,62.5923837064918,4
image_25.png,5,False,390.0332945894335,46.806154702993815,20,#0000FF,Quadrant 2,1,2,23,,#0000FF,0,200.14335415741976,4
image_26.png,2,True,53.490068116236685,306.2028775320233,20,#FF0000,Quadrant 3,2,1,2,151,#FF0000,0,43.72317198145754,1
image_26.png,5,False,147.51366123937802,162.4199240558343,20,#0000FF,Quadrant 1,1,1,2,,#0000FF,0,80.02372776759778,1
image_26.png,5,False,656.9891047491727,42.766902358221955,20,#0000FF,Quadrant 2,1,2,2,,#0000FF,0,247.06269433280167,1
image_27.png,2,True,62.66616749778629,387.92701907731913,20,#FF0000,Quadrant 3,2,1,49,151,#FF0000,0,330.27428934416884,5
image_27.png,5,False,456.0849710592939,316.914895480001,20,#0000FF,Quadrant 4,2,2,49,,#0000FF,0,71.19012121035594,5
image_27.png,5,False,594.7727744760095,316.75936480854347,20,#0000FF,Quadrant 4,2,2,49,,#0000FF,0,33.11230991652658,5
image_27.png,5,False,660.2313754456154,30.141050945966807,20,#0000FF,Quadrant 2,1,2,49,,#0000FF,0,44.1099573326906,5
image_27.png,5,False,309.4447439174446,284.8348602154069,20,#0000FF,Quadrant 3,2,1,49,,#0000FF,0,332.68742119221616,5
image_27.png,5,False,274.7005831728406,172.27899896592737,20,#0000FF,Quadrant 1,1,1,49,,#0000FF,0,178.6055008367719,5
image_27.png,5,False,636.8216047357553,114.94310869116352,20,#0000FF,Quadrant 2,1,2,49,,#0000FF,0,127.41957096232319,5
image_27.png,5,False,113.40704084838524,243.13228639996598,20,#0000FF,Quadrant 3,2,1,49,,#0000FF,0,160.5641150327963,5
image_27.png,5,False,456.9748179266412,199.58102857867664,20,#0000FF,Quadrant 2,1,2,49,,#0000FF,0,222.1117792165467,5
image_27.png,5,False,341.05231074254647,44.15874630030483,20,#0000FF,Quadrant 1,1,1,49,,#0000FF,0,317.80028669720826,5
image_27.png,5,False,299.8527918042721,253.92265469132846,20,#0000FF,Quadrant 3,2,1,49,,#0000FF,0,137.885499368645,5
image_27.png,5,False,182.662803289218,386.7649908454681,20,#0000FF,Quadrant 3,2,1,49,,#0000FF,0,286.9912590778847,5
image_27.png,5,False,24.45615850909862,155.5842757043552,20,#0000FF,Quadrant 1,1,1,49,,#0000FF,0,195.7164058547068,5
image_27.png,5,False,341.5025783939121,306.3824700058165,20,#0000FF,Quadrant 3,2,1,49,,#0000FF,0,256.81344069004325,5
image_27.png,5,False,400.73361826799027,132.5664702565083,20,#0000FF,Quadrant 2,1,2,49,,#0000FF,0,123.8522831243554,5
image_27.png,5,False,28.95738479276479,236.70998134307288,20,#0000FF,Quadrant 3,2,1,49,,#0000FF,0,97.35684651683059,5
image_27.png,5,False,569.5649729699855,117.19254748633116,20,#0000FF,Quadrant 2,1,2,49,,#0000FF,0,10.549245793188486,5
image_27.png,5,False,335.99054147883385,146.10963342984272,20,#0000FF,Quadrant 1,1,1,49,,#0000FF,0,291.1153980862444,5
image_27.png,5,False,171.37310613745544,71.33817753084583,20,#0000FF,Quadrant 1,1,1,49,,#0000FF,0,210.2360111464416,5
image_27.png,5,False,177.1542758616589,212.73465541419228,20,#0000FF,Quadrant 3,2,1,49,,#0000FF,0,89.22853944056624,5
image_27.png,5,False,518.8344347441275,299.81079556521917,20,#0000FF,Quadrant 4,2,2,49,,#0000FF,0,284.8453963563845,5
image_27.png,5,False,407.6518628391772,382.4472323165363,20,#0000FF,Quadrant 4,2,2,49,,#0000FF,0,341.2088921590758,5
image_27.png,5,False,655.3569561110744,385.8028461150341,20,#0000FF,Quadrant 4,2,2,49,,#0000FF,0,139.83210778034973,5
image_27.png,5,False,173.98373045955555,131.2056512143274,20,#0000FF,Quadrant 1,1,1,49,,#0000FF,0,62.53633129146791,5
image_27.png,5,False,258.2015784213857,234.61062305168866,20,#0000FF,Quadrant 3,2,1,49,,#0000FF,0,265.71783640344114,5
image_27.png,5,False,664.4259006656184,327.271405797201,20,#0000FF,Quadrant 4,2,2,49,,#0000FF,0,51.156824549430574,5
image_27.png,5,False,679.597131044747,215.92309937493548,20,#0000FF,Quadrant 4,2,2,49,,#0000FF,0,291.7444187207929,5
image_27.png,5,False,37.1570176868687,32.23149523088058,20,#0000FF,Quadrant 1,1,1,49,,#0000FF,0,63.20043635783427,5
image_27.png,5,False,24.73038503321274,191.67983752681582,20,#0000FF,Quadrant 1,1,1,49,,#0000FF,0,216.59860312023176,5
image_27.png,5,False,133.2698522585627,314.31644005432264,20,#0000FF,Quadrant 3,2,1,49,,#0000FF,0,122.6732559360381,5
image_27.png,5,False,52.03405840022847,66.83514317675133,20,#0000FF,Quadrant 1,1,1,49,,#0000FF,0,312.5581553317008,5
image_27.png,5,False,108.59868573798624,52.92798377550968,20,#0000FF,Quadrant 1,1,1,49,,#0000FF,0,253.69068302363672,5
image_27.png,5,False,262.40910830963384,38.41694709075473,20,#0000FF,Quadrant 1,1,1,49,,#0000FF,0,189.46615628779685,5
image_27.png,5,False,467.2141518783967,232.51429867886125,20,#0000FF,Quadrant 4,2,2,49,,#0000FF,0,253.6336834661093,5
image_27.png,5,False,233.27360781293507,379.8753337825571,20,#0000FF,Quadrant 3,2,1,49,,#0000FF,0,121.16198561068961,5
image_27.png,5,False,229.60825794954326,278.315144227332,20,#0000FF,Quadrant 3,2,1,49,,#0000FF,0,175.39200688678693,5
image_27.png,5,False,623.9345493836279,242.98199680062305,20,#0000FF,Quadrant 4,2,2,49,,#0000FF,0,202.31183148683414,5
image_27.png,5,False,516.7225366486268,122.32752606375279,20,#0000FF,Quadrant 2,1,2,49,,#0000FF,0,136.21827893299132,5
image_27.png,5,False,12.23875769760456,276.35919340407776,20,#0000FF,Quadrant 3,2,1,49,,#0000FF,0,63.97498385890679,5
image_27.png,5,False,136.45432989333415,131.28599268311592,20,#0000FF,Quadrant 1,1,1,49,,#0000FF,0,204.29379173858305,5
image_27.png,5,False,432.2416140228273,252.78648011220983,20,#0000FF,Quadrant 4,2,2,49,,#0000FF,0,291.17049327724726,5
image_27.png,5,False,249.95217590674443,131.77806071535827,20,#0000FF,Quadrant 1,1,1,49,,#0000FF,0,28.01038984714845,5
image_27.png,5,False,155.472471951944,273.02055684943815,20,#0000FF,Quadrant 3,2,1,49,,#0000FF,0,4.102423306379284,5
image_27.png,5,False,553.256784196465,283.316336262854,20,#0000FF,Quadrant 4,2,2,49,,#0000FF,0,126.17321828303378,5
image_27.png,5,False,312.9336773734593,169.62892063200837,20,#0000FF,Quadrant 1,1,1,49,,#0000FF,0,17.3330847839814,5
image_27.png,5,False,296.2592037523798,344.30930885041766,20,#0000FF,Quadrant 3,2,1,49,,#0000FF,0,59.88183944254156,5
image_27.png,5,False,269.6144759646376,324.28903752004305,20,#0000FF,Quadrant 3,2,1,49,,#0000FF,0,126.4432209474491,5
image_27.png,5,False,409.2802332529278,297.61605946530875,20,#0000FF,Quadrant 4,2,2,49,,#0000FF,0,283.942798011439,5
image_27.png,5,False,24.833740849762734,109.70627437329503,20,#0000FF,Quadrant 1,1,1,49,,#0000FF,0,12.028603152685617,5
image_27.png,5,False,246.50585059227404,346.6380192035666,20,#0000FF,Quadrant 3,2,1,49,,#0000FF,0,37.70101745957241,5
image_28.png,2,True,629.8075552796618,46.19357107389954,20,#FF0000,Quadrant 2,1,2,5,151,#FF0000,0,196.9366531004033,2
image_28.png,5,False,433.80121606165784,193.47450529264475,20,#0000FF,Quadrant 2,1,2,5,,#0000FF,0,213.85099585875415,2
image_28.png,5,False,660.342715832253,73.36893962000353,20,#0000FF,Quadrant 2,1,2,5,,#0000FF,0,11.157553458782994,2
image_28.png,5,False,119.24450258091022,49.27545254792087,20,#0000FF,Quadrant 1,1,1,5,,#0000FF,0,320.3111773454557,2
image_28.png,5,False,141.89915347839758,274.540354039181,20,#0000FF,Quadrant 3,2,1,5,,#0000FF,0,73.99817161845736,2
image_28.png,5,False,513.9520899068298,111.27008281429114,20,#0000FF,Quadrant 2,1,2,5,,#0000FF,0,259.9337176472432,2
image_29.png,2,True,45.1988202535333,227.1289873702263,20,#FF0000,Quadrant 3,2,1,13,151,#FF0000,0,85.51738258100843,3
image_29.png,5,False,116.82346488202985,147.39333222390923,20,#0000FF,Quadrant 1,1,1,13,,#0000FF,0,302.3476217444344,3
image_29.png,5,False,213.944570337722,261.24364543173,20,#0000FF,Quadrant 3,2,1,13,,#0000FF,0,153.93814468045687,3
image_29.png,5,False,148.57593772429203,20.72809185257721,20,#0000FF,Quadrant 1,1,1,13,,#0000FF,0,216.07759008495677,3
image_29.png,5,False,212.0581001057681,41.971843801511106,20,#0000FF,Quadrant 1,1,1,13,,#0000FF,0,61.49958900920031,3
image_29.png,5,False,223.45549268111554,161.24265773607047,20,#0000FF,Quadrant 1,1,1,13,,#0000FF,0,303.75686676489715,3
image_29.png,5,False,466.4565977199974,45.44973971415675,20,#0000FF,Quadrant 2,1,2,13,,#0000FF,0,176.0748523634366,3
image_29.png,5,False,138.38316095347056,345.7162378593257,20,#0000FF,Quadrant 3,2,1,13,,#0000FF,0,195.88537051908492,3
image_29.png,5,False,318.1391615773816,110.52587540613024,20,#0000FF,Quadrant 1,1,1,13,,#0000FF,0,132.9845993755002,3
image_29.png,5,False,166.8809311147575,112.51643345717495,20,#0000FF,Quadrant 1,1,1,13,,#0000FF,0,167.4208642156742,3
image_29.png,5,False,529.2900129174328,263.30307755286685,20,#0000FF,Quadrant 4,2,2,13,,#0000FF,0,22.19017307763575,3
image_29.png,5,False,247.87226533022616,215.66772427027635,20,#0000FF,Quadrant 3,2,1,13,,#0000FF,0,30.854632262370153,3
image_29.png,5,False,417.3215187471828,220.26152052768953,20,#0000FF,Quadrant 4,2,2,13,,#0000FF,0,349.4539933824873,3
image_29.png,5,False,574.8811930422423,169.2429243252223,20,#0000FF,Quadrant 2,1,2,13,,#0000FF,0,302.6869799148902,3
image_30.png,2,True,173.35735142338802,123.9660972047225,20,#FF0000,Quadrant 1,1,1,63,151,#FF0000,0,206.17714462723873,5
image_30.png,5,False,599.3645371359336,24.127370564597506,20,#0000FF,Quadrant 2,1,2,63,,#0000FF,0,142.12957147508703,5
image_30.png,5,False,367.0871864520779,227.02148318371314,20,#0000FF,Quadrant 4,2,2,63,,#0000FF,0,205.6391766977595,5
image_30.png,5,False,112.59143361355514,369.8183206186991,20,#0000FF,Quadrant 3,2,1,63,,#0000FF,0,353.79171508027855,5
image_30.png,5,False,664.9033618064935,74.18828965334833,20,#0000FF,Quadrant 2,1,2,63,,#0000FF,0,161.6543050276967,5
image_30.png,5,False,143.7882719035607,27.13149043944261,20,#0000FF,Quadrant 1,1,1,63,,#0000FF,0,76.28045745973182,5
image_30.png,5,False,481.67344838370343,87.32548782950462,20,#0000FF,Quadrant 2,1,2,63,,#0000FF,0,28.21266797021607,5
image_30.png,5,False,112.88811475560435,235.92801345498145,20,#0000FF,Quadrant 3,2,1,63,,#0000FF,0,296.1230518356072,5
image_30.png,5,False,511.97397332538543,316.1759071598241,20,#0000FF,Quadrant 4,2,2,63,,#0000FF,0,115.1098159543396,5
image_30.png,5,False,394.33493653519145,219.67648441550082,20,#0000FF,Quadrant 4,2,2,63,,#0000FF,0,31.329878715542655,5
image_30.png,5,False,369.06515432648575,357.68720227606775,20,#0000FF,Quadrant 4,2,2,63,,#0000FF,0,308.38470503264887,5
image_30.png,5,False,493.5839517733969,233.10376116282072,20,#0000FF,Quadrant 4,2,2,63,,#0000FF,0,4.45096703736652,5
image_30.png,5,False,88.52548256926839,67.56479680552707,20,#0000FF,Quadrant 1,1,1,63,,#0000FF,0,281.4068379331662,5
image_30.png,5,False,412.4645128587038,375.7063692598618,20,#0000FF,Quadrant 4,2,2,63,,#0000FF,0,203.97381373983833,5
image_30.png,5,False,83.7823911062561,305.66789545248736,20,#0000FF,Quadrant 3,2,1,63,,#0000FF,0,36.073439217911194,5
image_30.png,5,False,608.6904594902059,343.6913265882622,20,#0000FF,Quadrant 4,2,2,63,,#0000FF,0,282.8684269114839,5
image_30.png,5,False,192.99013818738572,258.5097395297218,20,#0000FF,Quadrant 3,2,1,63,,#0000FF,0,316.0416825705797,5
image_30.png,5,False,336.929118423267,76.09149724324453,20,#0000FF,Quadrant 1,1,1,63,,#0000FF,0,205.92836632748225,5
image_30.png,5,False,436.970452646639,268.3472622946199,20,#0000FF,Quadrant 4,2,2,63,,#0000FF,0,145.0706250353676,5
image_30.png,5,False,283.70120077518095,343.2459847726282,20,#0000FF,Quadrant 3,2,1,63,,#0000FF,0,144.61916337878785,5
image_30.png,5,False,44.96148213611263,190.63247625586106,20,#0000FF,Quadrant 1,1,1,63,,#0000FF,0,248.58495150155233,5
image_30.png,5,False,267.61163948431954,138.71337877938058,20,#0000FF,Quadrant 1,1,1,63,,#0000FF,0,96.69036778011386,5
image_30.png,5,False,225.24406621723503,329.5960029351119,20,#0000FF,Quadrant 3,2,1,63,,#0000FF,0,285.7147415660305,5
image_30.png,5,False,482.86304669582677,378.6037309351877,20,#0000FF,Quadrant 4,2,2,63,,#0000FF,0,308.9645219640867,5
image_30.png,5,False,218.03102833954375,292.12753654640767,20,#0000FF,Quadrant 3,2,1,63,,#0000FF,0,82.06466889663625,5
image_30.png,5,False,72.51863985872032,177.96887406636483,20,#0000FF,Quadrant 1,1,1,63,,#0000FF,0,217.79248768389024,5
image_30.png,5,False,291.54037861906704,194.1260046294962,20,#0000FF,Quadrant 1,1,1,63,,#0000FF,0,328.8358099507465,5
image_30.png,5,False,268.6241344785763,32.24580011346896,20,#0000FF,Quadrant 1,1,1,63,,#0000FF,0,185.94051057240387,5
image_30.png,5,False,56.21009068462109,279.2172325817392,20,#0000FF,Quadrant 3,2,1,63,,#0000FF,0,284.9365411492443,5
image_30.png,5,False,548.7758200134522,209.18019005945115,20,#0000FF,Quadrant 4,2,2,63,,#0000FF,0,145.21865076447975,5
image_30.png,5,False,130.70503829281034,341.81825021540755,20,#0000FF,Quadrant 3,2,1,63,,#0000FF,0,204.7220278562705,5
image_30.png,5,False,50.70535842998915,23.500854824018425,20,#0000FF,Quadrant 1,1,1,63,,#0000FF,0,72.26163939618769,5
image_30.png,5,False,259.2984313480018,86.26349396678425,20,#0000FF,Quadrant 1,1,1,63,,#0000FF,0,18.20134140917051,5
image_30.png,5,False,330.8465215491658,161.04418090123613,20,#0000FF,Quadrant 1,1,1,63,,#0000FF,0,132.60669392691747,5
image_30.png,5,False,318.3652650665876,374.0767029899487,20,#0000FF,Quadrant 3,2,1,63,,#0000FF,0,175.96322606396444,5
image_30.png,5,False,390.8689334987444,141.12612345671758,20,#0000FF,Quadrant 2,1,2,63,,#0000FF,0,170.84962406215732,5
image_30.png,5,False,189.21668981786232,325.0689361124151,20,#0000FF,Quadrant 3,2,1,63,,#0000FF,0,301.55535729242183,5
image_30.png,5,False,548.3029631139951,92.01242600372454,20,#0000FF,Quadrant 2,1,2,63,,#0000FF,0,307.37567757079677,5
image_30.png,5,False,166.10219619372504,89.14431276704066,20,#0000FF,Quadrant 1,1,1,63,,#0000FF,0,79.68638772559733,5
image_30.png,5,False,481.0356150279247,190.20874406809236,20,#0000FF,Quadrant 2,1,2,63,,#0000FF,0,348.169808062361,5
image_30.png,5,False,130.33525231619774,313.72689754664367,20,#0000FF,Quadrant 3,2,1,63,,#0000FF,0,47.633072682125544,5
image_30.png,5,False,499.7546873528367,115.09309500604097,20,#0000FF,Quadrant 2,1,2,63,,#0000FF,0,256.5865757176935,5
image_30.png,5,False,597.7428732608306,184.50125114065045,20,#0000FF,Quadrant 2,1,2,63,,#0000FF,0,322.37387102493017,5
image_30.png,5,False,219.1779678880285,207.80112556807313,20,#0000FF,Quadrant 3,2,1,63,,#0000FF,0,78.55525946625532,5
image_30.png,5,False,413.71165037522496,13.777382473291325,20,#0000FF,Quadrant 2,1,2,63,,#0000FF,0,224.4981946272769,5
image_30.png,5,False,676.9084781260984,328.2850425054047,20,#0000FF,Quadrant 4,2,2,63,,#0000FF,0,359.79457675254315,5
image_30.png,5,False,420.10928181287284,117.85185981410666,20,#0000FF,Quadrant 2,1,2,63,,#0000FF,0,202.1245622116563,5
image_30.png,5,False,342.9177705644349,138.11522116959424,20,#0000FF,Quadrant 1,1,1,63,,#0000FF,0,246.38872890858076,5
image_30.png,5,False,235.0194414225795,115.66250365014024,20,#0000FF,Quadrant 1,1,1,63,,#0000FF,0,99.53396998803396,5
image_30.png,5,False,667.0573929015214,257.25432517337083,20,#0000FF,Quadrant 4,2,2,63,,#0000FF,0,236.20305788512346,5
image_30.png,5,False,367.41528046437986,101.83418536247089,20,#0000FF,Quadrant 2,1,2,63,,#0000FF,0,67.80962924640285,5
image_30.png,5,False,601.6902830587969,317.19095244119006,20,#0000FF,Quadrant 4,2,2,63,,#0000FF,0,20.438882782718046,5
image_30.png,5,False,231.19457361132436,63.8933542418856,20,#0000FF,Quadrant 1,1,1,63,,#0000FF,0,145.47543345235968,5
image_30.png,5,False,289.7686383986578,289.48473219089647,20,#0000FF,Quadrant 3,2,1,63,,#0000FF,0,326.48816250773996,5
image_30.png,5,False,502.51144026374993,270.4282459325497,20,#0000FF,Quadrant 4,2,2,63,,#0000FF,0,123.54013786880635,5
image_30.png,5,False,639.798461587236,368.9370377133136,20,#0000FF,Quadrant 4,2,2,63,,#0000FF,0,201.2513961989474,5
image_30.png,5,False,267.0891941079893,232.34572278820963,20,#0000FF,Quadrant 3,2,1,63,,#0000FF,0,319.2636778896612,5
image_30.png,5,False,92.15143368541963,31.289888765638242,20,#0000FF,Quadrant 1,1,1,63,,#0000FF,0,166.95382614759356,5
image_30.png,5,False,410.8357317196084,245.60747481077573,20,#0000FF,Quadrant 4,2,2,63,,#0000FF,0,228.38282771473274,5
image_30.png,5,False,145.0406816290983,56.2904242568772,20,#0000FF,Quadrant 1,1,1,63,,#0000FF,0,169.99908566618993,5
image_30.png,5,False,376.0587296900683,167.15454201724694,20,#0000FF,Quadrant 2,1,2,63,,#0000FF,0,245.05119515509094,5
image_30.png,5,False,66.6791007142007,136.73393093444696,20,#0000FF,Quadrant 1,1,1,63,,#0000FF,0,64.92843687846378,5
image_30.png,5,False,226.94229544080636,32.92913634912446,20,#0000FF,Quadrant 1,1,1,63,,#0000FF,0,355.19053417188474,5
image_30.png,5,False,155.26445178286855,303.39897855917343,20,#0000FF,Quadrant 3,2,1,63,,#0000FF,0,162.7391622846576,5
image_31.png,2,True,537.099156135689,44.27962794091886,20,#FF0000,Quadrant 2,1,2,43,151,#FF0000,0,176.24775262680592,5
image_31.png,5,False,447.47291554408736,163.48273559042525,20,#0000FF,Quadrant 2,1,2,43,,#0000FF,0,221.21270594102225,5
image_31.png,5,False,275.1050134168344,25.260170383526557,20,#0000FF,Quadrant 1,1,1,43,,#0000FF,0,347.5180224468119,5
image_31.png,5,False,585.0945512643626,83.03799635747292,20,#0000FF,Quadrant 2,1,2,43,,#0000FF,0,115.99672818530486,5
image_31.png,5,False,442.78729385474793,105.05514044708337,20,#0000FF,Quadrant 2,1,2,43,,#0000FF,0,243.62933100375963,5
image_31.png,5,False,248.2569943296281,59.73584256189844,20,#0000FF,Quadrant 1,1,1,43,,#0000FF,0,249.66890898134298,5
image_31.png,5,False,416.59410414780154,74.13363078742094,20,#0000FF,Quadrant 2,1,2,43,,#0000FF,0,138.07817147076972,5
image_31.png,5,False,216.46135265746162,120.93290530398593,20,#0000FF,Quadrant 1,1,1,43,,#0000FF,0,296.58377868278774,5
image_31.png,5,False,421.89887392608114,138.70168715659867,20,#0000FF,Quadrant 2,1,2,43,,#0000FF,0,262.0194881208526,5
image_31.png,5,False,696.8804903714426,140.55301323935765,20,#0000FF,Quadrant 2,1,2,43,,#0000FF,0,319.67065578133503,5
image_31.png,5,False,258.52386070660975,82.22504081074864,20,#0000FF,Quadrant 1,1,1,43,,#0000FF,0,324.4981594120288,5
image_31.png,5,False,643.6435266917476,163.48204162142537,20,#0000FF,Quadrant 2,1,2,43,,#0000FF,0,341.31036733449935,5
image_31.png,5,False,512.0193225859255,60.59578348569501,20,#0000FF,Quadrant 2,1,2,43,,#0000FF,0,82.23058254089717,5
image_31.png,5,False,459.22232190352383,25.12337566780101,20,#0000FF,Quadrant 2,1,2,43,,#0000FF,0,131.97292250394545,5
image_31.png,5,False,187.2387408345268,213.12923812527168,20,#0000FF,Quadrant 3,2,1,43,,#0000FF,0,315.55588953581145,5
image_31.png,5,False,696.3346809897176,261.2246281867242,20,#0000FF,Quadrant 4,2,2,43,,#0000FF,0,17.49130616942541,5
image_31.png,5,False,24.602077128246016,271.72540488666704,20,#0000FF,Quadrant 3,2,1,43,,#0000FF,0,235.28434262427095,5
image_31.png,5,False,272.99484265712647,217.87274142753387,20,#0000FF,Quadrant 3,2,1,43,,#0000FF,0,150.0392034646358,5
image_31.png,5,False,116.50457060773665,273.78258704550365,20,#0000FF,Quadrant 3,2,1,43,,#0000FF,0,170.7826817979854,5
image_31.png,5,False,218.46923732742988,261.10920976229295,20,#0000FF,Quadrant 3,2,1,43,,#0000FF,0,226.91208245865727,5
image_31.png,5,False,583.319724404443,50.65758154823664,20,#0000FF,Quadrant 2,1,2,43,,#0000FF,0,49.37886827273122,5
image_31.png,5,False,92.11911765325787,54.09674491464572,20,#0000FF,Quadrant 1,1,1,43,,#0000FF,0,258.7558408258204,5
image_31.png,5,False,147.86754991562844,86.50526796332352,20,#0000FF,Quadrant 1,1,1,43,,#0000FF,0,38.25493499030219,5
image_31.png,5,False,371.447668131288,87.2324658132676,20,#0000FF,Quadrant 2,1,2,43,,#0000FF,0,94.67780962094348,5
image_31.png,5,False,214.49697748942233,25.89535748359895,20,#0000FF,Quadrant 1,1,1,43,,#0000FF,0,253.23723008865298,5
image_31.png,5,False,154.10115516314275,363.7210022784097,20,#0000FF,Quadrant 3,2,1,43,,#0000FF,0,178.68769681251337,5
image_31.png,5,False,586.4749618663732,263.89028972961995,20,#0000FF,Quadrant 4,2,2,43,,#0000FF,0,326.47681593712514,5
image_31.png,5,False,73.06696209381197,204.42462115264104,20,#0000FF,Quadrant 3,2,1,43,,#0000FF,0,53.6920173600358,5
image_31.png,5,False,80.78913975054762,107.72721483975133,20,#0000FF,Quadrant 1,1,1,43,,#0000FF,0,260.4829020834524,5
image_31.png,5,False,79.76834247469843,77.03728378135776,20,#0000FF,Quadrant 1,1,1,43,,#0000FF,0,167.1398486050134,5
image_31.png,5,False,211.20078511676112,314.0033268169891,20,#0000FF,Quadrant 3,2,1,43,,#0000FF,0,14.200027188729688,5
image_31.png,5,False,42.617581007363086,333.0555180781565,20,#0000FF,Quadrant 3,2,1,43,,#0000FF,0,272.95344174284577,5
image_31.png,5,False,128.48295840954262,146.14535880186736,20,#0000FF,Quadrant 1,1,1,43,,#0000FF,0,238.80780989670382,5
image_31.png,5,False,439.42504596609746,343.06375313624505,20,#0000FF,Quadrant 4,2,2,43,,#0000FF,0,157.57722604149652,5
image_31.png,5,False,674.0315418731805,113.75290830357187,20,#0000FF,Quadrant 2,1,2,43,,#0000FF,0,144.27990514107105,5
image_31.png,5,False,597.1127172672063,313.3618586467031,20,#0000FF,Quadrant 4,2,2,43,,#0000FF,0,138.85757631335312,5
image_31.png,5,False,560.0706847973953,53.73537831075023,20,#0000FF,Quadrant 2,1,2,43,,#0000FF,0,233.58473419401494,5
image_31.png,5,False,51.40736661330721,367.25252146396224,20,#0000FF,Quadrant 3,2,1,43,,#0000FF,0,250.62115446856615,5
image_31.png,5,False,297.6430967586877,234.30361453034794,20,#0000FF,Quadrant 3,2,1,43,,#0000FF,0,57.382343093579365,5
image_31.png,5,False,478.4128708757026,79.5164918831002,20,#0000FF,Quadrant 2,1,2,43,,#0000FF,0,288.81532225623454,5
image_31.png,5,False,588.75163234096,378.9620513251896,20,#0000FF,Quadrant 4,2,2,43,,#0000FF,0,246.4070880173302,5
image_31.png,5,False,645.1542121046527,53.69036720328408,20,#0000FF,Quadrant 2,1,2,43,,#0000FF,0,47.03591863742971,5
image_31.png,5,False,42.67493218659263,109.88966381236916,20,#0000FF,Quadrant 1,1,1,43,,#0000FF,0,148.06233494466272,5
image_31.png,5,False,496.4474735951493,267.2571321456221,20,#0000FF,Quadrant 4,2,2,43,,#0000FF,0,113.12566015459353,5
image_32.png,2,True,472.52276280966333,138.87764258846397,20,#FF0000,Quadrant 2,1,2,79,151,#FF0000,0,352.04240071828747,6
image_32.png,5,False,493.6997469810149,47.0015283347406,20,#0000FF,Quadrant 2,1,2,79,,#0000FF,0,188.31714308088263,6
image_32.png,5,False,182.26954945213754,141.6933062589364,20,#0000FF,Quadrant 1,1,1,79,,#0000FF,0,238.21677462454667,6
image_32.png,5,False,276.17998939322615,328.1544820248596,20,#0000FF,Quadrant 3,2,1,79,,#0000FF,0,243.46640460867883,6
image_32.png,5,False,691.5884294606578,31.62599155606147,20,#0000FF,Quadrant 2,1,2,79,,#0000FF,0,201.00392521278764,6
image_32.png,5,False,119.1229602048997,331.86362726532826,20,#0000FF,Quadrant 3,2,1,79,,#0000FF,0,231.62353796045264,6
image_32.png,5,False,610.0273722481971,39.29906165630025,20,#0000FF,Quadrant 2,1,2,79,,#0000FF,0,306.67361452058384,6
image_32.png,5,False,176.97446170439227,377.71482844012525,20,#0000FF,Quadrant 3,2,1,79,,#0000FF,0,176.99326601198445,6
image_32.png,5,False,164.44479446330251,254.1739450031892,20,#0000FF,Quadrant 3,2,1,79,,#0000FF,0,18.12625722955582,6
image_32.png,5,False,172.91499999399687,184.5377568148329,20,#0000FF,Quadrant 1,1,1,79,,#0000FF,0,145.17971764622024,6
image_32.png,5,False,319.7399255234426,334.7907267392905,20,#0000FF,Quadrant 3,2,1,79,,#0000FF,0,288.45406358161995,6
image_32.png,5,False,92.78902106495303,199.00712556913737,20,#0000FF,Quadrant 1,1,1,79,,#0000FF,0,160.9445231689673,6
image_32.png,5,False,81.72124849982502,166.86397102135768,20,#0000FF,Quadrant 1,1,1,79,,#0000FF,0,235.21428112981383,6
image_32.png,5,False,11.116933964573807,45.35851673255918,20,#0000FF,Quadrant 1,1,1,79,,#0000FF,0,200.56716410573992,6
image_32.png,5,False,437.5365799312574,126.13802816317914,20,#0000FF,Quadrant 2,1,2,79,,#0000FF,0,217.51317938224707,6
image_32.png,5,False,261.3429670455997,31.51603062950464,20,#0000FF,Quadrant 1,1,1,79,,#0000FF,0,342.12784679761165,6
image_32.png,5,False,324.1229280138696,222.73701945009375,20,#0000FF,Quadrant 3,2,1,79,,#0000FF,0,80.25052118267325,6
image_32.png,5,False,336.9891062734827,259.4092040309707,20,#0000FF,Quadrant 3,2,1,79,,#0000FF,0,223.11286908375035,6
image_32.png,5,False,89.56209390710369,298.02294150790624,20,#0000FF,Quadrant 3,2,1,79,,#0000FF,0,257.7288601019359,6
image_32.png,5,False,246.19505194344185,324.69610876980363,20,#0000FF,Quadrant 3,2,1,79,,#0000FF,0,79.82895881526841,6
image_32.png,5,False,212.17667546390595,208.31036273636337,20,#0000FF,Quadrant 3,2,1,79,,#0000FF,0,347.1961260435624,6
image_32.png,5,False,42.54111769011862,73.05072899263774,20,#0000FF,Quadrant 1,1,1,79,,#0000FF,0,252.75457917359472,6
image_32.png,5,False,504.9138616143912,283.7493380805974,20,#0000FF,Quadrant 4,2,2,79,,#0000FF,0,50.56170743600959,6
image_32.png,5,False,431.8768668695531,81.89140540094607,20,#0000FF,Quadrant 2,1,2,79,,#0000FF,0,38.50614198702684,6
image_32.png,5,False,281.7056815515545,183.7633911347498,20,#0000FF,Quadrant 1,1,1,79,,#0000FF,0,334.8778532951323,6
image_32.png,5,False,649.445679540207,327.5622377698838,20,#0000FF,Quadrant 4,2,2,79,,#0000FF,0,149.2093242461989,6
image_32.png,5,False,543.0080246360507,181.2907376504884,20,#0000FF,Quadrant 2,1,2,79,,#0000FF,0,211.97199884324448,6
image_32.png,5,False,669.8151316001424,61.89241345477919,20,#0000FF,Quadrant 2,1,2,79,,#0000FF,0,237.04441020007295,6
image_32.png,5,False,376.42103544064906,29.36006692886017,20,#0000FF,Quadrant 2,1,2,79,,#0000FF,0,179.57831115694006,6
image_32.png,5,False,588.9443002577734,193.54828221658013,20,#0000FF,Quadrant 2,1,2,79,,#0000FF,0,336.7109810993949,6
image_32.png,5,False,645.680834376179,77.98252175381103,20,#0000FF,Quadrant 2,1,2,79,,#0000FF,0,182.999843665878,6
image_32.png,5,False,424.77620902392835,344.6590364251803,20,#0000FF,Quadrant 4,2,2,79,,#0000FF,0,139.46600851943975,6
image_32.png,5,False,276.03255809441214,381.2512873575062,20,#0000FF,Quadrant 3,2,1,79,,#0000FF,0,181.4796429671392,6
image_32.png,5,False,536.2761381643752,114.41924262341004,20,#0000FF,Quadrant 2,1,2,79,,#0000FF,0,329.7276870109557,6
image_32.png,5,False,679.6687467894373,182.17567689875665,20,#0000FF,Quadrant 2,1,2,79,,#0000FF,0,346.893673564711,6
image_32.png,5,False,295.3816307644497,275.6053996911133,20,#0000FF,Quadrant 3,2,1,79,,#0000FF,0,48.01385916579366,6
image_32.png,5,False,216.95114998428733,276.1648493339915,20,#0000FF,Quadrant 3,2,1,79,,#0000FF,0,269.4336717160498,6
image_32.png,5,False,501.48143155625496,364.62356528083853,20,#0000FF,Quadrant 4,2,2,79,,#0000FF,0,309.8547166064969,6
image_32.png,5,False,248.90727723912238,265.1572635333978,20,#0000FF,Quadrant 3,2,1,79,,#0000FF,0,104.60861837253023,6
image_32.png,5,False,458.90952119900777,373.24739916036424,20,#0000FF,Quadrant 4,2,2,79,,#0000FF,0,353.28077864455224,6
image_32.png,5,False,253.69184589692253,192.57983066365694,20,#0000FF,Quadrant 1,1,1,79,,#0000FF,0,41.54589082210515,6
image_32.png,5,False,470.67133701797707,168.80665872144726,20,#0000FF,Quadrant 2,1,2,79,,#0000FF,0,205.42974993111574,6
image_32.png,5,False,590.7172293652521,119.08077652518743,20,#0000FF,Quadrant 2,1,2,79,,#0000FF,0,269.2327404155713,6
image_32.png,5,False,111.13010431499612,264.356079573904,20,#0000FF,Quadrant 3,2,1,79,,#0000FF,0,9.097970851609949,6
image_32.png,5,False,527.877477863667,71.83357906174095,20,#0000FF,Quadrant 2,1,2,79,,#0000FF,0,71.96487021529805,6
image_32.png,5,False,183.6365341386881,328.2863258678347,20,#0000FF,Quadrant 3,2,1,79,,#0000FF,0,103.18159733727958,6
image_32.png,5,False,571.864063895029,49.73744239575515,20,#0000FF,Quadrant 2,1,2,79,,#0000FF,0,11.630297967237775,6
image_32.png,5,False,520.5103188390935,337.91008140733976,20,#0000FF,Quadrant 4,2,2,79,,#0000FF,0,312.4927345155877,6
image_32.png,5,False,397.7154108728685,100.8110886300253,20,#0000FF,Quadrant 2,1,2,79,,#0000FF,0,267.2685849142298,6
image_32.png,5,False,561.388187465314,119.72741140372926,20,#0000FF,Quadrant 2,1,2,79,,#0000FF,0,282.35058223351916,6
image_32.png,5,False,649.3480348952892,157.49565718667233,20,#0000FF,Quadrant 2,1,2,79,,#0000FF,0,239.21768469298448,6
image_32.png,5,False,683.341855496671,129.1832047781717,20,#0000FF,Quadrant 2,1,2,79,,#0000FF,0,344.4127092042576,6
image_32.png,5,False,19.933048757825794,106.00694652473156,20,#0000FF,Quadrant 1,1,1,79,,#0000FF,0,198.76485511190288,6
image_32.png,5,False,549.0572511914851,339.9046388974647,20,#0000FF,Quadrant 4,2,2,79,,#0000FF,0,223.40221042026565,6
image_32.png,5,False,639.0141138038059,277.3497880414738,20,#0000FF,Quadrant 4,2,2,79,,#0000FF,0,298.794053503852,6
image_32.png,5,False,531.2692088886909,217.62052167306922,20,#0000FF,Quadrant 4,2,2,79,,#0000FF,0,233.1476587980002,6
image_32.png,5,False,545.7651073892869,375.5015531416396,20,#0000FF,Quadrant 4,2,2,79,,#0000FF,0,217.21931182391097,6
image_32.png,5,False,133.24644405841332,269.0450459431803,20,#0000FF,Quadrant 3,2,1,79,,#0000FF,0,105.90397984961695,6
image_32.png,5,False,130.74484584830526,205.23411034878893,20,#0000FF,Quadrant 3,2,1,79,,#0000FF,0,67.31156935163652,6
image_32.png,5,False,499.9759251619404,69.5165537677522,20,#0000FF,Quadrant 2,1,2,79,,#0000FF,0,119.00260394721687,6
image_32.png,5,False,233.29209059663526,30.22335677179572,20,#0000FF,Quadrant 1,1,1,79,,#0000FF,0,55.33321808506671,6
image_32.png,5,False,435.1543778324384,261.19449974474696,20,#0000FF,Quadrant 4,2,2,79,,#0000FF,0,335.6574716056287,6
image_32.png,5,False,405.5744464923468,146.35635232589348,20,#0000FF,Quadrant 2,1,2,79,,#0000FF,0,176.5983388153236,6
image_32.png,5,False,230.00485470143855,94.14564183161671,20,#0000FF,Quadrant 1,1,1,79,,#0000FF,0,282.2513214853805,6
image_32.png,5,False,57.973587212949425,201.9430524724874,20,#0000FF,Quadrant 3,2,1,79,,#0000FF,0,66.19287511272923,6
image_32.png,5,False,158.000775218289,136.451968633705,20,#0000FF,Quadrant 1,1,1,79,,#0000FF,0,79.631309196523,6
image_32.png,5,False,161.50880190553065,295.50385065160737,20,#0000FF,Quadrant 3,2,1,79,,#0000FF,0,129.88721687858376,6
image_32.png,5,False,697.6788159143894,322.35421554972646,20,#0000FF,Quadrant 4,2,2,79,,#0000FF,0,190.97960241845686,6
image_32.png,5,False,17.065746747280777,263.85874090187815,20,#0000FF,Quadrant 3,2,1,79,,#0000FF,0,353.2079511415067,6
image_32.png,5,False,634.1980598980199,242.97901468898027,20,#0000FF,Quadrant 4,2,2,79,,#0000FF,0,160.44020866248928,6
image_32.png,5,False,671.6799062749402,269.0044143705036,20,#0000FF,Quadrant 4,2,2,79,,#0000FF,0,223.60741114450823,6
image_32.png,5,False,642.0774444757874,368.20533942323465,20,#0000FF,Quadrant 4,2,2,79,,#0000FF,0,115.53732378254932,6
image_32.png,5,False,577.4331452613367,152.73413993722812,20,#0000FF,Quadrant 2,1,2,79,,#0000FF,0,328.0809335863025,6
image_32.png,5,False,317.98870242691373,27.57592782416966,20,#0000FF,Quadrant 1,1,1,79,,#0000FF,0,289.01402550298576,6
image_32.png,5,False,126.33502354809801,372.47240604694485,20,#0000FF,Quadrant 3,2,1,79,,#0000FF,0,341.3562550734305,6
image_32.png,5,False,327.40618709416873,136.38841192663477,20,#0000FF,Quadrant 1,1,1,79,,#0000FF,0,55.35164779835239,6
image_32.png,5,False,48.390700844202875,311.21318947688655,20,#0000FF,Quadrant 3,2,1,79,,#0000FF,0,31.507523256311494,6
image_32.png,5,False,278.3544639112471,249.22212602854782,20,#0000FF,Quadrant 3,2,1,79,,#0000FF,0,93.11326523682324,6
image_32.png,5,False,312.558866983607,160.35281161041746,20,#0000FF,Quadrant 1,1,1,79,,#0000FF,0,275.4987267673665,6
image_32.png,5,False,393.44305474614043,57.582890076862626,20,#0000FF,Quadrant 2,1,2,79,,#0000FF,0,199.2687075951404,6
image_33.png,2,True,663.4687991786927,126.17325558811417,20,#FF0000,Quadrant 2,1,2,4,151,#FF0000,0,193.37473747960595,1
image_33.png,5,False,633.5434530464621,140.97592364278853,20,#0000FF,Quadrant 2,1,2,4,,#0000FF,0,269.3867712238056,1
image_33.png,5,False,456.04680595290023,204.7449185389879,20,#0000FF,Quadrant 4,2,2,4,,#0000FF,0,148.55561856944925,1
image_33.png,5,False,163.12291088725408,326.5348826761275,20,#0000FF,Quadrant 3,2,1,4,,#0000FF,0,57.94356872318221,1
image_33.png,5,False,135.9556515090449,313.27150026289087,20,#0000FF,Quadrant 3,2,1,4,,#0000FF,0,69.95743752467716,1
image_34.png,2,True,61.39661021724108,264.8970241655642,20,#FF0000,Quadrant 3,2,1,4,151,#FF0000,0,232.0828249892537,1
image_34.png,5,False,147.02072119661412,230.46515698848643,20,#0000FF,Quadrant 3,2,1,4,,#0000FF,0,90.24754133338378,1
image_34.png,5,False,257.06832935914565,264.7497238648592,20,#0000FF,Quadrant 3,2,1,4,,#0000FF,0,342.55436628391095,1
image_34.png,5,False,207.45949213092305,37.38775842074176,20,#0000FF,Quadrant 1,1,1,4,,#0000FF,0,84.43182554853126,1
image_34.png,5,False,345.75838765870833,135.11481756700155,20,#0000FF,Quadrant 1,1,1,4,,#0000FF,0,69.65948488118453,1
image_35.png,2,True,116.0001288552979,225.27379554345097,20,#FF0000,Quadrant 3,2,1,84,151,#FF0000,0,249.64492656514923,6
image_35.png,5,False,671.5159972094282,74.7457351224605,20,#0000FF,Quadrant 2,1,2,84,,#0000FF,0,290.77191527098364,6
image_35.png,5,False,552.3198172124565,280.2112700913141,20,#0000FF,Quadrant 4,2,2,84,,#0000FF,0,112.75732106434587,6
image_35.png,5,False,201.63240633037555,146.88570790564717,20,#0000FF,Quadrant 1,1,1,84,,#0000FF,0,230.70187596235172,6
image_35.png,5,False,239.44687275486683,192.42260084268958,20,#0000FF,Quadrant 1,1,1,84,,#0000FF,0,244.64886474512667,6
image_35.png,5,False,544.8144364913558,195.07518256106934,20,#0000FF,Quadrant 2,1,2,84,,#0000FF,0,160.32887048383785,6
image_35.png,5,False,455.7850552124266,41.986055986566456,20,#0000FF,Quadrant 2,1,2,84,,#0000FF,0,39.17974906621317,6
image_35.png,5,False,580.4196908508326,347.9102807164015,20,#0000FF,Quadrant 4,2,2,84,,#0000FF,0,101.02173826945507,6
image_35.png,5,False,516.4122411436243,247.86193855779453,20,#0000FF,Quadrant 4,2,2,84,,#0000FF,0,70.71549456391091,6
image_35.png,5,False,625.660472213002,332.1439891585216,20,#0000FF,Quadrant 4,2,2,84,,#0000FF,0,261.87313219267116,6
image_35.png,5,False,570.9106134841036,229.82449758902806,20,#0000FF,Quadrant 4,2,2,84,,#0000FF,0,227.38553800605177,6
image_35.png,5,False,157.59211277546854,24.856084916759492,20,#0000FF,Quadrant 1,1,1,84,,#0000FF,0,276.9120917649051,6
image_35.png,5,False,626.9563089022316,214.99795015495485,20,#0000FF,Quadrant 4,2,2,84,,#0000FF,0,93.8218757186007,6
image_35.png,5,False,113.40812570638231,159.3643747300648,20,#0000FF,Quadrant 1,1,1,84,,#0000FF,0,235.40693014168,6
image_35.png,5,False,417.23492004121306,335.00805026291073,20,#0000FF,Quadrant 4,2,2,84,,#0000FF,0,320.917515739591,6
image_35.png,5,False,356.27386507894,45.22942116845242,20,#0000FF,Quadrant 2,1,2,84,,#0000FF,0,48.19725340077584,6
image_35.png,5,False,18.29766976524497,101.29694411558755,20,#0000FF,Quadrant 1,1,1,84,,#0000FF,0,130.9916009067015,6
image_35.png,5,False,687.4968541865854,269.61310628569765,20,#0000FF,Quadrant 4,2,2,84,,#0000FF,0,347.040096598524,6
image_35.png,5,False,107.71540724073265,71.18607397166546,20,#0000FF,Quadrant 1,1,1,84,,#0000FF,0,272.59418565846386,6
image_35.png,5,False,515.3510830859382,366.0082476260119,20,#0000FF,Quadrant 4,2,2,84,,#0000FF,0,52.63165909745641,6
image_35.png,5,False,535.6544683276521,98.60146507443129,20,#0000FF,Quadrant 2,1,2,84,,#0000FF,0,14.551137378624679,6
image_35.png,5,False,172.2388628385589,263.7253568035409,20,#0000FF,Quadrant 3,2,1,84,,#0000FF,0,95.16856143621105,6
image_35.png,5,False,556.3162549801333,157.69919556034247,20,#0000FF,Quadrant 2,1,2,84,,#0000FF,0,186.4386827258869,6
image_35.png,5,False,618.3893151282922,26.08397606509131,20,#0000FF,Quadrant 2,1,2,84,,#0000FF,0,330.4446998512122,6
image_35.png,5,False,82.12203388567472,377.07084951608596,20,#0000FF,Quadrant 3,2,1,84,,#0000FF,0,233.46890953679085,6
image_35.png,5,False,199.43827222456773,291.44186927030586,20,#0000FF,Quadrant 3,2,1,84,,#0000FF,0,228.08411343897114,6
image_35.png,5,False,403.84034460620967,153.3773172876929,20,#0000FF,Quadrant 2,1,2,84,,#0000FF,0,208.30731657122092,6
image_35.png,5,False,184.3430366463253,378.6708129565242,20,#0000FF,Quadrant 3,2,1,84,,#0000FF,0,28.021489575495142,6
image_35.png,5,False,290.62527755757213,319.9154972582902,20,#0000FF,Quadrant 3,2,1,84,,#0000FF,0,80.24373163203774,6
image_35.png,5,False,557.140985415681,346.35099464946796,20,#0000FF,Quadrant 4,2,2,84,,#0000FF,0,124.21163629941762,6
image_35.png,5,False,618.7215935569194,177.28170888572186,20,#0000FF,Quadrant 2,1,2,84,,#0000FF,0,2.3751671661534113,6
image_35.png,5,False,365.5189371955071,117.14599415625231,20,#0000FF,Quadrant 2,1,2,84,,#0000FF,0,82.79667576962531,6
image_35.png,5,False,466.50454396537407,167.72397296595014,20,#0000FF,Quadrant 2,1,2,84,,#0000FF,0,294.1038271978414,6
image_35.png,5,False,89.09036262158281,266.2367231472725,20,#0000FF,Quadrant 3,2,1,84,,#0000FF,0,118.88091548749831,6
image_35.png,5,False,418.0549292795261,255.66399050512885,20,#0000FF,Quadrant 4,2,2,84,,#0000FF,0,172.44761881123048,6
image_35.png,5,False,178.8888418132547,59.340573450758306,20,#0000FF,Quadrant 1,1,1,84,,#0000FF,0,147.92371457875203,6
image_35.png,5,False,366.96543722768286,164.2624876242663,20,#0000FF,Quadrant 2,1,2,84,,#0000FF,0,332.08087343583634,6
image_35.png,5,False,450.32204493753017,343.0763955562478,20,#0000FF,Quadrant 4,2,2,84,,#0000FF,0,348.9277273632414,6
image_35.png,5,False,428.89634367095334,189.1942859578155,20,#0000FF,Quadrant 2,1,2,84,,#0000FF,0,77.97363044107861,6
image_35.png,5,False,162.14166841000693,166.2698700213211,20,#0000FF,Quadrant 1,1,1,84,,#0000FF,0,173.40062365981967,6
image_35.png,5,False,412.44318882593683,301.11126258039627,20,#0000FF,Quadrant 4,2,2,84,,#0000FF,0,51.37636934266821,6
image_35.png,5,False,362.94458192776705,74.3988032023803,20,#0000FF,Quadrant 2,1,2,84,,#0000FF,0,224.35622600818834,6
image_35.png,5,False,271.58762161123184,60.976589016910665,20,#0000FF,Quadrant 1,1,1,84,,#0000FF,0,24.78344293484809,6
image_35.png,5,False,371.1481153388222,354.73022632783574,20,#0000FF,Quadrant 4,2,2,84,,#0000FF,0,5.9625458184292635,6
image_35.png,5,False,632.208062451791,237.7296152171181,20,#0000FF,Quadrant 4,2,2,84,,#0000FF,0,63.87198635423857,6
image_35.png,5,False,377.1552356689708,295.4008310915619,20,#0000FF,Quadrant 4,2,2,84,,#0000FF,0,315.9909495874685,6
image_35.png,5,False,11.826941803184178,365.46376975552005,20,#0000FF,Quadrant 3,2,1,84,,#0000FF,0,194.14295507898805,6
image_35.png,5,False,308.3013125858342,170.0185595601996,20,#0000FF,Quadrant 1,1,1,84,,#0000FF,0,244.2813696989672,6
image_35.png,5,False,491.6758941191701,173.1454679723516,20,#0000FF,Quadrant 2,1,2,84,,#0000FF,0,314.93674826352134,6
image_35.png,5,False,343.18305558714115,301.5578919806137,20,#0000FF,Quadrant 3,2,1,84,,#0000FF,0,337.83178604266095,6
image_35.png,5,False,423.2234290472566,216.530326295409,20,#0000FF,Quadrant 4,2,2,84,,#0000FF,0,30.174329146564,6
image_35.png,5,False,14.768453907992988,292.09806755484414,20,#0000FF,Quadrant 3,2,1,84,,#0000FF,0,92.8097914758888,6
image_35.png,5,False,371.03049392390176,207.4699776077222,20,#0000FF,Quadrant 4,2,2,84,,#0000FF,0,2.5610685950172574,6
image_35.png,5,False,152.53348165654597,315.0205437795136,20,#0000FF,Quadrant 3,2,1,84,,#0000FF,0,135.0107574137792,6
image_35.png,5,False,84.43583613367703,172.05506067198291,20,#0000FF,Quadrant 1,1,1,84,,#0000FF,0,147.18422778261547,6
image_35.png,5,False,191.03769449203534,213.6476487525274,20,#0000FF,Quadrant 3,2,1,84,,#0000FF,0,210.733266557066,6
image_35.png,5,False,432.58578646079604,385.8998988365304,20,#0000FF,Quadrant 4,2,2,84,,#0000FF,0,203.28128555142783,6
image_35.png,5,False,151.34493256147354,219.69567047262206,20,#0000FF,Quadrant 3,2,1,84,,#0000FF,0,143.08349335037084,6
image_35.png,5,False,692.0821939131914,229.35213586812228,20,#0000FF,Quadrant 4,2,2,84,,#0000FF,0,174.1536567461487,6
image_35.png,5,False,93.05009173783644,97.85355309257551,20,#0000FF,Quadrant 1,1,1,84,,#0000FF,0,310.9789895813303,6
image_35.png,5,False,665.0299279278281,48.905317433664024,20,#0000FF,Quadrant 2,1,2,84,,#0000FF,0,281.9193337243208,6
image_35.png,5,False,552.6098936735367,313.7227112063602,20,#0000FF,Quadrant 4,2,2,84,,#0000FF,0,183.00367552192452,6
image_35.png,5,False,482.6649037821461,30.675957297973085,20,#0000FF,Quadrant 2,1,2,84,,#0000FF,0,221.049132130598,6
image_35.png,5,False,449.11899005357355,315.0516184153518,20,#0000FF,Quadrant 4,2,2,84,,#0000FF,0,140.07732501063708,6
image_35.png,5,False,335.9797068008688,237.89277698526286,20,#0000FF,Quadrant 3,2,1,84,,#0000FF,0,296.3719675862658,6
image_35.png,5,False,463.10473337004197,119.28537040194124,20,#0000FF,Quadrant 2,1,2,84,,#0000FF,0,144.2321489827902,6
image_35.png,5,False,50.59203082768781,303.4239949438457,20,#0000FF,Quadrant 3,2,1,84,,#0000FF,0,346.87073599614297,6
image_35.png,5,False,351.6198121789972,15.048530207912123,20,#0000FF,Quadrant 1,1,1,84,,#0000FF,0,63.09760623056344,6
image_35.png,5,False,652.2925840012276,206.86194065295504,20,#0000FF,Quadrant 4,2,2,84,,#0000FF,0,306.20434907435117,6
image_35.png,5,False,462.3081732556069,379.7941505574742,20,#0000FF,Quadrant 4,2,2,84,,#0000FF,0,129.50639937916685,6
image_35.png,5,False,290.35571616000857,86.71732482095612,20,#0000FF,Quadrant 1,1,1,84,,#0000FF,0,241.07833670267104,6
image_35.png,5,False,511.30957098832687,222.34504170621474,20,#0000FF,Quadrant 4,2,2,84,,#0000FF,0,197.85335527671694,6
image_35.png,5,False,250.4103362240284,319.2646244505045,20,#0000FF,Quadrant 3,2,1,84,,#0000FF,0,209.85566947843347,6
image_35.png,5,False,674.5463690983344,182.89890527301898,20,#0000FF,Quadrant 2,1,2,84,,#0000FF,0,81.46638466634471,6
image_35.png,5,False,14.204850129060972,77.16314941567843,20,#0000FF,Quadrant 1,1,1,84,,#0000FF,0,145.42432909433856,6
image_35.png,5,False,395.89656116719493,201.1979448439716,20,#0000FF,Quadrant 4,2,2,84,,#0000FF,0,182.24571465199725,6
image_35.png,5,False,91.61919929256437,205.0223677280257,20,#0000FF,Quadrant 3,2,1,84,,#0000FF,0,122.38772199247455,6
image_35.png,5,False,178.61527366115962,139.39176858475977,20,#0000FF,Quadrant 1,1,1,84,,#0000FF,0,174.10676238826056,6
image_35.png,5,False,480.6187298702924,349.886004997942,20,#0000FF,Quadrant 4,2,2,84,,#0000FF,0,279.2155698328125,6
image_35.png,5,False,343.077441663361,108.45587110173335,20,#0000FF,Quadrant 1,1,1,84,,#0000FF,0,310.3283805388678,6
image_35.png,5,False,246.633092935263,220.6204685275836,20,#0000FF,Quadrant 3,2,1,84,,#0000FF,0,269.56372749497655,6
image_35.png,5,False,227.2583451165827,93.61799857058777,20,#0000FF,Quadrant 1,1,1,84,,#0000FF,0,64.2548690107462,6
image_35.png,5,False,142.0254060090373,289.62842972184677,20,#0000FF,Quadrant 3,2,1,84,,#0000FF,0,334.8918948141775,6
image_35.png,5,False,177.77694079518002,111.32323111714663,20,#0000FF,Quadrant 1,1,1,84,,#0000FF,0,84.55009389485764,6
image_35.png,5,False,547.6886130758295,56.314070223503656,20,#0000FF,Quadrant 2,1,2,84,,#0000FF,0,128.1698544037223,6
image_36.png,2,True,537.5642625058781,215.67715483994326,20,#FF0000,Quadrant 4,2,2,4,151,#FF0000,0,220.9777110992709,1
image_36.png,5,False,343.29924394752385,245.6123054864078,20,#0000FF,Quadrant 3,2,1,4,,#0000FF,0,15.21472562315919,1
image_36.png,5,False,689.913955904545,350.0659142670655,20,#0000FF,Quadrant 4,2,2,4,,#0000FF,0,177.24253597351634,1
image_36.png,5,False,349.1648872569107,383.1011900521156,20,#0000FF,Quadrant 3,2,1,4,,#0000FF,0,312.7567808248392,1
image_36.png,5,False,204.1037033732159,94.95107200416942,20,#0000FF,Quadrant 1,1,1,4,,#0000FF,0,329.7624586821206,1
image_37.png,2,True,561.6969733504069,191.80498895935241,20,#FF0000,Quadrant 2,1,2,41,151,#FF0000,0,19.493341663962287,5
image_37.png,5,False,357.2054211518324,159.8249968382064,20,#0000FF,Quadrant 2,1,2,41,,#0000FF,0,194.67646041305775,5
image_37.png,5,False,131.4374495000248,380.1197197996018,20,#0000FF,Quadrant 3,2,1,41,,#0000FF,0,247.0819127509402,5
image_37.png,5,False,327.9886365419903,271.5215875445473,20,#0000FF,Quadrant 3,2,1,41,,#0000FF,0,251.36804451461023,5
image_37.png,5,False,156.20839374829748,230.62110677423087,20,#0000FF,Quadrant 3,2,1,41,,#0000FF,0,4.255192299761612,5
image_37.png,5,False,433.20410839326047,109.16689071613266,20,#0000FF,Quadrant 2,1,2,41,,#0000FF,0,117.1570319695535,5
image_37.png,5,False,174.38887607769868,189.16854787113616,20,#0000FF,Quadrant 1,1,1,41,,#0000FF,0,197.4828241365079,5
image_37.png,5,False,263.12174012300756,199.5350662786544,20,#0000FF,Quadrant 1,1,1,41,,#0000FF,0,220.7102555298412,5
image_37.png,5,False,493.7909998764312,151.73303933441247,20,#0000FF,Quadrant 2,1,2,41,,#0000FF,0,75.79169355983628,5
image_37.png,5,False,203.66474746579132,78.99812845880443,20,#0000FF,Quadrant 1,1,1,41,,#0000FF,0,307.55739140669505,5
image_37.png,5,False,407.7900904242859,97.39823131087473,20,#0000FF,Quadrant 2,1,2,41,,#0000FF,0,47.21009993954061,5
image_37.png,5,False,273.42865035748144,66.12893195758875,20,#0000FF,Quadrant 1,1,1,41,,#0000FF,0,155.59875062310056,5
image_37.png,5,False,114.03861145591773,315.5426406687691,20,#0000FF,Quadrant 3,2,1,41,,#0000FF,0,345.2932514688009,5
image_37.png,5,False,355.2229021910651,387.3223491732494,20,#0000FF,Quadrant 3,2,1,41,,#0000FF,0,63.57861959746062,5
image_37.png,5,False,367.21780572022493,283.37180456031035,20,#0000FF,Quadrant 4,2,2,41,,#0000FF,0,305.78036954279776,5
image_37.png,5,False,217.72355150372613,223.48833488310683,20,#0000FF,Quadrant 3,2,1,41,,#0000FF,0,282.7198572097962,5
image_37.png,5,False,285.4989103838327,272.0253205131235,20,#0000FF,Quadrant 3,2,1,41,,#0000FF,0,204.42042691391222,5
image_37.png,5,False,320.9499703349525,137.50017155850475,20,#0000FF,Quadrant 1,1,1,41,,#0000FF,0,226.7503964503756,5
image_37.png,5,False,397.08117398702825,363.23724964399634,20,#0000FF,Quadrant 4,2,2,41,,#0000FF,0,129.94632757984377,5
image_37.png,5,False,24.666544859880638,56.82777092391402,20,#0000FF,Quadrant 1,1,1,41,,#0000FF,0,92.77733716287091,5
image_37.png,5,False,674.5873104724428,86.20616582073806,20,#0000FF,Quadrant 2,1,2,41,,#0000FF,0,312.2526902306892,5
image_37.png,5,False,458.2512258588072,76.97567990573528,20,#0000FF,Quadrant 2,1,2,41,,#0000FF,0,207.32200469040552,5
image_37.png,5,False,255.67012745132445,265.46689357569835,20,#0000FF,Quadrant 3,2,1,41,,#0000FF,0,280.91127531572533,5
image_37.png,5,False,518.4665275211248,347.28106577424734,20,#0000FF,Quadrant 4,2,2,41,,#0000FF,0,175.4977479495702,5
image_37.png,5,False,208.41474424693868,249.78720800275127,20,#0000FF,Quadrant 3,2,1,41,,#0000FF,0,137.18555942862446,5
image_37.png,5,False,445.9473783365017,227.07900292429392,20,#0000FF,Quadrant 4,2,2,41,,#0000FF,0,121.45979159961591,5
image_37.png,5,False,60.15606986364806,72.23580682196047,20,#0000FF,Quadrant 1,1,1,41,,#0000FF,0,305.6042778979711,5
image_37.png,5,False,229.32910852824168,121.13270135629071,20,#0000FF,Quadrant 1,1,1,41,,#0000FF,0,82.15845817963438,5
image_37.png,5,False,605.4736672327847,148.27630961466207,20,#0000FF,Quadrant 2,1,2,41,,#0000FF,0,160.16341955326982,5
image_37.png,5,False,676.2474366146988,167.48786501024844,20,#0000FF,Quadrant 2,1,2,41,,#0000FF,0,211.2911184693638,5
image_37.png,5,False,26.916652606073725,286.0979734114489,20,#0000FF,Quadrant 3,2,1,41,,#0000FF,0,66.19903167721824,5
image_37.png,5,False,658.961325425879,275.8634389445306,20,#0000FF,Quadrant 4,2,2,41,,#0000FF,0,238.32811721111028,5
image_37.png,5,False,126.00131041232054,49.937520713502934,20,#0000FF,Quadrant 1,1,1,41,,#0000FF,0,28.823305635196967,5
image_37.png,5,False,616.4180827738718,218.30795516331506,20,#0000FF,Quadrant 4,2,2,41,,#0000FF,0,22.965263852817685,5
image_37.png,5,False,284.54162680375674,300.16862866649916,20,#0000FF,Quadrant 3,2,1,41,,#0000FF,0,9.491368811846769,5
image_37.png,5,False,588.7387496571906,21.799948761527077,20,#0000FF,Quadrant 2,1,2,41,,#0000FF,0,47.25975982567099,5
image_37.png,5,False,682.7622848082252,215.34081300628304,20,#0000FF,Quadrant 4,2,2,41,,#0000FF,0,171.41570663593447,5
image_37.png,5,False,317.4981584034425,377.4869760016185,20,#0000FF,Quadrant 3,2,1,41,,#0000FF,0,98.0691939404331,5
image_37.png,5,False,132.97824494602162,236.88682716021992,20,#0000FF,Quadrant 3,2,1,41,,#0000FF,0,251.14423568653706,5
image_37.png,5,False,382.83133615174506,315.17953564115925,20,#0000FF,Quadrant 4,2,2,41,,#0000FF,0,124.98058805908713,5
image_37.png,5,False,263.02470882243233,109.20706260845981,20,#0000FF,Quadrant 1,1,1,41,,#0000FF,0,159.0697100075524,5
image_37.png,5,False,11.06362666610543,319.2135603028157,20,#0000FF,Quadrant 3,2,1,41,,#0000FF,0,109.28624960631203,5
image_38.png,2,True,379.6831338609046,270.9770463000939,20,#FF0000,Quadrant 4,2,2,7,151,#FF0000,0,103.2344094582741,2
image_38.png,5,False,531.5206909008265,124.25277579912633,20,#0000FF,Quadrant 2,1,2,7,,#0000FF,0,177.09539548236654,2
image_38.png,5,False,560.7977308394288,236.6674183413343,20,#0000FF,Quadrant 4,2,2,7,,#0000FF,0,275.7129132371896,2
image_38.png,5,False,388.7182028624462,82.27983018484828,20,#0000FF,Quadrant 2,1,2,7,,#0000FF,0,286.836258192349,2
image_38.png,5,False,312.1662864609374,105.46073251750967,20,#0000FF,Quadrant 1,1,1,7,,#0000FF,0,317.5783446565238,2
image_38.png,5,False,456.08766071140263,324.14535143240795,20,#0000FF,Quadrant 4,2,2,7,,#0000FF,0,257.3776738745155,2
image_38.png,5,False,65.57550615759888,247.37209938879582,20,#0000FF,Quadrant 3,2,1,7,,#0000FF,0,79.41327344382476,2
image_38.png,5,False,198.31506539987288,256.11676148195835,20,#0000FF,Quadrant 3,2,1,7,,#0000FF,0,249.81284116559107,2
image_39.png,2,True,599.0491141168152,79.94991366299898,20,#FF0000,Quadrant 2,1,2,50,151,#FF0000,0,148.64539554476903,5
image_39.png,5,False,449.8190768788109,244.5017184551508,20,#0000FF,Quadrant 4,2,2,50,,#0000FF,0,104.25430774486277,5
image_39.png,5,False,440.07735460985634,81.98440928163623,20,#0000FF,Quadrant 2,1,2,50,,#0000FF,0,97.96828696258466,5
image_39.png,5,False,45.19649776171495,213.21894465659165,20,#0000FF,Quadrant 3,2,1,50,,#0000FF,0,6.9823430089186855,5
image_39.png,5,False,81.46643368435588,112.75576023209702,20,#0000FF,Quadrant 1,1,1,50,,#0000FF,0,66.93753533094923,5
image_39.png,5,False,511.9767715383516,99.00236822735116,20,#0000FF,Quadrant 2,1,2,50,,#0000FF,0,257.470539196059,5
image_39.png,5,False,351.07631215186854,140.24305876234072,20,#0000FF,Quadrant 1,1,1,50,,#0000FF,0,54.246129731095884,5
image_39.png,5,False,561.8295604839524,388.2301826505966,20,#0000FF,Quadrant 4,2,2,50,,#0000FF,0,112.16760667309997,5
image_39.png,5,False,556.2916281287885,135.83398857954387,20,#0000FF,Quadrant 2,1,2,50,,#0000FF,0,166.92640819323452,5
image_39.png,5,False,666.6827447537669,32.18249418391548,20,#0000FF,Quadrant 2,1,2,50,,#0000FF,0,303.6766677365083,5
image_39.png,5,False,60.18405468210017,188.71548155431606,20,#0000FF,Quadrant 1,1,1,50,,#0000FF,0,279.23504785650846,5
image_39.png,5,False,590.820569390839,319.9207736718376,20,#0000FF,Quadrant 4,2,2,50,,#0000FF,0,69.18922545352301,5
image_39.png,5,False,95.03151221199606,301.35906358174975,20,#0000FF,Quadrant 3,2,1,50,,#0000FF,0,298.1707370619593,5
image_39.png,5,False,542.3742544558335,178.43923613002377,20,#0000FF,Quadrant 2,1,2,50,,#0000FF,0,89.62644978260427,5
image_39.png,5,False,34.08859089191952,185.19549214804178,20,#0000FF,Quadrant 1,1,1,50,,#0000FF,0,265.5428445192631,5
image_39.png,5,False,370.0648537194686,382.2397918313221,20,#0000FF,Quadrant 4,2,2,50,,#0000FF,0,277.5585484044679,5
image_39.png,5,False,480.51375851986086,128.97734019077836,20,#0000FF,Quadrant 2,1,2,50,,#0000FF,0,170.21719619694548,5
image_39.png,5,False,444.49417109605184,26.94627609480834,20,#0000FF,Quadrant 2,1,2,50,,#0000FF,0,116.30274785384621,5
image_39.png,5,False,369.91818826016413,106.7522158466636,20,#0000FF,Quadrant 2,1,2,50,,#0000FF,0,337.4715325076042,5
image_39.png,5,False,147.92058231185348,346.48239974445903,20,#0000FF,Quadrant 3,2,1,50,,#0000FF,0,229.86720433512858,5
image_39.png,5,False,161.05610359896588,53.68695762153778,20,#0000FF,Quadrant 1,1,1,50,,#0000FF,0,310.9167596698561,5
image_39.png,5,False,234.58979297713668,74.26221472233213,20,#0000FF,Quadrant 1,1,1,50,,#0000FF,0,227.8472277246281,5
image_39.png,5,False,39.933431255534735,307.1536408149006,20,#0000FF,Quadrant 3,2,1,50,,#0000FF,0,3.214748120163171,5
image_39.png,5,False,421.790263628881,151.38869472862234,20,#0000FF,Quadrant 2,1,2,50,,#0000FF,0,171.09744435419404,5
image_39.png,5,False,119.65423631999144,45.54978677099251,20,#0000FF,Quadrant 1,1,1,50,,#0000FF,0,32.2127649898828,5
image_39.png,5,False,652.3548125333341,387.8558329277764,20,#0000FF,Quadrant 4,2,2,50,,#0000FF,0,222.7121490376588,5
image_39.png,5,False,52.1850656788921,254.64931093291318,20,#0000FF,Quadrant 3,2,1,50,,#0000FF,0,225.0476388753864,5
image_39.png,5,False,556.3202423676315,58.56277899745558,20,#0000FF,Quadrant 2,1,2,50,,#0000FF,0,252.47813040828106,5
image_39.png,5,False,687.3745648540813,309.0763701474382,20,#0000FF,Quadrant 4,2,2,50,,#0000FF,0,83.76286710818287,5
image_39.png,5,False,566.0069844681576,176.8357434805138,20,#0000FF,Quadrant 2,1,2,50,,#0000FF,0,272.41110835250004,5
image_39.png,5,False,630.1788375020593,194.44420633542995,20,#0000FF,Quadrant 2,1,2,50,,#0000FF,0,48.50358255394281,5
image_39.png,5,False,214.05835694777798,274.4802789483575,20,#0000FF,Quadrant 3,2,1,50,,#0000FF,0,157.5000014994213,5
image_39.png,5,False,139.58581624593253,142.41724866890436,20,#0000FF,Quadrant 1,1,1,50,,#0000FF,0,68.31930103907452,5
image_39.png,5,False,200.69855490937087,325.2501463018433,20,#0000FF,Quadrant 3,2,1,50,,#0000FF,0,263.6648676441766,5
image_39.png,5,False,393.06449370441294,37.03534851051826,20,#0000FF,Quadrant 2,1,2,50,,#0000FF,0,329.21064071209656,5
image_39.png,5,False,214.71846357419625,110.54602364247329,20,#0000FF,Quadrant 1,1,1,50,,#0000FF,0,55.8091721071177,5
image_39.png,5,False,11.495961991007887,252.17385160365714,20,#0000FF,Quadrant 3,2,1,50,,#0000FF,0,132.1605745216342,5
image_39.png,5,False,138.83312587693632,18.076105790284863,20,#0000FF,Quadrant 1,1,1,50,,#0000FF,0,136.45568507996785,5
image_39.png,5,False,545.6754152127799,101.26131900565599,20,#0000FF,Quadrant 2,1,2,50,,#0000FF,0,308.4585438003172,5
image_39.png,5,False,464.5614085746959,214.72556516230702,20,#0000FF,Quadrant 4,2,2,50,,#0000FF,0,259.56128256621236,5
image_39.png,5,False,372.08407071040165,199.07358231728887,20,#0000FF,Quadrant 2,1,2,50,,#0000FF,0,139.49670246506483,5
image_39.png,5,False,87.10978835314945,208.76980381504302,20,#0000FF,Quadrant 3,2,1,50,,#0000FF,0,230.72541472262634,5
image_39.png,5,False,150.23245076657088,194.46996857547083,20,#0000FF,Quadrant 1,1,1,50,,#0000FF,0,314.45739992900604,5
image_39.png,5,False,404.4273929533876,327.1212210572537,20,#0000FF,Quadrant 4,2,2,50,,#0000FF,0,35.55129119347163,5
image_39.png,5,False,373.29091884132964,276.09670015524136,20,#0000FF,Quadrant 4,2,2,50,,#0000FF,0,236.85165298258863,5
image_39.png,5,False,263.4179198449701,240.05046995986612,20,#0000FF,Quadrant 3,2,1,50,,#0000FF,0,92.1378709202321,5
image_39.png,5,False,651.9154043614361,89.90299934054356,20,#0000FF,Quadrant 2,1,2,50,,#0000FF,0,25.514625942043917,5
image_39.png,5,False,624.0496870376284,41.22367162202562,20,#0000FF,Quadrant 2,1,2,50,,#0000FF,0,176.90598051417868,5
image_39.png,5,False,297.5917566670199,150.50795002450297,20,#0000FF,Quadrant 1,1,1,50,,#0000FF,0,337.7677887719498,5
image_39.png,5,False,578.4900037651289,111.47830983973945,20,#0000FF,Quadrant 2,1,2,50,,#0000FF,0,255.0361625923813,5
image_39.png,5,False,377.31446441630357,82.61603615432342,20,#0000FF,Quadrant 2,1,2,50,,#0000FF,0,261.061895811308,5
image_40.png,2,True,663.8298044000614,222.08407544490296,20,#FF0000,Quadrant 4,2,2,48,151,#FF0000,0,205.20996082661313,5
image_40.png,5,False,525.0686712540631,300.6551327660679,20,#0000FF,Quadrant 4,2,2,48,,#0000FF,0,200.93097857733406,5
image_40.png,5,False,475.72537642015874,276.56405731634504,20,#0000FF,Quadrant 4,2,2,48,,#0000FF,0,207.56291723897164,5
image_40.png,5,False,82.72655133852074,310.5504839583478,20,#0000FF,Quadrant 3,2,1,48,,#0000FF,0,153.74699650568252,5
image_40.png,5,False,358.7333257686076,259.54705102585774,20,#0000FF,Quadrant 4,2,2,48,,#0000FF,0,197.9875679653926,5
image_40.png,5,False,424.341938847567,363.8705484805889,20,#0000FF,Quadrant 4,2,2,48,,#0000FF,0,192.20417171296538,5
image_40.png,5,False,390.0060449102371,387.80941875814835,20,#0000FF,Quadrant 4,2,2,48,,#0000FF,0,324.8945894349798,5
image_40.png,5,False,295.10452796163423,250.36503078611412,20,#0000FF,Quadrant 3,2,1,48,,#0000FF,0,304.14744536443817,5
image_40.png,5,False,233.85768391338596,101.99312622002286,20,#0000FF,Quadrant 1,1,1,48,,#0000FF,0,297.415791014674,5
image_40.png,5,False,269.4184585852396,218.99023072483786,20,#0000FF,Quadrant 3,2,1,48,,#0000FF,0,196.4254462496499,5
image_40.png,5,False,259.04588745965117,182.00851325061112,20,#0000FF,Quadrant 1,1,1,48,,#0000FF,0,268.0482054611451,5
image_40.png,5,False,11.134787592514222,24.102577042263338,20,#0000FF,Quadrant 1,1,1,48,,#0000FF,0,345.536795131509,5
image_40.png,5,False,22.232386601215957,62.062398132009335,20,#0000FF,Quadrant 1,1,1,48,,#0000FF,0,102.41358141954701,5
image_40.png,5,False,15.525923162177872,383.1010927697507,20,#0000FF,Quadrant 3,2,1,48,,#0000FF,0,320.51684073107685,5
image_40.png,5,False,227.96932110899866,302.63572121183046,20,#0000FF,Quadrant 3,2,1,48,,#0000FF,0,77.33621260568015,5
image_40.png,5,False,577.5905086333637,358.42436736289164,20,#0000FF,Quadrant 4,2,2,48,,#0000FF,0,339.60524624808806,5
image_40.png,5,False,404.19039329111996,227.0692718362971,20,#0000FF,Quadrant 4,2,2,48,,#0000FF,0,184.05773580280177,5
image_40.png,5,False,328.19479610060756,70.00848619877021,20,#0000FF,Quadrant 1,1,1,48,,#0000FF,0,33.94336591351827,5
image_40.png,5,False,623.9518678643203,105.4459104245289,20,#0000FF,Quadrant 2,1,2,48,,#0000FF,0,95.39574453346309,5
image_40.png,5,False,217.90837542208004,226.64414628687305,20,#0000FF,Quadrant 3,2,1,48,,#0000FF,0,92.24778184284807,5
image_40.png,5,False,160.81428607485623,40.18219177062391,20,#0000FF,Quadrant 1,1,1,48,,#0000FF,0,204.86337729124315,5
image_40.png,5,False,343.4653562391535,195.56847858515812,20,#0000FF,Quadrant 1,1,1,48,,#0000FF,0,116.8891394544058,5
image_40.png,5,False,495.26219955104705,320.7767701081472,20,#0000FF,Quadrant 4,2,2,48,,#0000FF,0,323.6486748475897,5
image_40.png,5,False,453.5134352666956,25.126463355409903,20,#0000FF,Quadrant 2,1,2,48,,#0000FF,0,34.331059264266706,5
image_40.png,5,False,273.8852701341429,305.88608122720404,20,#0000FF,Quadrant 3,2,1,48,,#0000FF,0,291.00282197789943,5
image_40.png,5,False,241.39446504208374,343.5615660017696,20,#0000FF,Quadrant 3,2,1,48,,#0000FF,0,331.87373874727297,5
image_40.png,5,False,651.9395518372627,56.56431978031469,20,#0000FF,Quadrant 2,1,2,48,,#0000FF,0,156.34958289524772,5
image_40.png,5,False,526.1505948585633,332.10274724416445,20,#0000FF,Quadrant 4,2,2,48,,#0000FF,0,277.3404207946238,5
image_40.png,5,False,447.7482139888512,249.9691885007923,20,#0000FF,Quadrant 4,2,2,48,,#0000FF,0,334.31513968196793,5
image_40.png,5,False,372.3001291928781,131.70165219972606,20,#0000FF,Quadrant 2,1,2,48,,#0000FF,0,19.486061556056292,5
image_40.png,5,False,236.18699145432342,274.75655068055784,20,#0000FF,Quadrant 3,2,1,48,,#0000FF,0,203.36864183730486,5
image_40.png,5,False,475.13468199266214,388.00484054170295,20,#0000FF,Quadrant 4,2,2,48,,#0000FF,0,55.151093737685166,5
image_40.png,5,False,529.7068998742557,228.446334755329,20,#0000FF,Quadrant 4,2,2,48,,#0000FF,0,349.5744881065327,5
image_40.png,5,False,308.60367673382535,308.24721682856875,20,#0000FF,Quadrant 3,2,1,48,,#0000FF,0,32.42986291610319,5
image_40.png,5,False,310.3643755776101,274.7950551456348,20,#0000FF,Quadrant 3,2,1,48,,#0000FF,0,143.46973345172643,5
image_40.png,5,False,372.20672198879254,102.59510467262137,20,#0000FF,Quadrant 2,1,2,48,,#0000FF,0,358.9483560982376,5
image_40.png,5,False,88.53308139617788,167.334015832084,20,#0000FF,Quadrant 1,1,1,48,,#0000FF,0,207.36656540821548,5
image_40.png,5,False,142.24743194124648,141.2304157948908,20,#0000FF,Quadrant 1,1,1,48,,#0000FF,0,131.49635199748593,5
image_40.png,5,False,541.3104102315023,74.97848979631382,20,#0000FF,Quadrant 2,1,2,48,,#0000FF,0,235.94754881199043,5
image_40.png,5,False,577.0714126990711,314.4568972226636,20,#0000FF,Quadrant 4,2,2,48,,#0000FF,0,125.89790390312339,5
image_40.png,5,False,314.4792991796183,360.35259220949547,20,#0000FF,Quadrant 3,2,1,48,,#0000FF,0,224.34557626019904,5
image_40.png,5,False,483.21250772150245,69.96468009370093,20,#0000FF,Quadrant 2,1,2,48,,#0000FF,0,84.05625486289466,5
image_40.png,5,False,438.8706829437372,66.8219354330628,20,#0000FF,Quadrant 2,1,2,48,,#0000FF,0,87.49739156379346,5
image_40.png,5,False,209.2150262628662,140.75657877515698,20,#0000FF,Quadrant 1,1,1,48,,#0000FF,0,299.6801121178882,5
image_40.png,5,False,221.22633648732614,189.10993481128503,20,#0000FF,Quadrant 1,1,1,48,,#0000FF,0,289.5410785083478,5
image_40.png,5,False,694.6961663543311,273.7368922988286,20,#0000FF,Quadrant 4,2,2,48,,#0000FF,0,224.29511742869383,5
image_40.png,5,False,270.4819955579221,353.483228108389,20,#0000FF,Quadrant 3,2,1,48,,#0000FF,0,240.57380949422617,5
image_40.png,5,False,187.0094214033353,33.721598739602555,20,#0000FF,Quadrant 1,1,1,48,,#0000FF,0,189.64767259101214,5
image_40.png,5,False,490.90688835663894,113.54438862253889,20,#0000FF,Quadrant 2,1,2,48,,#0000FF,0,72.25058052024139,5
image_41.png,2,True,465.9968767682675,261.60705830221883,20,#FF0000,Quadrant 4,2,2,17,151,#FF0000,0,23.975205271782364,4
image_41.png,5,False,259.1909890583938,51.782961705413484,20,#0000FF,Quadrant 1,1,1,17,,#0000FF,0,328.6327609243701,4
image_41.png,5,False,619.6641951385459,157.10577947930796,20,#0000FF,Quadrant 2,1,2,17,,#0000FF,0,105.29840791424928,4
image_41.png,5,False,361.38428884659425,279.262365770714,20,#0000FF,Quadrant 4,2,2,17,,#0000FF,0,352.72542638370714,4
image_41.png,5,False,344.9322226137401,236.70622243680003,20,#0000FF,Quadrant 3,2,1,17,,#0000FF,0,325.3939416525077,4
image_41.png,5,False,148.02501280567353,376.4471387797505,20,#0000FF,Quadrant 3,2,1,17,,#0000FF,0,31.68744077615633,4
image_41.png,5,False,501.8912722677406,26.026408430294886,20,#0000FF,Quadrant 2,1,2,17,,#0000FF,0,201.8475149086564,4
image_41.png,5,False,221.09506330512073,196.19461559284574,20,#0000FF,Quadrant 1,1,1,17,,#0000FF,0,332.01724164627143,4
image_41.png,5,False,23.65846327641122,269.66969230043253,20,#0000FF,Quadrant 3,2,1,17,,#0000FF,0,267.9806591311238,4
image_41.png,5,False,219.3027597944817,387.48588745129354,20,#0000FF,Quadrant 3,2,1,17,,#0000FF,0,127.936127968752,4
image_41.png,5,False,201.08013423080874,34.439665411036536,20,#0000FF,Quadrant 1,1,1,17,,#0000FF,0,352.2916169498155,4
image_41.png,5,False,277.76053626453154,388.98178070795956,20,#0000FF,Quadrant 3,2,1,17,,#0000FF,0,92.76457128169994,4
image_41.png,5,False,661.5101850655169,369.7660061412548,20,#0000FF,Quadrant 4,2,2,17,,#0000FF,0,356.53017111575394,4
image_41.png,5,False,246.4906593125596,159.496013539435,20,#0000FF,Quadrant 1,1,1,17,,#0000FF,0,81.20977114599154,4
image_41.png,5,False,513.8939784418098,207.83134505978933,20,#0000FF,Quadrant 4,2,2,17,,#0000FF,0,49.413843390391776,4
image_41.png,5,False,612.2913133426491,270.5058121380789,20,#0000FF,Quadrant 4,2,2,17,,#0000FF,0,244.07816276312928,4
image_41.png,5,False,405.7271029892874,172.20376887070427,20,#0000FF,Quadrant 2,1,2,17,,#0000FF,0,150.2400011310718,4
image_41.png,5,False,428.0991616761474,180.7859520536986,20,#0000FF,Quadrant 2,1,2,17,,#0000FF,0,112.4577951990421,4
image_42.png,2,True,411.33015275741207,269.570384505687,20,#FF0000,Quadrant 4,2,2,6,151,#FF0000,0,234.89015258764883,2
image_42.png,5,False,106.1575430549673,271.2651298235472,20,#0000FF,Quadrant 3,2,1,6,,#0000FF,0,72.83168398239879,2
image_42.png,5,False,637.68871091447,173.56430471218547,20,#0000FF,Quadrant 2,1,2,6,,#0000FF,0,323.51154110260285,2
image_42.png,5,False,541.5644484535604,259.0556026450196,20,#0000FF,Quadrant 4,2,2,6,,#0000FF,0,327.2407543009496,2
image_42.png,5,False,119.89501472379929,36.63370763268047,20,#0000FF,Quadrant 1,1,1,6,,#0000FF,0,203.34394343316825,2
image_42.png,5,False,506.69450848973423,80.60311159530197,20,#0000FF,Quadrant 2,1,2,6,,#0000FF,0,191.86615691703977,2
image_42.png,5,False,681.3253681978111,374.33215877006324,20,#0000FF,Quadrant 4,2,2,6,,#0000FF,0,114.72748038804143,2
image_43.png,2,True,577.1502773989411,251.7283167002239,20,#FF0000,Quadrant 4,2,2,16,151,#FF0000,0,268.4195027959098,3
image_43.png,5,False,115.69841142598787,82.03890164464413,20,#0000FF,Quadrant 1,1,1,16,,#0000FF,0,265.8022604775922,3
image_43.png,5,False,29.05057458822661,383.69121418393433,20,#0000FF,Quadrant 3,2,1,16,,#0000FF,0,47.35651691636991,3
image_43.png,5,False,428.26150825390727,242.4728441036082,20,#0000FF,Quadrant 4,2,2,16,,#0000FF,0,222.10074198298557,3
image_43.png,5,False,170.09862816038253,20.859938277310015,20,#0000FF,Quadrant 1,1,1,16,,#0000FF,0,214.68984934378946,3
image_43.png,5,False,548.3002860797861,61.684745206525115,20,#0000FF,Quadrant 2,1,2,16,,#0000FF,0,28.611154911897017,3
image_43.png,5,False,333.9780503331212,256.5369130623091,20,#0000FF,Quadrant 3,2,1,16,,#0000FF,0,304.60976494622406,3
image_43.png,5,False,277.9601381540746,190.11413608476374,20,#0000FF,Quadrant 1,1,1,16,,#0000FF,0,66.23153199826623,3
image_43.png,5,False,166.90213839863355,165.4467025473392,20,#0000FF,Quadrant 1,1,1,16,,#0000FF,0,58.963095170062296,3
image_43.png,5,False,648.6247722799527,370.1748600611883,20,#0000FF,Quadrant 4,2,2,16,,#0000FF,0,348.77342913601643,3
image_43.png,5,False,473.5526310123482,87.67109179824256,20,#0000FF,Quadrant 2,1,2,16,,#0000FF,0,80.11951645651457,3
image_43.png,5,False,133.00688105653302,371.87624814038907,20,#0000FF,Quadrant 3,2,1,16,,#0000FF,0,73.64235806322898,3
image_43.png,5,False,436.1538998080094,271.01210216291656,20,#0000FF,Quadrant 4,2,2,16,,#0000FF,0,158.14267301683455,3
image_43.png,5,False,622.5473850148474,172.6160482841703,20,#0000FF,Quadrant 2,1,2,16,,#0000FF,0,312.0389658564044,3
image_43.png,5,False,429.86374100777203,322.5961785896229,20,#0000FF,Quadrant 4,2,2,16,,#0000FF,0,279.43729888690604,3
image_43.png,5,False,282.569838295332,365.99459237346684,20,#0000FF,Quadrant 3,2,1,16,,#0000FF,0,259.2723288583986,3
image_43.png,5,False,380.4138163915562,253.44686565582424,20,#0000FF,Quadrant 4,2,2,16,,#0000FF,0,205.89640240199927,3
image_44.png,2,True,322.1590092763632,323.60981842723425,20,#FF0000,Quadrant 3,2,1,67,151,#FF0000,0,187.43367284054952,6
image_44.png,5,False,697.1312599800692,207.0696026780794,20,#0000FF,Quadrant 4,2,2,67,,#0000FF,0,15.2697297632752,6
image_44.png,5,False,517.5321861881342,221.81095902946876,20,#0000FF,Quadrant 4,2,2,67,,#0000FF,0,142.42003078892103,6
image_44.png,5,False,445.51685308088435,29.633679790522343,20,#0000FF,Quadrant 2,1,2,67,,#0000FF,0,185.80560591412745,6
image_44.png,5,False,285.24948521219136,126.12146787680618,20,#0000FF,Quadrant 1,1,1,67,,#0000FF,0,104.82457040428663,6
image_44.png,5,False,328.8681959711705,170.69070496626685,20,#0000FF,Quadrant 1,1,1,67,,#0000FF,0,297.9435627380703,6
image_44.png,5,False,48.58265343589772,206.41452780060018,20,#0000FF,Quadrant 3,2,1,67,,#0000FF,0,220.72834052780132,6
image_44.png,5,False,582.7966245499547,181.74187719960972,20,#0000FF,Quadrant 2,1,2,67,,#0000FF,0,51.20626275903298,6
image_44.png,5,False,88.97522292183697,305.360371629143,20,#0000FF,Quadrant 3,2,1,67,,#0000FF,0,260.1528449374199,6
image_44.png,5,False,490.62264372761916,62.14592284395705,20,#0000FF,Quadrant 2,1,2,67,,#0000FF,0,337.62328477172616,6
image_44.png,5,False,321.6603539896342,78.6161028406867,20,#0000FF,Quadrant 1,1,1,67,,#0000FF,0,148.88134983514198,6
image_44.png,5,False,502.00509561004253,87.33029778006158,20,#0000FF,Quadrant 2,1,2,67,,#0000FF,0,212.51357110427543,6
image_44.png,5,False,183.30670061921717,272.46918790908074,20,#0000FF,Quadrant 3,2,1,67,,#0000FF,0,163.6859547530463,6
image_44.png,5,False,559.7790072857729,282.54564405361685,20,#0000FF,Quadrant 4,2,2,67,,#0000FF,0,326.5784866819464,6
image_44.png,5,False,89.65964284978956,180.87260201334485,20,#0000FF,Quadrant 1,1,1,67,,#0000FF,0,44.47591806075606,6
image_44.png,5,False,371.91012387957653,156.1850274708741,20,#0000FF,Quadrant 2,1,2,67,,#0000FF,0,130.65962009661163,6
image_44.png,5,False,363.53818507282415,370.00697009594796,20,#0000FF,Quadrant 4,2,2,67,,#0000FF,0,284.78397392532906,6
image_44.png,5,False,273.23822938093014,301.4024023904988,20,#0000FF,Quadrant 3,2,1,67,,#0000FF,0,136.32430730852872,6
image_44.png,5,False,400.6236975962625,260.30246874757256,20,#0000FF,Quadrant 4,2,2,67,,#0000FF,0,328.41100037596766,6
image_44.png,5,False,609.6159723224824,78.61163704649556,20,#0000FF,Quadrant 2,1,2,67,,#0000FF,0,54.03230442378424,6
image_44.png,5,False,318.47192332871094,247.79917717205805,20,#0000FF,Quadrant 3,2,1,67,,#0000FF,0,276.70695204993933,6
image_44.png,5,False,101.65244091852708,87.67794459563069,20,#0000FF,Quadrant 1,1,1,67,,#0000FF,0,42.319432224892736,6
image_44.png,5,False,185.39346185632905,184.36692465918685,20,#0000FF,Quadrant 1,1,1,67,,#0000FF,0,224.12171807544297,6
image_44.png,5,False,385.47229896736286,13.173707483842378,20,#0000FF,Quadrant 2,1,2,67,,#0000FF,0,307.9479803108514,6
image_44.png,5,False,174.8981859194195,233.58995967566887,20,#0000FF,Quadrant 3,2,1,67,,#0000FF,0,317.77305139339006,6
image_44.png,5,False,293.5942909751245,41.0150587652613,20,#0000FF,Quadrant 1,1,1,67,,#0000FF,0,171.2563163291354,6
image_44.png,5,False,395.15101865726433,322.945446777992,20,#0000FF,Quadrant 4,2,2,67,,#0000FF,0,223.11577399305068,6
image_44.png,5,False,113.14849987580665,257.9386599654666,20,#0000FF,Quadrant 3,2,1,67,,#0000FF,0,17.6107679794907,6
image_44.png,5,False,599.2883789043553,263.1246932336617,20,#0000FF,Quadrant 4,2,2,67,,#0000FF,0,13.219578656068332,6
image_44.png,5,False,216.62622563641912,358.90541594588467,20,#0000FF,Quadrant 3,2,1,67,,#0000FF,0,301.6851968853382,6
image_44.png,5,False,298.2833205363418,78.37789208430581,20,#0000FF,Quadrant 1,1,1,67,,#0000FF,0,17.651290589567658,6
image_44.png,5,False,432.0408419175226,272.392147634492,20,#0000FF,Quadrant 4,2,2,67,,#0000FF,0,241.9525782941058,6
image_44.png,5,False,553.4549222986407,78.06448305591086,20,#0000FF,Quadrant 2,1,2,67,,#0000FF,0,214.18883506969905,6
image_44.png,5,False,409.9077754927424,363.0993717279101,20,#0000FF,Quadrant 4,2,2,67,,#0000FF,0,163.92161808729566,6
image_44.png,5,False,217.21389781999773,150.319242829578,20,#0000FF,Quadrant 1,1,1,67,,#0000FF,0,33.52546361583705,6
image_44.png,5,False,57.622341018665786,172.52841128983377,20,#0000FF,Quadrant 1,1,1,67,,#0000FF,0,136.41816657256564,6
image_44.png,5,False,212.76173950279355,61.85830827150329,20,#0000FF,Quadrant 1,1,1,67,,#0000FF,0,198.16958981285475,6
image_44.png,5,False,200.0743759559443,210.22593322694667,20,#0000FF,Quadrant 3,2,1,67,,#0000FF,0,250.06299785812837,6
image_44.png,5,False,490.42652367082326,242.35631558294423,20,#0000FF,Quadrant 4,2,2,67,,#0000FF,0,188.87263533133515,6
image_44.png,5,False,513.7829501164862,248.75391045169397,20,#0000FF,Quadrant 4,2,2,67,,#0000FF,0,39.34880439707745,6
image_44.png,5,False,344.24379543130897,271.31131718014245,20,#0000FF,Quadrant 3,2,1,67,,#0000FF,0,355.38813495308983,6
image_44.png,5,False,690.5458467750927,119.55680083801047,20,#0000FF,Quadrant 2,1,2,67,,#0000FF,0,336.201002923746,6
image_44.png,5,False,229.06061680544738,209.5978831753428,20,#0000FF,Quadrant 3,2,1,67,,#0000FF,0,219.18405849641013,6
image_44.png,5,False,254.80495427381692,60.03156599552638,20,#0000FF,Quadrant 1,1,1,67,,#0000FF,0,358.20876080071844,6
image_44.png,5,False,369.0772963271162,249.84217563380403,20,#0000FF,Quadrant 4,2,2,67,,#0000FF,0,202.5483615599788,6
image_44.png,5,False,685.7085274410225,11.597586711364194,20,#0000FF,Quadrant 2,1,2,67,,#0000FF,0,255.0913443012215,6
image_44.png,5,False,441.94245150647106,55.57592364224077,20,#0000FF,Quadrant 2,1,2,67,,#0000FF,0,8.635247106543362,6
image_44.png,5,False,561.8998380150438,388.61708874054943,20,#0000FF,Quadrant 4,2,2,67,,#0000FF,0,305.3051238852672,6
image_44.png,5,False,18.78381763686251,87.0487385155741,20,#0000FF,Quadrant 1,1,1,67,,#0000FF,0,229.50127569170039,6
image_44.png,5,False,555.4447014610398,127.33802361419309,20,#0000FF,Quadrant 2,1,2,67,,#0000FF,0,101.3856131701939,6
image_44.png,5,False,234.18352533493533,13.317617200540688,20,#0000FF,Quadrant 1,1,1,67,,#0000FF,0,182.4082657545633,6
image_44.png,5,False,246.19813222347187,284.82193098256244,20,#0000FF,Quadrant 3,2,1,67,,#0000FF,0,246.90088391290485,6
image_44.png,5,False,560.3082704581293,255.0565394112093,20,#0000FF,Quadrant 4,2,2,67,,#0000FF,0,329.81869914248705,6
image_44.png,5,False,443.14113603059764,348.19804752658905,20,#0000FF,Quadrant 4,2,2,67,,#0000FF,0,173.33838832332987,6
image_44.png,5,False,241.89055197419134,307.34785455282764,20,#0000FF,Quadrant 3,2,1,67,,#0000FF,0,193.30831619005124,6
image_44.png,5,False,522.6408212080548,326.66996819500383,20,#0000FF,Quadrant 4,2,2,67,,#0000FF,0,149.02310352030688,6
image_44.png,5,False,510.5003023466331,130.26007406306996,20,#0000FF,Quadrant 2,1,2,67,,#0000FF,0,107.76374879016986,6
image_44.png,5,False,154.492841965161,270.11646753095005,20,#0000FF,Quadrant 3,2,1,67,,#0000FF,0,192.91877125753933,6
image_44.png,5,False,622.8523044980641,144.65911427906545,20,#0000FF,Quadrant 2,1,2,67,,#0000FF,0,287.8327200548881,6
image_44.png,5,False,204.23695974252576,22.78345625251242,20,#0000FF,Quadrant 1,1,1,67,,#0000FF,0,349.06078527681353,6
image_44.png,5,False,279.4111627124552,235.98252573733976,20,#0000FF,Quadrant 3,2,1,67,,#0000FF,0,205.55339081621221,6
image_44.png,5,False,528.8112037733636,277.59061756920636,20,#0000FF,Quadrant 4,2,2,67,,#0000FF,0,311.2537285808013,6
image_44.png,5,False,32.7918407176563,167.4426966518876,20,#0000FF,Quadrant 1,1,1,67,,#0000FF,0,113.21978342192178,6
image_44.png,5,False,159.92037681336836,125.27631688233328,20,#0000FF,Quadrant 1,1,1,67,,#0000FF,0,342.26162991632765,6
image_44.png,5,False,551.8264044505744,305.0047679721802,20,#0000FF,Quadrant 4,2,2,67,,#0000FF,0,40.40325801609191,6
image_44.png,5,False,316.7603500681396,20.42534481012487,20,#0000FF,Quadrant 1,1,1,67,,#0000FF,0,328.8073846201411,6
image_44.png,5,False,355.53741850822854,82.90001450899099,20,#0000FF,Quadrant 2,1,2,67,,#0000FF,0,173.75874881285492,6
image_44.png,5,False,109.73028803745417,340.5400164957276,20,#0000FF,Quadrant 3,2,1,67,,#0000FF,0,279.1919553119068,6
image_45.png,2,True,36.184697944706926,157.50834554262497,20,#FF0000,Quadrant 1,1,1,41,151,#FF0000,0,73.86735961471072,5
image_45.png,5,False,90.81099508577357,128.55093814748165,20,#0000FF,Quadrant 1,1,1,41,,#0000FF,0,311.33167287740224,5
image_45.png,5,False,595.3574526940595,340.5687851675949,20,#0000FF,Quadrant 4,2,2,41,,#0000FF,0,15.850786919436132,5
image_45.png,5,False,623.6490685626142,49.972869536119475,20,#0000FF,Quadrant 2,1,2,41,,#0000FF,0,119.98431122359129,5
image_45.png,5,False,524.6872056446915,19.497538717967387,20,#0000FF,Quadrant 2,1,2,41,,#0000FF,0,275.82486657227827,5
image_45.png,5,False,451.1682370579348,90.32166963288769,20,#0000FF,Quadrant 2,1,2,41,,#0000FF,0,273.05777544059936,5
image_45.png,5,False,208.44492283919104,212.20025457917612,20,#0000FF,Quadrant 3,2,1,41,,#0000FF,0,72.19998441127262,5
image_45.png,5,False,473.40446490840185,114.06329012247349,20,#0000FF,Quadrant 2,1,2,41,,#0000FF,0,278.2033550650002,5
image_45.png,5,False,89.86321139717003,373.2366646041959,20,#0000FF,Quadrant 3,2,1,41,,#0000FF,0,56.698565322974886,5
image_45.png,5,False,81.53657675781706,216.07585384264777,20,#0000FF,Quadrant 3,2,1,41,,#0000FF,0,201.46527487830696,5
image_45.png,5,False,197.75489746430998,367.5590154844947,20,#0000FF,Quadrant 3,2,1,41,,#0000FF,0,197.7716365058315,5
image_45.png,5,False,406.54314747962707,75.74194072879705,20,#0000FF,Quadrant 2,1,2,41,,#0000FF,0,289.44102184456864,5
image_45.png,5,False,625.7554991497926,215.338144568345,20,#0000FF,Quadrant 4,2,2,41,,#0000FF,0,112.09592149238762,5
image_45.png,5,False,30.97596079362038,352.4445300946941,20,#0000FF,Quadrant 3,2,1,41,,#0000FF,0,18.26142614205657,5
image_45.png,5,False,275.30015150508365,43.553201416164995,20,#0000FF,Quadrant 1,1,1,41,,#0000FF,0,18.164163813991024,5
image_45.png,5,False,496.5228620449276,347.9022881542284,20,#0000FF,Quadrant 4,2,2,41,,#0000FF,0,141.09003383244482,5
image_45.png,5,False,486.49605397032815,179.52610836153625,20,#0000FF,Quadrant 2,1,2,41,,#0000FF,0,226.60944835113574,5
image_45.png,5,False,239.97681389166056,85.89961827900781,20,#0000FF,Quadrant 1,1,1,41,,#0000FF,0,128.02475268005307,5
image_45.png,5,False,568.6075781477325,40.690239608673394,20,#0000FF,Quadrant 2,1,2,41,,#0000FF,0,273.02491666013964,5
image_45.png,5,False,537.6910875131495,225.6243562535838,20,#0000FF,Quadrant 4,2,2,41,,#0000FF,0,332.2022368912954,5
image_45.png,5,False,563.819493216766,275.07057663059453,20,#0000FF,Quadrant 4,2,2,41,,#0000FF,0,33.449822758334605,5
image_45.png,5,False,224.85987062458187,254.59023456619389,20,#0000FF,Quadrant 3,2,1,41,,#0000FF,0,35.014678865747904,5
image_45.png,5,False,335.2061077180304,369.1354461356573,20,#0000FF,Quadrant 3,2,1,41,,#0000FF,0,275.93765830652984,5
image_45.png,5,False,628.1378936698518,108.5439454247183,20,#0000FF,Quadrant 2,1,2,41,,#0000FF,0,51.73980616029095,5
image_45.png,5,False,137.33026637162618,357.72595142899655,20,#0000FF,Quadrant 3,2,1,41,,#0000FF,0,130.8417643692172,5
image_45.png,5,False,604.0854075176736,133.7596914868131,20,#0000FF,Quadrant 2,1,2,41,,#0000FF,0,118.91806426614768,5
image_45.png,5,False,56.03662198413443,53.671307659481684,20,#0000FF,Quadrant 1,1,1,41,,#0000FF,0,175.50242372524056,5
image_45.png,5,False,406.9533198011999,203.00497373125233,20,#0000FF,Quadrant 4,2,2,41,,#0000FF,0,125.5015592098123,5
image_45.png,5,False,503.1341563684203,51.43892943247226,20,#0000FF,Quadrant 2,1,2,41,,#0000FF,0,146.04695360600232,5
image_45.png,5,False,59.866629078871874,125.20065183473989,20,#0000FF,Quadrant 1,1,1,41,,#0000FF,0,200.21394963415344,5
image_45.png,5,False,417.87927418098946,101.18146029629327,20,#0000FF,Quadrant 2,1,2,41,,#0000FF,0,165.9509469888652,5
image_45.png,5,False,120.56497952350523,193.33761999817654,20,#0000FF,Quadrant 1,1,1,41,,#0000FF,0,87.72878197775518,5
image_45.png,5,False,154.4760824649626,273.3546273215617,20,#0000FF,Quadrant 3,2,1,41,,#0000FF,0,23.781576474436346,5
image_45.png,5,False,686.36140085726,225.40583142347276,20,#0000FF,Quadrant 4,2,2,41,,#0000FF,0,155.2134591516333,5
image_45.png,5,False,489.25774504028504,76.42630239179304,20,#0000FF,Quadrant 2,1,2,41,,#0000FF,0,123.19230046890434,5
image_45.png,5,False,520.4238939684985,280.1015345531938,20,#0000FF,Quadrant 4,2,2,41,,#0000FF,0,241.05787059696004,5
image_45.png,5,False,78.28354343305439,179.29173583234677,20,#0000FF,Quadrant 1,1,1,41,,#0000FF,0,117.13611394041457,5
image_45.png,5,False,290.59185734361154,237.14197064269683,20,#0000FF,Quadrant 3,2,1,41,,#0000FF,0,110.89286047308177,5
image_45.png,5,False,421.9233309511511,320.9092454703775,20,#0000FF,Quadrant 4,2,2,41,,#0000FF,0,246.7831254978777,5
image_45.png,5,False,455.39750054369506,34.24027975068596,20,#0000FF,Quadrant 2,1,2,41,,#0000FF,0,117.86696745415217,5
image_45.png,5,False,106.7136321315407,230.5302630173472,20,#0000FF,Quadrant 3,2,1,41,,#0000FF,0,78.3402384380407,5
image_45.png,5,False,568.9793244609758,297.17537717120484,20,#0000FF,Quadrant 4,2,2,41,,#0000FF,0,271.79586402332643,5
image_46.png,2,True,211.84574166460374,243.68627885325304,20,#FF0000,Quadrant 3,2,1,74,151,#FF0000,0,163.07079129853912,6
image_46.png,5,False,152.70089883033233,342.66678328569185,20,#0000FF,Quadrant 3,2,1,74,,#0000FF,0,160.97751669913515,6
image_46.png,5,False,558.3048485532233,267.87327463269196,20,#0000FF,Quadrant 4,2,2,74,,#0000FF,0,107.90472034588085,6
image_46.png,5,False,656.370096866242,282.325081880505,20,#0000FF,Quadrant 4,2,2,74,,#0000FF,0,330.66058411896216,6
image_46.png,5,False,693.3092978262828,231.2707976182481,20,#0000FF,Quadrant 4,2,2,74,,#0000FF,0,329.44244924139423,6
image_46.png,5,False,362.6820528767408,331.4066897348765,20,#0000FF,Quadrant 4,2,2,74,,#0000FF,0,220.1366722219571,6
image_46.png,5,False,54.00087482776168,351.60661273806227,20,#0000FF,Quadrant 3,2,1,74,,#0000FF,0,306.901864602465,6
image_46.png,5,False,11.581043419323779,222.69143746975615,20,#0000FF,Quadrant 3,2,1,74,,#0000FF,0,348.44382598344856,6
image_46.png,5,False,86.58214035183012,117.6750951202728,20,#0000FF,Quadrant 1,1,1,74,,#0000FF,0,352.33064271009016,6
image_46.png,5,False,308.45198026918524,234.0819445925461,20,#0000FF,Quadrant 3,2,1,74,,#0000FF,0,11.226507162204516,6
image_46.png,5,False,501.41204602824183,164.48034340315746,20,#0000FF,Quadrant 2,1,2,74,,#0000FF,0,225.07714923117928,6
image_46.png,5,False,156.52787546406628,76.54902016745056,20,#0000FF,Quadrant 1,1,1,74,,#0000FF,0,156.66841742577225,6
image_46.png,5,False,393.68546777208144,329.7778595347271,20,#0000FF,Quadrant 4,2,2,74,,#0000FF,0,50.064791647804235,6
image_46.png,5,False,298.47525592364485,120.04198951302752,20,#0000FF,Quadrant 1,1,1,74,,#0000FF,0,129.70363991250517,6
image_46.png,5,False,97.50336675731214,15.385840424299127,20,#0000FF,Quadrant 1,1,1,74,,#0000FF,0,314.18484897333224,6
image_46.png,5,False,110.21316576751119,345.48792195300086,20,#0000FF,Quadrant 3,2,1,74,,#0000FF,0,233.42012737434212,6
image_46.png,5,False,682.7577936519679,62.323231816312514,20,#0000FF,Quadrant 2,1,2,74,,#0000FF,0,236.8536108525443,6
image_46.png,5,False,566.2937724778385,336.1377440570207,20,#0000FF,Quadrant 4,2,2,74,,#0000FF,0,49.399296575840125,6
image_46.png,5,False,490.1240679580862,362.65756270972025,20,#0000FF,Quadrant 4,2,2,74,,#0000FF,0,321.6896888912784,6
image_46.png,5,False,324.0777134968853,171.31913076843998,20,#0000FF,Quadrant 1,1,1,74,,#0000FF,0,224.3694533759881,6
image_46.png,5,False,276.06844058488815,96.33006715945162,20,#0000FF,Quadrant 1,1,1,74,,#0000FF,0,295.2257129700219,6
image_46.png,5,False,16.119264142212455,199.30333225497503,20,#0000FF,Quadrant 1,1,1,74,,#0000FF,0,152.9178686264632,6
image_46.png,5,False,501.6575692869063,112.77666939271009,20,#0000FF,Quadrant 2,1,2,74,,#0000FF,0,263.12881682239464,6
image_46.png,5,False,408.10677131892993,23.64858914742053,20,#0000FF,Quadrant 2,1,2,74,,#0000FF,0,333.56320259436853,6
image_46.png,5,False,203.52063619599582,206.40692986229567,20,#0000FF,Quadrant 3,2,1,74,,#0000FF,0,270.20959526593333,6
image_46.png,5,False,431.3386497493054,103.69743295451025,20,#0000FF,Quadrant 2,1,2,74,,#0000FF,0,188.40844601668095,6
image_46.png,5,False,468.3147510642052,263.77507856126846,20,#0000FF,Quadrant 4,2,2,74,,#0000FF,0,227.0386256799623,6
image_46.png,5,False,382.506879373563,230.09955035243104,20,#0000FF,Quadrant 4,2,2,74,,#0000FF,0,246.26664689278272,6
image_46.png,5,False,633.5702528260895,213.24257289084235,20,#0000FF,Quadrant 4,2,2,74,,#0000FF,0,220.69408103077663,6
image_46.png,5,False,323.8299578147,353.4888207716483,20,#0000FF,Quadrant 3,2,1,74,,#0000FF,0,3.8820240556655117,6
image_46.png,5,False,239.4131385093934,144.40169674977457,20,#0000FF,Quadrant 1,1,1,74,,#0000FF,0,206.62750858197535,6
image_46.png,5,False,213.99176453251107,74.31808554644371,20,#0000FF,Quadrant 1,1,1,74,,#0000FF,0,351.99378525734215,6
image_46.png,5,False,422.7715615880044,125.93877873417216,20,#0000FF,Quadrant 2,1,2,74,,#0000FF,0,250.21841862970012,6
image_46.png,5,False,405.70053686623345,259.08891704945194,20,#0000FF,Quadrant 4,2,2,74,,#0000FF,0,208.130791342769,6
image_46.png,5,False,519.0548731398167,21.31867708575959,20,#0000FF,Quadrant 2,1,2,74,,#0000FF,0,105.03115513326583,6
image_46.png,5,False,98.379900122849,40.05393412594722,20,#0000FF,Quadrant 1,1,1,74,,#0000FF,0,174.5136677451704,6
image_46.png,5,False,184.66312140464186,243.77155335402034,20,#0000FF,Quadrant 3,2,1,74,,#0000FF,0,282.1546159686563,6
image_46.png,5,False,188.04249148656328,291.26022468630725,20,#0000FF,Quadrant 3,2,1,74,,#0000FF,0,99.07816133520764,6
image_46.png,5,False,33.79937305467027,382.9790866069775,20,#0000FF,Quadrant 3,2,1,74,,#0000FF,0,189.85998772327002,6
image_46.png,5,False,421.3298792949761,321.6115842183591,20,#0000FF,Quadrant 4,2,2,74,,#0000FF,0,348.2444281296826,6
image_46.png,5,False,529.6525335504149,167.09429732858408,20,#0000FF,Quadrant 2,1,2,74,,#0000FF,0,301.5411190579934,6
image_46.png,5,False,193.168496687177,320.7827215779265,20,#0000FF,Quadrant 3,2,1,74,,#0000FF,0,19.55728315721446,6
image_46.png,5,False,664.345472666791,359.6895960069662,20,#0000FF,Quadrant 4,2,2,74,,#0000FF,0,171.4558466420635,6
image_46.png,5,False,376.4746293471855,175.32957661512665,20,#0000FF,Quadrant 2,1,2,74,,#0000FF,0,94.54505452702892,6
image_46.png,5,False,560.3459315690205,155.39754779987413,20,#0000FF,Quadrant 2,1,2,74,,#0000FF,0,103.96519999057135,6
image_46.png,5,False,376.3446083627773,372.319142695551,20,#0000FF,Quadrant 4,2,2,74,,#0000FF,0,113.64790488954317,6
image_46.png,5,False,377.061119684467,144.7470197486685,20,#0000FF,Quadrant 2,1,2,74,,#0000FF,0,35.05115546566523,6
image_46.png,5,False,431.6245563740353,257.48091936453017,20,#0000FF,Quadrant 4,2,2,74,,#0000FF,0,303.9261418241479,6
image_46.png,5,False,413.49783853072626,185.29904832132968,20,#0000FF,Quadrant 2,1,2,74,,#0000FF,0,91.9238108065991,6
image_46.png,5,False,369.2471499105777,267.1774645665676,20,#0000FF,Quadrant 4,2,2,74,,#0000FF,0,277.3790230614934,6
image_46.png,5,False,226.84291140217368,14.998479905121775,20,#0000FF,Quadrant 1,1,1,74,,#0000FF,0,357.5573449192196,6
image_46.png,5,False,57.818896988342736,166.4520337799946,20,#0000FF,Quadrant 1,1,1,74,,#0000FF,0,3.051419998766609,6
image_46.png,5,False,184.55641782307472,23.867786235800192,20,#0000FF,Quadrant 1,1,1,74,,#0000FF,0,261.0902361719826,6
image_46.png,5,False,50.19163708858385,235.58438417462173,20,#0000FF,Quadrant 3,2,1,74,,#0000FF,0,222.98300052507864,6
image_46.png,5,False,160.39223032360442,237.5675208210597,20,#0000FF,Quadrant 3,2,1,74,,#0000FF,0,321.8281070945061,6
image_46.png,5,False,270.03536524814285,299.7382356387462,20,#0000FF,Quadrant 3,2,1,74,,#0000FF,0,217.68688236748136,6
image_46.png,5,False,564.4048453672009,80.84253699100475,20,#0000FF,Quadrant 2,1,2,74,,#0000FF,0,233.2461017652211,6
image_46.png,5,False,137.95720206609604,122.34693709395235,20,#0000FF,Quadrant 1,1,1,74,,#0000FF,0,39.90423120882591,6
image_46.png,5,False,541.612411192249,108.2732330502805,20,#0000FF,Quadrant 2,1,2,74,,#0000FF,0,240.32851276663678,6
image_46.png,5,False,697.2154527409405,108.61419300153068,20,#0000FF,Quadrant 2,1,2,74,,#0000FF,0,139.8925539832987,6
image_46.png,5,False,133.59341629263798,37.23262594544018,20,#0000FF,Quadrant 1,1,1,74,,#0000FF,0,292.6083109921168,6
image_46.png,5,False,149.2610197998434,159.4158203113909,20,#0000FF,Quadrant 1,1,1,74,,#0000FF,0,352.59191285290615,6
image_46.png,5,False,85.70859287774722,215.3589552683485,20,#0000FF,Quadrant 3,2,1,74,,#0000FF,0,232.37394375458825,6
image_46.png,5,False,434.02277448222037,51.16239104394827,20,#0000FF,Quadrant 2,1,2,74,,#0000FF,0,155.25128750964356,6
image_46.png,5,False,512.2786093775994,304.7956484894709,20,#0000FF,Quadrant 4,2,2,74,,#0000FF,0,25.348437768847045,6
image_46.png,5,False,59.298683406030236,96.37010625936226,20,#0000FF,Quadrant 1,1,1,74,,#0000FF,0,292.4192354287014,6
image_46.png,5,False,485.90104151953693,305.77569678590504,20,#0000FF,Quadrant 4,2,2,74,,#0000FF,0,138.39259463173093,6
image_46.png,5,False,456.8342681487615,149.10432665116144,20,#0000FF,Quadrant 2,1,2,74,,#0000FF,0,358.9256866661951,6
image_46.png,5,False,245.30326246049046,328.9666399340605,20,#0000FF,Quadrant 3,2,1,74,,#0000FF,0,307.2031482006102,6
image_46.png,5,False,279.78215565280186,51.35831032971476,20,#0000FF,Quadrant 1,1,1,74,,#0000FF,0,107.5933242627801,6
image_46.png,5,False,675.8531998902444,317.8521168070893,20,#0000FF,Quadrant 4,2,2,74,,#0000FF,0,179.88629454537042,6
image_46.png,5,False,22.312199015337264,139.24977002433374,20,#0000FF,Quadrant 1,1,1,74,,#0000FF,0,347.9666903503247,6
image_46.png,5,False,461.502604900159,208.7392236535549,20,#0000FF,Quadrant 4,2,2,74,,#0000FF,0,76.20414324520029,6
image_46.png,5,False,610.5678203728942,213.8202066891228,20,#0000FF,Quadrant 4,2,2,74,,#0000FF,0,338.43232426127804,6
image_46.png,5,False,347.848457481637,18.205816597648113,20,#0000FF,Quadrant 1,1,1,74,,#0000FF,0,264.7655005080444,6
image_47.png,2,True,458.01384276852383,16.430047475622025,20,#FF0000,Quadrant 2,1,2,35,151,#FF0000,0,87.36571857681014,5
image_47.png,5,False,634.3123595770852,321.23942630006,20,#0000FF,Quadrant 4,2,2,35,,#0000FF,0,227.75812371063887,5
image_47.png,5,False,432.13463779989615,326.76311534206616,20,#0000FF,Quadrant 4,2,2,35,,#0000FF,0,35.02520653774179,5
image_47.png,5,False,574.2371020634636,54.15991978287876,20,#0000FF,Quadrant 2,1,2,35,,#0000FF,0,23.024741518557512,5
image_47.png,5,False,435.1680552808528,34.85562221768075,20,#0000FF,Quadrant 2,1,2,35,,#0000FF,0,214.19186657445937,5
image_47.png,5,False,243.4294029484539,326.9686683361892,20,#0000FF,Quadrant 3,2,1,35,,#0000FF,0,72.95081044313406,5
image_47.png,5,False,287.98393256513674,56.66332215720813,20,#0000FF,Quadrant 1,1,1,35,,#0000FF,0,265.6542250828685,5
image_47.png,5,False,387.11462479546634,132.56097687907095,20,#0000FF,Quadrant 2,1,2,35,,#0000FF,0,246.27181803694455,5
image_47.png,5,False,157.91673602575815,28.231714279847015,20,#0000FF,Quadrant 1,1,1,35,,#0000FF,0,347.2892603689179,5
image_47.png,5,False,54.55988059337166,114.53168908795348,20,#0000FF,Quadrant 1,1,1,35,,#0000FF,0,62.4411535321276,5
image_47.png,5,False,126.7870378102943,150.83253579726906,20,#0000FF,Quadrant 1,1,1,35,,#0000FF,0,272.71803102981715,5
image_47.png,5,False,178.87113594107655,230.99063306588067,20,#0000FF,Quadrant 3,2,1,35,,#0000FF,0,59.40220563052619,5
image_47.png,5,False,556.0350316825186,249.96956371890667,20,#0000FF,Quadrant 4,2,2,35,,#0000FF,0,48.013515740546744,5
image_47.png,5,False,119.69227269865044,343.4989836370476,20,#0000FF,Quadrant 3,2,1,35,,#0000FF,0,135.40718018977486,5
image_47.png,5,False,15.977332469936073,361.07976947497866,20,#0000FF,Quadrant 3,2,1,35,,#0000FF,0,29.06013877902812,5
image_47.png,5,False,420.0803305811027,118.25052424767615,20,#0000FF,Quadrant 2,1,2,35,,#0000FF,0,254.42684944444954,5
image_47.png,5,False,556.8538525126554,190.93271498167104,20,#0000FF,Quadrant 2,1,2,35,,#0000FF,0,249.6612698634583,5
image_47.png,5,False,109.58753639340333,113.41900458728398,20,#0000FF,Quadrant 1,1,1,35,,#0000FF,0,45.68127091391145,5
image_47.png,5,False,175.8458398978691,76.97949779617306,20,#0000FF,Quadrant 1,1,1,35,,#0000FF,0,162.1508871639615,5
image_47.png,5,False,421.83138782546155,282.1011296135003,20,#0000FF,Quadrant 4,2,2,35,,#0000FF,0,249.00248507815326,5
image_47.png,5,False,71.64660242300513,323.41080012780714,20,#0000FF,Quadrant 3,2,1,35,,#0000FF,0,220.33793436070755,5
image_47.png,5,False,299.5434645052907,221.8145325114693,20,#0000FF,Quadrant 3,2,1,35,,#0000FF,0,108.43191597780049,5
image_47.png,5,False,690.7698285602563,380.2271792156137,20,#0000FF,Quadrant 4,2,2,35,,#0000FF,0,69.08503027485918,5
image_47.png,5,False,605.4217004062039,384.003642380351,20,#0000FF,Quadrant 4,2,2,35,,#0000FF,0,222.8115383556818,5
image_47.png,5,False,330.84482887207156,247.80348467249917,20,#0000FF,Quadrant 3,2,1,35,,#0000FF,0,182.71467237874424,5
image_47.png,5,False,47.564554277601694,53.592708253262195,20,#0000FF,Quadrant 1,1,1,35,,#0000FF,0,74.91913303370454,5
image_47.png,5,False,592.3655875351084,355.5410924950842,20,#0000FF,Quadrant 4,2,2,35,,#0000FF,0,53.71827011322787,5
image_47.png,5,False,261.92902459509264,90.22492656339615,20,#0000FF,Quadrant 1,1,1,35,,#0000FF,0,19.449941159411523,5
image_47.png,5,False,82.9461376081946,30.82858706710925,20,#0000FF,Quadrant 1,1,1,35,,#0000FF,0,163.13314598496476,5
image_47.png,5,False,119.89342575672269,21.986655111262248,20,#0000FF,Quadrant 1,1,1,35,,#0000FF,0,193.44983028858553,5
image_47.png,5,False,410.45586351003436,169.40705163127203,20,#0000FF,Quadrant 2,1,2,35,,#0000FF,0,160.13552139233346,5
image_47.png,5,False,629.9788294911156,97.96390305796754,20,#0000FF,Quadrant 2,1,2,35,,#0000FF,0,268.95123126854685,5
image_47.png,5,False,167.9418420386775,100.63074061921755,20,#0000FF,Quadrant 1,1,1,35,,#0000FF,0,39.64783249354065,5
image_47.png,5,False,148.76956775592123,347.9360266134927,20,#0000FF,Quadrant 3,2,1,35,,#0000FF,0,148.53436464934845,5
image_47.png,5,False,268.331221438816,184.0257929570408,20,#0000FF,Quadrant 1,1,1,35,,#0000FF,0,64.1018755692162,5
image_47.png,5,False,258.0686377820224,112.9445327105799,20,#0000FF,Quadrant 1,1,1,35,,#0000FF,0,69.8957722449869,5
image_48.png,2,True,402.81075874790577,117.0683705478725,20,#FF0000,Quadrant 2,1,2,11,151,#FF0000,0,11.554054388372519,3
image_48.png,5,False,331.7531296533411,169.08860749538312,20,#0000FF,Quadrant 1,1,1,11,,#0000FF,0,39.999337394494475,3
image_48.png,5,False,162.47910576861932,122.57105173300505,20,#0000FF,Quadrant 1,1,1,11,,#0000FF,0,273.7222498930049,3
image_48.png,5,False,558.4555600999404,371.1433337417067,20,#0000FF,Quadrant 4,2,2,11,,#0000FF,0,56.443724663830565,3
image_48.png,5,False,409.3256761910289,219.9416311173999,20,#0000FF,Quadrant 4,2,2,11,,#0000FF,0,326.00811616463045,3
image_48.png,5,False,294.658642101697,208.2285996744235,20,#0000FF,Quadrant 3,2,1,11,,#0000FF,0,82.6928260261622,3
image_48.png,5,False,160.12895436286342,189.9788392512638,20,#0000FF,Quadrant 1,1,1,11,,#0000FF,0,310.39165912895766,3
image_48.png,5,False,20.99315745370262,172.82571856882873,20,#0000FF,Quadrant 1,1,1,11,,#0000FF,0,166.59465000407036,3
image_48.png,5,False,650.0335004235108,368.6833900385391,20,#0000FF,Quadrant 4,2,2,11,,#0000FF,0,80.06637961459266,3
image_48.png,5,False,629.8954862840358,168.9177605696735,20,#0000FF,Quadrant 2,1,2,11,,#0000FF,0,328.9516994843802,3
image_48.png,5,False,693.9874439334844,288.254042078057,20,#0000FF,Quadrant 4,2,2,11,,#0000FF,0,15.920710373082176,3
image_48.png,5,False,304.30567640023577,160.05301907035565,20,#0000FF,Quadrant 1,1,1,11,,#0000FF,0,181.51787826495914,3
image_49.png,2,True,176.71241834200958,222.10807331400918,20,#FF0000,Quadrant 3,2,1,71,151,#FF0000,0,162.8788925580875,6
image_49.png,5,False,515.2007496070851,370.0750125378851,20,#0000FF,Quadrant 4,2,2,71,,#0000FF,0,4.472276937496216,6
image_49.png,5,False,214.79960503961132,255.80799501839076,20,#0000FF,Quadrant 3,2,1,71,,#0000FF,0,47.77632064391706,6
image_49.png,5,False,341.57045350943156,126.22823564083478,20,#0000FF,Quadrant 1,1,1,71,,#0000FF,0,32.66262177925451,6
image_49.png,5,False,602.1083346381215,293.47437131869435,20,#0000FF,Quadrant 4,2,2,71,,#0000FF,0,253.18961564706132,6
image_49.png,5,False,324.3853095883956,302.75363295078154,20,#0000FF,Quadrant 3,2,1,71,,#0000FF,0,8.788850542243413,6
image_49.png,5,False,290.2932964818747,309.5665934342636,20,#0000FF,Quadrant 3,2,1,71,,#0000FF,0,314.7116536880177,6
image_49.png,5,False,330.8997975139954,250.4260704853792,20,#0000FF,Quadrant 3,2,1,71,,#0000FF,0,133.35136581698018,6
image_49.png,5,False,59.711329856379415,348.71821842419905,20,#0000FF,Quadrant 3,2,1,71,,#0000FF,0,309.7377543585733,6
image_49.png,5,False,33.54006685577698,171.9910516484951,20,#0000FF,Quadrant 1,1,1,71,,#0000FF,0,119.84620981761304,6
image_49.png,5,False,662.8597950414818,216.04047023830339,20,#0000FF,Quadrant 4,2,2,71,,#0000FF,0,97.12417700365029,6
image_49.png,5,False,553.7196806127898,41.60251771310023,20,#0000FF,Quadrant 2,1,2,71,,#0000FF,0,286.01235117444924,6
image_49.png,5,False,517.9391809576423,31.71881322987666,20,#0000FF,Quadrant 2,1,2,71,,#0000FF,0,317.10500926412703,6
image_49.png,5,False,475.83589397959014,346.65564845122884,20,#0000FF,Quadrant 4,2,2,71,,#0000FF,0,340.31600272358565,6
image_49.png,5,False,262.89210181406236,245.03244424946976,20,#0000FF,Quadrant 3,2,1,71,,#0000FF,0,39.94795574146356,6
image_49.png,5,False,131.75924079560454,222.22279313536168,20,#0000FF,Quadrant 3,2,1,71,,#0000FF,0,131.60561183032303,6
image_49.png,5,False,499.7332866712922,88.38136019049132,20,#0000FF,Quadrant 2,1,2,71,,#0000FF,0,24.12212909663434,6
image_49.png,5,False,175.4179339916088,53.92480259639406,20,#0000FF,Quadrant 1,1,1,71,,#0000FF,0,353.25058401059124,6
image_49.png,5,False,155.54804918867745,292.6163181335842,20,#0000FF,Quadrant 3,2,1,71,,#0000FF,0,345.277343191383,6
image_49.png,5,False,254.018340175419,112.06126818320107,20,#0000FF,Quadrant 1,1,1,71,,#0000FF,0,81.15740146761365,6
image_49.png,5,False,201.9531351217846,34.95355006250446,20,#0000FF,Quadrant 1,1,1,71,,#0000FF,0,244.88162601183717,6
image_49.png,5,False,346.010337647044,210.0860224632443,20,#0000FF,Quadrant 3,2,1,71,,#0000FF,0,124.28156944265835,6
image_49.png,5,False,500.06962394328554,267.4005343466496,20,#0000FF,Quadrant 4,2,2,71,,#0000FF,0,44.175396332584185,6
image_49.png,5,False,662.3567070858977,316.724841369062,20,#0000FF,Quadrant 4,2,2,71,,#0000FF,0,287.9653921901459,6
image_49.png,5,False,670.1159547121576,52.33993998379727,20,#0000FF,Quadrant 2,1,2,71,,#0000FF,0,103.81416756639138,6
image_49.png,5,False,491.2895743767942,198.61226182347735,20,#0000FF,Quadrant 2,1,2,71,,#0000FF,0,99.33938503510392,6
image_49.png,5,False,369.7537835165872,248.110402558572,20,#0000FF,Quadrant 4,2,2,71,,#0000FF,0,314.99753023335495,6
image_49.png,5,False,249.8764700328525,178.77909967939624,20,#0000FF,Quadrant 1,1,1,71,,#0000FF,0,47.52985276733165,6
image_49.png,5,False,171.07403575836744,369.1356131316464,20,#0000FF,Quadrant 3,2,1,71,,#0000FF,0,313.84573227700645,6
image_49.png,5,False,294.65560167079764,140.57555691806576,20,#0000FF,Quadrant 1,1,1,71,,#0000FF,0,232.08193124022966,6
image_49.png,5,False,591.0745226956527,179.30688279216497,20,#0000FF,Quadrant 2,1,2,71,,#0000FF,0,250.870889059155,6
image_49.png,5,False,101.91647960183204,309.3736429799729,20,#0000FF,Quadrant 3,2,1,71,,#0000FF,0,109.46964177646186,6
image_49.png,5,False,190.14513831028904,194.043896560215,20,#0000FF,Quadrant 1,1,1,71,,#0000FF,0,61.82536515695135,6
image_49.png,5,False,325.1333841221879,73.88524141790137,20,#0000FF,Quadrant 1,1,1,71,,#0000FF,0,127.12352232916304,6
image_49.png,5,False,501.4385867478936,118.82320807056149,20,#0000FF,Quadrant 2,1,2,71,,#0000FF,0,332.6873905799117,6
image_49.png,5,False,116.75102731663354,100.92821261431835,20,#0000FF,Quadrant 1,1,1,71,,#0000FF,0,239.88814775649175,6
image_49.png,5,False,229.1552022386181,58.806987558721765,20,#0000FF,Quadrant 1,1,1,71,,#0000FF,0,14.814524335848468,6
image_49.png,5,False,229.3742537562366,140.97417171242023,20,#0000FF,Quadrant 1,1,1,71,,#0000FF,0,12.488071915501191,6
image_49.png,5,False,382.9680848352302,72.46189585117276,20,#0000FF,Quadrant 2,1,2,71,,#0000FF,0,134.24937696333583,6
image_49.png,5,False,645.1790094239523,163.92456120210923,20,#0000FF,Quadrant 2,1,2,71,,#0000FF,0,108.56151702803676,6
image_49.png,5,False,111.16949787010738,184.13939823741217,20,#0000FF,Quadrant 1,1,1,71,,#0000FF,0,179.79008970161183,6
image_49.png,5,False,13.958776708196542,290.15110297831166,20,#0000FF,Quadrant 3,2,1,71,,#0000FF,0,115.27845513954144,6
image_49.png,5,False,239.2523651491931,277.66061278969414,20,#0000FF,Quadrant 3,2,1,71,,#0000FF,0,351.2163730164412,6
image_49.png,5,False,210.69092885448205,367.83560072685106,20,#0000FF,Quadrant 3,2,1,71,,#0000FF,0,170.6078425239912,6
image_49.png,5,False,406.2983046135727,66.59755343377434,20,#0000FF,Quadrant 2,1,2,71,,#0000FF,0,353.04832039671885,6
image_49.png,5,False,390.611433316228,127.45507189164113,20,#0000FF,Quadrant 2,1,2,71,,#0000FF,0,50.192385644339026,6
image_49.png,5,False,48.918175310016984,253.416182754685,20,#0000FF,Quadrant 3,2,1,71,,#0000FF,0,33.293207269101806,6
image_49.png,5,False,26.536017340370954,214.5198471925603,20,#0000FF,Quadrant 3,2,1,71,,#0000FF,0,100.05378090186149,6
image_49.png,5,False,473.7033078804815,44.02848222007848,20,#0000FF,Quadrant 2,1,2,71,,#0000FF,0,160.3649094979675,6
image_49.png,5,False,144.97607710905842,131.11245299874966,20,#0000FF,Quadrant 1,1,1,71,,#0000FF,0,184.243507847134,6
image_49.png,5,False,661.0040910662473,354.3929471823401,20,#0000FF,Quadrant 4,2,2,71,,#0000FF,0,217.82801586508825,6
image_49.png,5,False,112.93475154265042,333.73793844616483,20,#0000FF,Quadrant 3,2,1,71,,#0000FF,0,129.9833528930014,6
image_49.png,5,False,684.5137798413774,341.4860561197287,20,#0000FF,Quadrant 4,2,2,71,,#0000FF,0,126.48781203412057,6
image_49.png,5,False,564.7393126106672,120.1036589288171,20,#0000FF,Quadrant 2,1,2,71,,#0000FF,0,357.3349796952271,6
image_49.png,5,False,679.5785038361814,171.20857101241413,20,#0000FF,Quadrant 2,1,2,71,,#0000FF,0,290.04220263719736,6
image_49.png,5,False,107.1621362616676,232.95406554654014,20,#0000FF,Quadrant 3,2,1,71,,#0000FF,0,322.7143775605393,6
image_49.png,5,False,154.16303179358133,190.40376314229184,20,#0000FF,Quadrant 1,1,1,71,,#0000FF,0,30.98807075403736,6
image_49.png,5,False,500.36018766682105,296.482136665446,20,#0000FF,Quadrant 4,2,2,71,,#0000FF,0,200.09298418732868,6
image_49.png,5,False,139.1584220785162,155.30888333482352,20,#0000FF,Quadrant 1,1,1,71,,#0000FF,0,49.293734369670744,6
image_49.png,5,False,40.098478048359254,323.32185940558696,20,#0000FF,Quadrant 3,2,1,71,,#0000FF,0,199.39209354378895,6
image_49.png,5,False,220.39700732704424,222.40823942173702,20,#0000FF,Quadrant 3,2,1,71,,#0000FF,0,300.4506725868208,6
image_49.png,5,False,29.492770121621103,11.924843134142883,20,#0000FF,Quadrant 1,1,1,71,,#0000FF,0,166.84266031404792,6
image_49.png,5,False,93.23536316969205,115.78803892711537,20,#0000FF,Quadrant 1,1,1,71,,#0000FF,0,88.11009414672351,6
image_49.png,5,False,56.973405380816146,292.82378681559186,20,#0000FF,Quadrant 3,2,1,71,,#0000FF,0,357.9598634647214,6
image_49.png,5,False,400.68089226224424,339.23475707687857,20,#0000FF,Quadrant 4,2,2,71,,#0000FF,0,209.18367723356877,6
image_49.png,5,False,338.9920514618178,273.4246472962956,20,#0000FF,Quadrant 3,2,1,71,,#0000FF,0,226.0785770932482,6
image_49.png,5,False,123.20174331784206,33.116928929387264,20,#0000FF,Quadrant 1,1,1,71,,#0000FF,0,304.3008245038493,6
image_49.png,5,False,616.160595183611,62.21801488914864,20,#0000FF,Quadrant 2,1,2,71,,#0000FF,0,115.08520011585819,6
image_49.png,5,False,198.86987367154367,169.57629394904833,20,#0000FF,Quadrant 1,1,1,71,,#0000FF,0,58.7911866533741,6
image_49.png,5,False,578.2639087961716,15.875316931060599,20,#0000FF,Quadrant 2,1,2,71,,#0000FF,0,208.8167909278465,6
image_49.png,5,False,638.5329171816041,49.713950353542025,20,#0000FF,Quadrant 2,1,2,71,,#0000FF,0,122.51271286254116,6
image_49.png,5,False,163.34720268811415,82.22154471688228,20,#0000FF,Quadrant 1,1,1,71,,#0000FF,0,55.639769294990906,6
image_50.png,2,True,642.1454692605124,55.06181601824842,20,#FF0000,Quadrant 2,1,2,40,151,#FF0000,0,150.24465267193975,5
image_50.png,5,False,22.974406073898475,142.62334689330137,20,#0000FF,Quadrant 1,1,1,40,,#0000FF,0,47.243576440420064,5
image_50.png,5,False,106.78063356086362,178.05252911386316,20,#0000FF,Quadrant 1,1,1,40,,#0000FF,0,248.77825327608497,5
image_50.png,5,False,371.43044433082036,377.7021298355837,20,#0000FF,Quadrant 4,2,2,40,,#0000FF,0,355.52942436302834,5
image_50.png,5,False,220.92745459687197,292.40596175125995,20,#0000FF,Quadrant 3,2,1,40,,#0000FF,0,61.99457746417937,5
image_50.png,5,False,99.68427564461288,273.4243215159463,20,#0000FF,Quadrant 3,2,1,40,,#0000FF,0,42.69488066471236,5
image_50.png,5,False,222.8181150061051,90.3199004472978,20,#0000FF,Quadrant 1,1,1,40,,#0000FF,0,247.69697667335564,5
image_50.png,5,False,303.69069503973196,299.4229539808872,20,#0000FF,Quadrant 3,2,1,40,,#0000FF,0,353.1994443259968,5
image_50.png,5,False,23.95761727365101,194.04835024678903,20,#0000FF,Quadrant 1,1,1,40,,#0000FF,0,40.219989925508976,5
image_50.png,5,False,146.28583385263514,23.395646525732104,20,#0000FF,Quadrant 1,1,1,40,,#0000FF,0,155.24909030874144,5
image_50.png,5,False,419.6983822497259,188.31312508100714,20,#0000FF,Quadrant 2,1,2,40,,#0000FF,0,237.52398360410712,5
image_50.png,5,False,77.49097961227213,57.79396442917786,20,#0000FF,Quadrant 1,1,1,40,,#0000FF,0,3.698062834427467,5
image_50.png,5,False,415.8584992133787,86.60923354214079,20,#0000FF,Quadrant 2,1,2,40,,#0000FF,0,216.6451099063786,5
image_50.png,5,False,31.159531016252494,66.02053758305051,20,#0000FF,Quadrant 1,1,1,40,,#0000FF,0,241.41623323077053,5
image_50.png,5,False,202.11183005360817,230.14601127417544,20,#0000FF,Quadrant 3,2,1,40,,#0000FF,0,268.63128467697044,5
image_50.png,5,False,600.1901385406934,306.1432074561227,20,#0000FF,Quadrant 4,2,2,40,,#0000FF,0,126.79317845255612,5
image_50.png,5,False,358.8824588201356,36.83140070335525,20,#0000FF,Quadrant 2,1,2,40,,#0000FF,0,220.66431438219624,5
image_50.png,5,False,536.8751387121915,210.90104387719387,20,#0000FF,Quadrant 4,2,2,40,,#0000FF,0,295.0511417398462,5
image_50.png,5,False,675.3777574464629,75.93036892136622,20,#0000FF,Quadrant 2,1,2,40,,#0000FF,0,257.69218824026814,5
image_50.png,5,False,13.982631868098304,285.18205524461865,20,#0000FF,Quadrant 3,2,1,40,,#0000FF,0,271.4464336139376,5
image_50.png,5,False,645.2087756275425,332.79019422480314,20,#0000FF,Quadrant 4,2,2,40,,#0000FF,0,332.7235549468215,5
image_50.png,5,False,492.01357276799683,80.97754442836107,20,#0000FF,Quadrant 2,1,2,40,,#0000FF,0,170.89758136813856,5
image_50.png,5,False,84.94658374491806,326.5325341531846,20,#0000FF,Quadrant 3,2,1,40,,#0000FF,0,242.46925134054706,5
image_50.png,5,False,303.19928282227204,205.38687908660984,20,#0000FF,Quadrant 3,2,1,40,,#0000FF,0,353.26840472714173,5
image_50.png,5,False,535.6111086264117,129.7979429865377,20,#0000FF,Quadrant 2,1,2,40,,#0000FF,0,146.72806919086253,5
image_50.png,5,False,369.0923034894736,198.4184557060856,20,#0000FF,Quadrant 2,1,2,40,,#0000FF,0,167.72461056496067,5
image_50.png,5,False,351.16811825136,156.44726217690945,20,#0000FF,Quadrant 1,1,1,40,,#0000FF,0,29.60926024706323,5
image_50.png,5,False,518.2241766525265,270.70359873023386,20,#0000FF,Quadrant 4,2,2,40,,#0000FF,0,164.50047594413323,5
image_50.png,5,False,166.62679308390653,164.95267934980066,20,#0000FF,Quadrant 1,1,1,40,,#0000FF,0,302.79246330130184,5
image_50.png,5,False,305.86558637077246,334.8604773157258,20,#0000FF,Quadrant 3,2,1,40,,#0000FF,0,354.5864381487045,5
image_50.png,5,False,563.878679616312,365.9729966574278,20,#0000FF,Quadrant 4,2,2,40,,#0000FF,0,322.1116729287876,5
image_50.png,5,False,684.5463190159691,291.26135632216733,20,#0000FF,Quadrant 4,2,2,40,,#0000FF,0,250.21336177438943,5
image_50.png,5,False,127.25029249925518,148.48237753382648,20,#0000FF,Quadrant 1,1,1,40,,#0000FF,0,321.2739470007062,5
image_50.png,5,False,148.98154956793792,330.04315138213315,20,#0000FF,Quadrant 3,2,1,40,,#0000FF,0,71.67109878292227,5
image_50.png,5,False,537.9589214071425,300.53747804437006,20,#0000FF,Quadrant 4,2,2,40,,#0000FF,0,179.67964038451458,5
image_50.png,5,False,256.35104443761935,263.00390981135166,20,#0000FF,Quadrant 3,2,1,40,,#0000FF,0,339.5610212093948,5
image_50.png,5,False,691.4034859973426,204.31468669638525,20,#0000FF,Quadrant 4,2,2,40,,#0000FF,0,342.0499743938423,5
image_50.png,5,False,324.2433370682393,57.187842717474425,20,#0000FF,Quadrant 1,1,1,40,,#0000FF,0,53.05467573165772,5
image_50.png,5,False,170.0362153719934,367.22833572985206,20,#0000FF,Quadrant 3,2,1,40,,#0000FF,0,176.16289749010323,5
image_50.png,5,False,519.3430672244378,324.8581131383064,20,#0000FF,Quadrant 4,2,2,40,,#0000FF,0,10.70046660197689,5
image_50.png,5,False,236.27260533895753,125.44048703538948,20,#0000FF,Quadrant 1,1,1,40,,#0000FF,0,217.6502126791594,5
image_51.png,2,True,466.48453645303186,207.54068908201347,20,#FF0000,Quadrant 4,2,2,39,151,#FF0000,0,273.66171976585844,5
image_51.png,5,False,332.0890407721026,121.96678802573113,20,#0000FF,Quadrant 1,1,1,39,,#0000FF,0,177.18750480848033,5
image_51.png,5,False,358.80358690982587,216.04160737906926,20,#0000FF,Quadrant 4,2,2,39,,#0000FF,0,179.24365592368042,5
image_51.png,5,False,383.4244720088035,17.67940841671394,20,#0000FF,Quadrant 2,1,2,39,,#0000FF,0,291.4133750608715,5
image_51.png,5,False,693.6002686586231,343.6875036347434,20,#0000FF,Quadrant 4,2,2,39,,#0000FF,0,275.02736636530955,5
image_51.png,5,False,321.1295926774389,333.3864813466014,20,#0000FF,Quadrant 3,2,1,39,,#0000FF,0,42.88827909608747,5
image_51.png,5,False,35.7909909385472,77.85654740348421,20,#0000FF,Quadrant 1,1,1,39,,#0000FF,0,159.32021264341657,5
image_51.png,5,False,547.9945215046234,345.41668658621893,20,#0000FF,Quadrant 4,2,2,39,,#0000FF,0,237.38796971537062,5
image_51.png,5,False,307.7392902200103,129.10975727843766,20,#0000FF,Quadrant 1,1,1,39,,#0000FF,0,59.09192783335342,5
image_51.png,5,False,537.4036740836814,226.02727452784245,20,#0000FF,Quadrant 4,2,2,39,,#0000FF,0,140.06897669645974,5
image_51.png,5,False,392.5571061985403,214.89032197218734,20,#0000FF,Quadrant 4,2,2,39,,#0000FF,0,176.59933624884704,5
image_51.png,5,False,398.3939783546936,70.08554173653533,20,#0000FF,Quadrant 2,1,2,39,,#0000FF,0,169.13461663818345,5
image_51.png,5,False,192.47638821484284,234.4150548501994,20,#0000FF,Quadrant 3,2,1,39,,#0000FF,0,20.065365291375905,5
image_51.png,5,False,477.1000829939114,300.7259500742104,20,#0000FF,Quadrant 4,2,2,39,,#0000FF,0,136.0071738220623,5
image_51.png,5,False,53.32111702407353,234.19517091702502,20,#0000FF,Quadrant 3,2,1,39,,#0000FF,0,102.39751424918919,5
image_51.png,5,False,263.4565548477776,317.01119561864135,20,#0000FF,Quadrant 3,2,1,39,,#0000FF,0,46.15130291354875,5
image_51.png,5,False,305.9941030949618,385.95540758285205,20,#0000FF,Quadrant 3,2,1,39,,#0000FF,0,137.0064159858675,5
image_51.png,5,False,49.89353108848898,103.31851906774985,20,#0000FF,Quadrant 1,1,1,39,,#0000FF,0,148.29465692085722,5
image_51.png,5,False,226.03657496910034,43.10797646736387,20,#0000FF,Quadrant 1,1,1,39,,#0000FF,0,84.46395183585447,5
image_51.png,5,False,609.6996329805603,54.27015007742218,20,#0000FF,Quadrant 2,1,2,39,,#0000FF,0,247.67685430929126,5
image_51.png,5,False,302.083924549714,205.57921307334988,20,#0000FF,Quadrant 3,2,1,39,,#0000FF,0,236.79640316078562,5
image_51.png,5,False,25.057165932024887,188.54656267359798,20,#0000FF,Quadrant 1,1,1,39,,#0000FF,0,151.62214618908462,5
image_51.png,5,False,229.07837401525074,226.59363838682842,20,#0000FF,Quadrant 3,2,1,39,,#0000FF,0,8.005122504199429,5
image_51.png,5,False,78.33298875344543,195.59955744312273,20,#0000FF,Quadrant 1,1,1,39,,#0000FF,0,116.07169275070662,5
image_51.png,5,False,152.8708296528576,198.7644679847844,20,#0000FF,Quadrant 1,1,1,39,,#0000FF,0,248.71102722764064,5
image_51.png,5,False,470.8300254564186,73.985088381208,20,#0000FF,Quadrant 2,1,2,39,,#0000FF,0,292.12458398465367,5
image_51.png,5,False,678.9357216536841,87.2647609401326,20,#0000FF,Quadrant 2,1,2,39,,#0000FF,0,107.82752313316126,5
image_51.png,5,False,682.1599048178351,39.4714065765129,20,#0000FF,Quadrant 2,1,2,39,,#0000FF,0,228.7599121409675,5
image_51.png,5,False,158.5011922641693,111.2286276814852,20,#0000FF,Quadrant 1,1,1,39,,#0000FF,0,306.12034732774083,5
image_51.png,5,False,406.1557576134565,315.1399413897462,20,#0000FF,Quadrant 4,2,2,39,,#0000FF,0,107.03529684723888,5
image_51.png,5,False,671.0213927057306,282.2931866727966,20,#0000FF,Quadrant 4,2,2,39,,#0000FF,0,224.846024419663,5
image_51.png,5,False,418.7947475990759,114.33194423785787,20,#0000FF,Quadrant 2,1,2,39,,#0000FF,0,208.14956928867176,5
image_51.png,5,False,376.902859721034,172.4460265284881,20,#0000FF,Quadrant 2,1,2,39,,#0000FF,0,203.91418612321348,5
image_51.png,5,False,63.81983662328765,322.3733230091495,20,#0000FF,Quadrant 3,2,1,39,,#0000FF,0,125.03393535639815,5
image_51.png,5,False,217.6373156106123,261.7866315849139,20,#0000FF,Quadrant 3,2,1,39,,#0000FF,0,181.67023248587262,5
image_51.png,5,False,296.4625187082988,105.97809170362608,20,#0000FF,Quadrant 1,1,1,39,,#0000FF,0,112.80706787130023,5
image_51.png,5,False,443.58447228815777,206.13271549421776,20,#0000FF,Quadrant 4,2,2,39,,#0000FF,0,317.1227646373003,5
image_51.png,5,False,354.951302019689,260.78474965453336,20,#0000FF,Quadrant 3,2,1,39,,#0000FF,0,67.15401804196526,5
image_51.png,5,False,657.3529627767687,112.27979044800686,20,#0000FF,Quadrant 2,1,2,39,,#0000FF,0,296.6068797349549,5
image_51.png,5,False,525.2926928563138,300.37037093568,20,#0000FF,Quadrant 4,2,2,39,,#0000FF,0,86.53462122507506,5
image_52.png,2,True,583.0177082030024,35.35360616165837,20,#FF0000,Quadrant 2,1,2,30,151,#FF0000,0,114.71514485528273,4
image_52.png,5,False,295.1700436317775,322.3626463003669,20,#0000FF,Quadrant 3,2,1,30,,#0000FF,0,73.28089493921483,4
image_52.png,5,False,187.69173143240084,238.26579793734157,20,#0000FF,Quadrant 3,2,1,30,,#0000FF,0,232.57535530485472,4
image_52.png,5,False,89.24185929688802,83.5442523395432,20,#0000FF,Quadrant 1,1,1,30,,#0000FF,0,146.1117381293627,4
image_52.png,5,False,580.960659824032,186.45236694421268,20,#0000FF,Quadrant 2,1,2,30,,#0000FF,0,88.41117953461492,4
image_52.png,5,False,311.4955756870745,255.5365353549855,20,#0000FF,Quadrant 3,2,1,30,,#0000FF,0,201.53700379182038,4
image_52.png,5,False,120.7979986213039,62.570777692017124,20,#0000FF,Quadrant 1,1,1,30,,#0000FF,0,13.321344500158578,4
image_52.png,5,False,564.6378080575532,259.9775293779888,20,#0000FF,Quadrant 4,2,2,30,,#0000FF,0,93.02286508888854,4
image_52.png,5,False,598.386981063322,375.31144461851693,20,#0000FF,Quadrant 4,2,2,30,,#0000FF,0,63.354679882122376,4
image_52.png,5,False,24.717122913304614,335.9227531021764,20,#0000FF,Quadrant 3,2,1,30,,#0000FF,0,174.90310759547464,4
image_52.png,5,False,425.50222101291746,338.7909327449939,20,#0000FF,Quadrant 4,2,2,30,,#0000FF,0,30.214634783608574,4
image_52.png,5,False,291.4277207246181,148.3781446955505,20,#0000FF,Quadrant 1,1,1,30,,#0000FF,0,324.2069585906852,4
image_52.png,5,False,73.22103549883276,367.51528968996075,20,#0000FF,Quadrant 3,2,1,30,,#0000FF,0,236.67501716955724,4
image_52.png,5,False,653.792523258349,208.29995725359078,20,#0000FF,Quadrant 4,2,2,30,,#0000FF,0,264.4129465527048,4
image_52.png,5,False,665.3257307339819,363.1280263405169,20,#0000FF,Quadrant 4,2,2,30,,#0000FF,0,298.4333697628312,4
image_52.png,5,False,620.4651901437447,100.99305128106815,20,#0000FF,Quadrant 2,1,2,30,,#0000FF,0,90.65090103985663,4
image_52.png,5,False,566.807512230722,135.4700743453377,20,#0000FF,Quadrant 2,1,2,30,,#0000FF,0,44.01966004333432,4
image_52.png,5,False,279.67601084131644,293.8854586572684,20,#0000FF,Quadrant 3,2,1,30,,#0000FF,0,210.35743940923427,4
image_52.png,5,False,302.35673995470836,65.53704949003232,20,#0000FF,Quadrant 1,1,1,30,,#0000FF,0,84.93770850285911,4
image_52.png,5,False,679.2772749227516,177.1217060116377,20,#0000FF,Quadrant 2,1,2,30,,#0000FF,0,63.05553195684483,4
image_52.png,5,False,417.15237068781704,196.355543297914,20,#0000FF,Quadrant 2,1,2,30,,#0000FF,0,91.55013137045484,4
image_52.png,5,False,664.6618028419492,130.63319975354986,20,#0000FF,Quadrant 2,1,2,30,,#0000FF,0,134.89379444615824,4
image_52.png,5,False,481.4067903513675,375.13319850700617,20,#0000FF,Quadrant 4,2,2,30,,#0000FF,0,152.5612739544174,4
image_52.png,5,False,659.2444624578151,272.07796809672453,20,#0000FF,Quadrant 4,2,2,30,,#0000FF,0,238.40043639852757,4
image_52.png,5,False,95.09504666591776,338.7082094799903,20,#0000FF,Quadrant 3,2,1,30,,#0000FF,0,292.41010760284513,4
image_52.png,5,False,278.6565292359869,354.90027979882603,20,#0000FF,Quadrant 3,2,1,30,,#0000FF,0,308.75297009397303,4
image_52.png,5,False,684.837076682236,107.59173482459576,20,#0000FF,Quadrant 2,1,2,30,,#0000FF,0,141.4712045632501,4
image_52.png,5,False,577.8456230338231,100.00405197162819,20,#0000FF,Quadrant 2,1,2,30,,#0000FF,0,32.490117975146035,4
image_52.png,5,False,624.3799954309803,357.2067228696028,20,#0000FF,Quadrant 4,2,2,30,,#0000FF,0,75.73913685522989,4
image_52.png,5,False,616.9529335397385,300.8280604302462,20,#0000FF,Quadrant 4,2,2,30,,#0000FF,0,227.28697295625778,4
image_52.png,5,False,590.5616283286034,282.1719147686239,20,#0000FF,Quadrant 4,2,2,30,,#0000FF,0,148.66607467486705,4
image_53.png,2,True,359.86448009108767,144.0016990087111,20,#FF0000,Quadrant 2,1,2,2,151,#FF0000,0,251.453587516764,1
image_53.png,5,False,571.4519253476292,289.8829267883184,20,#0000FF,Quadrant 4,2,2,2,,#0000FF,0,216.76173912378675,1
image_53.png,5,False,29.8447655066928,30.69335505693341,20,#0000FF,Quadrant 1,1,1,2,,#0000FF,0,163.17423112895813,1
image_54.png,2,True,556.0123099738141,62.44286038847752,20,#FF0000,Quadrant 2,1,2,76,151,#FF0000,0,226.85628294665952,6
image_54.png,5,False,443.8961322644521,129.5868414018745,20,#0000FF,Quadrant 2,1,2,76,,#0000FF,0,144.23826599141293,6
image_54.png,5,False,119.7396607769791,206.18630681728695,20,#0000FF,Quadrant 3,2,1,76,,#0000FF,0,29.60353851242474,6
image_54.png,5,False,583.2981318331167,299.47550184410164,20,#0000FF,Quadrant 4,2,2,76,,#0000FF,0,349.07925126208846,6
image_54.png,5,False,483.4840776824047,310.61878747567596,20,#0000FF,Quadrant 4,2,2,76,,#0000FF,0,304.90575472895654,6
image_54.png,5,False,340.59381569061816,288.8950571303569,20,#0000FF,Quadrant 3,2,1,76,,#0000FF,0,114.98368652564557,6
image_54.png,5,False,147.8793028231775,167.6796484809565,20,#0000FF,Quadrant 1,1,1,76,,#0000FF,0,287.8303204584646,6
image_54.png,5,False,614.8327189085893,368.11820453039314,20,#0000FF,Quadrant 4,2,2,76,,#0000FF,0,65.48013137026058,6
image_54.png,5,False,165.67163496677694,369.3852840861879,20,#0000FF,Quadrant 3,2,1,76,,#0000FF,0,318.3629149596438,6
image_54.png,5,False,456.85650893055026,247.86514114179712,20,#0000FF,Quadrant 4,2,2,76,,#0000FF,0,332.3204466780334,6
image_54.png,5,False,682.1738969356621,85.94462460990273,20,#0000FF,Quadrant 2,1,2,76,,#0000FF,0,326.4641209843126,6
image_54.png,5,False,190.24871040011996,44.66515906256751,20,#0000FF,Quadrant 1,1,1,76,,#0000FF,0,154.40521252260643,6
image_54.png,5,False,663.6507773237702,55.358496109660216,20,#0000FF,Quadrant 2,1,2,76,,#0000FF,0,132.45125547978458,6
image_54.png,5,False,310.8243686321718,358.75586048432945,20,#0000FF,Quadrant 3,2,1,76,,#0000FF,0,258.6900325812516,6
image_54.png,5,False,475.11731944582374,55.79766792695916,20,#0000FF,Quadrant 2,1,2,76,,#0000FF,0,163.33483143011242,6
image_54.png,5,False,142.28492987029287,336.81208178006034,20,#0000FF,Quadrant 3,2,1,76,,#0000FF,0,256.88293630728367,6
image_54.png,5,False,209.40579929425746,197.7955636264666,20,#0000FF,Quadrant 1,1,1,76,,#0000FF,0,281.56389963502454,6
image_54.png,5,False,601.0166943546495,237.83129329595099,20,#0000FF,Quadrant 4,2,2,76,,#0000FF,0,46.871759260230434,6
image_54.png,5,False,205.96443182752915,266.9773101477271,20,#0000FF,Quadrant 3,2,1,76,,#0000FF,0,358.27468199038503,6
image_54.png,5,False,292.4731062204195,66.16639809963283,20,#0000FF,Quadrant 1,1,1,76,,#0000FF,0,150.59915680388474,6
image_54.png,5,False,191.3798306230425,244.48313074163488,20,#0000FF,Quadrant 3,2,1,76,,#0000FF,0,104.46946614538236,6
image_54.png,5,False,265.68040253684086,269.6529585618901,20,#0000FF,Quadrant 3,2,1,76,,#0000FF,0,326.6381645902579,6
image_54.png,5,False,18.11064691885879,61.351465816837774,20,#0000FF,Quadrant 1,1,1,76,,#0000FF,0,164.93908011068345,6
image_54.png,5,False,488.49323142256736,270.6302258239558,20,#0000FF,Quadrant 4,2,2,76,,#0000FF,0,116.36855267572179,6
image_54.png,5,False,76.64752181450261,33.20837455763345,20,#0000FF,Quadrant 1,1,1,76,,#0000FF,0,92.24121381565944,6
image_54.png,5,False,658.192816780324,376.6053211484099,20,#0000FF,Quadrant 4,2,2,76,,#0000FF,0,358.8261972240717,6
image_54.png,5,False,526.5386280193081,28.2034874709431,20,#0000FF,Quadrant 2,1,2,76,,#0000FF,0,215.36354374471117,6
image_54.png,5,False,266.5509358131301,376.92585235283826,20,#0000FF,Quadrant 3,2,1,76,,#0000FF,0,142.09085316698494,6
image_54.png,5,False,410.9554809152146,109.39024451531121,20,#0000FF,Quadrant 2,1,2,76,,#0000FF,0,201.44173990789795,6
image_54.png,5,False,651.9952624566314,342.8449722449189,20,#0000FF,Quadrant 4,2,2,76,,#0000FF,0,181.3488198624725,6
image_54.png,5,False,611.5872162554633,326.55592629476075,20,#0000FF,Quadrant 4,2,2,76,,#0000FF,0,46.03373810437188,6
image_54.png,5,False,649.1773222634887,117.94584209662398,20,#0000FF,Quadrant 2,1,2,76,,#0000FF,0,269.2164123789459,6
image_54.png,5,False,433.3098521648864,298.8711613587959,20,#0000FF,Quadrant 4,2,2,76,,#0000FF,0,315.6970987823449,6
image_54.png,5,False,226.6641076300235,348.429944115608,20,#0000FF,Quadrant 3,2,1,76,,#0000FF,0,94.95285858295979,6
image_54.png,5,False,696.2553303948664,299.669306361073,20,#0000FF,Quadrant 4,2,2,76,,#0000FF,0,113.59545100683661,6
image_54.png,5,False,47.670087718709134,67.17866506149161,20,#0000FF,Quadrant 1,1,1,76,,#0000FF,0,287.3592659711559,6
image_54.png,5,False,35.709088988606204,109.3646582351906,20,#0000FF,Quadrant 1,1,1,76,,#0000FF,0,82.74979640491959,6
image_54.png,5,False,311.70017803416073,387.1862589893954,20,#0000FF,Quadrant 3,2,1,76,,#0000FF,0,254.14663052683935,6
image_54.png,5,False,39.1054871842791,145.7646039409445,20,#0000FF,Quadrant 1,1,1,76,,#0000FF,0,333.79428281015066,6
image_54.png,5,False,345.30246546414816,197.34967190415824,20,#0000FF,Quadrant 1,1,1,76,,#0000FF,0,255.2504912160905,6
image_54.png,5,False,608.2798379660323,57.74130046479719,20,#0000FF,Quadrant 2,1,2,76,,#0000FF,0,304.50180634196863,6
image_54.png,5,False,361.5203193482156,114.11520732125275,20,#0000FF,Quadrant 2,1,2,76,,#0000FF,0,60.58620057983093,6
image_54.png,5,False,414.531729849733,231.58091379140106,20,#0000FF,Quadrant 4,2,2,76,,#0000FF,0,320.72202800757856,6
image_54.png,5,False,373.42461514739705,226.75779260884988,20,#0000FF,Quadrant 4,2,2,76,,#0000FF,0,349.78584767494544,6
image_54.png,5,False,63.93963386567283,301.39979540024603,20,#0000FF,Quadrant 3,2,1,76,,#0000FF,0,149.91083690038883,6
image_54.png,5,False,622.3963439348728,20.813699733155282,20,#0000FF,Quadrant 2,1,2,76,,#0000FF,0,243.68706579469054,6
image_54.png,5,False,479.96055310258083,159.99618544582304,20,#0000FF,Quadrant 2,1,2,76,,#0000FF,0,245.27244413852995,6
image_54.png,5,False,66.85257011726983,325.0043072664225,20,#0000FF,Quadrant 3,2,1,76,,#0000FF,0,55.35916872616723,6
image_54.png,5,False,14.99989355336982,377.57325421701495,20,#0000FF,Quadrant 3,2,1,76,,#0000FF,0,213.9135333663394,6
image_54.png,5,False,516.9461765202819,372.89825051485485,20,#0000FF,Quadrant 4,2,2,76,,#0000FF,0,263.3562782402008,6
image_54.png,5,False,156.63176725655137,29.401889972306105,20,#0000FF,Quadrant 1,1,1,76,,#0000FF,0,204.89703689929297,6
image_54.png,5,False,233.664713367248,31.992239066633537,20,#0000FF,Quadrant 1,1,1,76,,#0000FF,0,231.71185062723936,6
image_54.png,5,False,666.8592299742912,155.16577150660962,20,#0000FF,Quadrant 2,1,2,76,,#0000FF,0,25.460672057988027,6
image_54.png,5,False,133.6494417370498,375.7886391087747,20,#0000FF,Quadrant 3,2,1,76,,#0000FF,0,143.5890589047894,6
image_54.png,5,False,548.0703636054025,118.70576604179668,20,#0000FF,Quadrant 2,1,2,76,,#0000FF,0,58.65864619509162,6
image_54.png,5,False,308.8949509786644,315.8015080571363,20,#0000FF,Quadrant 3,2,1,76,,#0000FF,0,176.70423513946048,6
image_54.png,5,False,584.284430408312,204.78291929923992,20,#0000FF,Quadrant 4,2,2,76,,#0000FF,0,239.587306638063,6
image_54.png,5,False,621.0495836242562,191.09420154605218,20,#0000FF,Quadrant 2,1,2,76,,#0000FF,0,176.26429289847067,6
image_54.png,5,False,433.95490279346086,175.0920387089208,20,#0000FF,Quadrant 2,1,2,76,,#0000FF,0,291.9579694611204,6
image_54.png,5,False,165.49461629393477,270.39741055484274,20,#0000FF,Quadrant 3,2,1,76,,#0000FF,0,166.8689552211643,6
image_54.png,5,False,352.2770328394698,248.97352174409622,20,#0000FF,Quadrant 3,2,1,76,,#0000FF,0,55.8250923085238,6
image_54.png,5,False,340.0742306036573,67.17327161149976,20,#0000FF,Quadrant 1,1,1,76,,#0000FF,0,326.59477597889367,6
image_54.png,5,False,76.09972575417399,260.8032859882502,20,#0000FF,Quadrant 3,2,1,76,,#0000FF,0,152.9688676348849,6
image_54.png,5,False,185.57904810391597,107.337157244568,20,#0000FF,Quadrant 1,1,1,76,,#0000FF,0,204.65215573174441,6
image_54.png,5,False,134.71146294978269,79.87467486128143,20,#0000FF,Quadrant 1,1,1,76,,#0000FF,0,238.1681964295836,6
image_54.png,5,False,611.3565797738295,81.75847537654519,20,#0000FF,Quadrant 2,1,2,76,,#0000FF,0,348.01906563729267,6
image_54.png,5,False,525.7032009789816,239.33198614434957,20,#0000FF,Quadrant 4,2,2,76,,#0000FF,0,66.63146069764633,6
image_54.png,5,False,84.26182387685365,212.99412912705506,20,#0000FF,Quadrant 3,2,1,76,,#0000FF,0,313.78168614526953,6
image_54.png,5,False,91.39132139211046,75.91596275488114,20,#0000FF,Quadrant 1,1,1,76,,#0000FF,0,2.104945050002489,6
image_54.png,5,False,487.65449246099666,339.3990369336088,20,#0000FF,Quadrant 4,2,2,76,,#0000FF,0,171.76315460844847,6
image_54.png,5,False,311.25825844853966,247.65035912689248,20,#0000FF,Quadrant 3,2,1,76,,#0000FF,0,233.9063373732632,6
image_54.png,5,False,142.54005792229214,124.74695470150255,20,#0000FF,Quadrant 1,1,1,76,,#0000FF,0,284.4041531822809,6
image_54.png,5,False,337.57848129179166,19.246761068861435,20,#0000FF,Quadrant 1,1,1,76,,#0000FF,0,166.83319995805346,6
image_54.png,5,False,116.01892330512572,276.5820839577207,20,#0000FF,Quadrant 3,2,1,76,,#0000FF,0,59.79797754339516,6
image_54.png,5,False,335.8560578713084,336.0030563765552,20,#0000FF,Quadrant 3,2,1,76,,#0000FF,0,346.99207346600934,6
image_54.png,5,False,149.72217139705145,226.2447145397394,20,#0000FF,Quadrant 3,2,1,76,,#0000FF,0,210.68145697822177,6
image_54.png,5,False,46.08538217114425,13.976478210142325,20,#0000FF,Quadrant 1,1,1,76,,#0000FF,0,300.18187180924434,6
image_55.png,2,True,595.6966038311981,289.61560245405104,20,#FF0000,Quadrant 4,2,2,92,151,#FF0000,0,352.61529765760093,6
image_55.png,5,False,392.915817896494,120.91277307266374,20,#0000FF,Quadrant 2,1,2,92,,#0000FF,0,214.50223820796813,6
image_55.png,5,False,345.92356186883217,234.41284616220113,20,#0000FF,Quadrant 3,2,1,92,,#0000FF,0,175.4987447253237,6
image_55.png,5,False,478.60219490971707,319.7085315731594,20,#0000FF,Quadrant 4,2,2,92,,#0000FF,0,220.13830555007712,6
image_55.png,5,False,503.14603652675095,210.70072978131046,20,#0000FF,Quadrant 4,2,2,92,,#0000FF,0,175.6445384285307,6
image_55.png,5,False,228.62075351322562,35.006995061389134,20,#0000FF,Quadrant 1,1,1,92,,#0000FF,0,151.9216371141762,6
image_55.png,5,False,298.40770862711867,189.9217532441288,20,#0000FF,Quadrant 1,1,1,92,,#0000FF,0,321.43579060873464,6
image_55.png,5,False,657.9465239883802,142.07683485349264,20,#0000FF,Quadrant 2,1,2,92,,#0000FF,0,178.12396812566226,6
image_55.png,5,False,25.335971125652872,119.86807538946758,20,#0000FF,Quadrant 1,1,1,92,,#0000FF,0,251.10519854011238,6
image_55.png,5,False,247.91085157437814,98.73497676764714,20,#0000FF,Quadrant 1,1,1,92,,#0000FF,0,69.19246710037108,6
image_55.png,5,False,591.4598557112531,259.3301755866455,20,#0000FF,Quadrant 4,2,2,92,,#0000FF,0,216.75604780944707,6
image_55.png,5,False,213.14849492269423,279.9036002871418,20,#0000FF,Quadrant 3,2,1,92,,#0000FF,0,47.21708415405766,6
image_55.png,5,False,559.4251652913675,313.30741228920175,20,#0000FF,Quadrant 4,2,2,92,,#0000FF,0,264.4504675991237,6
image_55.png,5,False,439.44939873938796,117.76882737192264,20,#0000FF,Quadrant 2,1,2,92,,#0000FF,0,304.0312622363066,6
image_55.png,5,False,470.60189567291025,59.79849741983441,20,#0000FF,Quadrant 2,1,2,92,,#0000FF,0,269.73154865972015,6
image_55.png,5,False,428.36106599953746,49.141608267548435,20,#0000FF,Quadrant 2,1,2,92,,#0000FF,0,71.8143202086767,6
image_55.png,5,False,695.7056251777453,125.78041570427824,20,#0000FF,Quadrant 2,1,2,92,,#0000FF,0,149.75437029823428,6
image_55.png,5,False,43.41699259348942,17.853365165154564,20,#0000FF,Quadrant 1,1,1,92,,#0000FF,0,75.39585888727743,6
image_55.png,5,False,257.0032297626383,70.95286580951654,20,#0000FF,Quadrant 1,1,1,92,,#0000FF,0,317.126198514483,6
image_55.png,5,False,627.281197278924,23.08466293645108,20,#0000FF,Quadrant 2,1,2,92,,#0000FF,0,298.0615278289184,6
image_55.png,5,False,307.69749869797255,244.4387843436667,20,#0000FF,Quadrant 3,2,1,92,,#0000FF,0,22.919611048583,6
image_55.png,5,False,165.401895091725,108.45676929954101,20,#0000FF,Quadrant 1,1,1,92,,#0000FF,0,43.44769181544571,6
image_55.png,5,False,255.76103286518614,28.6436634592404,20,#0000FF,Quadrant 1,1,1,92,,#0000FF,0,122.51671703576211,6
image_55.png,5,False,195.30146129848725,68.14542529425232,20,#0000FF,Quadrant 1,1,1,92,,#0000FF,0,315.9769129792455,6
image_55.png,5,False,366.1019480478424,264.06566647712646,20,#0000FF,Quadrant 4,2,2,92,,#0000FF,0,248.44880964257152,6
image_55.png,5,False,649.4495158342902,176.49849504245103,20,#0000FF,Quadrant 2,1,2,92,,#0000FF,0,254.3057702344055,6
image_55.png,5,False,590.8603151568892,52.93185939208707,20,#0000FF,Quadrant 2,1,2,92,,#0000FF,0,164.56883033031937,6
image_55.png,5,False,431.6844826866155,306.6550654356959,20,#0000FF,Quadrant 4,2,2,92,,#0000FF,0,38.12106938209281,6
image_55.png,5,False,578.4674471061215,26.864447264086934,20,#0000FF,Quadrant 2,1,2,92,,#0000FF,0,341.05805781984697,6
image_55.png,5,False,445.0190940301335,340.1886612298786,20,#0000FF,Quadrant 4,2,2,92,,#0000FF,0,37.9479901502778,6
image_55.png,5,False,119.19542512918,121.4224893576335,20,#0000FF,Quadrant 1,1,1,92,,#0000FF,0,327.95487739287194,6
image_55.png,5,False,359.56276891672155,287.9046159762609,20,#0000FF,Quadrant 4,2,2,92,,#0000FF,0,158.94644762804572,6
image_55.png,5,False,595.6820181913855,176.98299822600677,20,#0000FF,Quadrant 2,1,2,92,,#0000FF,0,49.598087104216546,6
image_55.png,5,False,540.8638498823258,103.72947242527789,20,#0000FF,Quadrant 2,1,2,92,,#0000FF,0,149.66994193880964,6
image_55.png,5,False,246.16952807885752,201.8985912705731,20,#0000FF,Quadrant 3,2,1,92,,#0000FF,0,291.29227765291034,6
image_55.png,5,False,267.6086502505289,296.33149032945374,20,#0000FF,Quadrant 3,2,1,92,,#0000FF,0,30.684190211934023,6
image_55.png,5,False,301.5666022478912,97.25279748560378,20,#0000FF,Quadrant 1,1,1,92,,#0000FF,0,271.262581576959,6
image_55.png,5,False,295.83908951666814,165.7189227303018,20,#0000FF,Quadrant 1,1,1,92,,#0000FF,0,288.6367243109362,6
image_55.png,5,False,31.50665671331224,66.03086762962789,20,#0000FF,Quadrant 1,1,1,92,,#0000FF,0,130.23877307583757,6
image_55.png,5,False,566.5040904466305,367.6969936363525,20,#0000FF,Quadrant 4,2,2,92,,#0000FF,0,3.581536846945137,6
image_55.png,5,False,227.90035002483012,382.17518141833585,20,#0000FF,Quadrant 3,2,1,92,,#0000FF,0,30.520157231310794,6
image_55.png,5,False,53.35167832643132,297.97472155110114,20,#0000FF,Quadrant 3,2,1,92,,#0000FF,0,59.156885417297616,6
image_55.png,5,False,446.1776103247138,280.65367743409234,20,#0000FF,Quadrant 4,2,2,92,,#0000FF,0,20.811538636564237,6
image_55.png,5,False,369.1272922468448,122.78383259845825,20,#0000FF,Quadrant 2,1,2,92,,#0000FF,0,237.7301874406099,6
image_55.png,5,False,480.1198829624398,220.2647418692747,20,#0000FF,Quadrant 4,2,2,92,,#0000FF,0,144.72101449133322,6
image_55.png,5,False,522.71857889843,354.68926251002756,20,#0000FF,Quadrant 4,2,2,92,,#0000FF,0,109.55628827034214,6
image_55.png,5,False,203.7689331415569,210.50527605959473,20,#0000FF,Quadrant 3,2,1,92,,#0000FF,0,2.844804061362738,6
image_55.png,5,False,493.5032990151147,179.6594611658632,20,#0000FF,Quadrant 2,1,2,92,,#0000FF,0,331.36221299223786,6
image_55.png,5,False,386.10902550208425,308.99311685319884,20,#0000FF,Quadrant 4,2,2,92,,#0000FF,0,73.84808569795423,6
image_55.png,5,False,491.55749528018885,346.54111087972035,20,#0000FF,Quadrant 4,2,2,92,,#0000FF,0,234.73335146286914,6
image_55.png,5,False,520.8959811719827,58.63013418568332,20,#0000FF,Quadrant 2,1,2,92,,#0000FF,0,261.03552564082287,6
image_55.png,5,False,30.217054228708296,312.11430831323963,20,#0000FF,Quadrant 3,2,1,92,,#0000FF,0,57.60984248244632,6
image_55.png,5,False,177.28310782764675,303.6316435403385,20,#0000FF,Quadrant 3,2,1,92,,#0000FF,0,213.30129662996876,6
image_55.png,5,False,691.0117884660824,52.747040560027735,20,#0000FF,Quadrant 2,1,2,92,,#0000FF,0,261.54332870385434,6
image_55.png,5,False,267.9824400765612,248.00204321618946,20,#0000FF,Quadrant 3,2,1,92,,#0000FF,0,21.580465905145072,6
image_55.png,5,False,43.88794945381431,257.0637945221936,20,#0000FF,Quadrant 3,2,1,92,,#0000FF,0,127.61040452549373,6
image_55.png,5,False,688.2529375677634,315.4364984772842,20,#0000FF,Quadrant 4,2,2,92,,#0000FF,0,163.13297779882626,6
image_55.png,5,False,400.6964891135086,349.0601034044467,20,#0000FF,Quadrant 4,2,2,92,,#0000FF,0,356.040028403504,6
image_55.png,5,False,378.4358843330858,236.11748972826243,20,#0000FF,Quadrant 4,2,2,92,,#0000FF,0,225.9879666536107,6
image_55.png,5,False,207.0449560173564,307.6503413476046,20,#0000FF,Quadrant 3,2,1,92,,#0000FF,0,126.12136861467792,6
image_55.png,5,False,474.30688960433264,281.0246700104895,20,#0000FF,Quadrant 4,2,2,92,,#0000FF,0,257.3476085528408,6
image_55.png,5,False,181.6193652711909,134.92615204467467,20,#0000FF,Quadrant 1,1,1,92,,#0000FF,0,187.07999308038083,6
image_55.png,5,False,577.9386361272678,147.5591274032669,20,#0000FF,Quadrant 2,1,2,92,,#0000FF,0,209.65285650879062,6
image_55.png,5,False,501.32024989502037,324.14942392525086,20,#0000FF,Quadrant 4,2,2,92,,#0000FF,0,35.275619423085224,6
image_55.png,5,False,53.85144038309864,346.8565142092402,20,#0000FF,Quadrant 3,2,1,92,,#0000FF,0,29.50097883648796,6
image_55.png,5,False,318.4070559724575,150.59321376561286,20,#0000FF,Quadrant 1,1,1,92,,#0000FF,0,171.45110575349915,6
image_55.png,5,False,416.2969864914511,207.1612097799461,20,#0000FF,Quadrant 4,2,2,92,,#0000FF,0,189.45201713585354,6
image_55.png,5,False,314.21508894662037,362.9314596971569,20,#0000FF,Quadrant 3,2,1,92,,#0000FF,0,152.43199019688547,6
image_55.png,5,False,98.58842075618111,279.8149145768243,20,#0000FF,Quadrant 3,2,1,92,,#0000FF,0,51.964625284693525,6
image_55.png,5,False,157.51070934379774,189.9284023368775,20,#0000FF,Quadrant 1,1,1,92,,#0000FF,0,42.50093676156888,6
image_55.png,5,False,425.50254726593914,165.45830675741334,20,#0000FF,Quadrant 2,1,2,92,,#0000FF,0,342.6558309998794,6
image_55.png,5,False,404.94591579979584,26.226649519874858,20,#0000FF,Quadrant 2,1,2,92,,#0000FF,0,43.51191411205341,6
image_55.png,5,False,266.9410070336836,385.6055982228055,20,#0000FF,Quadrant 3,2,1,92,,#0000FF,0,55.18962385048863,6
image_55.png,5,False,345.8026974296323,310.0749990046369,20,#0000FF,Quadrant 3,2,1,92,,#0000FF,0,109.17362977440105,6
image_55.png,5,False,623.56041509896,92.48979025485481,20,#0000FF,Quadrant 2,1,2,92,,#0000FF,0,321.9310542185532,6
image_55.png,5,False,347.77882915315837,57.23994827992542,20,#0000FF,Quadrant 1,1,1,92,,#0000FF,0,294.8850249221751,6
image_55.png,5,False,535.9843985024232,201.80073956088705,20,#0000FF,Quadrant 4,2,2,92,,#0000FF,0,218.05549567797374,6
image_55.png,5,False,321.00135063912785,180.75025128063126,20,#0000FF,Quadrant 1,1,1,92,,#0000FF,0,165.93701924535898,6
image_55.png,5,False,235.07402143283198,313.3287928116561,20,#0000FF,Quadrant 3,2,1,92,,#0000FF,0,311.8843989225558,6
image_55.png,5,False,383.7451765952242,373.1540480064435,20,#0000FF,Quadrant 4,2,2,92,,#0000FF,0,142.3429665121379,6
image_55.png,5,False,518.0439153768974,255.1564482112549,20,#0000FF,Quadrant 4,2,2,92,,#0000FF,0,320.41553943987657,6
image_55.png,5,False,396.39409520976056,83.7373052019896,20,#0000FF,Quadrant 2,1,2,92,,#0000FF,0,44.56138008690703,6
image_55.png,5,False,93.87510856641293,364.8767241764282,20,#0000FF,Quadrant 3,2,1,92,,#0000FF,0,322.8711408877303,6
image_55.png,5,False,566.9685856223979,240.39112239422633,20,#0000FF,Quadrant 4,2,2,92,,#0000FF,0,159.92260896022066,6
image_55.png,5,False,79.44087317053909,74.56296522813254,20,#0000FF,Quadrant 1,1,1,92,,#0000FF,0,41.27206469120831,6
image_55.png,5,False,187.07706794412383,44.87959699554698,20,#0000FF,Quadrant 1,1,1,92,,#0000FF,0,51.85233105540881,6
image_55.png,5,False,291.6134632271625,74.9542161395355,20,#0000FF,Quadrant 1,1,1,92,,#0000FF,0,110.4459186105378,6
image_55.png,5,False,279.66846103992134,131.97567333169343,20,#0000FF,Quadrant 1,1,1,92,,#0000FF,0,21.0606416112837,6
image_55.png,5,False,234.38605785903874,152.94397383865936,20,#0000FF,Quadrant 1,1,1,92,,#0000FF,0,148.61621231946324,6
image_55.png,5,False,196.45105974195786,375.1934320000803,20,#0000FF,Quadrant 3,2,1,92,,#0000FF,0,319.01612256992024,6
image_55.png,5,False,180.71179008254438,220.67941612218502,20,#0000FF,Quadrant 3,2,1,92,,#0000FF,0,243.0350744466736,6
image_55.png,5,False,449.06550717948306,87.90671078808036,20,#0000FF,Quadrant 2,1,2,92,,#0000FF,0,30.207008009106108,6
image_55.png,5,False,381.36204894147886,171.17842860066213,20,#0000FF,Quadrant 2,1,2,92,,#0000FF,0,281.52851855947176,6
image_56.png,2,True,570.9115215029215,374.30125929044584,20,#FF0000,Quadrant 4,2,2,61,151,#FF0000,0,15.045148732963028,5
image_56.png,5,False,460.9575470072356,74.2702727929147,20,#0000FF,Quadrant 2,1,2,61,,#0000FF,0,223.46277046300324,5
image_56.png,5,False,646.1275809349592,114.30851113791769,20,#0000FF,Quadrant 2,1,2,61,,#0000FF,0,21.663011134136084,5
image_56.png,5,False,479.51848224495177,388.7134264024792,20,#0000FF,Quadrant 4,2,2,61,,#0000FF,0,90.3200246558754,5
image_56.png,5,False,157.5875988243122,328.7786254056106,20,#0000FF,Quadrant 3,2,1,61,,#0000FF,0,303.277922180254,5
image_56.png,5,False,122.21583424729884,212.88575024042157,20,#0000FF,Quadrant 3,2,1,61,,#0000FF,0,101.27206397335604,5
image_56.png,5,False,72.81370649758777,275.0062790847219,20,#0000FF,Quadrant 3,2,1,61,,#0000FF,0,25.176679106278755,5
image_56.png,5,False,510.57583530555723,388.5544337007048,20,#0000FF,Quadrant 4,2,2,61,,#0000FF,0,298.97931881453167,5
image_56.png,5,False,156.27577146587385,201.82205437052016,20,#0000FF,Quadrant 3,2,1,61,,#0000FF,0,316.18054595221935,5
image_56.png,5,False,620.0288807300298,368.3644001596877,20,#0000FF,Quadrant 4,2,2,61,,#0000FF,0,288.7403592064188,5
image_56.png,5,False,685.9721997052891,278.5310474569159,20,#0000FF,Quadrant 4,2,2,61,,#0000FF,0,228.6611569977536,5
image_56.png,5,False,467.30887218044785,132.5792590315347,20,#0000FF,Quadrant 2,1,2,61,,#0000FF,0,98.28473008076979,5
image_56.png,5,False,671.7459561159083,135.15683817863913,20,#0000FF,Quadrant 2,1,2,61,,#0000FF,0,75.82460169142306,5
image_56.png,5,False,103.13703818916841,359.613441234633,20,#0000FF,Quadrant 3,2,1,61,,#0000FF,0,329.0465668519156,5
image_56.png,5,False,13.948401652988759,14.620715709649156,20,#0000FF,Quadrant 1,1,1,61,,#0000FF,0,219.1632301475884,5
image_56.png,5,False,393.93976097434586,274.2731983948296,20,#0000FF,Quadrant 4,2,2,61,,#0000FF,0,62.4729674215517,5
image_56.png,5,False,281.63305515626496,41.67424139083455,20,#0000FF,Quadrant 1,1,1,61,,#0000FF,0,176.03161748116827,5
image_56.png,5,False,459.72259860793815,214.60944609119116,20,#0000FF,Quadrant 4,2,2,61,,#0000FF,0,315.61930502709015,5
image_56.png,5,False,573.2629968877242,179.27681918523425,20,#0000FF,Quadrant 2,1,2,61,,#0000FF,0,321.32598951123794,5
image_56.png,5,False,277.4714628985642,328.1971096716157,20,#0000FF,Quadrant 3,2,1,61,,#0000FF,0,216.47191471507895,5
image_56.png,5,False,688.8351004332991,58.16074087394607,20,#0000FF,Quadrant 2,1,2,61,,#0000FF,0,292.27309503354763,5
image_56.png,5,False,143.97070095176994,14.539328439048262,20,#0000FF,Quadrant 1,1,1,61,,#0000FF,0,133.37303084916786,5
image_56.png,5,False,533.5520679406944,268.2495450995021,20,#0000FF,Quadrant 4,2,2,61,,#0000FF,0,267.53200029672234,5
image_56.png,5,False,567.9975866270868,94.59382324330136,20,#0000FF,Quadrant 2,1,2,61,,#0000FF,0,225.085160949411,5
image_56.png,5,False,677.4672927640858,24.908904225572215,20,#0000FF,Quadrant 2,1,2,61,,#0000FF,0,352.8428833020562,5
image_56.png,5,False,496.0888653479587,240.07819237585832,20,#0000FF,Quadrant 4,2,2,61,,#0000FF,0,177.42163513319736,5
image_56.png,5,False,689.1575776692783,252.3288474360151,20,#0000FF,Quadrant 4,2,2,61,,#0000FF,0,2.5687440528813044,5
image_56.png,5,False,202.0924647309738,200.1230914498588,20,#0000FF,Quadrant 3,2,1,61,,#0000FF,0,39.940749951972386,5
image_56.png,5,False,144.50770713112252,290.2720048117434,20,#0000FF,Quadrant 3,2,1,61,,#0000FF,0,61.371754695792994,5
image_56.png,5,False,426.4480862198891,77.34990141321953,20,#0000FF,Quadrant 2,1,2,61,,#0000FF,0,241.98319677753818,5
image_56.png,5,False,524.9756991328223,59.168884099558355,20,#0000FF,Quadrant 2,1,2,61,,#0000FF,0,211.7392501694612,5
image_56.png,5,False,600.4250027467906,344.0191692093329,20,#0000FF,Quadrant 4,2,2,61,,#0000FF,0,336.08282420907307,5
image_56.png,5,False,200.01197303224885,331.4181931337413,20,#0000FF,Quadrant 3,2,1,61,,#0000FF,0,262.40359188326426,5
image_56.png,5,False,479.9887636595957,344.81253184068254,20,#0000FF,Quadrant 4,2,2,61,,#0000FF,0,221.2043584216504,5
image_56.png,5,False,305.2818743558658,265.431718963996,20,#0000FF,Quadrant 3,2,1,61,,#0000FF,0,0.7037873390356575,5
image_56.png,5,False,599.3094101682691,133.0937219970167,20,#0000FF,Quadrant 2,1,2,61,,#0000FF,0,234.0108169516221,5
image_56.png,5,False,352.45097894261846,206.52311340652562,20,#0000FF,Quadrant 3,2,1,61,,#0000FF,0,186.58629691579358,5
image_56.png,5,False,507.9207721778282,28.75263673855871,20,#0000FF,Quadrant 2,1,2,61,,#0000FF,0,15.647282884783106,5
image_56.png,5,False,377.8306844775794,130.53946267031284,20,#0000FF,Quadrant 2,1,2,61,,#0000FF,0,330.62093698399025,5
image_56.png,5,False,241.61230676149077,343.67721746972063,20,#0000FF,Quadrant 3,2,1,61,,#0000FF,0,141.06919847472705,5
image_56.png,5,False,693.29234023466,96.28738525301321,20,#0000FF,Quadrant 2,1,2,61,,#0000FF,0,290.7622478092752,5
image_56.png,5,False,670.9074454254613,357.62419382105776,20,#0000FF,Quadrant 4,2,2,61,,#0000FF,0,248.23762739133304,5
image_56.png,5,False,237.83577248562304,34.755079110160395,20,#0000FF,Quadrant 1,1,1,61,,#0000FF,0,70.87565436373177,5
image_56.png,5,False,30.204326299554566,174.27670064156,20,#0000FF,Quadrant 1,1,1,61,,#0000FF,0,225.10609235481465,5
image_56.png,5,False,584.6045661457199,321.5775748498472,20,#0000FF,Quadrant 4,2,2,61,,#0000FF,0,345.16895683622886,5
image_56.png,5,False,174.1163857437989,38.56029606784355,20,#0000FF,Quadrant 1,1,1,61,,#0000FF,0,187.0830160817504,5
image_56.png,5,False,313.14681324708397,47.16354328678419,20,#0000FF,Quadrant 1,1,1,61,,#0000FF,0,215.98729389193622,5
image_56.png,5,False,550.2432591905606,34.43684428502445,20,#0000FF,Quadrant 2,1,2,61,,#0000FF,0,249.6109201268118,5
image_56.png,5,False,48.749503968012085,241.85920581741638,20,#0000FF,Quadrant 3,2,1,61,,#0000FF,0,288.85935574092434,5
image_56.png,5,False,81.15920386345618,32.08860455006018,20,#0000FF,Quadrant 1,1,1,61,,#0000FF,0,155.4620363092757,5
image_56.png,5,False,596.6012968109759,162.83619782495376,20,#0000FF,Quadrant 2,1,2,61,,#0000FF,0,18.793131606057546,5
image_56.png,5,False,440.941619785934,182.38945125879172,20,#0000FF,Quadrant 2,1,2,61,,#0000FF,0,283.49093107507116,5
image_56.png,5,False,459.4848626851734,266.44336581190834,20,#0000FF,Quadrant 4,2,2,61,,#0000FF,0,36.460053937598516,5
image_56.png,5,False,367.3596829557824,233.19344874291073,20,#0000FF,Quadrant 4,2,2,61,,#0000FF,0,9.34994849165999,5
image_56.png,5,False,19.466833197144013,280.6271709913895,20,#0000FF,Quadrant 3,2,1,61,,#0000FF,0,38.88237235671487,5
image_56.png,5,False,41.364773055005216,59.26332388676754,20,#0000FF,Quadrant 1,1,1,61,,#0000FF,0,49.56217413342899,5
image_56.png,5,False,364.54363464759126,257.3444824751707,20,#0000FF,Quadrant 4,2,2,61,,#0000FF,0,210.42802629549297,5
image_56.png,5,False,413.14581986455534,215.55232096565783,20,#0000FF,Quadrant 4,2,2,61,,#0000FF,0,128.78770971318903,5
image_56.png,5,False,334.5018706372132,239.05854710650678,20,#0000FF,Quadrant 3,2,1,61,,#0000FF,0,52.424886025989494,5
image_56.png,5,False,679.5167592657237,206.68326292689358,20,#0000FF,Quadrant 4,2,2,61,,#0000FF,0,104.78302011474068,5
image_56.png,5,False,110.62966482707752,100.73242036764897,20,#0000FF,Quadrant 1,1,1,61,,#0000FF,0,236.76365021011333,5
image_56.png,5,False,396.4609931680993,31.641555693291927,20,#0000FF,Quadrant 2,1,2,61,,#0000FF,0,294.90616366761157,5
image_57.png,2,True,452.3422520306456,87.07674708090514,20,#FF0000,Quadrant 2,1,2,12,151,#FF0000,0,351.5438779602489,3
image_57.png,5,False,141.46598915871704,190.82407264878924,20,#0000FF,Quadrant 1,1,1,12,,#0000FF,0,24.62535919963337,3
image_57.png,5,False,333.04024543789194,272.7324312118662,20,#0000FF,Quadrant 3,2,1,12,,#0000FF,0,249.0627622119514,3
image_57.png,5,False,401.0407703485467,137.87966316109137,20,#0000FF,Quadrant 2,1,2,12,,#0000FF,0,306.72312563827535,3
image_57.png,5,False,237.41852490463037,50.63250487838826,20,#0000FF,Quadrant 1,1,1,12,,#0000FF,0,107.86737286098527,3
image_57.png,5,False,638.3641441246151,198.46179451745317,20,#0000FF,Quadrant 2,1,2,12,,#0000FF,0,315.3979721971519,3
image_57.png,5,False,451.1104977105877,273.0373707342414,20,#0000FF,Quadrant 4,2,2,12,,#0000FF,0,331.18329317369273,3
image_57.png,5,False,572.295688885554,316.14855414443286,20,#0000FF,Quadrant 4,2,2,12,,#0000FF,0,276.60542773404535,3
image_57.png,5,False,286.8153584148322,323.2598741514526,20,#0000FF,Quadrant 3,2,1,12,,#0000FF,0,135.32824928994393,3
image_57.png,5,False,17.81565118432615,146.28115929176394,20,#0000FF,Quadrant 1,1,1,12,,#0000FF,0,2.4211398557884234,3
image_57.png,5,False,109.11495945756886,177.47426917764918,20,#0000FF,Quadrant 1,1,1,12,,#0000FF,0,199.68897820612895,3
image_57.png,5,False,639.8563390929405,147.04569149461403,20,#0000FF,Quadrant 2,1,2,12,,#0000FF,0,227.28044786190316,3
image_57.png,5,False,148.19565739707213,118.39013415446443,20,#0000FF,Quadrant 1,1,1,12,,#0000FF,0,351.1113391122729,3
image_58.png,2,True,245.1342526894141,220.60287304948636,20,#FF0000,Quadrant 3,2,1,7,151,#FF0000,0,258.78120260493773,2
image_58.png,5,False,25.808007332066715,329.60917703029577,20,#0000FF,Quadrant 3,2,1,7,,#0000FF,0,64.27491508838176,2
image_58.png,5,False,25.464700958625254,267.0769992610667,20,#0000FF,Quadrant 3,2,1,7,,#0000FF,0,327.8336220713591,2
image_58.png,5,False,553.5283014906416,52.94628560475169,20,#0000FF,Quadrant 2,1,2,7,,#0000FF,0,136.41219284946402,2
image_58.png,5,False,221.1948684701646,101.77667462620262,20,#0000FF,Quadrant 1,1,1,7,,#0000FF,0,337.0010775006224,2
image_58.png,5,False,466.36610478212606,366.7591436444096,20,#0000FF,Quadrant 4,2,2,7,,#0000FF,0,291.4155973050452,2
image_58.png,5,False,698.4117958947077,344.26891453523507,20,#0000FF,Quadrant 4,2,2,7,,#0000FF,0,351.7566645715253,2
image_58.png,5,False,56.0451108786605,65.59538891665142,20,#0000FF,Quadrant 1,1,1,7,,#0000FF,0,316.2196211214302,2
image_59.png,2,True,271.57671974904713,152.46850413222393,20,#FF0000,Quadrant 1,1,1,6,151,#FF0000,0,69.00526517420778,2
image_59.png,5,False,684.1402812622673,103.43976351725414,20,#0000FF,Quadrant 2,1,2,6,,#0000FF,0,215.83769853885812,2
image_59.png,5,False,435.44329735389,82.48061811161483,20,#0000FF,Quadrant 2,1,2,6,,#0000FF,0,16.63026924960057,2
image_59.png,5,False,555.0259868902162,134.8632685052669,20,#0000FF,Quadrant 2,1,2,6,,#0000FF,0,192.7686031602754,2
image_59.png,5,False,559.1766129208394,340.93786394448074,20,#0000FF,Quadrant 4,2,2,6,,#0000FF,0,19.173231025079534,2
image_59.png,5,False,678.2167878704715,345.8453607770686,20,#0000FF,Quadrant 4,2,2,6,,#0000FF,0,306.5409498138503,2
image_59.png,5,False,67.08990657802173,188.91223698107112,20,#0000FF,Quadrant 1,1,1,6,,#0000FF,0,75.3255264597198,2
image_60.png,2,True,278.41181635596774,344.5555488604087,20,#FF0000,Quadrant 3,2,1,69,151,#FF0000,0,60.2760748796237,6
image_60.png,5,False,268.8693371975942,207.14131441334655,20,#0000FF,Quadrant 3,2,1,69,,#0000FF,0,270.4090570159038,6
image_60.png,5,False,501.9034557536426,209.62980367634188,20,#0000FF,Quadrant 4,2,2,69,,#0000FF,0,64.4394662667537,6
image_60.png,5,False,669.5130536847688,190.08058282308875,20,#0000FF,Quadrant 2,1,2,69,,#0000FF,0,173.98693991924785,6
image_60.png,5,False,450.65475873423077,309.85605393905513,20,#0000FF,Quadrant 4,2,2,69,,#0000FF,0,209.227206590329,6
image_60.png,5,False,153.76052268038396,349.26638828764993,20,#0000FF,Quadrant 3,2,1,69,,#0000FF,0,233.9054141430379,6
image_60.png,5,False,172.49098378252296,93.62842856099927,20,#0000FF,Quadrant 1,1,1,69,,#0000FF,0,162.748825183068,6
image_60.png,5,False,270.8101615583464,70.42512911273973,20,#0000FF,Quadrant 1,1,1,69,,#0000FF,0,153.00822764586815,6
image_60.png,5,False,186.37064763404655,43.038870251006294,20,#0000FF,Quadrant 1,1,1,69,,#0000FF,0,303.2753760716218,6
image_60.png,5,False,214.28808346587536,207.1142323679874,20,#0000FF,Quadrant 3,2,1,69,,#0000FF,0,270.58419071324266,6
image_60.png,5,False,39.347473007137964,204.63506934632034,20,#0000FF,Quadrant 3,2,1,69,,#0000FF,0,82.86392815579771,6
image_60.png,5,False,321.8431789513128,174.48714054066053,20,#0000FF,Quadrant 1,1,1,69,,#0000FF,0,121.094632993615,6
image_60.png,5,False,353.8071694778432,114.20135802430069,20,#0000FF,Quadrant 1,1,1,69,,#0000FF,0,132.3042989494026,6
image_60.png,5,False,315.32337280423627,111.40620394009451,20,#0000FF,Quadrant 1,1,1,69,,#0000FF,0,8.898550753620729,6
image_60.png,5,False,632.1168588458474,122.32773648577988,20,#0000FF,Quadrant 2,1,2,69,,#0000FF,0,27.31983936781773,6
image_60.png,5,False,387.6431520095309,40.544105895311425,20,#0000FF,Quadrant 2,1,2,69,,#0000FF,0,180.63537109348738,6
image_60.png,5,False,387.2119553313497,137.16046411046614,20,#0000FF,Quadrant 2,1,2,69,,#0000FF,0,129.68528072373044,6
image_60.png,5,False,183.2662899909245,292.6898890009782,20,#0000FF,Quadrant 3,2,1,69,,#0000FF,0,243.03863703106987,6
image_60.png,5,False,593.51383407493,83.06284104833686,20,#0000FF,Quadrant 2,1,2,69,,#0000FF,0,276.6538274740737,6
image_60.png,5,False,105.98907189742552,334.189702349908,20,#0000FF,Quadrant 3,2,1,69,,#0000FF,0,217.4522557800893,6
image_60.png,5,False,385.21356335752876,109.70919787306936,20,#0000FF,Quadrant 2,1,2,69,,#0000FF,0,257.82672931503924,6
image_60.png,5,False,205.19139121153057,142.02703200297412,20,#0000FF,Quadrant 1,1,1,69,,#0000FF,0,277.2273927018843,6
image_60.png,5,False,662.6665401203005,321.66357749121283,20,#0000FF,Quadrant 4,2,2,69,,#0000FF,0,358.8632406694592,6
image_60.png,5,False,19.192706333180837,258.24641091958097,20,#0000FF,Quadrant 3,2,1,69,,#0000FF,0,272.8101870112945,6
image_60.png,5,False,509.3784282740611,90.33275791509195,20,#0000FF,Quadrant 2,1,2,69,,#0000FF,0,81.92825735877057,6
image_60.png,5,False,415.44550743353756,219.88856575176752,20,#0000FF,Quadrant 4,2,2,69,,#0000FF,0,84.14034832788352,6
image_60.png,5,False,572.120022892247,139.76931826281418,20,#0000FF,Quadrant 2,1,2,69,,#0000FF,0,168.7457989163974,6
image_60.png,5,False,593.7573490994146,173.08374422125175,20,#0000FF,Quadrant 2,1,2,69,,#0000FF,0,30.915308242342903,6
image_60.png,5,False,298.7869387597135,176.82134284145675,20,#0000FF,Quadrant 1,1,1,69,,#0000FF,0,339.09471997066476,6
image_60.png,5,False,31.741706774893473,63.523185255364986,20,#0000FF,Quadrant 1,1,1,69,,#0000FF,0,307.0598849731747,6
image_60.png,5,False,221.53906366207377,289.89031310125796,20,#0000FF,Quadrant 3,2,1,69,,#0000FF,0,314.5500758752557,6
image_60.png,5,False,464.94636017703954,145.06240354815725,20,#0000FF,Quadrant 2,1,2,69,,#0000FF,0,179.92807605672252,6
image_60.png,5,False,304.3206309340191,295.49269742126296,20,#0000FF,Quadrant 3,2,1,69,,#0000FF,0,81.1766304887312,6
image_60.png,5,False,684.3206569207256,386.829286089798,20,#0000FF,Quadrant 4,2,2,69,,#0000FF,0,50.0885049650732,6
image_60.png,5,False,561.6114407291182,356.39832982243956,20,#0000FF,Quadrant 4,2,2,69,,#0000FF,0,204.54871853248886,6
image_60.png,5,False,54.895671950757524,157.0719919740559,20,#0000FF,Quadrant 1,1,1,69,,#0000FF,0,341.52936295143525,6
image_60.png,5,False,237.5716988771844,374.61261924118065,20,#0000FF,Quadrant 3,2,1,69,,#0000FF,0,170.91995566420113,6
image_60.png,5,False,220.9007250535741,75.79814329318982,20,#0000FF,Quadrant 1,1,1,69,,#0000FF,0,230.0411901034993,6
image_60.png,5,False,133.3912692002114,323.4074850563055,20,#0000FF,Quadrant 3,2,1,69,,#0000FF,0,242.95879363303212,6
image_60.png,5,False,29.49173006140336,86.22152178188867,20,#0000FF,Quadrant 1,1,1,69,,#0000FF,0,217.2110084883928,6
image_60.png,5,False,372.3086354674088,182.8628736415304,20,#0000FF,Quadrant 2,1,2,69,,#0000FF,0,104.797990303078,6
image_60.png,5,False,18.61144424518877,134.5198426020844,20,#0000FF,Quadrant 1,1,1,69,,#0000FF,0,132.7148156365112,6
image_60.png,5,False,280.47153312859996,385.0669566680581,20,#0000FF,Quadrant 3,2,1,69,,#0000FF,0,327.53248056702347,6
image_60.png,5,False,633.5717904080968,89.04932355220912,20,#0000FF,Quadrant 2,1,2,69,,#0000FF,0,140.03744321938478,6
image_60.png,5,False,224.42269445796506,320.16472700428864,20,#0000FF,Quadrant 3,2,1,69,,#0000FF,0,313.3616643700281,6
image_60.png,5,False,120.40028114583944,228.38454311341278,20,#0000FF,Quadrant 3,2,1,69,,#0000FF,0,239.3253523925007,6
image_60.png,5,False,150.8482871294415,281.9398338859378,20,#0000FF,Quadrant 3,2,1,69,,#0000FF,0,111.71294489128218,6
image_60.png,5,False,149.9731802279385,385.6301727737305,20,#0000FF,Quadrant 3,2,1,69,,#0000FF,0,165.22431745498443,6
image_60.png,5,False,579.1374282320903,239.63277060732156,20,#0000FF,Quadrant 4,2,2,69,,#0000FF,0,160.46336906425066,6
image_60.png,5,False,237.60621794461048,226.16858956480388,20,#0000FF,Quadrant 3,2,1,69,,#0000FF,0,88.86244438073291,6
image_60.png,5,False,329.7971677255292,25.7740506879679,20,#0000FF,Quadrant 1,1,1,69,,#0000FF,0,176.74510572607548,6
image_60.png,5,False,456.3001059294113,358.3426374978118,20,#0000FF,Quadrant 4,2,2,69,,#0000FF,0,32.79696362948595,6
image_60.png,5,False,591.5785975256966,310.5070848050387,20,#0000FF,Quadrant 4,2,2,69,,#0000FF,0,124.8414624639895,6
image_60.png,5,False,276.0341827911437,260.1322541187849,20,#0000FF,Quadrant 3,2,1,69,,#0000FF,0,155.54758105291526,6
image_60.png,5,False,76.82304389891661,275.08771809540553,20,#0000FF,Quadrant 3,2,1,69,,#0000FF,0,251.46793279574433,6
image_60.png,5,False,381.5011671789878,262.99632352858794,20,#0000FF,Quadrant 4,2,2,69,,#0000FF,0,317.7200995840874,6
image_60.png,5,False,511.58451288744857,352.04472409279896,20,#0000FF,Quadrant 4,2,2,69,,#0000FF,0,24.027790809391703,6
image_60.png,5,False,265.0563931519663,296.5400153828776,20,#0000FF,Quadrant 3,2,1,69,,#0000FF,0,43.64302484925012,6
image_60.png,5,False,548.0828323634196,166.01631354133636,20,#0000FF,Quadrant 2,1,2,69,,#0000FF,0,181.5821432765876,6
image_60.png,5,False,153.87937378643815,27.872092445934637,20,#0000FF,Quadrant 1,1,1,69,,#0000FF,0,59.34207805243119,6
image_60.png,5,False,451.1791035570253,266.3851411297936,20,#0000FF,Quadrant 4,2,2,69,,#0000FF,0,9.618436592447575,6
image_60.png,5,False,247.78016578379774,161.9512138179112,20,#0000FF,Quadrant 1,1,1,69,,#0000FF,0,166.2854291291237,6
image_60.png,5,False,105.03511429860467,264.37172617762934,20,#0000FF,Quadrant 3,2,1,69,,#0000FF,0,255.27585782236835,6
image_60.png,5,False,502.6576805901728,176.4595406727245,20,#0000FF,Quadrant 2,1,2,69,,#0000FF,0,236.52813767809937,6
image_60.png,5,False,429.21511607062007,77.99543627490607,20,#0000FF,Quadrant 2,1,2,69,,#0000FF,0,301.8585062511549,6
image_60.png,5,False,448.37059364565937,208.64654754327688,20,#0000FF,Quadrant 4,2,2,69,,#0000FF,0,17.192168095263906,6
image_60.png,5,False,465.76784084021904,49.85586236159317,20,#0000FF,Quadrant 2,1,2,69,,#0000FF,0,238.51437909832413,6
image_60.png,5,False,316.90682560290475,237.12162244143818,20,#0000FF,Quadrant 3,2,1,69,,#0000FF,0,248.52481656519123,6
image_60.png,5,False,30.25353303269476,16.503666530773682,20,#0000FF,Quadrant 1,1,1,69,,#0000FF,0,5.773839591486625,6
image_60.png,5,False,77.55960878044922,326.77556133203467,20,#0000FF,Quadrant 3,2,1,69,,#0000FF,0,345.1482918681426,6
image_61.png,2,True,41.32462103220466,204.72503804195287,20,#FF0000,Quadrant 3,2,1,75,151,#FF0000,0,260.64413890344656,6
image_61.png,5,False,233.32622786056461,247.92527226842168,20,#0000FF,Quadrant 3,2,1,75,,#0000FF,0,293.62476108797586,6
image_61.png,5,False,654.7515565546835,160.33416227186456,20,#0000FF,Quadrant 2,1,2,75,,#0000FF,0,224.88240714790635,6
image_61.png,5,False,171.1292068905712,51.02464892555662,20,#0000FF,Quadrant 1,1,1,75,,#0000FF,0,154.0369063875781,6
image_61.png,5,False,21.33126018996615,258.2092631126851,20,#0000FF,Quadrant 3,2,1,75,,#0000FF,0,116.41241805630742,6
image_61.png,5,False,157.59711045843818,94.19636123593264,20,#0000FF,Quadrant 1,1,1,75,,#0000FF,0,4.313296229445891,6
image_61.png,5,False,202.8573029995866,246.83775101210495,20,#0000FF,Quadrant 3,2,1,75,,#0000FF,0,236.86621288530947,6
image_61.png,5,False,621.0819748236867,166.39460396751718,20,#0000FF,Quadrant 2,1,2,75,,#0000FF,0,15.818019391888765,6
image_61.png,5,False,355.20788093922744,385.39928233985256,20,#0000FF,Quadrant 3,2,1,75,,#0000FF,0,276.3162471025651,6
image_61.png,5,False,556.1779836004679,359.60063781943757,20,#0000FF,Quadrant 4,2,2,75,,#0000FF,0,256.5111991243463,6
image_61.png,5,False,445.6721334439612,157.8777367192983,20,#0000FF,Quadrant 2,1,2,75,,#0000FF,0,116.76754469655243,6
image_61.png,5,False,542.4990163816034,61.2480828427791,20,#0000FF,Quadrant 2,1,2,75,,#0000FF,0,332.8392245624368,6
image_61.png,5,False,535.8225189823902,270.9222868993246,20,#0000FF,Quadrant 4,2,2,75,,#0000FF,0,63.11917654221684,6
image_61.png,5,False,470.12933592638245,36.52009667955167,20,#0000FF,Quadrant 2,1,2,75,,#0000FF,0,352.0877512288057,6
image_61.png,5,False,522.1097923751261,201.29277677881052,20,#0000FF,Quadrant 4,2,2,75,,#0000FF,0,183.96941088596807,6
image_61.png,5,False,20.157968247424574,19.018657497911132,20,#0000FF,Quadrant 1,1,1,75,,#0000FF,0,253.66648700697058,6
image_61.png,5,False,96.47469613549634,100.35781110026852,20,#0000FF,Quadrant 1,1,1,75,,#0000FF,0,273.2187712404176,6
image_61.png,5,False,354.6225460422601,87.36045568683355,20,#0000FF,Quadrant 1,1,1,75,,#0000FF,0,49.519973805759136,6
image_61.png,5,False,453.3648000070283,100.98817995971928,20,#0000FF,Quadrant 2,1,2,75,,#0000FF,0,135.26925946458218,6
image_61.png,5,False,692.1118993364938,178.72850450455118,20,#0000FF,Quadrant 2,1,2,75,,#0000FF,0,261.11103218277594,6
image_61.png,5,False,103.50997117630476,131.02961389185174,20,#0000FF,Quadrant 1,1,1,75,,#0000FF,0,315.839486705723,6
image_61.png,5,False,38.289551376412746,310.2927535438576,20,#0000FF,Quadrant 3,2,1,75,,#0000FF,0,283.3095174564257,6
image_61.png,5,False,570.9575625117537,294.7082443606561,20,#0000FF,Quadrant 4,2,2,75,,#0000FF,0,149.36162436974578,6
image_61.png,5,False,515.9495861101539,140.55134103871967,20,#0000FF,Quadrant 2,1,2,75,,#0000FF,0,82.44360793304847,6
image_61.png,5,False,48.256973077874505,357.88235009739003,20,#0000FF,Quadrant 3,2,1,75,,#0000FF,0,74.09427668267661,6
image_61.png,5,False,612.2942843574568,208.11638858600543,20,#0000FF,Quadrant 4,2,2,75,,#0000FF,0,80.07985963599941,6
image_61.png,5,False,444.9201513391986,35.42518076903838,20,#0000FF,Quadrant 2,1,2,75,,#0000FF,0,66.07637047208783,6
image_61.png,5,False,668.0725598529629,30.696393845906147,20,#0000FF,Quadrant 2,1,2,75,,#0000FF,0,176.99122417863137,6
image_61.png,5,False,657.4711488463549,58.46205784890836,20,#0000FF,Quadrant 2,1,2,75,,#0000FF,0,357.12452479415776,6
image_61.png,5,False,389.1556521558104,311.5981090383619,20,#0000FF,Quadrant 4,2,2,75,,#0000FF,0,62.52329687287681,6
image_61.png,5,False,360.61551415812477,172.11865055595248,20,#0000FF,Quadrant 2,1,2,75,,#0000FF,0,73.57439938986036,6
image_61.png,5,False,124.1054211797805,85.66870692805671,20,#0000FF,Quadrant 1,1,1,75,,#0000FF,0,168.1467291126152,6
image_61.png,5,False,428.4315008188779,125.57206734913133,20,#0000FF,Quadrant 2,1,2,75,,#0000FF,0,152.64603900549398,6
image_61.png,5,False,677.7630835542902,87.12957978817354,20,#0000FF,Quadrant 2,1,2,75,,#0000FF,0,207.51185895038864,6
image_61.png,5,False,271.24734975837765,188.9296971771132,20,#0000FF,Quadrant 1,1,1,75,,#0000FF,0,129.44949674135452,6
image_61.png,5,False,668.138933314099,193.19627353167968,20,#0000FF,Quadrant 2,1,2,75,,#0000FF,0,56.116248481403055,6
image_61.png,5,False,305.4767309459677,42.46201937532753,20,#0000FF,Quadrant 1,1,1,75,,#0000FF,0,274.29454756759816,6
image_61.png,5,False,217.85953836203615,214.06072319863668,20,#0000FF,Quadrant 3,2,1,75,,#0000FF,0,326.3245330136396,6
image_61.png,5,False,132.0568300208002,154.81018968865396,20,#0000FF,Quadrant 1,1,1,75,,#0000FF,0,199.0267692625028,6
image_61.png,5,False,240.5983223256187,281.2183541907348,20,#0000FF,Quadrant 3,2,1,75,,#0000FF,0,173.1039603493979,6
image_61.png,5,False,642.214904886873,12.580248153592292,20,#0000FF,Quadrant 2,1,2,75,,#0000FF,0,70.45766961351634,6
image_61.png,5,False,297.50009439033533,160.17758626376252,20,#0000FF,Quadrant 1,1,1,75,,#0000FF,0,145.63989380932438,6
image_61.png,5,False,275.60178499892885,127.35249200699042,20,#0000FF,Quadrant 1,1,1,75,,#0000FF,0,267.18983452269555,6
image_61.png,5,False,96.76500339169142,363.344973175228,20,#0000FF,Quadrant 3,2,1,75,,#0000FF,0,357.29008892012513,6
image_61.png,5,False,340.15290962737583,359.31511079789533,20,#0000FF,Quadrant 3,2,1,75,,#0000FF,0,88.84505217706433,6
image_61.png,5,False,497.8191201914641,21.680797782869583,20,#0000FF,Quadrant 2,1,2,75,,#0000FF,0,130.10914375739523,6
image_61.png,5,False,112.89226990980542,239.8546702427264,20,#0000FF,Quadrant 3,2,1,75,,#0000FF,0,239.6432294869428,6
image_61.png,5,False,467.5346149191592,72.01956324773678,20,#0000FF,Quadrant 2,1,2,75,,#0000FF,0,208.20304678857448,6
image_61.png,5,False,74.59870075426842,279.9883786185213,20,#0000FF,Quadrant 3,2,1,75,,#0000FF,0,42.02303169332433,6
image_61.png,5,False,497.48207279938856,379.22703321707513,20,#0000FF,Quadrant 4,2,2,75,,#0000FF,0,138.3651836451895,6
image_61.png,5,False,637.9549627087952,342.1303310533848,20,#0000FF,Quadrant 4,2,2,75,,#0000FF,0,28.92539401854076,6
image_61.png,5,False,305.114444890829,272.5143100041076,20,#0000FF,Quadrant 3,2,1,75,,#0000FF,0,59.69649865262091,6
image_61.png,5,False,378.3757039434976,346.1540347240425,20,#0000FF,Quadrant 4,2,2,75,,#0000FF,0,180.23285588894808,6
image_61.png,5,False,516.6801380634203,295.43073127626906,20,#0000FF,Quadrant 4,2,2,75,,#0000FF,0,210.98871760720303,6
image_61.png,5,False,610.0289734917417,52.3055991118858,20,#0000FF,Quadrant 2,1,2,75,,#0000FF,0,332.7554129209723,6
image_61.png,5,False,560.5008893555897,318.77819219191144,20,#0000FF,Quadrant 4,2,2,75,,#0000FF,0,206.14021032757162,6
image_61.png,5,False,155.36310729221714,293.8537149461563,20,#0000FF,Quadrant 3,2,1,75,,#0000FF,0,96.84768162327128,6
image_61.png,5,False,15.42359136090099,74.65470551397786,20,#0000FF,Quadrant 1,1,1,75,,#0000FF,0,251.64323859599324,6
image_61.png,5,False,77.74388563722958,303.4750938952544,20,#0000FF,Quadrant 3,2,1,75,,#0000FF,0,177.0203742427251,6
image_61.png,5,False,298.2043612000726,119.99261868812115,20,#0000FF,Quadrant 1,1,1,75,,#0000FF,0,150.4222579969936,6
image_61.png,5,False,346.17869776775836,200.98799851929164,20,#0000FF,Quadrant 3,2,1,75,,#0000FF,0,48.359542424137786,6
image_61.png,5,False,401.7264804400596,91.35273507364973,20,#0000FF,Quadrant 2,1,2,75,,#0000FF,0,39.685769991858905,6
image_61.png,5,False,688.25056933363,340.4706767687464,20,#0000FF,Quadrant 4,2,2,75,,#0000FF,0,69.07853970949864,6
image_61.png,5,False,65.988953560319,43.39727011905154,20,#0000FF,Quadrant 1,1,1,75,,#0000FF,0,229.11611035321212,6
image_61.png,5,False,345.29890908719864,298.4816986628313,20,#0000FF,Quadrant 3,2,1,75,,#0000FF,0,84.52084639700472,6
image_61.png,5,False,194.3296368642844,372.0707911009466,20,#0000FF,Quadrant 3,2,1,75,,#0000FF,0,3.4223674385274006,6
image_61.png,5,False,554.7637386356993,26.822832171665254,20,#0000FF,Quadrant 2,1,2,75,,#0000FF,0,239.5160201913145,6
image_61.png,5,False,556.5409237370154,153.00167363828626,20,#0000FF,Quadrant 2,1,2,75,,#0000FF,0,75.98460903793895,6
image_61.png,5,False,673.8578788234277,111.48593193549308,20,#0000FF,Quadrant 2,1,2,75,,#0000FF,0,187.22668376030668,6
image_61.png,5,False,532.5121185199442,239.45244623969097,20,#0000FF,Quadrant 4,2,2,75,,#0000FF,0,174.93341572853507,6
image_61.png,5,False,480.80153936382277,140.68327647291315,20,#0000FF,Quadrant 2,1,2,75,,#0000FF,0,121.15807245286288,6
image_61.png,5,False,176.08235335605465,147.53761694878034,20,#0000FF,Quadrant 1,1,1,75,,#0000FF,0,113.48056952703736,6
image_61.png,5,False,431.8474412220673,379.665312950157,20,#0000FF,Quadrant 4,2,2,75,,#0000FF,0,143.44968629059827,6
image_61.png,5,False,287.8459577536337,326.78919811288165,20,#0000FF,Quadrant 3,2,1,75,,#0000FF,0,313.3949438586159,6
image_61.png,5,False,666.2816762759784,295.0442222363469,20,#0000FF,Quadrant 4,2,2,75,,#0000FF,0,191.0265620098137,6
image_61.png,5,False,365.7757471177296,260.5663390833095,20,#0000FF,Quadrant 4,2,2,75,,#0000FF,0,313.14710446500624,6
image_62.png,2,True,259.18166676011947,28.295119140355876,20,#FF0000,Quadrant 1,1,1,3,151,#FF0000,0,5.986909480093603,1
image_62.png,5,False,235.28686242620176,178.9477282038716,20,#0000FF,Quadrant 1,1,1,3,,#0000FF,0,290.7208122677556,1
image_62.png,5,False,286.71381648862354,242.5599065729754,20,#0000FF,Quadrant 3,2,1,3,,#0000FF,0,218.43468587423123,1
image_62.png,5,False,305.8343172448083,363.10075145869354,20,#0000FF,Quadrant 3,2,1,3,,#0000FF,0,29.292923252286194,1
image_63.png,2,True,213.47158853965064,84.73908906514991,20,#FF0000,Quadrant 1,1,1,20,151,#FF0000,0,264.3399874757906,4
image_63.png,5,False,369.3175014758499,227.17541224269428,20,#0000FF,Quadrant 4,2,2,20,,#0000FF,0,51.538120159127836,4
image_63.png,5,False,358.69462825263156,59.33159199517716,20,#0000FF,Quadrant 2,1,2,20,,#0000FF,0,308.4489397555562,4
image_63.png,5,False,218.62898213782887,265.4174967006087,20,#0000FF,Quadrant 3,2,1,20,,#0000FF,0,286.85547375196484,4
image_63.png,5,False,613.7274003075607,74.52397782238157,20,#0000FF,Quadrant 2,1,2,20,,#0000FF,0,197.54879769235146,4
image_63.png,5,False,90.7025842086533,261.47871774712553,20,#0000FF,Quadrant 3,2,1,20,,#0000FF,0,160.66321211918023,4
image_63.png,5,False,156.8205257909621,295.72945284032323,20,#0000FF,Quadrant 3,2,1,20,,#0000FF,0,86.72458088106033,4
image_63.png,5,False,72.61852097264384,175.3897077999311,20,#0000FF,Quadrant 1,1,1,20,,#0000FF,0,237.5082368550244,4
image_63.png,5,False,121.40210639002461,362.1496617452599,20,#0000FF,Quadrant 3,2,1,20,,#0000FF,0,257.67545618504164,4
image_63.png,5,False,538.9867796165239,94.30214121824609,20,#0000FF,Quadrant 2,1,2,20,,#0000FF,0,324.953466788354,4
image_63.png,5,False,339.1722970425052,350.25911405300553,20,#0000FF,Quadrant 3,2,1,20,,#0000FF,0,92.7462753633839,4
image_63.png,5,False,104.53618194732987,213.05736849815557,20,#0000FF,Quadrant 3,2,1,20,,#0000FF,0,44.31531965413311,4
image_63.png,5,False,652.9963890973088,300.67553217123714,20,#0000FF,Quadrant 4,2,2,20,,#0000FF,0,313.8986185235548,4
image_63.png,5,False,454.70672648014545,153.50990188153958,20,#0000FF,Quadrant 2,1,2,20,,#0000FF,0,216.2445913499603,4
image_63.png,5,False,518.1057141463782,155.26389084146635,20,#0000FF,Quadrant 2,1,2,20,,#0000FF,0,258.27938428125094,4
image_63.png,5,False,398.1490620281165,334.62130241969027,20,#0000FF,Quadrant 4,2,2,20,,#0000FF,0,231.15679295830037,4
image_63.png,5,False,165.0265257918516,54.73080687216755,20,#0000FF,Quadrant 1,1,1,20,,#0000FF,0,291.0410934985599,4
image_63.png,5,False,72.41706506478691,290.93970072159004,20,#0000FF,Quadrant 3,2,1,20,,#0000FF,0,31.564922631514854,4
image_63.png,5,False,524.0416313338525,54.88815261820812,20,#0000FF,Quadrant 2,1,2,20,,#0000FF,0,337.3958342353723,4
image_63.png,5,False,598.9445829310529,371.6379379310738,20,#0000FF,Quadrant 4,2,2,20,,#0000FF,0,132.38532934986267,4
image_63.png,5,False,12.15648061886766,34.392506040950074,20,#0000FF,Quadrant 1,1,1,20,,#0000FF,0,207.69006300933987,4
image_64.png,2,True,686.1163042256851,131.8250498886718,20,#FF0000,Quadrant 2,1,2,45,151,#FF0000,0,304.96269479194575,5
image_64.png,5,False,479.0391953920903,312.1016844044937,20,#0000FF,Quadrant 4,2,2,45,,#0000FF,0,131.4085832767675,5
image_64.png,5,False,425.5145530629505,94.96950863517432,20,#0000FF,Quadrant 2,1,2,45,,#0000FF,0,187.11049764564183,5
image_64.png,5,False,381.88383795527693,185.1078471051165,20,#0000FF,Quadrant 2,1,2,45,,#0000FF,0,142.31245818218488,5
image_64.png,5,False,660.6511470788079,327.46789542396215,20,#0000FF,Quadrant 4,2,2,45,,#0000FF,0,52.09228317300426,5
image_64.png,5,False,325.0355415461664,238.353926339168,20,#0000FF,Quadrant 3,2,1,45,,#0000FF,0,179.93975940937645,5
image_64.png,5,False,423.62853239905843,127.76095932646751,20,#0000FF,Quadrant 2,1,2,45,,#0000FF,0,253.0680514303132,5
image_64.png,5,False,96.06670474565622,387.80877247764903,20,#0000FF,Quadrant 3,2,1,45,,#0000FF,0,356.52064031285045,5
image_64.png,5,False,340.5368126169748,324.2438010538854,20,#0000FF,Quadrant 3,2,1,45,,#0000FF,0,254.34801643066032,5
image_64.png,5,False,496.1527884000207,153.39586107605064,20,#0000FF,Quadrant 2,1,2,45,,#0000FF,0,178.20918906434056,5
image_64.png,5,False,240.5365926713633,323.9404144505982,20,#0000FF,Quadrant 3,2,1,45,,#0000FF,0,353.2114062583123,5
image_64.png,5,False,515.8014327051063,317.33825052587025,20,#0000FF,Quadrant 4,2,2,45,,#0000FF,0,75.82071084756537,5
image_64.png,5,False,47.21818361472899,338.13325656460705,20,#0000FF,Quadrant 3,2,1,45,,#0000FF,0,252.14666891739668,5
image_64.png,5,False,346.8907049534877,159.10337253705018,20,#0000FF,Quadrant 1,1,1,45,,#0000FF,0,64.447283658686,5
image_64.png,5,False,388.5326646736619,138.54103581369935,20,#0000FF,Quadrant 2,1,2,45,,#0000FF,0,356.78275739970576,5
image_64.png,5,False,693.3265526815029,297.41596195053387,20,#0000FF,Quadrant 4,2,2,45,,#0000FF,0,244.04352702522112,5
image_64.png,5,False,145.41850971478127,334.6633391167804,20,#0000FF,Quadrant 3,2,1,45,,#0000FF,0,250.6954736434144,5
image_64.png,5,False,101.1905708822265,295.3567294262564,20,#0000FF,Quadrant 3,2,1,45,,#0000FF,0,141.75808336611868,5
image_64.png,5,False,565.6944608635526,332.22807439617446,20,#0000FF,Quadrant 4,2,2,45,,#0000FF,0,208.93812471410598,5
image_64.png,5,False,326.2398925948353,72.87650889281556,20,#0000FF,Quadrant 1,1,1,45,,#0000FF,0,255.45151136418164,5
image_64.png,5,False,490.51335738154006,121.02883320412363,20,#0000FF,Quadrant 2,1,2,45,,#0000FF,0,49.52194541005896,5
image_64.png,5,False,161.296029919408,293.88859167663463,20,#0000FF,Quadrant 3,2,1,45,,#0000FF,0,52.1362375878981,5
image_64.png,5,False,17.29230256805983,285.41193945423817,20,#0000FF,Quadrant 3,2,1,45,,#0000FF,0,264.7148027602261,5
image_64.png,5,False,478.36096834547055,384.6470230109008,20,#0000FF,Quadrant 4,2,2,45,,#0000FF,0,207.2455548994334,5
image_64.png,5,False,665.8243284007957,172.4479823770397,20,#0000FF,Quadrant 2,1,2,45,,#0000FF,0,53.13796531826319,5
image_64.png,5,False,649.0038970024318,47.30604265936236,20,#0000FF,Quadrant 2,1,2,45,,#0000FF,0,302.99763277590455,5
image_64.png,5,False,134.7670538958053,30.834459635295755,20,#0000FF,Quadrant 1,1,1,45,,#0000FF,0,350.6971535876041,5
image_64.png,5,False,458.9173875094706,235.30232352006806,20,#0000FF,Quadrant 4,2,2,45,,#0000FF,0,352.8996335384001,5
image_64.png,5,False,442.9840846049579,163.709730421084,20,#0000FF,Quadrant 2,1,2,45,,#0000FF,0,349.1017104199871,5
image_64.png,5,False,176.94938513851358,195.7005878419926,20,#0000FF,Quadrant 1,1,1,45,,#0000FF,0,12.237418016559719,5
image_64.png,5,False,668.6886456224586,257.75725349549714,20,#0000FF,Quadrant 4,2,2,45,,#0000FF,0,247.6742781297562,5
image_64.png,5,False,200.62385173646945,257.90788912962904,20,#0000FF,Quadrant 3,2,1,45,,#0000FF,0,234.11193711725122,5
image_64.png,5,False,93.68026569006174,42.23678243261193,20,#0000FF,Quadrant 1,1,1,45,,#0000FF,0,132.23630014193705,5
image_64.png,5,False,471.79783257798584,203.68493216503742,20,#0000FF,Quadrant 4,2,2,45,,#0000FF,0,176.11863874575016,5
image_64.png,5,False,405.7845351791657,227.45435374416692,20,#0000FF,Quadrant 4,2,2,45,,#0000FF,0,8.289634073273632,5
image_64.png,5,False,404.7105154714577,48.588794417206586,20,#0000FF,Quadrant 2,1,2,45,,#0000FF,0,156.11633231796924,5
image_64.png,5,False,637.2186805610584,311.59498462959516,20,#0000FF,Quadrant 4,2,2,45,,#0000FF,0,22.85938841817178,5
image_64.png,5,False,571.0660087601183,18.464134833627117,20,#0000FF,Quadrant 2,1,2,45,,#0000FF,0,66.56034548520284,5
image_64.png,5,False,380.5911681489197,318.01018578092106,20,#0000FF,Quadrant 4,2,2,45,,#0000FF,0,200.18165897046492,5
image_64.png,5,False,368.52286887759095,232.024741915875,20,#0000FF,Quadrant 4,2,2,45,,#0000FF,0,175.88277446490076,5
image_64.png,5,False,555.356640122993,57.90576621015447,20,#0000FF,Quadrant 2,1,2,45,,#0000FF,0,256.9496847300078,5
image_64.png,5,False,676.354239111865,350.2936687346492,20,#0000FF,Quadrant 4,2,2,45,,#0000FF,0,271.0757487616461,5
image_64.png,5,False,153.09240124873295,71.93747901317707,20,#0000FF,Quadrant 1,1,1,45,,#0000FF,0,46.37375658027207,5
image_64.png,5,False,597.6491231386688,24.231995656957466,20,#0000FF,Quadrant 2,1,2,45,,#0000FF,0,202.4986354442967,5
image_64.png,5,False,302.4823645071985,368.29636721897305,20,#0000FF,Quadrant 3,2,1,45,,#0000FF,0,195.99377409947775,5
image_64.png,5,False,218.11338464773112,368.6691248082396,20,#0000FF,Quadrant 3,2,1,45,,#0000FF,0,0.03080315441896797,5
image_65.png,2,True,317.5500781413922,229.13301535984414,20,#FF0000,Quadrant 3,2,1,51,151,#FF0000,0,237.29672813621806,5
image_65.png,5,False,371.11705309547176,383.7153792887131,20,#0000FF,Quadrant 4,2,2,51,,#0000FF,0,250.2365379978491,5
image_65.png,5,False,381.8263364270087,90.31933312146107,20,#0000FF,Quadrant 2,1,2,51,,#0000FF,0,126.76216526494895,5
image_65.png,5,False,575.816910727492,100.62393441710941,20,#0000FF,Quadrant 2,1,2,51,,#0000FF,0,35.64328729020144,5
image_65.png,5,False,217.49965918691962,325.733310173083,20,#0000FF,Quadrant 3,2,1,51,,#0000FF,0,67.70651438087401,5
image_65.png,5,False,425.8774826480199,92.66310770581681,20,#0000FF,Quadrant 2,1,2,51,,#0000FF,0,344.6722540878868,5
image_65.png,5,False,99.53106717283228,246.234216716302,20,#0000FF,Quadrant 3,2,1,51,,#0000FF,0,129.26345839993996,5
image_65.png,5,False,186.67251867506417,155.31371433744323,20,#0000FF,Quadrant 1,1,1,51,,#0000FF,0,26.769477411698524,5
image_65.png,5,False,286.64090977781024,42.47004077666923,20,#0000FF,Quadrant 1,1,1,51,,#0000FF,0,325.3175760715825,5
image_65.png,5,False,304.06157781777773,273.52681020011164,20,#0000FF,Quadrant 3,2,1,51,,#0000FF,0,91.5045815970692,5
image_65.png,5,False,59.614493711087725,287.9511117177686,20,#0000FF,Quadrant 3,2,1,51,,#0000FF,0,192.92555506046594,5
image_65.png,5,False,491.097221425165,83.81316490516213,20,#0000FF,Quadrant 2,1,2,51,,#0000FF,0,358.3293368512626,5
image_65.png,5,False,463.8921385207347,321.15210270374695,20,#0000FF,Quadrant 4,2,2,51,,#0000FF,0,133.97121342205384,5
image_65.png,5,False,300.16397960528894,69.01975297618063,20,#0000FF,Quadrant 1,1,1,51,,#0000FF,0,217.78008922230828,5
image_65.png,5,False,309.7690935514194,20.79392826854204,20,#0000FF,Quadrant 1,1,1,51,,#0000FF,0,357.28163692058814,5
image_65.png,5,False,64.4144473159036,58.10682263147624,20,#0000FF,Quadrant 1,1,1,51,,#0000FF,0,217.29860878809663,5
image_65.png,5,False,388.82609275186275,35.93263776970757,20,#0000FF,Quadrant 2,1,2,51,,#0000FF,0,39.59644769305384,5
image_65.png,5,False,260.98262495152704,137.06955777191234,20,#0000FF,Quadrant 1,1,1,51,,#0000FF,0,230.46389603637675,5
image_65.png,5,False,609.6413503206453,96.33934717952077,20,#0000FF,Quadrant 2,1,2,51,,#0000FF,0,98.37108085065086,5
image_65.png,5,False,270.86047146369,377.19637766481384,20,#0000FF,Quadrant 3,2,1,51,,#0000FF,0,3.550799751735232,5
image_65.png,5,False,83.34688060211728,360.89035518977283,20,#0000FF,Quadrant 3,2,1,51,,#0000FF,0,136.30764650286605,5
image_65.png,5,False,512.8175889047064,126.87573121917711,20,#0000FF,Quadrant 2,1,2,51,,#0000FF,0,63.26329402276308,5
image_65.png,5,False,348.34721548726736,210.94692490908707,20,#0000FF,Quadrant 3,2,1,51,,#0000FF,0,295.6835696879576,5
image_65.png,5,False,607.2594627909044,219.4829636846363,20,#0000FF,Quadrant 4,2,2,51,,#0000FF,0,252.16399286670168,5
image_65.png,5,False,677.9521955061476,211.97584808269065,20,#0000FF,Quadrant 4,2,2,51,,#0000FF,0,266.8669697941264,5
image_65.png,5,False,596.3950810985767,191.2537863842638,20,#0000FF,Quadrant 2,1,2,51,,#0000FF,0,214.06211225336497,5
image_65.png,5,False,17.543756016400415,205.12772836981836,20,#0000FF,Quadrant 3,2,1,51,,#0000FF,0,45.92599312411225,5
image_65.png,5,False,98.06779989823495,154.1866512189654,20,#0000FF,Quadrant 1,1,1,51,,#0000FF,0,55.97686169089864,5
image_65.png,5,False,561.1450712376143,200.84265485717228,20,#0000FF,Quadrant 4,2,2,51,,#0000FF,0,355.04865920126815,5
image_65.png,5,False,305.7301419950256,366.9539095728133,20,#0000FF,Quadrant 3,2,1,51,,#0000FF,0,99.29627077983227,5
image_65.png,5,False,571.8620196328943,126.36084900997669,20,#0000FF,Quadrant 2,1,2,51,,#0000FF,0,317.29957560131174,5
image_65.png,5,False,663.7962528213916,164.66258853136475,20,#0000FF,Quadrant 2,1,2,51,,#0000FF,0,308.85173075869096,5
image_65.png,5,False,662.0133275353428,73.41276146076405,20,#0000FF,Quadrant 2,1,2,51,,#0000FF,0,262.78309081802684,5
image_65.png,5,False,523.2091158401313,220.47239489394906,20,#0000FF,Quadrant 4,2,2,51,,#0000FF,0,20.668148029227865,5
image_65.png,5,False,613.429190720384,374.69887324045555,20,#0000FF,Quadrant 4,2,2,51,,#0000FF,0,177.42619194839065,5
image_65.png,5,False,361.4821475777934,287.24140447057727,20,#0000FF,Quadrant 4,2,2,51,,#0000FF,0,152.63410451808497,5
image_65.png,5,False,491.8406655185856,164.2682087365858,20,#0000FF,Quadrant 2,1,2,51,,#0000FF,0,319.70899218073015,5
image_65.png,5,False,638.6007334875526,292.95672454502966,20,#0000FF,Quadrant 4,2,2,51,,#0000FF,0,221.8631785248685,5
image_65.png,5,False,495.08569079004076,294.3744860621759,20,#0000FF,Quadrant 4,2,2,51,,#0000FF,0,257.09762627625764,5
image_65.png,5,False,520.159391571201,370.42825138519316,20,#0000FF,Quadrant 4,2,2,51,,#0000FF,0,87.92144893050119,5
image_65.png,5,False,429.48037348777984,375.63671105880456,20,#0000FF,Quadrant 4,2,2,51,,#0000FF,0,219.309699052931,5
image_65.png,5,False,62.759315720931376,328.29657747145376,20,#0000FF,Quadrant 3,2,1,51,,#0000FF,0,81.02468805710308,5
image_65.png,5,False,183.0882389922402,214.78721730108353,20,#0000FF,Quadrant 3,2,1,51,,#0000FF,0,329.0562630032207,5
image_65.png,5,False,92.20926107357893,124.08928134010081,20,#0000FF,Quadrant 1,1,1,51,,#0000FF,0,275.9090080023573,5
image_65.png,5,False,157.8024358491557,289.97372296888153,20,#0000FF,Quadrant 3,2,1,51,,#0000FF,0,105.67621421300083,5
image_65.png,5,False,160.83214118321118,126.2218841850996,20,#0000FF,Quadrant 1,1,1,51,,#0000FF,0,204.78310005146065,5
image_65.png,5,False,256.10766002579754,243.67043390880346,20,#0000FF,Quadrant 3,2,1,51,,#0000FF,0,175.77592596932368,5
image_65.png,5,False,254.8321008819046,12.948367403408863,20,#0000FF,Quadrant 1,1,1,51,,#0000FF,0,118.2786484614479,5
image_65.png,5,False,350.01977616629085,43.03314860164001,20,#0000FF,Quadrant 1,1,1,51,,#0000FF,0,36.48160036719866,5
image_65.png,5,False,116.90664913494457,57.8125211384538,20,#0000FF,Quadrant 1,1,1,51,,#0000FF,0,185.15469583469317,5
image_65.png,5,False,283.40223113372343,124.1297120882524,20,#0000FF,Quadrant 1,1,1,51,,#0000FF,0,81.39428384193421,5
image_65.png,5,False,136.5234257921462,317.76357684928234,20,#0000FF,Quadrant 3,2,1,51,,#0000FF,0,154.2029291480006,5
image_66.png,2,True,313.71676684546344,63.872523707992414,20,#FF0000,Quadrant 1,1,1,4,151,#FF0000,0,236.26067207879336,1
image_66.png,5,False,15.003240715817425,344.99182836006815,20,#0000FF,Quadrant 3,2,1,4,,#0000FF,0,268.95279166270535,1
image_66.png,5,False,87.24862812170166,118.69211081577006,20,#0000FF,Quadrant 1,1,1,4,,#0000FF,0,255.31899654453443,1
image_66.png,5,False,301.1074251872571,136.1987070782272,20,#0000FF,Quadrant 1,1,1,4,,#0000FF,0,48.1249193998915,1
image_66.png,5,False,470.0151203431593,369.48606736342236,20,#0000FF,Quadrant 4,2,2,4,,#0000FF,0,11.37835486019027,1
image_67.png,2,True,347.9677377941847,198.32455127188555,20,#FF0000,Quadrant 1,1,1,82,151,#FF0000,0,42.7652301758104,6
image_67.png,5,False,98.80201765781358,294.91198462948535,20,#0000FF,Quadrant 3,2,1,82,,#0000FF,0,245.4251335349347,6
image_67.png,5,False,286.51458094105544,285.42594238449743,20,#0000FF,Quadrant 3,2,1,82,,#0000FF,0,280.92149881598317,6
image_67.png,5,False,579.8654899963484,60.67587932556115,20,#0000FF,Quadrant 2,1,2,82,,#0000FF,0,267.08155232297366,6
image_67.png,5,False,557.1792272521099,58.674712678751874,20,#0000FF,Quadrant 2,1,2,82,,#0000FF,0,344.7642940196145,6
image_67.png,5,False,20.404130188586027,269.71743703930724,20,#0000FF,Quadrant 3,2,1,82,,#0000FF,0,123.88339832425365,6
image_67.png,5,False,582.7568387518461,173.4133893630934,20,#0000FF,Quadrant 2,1,2,82,,#0000FF,0,18.734341295001727,6
image_67.png,5,False,16.53190551886219,192.5129591481267,20,#0000FF,Quadrant 1,1,1,82,,#0000FF,0,214.95125610735536,6
image_67.png,5,False,67.9216639642419,173.14383174217102,20,#0000FF,Quadrant 1,1,1,82,,#0000FF,0,101.60041313569639,6
image_67.png,5,False,513.4522662628012,81.6331689827028,20,#0000FF,Quadrant 2,1,2,82,,#0000FF,0,222.3407376922552,6
image_67.png,5,False,90.24877378650697,110.61461637786898,20,#0000FF,Quadrant 1,1,1,82,,#0000FF,0,101.20998081581246,6
image_67.png,5,False,470.1016786351791,173.22207459062267,20,#0000FF,Quadrant 2,1,2,82,,#0000FF,0,252.34407550877012,6
image_67.png,5,False,432.0482059556149,82.31688050318155,20,#0000FF,Quadrant 2,1,2,82,,#0000FF,0,262.96441689759655,6
image_67.png,5,False,287.4840973349993,114.51969959118027,20,#0000FF,Quadrant 1,1,1,82,,#0000FF,0,43.3660281272716,6
image_67.png,5,False,111.7380915188994,17.67598845828072,20,#0000FF,Quadrant 1,1,1,82,,#0000FF,0,69.18386112507729,6
image_67.png,5,False,606.5372262530643,154.77330137758204,20,#0000FF,Quadrant 2,1,2,82,,#0000FF,0,71.87165761542882,6
image_67.png,5,False,493.409455592562,381.4870009681556,20,#0000FF,Quadrant 4,2,2,82,,#0000FF,0,188.98962550104065,6
image_67.png,5,False,304.5662654576117,34.190195506278236,20,#0000FF,Quadrant 1,1,1,82,,#0000FF,0,79.83908505010622,6
image_67.png,5,False,46.59063157182781,52.60077088903651,20,#0000FF,Quadrant 1,1,1,82,,#0000FF,0,153.74621802415203,6
image_67.png,5,False,660.7261367951027,279.9793565424684,20,#0000FF,Quadrant 4,2,2,82,,#0000FF,0,130.8874125853191,6
image_67.png,5,False,627.7281952333923,79.70211389255591,20,#0000FF,Quadrant 2,1,2,82,,#0000FF,0,88.90870925145384,6
image_67.png,5,False,466.0367917726635,132.57977123653524,20,#0000FF,Quadrant 2,1,2,82,,#0000FF,0,0.19293411647546943,6
image_67.png,5,False,204.0297945808178,240.26524919336975,20,#0000FF,Quadrant 3,2,1,82,,#0000FF,0,102.71410919681891,6
image_67.png,5,False,184.80923898069648,196.70623936827263,20,#0000FF,Quadrant 1,1,1,82,,#0000FF,0,155.12670953975913,6
image_67.png,5,False,87.8432146292574,263.8621702429956,20,#0000FF,Quadrant 3,2,1,82,,#0000FF,0,120.34157298183746,6
image_67.png,5,False,569.1142847165036,291.8283035486157,20,#0000FF,Quadrant 4,2,2,82,,#0000FF,0,129.80473478783034,6
image_67.png,5,False,413.60145204968757,43.97338349639815,20,#0000FF,Quadrant 2,1,2,82,,#0000FF,0,99.34090074607721,6
image_67.png,5,False,444.7658949467744,238.4936772845234,20,#0000FF,Quadrant 4,2,2,82,,#0000FF,0,38.291586391439616,6
image_67.png,5,False,678.1794950402515,345.16763931025747,20,#0000FF,Quadrant 4,2,2,82,,#0000FF,0,14.77401652307897,6
image_67.png,5,False,143.92705256127394,179.50098484634785,20,#0000FF,Quadrant 1,1,1,82,,#0000FF,0,294.26729461965033,6
image_67.png,5,False,659.9126040383647,244.9859195024925,20,#0000FF,Quadrant 4,2,2,82,,#0000FF,0,35.509467623804895,6
image_67.png,5,False,337.7227803533161,298.6534690883433,20,#0000FF,Quadrant 3,2,1,82,,#0000FF,0,108.53151009325858,6
image_67.png,5,False,116.88025105138009,59.32047511983767,20,#0000FF,Quadrant 1,1,1,82,,#0000FF,0,192.0807196160928,6
image_67.png,5,False,501.2945560886716,348.01975482355414,20,#0000FF,Quadrant 4,2,2,82,,#0000FF,0,150.55652140213877,6
image_67.png,5,False,593.9546569421547,222.8108076050705,20,#0000FF,Quadrant 4,2,2,82,,#0000FF,0,273.3678563478424,6
image_67.png,5,False,263.1822853908259,249.08883332572265,20,#0000FF,Quadrant 3,2,1,82,,#0000FF,0,125.04223169512068,6
image_67.png,5,False,311.4906508896586,193.50619371521154,20,#0000FF,Quadrant 1,1,1,82,,#0000FF,0,42.27441674400643,6
image_67.png,5,False,667.2340739903303,309.9545953740828,20,#0000FF,Quadrant 4,2,2,82,,#0000FF,0,188.5545943325731,6
image_67.png,5,False,199.8884134816422,376.7100638057078,20,#0000FF,Quadrant 3,2,1,82,,#0000FF,0,60.09664606821027,6
image_67.png,5,False,669.5482130504728,33.97990173309712,20,#0000FF,Quadrant 2,1,2,82,,#0000FF,0,104.2762882736346,6
image_67.png,5,False,142.04154168332195,318.89366482386487,20,#0000FF,Quadrant 3,2,1,82,,#0000FF,0,350.0906396640032,6
image_67.png,5,False,377.8717285737856,205.09834925265253,20,#0000FF,Quadrant 4,2,2,82,,#0000FF,0,178.2093242294337,6
image_67.png,5,False,13.480776483134196,227.17743557938422,20,#0000FF,Quadrant 3,2,1,82,,#0000FF,0,74.4928546716562,6
image_67.png,5,False,17.105452774001673,362.02112059939293,20,#0000FF,Quadrant 3,2,1,82,,#0000FF,0,213.16059180214873,6
image_67.png,5,False,598.3553291247168,123.02547362238373,20,#0000FF,Quadrant 2,1,2,82,,#0000FF,0,93.18046233972652,6
image_67.png,5,False,202.37423137481392,61.26318659055509,20,#0000FF,Quadrant 1,1,1,82,,#0000FF,0,339.13656024707024,6
image_67.png,5,False,46.497260984947026,381.44894409272854,20,#0000FF,Quadrant 3,2,1,82,,#0000FF,0,314.41782328951115,6
image_67.png,5,False,155.67097366106438,54.917868811854575,20,#0000FF,Quadrant 1,1,1,82,,#0000FF,0,356.233056906072,6
image_67.png,5,False,446.91850384291195,378.49864138307896,20,#0000FF,Quadrant 4,2,2,82,,#0000FF,0,233.51238016103417,6
image_67.png,5,False,103.05839251241264,350.570917063506,20,#0000FF,Quadrant 3,2,1,82,,#0000FF,0,95.05374506077656,6
image_67.png,5,False,689.8450248424299,247.61110514714252,20,#0000FF,Quadrant 4,2,2,82,,#0000FF,0,106.16232184222824,6
image_67.png,5,False,255.92789283457128,287.12018396598086,20,#0000FF,Quadrant 3,2,1,82,,#0000FF,0,3.746948962028638,6
image_67.png,5,False,187.3751889648709,16.911349051691012,20,#0000FF,Quadrant 1,1,1,82,,#0000FF,0,100.68832981306825,6
image_67.png,5,False,609.0395558712642,365.94839075978086,20,#0000FF,Quadrant 4,2,2,82,,#0000FF,0,236.6343336727802,6
image_67.png,5,False,508.87291176494494,271.10761779836423,20,#0000FF,Quadrant 4,2,2,82,,#0000FF,0,209.97403739630712,6
image_67.png,5,False,151.49993794982396,249.06464984508645,20,#0000FF,Quadrant 3,2,1,82,,#0000FF,0,116.73469108913584,6
image_67.png,5,False,283.47428824929125,179.6091323762487,20,#0000FF,Quadrant 1,1,1,82,,#0000FF,0,308.95968072893595,6
image_67.png,5,False,309.95955476159577,67.07032363876371,20,#0000FF,Quadrant 1,1,1,82,,#0000FF,0,262.7322857190892,6
image_67.png,5,False,132.34017044398544,226.33071834903916,20,#0000FF,Quadrant 3,2,1,82,,#0000FF,0,293.61527555023713,6
image_67.png,5,False,135.300176554708,117.61272534695176,20,#0000FF,Quadrant 1,1,1,82,,#0000FF,0,339.60782127538914,6
image_67.png,5,False,620.9393468384363,320.01469796155834,20,#0000FF,Quadrant 4,2,2,82,,#0000FF,0,111.65767951794498,6
image_67.png,5,False,324.51164607995224,254.85489047173937,20,#0000FF,Quadrant 3,2,1,82,,#0000FF,0,153.50221103646888,6
image_67.png,5,False,19.12229660652002,48.69791849580999,20,#0000FF,Quadrant 1,1,1,82,,#0000FF,0,270.15991278646425,6
image_67.png,5,False,86.81446985528905,16.122678850460748,20,#0000FF,Quadrant 1,1,1,82,,#0000FF,0,138.23659753395413,6
image_67.png,5,False,654.9929596195883,60.96367940212509,20,#0000FF,Quadrant 2,1,2,82,,#0000FF,0,298.9861678482112,6
image_67.png,5,False,556.9638992758287,14.55175329729531,20,#0000FF,Quadrant 2,1,2,82,,#0000FF,0,215.86938504024505,6
image_67.png,5,False,384.69304601993116,320.3005260669543,20,#0000FF,Quadrant 4,2,2,82,,#0000FF,0,284.9978509417326,6
image_67.png,5,False,69.54101817607585,63.628977206355394,20,#0000FF,Quadrant 1,1,1,82,,#0000FF,0,306.9792769453233,6
image_67.png,5,False,340.9678762365853,103.15974851787789,20,#0000FF,Quadrant 1,1,1,82,,#0000FF,0,110.65859734589064,6
image_67.png,5,False,41.67830899983452,216.87471397345624,20,#0000FF,Quadrant 3,2,1,82,,#0000FF,0,7.634845800496373,6
image_67.png,5,False,165.5514814521119,96.6832033206313,20,#0000FF,Quadrant 1,1,1,82,,#0000FF,0,0.435751440972858,6
image_67.png,5,False,254.43052930046767,119.42786634999733,20,#0000FF,Quadrant 1,1,1,82,,#0000FF,0,138.73790005635874,6
image_67.png,5,False,482.5636396936214,270.59765698192,20,#0000FF,Quadrant 4,2,2,82,,#0000FF,0,331.8087303372952,6
image_67.png,5,False,632.2124951738832,196.90817737648874,20,#0000FF,Quadrant 2,1,2,82,,#0000FF,0,257.3464317336868,6
image_67.png,5,False,165.69597306919303,372.5443325438421,20,#0000FF,Quadrant 3,2,1,82,,#0000FF,0,356.6764992449346,6
image_67.png,5,False,63.56376968484421,137.14797069681185,20,#0000FF,Quadrant 1,1,1,82,,#0000FF,0,101.45313805811735,6
image_67.png,5,False,115.10994556314272,173.02153668196263,20,#0000FF,Quadrant 1,1,1,82,,#0000FF,0,15.604860317873168,6
image_67.png,5,False,484.453734500538,247.1586268174547,20,#0000FF,Quadrant 4,2,2,82,,#0000FF,0,321.5223187224449,6
image_67.png,5,False,233.5838009372181,59.20851231178446,20,#0000FF,Quadrant 1,1,1,82,,#0000FF,0,52.08041513384076,6
image_67.png,5,False,253.9474339932842,197.81004807508378,20,#0000FF,Quadrant 1,1,1,82,,#0000FF,0,276.31274892841475,6
image_67.png,5,False,546.0722723440883,317.6684091303584,20,#0000FF,Quadrant 4,2,2,82,,#0000FF,0,189.7005403640532,6
image_67.png,5,False,259.6315313934518,332.04640751808887,20,#0000FF,Quadrant 3,2,1,82,,#0000FF,0,328.0902940464401,6
image_67.png,5,False,390.98376683580653,363.0471877984447,20,#0000FF,Quadrant 4,2,2,82,,#0000FF,0,300.6908409833341,6
image_68.png,2,True,165.74057738104045,293.36424633926816,20,#FF0000,Quadrant 3,2,1,24,151,#FF0000,0,75.86545272183307,4
image_68.png,5,False,490.39292778097393,65.08294690162073,20,#0000FF,Quadrant 2,1,2,24,,#0000FF,0,42.20489134146802,4
image_68.png,5,False,490.62842614073446,171.53990435970303,20,#0000FF,Quadrant 2,1,2,24,,#0000FF,0,263.9093471280104,4
image_68.png,5,False,84.04077356035185,230.84747400794302,20,#0000FF,Quadrant 3,2,1,24,,#0000FF,0,19.470004234497488,4
image_68.png,5,False,420.21477041958747,70.7894681797192,20,#0000FF,Quadrant 2,1,2,24,,#0000FF,0,171.6575650980874,4
image_68.png,5,False,108.34019242544753,103.62731393524021,20,#0000FF,Quadrant 1,1,1,24,,#0000FF,0,52.87920185542043,4
image_68.png,5,False,583.6058470729519,168.43506078863967,20,#0000FF,Quadrant 2,1,2,24,,#0000FF,0,4.4919720657611695,4
image_68.png,5,False,334.66790404402775,63.96248651135334,20,#0000FF,Quadrant 1,1,1,24,,#0000FF,0,275.5503733878793,4
image_68.png,5,False,664.6996116590559,188.72974122729522,20,#0000FF,Quadrant 2,1,2,24,,#0000FF,0,189.88201358529187,4
image_68.png,5,False,316.8978355406408,254.75222358706128,20,#0000FF,Quadrant 3,2,1,24,,#0000FF,0,260.12067140222575,4
image_68.png,5,False,87.66273309593181,33.68030191270556,20,#0000FF,Quadrant 1,1,1,24,,#0000FF,0,4.755391055620182,4
image_68.png,5,False,284.1131855153783,171.12864936145795,20,#0000FF,Quadrant 1,1,1,24,,#0000FF,0,57.72556367451194,4
image_68.png,5,False,324.01029612730014,279.9117575850926,20,#0000FF,Quadrant 3,2,1,24,,#0000FF,0,341.3671067010726,4
image_68.png,5,False,405.1528770609953,126.68083661895514,20,#0000FF,Quadrant 2,1,2,24,,#0000FF,0,92.89956965218543,4
image_68.png,5,False,652.7692112478288,113.75083587944687,20,#0000FF,Quadrant 2,1,2,24,,#0000FF,0,81.833347920487,4
image_68.png,5,False,271.1390329881847,370.50560780838435,20,#0000FF,Quadrant 3,2,1,24,,#0000FF,0,33.09714904234091,4
image_68.png,5,False,286.8772700542297,32.16679870148465,20,#0000FF,Quadrant 1,1,1,24,,#0000FF,0,267.52850589358155,4
image_68.png,5,False,577.7059212698866,379.92323487559884,20,#0000FF,Quadrant 4,2,2,24,,#0000FF,0,141.22474511064408,4
image_68.png,5,False,64.19716658151916,272.73725313744575,20,#0000FF,Quadrant 3,2,1,24,,#0000FF,0,217.8300257251909,4
image_68.png,5,False,460.71026702420994,164.12775272653911,20,#0000FF,Quadrant 2,1,2,24,,#0000FF,0,171.86985517105666,4
image_68.png,5,False,48.668772775685404,151.41873605871675,20,#0000FF,Quadrant 1,1,1,24,,#0000FF,0,136.96922197443817,4
image_68.png,5,False,196.97457695520077,50.4632233039412,20,#0000FF,Quadrant 1,1,1,24,,#0000FF,0,152.7198802687452,4
image_68.png,5,False,547.5913123288287,137.80828752072506,20,#0000FF,Quadrant 2,1,2,24,,#0000FF,0,130.5725864853595,4
image_68.png,5,False,123.14191788539505,51.243597229500445,20,#0000FF,Quadrant 1,1,1,24,,#0000FF,0,86.23077021237084,4
image_68.png,5,False,18.563162015700847,354.8616915706351,20,#0000FF,Quadrant 3,2,1,24,,#0000FF,0,76.2875808399906,4
image_69.png,2,True,33.30071945928722,112.74550871658975,20,#FF0000,Quadrant 1,1,1,6,151,#FF0000,0,229.8200259693912,2
image_69.png,5,False,400.14500427185413,224.0934637255573,20,#0000FF,Quadrant 4,2,2,6,,#0000FF,0,351.5987328085616,2
image_69.png,5,False,16.841845501908466,145.8133762935908,20,#0000FF,Quadrant 1,1,1,6,,#0000FF,0,339.6632909111511,2
image_69.png,5,False,285.31597168482006,84.66604106776849,20,#0000FF,Quadrant 1,1,1,6,,#0000FF,0,101.66478473801943,2
image_69.png,5,False,510.99911803135194,379.1155808341308,20,#0000FF,Quadrant 4,2,2,6,,#0000FF,0,270.663217459849,2
image_69.png,5,False,78.09470695464483,164.95432015419917,20,#0000FF,Quadrant 1,1,1,6,,#0000FF,0,252.95645179515415,2
image_69.png,5,False,80.59098651260156,316.2328579498287,20,#0000FF,Quadrant 3,2,1,6,,#0000FF,0,266.92248300677704,2
image_70.png,2,True,274.2749831722724,232.6434009254803,20,#FF0000,Quadrant 3,2,1,5,151,#FF0000,0,211.38318334955682,2
image_70.png,5,False,210.89225348146738,68.28129251254619,20,#0000FF,Quadrant 1,1,1,5,,#0000FF,0,306.7297546078785,2
image_70.png,5,False,620.9054683691369,46.263946996370805,20,#0000FF,Quadrant 2,1,2,5,,#0000FF,0,166.71824029349554,2
image_70.png,5,False,620.3530249042877,316.2259408056123,20,#0000FF,Quadrant 4,2,2,5,,#0000FF,0,258.6465746415051,2
image_70.png,5,False,540.7209177545017,71.87577600413175,20,#0000FF,Quadrant 2,1,2,5,,#0000FF,0,235.5192539893876,2
image_70.png,5,False,366.7312494120012,286.4564018108197,20,#0000FF,Quadrant 4,2,2,5,,#0000FF,0,346.920249317461,2
image_71.png,2,True,246.23513439531519,307.8630025207451,20,#FF0000,Quadrant 3,2,1,98,151,#FF0000,0,334.88179323605476,6
image_71.png,5,False,259.25796907820813,334.55006503591943,20,#0000FF,Quadrant 3,2,1,98,,#0000FF,0,122.04745519684977,6
image_71.png,5,False,624.6784724525611,303.63815030549597,20,#0000FF,Quadrant 4,2,2,98,,#0000FF,0,155.12452046874645,6
image_71.png,5,False,154.87742166176093,241.72637405544162,20,#0000FF,Quadrant 3,2,1,98,,#0000FF,0,139.54833780288564,6
image_71.png,5,False,116.00456929649923,248.30448631856524,20,#0000FF,Quadrant 3,2,1,98,,#0000FF,0,26.99938405219938,6
image_71.png,5,False,565.4565201200162,64.91131303957062,20,#0000FF,Quadrant 2,1,2,98,,#0000FF,0,179.10821672578282,6
image_71.png,5,False,387.9767401421867,377.2620107934682,20,#0000FF,Quadrant 4,2,2,98,,#0000FF,0,313.3646928625943,6
image_71.png,5,False,71.05853426270595,46.57508975205843,20,#0000FF,Quadrant 1,1,1,98,,#0000FF,0,281.32038624769854,6
image_71.png,5,False,654.5645642405304,72.03659932140388,20,#0000FF,Quadrant 2,1,2,98,,#0000FF,0,112.93873206599314,6
image_71.png,5,False,261.3331751336968,44.72865330344899,20,#0000FF,Quadrant 1,1,1,98,,#0000FF,0,100.84223603862661,6
image_71.png,5,False,542.8670116845567,108.50286961169667,20,#0000FF,Quadrant 2,1,2,98,,#0000FF,0,64.50705093023036,6
image_71.png,5,False,187.4021231070745,342.3766745708373,20,#0000FF,Quadrant 3,2,1,98,,#0000FF,0,170.37394339035563,6
image_71.png,5,False,107.76815084027129,57.85923277806701,20,#0000FF,Quadrant 1,1,1,98,,#0000FF,0,234.10514990015236,6
image_71.png,5,False,38.27932986939162,335.70323054748974,20,#0000FF,Quadrant 3,2,1,98,,#0000FF,0,204.74404197762337,6
image_71.png,5,False,601.4736607965971,357.67896399841493,20,#0000FF,Quadrant 4,2,2,98,,#0000FF,0,144.33811714687914,6
image_71.png,5,False,268.4676528686656,268.8719390048639,20,#0000FF,Quadrant 3,2,1,98,,#0000FF,0,342.7361851402547,6
image_71.png,5,False,438.602855715531,254.38164484179148,20,#0000FF,Quadrant 4,2,2,98,,#0000FF,0,245.72001111032966,6
image_71.png,5,False,598.7581914257282,120.86970686957683,20,#0000FF,Quadrant 2,1,2,98,,#0000FF,0,2.859460530000919,6
image_71.png,5,False,286.1042096189284,38.585939916323,20,#0000FF,Quadrant 1,1,1,98,,#0000FF,0,56.95408944225414,6
image_71.png,5,False,329.5099362734313,46.34417942090741,20,#0000FF,Quadrant 1,1,1,98,,#0000FF,0,139.76027961594755,6
image_71.png,5,False,453.67180853854677,351.24782284582795,20,#0000FF,Quadrant 4,2,2,98,,#0000FF,0,167.7159345794911,6
image_71.png,5,False,70.13173442489162,287.61213060435404,20,#0000FF,Quadrant 3,2,1,98,,#0000FF,0,167.34707891406757,6
image_71.png,5,False,237.4885189937121,130.93367793735933,20,#0000FF,Quadrant 1,1,1,98,,#0000FF,0,71.80955994537,6
image_71.png,5,False,346.05726616461305,276.4659369603219,20,#0000FF,Quadrant 3,2,1,98,,#0000FF,0,358.71776355484866,6
image_71.png,5,False,202.80041823688657,25.470724091237027,20,#0000FF,Quadrant 1,1,1,98,,#0000FF,0,171.43900872139272,6
image_71.png,5,False,334.8076386172995,253.0017923764267,20,#0000FF,Quadrant 3,2,1,98,,#0000FF,0,56.06680230403037,6
image_71.png,5,False,32.58172201813454,238.20726225264139,20,#0000FF,Quadrant 3,2,1,98,,#0000FF,0,115.26718292053314,6
image_71.png,5,False,656.220710255799,147.64426286856346,20,#0000FF,Quadrant 2,1,2,98,,#0000FF,0,136.9025366191871,6
image_71.png,5,False,667.3724115095041,269.427804454147,20,#0000FF,Quadrant 4,2,2,98,,#0000FF,0,312.4874166269554,6
image_71.png,5,False,448.9885448316989,42.59750513417217,20,#0000FF,Quadrant 2,1,2,98,,#0000FF,0,97.1453196610932,6
image_71.png,5,False,290.0921827800391,123.77131152367059,20,#0000FF,Quadrant 1,1,1,98,,#0000FF,0,24.93325783763759,6
image_71.png,5,False,611.3182103647914,209.36606245437002,20,#0000FF,Quadrant 4,2,2,98,,#0000FF,0,256.3944128342832,6
image_71.png,5,False,632.231156887562,140.28323790544465,20,#0000FF,Quadrant 2,1,2,98,,#0000FF,0,33.2788536115316,6
image_71.png,5,False,124.3634308266569,143.02642594318044,20,#0000FF,Quadrant 1,1,1,98,,#0000FF,0,271.1433782196477,6
image_71.png,5,False,491.0194691191924,145.0737183165697,20,#0000FF,Quadrant 2,1,2,98,,#0000FF,0,57.84809758970391,6
image_71.png,5,False,279.1160593335167,14.754110366280296,20,#0000FF,Quadrant 1,1,1,98,,#0000FF,0,249.44451723481768,6
image_71.png,5,False,422.4216320053325,40.41169364146553,20,#0000FF,Quadrant 2,1,2,98,,#0000FF,0,281.9060546290915,6
image_71.png,5,False,435.7770258012509,133.37091325980268,20,#0000FF,Quadrant 2,1,2,98,,#0000FF,0,240.4664958138478,6
image_71.png,5,False,657.9496815128005,291.79213932110963,20,#0000FF,Quadrant 4,2,2,98,,#0000FF,0,355.09246093378493,6
image_71.png,5,False,229.07903436403487,67.89137368557914,20,#0000FF,Quadrant 1,1,1,98,,#0000FF,0,265.2189429396807,6
image_71.png,5,False,112.61825783638702,337.70590977074323,20,#0000FF,Quadrant 3,2,1,98,,#0000FF,0,165.11726421248156,6
image_71.png,5,False,679.3135499309623,164.61414922281665,20,#0000FF,Quadrant 2,1,2,98,,#0000FF,0,40.898475387141474,6
image_71.png,5,False,13.533378063860516,181.3112897021798,20,#0000FF,Quadrant 1,1,1,98,,#0000FF,0,187.44901135580966,6
image_71.png,5,False,97.61915428957276,180.8462300115108,20,#0000FF,Quadrant 1,1,1,98,,#0000FF,0,299.70389804703103,6
image_71.png,5,False,78.14033154501642,93.63940781263594,20,#0000FF,Quadrant 1,1,1,98,,#0000FF,0,349.0047041193822,6
image_71.png,5,False,300.5013390321385,217.42059407172576,20,#0000FF,Quadrant 3,2,1,98,,#0000FF,0,352.45151599911225,6
image_71.png,5,False,680.5319640581597,229.0441702382973,20,#0000FF,Quadrant 4,2,2,98,,#0000FF,0,342.855677223334,6
image_71.png,5,False,571.6939717058418,17.1202995787189,20,#0000FF,Quadrant 2,1,2,98,,#0000FF,0,5.173566440435553,6
image_71.png,5,False,356.93670286481444,339.01258007551536,20,#0000FF,Quadrant 4,2,2,98,,#0000FF,0,322.79576890548725,6
image_71.png,5,False,458.1001456554546,183.3670493402504,20,#0000FF,Quadrant 2,1,2,98,,#0000FF,0,251.7541725910234,6
image_71.png,5,False,253.67353111222428,216.05253211387242,20,#0000FF,Quadrant 3,2,1,98,,#0000FF,0,147.7392519013765,6
image_71.png,5,False,538.1409054054658,53.85763979077239,20,#0000FF,Quadrant 2,1,2,98,,#0000FF,0,188.34113620717267,6
image_71.png,5,False,306.15630999267626,77.8663707147602,20,#0000FF,Quadrant 1,1,1,98,,#0000FF,0,63.29296980184676,6
image_71.png,5,False,384.96362349628413,155.23093604848202,20,#0000FF,Quadrant 2,1,2,98,,#0000FF,0,214.1610516500217,6
image_71.png,5,False,485.41140208180383,176.37260791430276,20,#0000FF,Quadrant 2,1,2,98,,#0000FF,0,304.23297909988474,6
image_71.png,5,False,696.8052594242267,315.64523025210684,20,#0000FF,Quadrant 4,2,2,98,,#0000FF,0,308.51901617438364,6
image_71.png,5,False,33.485885195823585,120.58388557988842,20,#0000FF,Quadrant 1,1,1,98,,#0000FF,0,209.24408949996106,6
image_71.png,5,False,164.56388653271267,182.85009457543663,20,#0000FF,Quadrant 1,1,1,98,,#0000FF,0,151.43070873821975,6
image_71.png,5,False,677.6874943144215,356.50308241972334,20,#0000FF,Quadrant 4,2,2,98,,#0000FF,0,44.7986019121179,6
image_71.png,5,False,576.2679849289964,277.0496136590249,20,#0000FF,Quadrant 4,2,2,98,,#0000FF,0,148.65650718568025,6
image_71.png,5,False,16.239938008755257,152.6153567855813,20,#0000FF,Quadrant 1,1,1,98,,#0000FF,0,266.8151004798045,6
image_71.png,5,False,588.7155964221189,311.56224314667026,20,#0000FF,Quadrant 4,2,2,98,,#0000FF,0,95.21966539817159,6
image_71.png,5,False,21.70021471443814,68.97588168690223,20,#0000FF,Quadrant 1,1,1,98,,#0000FF,0,149.24039760055288,6
image_71.png,5,False,241.8769673661366,373.5627041331444,20,#0000FF,Quadrant 3,2,1,98,,#0000FF,0,215.98044271982866,6
image_71.png,5,False,177.621636904065,378.9793421174212,20,#0000FF,Quadrant 3,2,1,98,,#0000FF,0,357.41848494713815,6
image_71.png,5,False,455.0152727514201,324.19186202807435,20,#0000FF,Quadrant 4,2,2,98,,#0000FF,0,69.35774521422718,6
image_71.png,5,False,684.39803226046,76.6651283679827,20,#0000FF,Quadrant 2,1,2,98,,#0000FF,0,229.05845687201776,6
image_71.png,5,False,563.0074902850505,201.609163602776,20,#0000FF,Quadrant 4,2,2,98,,#0000FF,0,35.848052617974176,6
image_71.png,5,False,551.3698115579514,329.66561466530686,20,#0000FF,Quadrant 4,2,2,98,,#0000FF,0,227.3187846518766,6
image_71.png,5,False,190.2985545987322,219.99828223975075,20,#0000FF,Quadrant 3,2,1,98,,#0000FF,0,225.83461739122518,6
image_71.png,5,False,151.39241533169368,46.25432383784654,20,#0000FF,Quadrant 1,1,1,98,,#0000FF,0,341.5321093504553,6
image_71.png,5,False,498.51980463855216,358.9846809325155,20,#0000FF,Quadrant 4,2,2,98,,#0000FF,0,10.014600325494012,6
image_71.png,5,False,274.47694104481275,291.6043778621848,20,#0000FF,Quadrant 3,2,1,98,,#0000FF,0,28.358101590318803,6
image_71.png,5,False,379.9024647852385,103.70616989244644,20,#0000FF,Quadrant 2,1,2,98,,#0000FF,0,106.89210228456861,6
image_71.png,5,False,552.5872091614879,302.20801927493017,20,#0000FF,Quadrant 4,2,2,98,,#0000FF,0,280.8104229759802,6
image_71.png,5,False,200.4507643816006,364.42088769633233,20,#0000FF,Quadrant 3,2,1,98,,#0000FF,0,237.33277036718718,6
image_71.png,5,False,450.84834659491264,229.9960296429914,20,#0000FF,Quadrant 4,2,2,98,,#0000FF,0,225.87768322475773,6
image_71.png,5,False,351.5348402630215,147.6081861630665,20,#0000FF,Quadrant 1,1,1,98,,#0000FF,0,33.39977076543354,6
image_71.png,5,False,61.693843112963485,373.58409141382634,20,#0000FF,Quadrant 3,2,1,98,,#0000FF,0,7.904508627565527,6
image_71.png,5,False,695.6865690569131,193.91835524200098,20,#0000FF,Quadrant 2,1,2,98,,#0000FF,0,351.32971468129574,6
image_71.png,5,False,387.5266296822952,70.8707654418122,20,#0000FF,Quadrant 2,1,2,98,,#0000FF,0,221.0417987108039,6
image_71.png,5,False,26.873302637774447,204.43950451644693,20,#0000FF,Quadrant 3,2,1,98,,#0000FF,0,10.639887399550556,6
image_71.png,5,False,608.2763637334828,54.390036744329,20,#0000FF,Quadrant 2,1,2,98,,#0000FF,0,54.84456597171983,6
image_71.png,5,False,236.6748726775594,94.0697001333636,20,#0000FF,Quadrant 1,1,1,98,,#0000FF,0,78.10480274721338,6
image_71.png,5,False,658.5553433613017,112.1492211926425,20,#0000FF,Quadrant 2,1,2,98,,#0000FF,0,261.98780364525777,6
image_71.png,5,False,213.78708452577249,292.68350438629415,20,#0000FF,Quadrant 3,2,1,98,,#0000FF,0,198.53896107295773,6
image_71.png,5,False,130.16910613579205,270.7077186390871,20,#0000FF,Quadrant 3,2,1,98,,#0000FF,0,69.49952580059717,6
image_71.png,5,False,204.6660243848661,159.48819950889165,20,#0000FF,Quadrant 1,1,1,98,,#0000FF,0,319.43336083190593,6
image_71.png,5,False,668.1420694850353,195.40041643271067,20,#0000FF,Quadrant 2,1,2,98,,#0000FF,0,285.87582941427416,6
image_71.png,5,False,302.95501469724786,293.39596410611824,20,#0000FF,Quadrant 3,2,1,98,,#0000FF,0,317.8286400483309,6
image_71.png,5,False,55.27944823830519,74.2201419935523,20,#0000FF,Quadrant 1,1,1,98,,#0000FF,0,227.77144830646372,6
image_71.png,5,False,363.32484218002,232.83657380124572,20,#0000FF,Quadrant 4,2,2,98,,#0000FF,0,12.153603918217675,6
image_71.png,5,False,580.5869424374899,254.84703288408303,20,#0000FF,Quadrant 4,2,2,98,,#0000FF,0,105.65047664491499,6
image_71.png,5,False,253.70254829848776,22.31730123860897,20,#0000FF,Quadrant 1,1,1,98,,#0000FF,0,347.45228969290366,6
image_71.png,5,False,61.04918819861025,259.3288431948989,20,#0000FF,Quadrant 3,2,1,98,,#0000FF,0,128.78802603717546,6
image_71.png,5,False,276.67211854018433,238.48112239094235,20,#0000FF,Quadrant 3,2,1,98,,#0000FF,0,202.19061004999764,6
image_71.png,5,False,81.91201344505357,116.1023210938901,20,#0000FF,Quadrant 1,1,1,98,,#0000FF,0,189.81445013200366,6
image_71.png,5,False,626.0455098545559,170.42155322317677,20,#0000FF,Quadrant 2,1,2,98,,#0000FF,0,26.936710526208714,6
image_71.png,5,False,236.2167094522482,155.720141868051,20,#0000FF,Quadrant 1,1,1,98,,#0000FF,0,61.61030245211006,6
image_72.png,2,True,454.48629326148017,334.606959295547,20,#FF0000,Quadrant 4,2,2,34,151,#FF0000,0,102.61328910604912,5
image_72.png,5,False,639.1221258428752,118.49027953699185,20,#0000FF,Quadrant 2,1,2,34,,#0000FF,0,355.66371561343163,5
image_72.png,5,False,288.53663425519045,349.6235604856202,20,#0000FF,Quadrant 3,2,1,34,,#0000FF,0,302.99143096854743,5
image_72.png,5,False,37.95384846971639,254.7252019058982,20,#0000FF,Quadrant 3,2,1,34,,#0000FF,0,330.4924138628313,5
image_72.png,5,False,76.53755444859561,314.3500206388519,20,#0000FF,Quadrant 3,2,1,34,,#0000FF,0,25.003481277537393,5
image_72.png,5,False,200.2500733550166,295.89568159521855,20,#0000FF,Quadrant 3,2,1,34,,#0000FF,0,260.3713210549904,5
image_72.png,5,False,394.3941887520898,129.38002193468384,20,#0000FF,Quadrant 2,1,2,34,,#0000FF,0,144.12396333155178,5
image_72.png,5,False,282.0026417942925,274.2607228900452,20,#0000FF,Quadrant 3,2,1,34,,#0000FF,0,220.4354329179689,5
image_72.png,5,False,595.7352235221559,376.58365550755224,20,#0000FF,Quadrant 4,2,2,34,,#0000FF,0,163.6494268298237,5
image_72.png,5,False,268.6212911462626,244.59530658153508,20,#0000FF,Quadrant 3,2,1,34,,#0000FF,0,43.708660777712076,5
image_72.png,5,False,43.95779039516709,14.929698247027464,20,#0000FF,Quadrant 1,1,1,34,,#0000FF,0,10.543745462932947,5
image_72.png,5,False,233.4498788080875,270.91238868063516,20,#0000FF,Quadrant 3,2,1,34,,#0000FF,0,37.84884987529017,5
image_72.png,5,False,128.2619108158612,83.25836407924285,20,#0000FF,Quadrant 1,1,1,34,,#0000FF,0,156.84568644674755,5
image_72.png,5,False,265.15799819175675,352.28886046407416,20,#0000FF,Quadrant 3,2,1,34,,#0000FF,0,324.8195345135146,5
image_72.png,5,False,654.6020353078709,339.10962179185145,20,#0000FF,Quadrant 4,2,2,34,,#0000FF,0,356.2434107197738,5
image_72.png,5,False,551.8264404138885,52.88375967849252,20,#0000FF,Quadrant 2,1,2,34,,#0000FF,0,93.4875687807423,5
image_72.png,5,False,62.7040587343871,135.48635226513713,20,#0000FF,Quadrant 1,1,1,34,,#0000FF,0,340.97214989024724,5
image_72.png,5,False,570.8025276550234,113.02675655555207,20,#0000FF,Quadrant 2,1,2,34,,#0000FF,0,220.59022787947964,5
image_72.png,5,False,105.91893143951334,185.14224226268183,20,#0000FF,Quadrant 1,1,1,34,,#0000FF,0,61.32190684191157,5
image_72.png,5,False,604.8455855620878,295.6471646040771,20,#0000FF,Quadrant 4,2,2,34,,#0000FF,0,45.4639345031959,5
image_72.png,5,False,676.4611854924538,167.22510091028792,20,#0000FF,Quadrant 2,1,2,34,,#0000FF,0,319.60742850642896,5
image_72.png,5,False,95.31521000336996,210.42861480204658,20,#0000FF,Quadrant 3,2,1,34,,#0000FF,0,160.84070653144036,5
image_72.png,5,False,466.61432412774514,380.06009313497486,20,#0000FF,Quadrant 4,2,2,34,,#0000FF,0,208.0385000411693,5
image_72.png,5,False,514.5656960277606,96.3639359526348,20,#0000FF,Quadrant 2,1,2,34,,#0000FF,0,115.88809071594349,5
image_72.png,5,False,215.10535574810035,42.29623558698342,20,#0000FF,Quadrant 1,1,1,34,,#0000FF,0,94.97233208889298,5
image_72.png,5,False,612.4090367853436,260.28373398346264,20,#0000FF,Quadrant 4,2,2,34,,#0000FF,0,201.06548444029056,5
image_72.png,5,False,152.85906049483216,40.49032345715598,20,#0000FF,Quadrant 1,1,1,34,,#0000FF,0,264.6965803810272,5
image_72.png,5,False,574.9543850668258,82.0327884877475,20,#0000FF,Quadrant 2,1,2,34,,#0000FF,0,77.8087685147981,5
image_72.png,5,False,154.76774456234898,234.2177316537928,20,#0000FF,Quadrant 3,2,1,34,,#0000FF,0,37.63249846221544,5
image_72.png,5,False,323.8211341462609,69.21159370594499,20,#0000FF,Quadrant 1,1,1,34,,#0000FF,0,112.25715469616983,5
image_72.png,5,False,640.8323073507227,93.70066605889465,20,#0000FF,Quadrant 2,1,2,34,,#0000FF,0,181.6241073462201,5
image_72.png,5,False,682.819566828948,339.0506214986794,20,#0000FF,Quadrant 4,2,2,34,,#0000FF,0,130.91176196044137,5
image_72.png,5,False,548.4345100055723,82.04641266126676,20,#0000FF,Quadrant 2,1,2,34,,#0000FF,0,184.84705532407358,5
image_72.png,5,False,124.131267918924,127.10148277629133,20,#0000FF,Quadrant 1,1,1,34,,#0000FF,0,100.02183640237027,5
image_72.png,5,False,457.73586116971325,66.67551946819316,20,#0000FF,Quadrant 2,1,2,34,,#0000FF,0,313.13929682826415,5
image_73.png,2,True,627.0335594305653,81.69725156451777,20,#FF0000,Quadrant 2,1,2,1,151,#FF0000,0,86.60248611846309,1
image_73.png,5,False,467.03911219373373,182.098266266582,20,#0000FF,Quadrant 2,1,2,1,,#0000FF,0,10.291049863744885,1
image_74.png,2,True,68.92200188487833,174.09703467906235,20,#FF0000,Quadrant 1,1,1,10,151,#FF0000,0,333.69397907040667,3
image_74.png,5,False,357.00918005298496,202.9963395457978,20,#0000FF,Quadrant 4,2,2,10,,#0000FF,0,54.223216644630426,3
image_74.png,5,False,198.8137291727877,47.973199714517584,20,#0000FF,Quadrant 1,1,1,10,,#0000FF,0,19.136545947809623,3
image_74.png,5,False,515.3491089895796,170.73840468604976,20,#0000FF,Quadrant 2,1,2,10,,#0000FF,0,233.50382937273463,3
image_74.png,5,False,288.4548591130113,235.55058445259863,20,#0000FF,Quadrant 3,2,1,10,,#0000FF,0,105.84212204964358,3
image_74.png,5,False,351.10158054030023,174.8876991813761,20,#0000FF,Quadrant 1,1,1,10,,#0000FF,0,190.6425912579993,3
image_74.png,5,False,456.33160666765707,373.4913091360725,20,#0000FF,Quadrant 4,2,2,10,,#0000FF,0,245.217788949264,3
image_74.png,5,False,47.611924221331435,24.490047942378574,20,#0000FF,Quadrant 1,1,1,10,,#0000FF,0,79.0487152447376,3
image_74.png,5,False,56.36884889482523,49.19009256455063,20,#0000FF,Quadrant 1,1,1,10,,#0000FF,0,95.8241680708242,3
image_74.png,5,False,438.33209046694606,281.5812142411131,20,#0000FF,Quadrant 4,2,2,10,,#0000FF,0,81.52740566235855,3
image_74.png,5,False,80.79864338415138,288.42341287060043,20,#0000FF,Quadrant 3,2,1,10,,#0000FF,0,141.0869123148825,3
image_75.png,2,True,128.83906305109224,87.95153128657725,20,#FF0000,Quadrant 1,1,1,82,151,#FF0000,0,178.2617976818527,6
image_75.png,5,False,497.33295639499966,119.85592299258333,20,#0000FF,Quadrant 2,1,2,82,,#0000FF,0,229.2837165570059,6
image_75.png,5,False,138.51931099394304,354.141762560443,20,#0000FF,Quadrant 3,2,1,82,,#0000FF,0,1.1184733653613987,6
image_75.png,5,False,520.233527029815,333.26916905284236,20,#0000FF,Quadrant 4,2,2,82,,#0000FF,0,223.96260598028448,6
image_75.png,5,False,128.29024349236863,268.58525924573723,20,#0000FF,Quadrant 3,2,1,82,,#0000FF,0,247.65693132507064,6
image_75.png,5,False,239.85501294590452,183.0717687428975,20,#0000FF,Quadrant 1,1,1,82,,#0000FF,0,59.992363359361775,6
image_75.png,5,False,469.895620174705,172.7547236552273,20,#0000FF,Quadrant 2,1,2,82,,#0000FF,0,346.407490108792,6
image_75.png,5,False,682.341518460068,344.1153452627162,20,#0000FF,Quadrant 4,2,2,82,,#0000FF,0,7.497665166150154,6
image_75.png,5,False,534.8196582926719,14.679404769345728,20,#0000FF,Quadrant 2,1,2,82,,#0000FF,0,61.46104041124176,6
image_75.png,5,False,337.46898049709534,11.380446706564499,20,#0000FF,Quadrant 1,1,1,82,,#0000FF,0,126.7717122214656,6
image_75.png,5,False,357.6679184084606,296.38715694403913,20,#0000FF,Quadrant 4,2,2,82,,#0000FF,0,82.18356154186208,6
image_75.png,5,False,79.89480753891885,314.87140958218635,20,#0000FF,Quadrant 3,2,1,82,,#0000FF,0,279.0923589006635,6
image_75.png,5,False,349.0660147092308,143.59523530410078,20,#0000FF,Quadrant 1,1,1,82,,#0000FF,0,120.84384652183864,6
image_75.png,5,False,468.0884712874434,106.83692759052937,20,#0000FF,Quadrant 2,1,2,82,,#0000FF,0,196.45742634417283,6
image_75.png,5,False,581.3193906617132,124.82866441040784,20,#0000FF,Quadrant 2,1,2,82,,#0000FF,0,165.15027437271158,6
image_75.png,5,False,367.7855973292038,261.96819496102205,20,#0000FF,Quadrant 4,2,2,82,,#0000FF,0,120.14599323938837,6
image_75.png,5,False,592.3073158298977,194.08612935709718,20,#0000FF,Quadrant 2,1,2,82,,#0000FF,0,311.4459869621698,6
image_75.png,5,False,293.7097546604793,94.25661806196489,20,#0000FF,Quadrant 1,1,1,82,,#0000FF,0,53.24413949481751,6
image_75.png,5,False,257.1069450676918,22.681967097304955,20,#0000FF,Quadrant 1,1,1,82,,#0000FF,0,357.87134297928156,6
image_75.png,5,False,72.5097744208366,359.0046626695979,20,#0000FF,Quadrant 3,2,1,82,,#0000FF,0,74.27070757725417,6
image_75.png,5,False,85.36491261569527,114.54322962135404,20,#0000FF,Quadrant 1,1,1,82,,#0000FF,0,136.00017331498972,6
image_75.png,5,False,386.4474136722351,355.8835906671271,20,#0000FF,Quadrant 4,2,2,82,,#0000FF,0,225.6810146895688,6
image_75.png,5,False,614.6279668885383,77.13194982921274,20,#0000FF,Quadrant 2,1,2,82,,#0000FF,0,355.43939966701123,6
image_75.png,5,False,251.3542438285685,136.1919633731835,20,#0000FF,Quadrant 1,1,1,82,,#0000FF,0,327.7178407047979,6
image_75.png,5,False,662.2886185484172,115.42141557428394,20,#0000FF,Quadrant 2,1,2,82,,#0000FF,0,212.09322206844345,6
image_75.png,5,False,410.28709720323644,276.29386998532516,20,#0000FF,Quadrant 4,2,2,82,,#0000FF,0,68.60615920123449,6
image_75.png,5,False,557.0501146757797,142.16517389579434,20,#0000FF,Quadrant 2,1,2,82,,#0000FF,0,203.99847498934784,6
image_75.png,5,False,16.742731509810024,361.49408554381944,20,#0000FF,Quadrant 3,2,1,82,,#0000FF,0,39.66860792792708,6
image_75.png,5,False,480.155993957124,208.76437200160186,20,#0000FF,Quadrant 4,2,2,82,,#0000FF,0,52.96719199325357,6
image_75.png,5,False,395.55904499975367,72.46537899060573,20,#0000FF,Quadrant 2,1,2,82,,#0000FF,0,104.32143944923762,6
image_75.png,5,False,55.520763256042514,122.4067037544692,20,#0000FF,Quadrant 1,1,1,82,,#0000FF,0,175.2569271905242,6
image_75.png,5,False,160.73713313787366,323.0278871668955,20,#0000FF,Quadrant 3,2,1,82,,#0000FF,0,163.38894557016425,6
image_75.png,5,False,585.7018254134218,29.862973429574435,20,#0000FF,Quadrant 2,1,2,82,,#0000FF,0,126.81198744245759,6
image_75.png,5,False,616.4395242197063,307.8295269810109,20,#0000FF,Quadrant 4,2,2,82,,#0000FF,0,49.57876239775538,6
image_75.png,5,False,671.423237515703,222.96316536220897,20,#0000FF,Quadrant 4,2,2,82,,#0000FF,0,180.7175651156705,6
image_75.png,5,False,502.39280134805193,64.91952889007021,20,#0000FF,Quadrant 2,1,2,82,,#0000FF,0,343.3266916197631,6
image_75.png,5,False,308.68299005344437,358.1022185125305,20,#0000FF,Quadrant 3,2,1,82,,#0000FF,0,263.89912836865983,6
image_75.png,5,False,633.9681863458272,348.5667161252843,20,#0000FF,Quadrant 4,2,2,82,,#0000FF,0,143.68089696829355,6
image_75.png,5,False,422.35972830725433,76.50814435748067,20,#0000FF,Quadrant 2,1,2,82,,#0000FF,0,331.2698864097011,6
image_75.png,5,False,539.9179870371527,105.50772836276221,20,#0000FF,Quadrant 2,1,2,82,,#0000FF,0,50.103489205208604,6
image_75.png,5,False,148.47146793031615,126.2885243770183,20,#0000FF,Quadrant 1,1,1,82,,#0000FF,0,149.87242936746892,6
image_75.png,5,False,649.7847490229582,185.31635678055878,20,#0000FF,Quadrant 2,1,2,82,,#0000FF,0,107.04029265045695,6
image_75.png,5,False,550.0775501319013,326.1961869831792,20,#0000FF,Quadrant 4,2,2,82,,#0000FF,0,66.01398211231633,6
image_75.png,5,False,483.0774997247783,146.15729879623066,20,#0000FF,Quadrant 2,1,2,82,,#0000FF,0,181.373462502336,6
image_75.png,5,False,332.45471294021905,374.42693636624335,20,#0000FF,Quadrant 3,2,1,82,,#0000FF,0,127.50978495151475,6
image_75.png,5,False,639.7526628754167,20.987561478703306,20,#0000FF,Quadrant 2,1,2,82,,#0000FF,0,166.06223352225314,6
image_75.png,5,False,71.92757220406158,64.14135340265057,20,#0000FF,Quadrant 1,1,1,82,,#0000FF,0,276.0370930398308,6
image_75.png,5,False,552.9895015447054,230.36187417517726,20,#0000FF,Quadrant 4,2,2,82,,#0000FF,0,326.465561902973,6
image_75.png,5,False,438.7930324100905,351.1668923779368,20,#0000FF,Quadrant 4,2,2,82,,#0000FF,0,134.32001475854923,6
image_75.png,5,False,47.886321808590964,330.4505753697844,20,#0000FF,Quadrant 3,2,1,82,,#0000FF,0,316.00988466742297,6
image_75.png,5,False,367.9077050916261,328.21685851024745,20,#0000FF,Quadrant 4,2,2,82,,#0000FF,0,274.67838641232186,6
image_75.png,5,False,197.15046805737282,383.7735916350381,20,#0000FF,Quadrant 3,2,1,82,,#0000FF,0,30.47727331287703,6
image_75.png,5,False,420.5000425361689,321.6933705198621,20,#0000FF,Quadrant 4,2,2,82,,#0000FF,0,38.5376098756048,6
image_75.png,5,False,486.8185097446362,337.7107390389359,20,#0000FF,Quadrant 4,2,2,82,,#0000FF,0,203.5596240559849,6
image_75.png,5,False,413.80144762002345,204.0902892908407,20,#0000FF,Quadrant 4,2,2,82,,#0000FF,0,43.719365198688614,6
image_75.png,5,False,677.4548602272935,62.56023957207403,20,#0000FF,Quadrant 2,1,2,82,,#0000FF,0,202.33773102278025,6
image_75.png,5,False,451.73134038749464,69.50513714356164,20,#0000FF,Quadrant 2,1,2,82,,#0000FF,0,322.2188428286096,6
image_75.png,5,False,506.48886695154226,365.00879681437016,20,#0000FF,Quadrant 4,2,2,82,,#0000FF,0,226.16620653808636,6
image_75.png,5,False,116.43221667417707,343.6018458586261,20,#0000FF,Quadrant 3,2,1,82,,#0000FF,0,24.17114228019754,6
image_75.png,5,False,181.3249932211513,50.163455375094905,20,#0000FF,Quadrant 1,1,1,82,,#0000FF,0,187.1361219500818,6
image_75.png,5,False,217.64746942922474,193.84598142995824,20,#0000FF,Quadrant 1,1,1,82,,#0000FF,0,333.3759993601747,6
image_75.png,5,False,433.19167938403626,176.9910835684884,20,#0000FF,Quadrant 2,1,2,82,,#0000FF,0,93.697749196046,6
image_75.png,5,False,95.88240957179437,66.28112821640468,20,#0000FF,Quadrant 1,1,1,82,,#0000FF,0,236.93735526634057,6
image_75.png,5,False,108.62178135649127,292.4582293817543,20,#0000FF,Quadrant 3,2,1,82,,#0000FF,0,7.79683609702309,6
image_75.png,5,False,342.04139426972665,120.4117347175511,20,#0000FF,Quadrant 1,1,1,82,,#0000FF,0,72.12637462777661,6
image_75.png,5,False,416.6582578320227,149.85429600172094,20,#0000FF,Quadrant 2,1,2,82,,#0000FF,0,36.00708682293376,6
image_75.png,5,False,276.83052353324524,313.34526400694955,20,#0000FF,Quadrant 3,2,1,82,,#0000FF,0,99.06528548023192,6
image_75.png,5,False,571.4970939435802,67.00694835612855,20,#0000FF,Quadrant 2,1,2,82,,#0000FF,0,167.02693127157335,6
image_75.png,5,False,93.76715676292815,158.20431243006453,20,#0000FF,Quadrant 1,1,1,82,,#0000FF,0,102.03199926428212,6
image_75.png,5,False,34.48356082648105,256.85963938860243,20,#0000FF,Quadrant 3,2,1,82,,#0000FF,0,208.99370662118616,6
image_75.png,5,False,17.283722619923083,70.8428918661819,20,#0000FF,Quadrant 1,1,1,82,,#0000FF,0,165.00606342915782,6
image_75.png,5,False,372.763342716844,204.93106858227742,20,#0000FF,Quadrant 4,2,2,82,,#0000FF,0,324.9181885588233,6
image_75.png,5,False,327.58292150319085,335.5749542368309,20,#0000FF,Quadrant 3,2,1,82,,#0000FF,0,202.73319484401333,6
image_75.png,5,False,551.8380867722378,259.8918111809156,20,#0000FF,Quadrant 4,2,2,82,,#0000FF,0,50.41414693148767,6
image_75.png,5,False,189.6067261708657,274.75657068566204,20,#0000FF,Quadrant 3,2,1,82,,#0000FF,0,237.20583609607968,6
image_75.png,5,False,411.119331239444,231.93843884323206,20,#0000FF,Quadrant 4,2,2,82,,#0000FF,0,211.98675590656737,6
image_75.png,5,False,57.55571030792722,22.159257099537424,20,#0000FF,Quadrant 1,1,1,82,,#0000FF,0,298.75905651866333,6
image_75.png,5,False,542.7311464480662,357.72740483984785,20,#0000FF,Quadrant 4,2,2,82,,#0000FF,0,83.35244531391723,6
image_75.png,5,False,275.6335059535187,378.9148569314273,20,#0000FF,Quadrant 3,2,1,82,,#0000FF,0,262.13873744972216,6
image_75.png,5,False,527.7051750884614,177.89775510539886,20,#0000FF,Quadrant 2,1,2,82,,#0000FF,0,13.47057897484798,6
image_75.png,5,False,445.9616042988604,22.135673441754424,20,#0000FF,Quadrant 2,1,2,82,,#0000FF,0,134.75596083962904,6
image_75.png,5,False,85.1784335406275,180.91464049178168,20,#0000FF,Quadrant 1,1,1,82,,#0000FF,0,62.66420599533109,6
image_75.png,5,False,450.1656880329116,221.3449871800811,20,#0000FF,Quadrant 4,2,2,82,,#0000FF,0,47.957991033744136,6
image_76.png,2,True,478.726975635555,96.23769192435483,20,#FF0000,Quadrant 2,1,2,7,151,#FF0000,0,176.79708687592554,2
image_76.png,5,False,310.06941287766546,210.78413167356024,20,#0000FF,Quadrant 3,2,1,7,,#0000FF,0,267.17540635431,2
image_76.png,5,False,70.26660762036127,20.163874416095897,20,#0000FF,Quadrant 1,1,1,7,,#0000FF,0,284.40151832421486,2
image_76.png,5,False,14.607800794672418,303.71778378065187,20,#0000FF,Quadrant 3,2,1,7,,#0000FF,0,50.60253353107545,2
image_76.png,5,False,606.634407703459,139.78887589309394,20,#0000FF,Quadrant 2,1,2,7,,#0000FF,0,204.5862102267824,2
image_76.png,5,False,670.8853502174546,286.29117125841856,20,#0000FF,Quadrant 4,2,2,7,,#0000FF,0,245.65003412061748,2
image_76.png,5,False,142.00432464126942,89.42546678781423,20,#0000FF,Quadrant 1,1,1,7,,#0000FF,0,190.13562126921988,2
image_76.png,5,False,356.0858465254386,145.7514028086141,20,#0000FF,Quadrant 2,1,2,7,,#0000FF,0,297.92726613986366,2
image_77.png,2,True,313.3869851123958,247.42792485783013,20,#FF0000,Quadrant 3,2,1,41,151,#FF0000,0,288.5745202316022,5
image_77.png,5,False,403.14601933092683,59.07872110413325,20,#0000FF,Quadrant 2,1,2,41,,#0000FF,0,314.63168461257476,5
image_77.png,5,False,80.52905973234803,199.5132279929279,20,#0000FF,Quadrant 1,1,1,41,,#0000FF,0,186.20887210489596,5
image_77.png,5,False,383.430697776405,19.521056806147232,20,#0000FF,Quadrant 2,1,2,41,,#0000FF,0,18.53244316977446,5
image_77.png,5,False,210.73867483024537,324.0401333795662,20,#0000FF,Quadrant 3,2,1,41,,#0000FF,0,295.6780098276012,5
image_77.png,5,False,257.59667912736154,340.7832782672116,20,#0000FF,Quadrant 3,2,1,41,,#0000FF,0,140.55350760503404,5
image_77.png,5,False,209.47953785599344,213.01220020267755,20,#0000FF,Quadrant 3,2,1,41,,#0000FF,0,56.830687437365434,5
image_77.png,5,False,367.73647101980765,242.05150093896512,20,#0000FF,Quadrant 4,2,2,41,,#0000FF,0,86.90342416726257,5
image_77.png,5,False,437.2463470848695,217.3659319107366,20,#0000FF,Quadrant 4,2,2,41,,#0000FF,0,112.40615594177747,5
image_77.png,5,False,412.5302606113577,365.1583628414119,20,#0000FF,Quadrant 4,2,2,41,,#0000FF,0,321.05101555522384,5
image_77.png,5,False,461.0768486831699,23.199846266069265,20,#0000FF,Quadrant 2,1,2,41,,#0000FF,0,354.5762146614425,5
image_77.png,5,False,149.15225597842715,346.67459584079813,20,#0000FF,Quadrant 3,2,1,41,,#0000FF,0,151.70605103609856,5
image_77.png,5,False,151.71674903439865,319.7361790046384,20,#0000FF,Quadrant 3,2,1,41,,#0000FF,0,21.381108836411705,5
image_77.png,5,False,532.8105430456891,355.85678614665665,20,#0000FF,Quadrant 4,2,2,41,,#0000FF,0,118.65930119680412,5
image_77.png,5,False,351.0594736951313,315.54026352124725,20,#0000FF,Quadrant 3,2,1,41,,#0000FF,0,22.438261544869754,5
image_77.png,5,False,431.29117875866274,326.6313064499725,20,#0000FF,Quadrant 4,2,2,41,,#0000FF,0,202.98823152152144,5
image_77.png,5,False,249.28759945890016,37.74845022756711,20,#0000FF,Quadrant 1,1,1,41,,#0000FF,0,290.69549838252624,5
image_77.png,5,False,340.8735531584014,59.93760979363451,20,#0000FF,Quadrant 1,1,1,41,,#0000FF,0,319.50670807445863,5
image_77.png,5,False,252.3275436111854,191.5299989185641,20,#0000FF,Quadrant 1,1,1,41,,#0000FF,0,81.08821477086326,5
image_77.png,5,False,614.8739127616572,97.09144176621398,20,#0000FF,Quadrant 2,1,2,41,,#0000FF,0,281.35506172433537,5
image_77.png,5,False,29.157781615998708,306.5289279870337,20,#0000FF,Quadrant 3,2,1,41,,#0000FF,0,335.2487523848441,5
image_77.png,5,False,430.0076989884889,154.40881126950515,20,#0000FF,Quadrant 2,1,2,41,,#0000FF,0,70.62274182071468,5
image_77.png,5,False,23.467361388129845,193.26152211210933,20,#0000FF,Quadrant 1,1,1,41,,#0000FF,0,246.09422404805184,5
image_77.png,5,False,435.18505604540036,352.5423878803393,20,#0000FF,Quadrant 4,2,2,41,,#0000FF,0,42.47732045481219,5
image_77.png,5,False,74.38166846750259,14.798767804008602,20,#0000FF,Quadrant 1,1,1,41,,#0000FF,0,85.74127497920416,5
image_77.png,5,False,529.520084865861,316.32384201751915,20,#0000FF,Quadrant 4,2,2,41,,#0000FF,0,148.70357415893113,5
image_77.png,5,False,183.19653415602806,32.50202199041255,20,#0000FF,Quadrant 1,1,1,41,,#0000FF,0,314.3720914359217,5
image_77.png,5,False,313.1650031986006,117.8212794998731,20,#0000FF,Quadrant 1,1,1,41,,#0000FF,0,20.395651799572395,5
image_77.png,5,False,100.37449238165708,161.37545003704065,20,#0000FF,Quadrant 1,1,1,41,,#0000FF,0,359.31197125664784,5
image_77.png,5,False,152.83820226048115,277.5864603363919,20,#0000FF,Quadrant 3,2,1,41,,#0000FF,0,337.81325128460395,5
image_77.png,5,False,629.474080909077,335.6113394891366,20,#0000FF,Quadrant 4,2,2,41,,#0000FF,0,292.8329408802464,5
image_77.png,5,False,219.57333216550342,149.70091392784397,20,#0000FF,Quadrant 1,1,1,41,,#0000FF,0,159.67506152933976,5
image_77.png,5,False,249.8318268835029,166.2951974770399,20,#0000FF,Quadrant 1,1,1,41,,#0000FF,0,37.57614180027777,5
image_77.png,5,False,590.7420672656712,207.9360903735651,20,#0000FF,Quadrant 4,2,2,41,,#0000FF,0,328.33771653002003,5
image_77.png,5,False,553.8906987146385,24.55798151828249,20,#0000FF,Quadrant 2,1,2,41,,#0000FF,0,260.9678725443534,5
image_77.png,5,False,314.3511354385813,299.86456884087926,20,#0000FF,Quadrant 3,2,1,41,,#0000FF,0,84.63788786085767,5
image_77.png,5,False,416.2974681384691,124.55605628098249,20,#0000FF,Quadrant 2,1,2,41,,#0000FF,0,97.30748608759221,5
image_77.png,5,False,52.14710855703589,334.0290619022,20,#0000FF,Quadrant 3,2,1,41,,#0000FF,0,347.43473075641384,5
image_77.png,5,False,23.986601184684517,155.61833233686318,20,#0000FF,Quadrant 1,1,1,41,,#0000FF,0,138.21705354995058,5
image_77.png,5,False,165.64498304387962,154.38559776330982,20,#0000FF,Quadrant 1,1,1,41,,#0000FF,0,159.84710466853974,5
image_77.png,5,False,530.835392858041,138.0905162303157,20,#0000FF,Quadrant 2,1,2,41,,#0000FF,0,327.6194409962456,5
image_77.png,5,False,191.88505745871288,295.7543424768922,20,#0000FF,Quadrant 3,2,1,41,,#0000FF,0,298.1367236873645,5
image_78.png,2,True,582.3459845128248,175.08073184825915,20,#FF0000,Quadrant 2,1,2,5,151,#FF0000,0,122.73997859122646,2
image_78.png,5,False,513.4368064536325,288.9866765618881,20,#0000FF,Quadrant 4,2,2,5,,#0000FF,0,153.91770811185657,2
image_78.png,5,False,86.24583105906599,157.70579274024826,20,#0000FF,Quadrant 1,1,1,5,,#0000FF,0,20.56269355612107,2
image_78.png,5,False,478.1210026668856,335.51832707641165,20,#0000FF,Quadrant 4,2,2,5,,#0000FF,0,259.6669290638728,2
image_78.png,5,False,330.3532479183549,227.4437650581094,20,#0000FF,Quadrant 3,2,1,5,,#0000FF,0,337.67138654376635,2
image_78.png,5,False,368.53096136606774,72.44347269084523,20,#0000FF,Quadrant 2,1,2,5,,#0000FF,0,204.58909956249926,2
image_79.png,2,True,648.0915247286732,60.847885467971565,20,#FF0000,Quadrant 2,1,2,31,151,#FF0000,0,268.4281933109515,4
image_79.png,5,False,561.9167684786805,370.46561367601515,20,#0000FF,Quadrant 4,2,2,31,,#0000FF,0,5.466028906792717,4
image_79.png,5,False,183.20357190409828,216.18012228475376,20,#0000FF,Quadrant 3,2,1,31,,#0000FF,0,30.79327225364888,4
image_79.png,5,False,282.8802294105267,243.6768602257521,20,#0000FF,Quadrant 3,2,1,31,,#0000FF,0,121.51164714686382,4
image_79.png,5,False,465.20943109395836,306.7571367237401,20,#0000FF,Quadrant 4,2,2,31,,#0000FF,0,130.2101520951766,4
image_79.png,5,False,429.91143218056595,57.98782405261969,20,#0000FF,Quadrant 2,1,2,31,,#0000FF,0,291.69341890337324,4
image_79.png,5,False,232.16169072690496,110.98763184539995,20,#0000FF,Quadrant 1,1,1,31,,#0000FF,0,204.6387871941889,4
image_79.png,5,False,329.81702104133916,177.28570761794688,20,#0000FF,Quadrant 1,1,1,31,,#0000FF,0,64.36238258906545,4
image_79.png,5,False,676.4951045748635,192.5185899515963,20,#0000FF,Quadrant 2,1,2,31,,#0000FF,0,167.91822026164346,4
image_79.png,5,False,161.0934824834235,33.145067997854774,20,#0000FF,Quadrant 1,1,1,31,,#0000FF,0,303.9571189908611,4
image_79.png,5,False,201.47106742161142,241.70418130194616,20,#0000FF,Quadrant 3,2,1,31,,#0000FF,0,337.98033288595735,4
image_79.png,5,False,55.12596316980437,78.9658779019611,20,#0000FF,Quadrant 1,1,1,31,,#0000FF,0,113.04955231536613,4
image_79.png,5,False,201.2634520294041,339.5029305002327,20,#0000FF,Quadrant 3,2,1,31,,#0000FF,0,275.75165870208184,4
image_79.png,5,False,45.16039555751771,54.260800789588046,20,#0000FF,Quadrant 1,1,1,31,,#0000FF,0,222.4617495846162,4
image_79.png,5,False,482.58011356092624,336.2955649229642,20,#0000FF,Quadrant 4,2,2,31,,#0000FF,0,13.860640125959911,4
image_79.png,5,False,39.90739938838716,282.1612093908043,20,#0000FF,Quadrant 3,2,1,31,,#0000FF,0,208.76065756559666,4
image_79.png,5,False,503.3246494342991,108.92269550753176,20,#0000FF,Quadrant 2,1,2,31,,#0000FF,0,21.89263241450014,4
image_79.png,5,False,505.9219957502267,238.01880108353055,20,#0000FF,Quadrant 4,2,2,31,,#0000FF,0,127.20061506747369,4
image_79.png,5,False,64.38312935292899,178.76119457768655,20,#0000FF,Quadrant 1,1,1,31,,#0000FF,0,125.90267419292668,4
image_79.png,5,False,174.27833202917037,134.1482594132297,20,#0000FF,Quadrant 1,1,1,31,,#0000FF,0,183.97278627665398,4
image_79.png,5,False,577.835437880607,168.2365353926019,20,#0000FF,Quadrant 2,1,2,31,,#0000FF,0,133.6893702930929,4
image_79.png,5,False,614.4628122824814,65.08404427271006,20,#0000FF,Quadrant 2,1,2,31,,#0000FF,0,231.07932980009252,4
image_79.png,5,False,554.0453142168947,137.6246267302882,20,#0000FF,Quadrant 2,1,2,31,,#0000FF,0,117.55459501227755,4
image_79.png,5,False,460.2129883481491,188.91894306434142,20,#0000FF,Quadrant 2,1,2,31,,#0000FF,0,146.9295186032444,4
image_79.png,5,False,651.9825664638994,355.6878653130231,20,#0000FF,Quadrant 4,2,2,31,,#0000FF,0,16.05980772312092,4
image_79.png,5,False,430.62728254280586,316.4369327899365,20,#0000FF,Quadrant 4,2,2,31,,#0000FF,0,9.19270305516983,4
image_79.png,5,False,549.0220145826631,203.09289832525388,20,#0000FF,Quadrant 4,2,2,31,,#0000FF,0,183.88661129531613,4
image_79.png,5,False,698.4985667340987,40.65219952954198,20,#0000FF,Quadrant 2,1,2,31,,#0000FF,0,137.1922787617166,4
image_79.png,5,False,655.5718123146004,95.89162079782857,20,#0000FF,Quadrant 2,1,2,31,,#0000FF,0,27.83211875785183,4
image_79.png,5,False,406.78864130596435,218.23208543236234,20,#0000FF,Quadrant 4,2,2,31,,#0000FF,0,181.25851928601165,4
image_79.png,5,False,516.0684603343605,331.3909401749469,20,#0000FF,Quadrant 4,2,2,31,,#0000FF,0,150.50884242376873,4
image_79.png,5,False,314.86099825330984,112.75106844096567,20,#0000FF,Quadrant 1,1,1,31,,#0000FF,0,188.80130549759386,4
image_80.png,2,True,237.4636226779038,313.0242505086154,20,#FF0000,Quadrant 3,2,1,51,151,#FF0000,0,327.9850277889552,5
image_80.png,5,False,170.08369376555672,130.00059019636487,20,#0000FF,Quadrant 1,1,1,51,,#0000FF,0,351.8909133248581,5
image_80.png,5,False,488.52738859564823,179.21282976119045,20,#0000FF,Quadrant 2,1,2,51,,#0000FF,0,350.0628665205098,5
image_80.png,5,False,293.43888563168133,41.122847058252844,20,#0000FF,Quadrant 1,1,1,51,,#0000FF,0,344.7390752798441,5
image_80.png,5,False,63.66975642877717,147.94826445697777,20,#0000FF,Quadrant 1,1,1,51,,#0000FF,0,201.764566466448,5
image_80.png,5,False,169.71103605880558,308.2229655707284,20,#0000FF,Quadrant 3,2,1,51,,#0000FF,0,174.295627011945,5
image_80.png,5,False,581.368740950928,383.98959904429546,20,#0000FF,Quadrant 4,2,2,51,,#0000FF,0,82.7147892487288,5
image_80.png,5,False,179.76636779288094,354.70244869648957,20,#0000FF,Quadrant 3,2,1,51,,#0000FF,0,333.2581012959907,5
image_80.png,5,False,469.8069278313112,239.89626109887243,20,#0000FF,Quadrant 4,2,2,51,,#0000FF,0,242.6778457351917,5
image_80.png,5,False,246.34297209410929,55.59040049321391,20,#0000FF,Quadrant 1,1,1,51,,#0000FF,0,286.5081416314741,5
image_80.png,5,False,358.962871301604,67.09466135302515,20,#0000FF,Quadrant 2,1,2,51,,#0000FF,0,147.06100457584952,5
image_80.png,5,False,618.3130152549772,85.88339398914421,20,#0000FF,Quadrant 2,1,2,51,,#0000FF,0,177.91208436896437,5
image_80.png,5,False,323.8536410010452,74.03941660864787,20,#0000FF,Quadrant 1,1,1,51,,#0000FF,0,64.76965573062037,5
image_80.png,5,False,538.4360850386677,279.90234854509913,20,#0000FF,Quadrant 4,2,2,51,,#0000FF,0,150.70521693539175,5
image_80.png,5,False,80.58581006592645,339.6554244524285,20,#0000FF,Quadrant 3,2,1,51,,#0000FF,0,169.1496967332619,5
image_80.png,5,False,27.48877851249339,74.10167098190527,20,#0000FF,Quadrant 1,1,1,51,,#0000FF,0,300.18908169352375,5
image_80.png,5,False,365.764096515479,211.0790597739778,20,#0000FF,Quadrant 4,2,2,51,,#0000FF,0,26.285294649422077,5
image_80.png,5,False,579.2290372100907,138.2501020400128,20,#0000FF,Quadrant 2,1,2,51,,#0000FF,0,121.2509855857005,5
image_80.png,5,False,85.25476432560677,283.9838829569507,20,#0000FF,Quadrant 3,2,1,51,,#0000FF,0,219.15267871310303,5
image_80.png,5,False,645.3786355895237,370.0694030797663,20,#0000FF,Quadrant 4,2,2,51,,#0000FF,0,26.550915434579775,5
image_80.png,5,False,445.6432462549232,290.9836472537828,20,#0000FF,Quadrant 4,2,2,51,,#0000FF,0,327.8427209496118,5
image_80.png,5,False,509.6344437803587,233.8529736576767,20,#0000FF,Quadrant 4,2,2,51,,#0000FF,0,264.0395285639337,5
image_80.png,5,False,419.61026304098306,265.736880432628,20,#0000FF,Quadrant 4,2,2,51,,#0000FF,0,2.8021482652364593,5
image_80.png,5,False,231.78100743283682,77.80101508107927,20,#0000FF,Quadrant 1,1,1,51,,#0000FF,0,163.26977593134976,5
image_80.png,5,False,203.4374151672811,303.19638923278205,20,#0000FF,Quadrant 3,2,1,51,,#0000FF,0,260.1119468488478,5
image_80.png,5,False,350.8791985737514,29.25284404487643,20,#0000FF,Quadrant 1,1,1,51,,#0000FF,0,83.61487617377543,5
image_80.png,5,False,207.54221102155185,156.17760813551092,20,#0000FF,Quadrant 1,1,1,51,,#0000FF,0,334.09568513637953,5
image_80.png,5,False,667.9709172894242,26.851214242630814,20,#0000FF,Quadrant 2,1,2,51,,#0000FF,0,272.6280771511025,5
image_80.png,5,False,618.962690402288,287.31228580800666,20,#0000FF,Quadrant 4,2,2,51,,#0000FF,0,340.21895724881637,5
image_80.png,5,False,202.71854032777213,343.4826549787111,20,#0000FF,Quadrant 3,2,1,51,,#0000FF,0,154.9935548520728,5
image_80.png,5,False,346.2920148626986,95.53341120974704,20,#0000FF,Quadrant 1,1,1,51,,#0000FF,0,103.62353845376862,5
image_80.png,5,False,658.1121612808893,109.06416772133487,20,#0000FF,Quadrant 2,1,2,51,,#0000FF,0,60.95547783264794,5
image_80.png,5,False,84.11630335443778,98.57299378448651,20,#0000FF,Quadrant 1,1,1,51,,#0000FF,0,218.22126590645885,5
image_80.png,5,False,77.12747192766444,219.71778155164878,20,#0000FF,Quadrant 3,2,1,51,,#0000FF,0,100.30633487374426,5
image_80.png,5,False,127.33931659791043,237.19200197726943,20,#0000FF,Quadrant 3,2,1,51,,#0000FF,0,183.1313415747233,5
image_80.png,5,False,624.6540158088706,214.33221821501087,20,#0000FF,Quadrant 4,2,2,51,,#0000FF,0,14.308214377972543,5
image_80.png,5,False,347.4841015159755,321.86652272748813,20,#0000FF,Quadrant 3,2,1,51,,#0000FF,0,70.24775953888472,5
image_80.png,5,False,205.1860530369304,369.29855425581655,20,#0000FF,Quadrant 3,2,1,51,,#0000FF,0,133.03460116036783,5
image_80.png,5,False,643.4986879268635,281.74284366510653,20,#0000FF,Quadrant 4,2,2,51,,#0000FF,0,163.38577588035886,5
image_80.png,5,False,70.84917864682072,62.7172177537024,20,#0000FF,Quadrant 1,1,1,51,,#0000FF,0,177.57199805006647,5
image_80.png,5,False,471.74503097864056,377.070159045656,20,#0000FF,Quadrant 4,2,2,51,,#0000FF,0,100.24315166017522,5
image_80.png,5,False,523.8072218417947,95.0829911600253,20,#0000FF,Quadrant 2,1,2,51,,#0000FF,0,289.31078932035075,5
image_80.png,5,False,118.98503467712148,137.75744802034524,20,#0000FF,Quadrant 1,1,1,51,,#0000FF,0,26.76611868859572,5
image_80.png,5,False,484.9889891363981,348.27900842985457,20,#0000FF,Quadrant 4,2,2,51,,#0000FF,0,26.671861517813234,5
image_80.png,5,False,442.3696687113741,369.79100197434366,20,#0000FF,Quadrant 4,2,2,51,,#0000FF,0,301.5486141735797,5
image_80.png,5,False,180.43456003298343,232.63779506241545,20,#0000FF,Quadrant 3,2,1,51,,#0000FF,0,225.82261743299225,5
image_80.png,5,False,162.72438091737413,84.96639858393463,20,#0000FF,Quadrant 1,1,1,51,,#0000FF,0,313.96133586420456,5
image_80.png,5,False,101.80463866752962,250.94408985284394,20,#0000FF,Quadrant 3,2,1,51,,#0000FF,0,178.82150517207296,5
image_80.png,5,False,366.73499100343156,284.4012015260054,20,#0000FF,Quadrant 4,2,2,51,,#0000FF,0,31.93621503040039,5
image_80.png,5,False,310.2456403847263,196.48125541824584,20,#0000FF,Quadrant 1,1,1,51,,#0000FF,0,77.10806698464731,5
image_80.png,5,False,500.18346151501873,25.671211883904256,20,#0000FF,Quadrant 2,1,2,51,,#0000FF,0,220.0381874671348,5
image_80.png,5,False,251.2569012763841,211.51430994513393,20,#0000FF,Quadrant 3,2,1,51,,#0000FF,0,84.49768326861609,5
image_81.png,2,True,613.9019213115265,263.4948531042983,20,#FF0000,Quadrant 4,2,2,7,151,#FF0000,0,302.6490664741516,2
image_81.png,5,False,445.08894629204815,236.98431659485647,20,#0000FF,Quadrant 4,2,2,7,,#0000FF,0,176.47991125902996,2
image_81.png,5,False,214.54246466242813,93.75573973711491,20,#0000FF,Quadrant 1,1,1,7,,#0000FF,0,195.6287933375333,2
image_81.png,5,False,628.9078759489073,299.7680418386204,20,#0000FF,Quadrant 4,2,2,7,,#0000FF,0,346.65082243921063,2
image_81.png,5,False,319.1021366432202,104.51578551824447,20,#0000FF,Quadrant 1,1,1,7,,#0000FF,0,151.05384967454054,2
image_81.png,5,False,132.39796937408337,372.4872693013135,20,#0000FF,Quadrant 3,2,1,7,,#0000FF,0,152.95150221656934,2
image_81.png,5,False,250.4816384778272,161.4777591110878,20,#0000FF,Quadrant 1,1,1,7,,#0000FF,0,237.82062948400574,2
image_81.png,5,False,618.8161278091071,328.56567305464034,20,#0000FF,Quadrant 4,2,2,7,,#0000FF,0,46.10083161685943,2
image_82.png,2,True,30.955195065222128,112.27522116773008,20,#FF0000,Quadrant 1,1,1,30,151,#FF0000,0,247.39989522508986,4
image_82.png,5,False,597.3309725922973,165.60420041519126,20,#0000FF,Quadrant 2,1,2,30,,#0000FF,0,77.43822247037156,4
image_82.png,5,False,233.67929987792684,266.1458597783725,20,#0000FF,Quadrant 3,2,1,30,,#0000FF,0,202.4126317936742,4
image_82.png,5,False,568.42204452682,171.72532809302848,20,#0000FF,Quadrant 2,1,2,30,,#0000FF,0,148.04247037244008,4
image_82.png,5,False,48.64238922946577,194.52103840749433,20,#0000FF,Quadrant 1,1,1,30,,#0000FF,0,93.85177797416407,4
image_82.png,5,False,449.387406930055,28.247586254902366,20,#0000FF,Quadrant 2,1,2,30,,#0000FF,0,78.82135035353122,4
image_82.png,5,False,163.4826217700274,341.9851068180075,20,#0000FF,Quadrant 3,2,1,30,,#0000FF,0,161.14908477315421,4
image_82.png,5,False,548.1113296808481,52.699304553104945,20,#0000FF,Quadrant 2,1,2,30,,#0000FF,0,192.96471531862238,4
image_82.png,5,False,431.80771485084585,59.8433964004765,20,#0000FF,Quadrant 2,1,2,30,,#0000FF,0,348.5720665811705,4
image_82.png,5,False,665.7419300572245,18.98248803103018,20,#0000FF,Quadrant 2,1,2,30,,#0000FF,0,194.31623166182015,4
image_82.png,5,False,548.718699362571,136.98289436714646,20,#0000FF,Quadrant 2,1,2,30,,#0000FF,0,136.50772625573703,4
image_82.png,5,False,156.00927739952016,213.40866651393657,20,#0000FF,Quadrant 3,2,1,30,,#0000FF,0,17.71747519607573,4
image_82.png,5,False,210.9391765004816,72.01077886094991,20,#0000FF,Quadrant 1,1,1,30,,#0000FF,0,258.41538162947,4
image_82.png,5,False,295.82934775619805,220.01554226279544,20,#0000FF,Quadrant 3,2,1,30,,#0000FF,0,134.59678172574013,4
image_82.png,5,False,20.39857204150894,330.5921816793883,20,#0000FF,Quadrant 3,2,1,30,,#0000FF,0,89.53334911469345,4
image_82.png,5,False,373.7966585281251,200.56674316838635,20,#0000FF,Quadrant 4,2,2,30,,#0000FF,0,271.84385224079983,4
image_82.png,5,False,446.1417418434591,271.09047166617734,20,#0000FF,Quadrant 4,2,2,30,,#0000FF,0,8.727970442189905,4
image_82.png,5,False,527.691705176159,318.3124282685836,20,#0000FF,Quadrant 4,2,2,30,,#0000FF,0,12.16008497837906,4
image_82.png,5,False,287.11739494198633,320.31584516107085,20,#0000FF,Quadrant 3,2,1,30,,#0000FF,0,136.02842506691326,4
image_82.png,5,False,604.9067656957176,39.927236988622774,20,#0000FF,Quadrant 2,1,2,30,,#0000FF,0,315.58379156291124,4
image_82.png,5,False,495.70408788534957,287.93747832636274,20,#0000FF,Quadrant 4,2,2,30,,#0000FF,0,181.62347868055576,4
image_82.png,5,False,522.6872161704548,215.76182649017542,20,#0000FF,Quadrant 4,2,2,30,,#0000FF,0,7.2555041708576695,4
image_82.png,5,False,76.83854867530438,233.33800929494473,20,#0000FF,Quadrant 3,2,1,30,,#0000FF,0,330.8308432598794,4
image_82.png,5,False,583.8840122619382,335.81655649846573,20,#0000FF,Quadrant 4,2,2,30,,#0000FF,0,140.8046039189567,4
image_82.png,5,False,303.9302157686131,292.03670906169174,20,#0000FF,Quadrant 3,2,1,30,,#0000FF,0,282.51783278988023,4
image_82.png,5,False,327.1859851154487,48.67874467293948,20,#0000FF,Quadrant 1,1,1,30,,#0000FF,0,108.77543165279852,4
image_82.png,5,False,408.00261415388314,153.34751397437014,20,#0000FF,Quadrant 2,1,2,30,,#0000FF,0,348.9344599558283,4
image_82.png,5,False,164.13228756326944,164.5930107687159,20,#0000FF,Quadrant 1,1,1,30,,#0000FF,0,154.6324452273731,4
image_82.png,5,False,206.96743702427818,276.68843687736296,20,#0000FF,Quadrant 3,2,1,30,,#0000FF,0,100.28084407751133,4
image_82.png,5,False,274.4793434579628,386.4121952792941,20,#0000FF,Quadrant 3,2,1,30,,#0000FF,0,182.3736617569704,4
image_82.png,5,False,666.5541375936289,299.3007447615845,20,#0000FF,Quadrant 4,2,2,30,,#0000FF,0,261.92068324768735,4
image_83.png,2,True,409.1589674272114,20.40912731139195,20,#FF0000,Quadrant 2,1,2,71,151,#FF0000,0,162.81732708708873,6
image_83.png,5,False,319.0417623654537,191.232787824213,20,#0000FF,Quadrant 1,1,1,71,,#0000FF,0,277.6340851453065,6
image_83.png,5,False,225.01016596740516,65.34553611322741,20,#0000FF,Quadrant 1,1,1,71,,#0000FF,0,39.221442575862106,6
image_83.png,5,False,68.62419885190604,223.01468996687723,20,#0000FF,Quadrant 3,2,1,71,,#0000FF,0,226.76897847126628,6
image_83.png,5,False,660.102269325257,235.30880335337147,20,#0000FF,Quadrant 4,2,2,71,,#0000FF,0,74.76545476420205,6
image_83.png,5,False,288.80140518218684,327.7906097396354,20,#0000FF,Quadrant 3,2,1,71,,#0000FF,0,30.199959955208,6
image_83.png,5,False,589.5188564242006,298.49984457983413,20,#0000FF,Quadrant 4,2,2,71,,#0000FF,0,188.4260408602034,6
image_83.png,5,False,350.9648240629169,166.68254449762384,20,#0000FF,Quadrant 1,1,1,71,,#0000FF,0,21.215864988170946,6
image_83.png,5,False,585.8488379252825,24.80067036677484,20,#0000FF,Quadrant 2,1,2,71,,#0000FF,0,266.584006560092,6
image_83.png,5,False,423.52503222303176,340.39975226004515,20,#0000FF,Quadrant 4,2,2,71,,#0000FF,0,248.03913625711536,6
image_83.png,5,False,155.1554583402062,223.59078958924863,20,#0000FF,Quadrant 3,2,1,71,,#0000FF,0,96.53216249155284,6
image_83.png,5,False,355.3728563164781,373.6816572432165,20,#0000FF,Quadrant 3,2,1,71,,#0000FF,0,175.94167974898176,6
image_83.png,5,False,520.6429591328534,288.10020150826995,20,#0000FF,Quadrant 4,2,2,71,,#0000FF,0,199.7306080841649,6
image_83.png,5,False,304.3086957319608,40.29667980975901,20,#0000FF,Quadrant 1,1,1,71,,#0000FF,0,331.64294092219916,6
image_83.png,5,False,20.387294498698026,207.53694895506075,20,#0000FF,Quadrant 3,2,1,71,,#0000FF,0,45.82169407963167,6
image_83.png,5,False,146.98628453543233,339.7651875122216,20,#0000FF,Quadrant 3,2,1,71,,#0000FF,0,43.731967358521445,6
image_83.png,5,False,621.1114521493133,198.17975125113836,20,#0000FF,Quadrant 2,1,2,71,,#0000FF,0,40.91925244079751,6
image_83.png,5,False,372.4418865716177,63.86911707460519,20,#0000FF,Quadrant 2,1,2,71,,#0000FF,0,225.41936821591335,6
image_83.png,5,False,299.1035195975788,14.499722750275481,20,#0000FF,Quadrant 1,1,1,71,,#0000FF,0,314.7174173366324,6
image_83.png,5,False,697.0678313204653,283.13845166940047,20,#0000FF,Quadrant 4,2,2,71,,#0000FF,0,42.32998011091783,6
image_83.png,5,False,197.79315902284375,132.86196194967613,20,#0000FF,Quadrant 1,1,1,71,,#0000FF,0,316.881429281875,6
image_83.png,5,False,399.465353995577,73.72746422509589,20,#0000FF,Quadrant 2,1,2,71,,#0000FF,0,320.23623357554857,6
image_83.png,5,False,482.9814502661988,314.46358928152864,20,#0000FF,Quadrant 4,2,2,71,,#0000FF,0,104.47084090389643,6
image_83.png,5,False,266.79352924863,239.50772163993477,20,#0000FF,Quadrant 3,2,1,71,,#0000FF,0,342.7183307499508,6
image_83.png,5,False,156.11520395460366,135.806971195609,20,#0000FF,Quadrant 1,1,1,71,,#0000FF,0,169.95961313424155,6
image_83.png,5,False,697.3725249789726,361.7241434988248,20,#0000FF,Quadrant 4,2,2,71,,#0000FF,0,268.835126602999,6
image_83.png,5,False,503.6911050637224,190.12301839673822,20,#0000FF,Quadrant 2,1,2,71,,#0000FF,0,59.12575594169081,6
image_83.png,5,False,134.48656323992094,188.8465189437877,20,#0000FF,Quadrant 1,1,1,71,,#0000FF,0,114.36769030890656,6
image_83.png,5,False,14.860073684588876,276.1536309193144,20,#0000FF,Quadrant 3,2,1,71,,#0000FF,0,357.5917142012075,6
image_83.png,5,False,75.66116522622848,184.34837309368905,20,#0000FF,Quadrant 1,1,1,71,,#0000FF,0,71.73634983492093,6
image_83.png,5,False,441.60623451270334,235.70378626241714,20,#0000FF,Quadrant 4,2,2,71,,#0000FF,0,34.09724430738987,6
image_83.png,5,False,449.44069080992443,344.9037236231502,20,#0000FF,Quadrant 4,2,2,71,,#0000FF,0,24.037920580528684,6
image_83.png,5,False,20.735218005694254,83.8181710823735,20,#0000FF,Quadrant 1,1,1,71,,#0000FF,0,124.18468047958484,6
image_83.png,5,False,639.0308859878494,172.0906165162403,20,#0000FF,Quadrant 2,1,2,71,,#0000FF,0,102.30752747857267,6
image_83.png,5,False,264.05233933986085,300.9217812302369,20,#0000FF,Quadrant 3,2,1,71,,#0000FF,0,262.5563209509113,6
image_83.png,5,False,397.60637204170746,253.5245560351084,20,#0000FF,Quadrant 4,2,2,71,,#0000FF,0,336.3508511462046,6
image_83.png,5,False,419.3283585162358,49.925034941649066,20,#0000FF,Quadrant 2,1,2,71,,#0000FF,0,72.93172022619397,6
image_83.png,5,False,370.87696511046175,254.7457884964983,20,#0000FF,Quadrant 4,2,2,71,,#0000FF,0,45.61347161887893,6
image_83.png,5,False,637.4592936350205,90.11793665246344,20,#0000FF,Quadrant 2,1,2,71,,#0000FF,0,221.7193892647243,6
image_83.png,5,False,170.73158409804924,92.81562689338523,20,#0000FF,Quadrant 1,1,1,71,,#0000FF,0,0.9614828378808982,6
image_83.png,5,False,11.170093393175236,40.40364790462224,20,#0000FF,Quadrant 1,1,1,71,,#0000FF,0,171.16704013095105,6
image_83.png,5,False,105.37572478923884,316.13459843547975,20,#0000FF,Quadrant 3,2,1,71,,#0000FF,0,349.1431449263402,6
image_83.png,5,False,335.99377451363625,125.3670455302431,20,#0000FF,Quadrant 1,1,1,71,,#0000FF,0,153.14606576668618,6
image_83.png,5,False,176.8925227518379,159.64723784195638,20,#0000FF,Quadrant 1,1,1,71,,#0000FF,0,273.60267372598304,6
image_83.png,5,False,497.60252349760634,145.18683691208042,20,#0000FF,Quadrant 2,1,2,71,,#0000FF,0,278.6110640972163,6
image_83.png,5,False,229.3936559009724,40.55947200866011,20,#0000FF,Quadrant 1,1,1,71,,#0000FF,0,301.91379329498744,6
image_83.png,5,False,202.36063175736774,65.01015197838221,20,#0000FF,Quadrant 1,1,1,71,,#0000FF,0,228.1571580476893,6
image_83.png,5,False,315.2946576004805,273.74770721963637,20,#0000FF,Quadrant 3,2,1,71,,#0000FF,0,157.40756721626897,6
image_83.png,5,False,93.84522110519259,351.1100868477393,20,#0000FF,Quadrant 3,2,1,71,,#0000FF,0,90.19405429610856,6
image_83.png,5,False,542.0431556303571,141.78480866081853,20,#0000FF,Quadrant 2,1,2,71,,#0000FF,0,307.93403273662415,6
image_83.png,5,False,696.857070940385,85.02604027916827,20,#0000FF,Quadrant 2,1,2,71,,#0000FF,0,335.9492801811267,6
image_83.png,5,False,638.7070807974759,357.1750838154659,20,#0000FF,Quadrant 4,2,2,71,,#0000FF,0,118.24255610912331,6
image_83.png,5,False,19.953212246802188,114.204519768608,20,#0000FF,Quadrant 1,1,1,71,,#0000FF,0,181.00560822906363,6
image_83.png,5,False,453.11342748886585,161.55513281077717,20,#0000FF,Quadrant 2,1,2,71,,#0000FF,0,232.9985223634728,6
image_83.png,5,False,496.2382310132917,114.63770798111122,20,#0000FF,Quadrant 2,1,2,71,,#0000FF,0,358.46562542304144,6
image_83.png,5,False,335.3875996402841,240.65248898406884,20,#0000FF,Quadrant 3,2,1,71,,#0000FF,0,258.49062482958243,6
image_83.png,5,False,130.72819672678378,294.4758074635723,20,#0000FF,Quadrant 3,2,1,71,,#0000FF,0,163.61305874964722,6
image_83.png,5,False,433.3022190567007,280.6313506506866,20,#0000FF,Quadrant 4,2,2,71,,#0000FF,0,133.0321893869438,6
image_83.png,5,False,585.6703925040242,56.14331715692685,20,#0000FF,Quadrant 2,1,2,71,,#0000FF,0,29.81686347012317,6
image_83.png,5,False,202.1824562368166,333.2736787900398,20,#0000FF,Quadrant 3,2,1,71,,#0000FF,0,308.8405096223209,6
image_83.png,5,False,471.06077572988545,34.240727473444856,20,#0000FF,Quadrant 2,1,2,71,,#0000FF,0,149.89634202106296,6
image_83.png,5,False,535.5309267904698,66.7602717246545,20,#0000FF,Quadrant 2,1,2,71,,#0000FF,0,69.45837689203853,6
image_83.png,5,False,129.91122340039772,27.824186326180552,20,#0000FF,Quadrant 1,1,1,71,,#0000FF,0,95.98893307319828,6
image_83.png,5,False,591.2234558335343,366.7319956661672,20,#0000FF,Quadrant 4,2,2,71,,#0000FF,0,228.70789579196446,6
image_83.png,5,False,71.74358607161264,358.00819289857395,20,#0000FF,Quadrant 3,2,1,71,,#0000FF,0,334.8982263109232,6
image_83.png,5,False,70.54176364033648,131.0154870856862,20,#0000FF,Quadrant 1,1,1,71,,#0000FF,0,65.70034967838329,6
image_83.png,5,False,450.54453048892964,185.01195921541694,20,#0000FF,Quadrant 2,1,2,71,,#0000FF,0,3.757933663646149,6
image_83.png,5,False,660.8905195966246,127.34171732144463,20,#0000FF,Quadrant 2,1,2,71,,#0000FF,0,315.7914198990139,6
image_83.png,5,False,148.2657802181707,381.16716301057056,20,#0000FF,Quadrant 3,2,1,71,,#0000FF,0,98.20779262546215,6
image_83.png,5,False,582.5255526436656,270.7010720848598,20,#0000FF,Quadrant 4,2,2,71,,#0000FF,0,188.29538436146325,6
image_83.png,5,False,402.8420889686544,386.6396305518364,20,#0000FF,Quadrant 4,2,2,71,,#0000FF,0,56.05352158592312,6
image_83.png,5,False,456.0995006093072,268.8027121349468,20,#0000FF,Quadrant 4,2,2,71,,#0000FF,0,156.18722323247601,6
image_84.png,2,True,678.289923720764,219.50903592769953,20,#FF0000,Quadrant 4,2,2,12,151,#FF0000,0,123.18521985318792,3
image_84.png,5,False,196.3066277469092,205.01698804161398,20,#0000FF,Quadrant 3,2,1,12,,#0000FF,0,267.5274426188038,3
image_84.png,5,False,161.37763977972537,109.59975576316832,20,#0000FF,Quadrant 1,1,1,12,,#0000FF,0,75.85991511461873,3
image_84.png,5,False,367.2335455163633,249.56096525839598,20,#0000FF,Quadrant 4,2,2,12,,#0000FF,0,331.89097554614654,3
image_84.png,5,False,332.93309486895424,133.09058163108585,20,#0000FF,Quadrant 1,1,1,12,,#0000FF,0,171.07553459952396,3
image_84.png,5,False,464.5720123380515,351.6819112211109,20,#0000FF,Quadrant 4,2,2,12,,#0000FF,0,202.9569931033824,3
image_84.png,5,False,83.07833364387051,146.65820768927335,20,#0000FF,Quadrant 1,1,1,12,,#0000FF,0,116.05393687236146,3
image_84.png,5,False,120.37909446172377,190.73745854587344,20,#0000FF,Quadrant 1,1,1,12,,#0000FF,0,324.36866106721305,3
image_84.png,5,False,633.1531330946318,81.72815404214154,20,#0000FF,Quadrant 2,1,2,12,,#0000FF,0,121.2018629404699,3
image_84.png,5,False,123.13174813727737,217.68212428963744,20,#0000FF,Quadrant 3,2,1,12,,#0000FF,0,128.88163261308688,3
image_84.png,5,False,313.4770021181814,244.07945923906908,20,#0000FF,Quadrant 3,2,1,12,,#0000FF,0,270.73626375071694,3
image_84.png,5,False,489.50942371557113,287.30093657186666,20,#0000FF,Quadrant 4,2,2,12,,#0000FF,0,213.68691062441073,3
image_84.png,5,False,178.83263161051278,284.4347878923653,20,#0000FF,Quadrant 3,2,1,12,,#0000FF,0,170.48594668712246,3
image_85.png,2,True,287.39448917522583,26.168750069658618,20,#FF0000,Quadrant 1,1,1,54,151,#FF0000,0,173.72073325723483,5
image_85.png,5,False,172.43480005730828,364.33718036507935,20,#0000FF,Quadrant 3,2,1,54,,#0000FF,0,334.43623301294275,5
image_85.png,5,False,85.31231249168025,171.98801853209272,20,#0000FF,Quadrant 1,1,1,54,,#0000FF,0,333.6791087873717,5
image_85.png,5,False,408.88922734645627,235.1827470868368,20,#0000FF,Quadrant 4,2,2,54,,#0000FF,0,96.96995335395259,5
image_85.png,5,False,125.63908147440573,124.62028543005138,20,#0000FF,Quadrant 1,1,1,54,,#0000FF,0,59.04934782083009,5
image_85.png,5,False,491.6681087957406,209.10430241390083,20,#0000FF,Quadrant 4,2,2,54,,#0000FF,0,214.86641576502336,5
image_85.png,5,False,402.34392122197676,63.74959918185121,20,#0000FF,Quadrant 2,1,2,54,,#0000FF,0,342.5377973174601,5
image_85.png,5,False,554.3243305711468,31.336437186471358,20,#0000FF,Quadrant 2,1,2,54,,#0000FF,0,238.82631093213678,5
image_85.png,5,False,557.2829113651226,64.47223766865639,20,#0000FF,Quadrant 2,1,2,54,,#0000FF,0,32.543513710338395,5
image_85.png,5,False,283.83977454096595,185.10216006874091,20,#0000FF,Quadrant 1,1,1,54,,#0000FF,0,124.59688190472771,5
image_85.png,5,False,149.08010302004075,76.04186813447417,20,#0000FF,Quadrant 1,1,1,54,,#0000FF,0,237.0990965746102,5
image_85.png,5,False,138.18502962388453,335.23411034685154,20,#0000FF,Quadrant 3,2,1,54,,#0000FF,0,110.7096310625605,5
image_85.png,5,False,509.92859292492795,69.26414013521173,20,#0000FF,Quadrant 2,1,2,54,,#0000FF,0,157.1575974856323,5
image_85.png,5,False,79.84038355485849,218.83538880650156,20,#0000FF,Quadrant 3,2,1,54,,#0000FF,0,57.3587295718213,5
image_85.png,5,False,157.40690306530863,189.5316494902158,20,#0000FF,Quadrant 1,1,1,54,,#0000FF,0,141.85702630550196,5
image_85.png,5,False,330.34046707740725,102.7564789089205,20,#0000FF,Quadrant 1,1,1,54,,#0000FF,0,135.46496852699605,5
image_85.png,5,False,278.03842653735086,131.33883202396885,20,#0000FF,Quadrant 1,1,1,54,,#0000FF,0,330.10190453005544,5
image_85.png,5,False,475.90248184074744,340.8744750655885,20,#0000FF,Quadrant 4,2,2,54,,#0000FF,0,101.95005606952893,5
image_85.png,5,False,379.0053545115257,142.11579592958782,20,#0000FF,Quadrant 2,1,2,54,,#0000FF,0,214.89799456139005,5
image_85.png,5,False,679.4854841235991,21.166789977255064,20,#0000FF,Quadrant 2,1,2,54,,#0000FF,0,241.15560402389227,5
image_85.png,5,False,133.75226231697542,99.88956597098789,20,#0000FF,Quadrant 1,1,1,54,,#0000FF,0,318.81172641417413,5
image_85.png,5,False,356.5031368301144,11.601601353244048,20,#0000FF,Quadrant 2,1,2,54,,#0000FF,0,130.4209578212078,5
image_85.png,5,False,134.68787155062734,161.52570125404324,20,#0000FF,Quadrant 1,1,1,54,,#0000FF,0,343.80614542830943,5
image_85.png,5,False,84.33065333464546,315.7545379343487,20,#0000FF,Quadrant 3,2,1,54,,#0000FF,0,186.24548569562805,5
image_85.png,5,False,515.8100834255524,258.9183322192157,20,#0000FF,Quadrant 4,2,2,54,,#0000FF,0,124.66327255207018,5
image_85.png,5,False,360.3026268152095,270.4208894809604,20,#0000FF,Quadrant 4,2,2,54,,#0000FF,0,46.3462237036645,5
image_85.png,5,False,461.480075690043,264.33368235710174,20,#0000FF,Quadrant 4,2,2,54,,#0000FF,0,4.171917252318367,5
image_85.png,5,False,48.558277828512026,171.64289402789873,20,#0000FF,Quadrant 1,1,1,54,,#0000FF,0,152.08454428381827,5
image_85.png,5,False,356.92043267098546,306.21933466941766,20,#0000FF,Quadrant 4,2,2,54,,#0000FF,0,326.95591302288454,5
image_85.png,5,False,592.6320318999263,378.3291524493527,20,#0000FF,Quadrant 4,2,2,54,,#0000FF,0,256.32845163809407,5
image_85.png,5,False,610.6465510717132,41.24344410632824,20,#0000FF,Quadrant 2,1,2,54,,#0000FF,0,273.459881678595,5
image_85.png,5,False,664.3106380078792,278.459462635799,20,#0000FF,Quadrant 4,2,2,54,,#0000FF,0,2.5044223767641416,5
image_85.png,5,False,365.7635418254389,243.28860370102277,20,#0000FF,Quadrant 4,2,2,54,,#0000FF,0,92.82115870073956,5
image_85.png,5,False,310.63786153828005,186.68047979837561,20,#0000FF,Quadrant 1,1,1,54,,#0000FF,0,313.99386975017313,5
image_85.png,5,False,608.9808379884746,184.97477052185948,20,#0000FF,Quadrant 2,1,2,54,,#0000FF,0,14.344000844348358,5
image_85.png,5,False,423.9371470281562,150.59404620065936,20,#0000FF,Quadrant 2,1,2,54,,#0000FF,0,18.02646398618618,5
image_85.png,5,False,476.07243787529706,300.8631578955502,20,#0000FF,Quadrant 4,2,2,54,,#0000FF,0,153.25291336690057,5
image_85.png,5,False,195.12527247625377,121.84460114615162,20,#0000FF,Quadrant 1,1,1,54,,#0000FF,0,8.470924462299486,5
image_85.png,5,False,87.94978125498776,287.65983040511213,20,#0000FF,Quadrant 3,2,1,54,,#0000FF,0,12.821427393558643,5
image_85.png,5,False,283.99183802533,77.23831888861739,20,#0000FF,Quadrant 1,1,1,54,,#0000FF,0,191.256672635115,5
image_85.png,5,False,97.85163844940455,65.675551930396,20,#0000FF,Quadrant 1,1,1,54,,#0000FF,0,192.5946720990995,5
image_85.png,5,False,626.081791171921,141.5560143691327,20,#0000FF,Quadrant 2,1,2,54,,#0000FF,0,177.64210608002685,5
image_85.png,5,False,436.2791393264039,358.2970000808387,20,#0000FF,Quadrant 4,2,2,54,,#0000FF,0,164.8911157849215,5
image_85.png,5,False,653.3314912529429,321.14357210625116,20,#0000FF,Quadrant 4,2,2,54,,#0000FF,0,325.2889721138063,5
image_85.png,5,False,39.00163561652151,134.45044430283184,20,#0000FF,Quadrant 1,1,1,54,,#0000FF,0,204.86458037071708,5
image_85.png,5,False,430.84455461088606,284.6002558551272,20,#0000FF,Quadrant 4,2,2,54,,#0000FF,0,13.783456778750992,5
image_85.png,5,False,243.7254188061247,251.6881244869748,20,#0000FF,Quadrant 3,2,1,54,,#0000FF,0,261.1436652269613,5
image_85.png,5,False,508.1782374295961,291.7348977904453,20,#0000FF,Quadrant 4,2,2,54,,#0000FF,0,268.8361311887866,5
image_85.png,5,False,639.6068311828144,375.8304990381659,20,#0000FF,Quadrant 4,2,2,54,,#0000FF,0,28.54198114027971,5
image_85.png,5,False,404.34673936525195,387.0791583255688,20,#0000FF,Quadrant 4,2,2,54,,#0000FF,0,285.7121261134126,5
image_85.png,5,False,382.4796056417664,311.0274700830758,20,#0000FF,Quadrant 4,2,2,54,,#0000FF,0,221.60932976792932,5
image_85.png,5,False,44.644710427886714,227.72101411792005,20,#0000FF,Quadrant 3,2,1,54,,#0000FF,0,249.93256991821136,5
image_85.png,5,False,655.5445251767005,114.86939284441456,20,#0000FF,Quadrant 2,1,2,54,,#0000FF,0,77.47533585026004,5
image_85.png,5,False,14.480173204458783,89.29753673878133,20,#0000FF,Quadrant 1,1,1,54,,#0000FF,0,102.56850226346094,5
image_85.png,5,False,463.8196104795443,114.86255346943541,20,#0000FF,Quadrant 2,1,2,54,,#0000FF,0,281.53820715216506,5
image_86.png,2,True,165.90426750818074,279.0052167229514,20,#FF0000,Quadrant 3,2,1,27,151,#FF0000,0,34.97317105290686,4
image_86.png,5,False,432.2451461800618,286.24598079285545,20,#0000FF,Quadrant 4,2,2,27,,#0000FF,0,79.58077686235369,4
image_86.png,5,False,328.38382118994633,170.04908920782853,20,#0000FF,Quadrant 1,1,1,27,,#0000FF,0,219.3538154491111,4
image_86.png,5,False,384.0645097497718,190.77789130428343,20,#0000FF,Quadrant 2,1,2,27,,#0000FF,0,214.2830738302374,4
image_86.png,5,False,247.2930454959767,131.82498110030934,20,#0000FF,Quadrant 1,1,1,27,,#0000FF,0,200.75656417402774,4
image_86.png,5,False,115.57547393651201,333.94656383016627,20,#0000FF,Quadrant 3,2,1,27,,#0000FF,0,296.14633291943295,4
image_86.png,5,False,377.7136122936962,75.26506912997876,20,#0000FF,Quadrant 2,1,2,27,,#0000FF,0,179.63087227813497,4
image_86.png,5,False,288.62443676018427,260.7440309983958,20,#0000FF,Quadrant 3,2,1,27,,#0000FF,0,140.42205134070912,4
image_86.png,5,False,65.1612686144085,194.91156005994324,20,#0000FF,Quadrant 1,1,1,27,,#0000FF,0,205.67278495714442,4
image_86.png,5,False,68.25038672985713,293.7481187006856,20,#0000FF,Quadrant 3,2,1,27,,#0000FF,0,354.58099189629934,4
image_86.png,5,False,220.47855114240994,294.8241423606708,20,#0000FF,Quadrant 3,2,1,27,,#0000FF,0,190.65302977643105,4
image_86.png,5,False,333.0248934952168,69.9303882136799,20,#0000FF,Quadrant 1,1,1,27,,#0000FF,0,162.53970625117785,4
image_86.png,5,False,441.11867936157114,224.52934110998092,20,#0000FF,Quadrant 4,2,2,27,,#0000FF,0,210.57727977651615,4
image_86.png,5,False,538.0437686601903,295.024818241067,20,#0000FF,Quadrant 4,2,2,27,,#0000FF,0,149.54147814584746,4
image_86.png,5,False,523.6518410230539,385.0991306507857,20,#0000FF,Quadrant 4,2,2,27,,#0000FF,0,102.19956517456629,4
image_86.png,5,False,381.4013772214912,154.04610290744913,20,#0000FF,Quadrant 2,1,2,27,,#0000FF,0,135.10236093121364,4
image_86.png,5,False,96.08737110956825,160.5933855512696,20,#0000FF,Quadrant 1,1,1,27,,#0000FF,0,341.5748732230108,4
image_86.png,5,False,87.22597616347156,120.37391298651156,20,#0000FF,Quadrant 1,1,1,27,,#0000FF,0,76.06986162936036,4
image_86.png,5,False,631.416186637299,116.41653392266123,20,#0000FF,Quadrant 2,1,2,27,,#0000FF,0,78.39093648303148,4
image_86.png,5,False,445.25992977459066,262.0806703898197,20,#0000FF,Quadrant 4,2,2,27,,#0000FF,0,277.3798818196571,4
image_86.png,5,False,532.4546193974965,119.2151345333481,20,#0000FF,Quadrant 2,1,2,27,,#0000FF,0,145.42774869605864,4
image_86.png,5,False,13.299454674174392,324.6894614120776,20,#0000FF,Quadrant 3,2,1,27,,#0000FF,0,144.01956963410086,4
image_86.png,5,False,410.72874399266254,169.041763099026,20,#0000FF,Quadrant 2,1,2,27,,#0000FF,0,35.39631141727588,4
image_86.png,5,False,141.1348455361368,21.977496817224583,20,#0000FF,Quadrant 1,1,1,27,,#0000FF,0,150.57704797167904,4
image_86.png,5,False,431.0874779010197,201.27055436065743,20,#0000FF,Quadrant 4,2,2,27,,#0000FF,0,80.70934064601312,4
image_86.png,5,False,431.16081760234516,73.92145351467818,20,#0000FF,Quadrant 2,1,2,27,,#0000FF,0,8.220102466697302,4
image_86.png,5,False,482.5261485999515,370.7978185413171,20,#0000FF,Quadrant 4,2,2,27,,#0000FF,0,225.1782447836464,4
image_86.png,5,False,425.3250429908938,309.574588352858,20,#0000FF,Quadrant 4,2,2,27,,#0000FF,0,8.179025556650261,4
image_87.png,2,True,122.19031955601844,150.5063135424012,20,#FF0000,Quadrant 1,1,1,23,151,#FF0000,0,306.11124492253686,4
image_87.png,5,False,131.72037454191116,365.2392554092077,20,#0000FF,Quadrant 3,2,1,23,,#0000FF,0,314.87407092864447,4
image_87.png,5,False,233.35697502192767,121.74716411902936,20,#0000FF,Quadrant 1,1,1,23,,#0000FF,0,331.69884645881285,4
image_87.png,5,False,153.62800963944153,185.32588414531142,20,#0000FF,Quadrant 1,1,1,23,,#0000FF,0,322.00043686568966,4
image_87.png,5,False,426.63855199275196,385.1116379457117,20,#0000FF,Quadrant 4,2,2,23,,#0000FF,0,88.21690951378339,4
image_87.png,5,False,681.2628430195815,200.08124699027357,20,#0000FF,Quadrant 4,2,2,23,,#0000FF,0,286.8312804674807,4
image_87.png,5,False,427.1606823526038,136.21599074936137,20,#0000FF,Quadrant 2,1,2,23,,#0000FF,0,40.01662678515394,4
image_87.png,5,False,120.7346773722091,185.71622394720825,20,#0000FF,Quadrant 1,1,1,23,,#0000FF,0,331.25609343645203,4
image_87.png,5,False,15.74260325574359,23.217930822111033,20,#0000FF,Quadrant 1,1,1,23,,#0000FF,0,346.4906494702638,4
image_87.png,5,False,608.4062100136266,387.31205996676596,20,#0000FF,Quadrant 4,2,2,23,,#0000FF,0,243.67405523571975,4
image_87.png,5,False,59.48190775153369,168.6598729488498,20,#0000FF,Quadrant 1,1,1,23,,#0000FF,0,310.38082941408163,4
image_87.png,5,False,504.3078619184215,56.731186274964,20,#0000FF,Quadrant 2,1,2,23,,#0000FF,0,93.61052928871312,4
image_87.png,5,False,456.8445550617938,212.9165668352013,20,#0000FF,Quadrant 4,2,2,23,,#0000FF,0,279.57475020372635,4
image_87.png,5,False,342.27641150595537,285.44000183492307,20,#0000FF,Quadrant 3,2,1,23,,#0000FF,0,8.539245410767213,4
image_87.png,5,False,285.49535151350517,321.8353564896203,20,#0000FF,Quadrant 3,2,1,23,,#0000FF,0,105.46670565156982,4
image_87.png,5,False,261.36418140833734,281.88410805578064,20,#0000FF,Quadrant 3,2,1,23,,#0000FF,0,276.7541457292909,4
image_87.png,5,False,458.5949355005589,173.00646728013524,20,#0000FF,Quadrant 2,1,2,23,,#0000FF,0,184.16149188977886,4
image_87.png,5,False,111.58279654854158,110.22465967015532,20,#0000FF,Quadrant 1,1,1,23,,#0000FF,0,44.66046480316133,4
image_87.png,5,False,530.2151432367054,53.25425121869005,20,#0000FF,Quadrant 2,1,2,23,,#0000FF,0,297.0822928006374,4
image_87.png,5,False,295.48331441994003,139.45748790843137,20,#0000FF,Quadrant 1,1,1,23,,#0000FF,0,60.823247819596666,4
image_87.png,5,False,559.1360853724569,90.41212402272157,20,#0000FF,Quadrant 2,1,2,23,,#0000FF,0,328.6708525382334,4
image_87.png,5,False,453.3625087214288,38.998291993256515,20,#0000FF,Quadrant 2,1,2,23,,#0000FF,0,34.96525346345635,4
image_87.png,5,False,349.6965051328704,103.50735190614056,20,#0000FF,Quadrant 1,1,1,23,,#0000FF,0,323.71031206302223,4
image_87.png,5,False,214.45623601119775,179.08604074262036,20,#0000FF,Quadrant 1,1,1,23,,#0000FF,0,93.59983923494401,4
image_88.png,2,True,420.56098140499034,298.7799948821063,20,#FF0000,Quadrant 4,2,2,25,151,#FF0000,0,204.56322833230814,4
image_88.png,5,False,209.72856639976047,94.54614195752502,20,#0000FF,Quadrant 1,1,1,25,,#0000FF,0,53.288630752567514,4
image_88.png,5,False,260.9169979230341,121.08051663576445,20,#0000FF,Quadrant 1,1,1,25,,#0000FF,0,133.50640269275155,4
image_88.png,5,False,120.07038492786812,250.61215119952135,20,#0000FF,Quadrant 3,2,1,25,,#0000FF,0,340.125087929526,4
image_88.png,5,False,314.0651613242107,122.4644950209469,20,#0000FF,Quadrant 1,1,1,25,,#0000FF,0,171.1025432997076,4
image_88.png,5,False,489.9118538243552,66.38688093137651,20,#0000FF,Quadrant 2,1,2,25,,#0000FF,0,267.7439398308956,4
image_88.png,5,False,275.7321785709535,251.6961607944445,20,#0000FF,Quadrant 3,2,1,25,,#0000FF,0,105.23983649382848,4
image_88.png,5,False,156.83514797572582,125.51758244694282,20,#0000FF,Quadrant 1,1,1,25,,#0000FF,0,10.08169372626313,4
image_88.png,5,False,189.7411878325602,283.5906810033888,20,#0000FF,Quadrant 3,2,1,25,,#0000FF,0,210.32451871293793,4
image_88.png,5,False,697.3249721086589,164.4092710338257,20,#0000FF,Quadrant 2,1,2,25,,#0000FF,0,268.3646058535853,4
image_88.png,5,False,128.41257698078363,141.11271912884618,20,#0000FF,Quadrant 1,1,1,25,,#0000FF,0,222.64559689165233,4
image_88.png,5,False,598.4486156199474,129.80397666857795,20,#0000FF,Quadrant 2,1,2,25,,#0000FF,0,56.11566850072705,4
image_88.png,5,False,607.266586192479,194.42290634726223,20,#0000FF,Quadrant 2,1,2,25,,#0000FF,0,134.77052998596685,4
image_88.png,5,False,372.88820409129676,77.29642068558486,20,#0000FF,Quadrant 2,1,2,25,,#0000FF,0,60.88351572663793,4
image_88.png,5,False,20.806258490422138,368.9464396720862,20,#0000FF,Quadrant 3,2,1,25,,#0000FF,0,322.9680983480368,4
image_88.png,5,False,547.0518939280278,309.345665136021,20,#0000FF,Quadrant 4,2,2,25,,#0000FF,0,100.19359751873344,4
image_88.png,5,False,256.6295085524505,184.62360703376098,20,#0000FF,Quadrant 1,1,1,25,,#0000FF,0,233.99879836215965,4
image_88.png,5,False,635.4420969442004,328.51135735277074,20,#0000FF,Quadrant 4,2,2,25,,#0000FF,0,328.5729020082143,4
image_88.png,5,False,550.5472449564579,209.1167299858846,20,#0000FF,Quadrant 4,2,2,25,,#0000FF,0,304.46853648724203,4
image_88.png,5,False,150.54315927992062,262.08426443050587,20,#0000FF,Quadrant 3,2,1,25,,#0000FF,0,82.21367528212093,4
image_88.png,5,False,79.10077394505942,135.5567006007093,20,#0000FF,Quadrant 1,1,1,25,,#0000FF,0,143.45684040713851,4
image_88.png,5,False,392.2130073277734,213.1369639189312,20,#0000FF,Quadrant 4,2,2,25,,#0000FF,0,24.191181791800858,4
image_88.png,5,False,612.2321577946781,377.82526905546285,20,#0000FF,Quadrant 4,2,2,25,,#0000FF,0,266.85283954130466,4
image_88.png,5,False,401.4577890359738,104.7333957142656,20,#0000FF,Quadrant 2,1,2,25,,#0000FF,0,20.15092790713776,4
image_88.png,5,False,520.4712513377497,271.7062365109774,20,#0000FF,Quadrant 4,2,2,25,,#0000FF,0,92.18594615919253,4
image_88.png,5,False,38.72039392434867,241.25405378981336,20,#0000FF,Quadrant 3,2,1,25,,#0000FF,0,164.18377834465386,4
image_89.png,2,True,141.9197608103555,325.0017196595852,20,#FF0000,Quadrant 3,2,1,50,151,#FF0000,0,32.88931062459768,5
image_89.png,5,False,633.2590414682494,208.52681076857152,20,#0000FF,Quadrant 4,2,2,50,,#0000FF,0,22.920816885014943,5
image_89.png,5,False,167.80692545380495,232.38605379995124,20,#0000FF,Quadrant 3,2,1,50,,#0000FF,0,21.911440750833847,5
image_89.png,5,False,330.88292075476187,213.96091770574589,20,#0000FF,Quadrant 3,2,1,50,,#0000FF,0,209.25735750661514,5
image_89.png,5,False,230.69339544565307,250.61635531197948,20,#0000FF,Quadrant 3,2,1,50,,#0000FF,0,281.3085313021377,5
image_89.png,5,False,91.20400400063221,42.51998688237022,20,#0000FF,Quadrant 1,1,1,50,,#0000FF,0,70.71329841157535,5
image_89.png,5,False,384.69212637901285,92.2677105527747,20,#0000FF,Quadrant 2,1,2,50,,#0000FF,0,71.06264707412811,5
image_89.png,5,False,403.2678665490158,230.88772021567547,20,#0000FF,Quadrant 4,2,2,50,,#0000FF,0,175.403040557995,5
image_89.png,5,False,87.83996835401071,346.103608692576,20,#0000FF,Quadrant 3,2,1,50,,#0000FF,0,310.0100771024524,5
image_89.png,5,False,325.35930744299117,11.187156402771606,20,#0000FF,Quadrant 1,1,1,50,,#0000FF,0,221.1887814998291,5
image_89.png,5,False,425.3330069597219,197.20474274878543,20,#0000FF,Quadrant 2,1,2,50,,#0000FF,0,271.64169003502127,5
image_89.png,5,False,360.52486464366075,205.36768884405234,20,#0000FF,Quadrant 4,2,2,50,,#0000FF,0,63.55147539310291,5
image_89.png,5,False,217.45007728810407,338.8246454087483,20,#0000FF,Quadrant 3,2,1,50,,#0000FF,0,342.5168510697832,5
image_89.png,5,False,200.6736721026414,223.15791201708868,20,#0000FF,Quadrant 3,2,1,50,,#0000FF,0,89.64792074867503,5
image_89.png,5,False,314.19017848225576,380.39256098866025,20,#0000FF,Quadrant 3,2,1,50,,#0000FF,0,111.16944629946214,5
image_89.png,5,False,346.9429238400638,131.66045325765606,20,#0000FF,Quadrant 1,1,1,50,,#0000FF,0,340.4509266136952,5
image_89.png,5,False,335.1788607209763,72.66347010124154,20,#0000FF,Quadrant 1,1,1,50,,#0000FF,0,350.7675804453883,5
image_89.png,5,False,308.658278075461,126.15429016759018,20,#0000FF,Quadrant 1,1,1,50,,#0000FF,0,23.60141093848354,5
image_89.png,5,False,316.36365161042994,252.1197646980768,20,#0000FF,Quadrant 3,2,1,50,,#0000FF,0,333.10632132240204,5
image_89.png,5,False,157.90613310531546,200.67271537657888,20,#0000FF,Quadrant 3,2,1,50,,#0000FF,0,274.626953329511,5
image_89.png,5,False,376.44526910127934,49.90267041947026,20,#0000FF,Quadrant 2,1,2,50,,#0000FF,0,115.20570990377206,5
image_89.png,5,False,430.9638879887099,226.84118521193693,20,#0000FF,Quadrant 4,2,2,50,,#0000FF,0,108.02211086391313,5
image_89.png,5,False,118.7511428089581,300.69821050598256,20,#0000FF,Quadrant 3,2,1,50,,#0000FF,0,55.65515396412874,5
image_89.png,5,False,598.2741689594301,241.62658074840382,20,#0000FF,Quadrant 4,2,2,50,,#0000FF,0,282.89200590431557,5
image_89.png,5,False,670.1711107555425,381.8763662657665,20,#0000FF,Quadrant 4,2,2,50,,#0000FF,0,56.56775681112149,5
image_89.png,5,False,554.4478077907146,305.7473568514363,20,#0000FF,Quadrant 4,2,2,50,,#0000FF,0,235.25662671240173,5
image_89.png,5,False,220.192885320448,65.80490737971543,20,#0000FF,Quadrant 1,1,1,50,,#0000FF,0,308.24551329313255,5
image_89.png,5,False,254.86023076132201,292.6908676713782,20,#0000FF,Quadrant 3,2,1,50,,#0000FF,0,120.13997928511701,5
image_89.png,5,False,304.0302618377233,159.75895387156905,20,#0000FF,Quadrant 1,1,1,50,,#0000FF,0,161.89483516578434,5
image_89.png,5,False,536.1714706692937,163.7426582940385,20,#0000FF,Quadrant 2,1,2,50,,#0000FF,0,150.16450972886463,5
image_89.png,5,False,254.63863931559902,315.43014597068463,20,#0000FF,Quadrant 3,2,1,50,,#0000FF,0,348.7247829672962,5
image_89.png,5,False,539.4964849720063,18.36329771135373,20,#0000FF,Quadrant 2,1,2,50,,#0000FF,0,350.994873378279,5
image_89.png,5,False,154.73162996139845,281.9022798742449,20,#0000FF,Quadrant 3,2,1,50,,#0000FF,0,253.5620074927562,5
image_89.png,5,False,268.3244036385031,132.6577106684027,20,#0000FF,Quadrant 1,1,1,50,,#0000FF,0,106.12688049464393,5
image_89.png,5,False,235.39705644927145,222.66951500884002,20,#0000FF,Quadrant 3,2,1,50,,#0000FF,0,284.7311891441515,5
image_89.png,5,False,84.60902292490108,102.90609418331074,20,#0000FF,Quadrant 1,1,1,50,,#0000FF,0,308.3052392201624,5
image_89.png,5,False,341.501379204463,283.6377841840045,20,#0000FF,Quadrant 3,2,1,50,,#0000FF,0,117.1738933043606,5
image_89.png,5,False,680.1107555872343,28.387981111587273,20,#0000FF,Quadrant 2,1,2,50,,#0000FF,0,169.15383326065785,5
image_89.png,5,False,484.8948655072983,354.5594171215051,20,#0000FF,Quadrant 4,2,2,50,,#0000FF,0,237.3905648322603,5
image_89.png,5,False,80.8921021346966,252.77963582826814,20,#0000FF,Quadrant 3,2,1,50,,#0000FF,0,135.006826381043,5
image_89.png,5,False,265.55024316808345,360.12310291410205,20,#0000FF,Quadrant 3,2,1,50,,#0000FF,0,99.37663937838715,5
image_89.png,5,False,114.63908710612304,123.96742790196319,20,#0000FF,Quadrant 1,1,1,50,,#0000FF,0,54.63813151882754,5
image_89.png,5,False,536.5603537426588,109.55183193402686,20,#0000FF,Quadrant 2,1,2,50,,#0000FF,0,206.18394044615815,5
image_89.png,5,False,211.78795595551892,19.25998375636887,20,#0000FF,Quadrant 1,1,1,50,,#0000FF,0,191.16989265554844,5
image_89.png,5,False,57.85469181038249,308.07046829400207,20,#0000FF,Quadrant 3,2,1,50,,#0000FF,0,277.95625744138744,5
image_89.png,5,False,318.1840161373558,345.37321249544055,20,#0000FF,Quadrant 3,2,1,50,,#0000FF,0,325.8372583849212,5
image_89.png,5,False,333.67688886726717,185.18379492247874,20,#0000FF,Quadrant 1,1,1,50,,#0000FF,0,66.29041042667751,5
image_89.png,5,False,477.9138047346565,277.1347973936182,20,#0000FF,Quadrant 4,2,2,50,,#0000FF,0,119.88435530390339,5
image_89.png,5,False,44.09341617691286,210.73421030333816,20,#0000FF,Quadrant 3,2,1,50,,#0000FF,0,175.08871113743572,5
image_89.png,5,False,363.94829003754137,17.1240798223027,20,#0000FF,Quadrant 2,1,2,50,,#0000FF,0,328.6735930761062,5
image_89.png,5,False,555.4047399702644,196.97957984239122,20,#0000FF,Quadrant 2,1,2,50,,#0000FF,0,287.380168123135,5
image_90.png,2,True,517.0248937089423,224.6859725775588,20,#FF0000,Quadrant 4,2,2,54,151,#FF0000,0,228.3745839011625,5
image_90.png,5,False,548.8252770110872,212.00620126581669,20,#0000FF,Quadrant 4,2,2,54,,#0000FF,0,350.7219132854389,5
image_90.png,5,False,594.1002464344637,44.16203658985895,20,#0000FF,Quadrant 2,1,2,54,,#0000FF,0,287.4927516643712,5
image_90.png,5,False,431.31169175334185,386.3349962842126,20,#0000FF,Quadrant 4,2,2,54,,#0000FF,0,332.09887719631826,5
image_90.png,5,False,539.5424314531961,173.8978634559488,20,#0000FF,Quadrant 2,1,2,54,,#0000FF,0,270.6866457038379,5
image_90.png,5,False,321.9378368017534,343.84434187311064,20,#0000FF,Quadrant 3,2,1,54,,#0000FF,0,99.67136835796725,5
image_90.png,5,False,459.1557078858158,38.60374738777205,20,#0000FF,Quadrant 2,1,2,54,,#0000FF,0,266.01717214877834,5
image_90.png,5,False,245.12889648108506,210.47587979779155,20,#0000FF,Quadrant 3,2,1,54,,#0000FF,0,233.22235082894977,5
image_90.png,5,False,576.1236749404598,174.4461306496863,20,#0000FF,Quadrant 2,1,2,54,,#0000FF,0,249.331020014026,5
image_90.png,5,False,406.9943728554077,13.401795608958022,20,#0000FF,Quadrant 2,1,2,54,,#0000FF,0,7.734070304988179,5
image_90.png,5,False,24.002566962559637,96.1369159062301,20,#0000FF,Quadrant 1,1,1,54,,#0000FF,0,298.16015139506084,5
image_90.png,5,False,189.34968265511776,95.25241490374734,20,#0000FF,Quadrant 1,1,1,54,,#0000FF,0,153.77387295796103,5
image_90.png,5,False,236.0406831487937,184.0307551254749,20,#0000FF,Quadrant 1,1,1,54,,#0000FF,0,242.83379254043385,5
image_90.png,5,False,617.5347890672771,338.817900449422,20,#0000FF,Quadrant 4,2,2,54,,#0000FF,0,127.67231197333088,5
image_90.png,5,False,543.5914887500371,88.92249674056522,20,#0000FF,Quadrant 2,1,2,54,,#0000FF,0,54.93772169936486,5
image_90.png,5,False,29.068673957346263,238.5263151155338,20,#0000FF,Quadrant 3,2,1,54,,#0000FF,0,65.37121948840273,5
image_90.png,5,False,236.6206620694184,130.19710221111745,20,#0000FF,Quadrant 1,1,1,54,,#0000FF,0,343.67781419259364,5
image_90.png,5,False,154.86819790283053,125.50735361667877,20,#0000FF,Quadrant 1,1,1,54,,#0000FF,0,82.83738789662817,5
image_90.png,5,False,197.77270073832884,364.92225670601414,20,#0000FF,Quadrant 3,2,1,54,,#0000FF,0,152.74210987062233,5
image_90.png,5,False,255.83254314815437,62.90399855186794,20,#0000FF,Quadrant 1,1,1,54,,#0000FF,0,78.20489136907698,5
image_90.png,5,False,316.8832467178261,292.21021921100544,20,#0000FF,Quadrant 3,2,1,54,,#0000FF,0,135.04101909065693,5
image_90.png,5,False,273.10701329193,179.89508232303493,20,#0000FF,Quadrant 1,1,1,54,,#0000FF,0,266.36859532512995,5
image_90.png,5,False,152.68063242888292,154.8308477483846,20,#0000FF,Quadrant 1,1,1,54,,#0000FF,0,143.70415234200345,5
image_90.png,5,False,74.97490217394355,77.18658429036925,20,#0000FF,Quadrant 1,1,1,54,,#0000FF,0,293.21978989894507,5
image_90.png,5,False,510.1931364004751,57.00401848234063,20,#0000FF,Quadrant 2,1,2,54,,#0000FF,0,328.78195589921825,5
image_90.png,5,False,93.92688599332706,195.88298518927897,20,#0000FF,Quadrant 1,1,1,54,,#0000FF,0,272.3782884737079,5
image_90.png,5,False,527.5313047379357,130.78048162846514,20,#0000FF,Quadrant 2,1,2,54,,#0000FF,0,217.74542755648883,5
image_90.png,5,False,689.7697994377835,313.32107858070765,20,#0000FF,Quadrant 4,2,2,54,,#0000FF,0,68.75321176437944,5
image_90.png,5,False,186.89104578285358,53.33311160781236,20,#0000FF,Quadrant 1,1,1,54,,#0000FF,0,129.54905250722481,5
image_90.png,5,False,15.999104461372408,314.6896124539172,20,#0000FF,Quadrant 3,2,1,54,,#0000FF,0,164.50334970513256,5
image_90.png,5,False,601.8127276371829,145.06945567003146,20,#0000FF,Quadrant 2,1,2,54,,#0000FF,0,144.1110052627679,5
image_90.png,5,False,218.17846746763757,388.8890812326883,20,#0000FF,Quadrant 3,2,1,54,,#0000FF,0,305.2109366262008,5
image_90.png,5,False,454.42796714012866,158.3013877653033,20,#0000FF,Quadrant 2,1,2,54,,#0000FF,0,30.402529792157914,5
image_90.png,5,False,666.4520003747757,114.8426969036445,20,#0000FF,Quadrant 2,1,2,54,,#0000FF,0,169.690125031069,5
image_90.png,5,False,233.7336722706227,64.19813950600323,20,#0000FF,Quadrant 1,1,1,54,,#0000FF,0,233.04946186422728,5
image_90.png,5,False,399.99510221473685,59.36445850163042,20,#0000FF,Quadrant 2,1,2,54,,#0000FF,0,89.63932382947962,5
image_90.png,5,False,489.9033751167427,299.1448037232349,20,#0000FF,Quadrant 4,2,2,54,,#0000FF,0,56.072993356580504,5
image_90.png,5,False,563.8400079724925,338.4784330253527,20,#0000FF,Quadrant 4,2,2,54,,#0000FF,0,22.025325705361446,5
image_90.png,5,False,129.79737236593078,364.9182197900912,20,#0000FF,Quadrant 3,2,1,54,,#0000FF,0,56.69376992379198,5
image_90.png,5,False,522.2150361961776,317.30083697107756,20,#0000FF,Quadrant 4,2,2,54,,#0000FF,0,347.5080678947045,5
image_90.png,5,False,616.6843366123262,52.35001570968675,20,#0000FF,Quadrant 2,1,2,54,,#0000FF,0,65.38128920960784,5
image_90.png,5,False,353.8156647578551,126.69250095323713,20,#0000FF,Quadrant 1,1,1,54,,#0000FF,0,58.454537174052334,5
image_90.png,5,False,637.2878074924784,111.23854837628699,20,#0000FF,Quadrant 2,1,2,54,,#0000FF,0,225.11249552925142,5
image_90.png,5,False,550.6722713544733,136.33801386335358,20,#0000FF,Quadrant 2,1,2,54,,#0000FF,0,115.58618463763702,5
image_90.png,5,False,34.5794900684142,340.62665787757055,20,#0000FF,Quadrant 3,2,1,54,,#0000FF,0,319.97536219195155,5
image_90.png,5,False,43.038121087090815,153.51989939977128,20,#0000FF,Quadrant 1,1,1,54,,#0000FF,0,328.88769616749545,5
image_90.png,5,False,372.865969515972,70.78923462214738,20,#0000FF,Quadrant 2,1,2,54,,#0000FF,0,215.46269163569937,5
image_90.png,5,False,600.8807538808942,213.88288188336182,20,#0000FF,Quadrant 4,2,2,54,,#0000FF,0,354.01276342144354,5
image_90.png,5,False,426.6537848166667,251.7312796583233,20,#0000FF,Quadrant 4,2,2,54,,#0000FF,0,48.38594249255687,5
image_90.png,5,False,504.54123656018385,191.6045615097809,20,#0000FF,Quadrant 2,1,2,54,,#0000FF,0,220.89944601532443,5
image_90.png,5,False,598.006276857734,85.19652247104693,20,#0000FF,Quadrant 2,1,2,54,,#0000FF,0,269.5388098000896,5
image_90.png,5,False,100.43744490260862,367.1852911256336,20,#0000FF,Quadrant 3,2,1,54,,#0000FF,0,78.95200658816286,5
image_90.png,5,False,67.62821020226649,46.8303138101647,20,#0000FF,Quadrant 1,1,1,54,,#0000FF,0,81.19866279747764,5
image_90.png,5,False,138.20783494406083,260.24161776765345,20,#0000FF,Quadrant 3,2,1,54,,#0000FF,0,81.44042529345641,5
image_90.png,5,False,682.0561971919296,263.63870536771867,20,#0000FF,Quadrant 4,2,2,54,,#0000FF,0,118.30527317349437,5
image_91.png,2,True,101.74618986959325,170.52391993748634,20,#FF0000,Quadrant 1,1,1,50,151,#FF0000,0,273.561702399191,5
image_91.png,5,False,410.1849375246965,364.28802700029985,20,#0000FF,Quadrant 4,2,2,50,,#0000FF,0,238.032658191618,5
image_91.png,5,False,635.2440114173478,156.5413451258147,20,#0000FF,Quadrant 2,1,2,50,,#0000FF,0,12.321112671918698,5
image_91.png,5,False,147.35044912916865,79.86119362275015,20,#0000FF,Quadrant 1,1,1,50,,#0000FF,0,17.28663538329411,5
image_91.png,5,False,34.504573014201114,311.4238980106971,20,#0000FF,Quadrant 3,2,1,50,,#0000FF,0,51.46360776176329,5
image_91.png,5,False,233.2248085965955,227.24878495733043,20,#0000FF,Quadrant 3,2,1,50,,#0000FF,0,58.278673759362796,5
image_91.png,5,False,408.69182055069183,181.89535506993633,20,#0000FF,Quadrant 2,1,2,50,,#0000FF,0,294.11621592552,5
image_91.png,5,False,439.08435425961306,217.3424233665184,20,#0000FF,Quadrant 4,2,2,50,,#0000FF,0,77.34102877340982,5
image_91.png,5,False,203.44127917000858,301.4971781408605,20,#0000FF,Quadrant 3,2,1,50,,#0000FF,0,42.41488626737709,5
image_91.png,5,False,243.36841337916587,348.375147047853,20,#0000FF,Quadrant 3,2,1,50,,#0000FF,0,332.59882719402106,5
image_91.png,5,False,567.0150758831805,195.22024616464182,20,#0000FF,Quadrant 2,1,2,50,,#0000FF,0,91.9023925271174,5
image_91.png,5,False,467.9779204390261,263.5087949309426,20,#0000FF,Quadrant 4,2,2,50,,#0000FF,0,197.6042831262481,5
image_91.png,5,False,368.64124328727155,34.85851733072631,20,#0000FF,Quadrant 2,1,2,50,,#0000FF,0,123.25500842017647,5
image_91.png,5,False,453.53966578476303,375.67684185038877,20,#0000FF,Quadrant 4,2,2,50,,#0000FF,0,131.55200804431158,5
image_91.png,5,False,167.4891635167267,183.90983976251977,20,#0000FF,Quadrant 1,1,1,50,,#0000FF,0,45.44214095212567,5
image_91.png,5,False,390.27022621815723,122.77967770204779,20,#0000FF,Quadrant 2,1,2,50,,#0000FF,0,40.00930788591492,5
image_91.png,5,False,222.54394938660533,175.87003266175722,20,#0000FF,Quadrant 1,1,1,50,,#0000FF,0,314.3904260184223,5
image_91.png,5,False,68.16443100404413,338.7137118227404,20,#0000FF,Quadrant 3,2,1,50,,#0000FF,0,354.35221179006624,5
image_91.png,5,False,284.9175303354735,366.7923941222278,20,#0000FF,Quadrant 3,2,1,50,,#0000FF,0,181.70053978070956,5
image_91.png,5,False,145.2709304216288,328.5248445217096,20,#0000FF,Quadrant 3,2,1,50,,#0000FF,0,359.4761257166092,5
image_91.png,5,False,22.519555292193047,288.22985827518414,20,#0000FF,Quadrant 3,2,1,50,,#0000FF,0,79.86855297780104,5
image_91.png,5,False,425.0451102955421,68.36951056696303,20,#0000FF,Quadrant 2,1,2,50,,#0000FF,0,127.41713903253441,5
image_91.png,5,False,372.75615925624743,313.4982758427639,20,#0000FF,Quadrant 4,2,2,50,,#0000FF,0,309.5734312459987,5
image_91.png,5,False,169.76182253625748,369.02780295112797,20,#0000FF,Quadrant 3,2,1,50,,#0000FF,0,130.5562141105875,5
image_91.png,5,False,269.0112907467678,48.85219169549665,20,#0000FF,Quadrant 1,1,1,50,,#0000FF,0,191.1132265629712,5
image_91.png,5,False,528.5107809706273,68.4753083618771,20,#0000FF,Quadrant 2,1,2,50,,#0000FF,0,303.56596540684694,5
image_91.png,5,False,431.0595663275334,335.4355842056135,20,#0000FF,Quadrant 4,2,2,50,,#0000FF,0,339.18911564236106,5
image_91.png,5,False,671.7901108171184,369.68386289127125,20,#0000FF,Quadrant 4,2,2,50,,#0000FF,0,100.23169679647967,5
image_91.png,5,False,631.7591109684464,378.41935087172567,20,#0000FF,Quadrant 4,2,2,50,,#0000FF,0,106.7387153231953,5
image_91.png,5,False,333.45485737028537,62.45331377346073,20,#0000FF,Quadrant 1,1,1,50,,#0000FF,0,321.7480180528499,5
image_91.png,5,False,11.243639056278484,106.00245310182062,20,#0000FF,Quadrant 1,1,1,50,,#0000FF,0,337.7315988242444,5
image_91.png,5,False,671.9409936818138,33.38600180636415,20,#0000FF,Quadrant 2,1,2,50,,#0000FF,0,220.72221617277393,5
image_91.png,5,False,110.07238993318549,321.8827929837675,20,#0000FF,Quadrant 3,2,1,50,,#0000FF,0,147.73519046984,5
image_91.png,5,False,567.0149224160429,370.4442116306352,20,#0000FF,Quadrant 4,2,2,50,,#0000FF,0,275.253454967992,5
image_91.png,5,False,552.7695533175486,255.21998812545465,20,#0000FF,Quadrant 4,2,2,50,,#0000FF,0,87.28670254979858,5
image_91.png,5,False,674.7532099403106,115.410355412114,20,#0000FF,Quadrant 2,1,2,50,,#0000FF,0,25.391389738543474,5
image_91.png,5,False,96.07180971800909,290.58958431692,20,#0000FF,Quadrant 3,2,1,50,,#0000FF,0,321.3498600163951,5
image_91.png,5,False,535.0427861334864,15.070695867344696,20,#0000FF,Quadrant 2,1,2,50,,#0000FF,0,242.0057047841646,5
image_91.png,5,False,225.38964697869136,49.78741560642966,20,#0000FF,Quadrant 1,1,1,50,,#0000FF,0,42.225124742264285,5
image_91.png,5,False,335.59433001259583,260.6393021767349,20,#0000FF,Quadrant 3,2,1,50,,#0000FF,0,226.27646487534594,5
image_91.png,5,False,59.50748309847944,381.05933869709514,20,#0000FF,Quadrant 3,2,1,50,,#0000FF,0,163.57227485868017,5
image_91.png,5,False,246.20888412771552,113.85485375602859,20,#0000FF,Quadrant 1,1,1,50,,#0000FF,0,327.7822191953842,5
image_91.png,5,False,332.436196613702,232.12190107760108,20,#0000FF,Quadrant 3,2,1,50,,#0000FF,0,40.62152613463551,5
image_91.png,5,False,487.40003997336123,311.304222033925,20,#0000FF,Quadrant 4,2,2,50,,#0000FF,0,315.44723611707866,5
image_91.png,5,False,165.77242256877037,49.952962573472966,20,#0000FF,Quadrant 1,1,1,50,,#0000FF,0,273.04543185828993,5
image_91.png,5,False,609.9899272443813,262.33621085385244,20,#0000FF,Quadrant 4,2,2,50,,#0000FF,0,130.51777725566424,5
image_91.png,5,False,674.675404719836,170.39281655411907,20,#0000FF,Quadrant 2,1,2,50,,#0000FF,0,301.2152821762536,5
image_91.png,5,False,607.1002308092453,116.91694748698805,20,#0000FF,Quadrant 2,1,2,50,,#0000FF,0,229.70156668028557,5
image_91.png,5,False,201.07142324268742,106.13156425968057,20,#0000FF,Quadrant 1,1,1,50,,#0000FF,0,260.6588523364018,5
image_91.png,5,False,300.13565243443975,327.11998148986805,20,#0000FF,Quadrant 3,2,1,50,,#0000FF,0,182.81647859795896,5
image_91.png,5,False,68.25132515211466,49.227511417494256,20,#0000FF,Quadrant 1,1,1,50,,#0000FF,0,353.9111799627398,5
image_92.png,2,True,163.53642555517834,174.96393851643475,20,#FF0000,Quadrant 1,1,1,24,151,#FF0000,0,210.8822826906397,4
image_92.png,5,False,698.1414486918986,323.32659196722506,20,#0000FF,Quadrant 4,2,2,24,,#0000FF,0,95.67149905433924,4
image_92.png,5,False,428.97538773698267,224.80439116106066,20,#0000FF,Quadrant 4,2,2,24,,#0000FF,0,175.63030750931404,4
image_92.png,5,False,610.701095264349,263.3365587638167,20,#0000FF,Quadrant 4,2,2,24,,#0000FF,0,218.3860199662152,4
image_92.png,5,False,85.2726009916242,327.84173528835765,20,#0000FF,Quadrant 3,2,1,24,,#0000FF,0,15.15644324271702,4
image_92.png,5,False,78.91936615560938,46.87732775811051,20,#0000FF,Quadrant 1,1,1,24,,#0000FF,0,231.3639994223843,4
image_92.png,5,False,175.40526371838794,230.2861381638523,20,#0000FF,Quadrant 3,2,1,24,,#0000FF,0,348.02265670188547,4
image_92.png,5,False,427.02217973500785,319.17717806127405,20,#0000FF,Quadrant 4,2,2,24,,#0000FF,0,255.34990553084205,4
image_92.png,5,False,38.46693171778891,255.5994431519176,20,#0000FF,Quadrant 3,2,1,24,,#0000FF,0,258.5840403135979,4
image_92.png,5,False,328.4519060629207,337.3694587469497,20,#0000FF,Quadrant 3,2,1,24,,#0000FF,0,158.48823001089607,4
image_92.png,5,False,285.6992982720412,315.37338442674826,20,#0000FF,Quadrant 3,2,1,24,,#0000FF,0,13.419445592693364,4
image_92.png,5,False,135.52826793965323,249.33704183674607,20,#0000FF,Quadrant 3,2,1,24,,#0000FF,0,77.77423265646993,4
image_92.png,5,False,212.3787453721569,166.7903996491164,20,#0000FF,Quadrant 1,1,1,24,,#0000FF,0,118.42640813864402,4
image_92.png,5,False,481.59506013281833,144.19905415187085,20,#0000FF,Quadrant 2,1,2,24,,#0000FF,0,129.09201573291892,4
image_92.png,5,False,201.59977609886835,307.2423051898782,20,#0000FF,Quadrant 3,2,1,24,,#0000FF,0,347.6118937844961,4
image_92.png,5,False,492.6829510463941,250.95716993123034,20,#0000FF,Quadrant 4,2,2,24,,#0000FF,0,116.82446513290438,4
image_92.png,5,False,121.64796415167689,222.10459520940304,20,#0000FF,Quadrant 3,2,1,24,,#0000FF,0,276.7000100442079,4
image_92.png,5,False,457.6696818603285,290.9864032097108,20,#0000FF,Quadrant 4,2,2,24,,#0000FF,0,310.85384545490126,4
image_92.png,5,False,549.0871071059886,76.03792963403538,20,#0000FF,Quadrant 2,1,2,24,,#0000FF,0,271.19489554669025,4
image_92.png,5,False,72.2310544696665,143.98217683285642,20,#0000FF,Quadrant 1,1,1,24,,#0000FF,0,179.94110635215557,4
image_92.png,5,False,565.7522623923894,376.11157085017715,20,#0000FF,Quadrant 4,2,2,24,,#0000FF,0,193.7645166095298,4
image_92.png,5,False,221.72042926247735,356.5567565626917,20,#0000FF,Quadrant 3,2,1,24,,#0000FF,0,113.95229234044193,4
image_92.png,5,False,290.7789677128559,246.04029643490043,20,#0000FF,Quadrant 3,2,1,24,,#0000FF,0,32.55569450708197,4
image_92.png,5,False,345.4685936239302,138.3864716487322,20,#0000FF,Quadrant 1,1,1,24,,#0000FF,0,308.15135936932705,4
image_92.png,5,False,260.04815658209554,71.18416670425644,20,#0000FF,Quadrant 1,1,1,24,,#0000FF,0,157.59687574566067,4
image_93.png,2,True,141.76514051774492,128.3794270421405,20,#FF0000,Quadrant 1,1,1,7,151,#FF0000,0,5.733838976420564,2
image_93.png,5,False,453.550032967138,122.96499611481484,20,#0000FF,Quadrant 2,1,2,7,,#0000FF,0,182.20294037522513,2
image_93.png,5,False,133.57868307234477,244.78203023188144,20,#0000FF,Quadrant 3,2,1,7,,#0000FF,0,201.57165403493914,2
image_93.png,5,False,75.32757081377197,280.0095846059354,20,#0000FF,Quadrant 3,2,1,7,,#0000FF,0,27.336726125352513,2
image_93.png,5,False,467.9380351140719,333.1349301901003,20,#0000FF,Quadrant 4,2,2,7,,#0000FF,0,329.29102924239555,2
image_93.png,5,False,245.37296163378895,144.7362682817433,20,#0000FF,Quadrant 1,1,1,7,,#0000FF,0,52.475559843478464,2
image_93.png,5,False,276.43047072290125,330.41358741668114,20,#0000FF,Quadrant 3,2,1,7,,#0000FF,0,47.89162227252866,2
image_93.png,5,False,614.8840098265842,312.82817419692003,20,#0000FF,Quadrant 4,2,2,7,,#0000FF,0,265.06164769266775,2
image_94.png,2,True,165.90432615509133,323.27866477826336,20,#FF0000,Quadrant 3,2,1,38,151,#FF0000,0,116.58106684534249,5
image_94.png,5,False,117.80314076633888,386.2320121637879,20,#0000FF,Quadrant 3,2,1,38,,#0000FF,0,88.52529344912912,5
image_94.png,5,False,165.65886711409573,273.7399009292807,20,#0000FF,Quadrant 3,2,1,38,,#0000FF,0,9.489308133851369,5
image_94.png,5,False,613.9686712220214,177.45453087169173,20,#0000FF,Quadrant 2,1,2,38,,#0000FF,0,78.83105701451468,5
image_94.png,5,False,111.16454442259848,123.18780496799285,20,#0000FF,Quadrant 1,1,1,38,,#0000FF,0,292.1491166781523,5
image_94.png,5,False,394.30609760280555,388.3848413879901,20,#0000FF,Quadrant 4,2,2,38,,#0000FF,0,158.02196166835205,5
image_94.png,5,False,139.19399183397283,207.01998488291008,20,#0000FF,Quadrant 3,2,1,38,,#0000FF,0,69.20607915845873,5
image_94.png,5,False,407.48977950400297,352.0855375238623,20,#0000FF,Quadrant 4,2,2,38,,#0000FF,0,143.8620605007696,5
image_94.png,5,False,191.16818089744405,312.18938981864096,20,#0000FF,Quadrant 3,2,1,38,,#0000FF,0,139.35736588273497,5
image_94.png,5,False,563.388747189872,174.03695739765743,20,#0000FF,Quadrant 2,1,2,38,,#0000FF,0,131.0288120004042,5
image_94.png,5,False,648.6735178123367,99.71879548593223,20,#0000FF,Quadrant 2,1,2,38,,#0000FF,0,131.22523042573798,5
image_94.png,5,False,64.08086899760927,273.0292453828326,20,#0000FF,Quadrant 3,2,1,38,,#0000FF,0,194.53287995268929,5
image_94.png,5,False,581.1115969906019,276.52036094163685,20,#0000FF,Quadrant 4,2,2,38,,#0000FF,0,115.79851858004993,5
image_94.png,5,False,409.9023841822062,47.522892570660744,20,#0000FF,Quadrant 2,1,2,38,,#0000FF,0,286.40054817333186,5
image_94.png,5,False,690.0124084251797,278.7577809529666,20,#0000FF,Quadrant 4,2,2,38,,#0000FF,0,330.29260339080315,5
image_94.png,5,False,83.21245107202007,323.3390398051338,20,#0000FF,Quadrant 3,2,1,38,,#0000FF,0,192.72956902425378,5
image_94.png,5,False,251.00818168671395,276.4106157257939,20,#0000FF,Quadrant 3,2,1,38,,#0000FF,0,82.01679303674584,5
image_94.png,5,False,576.7224202060559,95.6583166113367,20,#0000FF,Quadrant 2,1,2,38,,#0000FF,0,351.53748452265717,5
image_94.png,5,False,587.4266392264948,184.97029328278185,20,#0000FF,Quadrant 2,1,2,38,,#0000FF,0,96.88803767214189,5
image_94.png,5,False,26.237360796418507,180.52100684717672,20,#0000FF,Quadrant 1,1,1,38,,#0000FF,0,358.4838952249499,5
image_94.png,5,False,54.94223823325949,144.96783921663476,20,#0000FF,Quadrant 1,1,1,38,,#0000FF,0,254.27124510136875,5
image_94.png,5,False,201.22627204328955,106.26056382133604,20,#0000FF,Quadrant 1,1,1,38,,#0000FF,0,343.70432957107397,5
image_94.png,5,False,30.00053466617163,236.94515886549732,20,#0000FF,Quadrant 3,2,1,38,,#0000FF,0,322.7504192441238,5
image_94.png,5,False,537.6476199072113,61.40886554707655,20,#0000FF,Quadrant 2,1,2,38,,#0000FF,0,155.09881059466608,5
image_94.png,5,False,466.9807701297475,128.11395409340838,20,#0000FF,Quadrant 2,1,2,38,,#0000FF,0,142.64856634641802,5
image_94.png,5,False,360.9809483884163,164.89967580527141,20,#0000FF,Quadrant 2,1,2,38,,#0000FF,0,287.42988433948705,5
image_94.png,5,False,686.3430243688126,232.8377901827197,20,#0000FF,Quadrant 4,2,2,38,,#0000FF,0,275.8680900503735,5
image_94.png,5,False,679.9421918914509,31.02300826593475,20,#0000FF,Quadrant 2,1,2,38,,#0000FF,0,310.5842659059101,5
image_94.png,5,False,415.75144736812894,303.8067078548651,20,#0000FF,Quadrant 4,2,2,38,,#0000FF,0,271.60787529502676,5
image_94.png,5,False,54.8401998654968,167.38292490008303,20,#0000FF,Quadrant 1,1,1,38,,#0000FF,0,25.56482241292421,5
image_94.png,5,False,145.09246658103814,381.35757804942597,20,#0000FF,Quadrant 3,2,1,38,,#0000FF,0,58.0345990040919,5
image_94.png,5,False,692.8276369390325,326.90949802479145,20,#0000FF,Quadrant 4,2,2,38,,#0000FF,0,278.5443129627076,5
image_94.png,5,False,650.9612375500635,286.43617081024524,20,#0000FF,Quadrant 4,2,2,38,,#0000FF,0,10.615519834954439,5
image_94.png,5,False,483.2082572948473,315.2574725453782,20,#0000FF,Quadrant 4,2,2,38,,#0000FF,0,252.33429805674223,5
image_94.png,5,False,337.8668103250343,331.26637567405135,20,#0000FF,Quadrant 3,2,1,38,,#0000FF,0,137.2646553122209,5
image_94.png,5,False,225.4136193223531,78.0613393138751,20,#0000FF,Quadrant 1,1,1,38,,#0000FF,0,65.8762552925258,5
image_94.png,5,False,184.63773837894774,45.29763746087321,20,#0000FF,Quadrant 1,1,1,38,,#0000FF,0,154.9299204086008,5
image_94.png,5,False,149.21842559542577,143.75385885365614,20,#0000FF,Quadrant 1,1,1,38,,#0000FF,0,93.78200430060915,5
image_94.png,5,False,188.60203243833865,343.37587701624824,20,#0000FF,Quadrant 3,2,1,38,,#0000FF,0,33.85003975474995,5
image_95.png,2,True,76.79283239026017,11.65352401316689,20,#FF0000,Quadrant 1,1,1,1,151,#FF0000,0,245.77563028285587,1
image_95.png,5,False,19.666572706486622,134.55295273242018,20,#0000FF,Quadrant 1,1,1,1,,#0000FF,0,354.6463390475776,1
image_96.png,2,True,402.40619413672596,152.68801522878974,20,#FF0000,Quadrant 2,1,2,9,151,#FF0000,0,288.01374231168785,3
image_96.png,5,False,129.77874828028797,251.59010494269256,20,#0000FF,Quadrant 3,2,1,9,,#0000FF,0,24.98012322229303,3
image_96.png,5,False,379.76244160875365,379.84271288293394,20,#0000FF,Quadrant 4,2,2,9,,#0000FF,0,179.3524884093047,3
image_96.png,5,False,481.71176690452904,69.46570106367409,20,#0000FF,Quadrant 2,1,2,9,,#0000FF,0,34.90768130090052,3
image_96.png,5,False,132.90359072536174,177.58368744706314,20,#0000FF,Quadrant 1,1,1,9,,#0000FF,0,134.70058922942434,3
image_96.png,5,False,542.8967072389423,202.77025897998513,20,#0000FF,Quadrant 4,2,2,9,,#0000FF,0,304.5503011098645,3
image_96.png,5,False,317.6783419616923,246.1472279776385,20,#0000FF,Quadrant 3,2,1,9,,#0000FF,0,293.1701306614158,3
image_96.png,5,False,622.9929105273158,310.9987455873647,20,#0000FF,Quadrant 4,2,2,9,,#0000FF,0,336.70549626299993,3
image_96.png,5,False,654.6968481968152,364.44228932381344,20,#0000FF,Quadrant 4,2,2,9,,#0000FF,0,43.301909048808646,3
image_96.png,5,False,481.6090838783021,234.0601916908382,20,#0000FF,Quadrant 4,2,2,9,,#0000FF,0,38.79897241040649,3
image_97.png,2,True,426.81382189668005,387.99524032910483,20,#FF0000,Quadrant 4,2,2,5,151,#FF0000,0,179.15437779976045,2
image_97.png,5,False,657.1567827855469,362.0132457979654,20,#0000FF,Quadrant 4,2,2,5,,#0000FF,0,331.19969041245287,2
image_97.png,5,False,278.9147868247268,180.31964953866745,20,#0000FF,Quadrant 1,1,1,5,,#0000FF,0,197.2729562181029,2
image_97.png,5,False,393.0242110349566,138.89401026868805,20,#0000FF,Quadrant 2,1,2,5,,#0000FF,0,41.89738601992896,2
image_97.png,5,False,175.98198424061147,320.0473196619031,20,#0000FF,Quadrant 3,2,1,5,,#0000FF,0,131.64966382754812,2
image_97.png,5,False,289.552153897701,146.4454916131492,20,#0000FF,Quadrant 1,1,1,5,,#0000FF,0,67.80246679380107,2
image_98.png,2,True,73.66694373756775,258.51596313095877,20,#FF0000,Quadrant 3,2,1,20,151,#FF0000,0,305.1986973519904,4
image_98.png,5,False,398.9047243985146,276.4338331451111,20,#0000FF,Quadrant 4,2,2,20,,#0000FF,0,328.2721295195929,4
image_98.png,5,False,532.5202715132876,254.1290354725147,20,#0000FF,Quadrant 4,2,2,20,,#0000FF,0,187.80221448769097,4
image_98.png,5,False,104.34273571227669,299.6115471635736,20,#0000FF,Quadrant 3,2,1,20,,#0000FF,0,101.72216084088319,4
image_98.png,5,False,442.5477603654111,163.8019963985866,20,#0000FF,Quadrant 2,1,2,20,,#0000FF,0,105.46529516524836,4
image_98.png,5,False,348.93062144832106,196.68849582547242,20,#0000FF,Quadrant 1,1,1,20,,#0000FF,0,135.7441013281047,4
image_98.png,5,False,344.54799282594,157.96967160425547,20,#0000FF,Quadrant 1,1,1,20,,#0000FF,0,115.74521960356141,4
image_98.png,5,False,552.8020152601629,119.5593083305549,20,#0000FF,Quadrant 2,1,2,20,,#0000FF,0,179.14125857668702,4
image_98.png,5,False,48.974606912449225,325.215222371646,20,#0000FF,Quadrant 3,2,1,20,,#0000FF,0,246.25886329713907,4
image_98.png,5,False,72.450185914379,348.21097928332983,20,#0000FF,Quadrant 3,2,1,20,,#0000FF,0,67.70840481550056,4
image_98.png,5,False,404.60841329381066,76.52961056137426,20,#0000FF,Quadrant 2,1,2,20,,#0000FF,0,269.2264989323875,4
image_98.png,5,False,44.04170540815054,21.57005263749099,20,#0000FF,Quadrant 1,1,1,20,,#0000FF,0,112.91530718008086,4
image_98.png,5,False,276.19705831778555,143.96740058409216,20,#0000FF,Quadrant 1,1,1,20,,#0000FF,0,348.03655199006596,4
image_98.png,5,False,578.5610825843859,269.6145108063561,20,#0000FF,Quadrant 4,2,2,20,,#0000FF,0,193.59492137191214,4
image_98.png,5,False,361.2702571975088,332.00546192671106,20,#0000FF,Quadrant 4,2,2,20,,#0000FF,0,156.16946269478225,4
image_98.png,5,False,480.3009038026419,27.904427872823728,20,#0000FF,Quadrant 2,1,2,20,,#0000FF,0,183.14841012281636,4
image_98.png,5,False,326.03405816499446,81.1966384597912,20,#0000FF,Quadrant 1,1,1,20,,#0000FF,0,77.2175389194061,4
image_98.png,5,False,231.69395251029607,280.90506888154084,20,#0000FF,Quadrant 3,2,1,20,,#0000FF,0,79.76417196145508,4
image_98.png,5,False,404.5191328320664,242.72044303934308,20,#0000FF,Quadrant 4,2,2,20,,#0000FF,0,178.29907502550853,4
image_98.png,5,False,273.8457329567861,351.3212242170366,20,#0000FF,Quadrant 3,2,1,20,,#0000FF,0,16.284197657935906,4
image_98.png,5,False,211.11431545961662,352.86161170055294,20,#0000FF,Quadrant 3,2,1,20,,#0000FF,0,41.87916914189163,4
image_99.png,2,True,691.1019055891928,323.4442958706956,20,#FF0000,Quadrant 4,2,2,86,151,#FF0000,0,354.38470738933074,6
image_99.png,5,False,588.2354571368513,27.918065182426243,20,#0000FF,Quadrant 2,1,2,86,,#0000FF,0,133.8421598846475,6
image_99.png,5,False,180.61330925222646,263.7054005085978,20,#0000FF,Quadrant 3,2,1,86,,#0000FF,0,51.00099098347566,6
image_99.png,5,False,302.3371736168313,226.6640191111354,20,#0000FF,Quadrant 3,2,1,86,,#0000FF,0,317.5001243649721,6
image_99.png,5,False,442.44519343532875,88.44323417114549,20,#0000FF,Quadrant 2,1,2,86,,#0000FF,0,310.94761643373675,6
image_99.png,5,False,518.5405285996513,114.04844603448274,20,#0000FF,Quadrant 2,1,2,86,,#0000FF,0,316.3251766204915,6
image_99.png,5,False,297.5463975103895,167.35586470779631,20,#0000FF,Quadrant 1,1,1,86,,#0000FF,0,248.50125255943732,6
image_99.png,5,False,631.8412290629975,319.7219144742726,20,#0000FF,Quadrant 4,2,2,86,,#0000FF,0,100.11120604983213,6
image_99.png,5,False,424.48931284387453,247.83102273772468,20,#0000FF,Quadrant 4,2,2,86,,#0000FF,0,175.75793691898267,6
image_99.png,5,False,490.5452170338499,180.77046113252456,20,#0000FF,Quadrant 2,1,2,86,,#0000FF,0,142.36865054851592,6
image_99.png,5,False,632.627609961703,195.66691244495746,20,#0000FF,Quadrant 2,1,2,86,,#0000FF,0,41.5002245993359,6
image_99.png,5,False,236.56383116778488,367.64418108578866,20,#0000FF,Quadrant 3,2,1,86,,#0000FF,0,66.00908214821138,6
image_99.png,5,False,480.1439589161508,362.7741027676856,20,#0000FF,Quadrant 4,2,2,86,,#0000FF,0,92.33969885046923,6
image_99.png,5,False,380.4831988763544,118.61842411296112,20,#0000FF,Quadrant 2,1,2,86,,#0000FF,0,143.35363345243363,6
image_99.png,5,False,85.75102401019345,56.133466625769124,20,#0000FF,Quadrant 1,1,1,86,,#0000FF,0,205.23900012776036,6
image_99.png,5,False,620.0942989533013,370.1790301106733,20,#0000FF,Quadrant 4,2,2,86,,#0000FF,0,296.2358930618753,6
image_99.png,5,False,354.0994110580016,59.049481331477004,20,#0000FF,Quadrant 1,1,1,86,,#0000FF,0,199.70999527516622,6
image_99.png,5,False,585.0022716326713,80.73280808034413,20,#0000FF,Quadrant 2,1,2,86,,#0000FF,0,82.31222848364152,6
image_99.png,5,False,312.85679885536894,64.96279162976893,20,#0000FF,Quadrant 1,1,1,86,,#0000FF,0,221.51549766603623,6
image_99.png,5,False,39.284763796047,363.90669355070656,20,#0000FF,Quadrant 3,2,1,86,,#0000FF,0,214.9205314881024,6
image_99.png,5,False,141.19993322737815,90.54305319499998,20,#0000FF,Quadrant 1,1,1,86,,#0000FF,0,276.0444652350451,6
image_99.png,5,False,402.90413083725775,369.5667990574582,20,#0000FF,Quadrant 4,2,2,86,,#0000FF,0,114.45167195612817,6
image_99.png,5,False,665.8355206981502,359.4554349359122,20,#0000FF,Quadrant 4,2,2,86,,#0000FF,0,122.88509718638299,6
image_99.png,5,False,149.24736631793363,254.48309429980696,20,#0000FF,Quadrant 3,2,1,86,,#0000FF,0,126.04219828793966,6
image_99.png,5,False,116.48418948322436,121.30251639421849,20,#0000FF,Quadrant 1,1,1,86,,#0000FF,0,140.87227118620547,6
image_99.png,5,False,313.3825272130844,340.36550422400626,20,#0000FF,Quadrant 3,2,1,86,,#0000FF,0,236.88439801056077,6
image_99.png,5,False,180.33974759685822,210.79439569108834,20,#0000FF,Quadrant 3,2,1,86,,#0000FF,0,24.977837679028703,6
image_99.png,5,False,109.77741710072743,375.4587313535455,20,#0000FF,Quadrant 3,2,1,86,,#0000FF,0,200.46712739762125,6
image_99.png,5,False,266.18640904484903,65.23788819293986,20,#0000FF,Quadrant 1,1,1,86,,#0000FF,0,335.8082028910238,6
image_99.png,5,False,171.99309359540197,155.09866117904423,20,#0000FF,Quadrant 1,1,1,86,,#0000FF,0,37.365335273399786,6
image_99.png,5,False,571.6434792131654,301.56687374643167,20,#0000FF,Quadrant 4,2,2,86,,#0000FF,0,202.5761963503831,6
image_99.png,5,False,61.93364470182073,256.2700736930325,20,#0000FF,Quadrant 3,2,1,86,,#0000FF,0,202.9099529714116,6
image_99.png,5,False,656.7383353394114,254.7306778723649,20,#0000FF,Quadrant 4,2,2,86,,#0000FF,0,327.8921247386497,6
image_99.png,5,False,435.4578239879202,180.9757166957194,20,#0000FF,Quadrant 2,1,2,86,,#0000FF,0,101.68864225461776,6
image_99.png,5,False,481.50512797383556,242.5660136380493,20,#0000FF,Quadrant 4,2,2,86,,#0000FF,0,269.30498663753906,6
image_99.png,5,False,691.7164834937797,182.98405823939137,20,#0000FF,Quadrant 2,1,2,86,,#0000FF,0,124.25265128051633,6
image_99.png,5,False,116.51202565401626,213.77986778639217,20,#0000FF,Quadrant 3,2,1,86,,#0000FF,0,330.99354806160653,6
image_99.png,5,False,110.4966993827295,251.82123495869254,20,#0000FF,Quadrant 3,2,1,86,,#0000FF,0,129.64865297512964,6
image_99.png,5,False,677.5179343793039,388.6751016618739,20,#0000FF,Quadrant 4,2,2,86,,#0000FF,0,62.767137487935166,6
image_99.png,5,False,264.6058079813706,18.9142334848376,20,#0000FF,Quadrant 1,1,1,86,,#0000FF,0,317.4974964388757,6
image_99.png,5,False,110.20482042670486,184.85432229280772,20,#0000FF,Quadrant 1,1,1,86,,#0000FF,0,289.962172418451,6
image_99.png,5,False,589.8532547999802,144.41183901326468,20,#0000FF,Quadrant 2,1,2,86,,#0000FF,0,144.8031416908556,6
image_99.png,5,False,235.62156843723568,161.77779691157747,20,#0000FF,Quadrant 1,1,1,86,,#0000FF,0,130.88169426924344,6
image_99.png,5,False,145.080735103603,341.22311937569054,20,#0000FF,Quadrant 3,2,1,86,,#0000FF,0,68.74742719992378,6
image_99.png,5,False,437.4057371496623,351.33393644657804,20,#0000FF,Quadrant 4,2,2,86,,#0000FF,0,237.35735209498762,6
image_99.png,5,False,537.3798635135736,165.30265797436746,20,#0000FF,Quadrant 2,1,2,86,,#0000FF,0,197.35398583470229,6
image_99.png,5,False,158.1109274004367,64.4233031850149,20,#0000FF,Quadrant 1,1,1,86,,#0000FF,0,231.84001736703243,6
image_99.png,5,False,460.3915968734648,124.52106372987886,20,#0000FF,Quadrant 2,1,2,86,,#0000FF,0,39.11406543417521,6
image_99.png,5,False,544.6840086915078,246.71932208374548,20,#0000FF,Quadrant 4,2,2,86,,#0000FF,0,299.8396422271715,6
image_99.png,5,False,275.77615519372404,206.61532441686302,20,#0000FF,Quadrant 3,2,1,86,,#0000FF,0,56.418964844007235,6
image_99.png,5,False,316.21345549391646,273.3205121609519,20,#0000FF,Quadrant 3,2,1,86,,#0000FF,0,64.91348400378033,6
image_99.png,5,False,399.15779934828265,69.9134480982126,20,#0000FF,Quadrant 2,1,2,86,,#0000FF,0,268.54981187751036,6
image_99.png,5,False,549.7007904483121,85.77208530126713,20,#0000FF,Quadrant 2,1,2,86,,#0000FF,0,144.6755341218776,6
image_99.png,5,False,652.6329506436433,130.52912003334862,20,#0000FF,Quadrant 2,1,2,86,,#0000FF,0,46.99983026492068,6
image_99.png,5,False,432.89185432773235,288.9500612424043,20,#0000FF,Quadrant 4,2,2,86,,#0000FF,0,335.88727827982115,6
image_99.png,5,False,476.8945024078899,308.4717328899035,20,#0000FF,Quadrant 4,2,2,86,,#0000FF,0,315.32996544769844,6
image_99.png,5,False,16.972722500550432,336.9302237231828,20,#0000FF,Quadrant 3,2,1,86,,#0000FF,0,30.870021043179797,6
image_99.png,5,False,412.9960310251335,324.08020452276793,20,#0000FF,Quadrant 4,2,2,86,,#0000FF,0,327.32841784939177,6
image_99.png,5,False,495.7826163897305,120.52211651671604,20,#0000FF,Quadrant 2,1,2,86,,#0000FF,0,171.03143961655704,6
image_99.png,5,False,688.4957807866532,271.80628319488466,20,#0000FF,Quadrant 4,2,2,86,,#0000FF,0,169.04436358772617,6
image_99.png,5,False,317.53877919823293,296.64458795551224,20,#0000FF,Quadrant 3,2,1,86,,#0000FF,0,52.792664522726334,6
image_99.png,5,False,273.47395960813924,154.40176707700385,20,#0000FF,Quadrant 1,1,1,86,,#0000FF,0,48.815546608592925,6
image_99.png,5,False,24.748388349077317,271.1099260701106,20,#0000FF,Quadrant 3,2,1,86,,#0000FF,0,61.36486467845525,6
image_99.png,5,False,652.4191627487932,232.08887523548358,20,#0000FF,Quadrant 4,2,2,86,,#0000FF,0,294.46261354132236,6
image_99.png,5,False,621.7920960106557,37.040416888855454,20,#0000FF,Quadrant 2,1,2,86,,#0000FF,0,355.6135075584336,6
image_99.png,5,False,664.6968626301864,42.401478633888644,20,#0000FF,Quadrant 2,1,2,86,,#0000FF,0,256.10694531650444,6
image_99.png,5,False,561.7298739990791,17.03119213181665,20,#0000FF,Quadrant 2,1,2,86,,#0000FF,0,217.0125209844524,6
image_99.png,5,False,143.30394828132017,116.932927677108,20,#0000FF,Quadrant 1,1,1,86,,#0000FF,0,306.4510173423415,6
image_99.png,5,False,46.83562724620192,101.26788491602709,20,#0000FF,Quadrant 1,1,1,86,,#0000FF,0,326.093995124679,6
image_99.png,5,False,320.31350595764854,174.65497608171208,20,#0000FF,Quadrant 1,1,1,86,,#0000FF,0,110.38900296927108,6
image_99.png,5,False,527.7483624042691,298.191194059179,20,#0000FF,Quadrant 4,2,2,86,,#0000FF,0,14.564065770962484,6
image_99.png,5,False,66.28824416831947,219.38161493733,20,#0000FF,Quadrant 3,2,1,86,,#0000FF,0,164.91150854071816,6
image_99.png,5,False,685.0133285998523,246.93612967458543,20,#0000FF,Quadrant 4,2,2,86,,#0000FF,0,47.03394825707679,6
image_99.png,5,False,24.23717740600933,154.89368155199904,20,#0000FF,Quadrant 1,1,1,86,,#0000FF,0,264.47085564222135,6
image_99.png,5,False,599.1487693982344,307.39749390234334,20,#0000FF,Quadrant 4,2,2,86,,#0000FF,0,289.13257110513985,6
image_99.png,5,False,391.5916454561834,195.77789856836458,20,#0000FF,Quadrant 2,1,2,86,,#0000FF,0,258.8821585042153,6
image_99.png,5,False,89.2189121235321,317.465421159437,20,#0000FF,Quadrant 3,2,1,86,,#0000FF,0,183.1648615188516,6
image_99.png,5,False,117.11022205684456,313.95076742444434,20,#0000FF,Quadrant 3,2,1,86,,#0000FF,0,134.4197847201325,6
image_99.png,5,False,567.0135228562496,339.9203271088639,20,#0000FF,Quadrant 4,2,2,86,,#0000FF,0,4.841000327030303,6
image_99.png,5,False,148.47018260138844,293.01222270906277,20,#0000FF,Quadrant 3,2,1,86,,#0000FF,0,253.49314697040154,6
image_99.png,5,False,74.18397483883257,370.6261461870333,20,#0000FF,Quadrant 3,2,1,86,,#0000FF,0,29.216015836648104,6
image_99.png,5,False,65.71483807693983,132.1130716534015,20,#0000FF,Quadrant 1,1,1,86,,#0000FF,0,17.99950732374566,6
image_99.png,5,False,338.9943915105804,85.57930698777601,20,#0000FF,Quadrant 1,1,1,86,,#0000FF,0,190.5600532095871,6
image_99.png,5,False,476.8737812098749,337.97310961350644,20,#0000FF,Quadrant 4,2,2,86,,#0000FF,0,103.70285796644764,6
image_99.png,5,False,138.41528678481018,13.386462033339118,20,#0000FF,Quadrant 1,1,1,86,,#0000FF,0,22.055883700444383,6
image_99.png,5,False,694.4745044253469,72.39611186969647,20,#0000FF,Quadrant 2,1,2,86,,#0000FF,0,115.70596063333038,6
image_99.png,5,False,207.64267723545368,172.22581017657384,20,#0000FF,Quadrant 1,1,1,86,,#0000FF,0,182.39560328881583,6
image_100.png,2,True,462.1862532540644,376.95655809622053,20,#FF0000,Quadrant 4,2,2,12,151,#FF0000,0,190.99830420698152,3
image_100.png,5,False,530.7106975995824,35.43896156022098,20,#0000FF,Quadrant 2,1,2,12,,#0000FF,0,90.60054198892179,3
image_100.png,5,False,248.1698211130186,288.04156004512834,20,#0000FF,Quadrant 3,2,1,12,,#0000FF,0,22.601871623190448,3
image_100.png,5,False,574.3977191100664,41.22170922745194,20,#0000FF,Quadrant 2,1,2,12,,#0000FF,0,223.14433985973926,3
image_100.png,5,False,504.3995910677846,15.53560076184103,20,#0000FF,Quadrant 2,1,2,12,,#0000FF,0,275.1961708330384,3
image_100.png,5,False,71.79163106811234,233.31639961588343,20,#0000FF,Quadrant 3,2,1,12,,#0000FF,0,267.93673129991,3
image_100.png,5,False,56.39050197735113,110.20130102978864,20,#0000FF,Quadrant 1,1,1,12,,#0000FF,0,244.15039826442742,3
image_100.png,5,False,321.59220915093664,291.5488205443688,20,#0000FF,Quadrant 3,2,1,12,,#0000FF,0,302.30106349932424,3
image_100.png,5,False,355.289807296323,299.56991714891086,20,#0000FF,Quadrant 3,2,1,12,,#0000FF,0,172.96157072007372,3
image_100.png,5,False,699.3781274205736,82.9277493076488,20,#0000FF,Quadrant 2,1,2,12,,#0000FF,0,112.85088268317341,3
image_100.png,5,False,40.41994427893843,144.39429672717185,20,#0000FF,Quadrant 1,1,1,12,,#0000FF,0,211.4024855300714,3
image_100.png,5,False,329.070110771726,360.0625957323843,20,#0000FF,Quadrant 3,2,1,12,,#0000FF,0,167.38013384335395,3
image_100.png,5,False,680.8982086318248,186.24981832773923,20,#0000FF,Quadrant 2,1,2,12,,#0000FF,0,304.7333781441802,3
image_101.png,2,True,519.3849854255495,156.7432549194077,20,#FF0000,Quadrant 2,1,2,31,151,#FF0000,0,54.96654459200679,4
image_101.png,5,False,612.7462525894393,308.9642853418103,20,#0000FF,Quadrant 4,2,2,31,,#0000FF,0,341.8682778538222,4
image_101.png,5,False,610.602598254241,67.46712473765089,20,#0000FF,Quadrant 2,1,2,31,,#0000FF,0,137.32464638586615,4
image_101.png,5,False,310.28869321389084,319.9790131311852,20,#0000FF,Quadrant 3,2,1,31,,#0000FF,0,131.65561798976404,4
image_101.png,5,False,115.06563061873392,368.60422902940087,20,#0000FF,Quadrant 3,2,1,31,,#0000FF,0,325.9304313525616,4
image_101.png,5,False,22.292272780835148,189.52494800584117,20,#0000FF,Quadrant 1,1,1,31,,#0000FF,0,78.11776335645195,4
image_101.png,5,False,147.25421769125745,198.98788066404802,20,#0000FF,Quadrant 1,1,1,31,,#0000FF,0,97.520429502677,4
image_101.png,5,False,582.7171551967402,333.7419407788382,20,#0000FF,Quadrant 4,2,2,31,,#0000FF,0,56.993881980091075,4
image_101.png,5,False,141.8728346766714,240.37984980322148,20,#0000FF,Quadrant 3,2,1,31,,#0000FF,0,99.9610543399017,4
image_101.png,5,False,469.72876038532644,144.57363587188794,20,#0000FF,Quadrant 2,1,2,31,,#0000FF,0,175.44317088183737,4
image_101.png,5,False,667.5827677901211,277.87711222613376,20,#0000FF,Quadrant 4,2,2,31,,#0000FF,0,38.16414105956393,4
image_101.png,5,False,108.47820089772351,207.09230053858278,20,#0000FF,Quadrant 3,2,1,31,,#0000FF,0,218.8143547188928,4
image_101.png,5,False,446.10942875800316,138.98343231017523,20,#0000FF,Quadrant 2,1,2,31,,#0000FF,0,344.46841739775806,4
image_101.png,5,False,437.13284841611403,242.1949153099828,20,#0000FF,Quadrant 4,2,2,31,,#0000FF,0,111.82029251948538,4
image_101.png,5,False,375.91970037838155,139.93475712804533,20,#0000FF,Quadrant 2,1,2,31,,#0000FF,0,215.6816950931706,4
image_101.png,5,False,485.3864903924108,59.43446896744166,20,#0000FF,Quadrant 2,1,2,31,,#0000FF,0,134.40768994811728,4
image_101.png,5,False,337.25737701723807,17.694299690392306,20,#0000FF,Quadrant 1,1,1,31,,#0000FF,0,203.51796797927508,4
image_101.png,5,False,180.5696882107494,368.05001155513395,20,#0000FF,Quadrant 3,2,1,31,,#0000FF,0,133.2030659177915,4
image_101.png,5,False,638.0906792336779,352.1654402623996,20,#0000FF,Quadrant 4,2,2,31,,#0000FF,0,247.78143945364508,4
image_101.png,5,False,632.3677453851082,190.99894381622016,20,#0000FF,Quadrant 2,1,2,31,,#0000FF,0,228.19371409465106,4
image_101.png,5,False,245.7818052225145,311.0632094229828,20,#0000FF,Quadrant 3,2,1,31,,#0000FF,0,100.99128365366509,4
image_101.png,5,False,632.3786547600815,375.94913425782903,20,#0000FF,Quadrant 4,2,2,31,,#0000FF,0,251.3986369220614,4
image_101.png,5,False,405.2974476897156,355.50196467738067,20,#0000FF,Quadrant 4,2,2,31,,#0000FF,0,281.37424430076345,4
image_101.png,5,False,430.86772320647026,318.4356761413093,20,#0000FF,Quadrant 4,2,2,31,,#0000FF,0,254.91775790915278,4
image_101.png,5,False,617.8217046771679,156.20618372837228,20,#0000FF,Quadrant 2,1,2,31,,#0000FF,0,112.84561741311674,4
image_101.png,5,False,232.6202476771249,211.051041823443,20,#0000FF,Quadrant 3,2,1,31,,#0000FF,0,53.407965186972305,4
image_101.png,5,False,57.111633022838134,158.2599087347817,20,#0000FF,Quadrant 1,1,1,31,,#0000FF,0,262.0176581722694,4
image_101.png,5,False,541.492580825902,280.1010799116306,20,#0000FF,Quadrant 4,2,2,31,,#0000FF,0,69.54541984842244,4
image_101.png,5,False,546.8761416946771,190.076341384719,20,#0000FF,Quadrant 2,1,2,31,,#0000FF,0,130.9616844743356,4
image_101.png,5,False,13.103674102207307,145.6317971183978,20,#0000FF,Quadrant 1,1,1,31,,#0000FF,0,80.3999947600449,4
image_101.png,5,False,398.13387307283887,307.23265429662433,20,#0000FF,Quadrant 4,2,2,31,,#0000FF,0,223.43490819423735,4
image_101.png,5,False,344.95672517911396,129.75560942741816,20,#0000FF,Quadrant 1,1,1,31,,#0000FF,0,344.4003456474307,4
image_102.png,2,True,455.98484693964116,373.0203129735743,20,#FF0000,Quadrant 4,2,2,45,151,#FF0000,0,296.689119129347,5
image_102.png,5,False,93.92970607937782,288.232728994584,20,#0000FF,Quadrant 3,2,1,45,,#0000FF,0,215.13138754538676,5
image_102.png,5,False,145.31578333447132,312.96473248720804,20,#0000FF,Quadrant 3,2,1,45,,#0000FF,0,264.77815716354405,5
image_102.png,5,False,555.7987108906368,170.89072111877962,20,#0000FF,Quadrant 2,1,2,45,,#0000FF,0,101.68425298751538,5
image_102.png,5,False,18.51975634279814,109.653418400904,20,#0000FF,Quadrant 1,1,1,45,,#0000FF,0,294.6911524755684,5
image_102.png,5,False,28.420465498103404,257.3180172102717,20,#0000FF,Quadrant 3,2,1,45,,#0000FF,0,51.86145623473238,5
image_102.png,5,False,65.23096411665682,186.7471237573864,20,#0000FF,Quadrant 1,1,1,45,,#0000FF,0,274.4545065739182,5
image_102.png,5,False,112.70655803953132,247.58637100758665,20,#0000FF,Quadrant 3,2,1,45,,#0000FF,0,327.53038464093737,5
image_102.png,5,False,420.15924996891584,297.69847237113777,20,#0000FF,Quadrant 4,2,2,45,,#0000FF,0,199.89517045402698,5
image_102.png,5,False,199.4773666347927,115.30889203221425,20,#0000FF,Quadrant 1,1,1,45,,#0000FF,0,38.7881539559742,5
image_102.png,5,False,323.3467706605907,72.57661314077353,20,#0000FF,Quadrant 1,1,1,45,,#0000FF,0,254.26682336893148,5
image_102.png,5,False,669.7567309713575,57.83984827858265,20,#0000FF,Quadrant 2,1,2,45,,#0000FF,0,46.2728458360533,5
image_102.png,5,False,391.7242593297581,150.41471393095384,20,#0000FF,Quadrant 2,1,2,45,,#0000FF,0,312.385571282757,5
image_102.png,5,False,507.4253590881453,218.9480509879132,20,#0000FF,Quadrant 4,2,2,45,,#0000FF,0,113.49674328751534,5
image_102.png,5,False,456.32021079328825,160.5132498836771,20,#0000FF,Quadrant 2,1,2,45,,#0000FF,0,226.40052196631922,5
image_102.png,5,False,587.0545190647707,24.053848127191706,20,#0000FF,Quadrant 2,1,2,45,,#0000FF,0,117.57976756028486,5
image_102.png,5,False,400.71003650294654,225.90419957702005,20,#0000FF,Quadrant 4,2,2,45,,#0000FF,0,101.84721079949361,5
image_102.png,5,False,49.486977562257074,282.128147168197,20,#0000FF,Quadrant 3,2,1,45,,#0000FF,0,317.9734607354925,5
image_102.png,5,False,55.01187474032992,36.66417903368563,20,#0000FF,Quadrant 1,1,1,45,,#0000FF,0,47.472032448676075,5
image_102.png,5,False,371.1958220494539,366.3664140540118,20,#0000FF,Quadrant 4,2,2,45,,#0000FF,0,54.565173363768736,5
image_102.png,5,False,530.9604409654316,378.5367461515712,20,#0000FF,Quadrant 4,2,2,45,,#0000FF,0,84.60489506326157,5
image_102.png,5,False,295.3101923445006,294.82156191989725,20,#0000FF,Quadrant 3,2,1,45,,#0000FF,0,121.73689774585617,5
image_102.png,5,False,283.8372259331507,69.58395535633608,20,#0000FF,Quadrant 1,1,1,45,,#0000FF,0,231.05473491774742,5
image_102.png,5,False,638.9713944383727,109.56527329948354,20,#0000FF,Quadrant 2,1,2,45,,#0000FF,0,41.489693184160174,5
image_102.png,5,False,455.23866145273007,221.80477055279258,20,#0000FF,Quadrant 4,2,2,45,,#0000FF,0,86.13553509373294,5
image_102.png,5,False,591.7534016924446,96.24651060213179,20,#0000FF,Quadrant 2,1,2,45,,#0000FF,0,18.893916543162756,5
image_102.png,5,False,161.89162282366763,98.94761576568449,20,#0000FF,Quadrant 1,1,1,45,,#0000FF,0,15.262139552707335,5
image_102.png,5,False,610.7628825594244,200.22070459094274,20,#0000FF,Quadrant 4,2,2,45,,#0000FF,0,54.947068569001296,5
image_102.png,5,False,531.8585599888397,264.35941505145814,20,#0000FF,Quadrant 4,2,2,45,,#0000FF,0,116.26209154359321,5
image_102.png,5,False,538.4547694367285,197.06190576320859,20,#0000FF,Quadrant 2,1,2,45,,#0000FF,0,6.932063279218195,5
image_102.png,5,False,417.28170785909776,89.9402383324002,20,#0000FF,Quadrant 2,1,2,45,,#0000FF,0,14.446807444429272,5
image_102.png,5,False,264.6334606915966,350.66285079252617,20,#0000FF,Quadrant 3,2,1,45,,#0000FF,0,209.36995772565083,5
image_102.png,5,False,157.60427004772632,213.69493358417063,20,#0000FF,Quadrant 3,2,1,45,,#0000FF,0,59.10450445849697,5
image_102.png,5,False,523.7909325294463,117.37568205903811,20,#0000FF,Quadrant 2,1,2,45,,#0000FF,0,329.4722386148924,5
image_102.png,5,False,362.9960608007105,71.42833561869595,20,#0000FF,Quadrant 2,1,2,45,,#0000FF,0,200.25457899829897,5
image_102.png,5,False,429.649155203817,137.43561007083935,20,#0000FF,Quadrant 2,1,2,45,,#0000FF,0,72.57093006001209,5
image_102.png,5,False,190.3755335325282,56.04537568893189,20,#0000FF,Quadrant 1,1,1,45,,#0000FF,0,117.74091007749828,5
image_102.png,5,False,363.63371938870455,164.35113016765595,20,#0000FF,Quadrant 2,1,2,45,,#0000FF,0,234.50710238415516,5
image_102.png,5,False,39.703800774771445,315.1523384924516,20,#0000FF,Quadrant 3,2,1,45,,#0000FF,0,66.53953344054264,5
image_102.png,5,False,525.8711228872995,325.8474259579586,20,#0000FF,Quadrant 4,2,2,45,,#0000FF,0,205.27451116482098,5
image_102.png,5,False,621.9033338856315,320.15119062866336,20,#0000FF,Quadrant 4,2,2,45,,#0000FF,0,242.71427986892513,5
image_102.png,5,False,224.52217856434189,92.80810376691787,20,#0000FF,Quadrant 1,1,1,45,,#0000FF,0,183.99577802846213,5
image_102.png,5,False,241.0791575474814,199.84604574656885,20,#0000FF,Quadrant 1,1,1,45,,#0000FF,0,65.13089291549385,5
image_102.png,5,False,507.05883051119895,184.08027821808116,20,#0000FF,Quadrant 2,1,2,45,,#0000FF,0,259.1791571668224,5
image_102.png,5,False,11.186538550983991,22.793576077272036,20,#0000FF,Quadrant 1,1,1,45,,#0000FF,0,38.61417232743237,5
image_102.png,5,False,317.6467627793476,286.4668305273795,20,#0000FF,Quadrant 3,2,1,45,,#0000FF,0,0.003412583774005107,5
image_103.png,2,True,159.34765381319065,83.11689823132299,20,#FF0000,Quadrant 1,1,1,5,151,#FF0000,0,19.273622725143372,2
image_103.png,5,False,614.8703573411229,39.7656118112202,20,#0000FF,Quadrant 2,1,2,5,,#0000FF,0,152.33963837522813,2
image_103.png,5,False,26.429833024418137,302.22771316191,20,#0000FF,Quadrant 3,2,1,5,,#0000FF,0,150.29533084709456,2
image_103.png,5,False,219.11252905224586,110.31029746471829,20,#0000FF,Quadrant 1,1,1,5,,#0000FF,0,323.46781196614756,2
image_103.png,5,False,622.3923945388349,313.6104452886132,20,#0000FF,Quadrant 4,2,2,5,,#0000FF,0,334.84527003473363,2
image_103.png,5,False,644.4709814689535,292.33048196149355,20,#0000FF,Quadrant 4,2,2,5,,#0000FF,0,73.67974552003298,2
image_104.png,2,True,653.1777482428537,76.99172739253973,20,#FF0000,Quadrant 2,1,2,66,151,#FF0000,0,316.9046042500101,6
image_104.png,5,False,510.3934216408367,183.08245027647385,20,#0000FF,Quadrant 2,1,2,66,,#0000FF,0,40.53123616422931,6
image_104.png,5,False,489.7988995915612,114.24486139480219,20,#0000FF,Quadrant 2,1,2,66,,#0000FF,0,319.1184020692089,6
image_104.png,5,False,399.0659193734118,34.92129294933422,20,#0000FF,Quadrant 2,1,2,66,,#0000FF,0,8.121221162644163,6
image_104.png,5,False,159.46267091403675,161.26971751668512,20,#0000FF,Quadrant 1,1,1,66,,#0000FF,0,249.0485469638269,6
image_104.png,5,False,36.60404453966573,174.48028398983595,20,#0000FF,Quadrant 1,1,1,66,,#0000FF,0,135.8730081525692,6
image_104.png,5,False,131.59077289948613,16.015706062432653,20,#0000FF,Quadrant 1,1,1,66,,#0000FF,0,167.6525699233467,6
image_104.png,5,False,463.4043088958714,373.6641175365708,20,#0000FF,Quadrant 4,2,2,66,,#0000FF,0,323.066920756192,6
image_104.png,5,False,500.1223021224198,282.7331764185928,20,#0000FF,Quadrant 4,2,2,66,,#0000FF,0,315.49529746991584,6
image_104.png,5,False,195.15897791698924,264.7296874880925,20,#0000FF,Quadrant 3,2,1,66,,#0000FF,0,72.97150737567814,6
image_104.png,5,False,140.5801023303713,271.6972257296733,20,#0000FF,Quadrant 3,2,1,66,,#0000FF,0,346.74825902221323,6
image_104.png,5,False,697.1320064066018,27.678533600202897,20,#0000FF,Quadrant 2,1,2,66,,#0000FF,0,291.72741383836785,6
image_104.png,5,False,601.4717707406904,222.28098180824034,20,#0000FF,Quadrant 4,2,2,66,,#0000FF,0,202.75630876974233,6
image_104.png,5,False,556.6630393975815,281.48520434436637,20,#0000FF,Quadrant 4,2,2,66,,#0000FF,0,253.06089651487724,6
image_104.png,5,False,208.4102879004178,44.421247885097195,20,#0000FF,Quadrant 1,1,1,66,,#0000FF,0,267.30934751798236,6
image_104.png,5,False,576.4720848838642,216.8553007092491,20,#0000FF,Quadrant 4,2,2,66,,#0000FF,0,132.2269752938501,6
image_104.png,5,False,632.3545955330625,285.50307187651913,20,#0000FF,Quadrant 4,2,2,66,,#0000FF,0,134.37628624660132,6
image_104.png,5,False,231.97004311941058,252.66076181147818,20,#0000FF,Quadrant 3,2,1,66,,#0000FF,0,194.67612544037735,6
image_104.png,5,False,410.76592428107455,151.6575481795446,20,#0000FF,Quadrant 2,1,2,66,,#0000FF,0,146.52059244086283,6
image_104.png,5,False,539.6788560114632,66.8053443415313,20,#0000FF,Quadrant 2,1,2,66,,#0000FF,0,354.06460497585954,6
image_104.png,5,False,673.3952403474533,43.67642152021388,20,#0000FF,Quadrant 2,1,2,66,,#0000FF,0,146.81728012649998,6
image_104.png,5,False,105.83498797790709,360.54381055814594,20,#0000FF,Quadrant 3,2,1,66,,#0000FF,0,91.15211038677427,6
image_104.png,5,False,321.57966502980577,214.82205802023697,20,#0000FF,Quadrant 3,2,1,66,,#0000FF,0,232.36709064215316,6
image_104.png,5,False,624.0314849053226,140.82552174777825,20,#0000FF,Quadrant 2,1,2,66,,#0000FF,0,244.9215607280985,6
image_104.png,5,False,688.0900089939555,65.8290863062708,20,#0000FF,Quadrant 2,1,2,66,,#0000FF,0,330.58752588552346,6
image_104.png,5,False,446.92854090226456,292.53209158974715,20,#0000FF,Quadrant 4,2,2,66,,#0000FF,0,122.99395646509508,6
image_104.png,5,False,406.2741952250165,380.3936876844287,20,#0000FF,Quadrant 4,2,2,66,,#0000FF,0,306.3952288593709,6
image_104.png,5,False,579.2083124192432,160.82036643400045,20,#0000FF,Quadrant 2,1,2,66,,#0000FF,0,285.22000785240976,6
image_104.png,5,False,617.8181575468576,385.41048678400375,20,#0000FF,Quadrant 4,2,2,66,,#0000FF,0,296.4396136316015,6
image_104.png,5,False,368.9829351717885,228.52561555450637,20,#0000FF,Quadrant 4,2,2,66,,#0000FF,0,195.8388252192157,6
image_104.png,5,False,482.2833652572318,308.7597642734058,20,#0000FF,Quadrant 4,2,2,66,,#0000FF,0,266.29605503113294,6
image_104.png,5,False,235.26074884271534,327.18520053649775,20,#0000FF,Quadrant 3,2,1,66,,#0000FF,0,176.10479714044692,6
image_104.png,5,False,656.5434378693088,208.7397480480755,20,#0000FF,Quadrant 4,2,2,66,,#0000FF,0,134.39596531869657,6
image_104.png,5,False,323.5676674863555,326.3840277665137,20,#0000FF,Quadrant 3,2,1,66,,#0000FF,0,230.5689650163413,6
image_104.png,5,False,358.60813869651673,51.748727866908176,20,#0000FF,Quadrant 2,1,2,66,,#0000FF,0,285.69383821592453,6
image_104.png,5,False,60.75039820232878,370.14180743603515,20,#0000FF,Quadrant 3,2,1,66,,#0000FF,0,51.967997921286006,6
image_104.png,5,False,290.816590716458,322.93767937343,20,#0000FF,Quadrant 3,2,1,66,,#0000FF,0,87.06000590390117,6
image_104.png,5,False,77.54859832389901,318.8788644835389,20,#0000FF,Quadrant 3,2,1,66,,#0000FF,0,195.10807774789257,6
image_104.png,5,False,32.42613899555225,56.76655218213079,20,#0000FF,Quadrant 1,1,1,66,,#0000FF,0,8.462020798319546,6
image_104.png,5,False,545.7107490588111,37.96506495277776,20,#0000FF,Quadrant 2,1,2,66,,#0000FF,0,66.85708208349627,6
image_104.png,5,False,666.2477206584705,170.4848253962591,20,#0000FF,Quadrant 2,1,2,66,,#0000FF,0,91.23620452683988,6
image_104.png,5,False,288.66755762906115,274.77539855150883,20,#0000FF,Quadrant 3,2,1,66,,#0000FF,0,128.70514421292108,6
image_104.png,5,False,278.1578985848805,89.79349703216059,20,#0000FF,Quadrant 1,1,1,66,,#0000FF,0,108.07757201448865,6
image_104.png,5,False,417.2969587413509,191.85012525404247,20,#0000FF,Quadrant 2,1,2,66,,#0000FF,0,154.26859693924186,6
image_104.png,5,False,39.85179450297278,196.7240515001944,20,#0000FF,Quadrant 1,1,1,66,,#0000FF,0,221.32914374471474,6
image_104.png,5,False,231.22634284333438,22.733241041642884,20,#0000FF,Quadrant 1,1,1,66,,#0000FF,0,11.346493810401439,6
image_104.png,5,False,78.52669751078965,271.2874516392733,20,#0000FF,Quadrant 3,2,1,66,,#0000FF,0,194.0462291026373,6
image_104.png,5,False,252.87684082199084,378.1749683087513,20,#0000FF,Quadrant 3,2,1,66,,#0000FF,0,223.28342077902605,6
image_104.png,5,False,29.82908085582749,25.617855429101,20,#0000FF,Quadrant 1,1,1,66,,#0000FF,0,176.5110468720629,6
image_104.png,5,False,177.3098827293993,382.9520932688389,20,#0000FF,Quadrant 3,2,1,66,,#0000FF,0,269.65879977835544,6
image_104.png,5,False,224.46155529289803,304.7679056534704,20,#0000FF,Quadrant 3,2,1,66,,#0000FF,0,12.363173933581276,6
image_104.png,5,False,330.13100470078473,274.5155366628534,20,#0000FF,Quadrant 3,2,1,66,,#0000FF,0,180.74614007207734,6
image_104.png,5,False,648.3115459238868,258.09947568026996,20,#0000FF,Quadrant 4,2,2,66,,#0000FF,0,139.74411911123067,6
image_104.png,5,False,414.520471707535,274.92586019133273,20,#0000FF,Quadrant 4,2,2,66,,#0000FF,0,17.53735610212049,6
image_104.png,5,False,211.0075068263107,136.27509840804743,20,#0000FF,Quadrant 1,1,1,66,,#0000FF,0,58.58862619350801,6
image_104.png,5,False,117.65457513437511,327.5275362211332,20,#0000FF,Quadrant 3,2,1,66,,#0000FF,0,39.48284542002265,6
image_104.png,5,False,346.02449440650935,13.15176491737951,20,#0000FF,Quadrant 1,1,1,66,,#0000FF,0,71.68430904725662,6
image_104.png,5,False,566.887031119447,353.24496611033936,20,#0000FF,Quadrant 4,2,2,66,,#0000FF,0,279.2664413752487,6
image_104.png,5,False,41.22965162447539,80.0522082630825,20,#0000FF,Quadrant 1,1,1,66,,#0000FF,0,278.08656078293217,6
image_104.png,5,False,80.95948948930594,63.61960633021312,20,#0000FF,Quadrant 1,1,1,66,,#0000FF,0,328.1958705320376,6
image_104.png,5,False,263.63951842709207,275.1922133604435,20,#0000FF,Quadrant 3,2,1,66,,#0000FF,0,157.71502598086323,6
image_104.png,5,False,372.84572692593963,273.26096999058853,20,#0000FF,Quadrant 4,2,2,66,,#0000FF,0,7.3935378717420175,6
image_104.png,5,False,84.26006815904628,190.0427251955638,20,#0000FF,Quadrant 1,1,1,66,,#0000FF,0,228.53951957564402,6
image_104.png,5,False,287.5142844274733,358.4857425387329,20,#0000FF,Quadrant 3,2,1,66,,#0000FF,0,128.751331350693,6
image_104.png,5,False,614.242222053977,56.74211164648314,20,#0000FF,Quadrant 2,1,2,66,,#0000FF,0,326.3818464728623,6
image_104.png,5,False,697.6025841022887,152.11377528820398,20,#0000FF,Quadrant 2,1,2,66,,#0000FF,0,160.596762281286,6
image_104.png,5,False,295.73322339222227,222.55396790078044,20,#0000FF,Quadrant 3,2,1,66,,#0000FF,0,66.78366668197053,6
image_105.png,2,True,102.78501236763921,276.157134992542,20,#FF0000,Quadrant 3,2,1,6,151,#FF0000,0,53.059403211798625,2
image_105.png,5,False,52.33585643414449,308.89692093877886,20,#0000FF,Quadrant 3,2,1,6,,#0000FF,0,4.029703541614702,2
image_105.png,5,False,469.8128114208318,232.34653737050513,20,#0000FF,Quadrant 4,2,2,6,,#0000FF,0,40.590929901918194,2
image_105.png,5,False,617.5850203715052,62.80935738073315,20,#0000FF,Quadrant 2,1,2,6,,#0000FF,0,3.188696721225135,2
image_105.png,5,False,603.9435374288867,313.86316010896917,20,#0000FF,Quadrant 4,2,2,6,,#0000FF,0,331.463396904792,2
image_105.png,5,False,338.10933164903355,191.96158554359005,20,#0000FF,Quadrant 1,1,1,6,,#0000FF,0,67.92012422571395,2
image_105.png,5,False,278.23384375899593,250.42390086514698,20,#0000FF,Quadrant 3,2,1,6,,#0000FF,0,35.656925008225954,2
image_106.png,2,True,98.47239643376791,203.73006346048552,20,#FF0000,Quadrant 3,2,1,37,151,#FF0000,0,52.60046213976772,5
image_106.png,5,False,57.84787770455553,205.05937425918648,20,#0000FF,Quadrant 3,2,1,37,,#0000FF,0,310.0267707838601,5
image_106.png,5,False,401.0824549980524,104.39163642364497,20,#0000FF,Quadrant 2,1,2,37,,#0000FF,0,355.45021732250177,5
image_106.png,5,False,589.6021828879012,147.73111012887975,20,#0000FF,Quadrant 2,1,2,37,,#0000FF,0,271.22894904660507,5
image_106.png,5,False,191.8407639786878,33.55640039143127,20,#0000FF,Quadrant 1,1,1,37,,#0000FF,0,81.1231376087012,5
image_106.png,5,False,610.8907526047225,306.07889586068467,20,#0000FF,Quadrant 4,2,2,37,,#0000FF,0,155.47357242887617,5
image_106.png,5,False,473.7709706988574,362.83483297565493,20,#0000FF,Quadrant 4,2,2,37,,#0000FF,0,9.959485153392315,5
image_106.png,5,False,428.8347568680391,338.70159109640537,20,#0000FF,Quadrant 4,2,2,37,,#0000FF,0,140.67944200290887,5
image_106.png,5,False,98.7278554982173,243.43060315302478,20,#0000FF,Quadrant 3,2,1,37,,#0000FF,0,269.49906234966846,5
image_106.png,5,False,623.3447132937642,255.2034829524704,20,#0000FF,Quadrant 4,2,2,37,,#0000FF,0,284.56833380041286,5
image_106.png,5,False,543.6653279193728,174.5762973035323,20,#0000FF,Quadrant 2,1,2,37,,#0000FF,0,103.5459642035369,5
image_106.png,5,False,56.70410953463698,43.070527287507865,20,#0000FF,Quadrant 1,1,1,37,,#0000FF,0,11.129044221594313,5
image_106.png,5,False,281.9611993617882,186.58368111970327,20,#0000FF,Quadrant 1,1,1,37,,#0000FF,0,133.02760615840697,5
image_106.png,5,False,642.8893177977318,125.72182387210913,20,#0000FF,Quadrant 2,1,2,37,,#0000FF,0,290.45209851268237,5
image_106.png,5,False,236.36347133976335,127.47762450079041,20,#0000FF,Quadrant 1,1,1,37,,#0000FF,0,192.70474328031028,5
image_106.png,5,False,363.38213268731226,156.9434764705888,20,#0000FF,Quadrant 2,1,2,37,,#0000FF,0,341.45853943503107,5
image_106.png,5,False,485.34321399932793,273.80433431082173,20,#0000FF,Quadrant 4,2,2,37,,#0000FF,0,313.61725913154163,5
image_106.png,5,False,427.98611935933343,260.8613361495619,20,#0000FF,Quadrant 4,2,2,37,,#0000FF,0,332.4434397040767,5
image_106.png,5,False,334.367061251736,45.39334868906661,20,#0000FF,Quadrant 1,1,1,37,,#0000FF,0,206.63571990591467,5
image_106.png,5,False,246.9205068801138,206.42508537312295,20,#0000FF,Quadrant 3,2,1,37,,#0000FF,0,176.28319316418163,5
image_106.png,5,False,184.34753484625085,112.38399425978068,20,#0000FF,Quadrant 1,1,1,37,,#0000FF,0,227.29171441984454,5
image_106.png,5,False,210.0844560084112,205.10977014991911,20,#0000FF,Quadrant 3,2,1,37,,#0000FF,0,97.65043225072729,5
image_106.png,5,False,635.1036553185376,353.9282645322292,20,#0000FF,Quadrant 4,2,2,37,,#0000FF,0,112.69858787696913,5
image_106.png,5,False,303.03134947577644,260.1440066337388,20,#0000FF,Quadrant 3,2,1,37,,#0000FF,0,95.00765364761486,5
image_106.png,5,False,624.5892226708646,63.64696031248858,20,#0000FF,Quadrant 2,1,2,37,,#0000FF,0,276.5930591575752,5
image_106.png,5,False,214.2655411801234,270.7250779815041,20,#0000FF,Quadrant 3,2,1,37,,#0000FF,0,277.1672505721419,5
image_106.png,5,False,384.97260763459127,132.39186074798982,20,#0000FF,Quadrant 2,1,2,37,,#0000FF,0,130.135298196551,5
image_106.png,5,False,411.82507883278754,76.55110042024901,20,#0000FF,Quadrant 2,1,2,37,,#0000FF,0,287.2910306347054,5
image_106.png,5,False,555.2721229079596,324.88714170103253,20,#0000FF,Quadrant 4,2,2,37,,#0000FF,0,74.06417709087764,5
image_106.png,5,False,457.11188368349434,198.84925010613708,20,#0000FF,Quadrant 2,1,2,37,,#0000FF,0,65.90802013440707,5
image_106.png,5,False,344.7125461179134,113.33990659176497,20,#0000FF,Quadrant 1,1,1,37,,#0000FF,0,88.42817292352679,5
image_106.png,5,False,381.2745358811632,66.31648884926973,20,#0000FF,Quadrant 2,1,2,37,,#0000FF,0,204.54817895046264,5
image_106.png,5,False,184.99709335514729,376.34217995658844,20,#0000FF,Quadrant 3,2,1,37,,#0000FF,0,218.15415252699023,5
image_106.png,5,False,688.884753136581,12.234953456778358,20,#0000FF,Quadrant 2,1,2,37,,#0000FF,0,292.7212300765963,5
image_106.png,5,False,693.6982360362547,231.59460342226782,20,#0000FF,Quadrant 4,2,2,37,,#0000FF,0,163.7138037123558,5
image_106.png,5,False,305.69032750852153,382.0813380409295,20,#0000FF,Quadrant 3,2,1,37,,#0000FF,0,18.357494424044702,5
image_106.png,5,False,339.2176587001358,157.2424134490465,20,#0000FF,Quadrant 1,1,1,37,,#0000FF,0,214.29783879897371,5
image_106.png,5,False,135.78115759558628,147.58460469042532,20,#0000FF,Quadrant 1,1,1,37,,#0000FF,0,43.00011851118391,5
image_107.png,2,True,202.09829909385036,218.32948446507868,20,#FF0000,Quadrant 3,2,1,1,151,#FF0000,0,304.98289633766404,1
image_107.png,5,False,551.0868696724522,360.93267213450923,20,#0000FF,Quadrant 4,2,2,1,,#0000FF,0,96.6291442950961,1
image_108.png,2,True,625.1136501427337,225.16245431180744,20,#FF0000,Quadrant 4,2,2,92,151,#FF0000,0,73.76138638241184,6
image_108.png,5,False,243.61046057969463,247.00808863340464,20,#0000FF,Quadrant 3,2,1,92,,#0000FF,0,3.548195362951838,6
image_108.png,5,False,307.1340210723035,98.1245894083784,20,#0000FF,Quadrant 1,1,1,92,,#0000FF,0,99.78256957462216,6
image_108.png,5,False,404.15518206312953,111.82612360066084,20,#0000FF,Quadrant 2,1,2,92,,#0000FF,0,222.59228451041923,6
image_108.png,5,False,590.2891494397345,68.34369466212866,20,#0000FF,Quadrant 2,1,2,92,,#0000FF,0,198.9416859096178,6
image_108.png,5,False,229.21856024309983,94.11173113403021,20,#0000FF,Quadrant 1,1,1,92,,#0000FF,0,199.33568962129357,6
image_108.png,5,False,668.6321160086444,45.465189843839546,20,#0000FF,Quadrant 2,1,2,92,,#0000FF,0,221.86678831486853,6
image_108.png,5,False,685.3053502823803,112.95762185759861,20,#0000FF,Quadrant 2,1,2,92,,#0000FF,0,266.56419918751425,6
image_108.png,5,False,76.92604068388745,330.5544975967708,20,#0000FF,Quadrant 3,2,1,92,,#0000FF,0,175.05254778893874,6
image_108.png,5,False,327.60005641743066,73.61288719723073,20,#0000FF,Quadrant 1,1,1,92,,#0000FF,0,79.55045496768369,6
image_108.png,5,False,162.81537443068103,51.592251771670874,20,#0000FF,Quadrant 1,1,1,92,,#0000FF,0,62.475519555398755,6
image_108.png,5,False,277.4385691315519,91.66059271815655,20,#0000FF,Quadrant 1,1,1,92,,#0000FF,0,215.8978803891855,6
image_108.png,5,False,67.49602727949872,280.296654432135,20,#0000FF,Quadrant 3,2,1,92,,#0000FF,0,36.13198090360755,6
image_108.png,5,False,520.2842639082191,156.33174679816997,20,#0000FF,Quadrant 2,1,2,92,,#0000FF,0,159.30992017789774,6
image_108.png,5,False,272.93205491353064,215.59802698486376,20,#0000FF,Quadrant 3,2,1,92,,#0000FF,0,221.41905181296096,6
image_108.png,5,False,618.5645435296848,196.79449457715305,20,#0000FF,Quadrant 2,1,2,92,,#0000FF,0,97.82038862888778,6
image_108.png,5,False,371.9914769220124,132.74624615781437,20,#0000FF,Quadrant 2,1,2,92,,#0000FF,0,284.25159271845826,6
image_108.png,5,False,435.17446781891255,327.84676424523906,20,#0000FF,Quadrant 4,2,2,92,,#0000FF,0,179.65157436371862,6
image_108.png,5,False,267.97016540595394,276.9065144750545,20,#0000FF,Quadrant 3,2,1,92,,#0000FF,0,218.35941697634047,6
image_108.png,5,False,492.5619745834086,153.75709378457265,20,#0000FF,Quadrant 2,1,2,92,,#0000FF,0,216.3432772554331,6
image_108.png,5,False,153.7131973963427,129.77205320845806,20,#0000FF,Quadrant 1,1,1,92,,#0000FF,0,283.7051825630834,6
image_108.png,5,False,182.39953986994456,120.87659142624648,20,#0000FF,Quadrant 1,1,1,92,,#0000FF,0,145.83682252981538,6
image_108.png,5,False,424.7001532223549,188.55152326172308,20,#0000FF,Quadrant 2,1,2,92,,#0000FF,0,83.1223718568672,6
image_108.png,5,False,655.3979504266379,103.25955490760803,20,#0000FF,Quadrant 2,1,2,92,,#0000FF,0,8.73935227943344,6
image_108.png,5,False,322.5973610230163,313.43804177843316,20,#0000FF,Quadrant 3,2,1,92,,#0000FF,0,251.1291282124086,6
image_108.png,5,False,248.831879375202,155.00701255907697,20,#0000FF,Quadrant 1,1,1,92,,#0000FF,0,139.99315623787302,6
image_108.png,5,False,509.95897884540767,354.6730773473091,20,#0000FF,Quadrant 4,2,2,92,,#0000FF,0,176.74468991953927,6
image_108.png,5,False,186.64382827230173,97.39448407089694,20,#0000FF,Quadrant 1,1,1,92,,#0000FF,0,32.20592586286696,6
image_108.png,5,False,698.0012668970444,191.88462382377026,20,#0000FF,Quadrant 2,1,2,92,,#0000FF,0,131.97411126029127,6
image_108.png,5,False,599.1627456874085,254.81338227905468,20,#0000FF,Quadrant 4,2,2,92,,#0000FF,0,60.67499636776174,6
image_108.png,5,False,569.1879437405297,330.75116295903075,20,#0000FF,Quadrant 4,2,2,92,,#0000FF,0,215.6778793866721,6
image_108.png,5,False,642.0205933778083,45.91842307627262,20,#0000FF,Quadrant 2,1,2,92,,#0000FF,0,32.3901004683795,6
image_108.png,5,False,45.494834784563444,40.95852657069236,20,#0000FF,Quadrant 1,1,1,92,,#0000FF,0,250.31260608894115,6
image_108.png,5,False,323.1864728531331,121.81176225496579,20,#0000FF,Quadrant 1,1,1,92,,#0000FF,0,335.5236337471926,6
image_108.png,5,False,202.89577420894057,357.2339672320752,20,#0000FF,Quadrant 3,2,1,92,,#0000FF,0,309.0600910553467,6
image_108.png,5,False,225.69126099949509,207.7520124557795,20,#0000FF,Quadrant 3,2,1,92,,#0000FF,0,82.47192015802246,6
image_108.png,5,False,74.5747068884288,30.711390573130668,20,#0000FF,Quadrant 1,1,1,92,,#0000FF,0,83.45362867304414,6
image_108.png,5,False,551.3571754670844,371.55109809080557,20,#0000FF,Quadrant 4,2,2,92,,#0000FF,0,235.66388846871456,6
image_108.png,5,False,132.2253664776639,218.12077247913092,20,#0000FF,Quadrant 3,2,1,92,,#0000FF,0,338.94316186602543,6
image_108.png,5,False,627.6012610323813,100.3006941116953,20,#0000FF,Quadrant 2,1,2,92,,#0000FF,0,339.1257979897785,6
image_108.png,5,False,145.62026919584758,280.3359861159618,20,#0000FF,Quadrant 3,2,1,92,,#0000FF,0,290.7823427474735,6
image_108.png,5,False,96.53058641978996,185.83903471529342,20,#0000FF,Quadrant 1,1,1,92,,#0000FF,0,64.3430145995557,6
image_108.png,5,False,509.2906536182659,68.72763366790466,20,#0000FF,Quadrant 2,1,2,92,,#0000FF,0,273.909701502435,6
image_108.png,5,False,180.25046758487716,14.306174092222964,20,#0000FF,Quadrant 1,1,1,92,,#0000FF,0,335.574037635702,6
image_108.png,5,False,539.0148954811729,205.00695360772,20,#0000FF,Quadrant 4,2,2,92,,#0000FF,0,307.94663832967007,6
image_108.png,5,False,358.6072151626908,32.489326915581096,20,#0000FF,Quadrant 2,1,2,92,,#0000FF,0,7.4584655488186336,6
image_108.png,5,False,44.30933749070083,69.9337571560668,20,#0000FF,Quadrant 1,1,1,92,,#0000FF,0,48.58167752713304,6
image_108.png,5,False,604.7032322256246,326.3578097283701,20,#0000FF,Quadrant 4,2,2,92,,#0000FF,0,47.62475406447946,6
image_108.png,5,False,86.70469044560981,104.825193414605,20,#0000FF,Quadrant 1,1,1,92,,#0000FF,0,63.05220198389369,6
image_108.png,5,False,530.859880180109,36.353983532783964,20,#0000FF,Quadrant 2,1,2,92,,#0000FF,0,230.4490031165173,6
image_108.png,5,False,11.395066655296961,185.17208231927134,20,#0000FF,Quadrant 1,1,1,92,,#0000FF,0,135.87303525899,6
image_108.png,5,False,660.923600949668,144.78761369923816,20,#0000FF,Quadrant 2,1,2,92,,#0000FF,0,346.3577636558352,6
image_108.png,5,False,505.9471845263653,294.25176792714797,20,#0000FF,Quadrant 4,2,2,92,,#0000FF,0,217.98617786087001,6
image_108.png,5,False,371.671116758164,165.1023945442327,20,#0000FF,Quadrant 2,1,2,92,,#0000FF,0,270.58725424494395,6
image_108.png,5,False,355.31169543399847,315.229037938755,20,#0000FF,Quadrant 3,2,1,92,,#0000FF,0,181.13491735498354,6
image_108.png,5,False,424.26097177236045,149.91547821652583,20,#0000FF,Quadrant 2,1,2,92,,#0000FF,0,74.48148449085761,6
image_108.png,5,False,268.42653362788604,129.89807824916957,20,#0000FF,Quadrant 1,1,1,92,,#0000FF,0,135.33991983403612,6
image_108.png,5,False,112.40024509287592,338.0445335297473,20,#0000FF,Quadrant 3,2,1,92,,#0000FF,0,229.84332315716966,6
image_108.png,5,False,527.2162399839854,256.34895871610547,20,#0000FF,Quadrant 4,2,2,92,,#0000FF,0,284.5887487616556,6
image_108.png,5,False,313.4889396672088,195.00126501107522,20,#0000FF,Quadrant 1,1,1,92,,#0000FF,0,81.7457348504582,6
image_108.png,5,False,331.52604077763664,344.5409393710921,20,#0000FF,Quadrant 3,2,1,92,,#0000FF,0,167.88565737486255,6
image_108.png,5,False,297.4862187741477,30.408883145066685,20,#0000FF,Quadrant 1,1,1,92,,#0000FF,0,166.78774987868275,6
image_108.png,5,False,629.0597792787534,359.79826247904947,20,#0000FF,Quadrant 4,2,2,92,,#0000FF,0,341.18115523750697,6
image_108.png,5,False,47.59922640422336,186.80379974655946,20,#0000FF,Quadrant 1,1,1,92,,#0000FF,0,106.35051112363361,6
image_108.png,5,False,461.2146604723168,174.81852183886372,20,#0000FF,Quadrant 2,1,2,92,,#0000FF,0,139.16046529514153,6
image_108.png,5,False,654.5102763932592,339.3417760598062,20,#0000FF,Quadrant 4,2,2,92,,#0000FF,0,171.7589155926465,6
image_108.png,5,False,253.8603964103064,84.13517610214043,20,#0000FF,Quadrant 1,1,1,92,,#0000FF,0,172.60506409698752,6
image_108.png,5,False,125.33637778176144,386.01363426664795,20,#0000FF,Quadrant 3,2,1,92,,#0000FF,0,331.91470341696083,6
image_108.png,5,False,500.9513608733981,112.91205451367253,20,#0000FF,Quadrant 2,1,2,92,,#0000FF,0,52.53805002541523,6
image_108.png,5,False,161.68002649050004,207.972410025736,20,#0000FF,Quadrant 3,2,1,92,,#0000FF,0,8.886063273418046,6
image_108.png,5,False,288.95090519751756,312.83722392980786,20,#0000FF,Quadrant 3,2,1,92,,#0000FF,0,8.690344999798505,6
image_108.png,5,False,439.40137079350103,118.70247016170417,20,#0000FF,Quadrant 2,1,2,92,,#0000FF,0,165.70474956105102,6
image_108.png,5,False,367.21129163721935,57.60656642895554,20,#0000FF,Quadrant 2,1,2,92,,#0000FF,0,18.32988596290813,6
image_108.png,5,False,547.9431266603241,286.4351587079339,20,#0000FF,Quadrant 4,2,2,92,,#0000FF,0,13.016131817364723,6
image_108.png,5,False,57.36224573899859,376.9529348161723,20,#0000FF,Quadrant 3,2,1,92,,#0000FF,0,203.8862072090893,6
image_108.png,5,False,11.390650367865355,36.03428390444785,20,#0000FF,Quadrant 1,1,1,92,,#0000FF,0,329.7856536196303,6
image_108.png,5,False,193.934797429047,193.44720975675128,20,#0000FF,Quadrant 1,1,1,92,,#0000FF,0,309.1826347521391,6
image_108.png,5,False,333.6632579529832,381.89256768374355,20,#0000FF,Quadrant 3,2,1,92,,#0000FF,0,23.792066267684092,6
image_108.png,5,False,597.0591496682929,372.2426653025,20,#0000FF,Quadrant 4,2,2,92,,#0000FF,0,352.6049281206868,6
image_108.png,5,False,395.85375576854176,347.10637461171444,20,#0000FF,Quadrant 4,2,2,92,,#0000FF,0,92.91001057427853,6
image_108.png,5,False,471.081032386933,326.76557152614913,20,#0000FF,Quadrant 4,2,2,92,,#0000FF,0,189.61529594671273,6
image_108.png,5,False,180.00931575783363,319.0442411035383,20,#0000FF,Quadrant 3,2,1,92,,#0000FF,0,280.1866004077527,6
image_108.png,5,False,681.232428677579,385.7162768466773,20,#0000FF,Quadrant 4,2,2,92,,#0000FF,0,108.20482179220596,6
image_108.png,5,False,578.7835371639779,220.79532336093726,20,#0000FF,Quadrant 4,2,2,92,,#0000FF,0,92.75121985628341,6
image_108.png,5,False,161.8583124938167,372.434829235248,20,#0000FF,Quadrant 3,2,1,92,,#0000FF,0,304.0157500062251,6
image_108.png,5,False,116.59493842757921,48.26975434728183,20,#0000FF,Quadrant 1,1,1,92,,#0000FF,0,167.16512803631184,6
image_108.png,5,False,239.2058491712007,41.666838568916916,20,#0000FF,Quadrant 1,1,1,92,,#0000FF,0,150.94495090817085,6
image_108.png,5,False,227.3163765750809,347.15785736970116,20,#0000FF,Quadrant 3,2,1,92,,#0000FF,0,23.875414721576654,6
image_108.png,5,False,32.08030892892516,365.4105401784455,20,#0000FF,Quadrant 3,2,1,92,,#0000FF,0,170.34269029057845,6
image_108.png,5,False,173.38511830726446,343.3020088759649,20,#0000FF,Quadrant 3,2,1,92,,#0000FF,0,42.56150536896784,6
image_108.png,5,False,671.2509672871341,233.42397863345442,20,#0000FF,Quadrant 4,2,2,92,,#0000FF,0,177.06987957671868,6
image_108.png,5,False,596.2710920199133,119.2847494925794,20,#0000FF,Quadrant 2,1,2,92,,#0000FF,0,145.91437097518164,6
image_108.png,5,False,124.6122601224532,71.17457611886601,20,#0000FF,Quadrant 1,1,1,92,,#0000FF,0,219.80618066810536,6
image_109.png,2,True,80.35462491634011,42.113277457367175,20,#FF0000,Quadrant 1,1,1,15,151,#FF0000,0,307.1514918642954,3
image_109.png,5,False,114.38186507161885,172.98910947308778,20,#0000FF,Quadrant 1,1,1,15,,#0000FF,0,265.4748746980455,3
image_109.png,5,False,654.7838584212324,310.9767863710316,20,#0000FF,Quadrant 4,2,2,15,,#0000FF,0,322.769270786892,3
image_109.png,5,False,115.65060983133222,30.4132449387683,20,#0000FF,Quadrant 1,1,1,15,,#0000FF,0,251.05806196681493,3
image_109.png,5,False,33.51970675565293,121.15790536879746,20,#0000FF,Quadrant 1,1,1,15,,#0000FF,0,169.63493096773553,3
image_109.png,5,False,478.6516699747809,358.0355893113784,20,#0000FF,Quadrant 4,2,2,15,,#0000FF,0,303.68872323659144,3
image_109.png,5,False,469.9141216285982,44.082631776351306,20,#0000FF,Quadrant 2,1,2,15,,#0000FF,0,251.9943774387999,3
image_109.png,5,False,224.42973189404353,48.789155026675495,20,#0000FF,Quadrant 1,1,1,15,,#0000FF,0,59.479762922500825,3
image_109.png,5,False,578.8675452806688,196.35611381120637,20,#0000FF,Quadrant 2,1,2,15,,#0000FF,0,322.9402087681822,3
image_109.png,5,False,211.79419271673837,327.3292348001977,20,#0000FF,Quadrant 3,2,1,15,,#0000FF,0,96.2389055908714,3
image_109.png,5,False,433.1757687850483,63.39684935322604,20,#0000FF,Quadrant 2,1,2,15,,#0000FF,0,25.805991138881396,3
image_109.png,5,False,598.3004578808527,70.49494766614882,20,#0000FF,Quadrant 2,1,2,15,,#0000FF,0,166.44116415247603,3
image_109.png,5,False,365.76021167059844,198.645067596814,20,#0000FF,Quadrant 2,1,2,15,,#0000FF,0,279.38706019505395,3
image_109.png,5,False,206.46724969201713,159.7027347543473,20,#0000FF,Quadrant 1,1,1,15,,#0000FF,0,80.5650875572229,3
image_109.png,5,False,666.7244558976254,126.81873089820843,20,#0000FF,Quadrant 2,1,2,15,,#0000FF,0,162.90304280184722,3
image_109.png,5,False,572.2855968799723,168.99250801677326,20,#0000FF,Quadrant 2,1,2,15,,#0000FF,0,235.2561898085227,3
image_110.png,2,True,156.06707942358702,185.36639602643626,20,#FF0000,Quadrant 1,1,1,7,151,#FF0000,0,239.85193131550753,2
image_110.png,5,False,36.35358136700991,33.20677639651451,20,#0000FF,Quadrant 1,1,1,7,,#0000FF,0,253.1644610753571,2
image_110.png,5,False,112.75149965426114,388.32932294675584,20,#0000FF,Quadrant 3,2,1,7,,#0000FF,0,315.0509864269087,2
image_110.png,5,False,508.988344204438,117.77564872204223,20,#0000FF,Quadrant 2,1,2,7,,#0000FF,0,45.39950738666694,2
image_110.png,5,False,231.44581953523485,101.43803290759102,20,#0000FF,Quadrant 1,1,1,7,,#0000FF,0,119.78215640471345,2
image_110.png,5,False,293.4077089613985,362.49209610782236,20,#0000FF,Quadrant 3,2,1,7,,#0000FF,0,173.37483493030473,2
image_110.png,5,False,473.76043596424785,286.7058121870425,20,#0000FF,Quadrant 4,2,2,7,,#0000FF,0,240.57696356868996,2
image_110.png,5,False,499.5773192981841,349.5328832781336,20,#0000FF,Quadrant 4,2,2,7,,#0000FF,0,108.91656054166727,2
image_111.png,2,True,280.2572579677078,141.44237332767932,20,#FF0000,Quadrant 1,1,1,67,151,#FF0000,0,131.1153597857888,6
image_111.png,5,False,590.5326116067437,314.7711500624178,20,#0000FF,Quadrant 4,2,2,67,,#0000FF,0,17.608385766272413,6
image_111.png,5,False,570.8254593823706,186.20449188983835,20,#0000FF,Quadrant 2,1,2,67,,#0000FF,0,140.24126490326591,6
image_111.png,5,False,550.9863752692837,337.0531235509595,20,#0000FF,Quadrant 4,2,2,67,,#0000FF,0,347.95891033929786,6
image_111.png,5,False,573.0732422712425,292.7163149521612,20,#0000FF,Quadrant 4,2,2,67,,#0000FF,0,161.86040854338682,6
image_111.png,5,False,464.64091723329716,373.14861320001216,20,#0000FF,Quadrant 4,2,2,67,,#0000FF,0,254.65843343768583,6
image_111.png,5,False,609.1442316487451,80.53759186574686,20,#0000FF,Quadrant 2,1,2,67,,#0000FF,0,270.54508003566224,6
image_111.png,5,False,124.11941615868743,105.72694300988906,20,#0000FF,Quadrant 1,1,1,67,,#0000FF,0,312.902697041291,6
image_111.png,5,False,614.2339410333792,137.46226921683115,20,#0000FF,Quadrant 2,1,2,67,,#0000FF,0,33.55788003863326,6
image_111.png,5,False,107.69493911695558,204.8325073740069,20,#0000FF,Quadrant 3,2,1,67,,#0000FF,0,15.129171299330032,6
image_111.png,5,False,202.4471313963417,87.45253685456883,20,#0000FF,Quadrant 1,1,1,67,,#0000FF,0,178.32875299857957,6
image_111.png,5,False,37.4914192491956,14.487103765616927,20,#0000FF,Quadrant 1,1,1,67,,#0000FF,0,64.98465232873909,6
image_111.png,5,False,247.30150264757674,243.42347905787102,20,#0000FF,Quadrant 3,2,1,67,,#0000FF,0,129.86191135713068,6
image_111.png,5,False,83.06750644481231,302.6527148902005,20,#0000FF,Quadrant 3,2,1,67,,#0000FF,0,121.38473422069421,6
image_111.png,5,False,149.98041430429782,66.87060837217993,20,#0000FF,Quadrant 1,1,1,67,,#0000FF,0,348.9386706083095,6
image_111.png,5,False,602.006344105898,292.2518293476318,20,#0000FF,Quadrant 4,2,2,67,,#0000FF,0,244.92805568217952,6
image_111.png,5,False,280.1855421209708,210.8618907749097,20,#0000FF,Quadrant 3,2,1,67,,#0000FF,0,98.44057255322393,6
image_111.png,5,False,649.4123992757699,85.33786315028692,20,#0000FF,Quadrant 2,1,2,67,,#0000FF,0,212.5756071544212,6
image_111.png,5,False,514.845773558263,25.90273879447611,20,#0000FF,Quadrant 2,1,2,67,,#0000FF,0,277.0962612475015,6
image_111.png,5,False,418.18187634622956,120.69306213903029,20,#0000FF,Quadrant 2,1,2,67,,#0000FF,0,347.09130778073217,6
image_111.png,5,False,325.48465629421105,118.53558341953787,20,#0000FF,Quadrant 1,1,1,67,,#0000FF,0,358.8444420105106,6
image_111.png,5,False,417.0416605027947,375.8024137863134,20,#0000FF,Quadrant 4,2,2,67,,#0000FF,0,6.449364622243241,6
image_111.png,5,False,620.3294233190711,227.1773116983272,20,#0000FF,Quadrant 4,2,2,67,,#0000FF,0,166.87550849525533,6
image_111.png,5,False,586.1786951506565,95.25602786112253,20,#0000FF,Quadrant 2,1,2,67,,#0000FF,0,332.31222505468605,6
image_111.png,5,False,625.2525920589691,333.118265395109,20,#0000FF,Quadrant 4,2,2,67,,#0000FF,0,95.29218158201648,6
image_111.png,5,False,471.54980478523754,230.0750876371983,20,#0000FF,Quadrant 4,2,2,67,,#0000FF,0,294.0250563816,6
image_111.png,5,False,13.952378173781899,97.6454794505662,20,#0000FF,Quadrant 1,1,1,67,,#0000FF,0,142.1325282419602,6
image_111.png,5,False,43.90922864154876,39.76795927661555,20,#0000FF,Quadrant 1,1,1,67,,#0000FF,0,0.8101489752819413,6
image_111.png,5,False,379.79251128538397,351.00869121100277,20,#0000FF,Quadrant 4,2,2,67,,#0000FF,0,289.1821725555397,6
image_111.png,5,False,22.26060509463405,339.310360313071,20,#0000FF,Quadrant 3,2,1,67,,#0000FF,0,338.37008558237414,6
image_111.png,5,False,539.3109023643548,308.8616698961344,20,#0000FF,Quadrant 4,2,2,67,,#0000FF,0,263.790033802887,6
image_111.png,5,False,468.0234795754688,198.72825711810776,20,#0000FF,Quadrant 2,1,2,67,,#0000FF,0,276.8043099052324,6
image_111.png,5,False,378.98801674416535,219.79179850739683,20,#0000FF,Quadrant 4,2,2,67,,#0000FF,0,208.86344758293956,6
image_111.png,5,False,600.2561430767195,360.88782012422934,20,#0000FF,Quadrant 4,2,2,67,,#0000FF,0,280.68292768086343,6
image_111.png,5,False,511.0219258099549,77.99547922636498,20,#0000FF,Quadrant 2,1,2,67,,#0000FF,0,140.0495469709612,6
image_111.png,5,False,20.791623108259564,173.3511827894886,20,#0000FF,Quadrant 1,1,1,67,,#0000FF,0,236.19691157409957,6
image_111.png,5,False,180.2158586844252,192.38878686592844,20,#0000FF,Quadrant 1,1,1,67,,#0000FF,0,118.35893864082895,6
image_111.png,5,False,652.5154832552646,287.3242665648239,20,#0000FF,Quadrant 4,2,2,67,,#0000FF,0,35.805578282146804,6
image_111.png,5,False,304.823629562708,286.6231576499116,20,#0000FF,Quadrant 3,2,1,67,,#0000FF,0,58.2701296071979,6
image_111.png,5,False,538.1488704455634,120.1582762225578,20,#0000FF,Quadrant 2,1,2,67,,#0000FF,0,130.11466499520503,6
image_111.png,5,False,487.48311296880973,252.55054436569608,20,#0000FF,Quadrant 4,2,2,67,,#0000FF,0,359.2386296036469,6
image_111.png,5,False,118.18677994347645,56.90465504262929,20,#0000FF,Quadrant 1,1,1,67,,#0000FF,0,27.441278053916207,6
image_111.png,5,False,668.0204299096087,35.94129921745744,20,#0000FF,Quadrant 2,1,2,67,,#0000FF,0,337.357014128552,6
image_111.png,5,False,586.446805947284,213.07573324354254,20,#0000FF,Quadrant 4,2,2,67,,#0000FF,0,180.16670670926513,6
image_111.png,5,False,342.5756497550821,243.23034968374378,20,#0000FF,Quadrant 3,2,1,67,,#0000FF,0,183.8806551989548,6
image_111.png,5,False,256.4624932454602,45.787378993069986,20,#0000FF,Quadrant 1,1,1,67,,#0000FF,0,282.7789210526385,6
image_111.png,5,False,557.5904768936889,43.668348230589075,20,#0000FF,Quadrant 2,1,2,67,,#0000FF,0,289.57512072467773,6
image_111.png,5,False,379.48355654465723,191.944954549081,20,#0000FF,Quadrant 2,1,2,67,,#0000FF,0,293.4784609692598,6
image_111.png,5,False,446.1519090466395,22.260282669874513,20,#0000FF,Quadrant 2,1,2,67,,#0000FF,0,332.8970014500109,6
image_111.png,5,False,545.5690357114128,163.1296501924997,20,#0000FF,Quadrant 2,1,2,67,,#0000FF,0,290.61901378982594,6
image_111.png,5,False,438.9207325967407,193.7339420197096,20,#0000FF,Quadrant 2,1,2,67,,#0000FF,0,60.30828467348012,6
image_111.png,5,False,491.4773812301046,379.9798863631666,20,#0000FF,Quadrant 4,2,2,67,,#0000FF,0,211.08761183309824,6
image_111.png,5,False,265.15198375425416,351.1888610114353,20,#0000FF,Quadrant 3,2,1,67,,#0000FF,0,115.99704169712852,6
image_111.png,5,False,140.58748304519258,226.815054508666,20,#0000FF,Quadrant 3,2,1,67,,#0000FF,0,13.096613608653751,6
image_111.png,5,False,468.8957856034555,151.8191350192946,20,#0000FF,Quadrant 2,1,2,67,,#0000FF,0,6.163678732204887,6
image_111.png,5,False,330.3386004471794,61.682096009421784,20,#0000FF,Quadrant 1,1,1,67,,#0000FF,0,113.46126310767579,6
image_111.png,5,False,369.63426966080857,300.5953070374927,20,#0000FF,Quadrant 4,2,2,67,,#0000FF,0,34.55184797997365,6
image_111.png,5,False,337.1931392371951,220.25515546306434,20,#0000FF,Quadrant 3,2,1,67,,#0000FF,0,213.4387809699573,6
image_111.png,5,False,552.6547471767008,252.19435106107065,20,#0000FF,Quadrant 4,2,2,67,,#0000FF,0,291.8985495842459,6
image_111.png,5,False,84.42965494718445,365.96037566272565,20,#0000FF,Quadrant 3,2,1,67,,#0000FF,0,14.017964222405022,6
image_111.png,5,False,698.8997380907648,274.05276100062105,20,#0000FF,Quadrant 4,2,2,67,,#0000FF,0,239.33651974102912,6
image_111.png,5,False,699.5044329199368,117.09253514183885,20,#0000FF,Quadrant 2,1,2,67,,#0000FF,0,293.649606530735,6
image_111.png,5,False,687.1227717791475,379.5989722214919,20,#0000FF,Quadrant 4,2,2,67,,#0000FF,0,305.9053196633662,6
image_111.png,5,False,75.12953657723118,62.94654765779598,20,#0000FF,Quadrant 1,1,1,67,,#0000FF,0,66.51941311544262,6
image_111.png,5,False,424.0871524194751,48.84634975371625,20,#0000FF,Quadrant 2,1,2,67,,#0000FF,0,188.98356450383594,6
image_111.png,5,False,682.5263329299814,301.303538770756,20,#0000FF,Quadrant 4,2,2,67,,#0000FF,0,40.81470544827439,6
image_111.png,5,False,96.24787913132052,228.88349430451808,20,#0000FF,Quadrant 3,2,1,67,,#0000FF,0,114.59222197403771,6
image_111.png,5,False,65.88790425789819,280.443646889165,20,#0000FF,Quadrant 3,2,1,67,,#0000FF,0,328.67035530009065,6
image_112.png,2,True,464.29290003336394,48.96470144713786,20,#FF0000,Quadrant 2,1,2,52,151,#FF0000,0,326.27498894074574,5
image_112.png,5,False,652.3124876027412,128.895250062055,20,#0000FF,Quadrant 2,1,2,52,,#0000FF,0,145.31392180046953,5
image_112.png,5,False,75.0545922539486,136.97475620880883,20,#0000FF,Quadrant 1,1,1,52,,#0000FF,0,316.067136759025,5
image_112.png,5,False,105.31833567743794,46.65105854508194,20,#0000FF,Quadrant 1,1,1,52,,#0000FF,0,266.7939557041172,5
image_112.png,5,False,13.762510214783006,347.950097667406,20,#0000FF,Quadrant 3,2,1,52,,#0000FF,0,340.09057828627175,5
image_112.png,5,False,568.7458980740407,164.46372475372664,20,#0000FF,Quadrant 2,1,2,52,,#0000FF,0,15.30894524544716,5
image_112.png,5,False,120.41798634900373,366.1904105553775,20,#0000FF,Quadrant 3,2,1,52,,#0000FF,0,38.48073613004094,5
image_112.png,5,False,181.57970411706054,137.27575006818446,20,#0000FF,Quadrant 1,1,1,52,,#0000FF,0,322.20882777779224,5
image_112.png,5,False,643.6144085157773,275.86364204890765,20,#0000FF,Quadrant 4,2,2,52,,#0000FF,0,66.64651478420846,5
image_112.png,5,False,570.6390202761183,188.77932480396296,20,#0000FF,Quadrant 2,1,2,52,,#0000FF,0,37.39456852601464,5
image_112.png,5,False,98.26971915882557,289.91171134901197,20,#0000FF,Quadrant 3,2,1,52,,#0000FF,0,262.3495156685869,5
image_112.png,5,False,481.2067565558298,101.18571116094667,20,#0000FF,Quadrant 2,1,2,52,,#0000FF,0,295.9832289142691,5
image_112.png,5,False,480.4923189828534,341.7774964966837,20,#0000FF,Quadrant 4,2,2,52,,#0000FF,0,146.8477758907015,5
image_112.png,5,False,513.8675277966613,329.21559054325434,20,#0000FF,Quadrant 4,2,2,52,,#0000FF,0,207.60867153166205,5
image_112.png,5,False,174.92116243322988,173.4353376013103,20,#0000FF,Quadrant 1,1,1,52,,#0000FF,0,177.35501078607854,5
image_112.png,5,False,278.63594504902557,322.8595921807086,20,#0000FF,Quadrant 3,2,1,52,,#0000FF,0,220.7728645211281,5
image_112.png,5,False,409.4705386474701,112.81817022065513,20,#0000FF,Quadrant 2,1,2,52,,#0000FF,0,148.1554866423357,5
image_112.png,5,False,428.02132917120764,11.549097743737596,20,#0000FF,Quadrant 2,1,2,52,,#0000FF,0,91.79974253029776,5
image_112.png,5,False,418.0180404611873,293.28497008688663,20,#0000FF,Quadrant 4,2,2,52,,#0000FF,0,41.259859099955726,5
image_112.png,5,False,408.2884329112069,318.8606751429302,20,#0000FF,Quadrant 4,2,2,52,,#0000FF,0,248.86798595002867,5
image_112.png,5,False,677.3831365655018,105.03889001954764,20,#0000FF,Quadrant 2,1,2,52,,#0000FF,0,208.87348147624581,5
image_112.png,5,False,170.05954366715167,105.49847846898953,20,#0000FF,Quadrant 1,1,1,52,,#0000FF,0,255.98454873617163,5
image_112.png,5,False,60.74528523030103,160.2036940027748,20,#0000FF,Quadrant 1,1,1,52,,#0000FF,0,16.763116294524757,5
image_112.png,5,False,201.54230976124455,53.56792401663397,20,#0000FF,Quadrant 1,1,1,52,,#0000FF,0,347.4791619072023,5
image_112.png,5,False,155.83122037482227,52.87269656158183,20,#0000FF,Quadrant 1,1,1,52,,#0000FF,0,1.0143595536580552,5
image_112.png,5,False,295.80217071392434,140.0329410135302,20,#0000FF,Quadrant 1,1,1,52,,#0000FF,0,250.64068440313315,5
image_112.png,5,False,112.27442564109327,255.93014382538084,20,#0000FF,Quadrant 3,2,1,52,,#0000FF,0,160.94682136161722,5
image_112.png,5,False,265.0734528824828,380.4005020365562,20,#0000FF,Quadrant 3,2,1,52,,#0000FF,0,44.367896860602556,5
image_112.png,5,False,368.49862792146735,114.9744153589729,20,#0000FF,Quadrant 2,1,2,52,,#0000FF,0,136.34087024202407,5
image_112.png,5,False,601.9940438386092,66.15605144324446,20,#0000FF,Quadrant 2,1,2,52,,#0000FF,0,238.72310454068793,5
image_112.png,5,False,140.53247744140242,262.6939435926596,20,#0000FF,Quadrant 3,2,1,52,,#0000FF,0,140.1159713204514,5
image_112.png,5,False,178.2675015818349,195.8093080429439,20,#0000FF,Quadrant 1,1,1,52,,#0000FF,0,340.83545743248817,5
image_112.png,5,False,44.715130468492625,12.155694810933623,20,#0000FF,Quadrant 1,1,1,52,,#0000FF,0,98.60308198245087,5
image_112.png,5,False,53.307768787293384,347.01806872438516,20,#0000FF,Quadrant 3,2,1,52,,#0000FF,0,166.889703401162,5
image_112.png,5,False,327.0771062912814,120.26955715605222,20,#0000FF,Quadrant 1,1,1,52,,#0000FF,0,21.453235070383172,5
image_112.png,5,False,304.6189258760058,16.204159787911433,20,#0000FF,Quadrant 1,1,1,52,,#0000FF,0,100.55810856626648,5
image_112.png,5,False,375.8891347049793,232.69112229178978,20,#0000FF,Quadrant 4,2,2,52,,#0000FF,0,282.8502803634703,5
image_112.png,5,False,454.8882600631829,180.85168117246977,20,#0000FF,Quadrant 2,1,2,52,,#0000FF,0,125.22347233556543,5
image_112.png,5,False,200.8991289242612,191.24371345494754,20,#0000FF,Quadrant 1,1,1,52,,#0000FF,0,247.8351255579681,5
image_112.png,5,False,121.55576364667228,94.37381857345153,20,#0000FF,Quadrant 1,1,1,52,,#0000FF,0,140.6141645988093,5
image_112.png,5,False,22.813438028949363,99.61112569193016,20,#0000FF,Quadrant 1,1,1,52,,#0000FF,0,325.73035454791204,5
image_112.png,5,False,161.803421055479,369.53880033314374,20,#0000FF,Quadrant 3,2,1,52,,#0000FF,0,174.9249236170157,5
image_112.png,5,False,654.5096406839259,52.51362269506937,20,#0000FF,Quadrant 2,1,2,52,,#0000FF,0,183.4911757042993,5
image_112.png,5,False,370.6774518680937,271.78516713797654,20,#0000FF,Quadrant 4,2,2,52,,#0000FF,0,259.64736084267696,5
image_112.png,5,False,464.5644401301077,313.19638548241625,20,#0000FF,Quadrant 4,2,2,52,,#0000FF,0,97.8523596400087,5
image_112.png,5,False,24.98639807391754,225.38491791340903,20,#0000FF,Quadrant 3,2,1,52,,#0000FF,0,268.7050547103383,5
image_112.png,5,False,533.0807385656298,263.67293869002515,20,#0000FF,Quadrant 4,2,2,52,,#0000FF,0,291.4956555362486,5
image_112.png,5,False,137.0506521117748,198.87987082806794,20,#0000FF,Quadrant 1,1,1,52,,#0000FF,0,190.77095457805612,5
image_112.png,5,False,113.72735233970154,18.397475181135377,20,#0000FF,Quadrant 1,1,1,52,,#0000FF,0,190.19800544689224,5
image_112.png,5,False,541.3140203253781,169.65648845348878,20,#0000FF,Quadrant 2,1,2,52,,#0000FF,0,276.65752357445353,5
image_112.png,5,False,342.42226496536864,81.82656524330551,20,#0000FF,Quadrant 1,1,1,52,,#0000FF,0,122.86665201578873,5
image_112.png,5,False,507.68684876343434,171.5928001324936,20,#0000FF,Quadrant 2,1,2,52,,#0000FF,0,263.74281756789753,5
image_112.png,5,False,198.3677361450086,86.39841638285054,20,#0000FF,Quadrant 1,1,1,52,,#0000FF,0,250.56969649831615,5
image_113.png,2,True,336.10773349823535,85.18958521274602,20,#FF0000,Quadrant 1,1,1,28,151,#FF0000,0,34.59237558224606,4
image_113.png,5,False,42.558566086156226,138.0639342136747,20,#0000FF,Quadrant 1,1,1,28,,#0000FF,0,88.15826205087764,4
image_113.png,5,False,177.16415398480623,137.0362314612486,20,#0000FF,Quadrant 1,1,1,28,,#0000FF,0,169.6981790156182,4
image_113.png,5,False,670.7187371739589,17.21105938194447,20,#0000FF,Quadrant 2,1,2,28,,#0000FF,0,81.927965544882,4
image_113.png,5,False,400.39452511290114,62.78438764388167,20,#0000FF,Quadrant 2,1,2,28,,#0000FF,0,27.456577697018275,4
image_113.png,5,False,41.231078224010695,187.55732715034506,20,#0000FF,Quadrant 1,1,1,28,,#0000FF,0,147.8647082444918,4
image_113.png,5,False,519.9059860559115,49.78853061350555,20,#0000FF,Quadrant 2,1,2,28,,#0000FF,0,192.5930571447624,4
image_113.png,5,False,388.96339218350295,282.5669055827158,20,#0000FF,Quadrant 4,2,2,28,,#0000FF,0,356.31885313491387,4
image_113.png,5,False,19.059803602413627,233.07485695670715,20,#0000FF,Quadrant 3,2,1,28,,#0000FF,0,13.181711527141587,4
image_113.png,5,False,204.20310362458406,233.50071679312728,20,#0000FF,Quadrant 3,2,1,28,,#0000FF,0,43.299887157034924,4
image_113.png,5,False,155.05917708881017,139.827799507293,20,#0000FF,Quadrant 1,1,1,28,,#0000FF,0,161.94127918419974,4
image_113.png,5,False,92.83880070916186,315.4471737490572,20,#0000FF,Quadrant 3,2,1,28,,#0000FF,0,85.21542355596013,4
image_113.png,5,False,380.9179582542316,248.80244242151605,20,#0000FF,Quadrant 4,2,2,28,,#0000FF,0,284.7958363249633,4
image_113.png,5,False,41.43351208398178,271.4407514835656,20,#0000FF,Quadrant 3,2,1,28,,#0000FF,0,273.92786507931055,4
image_113.png,5,False,463.87764735369296,274.0384300756098,20,#0000FF,Quadrant 4,2,2,28,,#0000FF,0,194.78705093364107,4
image_113.png,5,False,591.1702458359268,319.85072789395696,20,#0000FF,Quadrant 4,2,2,28,,#0000FF,0,2.2883773851555267,4
image_113.png,5,False,294.7363986258629,136.0212738799703,20,#0000FF,Quadrant 1,1,1,28,,#0000FF,0,77.88907741352931,4
image_113.png,5,False,412.6037755087601,360.57858144942725,20,#0000FF,Quadrant 4,2,2,28,,#0000FF,0,31.935666660459056,4
image_113.png,5,False,322.6731504744414,274.0649441339319,20,#0000FF,Quadrant 3,2,1,28,,#0000FF,0,128.48388367293668,4
image_113.png,5,False,78.18520274539044,248.0840377219334,20,#0000FF,Quadrant 3,2,1,28,,#0000FF,0,9.683774307401842,4
image_113.png,5,False,200.6527148683611,76.04179074492083,20,#0000FF,Quadrant 1,1,1,28,,#0000FF,0,7.690104247834464,4
image_113.png,5,False,519.1202754538183,287.86240585006783,20,#0000FF,Quadrant 4,2,2,28,,#0000FF,0,56.503498884432304,4
image_113.png,5,False,155.04986554516236,61.13344727091479,20,#0000FF,Quadrant 1,1,1,28,,#0000FF,0,70.50818009540352,4
image_113.png,5,False,466.88461546363504,96.28631685561139,20,#0000FF,Quadrant 2,1,2,28,,#0000FF,0,165.9078429792751,4
image_113.png,5,False,92.21672221301122,355.82718901109246,20,#0000FF,Quadrant 3,2,1,28,,#0000FF,0,48.425414348667275,4
image_113.png,5,False,443.09296012140874,343.70288593838364,20,#0000FF,Quadrant 4,2,2,28,,#0000FF,0,73.49889823787856,4
image_113.png,5,False,484.17746315543144,69.1853423419049,20,#0000FF,Quadrant 2,1,2,28,,#0000FF,0,107.85371080419944,4
image_113.png,5,False,631.8968241706375,190.06995997515736,20,#0000FF,Quadrant 2,1,2,28,,#0000FF,0,22.77647361236122,4
image_113.png,5,False,269.05505790713596,212.48521219332656,20,#0000FF,Quadrant 3,2,1,28,,#0000FF,0,2.744206053726752,4
image_114.png,2,True,537.6836988966252,91.05479632075522,20,#FF0000,Quadrant 2,1,2,91,151,#FF0000,0,39.06879119975738,6
image_114.png,5,False,85.71497011521546,97.65919396640274,20,#0000FF,Quadrant 1,1,1,91,,#0000FF,0,55.34629247649774,6
image_114.png,5,False,194.37052973164046,207.65898561318986,20,#0000FF,Quadrant 3,2,1,91,,#0000FF,0,292.5358374404021,6
image_114.png,5,False,477.55066221778486,370.0874794911253,20,#0000FF,Quadrant 4,2,2,91,,#0000FF,0,199.7990393502884,6
image_114.png,5,False,630.3938157241267,357.67811320248643,20,#0000FF,Quadrant 4,2,2,91,,#0000FF,0,335.53884277497116,6
image_114.png,5,False,621.7214704316482,70.49612540958188,20,#0000FF,Quadrant 2,1,2,91,,#0000FF,0,354.38670872761116,6
image_114.png,5,False,378.13212174993714,225.43698957184034,20,#0000FF,Quadrant 4,2,2,91,,#0000FF,0,358.99835745943375,6
image_114.png,5,False,303.7466726496892,241.93862943551562,20,#0000FF,Quadrant 3,2,1,91,,#0000FF,0,343.30251784370154,6
image_114.png,5,False,203.35184245957515,109.36643657963228,20,#0000FF,Quadrant 1,1,1,91,,#0000FF,0,286.0979545133358,6
image_114.png,5,False,516.322518252061,302.7440031011832,20,#0000FF,Quadrant 4,2,2,91,,#0000FF,0,77.09295789477763,6
image_114.png,5,False,290.60733585523866,152.94887657483628,20,#0000FF,Quadrant 1,1,1,91,,#0000FF,0,7.209987570770626,6
image_114.png,5,False,341.2526350757796,354.7278666613228,20,#0000FF,Quadrant 3,2,1,91,,#0000FF,0,40.739360761816364,6
image_114.png,5,False,519.2148529642022,62.11245837785587,20,#0000FF,Quadrant 2,1,2,91,,#0000FF,0,209.0384416020038,6
image_114.png,5,False,382.38848188091487,98.62056179344962,20,#0000FF,Quadrant 2,1,2,91,,#0000FF,0,186.46359581295647,6
image_114.png,5,False,636.612867690417,203.18124084501406,20,#0000FF,Quadrant 4,2,2,91,,#0000FF,0,45.513742913110875,6
image_114.png,5,False,620.3660785414662,102.28500950145043,20,#0000FF,Quadrant 2,1,2,91,,#0000FF,0,218.48450270087557,6
image_114.png,5,False,244.64813898337835,214.2001252126456,20,#0000FF,Quadrant 3,2,1,91,,#0000FF,0,198.8198297477099,6
image_114.png,5,False,239.80026803312614,62.47602205742611,20,#0000FF,Quadrant 1,1,1,91,,#0000FF,0,93.47695897527386,6
image_114.png,5,False,305.6995670121927,332.39261477237,20,#0000FF,Quadrant 3,2,1,91,,#0000FF,0,64.19162136202065,6
image_114.png,5,False,564.1774685556395,94.35195621950287,20,#0000FF,Quadrant 2,1,2,91,,#0000FF,0,73.90813298744315,6
image_114.png,5,False,507.71376790647,217.6625336728938,20,#0000FF,Quadrant 4,2,2,91,,#0000FF,0,25.71668320867468,6
image_114.png,5,False,594.7386242424142,22.324924785748962,20,#0000FF,Quadrant 2,1,2,91,,#0000FF,0,99.47205750190226,6
image_114.png,5,False,548.4527677731568,304.0650085309553,20,#0000FF,Quadrant 4,2,2,91,,#0000FF,0,275.57260039560987,6
image_114.png,5,False,605.5283070118179,284.3280287047574,20,#0000FF,Quadrant 4,2,2,91,,#0000FF,0,248.71807432707095,6
image_114.png,5,False,124.63259074805538,291.55085955123207,20,#0000FF,Quadrant 3,2,1,91,,#0000FF,0,30.108167202016553,6
image_114.png,5,False,66.85254251162605,271.0475198177958,20,#0000FF,Quadrant 3,2,1,91,,#0000FF,0,229.3341106988683,6
image_114.png,5,False,565.902186145645,176.93408386572878,20,#0000FF,Quadrant 2,1,2,91,,#0000FF,0,173.08075624042684,6
image_114.png,5,False,457.1603771372937,32.63958430038441,20,#0000FF,Quadrant 2,1,2,91,,#0000FF,0,321.94594915249405,6
image_114.png,5,False,678.3954885062274,20.767997725808648,20,#0000FF,Quadrant 2,1,2,91,,#0000FF,0,227.10457048900295,6
image_114.png,5,False,254.44906956366844,154.27903242471436,20,#0000FF,Quadrant 1,1,1,91,,#0000FF,0,53.91909059751812,6
image_114.png,5,False,640.9244598319369,255.03945886766726,20,#0000FF,Quadrant 4,2,2,91,,#0000FF,0,41.45672087437092,6
image_114.png,5,False,190.6940013076372,43.14528604077572,20,#0000FF,Quadrant 1,1,1,91,,#0000FF,0,270.91055978215974,6
image_114.png,5,False,424.6399727117338,228.8735339054841,20,#0000FF,Quadrant 4,2,2,91,,#0000FF,0,292.5957150255121,6
image_114.png,5,False,554.1454918627055,129.73495390586783,20,#0000FF,Quadrant 2,1,2,91,,#0000FF,0,180.50955164280373,6
image_114.png,5,False,360.422000322501,187.6442292326913,20,#0000FF,Quadrant 2,1,2,91,,#0000FF,0,168.7947795878197,6
image_114.png,5,False,44.65981626455599,261.2500290033656,20,#0000FF,Quadrant 3,2,1,91,,#0000FF,0,15.892709610731849,6
image_114.png,5,False,271.3701633285555,251.66047271402846,20,#0000FF,Quadrant 3,2,1,91,,#0000FF,0,318.88539767578703,6
image_114.png,5,False,509.7665672335676,114.9799806501963,20,#0000FF,Quadrant 2,1,2,91,,#0000FF,0,31.927879826188274,6
image_114.png,5,False,271.24988771161463,57.4722008193513,20,#0000FF,Quadrant 1,1,1,91,,#0000FF,0,53.98509819705787,6
image_114.png,5,False,560.6153905736132,204.41601209435845,20,#0000FF,Quadrant 4,2,2,91,,#0000FF,0,148.6700637172036,6
image_114.png,5,False,265.6311782870604,29.521210569349094,20,#0000FF,Quadrant 1,1,1,91,,#0000FF,0,356.64031413041465,6
image_114.png,5,False,128.29237115354385,229.03992159570043,20,#0000FF,Quadrant 3,2,1,91,,#0000FF,0,111.64549332684393,6
image_114.png,5,False,391.70235098261014,25.88412621808341,20,#0000FF,Quadrant 2,1,2,91,,#0000FF,0,262.6558865239794,6
image_114.png,5,False,291.23828261535226,101.86736585981657,20,#0000FF,Quadrant 1,1,1,91,,#0000FF,0,169.11692097107485,6
image_114.png,5,False,434.1898678440062,184.88894107668423,20,#0000FF,Quadrant 2,1,2,91,,#0000FF,0,216.75690612323,6
image_114.png,5,False,699.132565101304,302.9545280189998,20,#0000FF,Quadrant 4,2,2,91,,#0000FF,0,127.82774569949773,6
image_114.png,5,False,667.6896493784587,334.6270997786135,20,#0000FF,Quadrant 4,2,2,91,,#0000FF,0,280.3009691018476,6
image_114.png,5,False,97.65324260630088,33.94904747033443,20,#0000FF,Quadrant 1,1,1,91,,#0000FF,0,189.29585029569205,6
image_114.png,5,False,375.18872708542796,347.49748437173605,20,#0000FF,Quadrant 4,2,2,91,,#0000FF,0,91.01344272914046,6
image_114.png,5,False,673.9227609890373,254.34786624516724,20,#0000FF,Quadrant 4,2,2,91,,#0000FF,0,263.98259887932375,6
image_114.png,5,False,457.2946255446249,162.08989336511632,20,#0000FF,Quadrant 2,1,2,91,,#0000FF,0,67.56624125089994,6
image_114.png,5,False,474.69685688727014,64.48736100890959,20,#0000FF,Quadrant 2,1,2,91,,#0000FF,0,87.20178854279172,6
image_114.png,5,False,478.07519693195155,285.4240730448759,20,#0000FF,Quadrant 4,2,2,91,,#0000FF,0,144.02975218643905,6
image_114.png,5,False,455.53320847661917,263.11804996541565,20,#0000FF,Quadrant 4,2,2,91,,#0000FF,0,187.8204513021659,6
image_114.png,5,False,216.03725376181666,18.828143699070264,20,#0000FF,Quadrant 1,1,1,91,,#0000FF,0,110.69877435826386,6
image_114.png,5,False,593.2322861776739,173.87605780992277,20,#0000FF,Quadrant 2,1,2,91,,#0000FF,0,260.00981137962845,6
image_114.png,5,False,672.9730466622497,106.19927264049355,20,#0000FF,Quadrant 2,1,2,91,,#0000FF,0,37.473440702636594,6
image_114.png,5,False,39.09663393634132,158.48958666797256,20,#0000FF,Quadrant 1,1,1,91,,#0000FF,0,166.30750234752824,6
image_114.png,5,False,446.194670883029,70.22202014973428,20,#0000FF,Quadrant 2,1,2,91,,#0000FF,0,340.3630247234927,6
image_114.png,5,False,268.45515637864446,120.85129515417935,20,#0000FF,Quadrant 1,1,1,91,,#0000FF,0,340.611018464755,6
image_114.png,5,False,143.06204700396572,338.1469160953287,20,#0000FF,Quadrant 3,2,1,91,,#0000FF,0,67.30391253367002,6
image_114.png,5,False,471.70975374649555,188.5965151385105,20,#0000FF,Quadrant 2,1,2,91,,#0000FF,0,262.52866393607167,6
image_114.png,5,False,556.7526080815023,337.2458216685585,20,#0000FF,Quadrant 4,2,2,91,,#0000FF,0,110.78260949275628,6
image_114.png,5,False,672.4205028216795,211.47416851648518,20,#0000FF,Quadrant 4,2,2,91,,#0000FF,0,184.6728522126033,6
image_114.png,5,False,26.49698098699317,96.37749833043564,20,#0000FF,Quadrant 1,1,1,91,,#0000FF,0,329.8588020391652,6
image_114.png,5,False,177.35449729968775,274.6195318949714,20,#0000FF,Quadrant 3,2,1,91,,#0000FF,0,39.22746608118595,6
image_114.png,5,False,103.50090133291013,241.6160003125874,20,#0000FF,Quadrant 3,2,1,91,,#0000FF,0,261.17808036574274,6
image_114.png,5,False,475.1639937699532,139.49316474937265,20,#0000FF,Quadrant 2,1,2,91,,#0000FF,0,250.9886072736295,6
image_114.png,5,False,451.3270052495124,386.40163790003146,20,#0000FF,Quadrant 4,2,2,91,,#0000FF,0,104.29062908334943,6
image_114.png,5,False,151.99687303199462,92.698451436894,20,#0000FF,Quadrant 1,1,1,91,,#0000FF,0,104.8954499212962,6
image_114.png,5,False,415.5267521298368,344.95553399589585,20,#0000FF,Quadrant 4,2,2,91,,#0000FF,0,189.43651089651996,6
image_114.png,5,False,44.29960004127413,379.77311839966427,20,#0000FF,Quadrant 3,2,1,91,,#0000FF,0,44.56036862713133,6
image_114.png,5,False,63.943184724666864,42.701080285409724,20,#0000FF,Quadrant 1,1,1,91,,#0000FF,0,12.512689384891766,6
image_114.png,5,False,535.5726206888762,198.7398991337014,20,#0000FF,Quadrant 2,1,2,91,,#0000FF,0,270.01527682151686,6
image_114.png,5,False,694.0897275079468,47.02634582316547,20,#0000FF,Quadrant 2,1,2,91,,#0000FF,0,346.2123522004394,6
image_114.png,5,False,154.79674858764085,21.043181083839038,20,#0000FF,Quadrant 1,1,1,91,,#0000FF,0,328.1439243744192,6
image_114.png,5,False,414.8162045743156,137.47444594147265,20,#0000FF,Quadrant 2,1,2,91,,#0000FF,0,291.8473864390206,6
image_114.png,5,False,20.039816821976245,271.2139507429007,20,#0000FF,Quadrant 3,2,1,91,,#0000FF,0,188.5931081530268,6
image_114.png,5,False,578.0751971940115,236.3152569923323,20,#0000FF,Quadrant 4,2,2,91,,#0000FF,0,262.53401564146355,6
image_114.png,5,False,249.25108088012942,345.864130332345,20,#0000FF,Quadrant 3,2,1,91,,#0000FF,0,219.50734499953472,6
image_114.png,5,False,426.9433794756147,316.61814551472395,20,#0000FF,Quadrant 4,2,2,91,,#0000FF,0,27.450698852852163,6
image_114.png,5,False,451.4697598950315,228.36066170352748,20,#0000FF,Quadrant 4,2,2,91,,#0000FF,0,313.5029747288384,6
image_114.png,5,False,697.8867609174195,84.5988404638101,20,#0000FF,Quadrant 2,1,2,91,,#0000FF,0,50.14571541806776,6
image_114.png,5,False,119.64021400185294,92.4913573211642,20,#0000FF,Quadrant 1,1,1,91,,#0000FF,0,293.3807106335719,6
image_114.png,5,False,100.60613887056469,213.64770221665287,20,#0000FF,Quadrant 3,2,1,91,,#0000FF,0,263.0618046657847,6
image_114.png,5,False,306.3533013237326,376.2568212963392,20,#0000FF,Quadrant 3,2,1,91,,#0000FF,0,336.81324021800424,6
image_114.png,5,False,368.82474580369797,47.28245531053676,20,#0000FF,Quadrant 2,1,2,91,,#0000FF,0,267.75257182634635,6
image_114.png,5,False,620.7218221574466,147.57975394757776,20,#0000FF,Quadrant 2,1,2,91,,#0000FF,0,19.939484203549902,6
image_114.png,5,False,311.56967780840836,52.11645185556973,20,#0000FF,Quadrant 1,1,1,91,,#0000FF,0,198.10490061361642,6
image_114.png,5,False,345.351135533022,299.43364973513917,20,#0000FF,Quadrant 3,2,1,91,,#0000FF,0,225.49618411865393,6
image_114.png,5,False,177.8069788251837,349.8242683679805,20,#0000FF,Quadrant 3,2,1,91,,#0000FF,0,14.52306242062361,6
image_114.png,5,False,216.6253370686344,191.26324153059073,20,#0000FF,Quadrant 1,1,1,91,,#0000FF,0,69.86490728958948,6
image_115.png,2,True,42.77707833827253,99.35653886095616,20,#FF0000,Quadrant 1,1,1,98,151,#FF0000,0,49.1382982334838,6
image_115.png,5,False,509.7377049664443,31.185327937718103,20,#0000FF,Quadrant 2,1,2,98,,#0000FF,0,134.74893615561035,6
image_115.png,5,False,322.106849492887,273.3195906938946,20,#0000FF,Quadrant 3,2,1,98,,#0000FF,0,240.12926916333,6
image_115.png,5,False,43.721480657147126,150.1957869188935,20,#0000FF,Quadrant 1,1,1,98,,#0000FF,0,218.04554116735213,6
image_115.png,5,False,498.5000332644187,314.64230636786033,20,#0000FF,Quadrant 4,2,2,98,,#0000FF,0,203.20624060261025,6
image_115.png,5,False,136.24506651005547,16.962302402695595,20,#0000FF,Quadrant 1,1,1,98,,#0000FF,0,102.87518953287226,6
image_115.png,5,False,694.4150335480505,231.33586248136154,20,#0000FF,Quadrant 4,2,2,98,,#0000FF,0,358.3308679097805,6
image_115.png,5,False,532.0346936055936,277.929098937762,20,#0000FF,Quadrant 4,2,2,98,,#0000FF,0,59.61637455990776,6
image_115.png,5,False,442.2881361014278,300.785570562295,20,#0000FF,Quadrant 4,2,2,98,,#0000FF,0,224.55920561650944,6
image_115.png,5,False,269.9730513925896,306.0360660125279,20,#0000FF,Quadrant 3,2,1,98,,#0000FF,0,206.1774931170435,6
image_115.png,5,False,391.8093163085377,239.56150069154032,20,#0000FF,Quadrant 4,2,2,98,,#0000FF,0,106.70820101277221,6
image_115.png,5,False,325.3233532590573,347.0992229088865,20,#0000FF,Quadrant 3,2,1,98,,#0000FF,0,353.2448696159778,6
image_115.png,5,False,379.79731090257087,149.41622570878027,20,#0000FF,Quadrant 2,1,2,98,,#0000FF,0,106.39710584480447,6
image_115.png,5,False,666.8833159497117,104.81990714028653,20,#0000FF,Quadrant 2,1,2,98,,#0000FF,0,138.2755824121812,6
image_115.png,5,False,81.9284031826762,19.041332125136336,20,#0000FF,Quadrant 1,1,1,98,,#0000FF,0,118.92737093211971,6
image_115.png,5,False,224.3097797958014,244.90020890153087,20,#0000FF,Quadrant 3,2,1,98,,#0000FF,0,180.15781819404532,6
image_115.png,5,False,144.97673143309177,77.19674383568761,20,#0000FF,Quadrant 1,1,1,98,,#0000FF,0,350.94734838948006,6
image_115.png,5,False,138.43371757268466,305.966618814135,20,#0000FF,Quadrant 3,2,1,98,,#0000FF,0,68.53526323294454,6
image_115.png,5,False,213.8634102700939,64.40845922700757,20,#0000FF,Quadrant 1,1,1,98,,#0000FF,0,294.97163206554984,6
image_115.png,5,False,289.50218757642455,222.62283232150517,20,#0000FF,Quadrant 3,2,1,98,,#0000FF,0,348.87961622144917,6
image_115.png,5,False,291.987362904162,275.47812778263636,20,#0000FF,Quadrant 3,2,1,98,,#0000FF,0,337.51045271544234,6
image_115.png,5,False,336.88153194483783,161.44165089734284,20,#0000FF,Quadrant 1,1,1,98,,#0000FF,0,356.4081534806421,6
image_115.png,5,False,537.2524236947135,378.54548669627036,20,#0000FF,Quadrant 4,2,2,98,,#0000FF,0,42.37799975712101,6
image_115.png,5,False,660.7487118791245,284.8236817734369,20,#0000FF,Quadrant 4,2,2,98,,#0000FF,0,111.42063231913353,6
image_115.png,5,False,162.85377287463172,264.3153995457394,20,#0000FF,Quadrant 3,2,1,98,,#0000FF,0,187.19776048081508,6
image_115.png,5,False,260.28138408050404,103.21755866439099,20,#0000FF,Quadrant 1,1,1,98,,#0000FF,0,216.86403637252454,6
image_115.png,5,False,106.4423897180823,350.0908583709295,20,#0000FF,Quadrant 3,2,1,98,,#0000FF,0,342.0235254412522,6
image_115.png,5,False,586.9841910983218,381.79406161321054,20,#0000FF,Quadrant 4,2,2,98,,#0000FF,0,272.52439593002003,6
image_115.png,5,False,629.20579874878,373.8877632619774,20,#0000FF,Quadrant 4,2,2,98,,#0000FF,0,298.0848983012587,6
image_115.png,5,False,92.1678376817782,64.84847288615953,20,#0000FF,Quadrant 1,1,1,98,,#0000FF,0,319.4217789090413,6
image_115.png,5,False,431.29483239448155,140.0264179208672,20,#0000FF,Quadrant 2,1,2,98,,#0000FF,0,250.25149735701396,6
image_115.png,5,False,595.9415222125381,66.65761597123213,20,#0000FF,Quadrant 2,1,2,98,,#0000FF,0,197.73079044856644,6
image_115.png,5,False,258.1595900368749,266.7374835269111,20,#0000FF,Quadrant 3,2,1,98,,#0000FF,0,212.58436765311578,6
image_115.png,5,False,194.30055762395037,307.20112075009996,20,#0000FF,Quadrant 3,2,1,98,,#0000FF,0,156.29240690120085,6
image_115.png,5,False,271.646019529628,164.81762933934755,20,#0000FF,Quadrant 1,1,1,98,,#0000FF,0,137.67619972116336,6
image_115.png,5,False,582.3289239798451,16.644711258695676,20,#0000FF,Quadrant 2,1,2,98,,#0000FF,0,26.20949754451295,6
image_115.png,5,False,404.7683346054804,381.6192150354849,20,#0000FF,Quadrant 4,2,2,98,,#0000FF,0,190.2616685102141,6
image_115.png,5,False,184.5801428335838,83.59146159729835,20,#0000FF,Quadrant 1,1,1,98,,#0000FF,0,270.1518401746969,6
image_115.png,5,False,384.07151054313744,101.9471019962209,20,#0000FF,Quadrant 2,1,2,98,,#0000FF,0,96.13694089294502,6
image_115.png,5,False,225.10172370439076,203.41381367131135,20,#0000FF,Quadrant 3,2,1,98,,#0000FF,0,286.6620829577159,6
image_115.png,5,False,38.94727124158173,22.133651068034172,20,#0000FF,Quadrant 1,1,1,98,,#0000FF,0,225.3748625787929,6
image_115.png,5,False,340.6295387473503,95.5717106638085,20,#0000FF,Quadrant 1,1,1,98,,#0000FF,0,345.3201149339107,6
image_115.png,5,False,598.1711424445817,175.14579934588326,20,#0000FF,Quadrant 2,1,2,98,,#0000FF,0,2.344799640609896,6
image_115.png,5,False,620.9260779560972,34.66467630424825,20,#0000FF,Quadrant 2,1,2,98,,#0000FF,0,140.64227317751977,6
image_115.png,5,False,585.4263797773363,299.5099968489769,20,#0000FF,Quadrant 4,2,2,98,,#0000FF,0,19.854325667338188,6
image_115.png,5,False,62.71409369227674,263.62308775693054,20,#0000FF,Quadrant 3,2,1,98,,#0000FF,0,181.40375876978877,6
image_115.png,5,False,241.7054364862532,377.46818798196887,20,#0000FF,Quadrant 3,2,1,98,,#0000FF,0,293.1529505571749,6
image_115.png,5,False,432.71459176889437,116.55539469629133,20,#0000FF,Quadrant 2,1,2,98,,#0000FF,0,190.01245573278553,6
image_115.png,5,False,428.90170853889856,335.2623172913646,20,#0000FF,Quadrant 4,2,2,98,,#0000FF,0,105.49244900606814,6
image_115.png,5,False,323.2113252130749,303.4413332117909,20,#0000FF,Quadrant 3,2,1,98,,#0000FF,0,115.70140167740337,6
image_115.png,5,False,370.5255168450978,340.555766717872,20,#0000FF,Quadrant 4,2,2,98,,#0000FF,0,310.64345856482834,6
image_115.png,5,False,453.38844659382096,247.99756142719826,20,#0000FF,Quadrant 4,2,2,98,,#0000FF,0,341.79253607685047,6
image_115.png,5,False,628.1500285211221,177.56552989288184,20,#0000FF,Quadrant 2,1,2,98,,#0000FF,0,97.24374268989595,6
image_115.png,5,False,280.21845920259625,32.992795616471795,20,#0000FF,Quadrant 1,1,1,98,,#0000FF,0,215.58085517093795,6
image_115.png,5,False,621.065069968062,285.43601771009617,20,#0000FF,Quadrant 4,2,2,98,,#0000FF,0,339.4551357749777,6
image_115.png,5,False,294.6241648986196,60.15087931905639,20,#0000FF,Quadrant 1,1,1,98,,#0000FF,0,274.66788821433386,6
image_115.png,5,False,24.409652357660413,312.8961257845333,20,#0000FF,Quadrant 3,2,1,98,,#0000FF,0,49.389519125507555,6
image_115.png,5,False,350.0528382920984,247.3973014669886,20,#0000FF,Quadrant 3,2,1,98,,#0000FF,0,268.5106870091066,6
image_115.png,5,False,492.80414123447446,238.47971663808949,20,#0000FF,Quadrant 4,2,2,98,,#0000FF,0,57.94985147976644,6
image_115.png,5,False,192.58310508478027,161.171425879189,20,#0000FF,Quadrant 1,1,1,98,,#0000FF,0,276.8807291983541,6
image_115.png,5,False,378.6063221549135,36.38576002994368,20,#0000FF,Quadrant 2,1,2,98,,#0000FF,0,188.63331916084638,6
image_115.png,5,False,668.4391484463616,129.76765694676513,20,#0000FF,Quadrant 2,1,2,98,,#0000FF,0,337.4070081692907,6
image_115.png,5,False,128.99020936045196,141.31214347615634,20,#0000FF,Quadrant 1,1,1,98,,#0000FF,0,257.37080793842654,6
image_115.png,5,False,85.90345516723266,216.89108701399752,20,#0000FF,Quadrant 3,2,1,98,,#0000FF,0,345.9651171004208,6
image_115.png,5,False,124.18400894228017,49.42617843828165,20,#0000FF,Quadrant 1,1,1,98,,#0000FF,0,323.6810175087277,6
image_115.png,5,False,11.320000690985871,53.570370396474445,20,#0000FF,Quadrant 1,1,1,98,,#0000FF,0,217.05378188802163,6
image_115.png,5,False,174.96338385746114,205.02529394826078,20,#0000FF,Quadrant 3,2,1,98,,#0000FF,0,270.12156420859577,6
image_115.png,5,False,248.6810381639822,56.83787260924546,20,#0000FF,Quadrant 1,1,1,98,,#0000FF,0,206.43683367606934,6
image_115.png,5,False,193.3084850331426,29.59163083451201,20,#0000FF,Quadrant 1,1,1,98,,#0000FF,0,106.82213716622715,6
image_115.png,5,False,606.6804470851846,133.10256697284404,20,#0000FF,Quadrant 2,1,2,98,,#0000FF,0,346.0456202978617,6
image_115.png,5,False,76.12169161490394,115.09809358149403,20,#0000FF,Quadrant 1,1,1,98,,#0000FF,0,350.30828516398424,6
image_115.png,5,False,81.01303770743118,188.8104544723088,20,#0000FF,Quadrant 1,1,1,98,,#0000FF,0,90.04533692836874,6
image_115.png,5,False,108.68176616411266,186.09152109970464,20,#0000FF,Quadrant 1,1,1,98,,#0000FF,0,38.98174236689673,6
image_115.png,5,False,470.75340960715897,75.38027699242872,20,#0000FF,Quadrant 2,1,2,98,,#0000FF,0,284.7372566154375,6
image_115.png,5,False,136.6680944525514,248.48440744802116,20,#0000FF,Quadrant 3,2,1,98,,#0000FF,0,193.04783864197285,6
image_115.png,5,False,652.1734374974997,169.7100002234594,20,#0000FF,Quadrant 2,1,2,98,,#0000FF,0,93.99541189516196,6
image_115.png,5,False,245.35477485584872,324.64451902891403,20,#0000FF,Quadrant 3,2,1,98,,#0000FF,0,206.10712466094662,6
image_115.png,5,False,484.19089315738097,176.53791910708532,20,#0000FF,Quadrant 2,1,2,98,,#0000FF,0,282.38203632267016,6
image_115.png,5,False,608.0760537486071,98.55568527168903,20,#0000FF,Quadrant 2,1,2,98,,#0000FF,0,272.83624405687584,6
image_115.png,5,False,178.44725131993792,54.464505721425645,20,#0000FF,Quadrant 1,1,1,98,,#0000FF,0,296.11588473744365,6
image_115.png,5,False,520.0231875985187,197.2882611376025,20,#0000FF,Quadrant 2,1,2,98,,#0000FF,0,161.87157679733824,6
image_115.png,5,False,649.7756338953095,55.98009566553582,20,#0000FF,Quadrant 2,1,2,98,,#0000FF,0,145.00130210122697,6
image_115.png,5,False,53.090283099057345,336.42172617195155,20,#0000FF,Quadrant 3,2,1,98,,#0000FF,0,172.19565072685594,6
image_115.png,5,False,631.315323614354,206.90884784457725,20,#0000FF,Quadrant 4,2,2,98,,#0000FF,0,178.72718516693985,6
image_115.png,5,False,475.3054124690638,43.57949053520711,20,#0000FF,Quadrant 2,1,2,98,,#0000FF,0,125.74937312335233,6
image_115.png,5,False,382.42234783123246,180.07272026097934,20,#0000FF,Quadrant 2,1,2,98,,#0000FF,0,279.82316762669655,6
image_115.png,5,False,371.2350081782554,302.0940982417119,20,#0000FF,Quadrant 4,2,2,98,,#0000FF,0,263.696272568631,6
image_115.png,5,False,687.3927065294681,63.44526544030292,20,#0000FF,Quadrant 2,1,2,98,,#0000FF,0,62.717302338713225,6
image_115.png,5,False,395.1356992643024,212.9500924649223,20,#0000FF,Quadrant 4,2,2,98,,#0000FF,0,343.7608365282158,6
image_115.png,5,False,550.727689621555,339.1333519973669,20,#0000FF,Quadrant 4,2,2,98,,#0000FF,0,195.06875026203298,6
image_115.png,5,False,561.0873330933205,370.6291948911022,20,#0000FF,Quadrant 4,2,2,98,,#0000FF,0,306.3140854173704,6
image_115.png,5,False,169.33155712734197,329.1867496146464,20,#0000FF,Quadrant 3,2,1,98,,#0000FF,0,249.04557662210794,6
image_115.png,5,False,506.5211800126401,281.9319003325077,20,#0000FF,Quadrant 4,2,2,98,,#0000FF,0,155.93431406470654,6
image_115.png,5,False,678.6862095750628,256.0841073478425,20,#0000FF,Quadrant 4,2,2,98,,#0000FF,0,90.27766900248854,6
image_115.png,5,False,340.0673871788103,214.8440982753229,20,#0000FF,Quadrant 3,2,1,98,,#0000FF,0,161.1285014493661,6
image_115.png,5,False,139.6783542935857,364.01584877588095,20,#0000FF,Quadrant 3,2,1,98,,#0000FF,0,349.95945003942865,6
image_115.png,5,False,431.5875986865456,197.1541046301374,20,#0000FF,Quadrant 2,1,2,98,,#0000FF,0,166.10615058364994,6
image_115.png,5,False,601.4893743074597,228.19610029451775,20,#0000FF,Quadrant 4,2,2,98,,#0000FF,0,195.1116410938661,6
image_115.png,5,False,695.9982228769937,25.43201165511894,20,#0000FF,Quadrant 2,1,2,98,,#0000FF,0,70.61529053603542,6
image_116.png,2,True,372.30248010494586,161.6684012358017,20,#FF0000,Quadrant 2,1,2,99,151,#FF0000,0,114.57138870181575,6
image_116.png,5,False,441.762909069413,100.76805486799317,20,#0000FF,Quadrant 2,1,2,99,,#0000FF,0,67.04538617761386,6
image_116.png,5,False,196.56645112038476,22.301351151090117,20,#0000FF,Quadrant 1,1,1,99,,#0000FF,0,18.673927265261003,6
image_116.png,5,False,259.28615753044005,386.9108046254394,20,#0000FF,Quadrant 3,2,1,99,,#0000FF,0,322.0980232388042,6
image_116.png,5,False,437.8624805708468,270.16149238205105,20,#0000FF,Quadrant 4,2,2,99,,#0000FF,0,137.13810877478045,6
image_116.png,5,False,32.10692247528394,58.184031005752296,20,#0000FF,Quadrant 1,1,1,99,,#0000FF,0,204.9096537664062,6
image_116.png,5,False,384.27959507852836,305.22729253893135,20,#0000FF,Quadrant 4,2,2,99,,#0000FF,0,100.65495166119953,6
image_116.png,5,False,269.05069053824366,105.95576830957964,20,#0000FF,Quadrant 1,1,1,99,,#0000FF,0,123.34733565817305,6
image_116.png,5,False,281.8964469463566,235.37887942014135,20,#0000FF,Quadrant 3,2,1,99,,#0000FF,0,336.32310977943655,6
image_116.png,5,False,254.23073117015312,319.15564791190957,20,#0000FF,Quadrant 3,2,1,99,,#0000FF,0,70.59860892986876,6
image_116.png,5,False,378.03244082197097,228.74810998193095,20,#0000FF,Quadrant 4,2,2,99,,#0000FF,0,47.91524653188294,6
image_116.png,5,False,280.66451323838874,338.48894488804433,20,#0000FF,Quadrant 3,2,1,99,,#0000FF,0,96.93088922077888,6
image_116.png,5,False,145.0572218397219,374.05943622271536,20,#0000FF,Quadrant 3,2,1,99,,#0000FF,0,311.8651680545351,6
image_116.png,5,False,654.8955219092794,139.59033443817944,20,#0000FF,Quadrant 2,1,2,99,,#0000FF,0,332.55762641231723,6
image_116.png,5,False,65.8491871252605,268.2401470262327,20,#0000FF,Quadrant 3,2,1,99,,#0000FF,0,59.19175098733772,6
image_116.png,5,False,378.2647346829791,138.72164159324075,20,#0000FF,Quadrant 2,1,2,99,,#0000FF,0,118.03704013807061,6
image_116.png,5,False,343.99565705338205,356.4745544584037,20,#0000FF,Quadrant 3,2,1,99,,#0000FF,0,356.1772109238654,6
image_116.png,5,False,126.53105972248827,228.51771061839173,20,#0000FF,Quadrant 3,2,1,99,,#0000FF,0,123.60624268701338,6
image_116.png,5,False,416.90659735141924,339.23036484835984,20,#0000FF,Quadrant 4,2,2,99,,#0000FF,0,145.31450704174713,6
image_116.png,5,False,666.6719362733554,196.0809380274819,20,#0000FF,Quadrant 2,1,2,99,,#0000FF,0,131.68951846090954,6
image_116.png,5,False,431.20997588175635,296.7634266344938,20,#0000FF,Quadrant 4,2,2,99,,#0000FF,0,116.7754868092214,6
image_116.png,5,False,208.95297293610804,109.92524961195986,20,#0000FF,Quadrant 1,1,1,99,,#0000FF,0,278.28116658953655,6
image_116.png,5,False,222.26072244927295,246.5621509205669,20,#0000FF,Quadrant 3,2,1,99,,#0000FF,0,2.736838086675357,6
image_116.png,5,False,626.8744535444805,322.59620167384,20,#0000FF,Quadrant 4,2,2,99,,#0000FF,0,315.9900239344956,6
image_116.png,5,False,584.5216150283266,356.44678987488265,20,#0000FF,Quadrant 4,2,2,99,,#0000FF,0,26.82347128893958,6
image_116.png,5,False,124.55745905866542,86.27787479119819,20,#0000FF,Quadrant 1,1,1,99,,#0000FF,0,215.6403766150003,6
image_116.png,5,False,240.86082871244938,100.21480834284847,20,#0000FF,Quadrant 1,1,1,99,,#0000FF,0,299.8888305849358,6
image_116.png,5,False,70.26100834287539,148.67655215747843,20,#0000FF,Quadrant 1,1,1,99,,#0000FF,0,285.64253846979585,6
image_116.png,5,False,71.7747985206133,121.99969613171967,20,#0000FF,Quadrant 1,1,1,99,,#0000FF,0,142.03107111699111,6
image_116.png,5,False,581.2159463825142,87.46833749510346,20,#0000FF,Quadrant 2,1,2,99,,#0000FF,0,38.70814738896798,6
image_116.png,5,False,300.0242812548915,286.1241500060327,20,#0000FF,Quadrant 3,2,1,99,,#0000FF,0,77.20833550627509,6
image_116.png,5,False,78.09336664590641,312.9478118205259,20,#0000FF,Quadrant 3,2,1,99,,#0000FF,0,342.2241841914424,6
image_116.png,5,False,229.63364220075906,17.06945559981819,20,#0000FF,Quadrant 1,1,1,99,,#0000FF,0,161.03766967774447,6
image_116.png,5,False,667.431385035149,67.5814963095903,20,#0000FF,Quadrant 2,1,2,99,,#0000FF,0,223.47748768084935,6
image_116.png,5,False,563.8415628908062,118.15498774682136,20,#0000FF,Quadrant 2,1,2,99,,#0000FF,0,311.13317900592335,6
image_116.png,5,False,274.84041800521476,211.0421801532403,20,#0000FF,Quadrant 3,2,1,99,,#0000FF,0,63.836911055355294,6
image_116.png,5,False,490.59834220785854,208.96653728747035,20,#0000FF,Quadrant 4,2,2,99,,#0000FF,0,359.13365754429196,6
image_116.png,5,False,15.63457761845674,147.45293153118553,20,#0000FF,Quadrant 1,1,1,99,,#0000FF,0,272.79532978001964,6
image_116.png,5,False,297.6812595815684,372.19641110780873,20,#0000FF,Quadrant 3,2,1,99,,#0000FF,0,279.309286133458,6
image_116.png,5,False,413.0777483726797,168.06379001951018,20,#0000FF,Quadrant 2,1,2,99,,#0000FF,0,311.05239121804533,6
image_116.png,5,False,382.3123659914495,116.6653951174748,20,#0000FF,Quadrant 2,1,2,99,,#0000FF,0,271.5443983817151,6
image_116.png,5,False,106.2329338452106,277.90642408819957,20,#0000FF,Quadrant 3,2,1,99,,#0000FF,0,310.5333660567727,6
image_116.png,5,False,688.3930576772428,348.61862485856545,20,#0000FF,Quadrant 4,2,2,99,,#0000FF,0,183.6750108109617,6
image_116.png,5,False,590.8460999042045,119.87633129357538,20,#0000FF,Quadrant 2,1,2,99,,#0000FF,0,283.5388032835976,6
image_116.png,5,False,28.497668003963742,363.5131702101452,20,#0000FF,Quadrant 3,2,1,99,,#0000FF,0,354.7389927478591,6
image_116.png,5,False,451.384711244524,232.63324183743103,20,#0000FF,Quadrant 4,2,2,99,,#0000FF,0,110.46285788790355,6
image_116.png,5,False,579.9882179233798,385.6736502247662,20,#0000FF,Quadrant 4,2,2,99,,#0000FF,0,231.354179649456,6
image_116.png,5,False,235.59932110746377,130.9684727949924,20,#0000FF,Quadrant 1,1,1,99,,#0000FF,0,41.664077101292875,6
image_116.png,5,False,234.21987310209576,192.6400335786667,20,#0000FF,Quadrant 1,1,1,99,,#0000FF,0,75.00381232801892,6
image_116.png,5,False,447.4248982976417,171.90811048445408,20,#0000FF,Quadrant 2,1,2,99,,#0000FF,0,187.84328664446514,6
image_116.png,5,False,480.89451235647874,118.31778327102361,20,#0000FF,Quadrant 2,1,2,99,,#0000FF,0,265.7358406899396,6
image_116.png,5,False,674.5726454621976,271.95632864829173,20,#0000FF,Quadrant 4,2,2,99,,#0000FF,0,51.8660567689717,6
image_116.png,5,False,506.6395797072069,121.62857616774018,20,#0000FF,Quadrant 2,1,2,99,,#0000FF,0,283.9779525904579,6
image_116.png,5,False,525.6141768126618,60.04041980549075,20,#0000FF,Quadrant 2,1,2,99,,#0000FF,0,148.78060291628304,6
image_116.png,5,False,209.37223917324025,369.9877932100402,20,#0000FF,Quadrant 3,2,1,99,,#0000FF,0,330.926797187182,6
image_116.png,5,False,161.50422212414514,318.5284185360844,20,#0000FF,Quadrant 3,2,1,99,,#0000FF,0,25.053558269872948,6
image_116.png,5,False,567.5253867318429,51.01553357097097,20,#0000FF,Quadrant 2,1,2,99,,#0000FF,0,254.72368654319118,6
image_116.png,5,False,616.399511840672,254.86590238420558,20,#0000FF,Quadrant 4,2,2,99,,#0000FF,0,218.36852559116883,6
image_116.png,5,False,440.98275454196494,33.29613762024856,20,#0000FF,Quadrant 2,1,2,99,,#0000FF,0,225.68830661291628,6
image_116.png,5,False,621.0971897088536,207.4052451738337,20,#0000FF,Quadrant 4,2,2,99,,#0000FF,0,265.78672172815607,6
image_116.png,5,False,348.2915794875018,88.09575886452085,20,#0000FF,Quadrant 1,1,1,99,,#0000FF,0,149.53248004958428,6
image_116.png,5,False,109.1451355608056,45.108474650463776,20,#0000FF,Quadrant 1,1,1,99,,#0000FF,0,11.76975933578853,6
image_116.png,5,False,600.0117468869785,291.43870707937106,20,#0000FF,Quadrant 4,2,2,99,,#0000FF,0,294.00048076500366,6
image_116.png,5,False,47.58346259980453,339.4934752335,20,#0000FF,Quadrant 3,2,1,99,,#0000FF,0,36.80998043193222,6
image_116.png,5,False,325.9878814345276,92.29590078417515,20,#0000FF,Quadrant 1,1,1,99,,#0000FF,0,63.19763766822141,6
image_116.png,5,False,505.14690990597813,93.12803229652718,20,#0000FF,Quadrant 2,1,2,99,,#0000FF,0,159.44339128878855,6
image_116.png,5,False,412.3800019398431,81.36411107800302,20,#0000FF,Quadrant 2,1,2,99,,#0000FF,0,203.21454223947663,6
image_116.png,5,False,294.82684998507756,75.7107947254126,20,#0000FF,Quadrant 1,1,1,99,,#0000FF,0,77.07545866636966,6
image_116.png,5,False,305.27193680993196,134.5888784709528,20,#0000FF,Quadrant 1,1,1,99,,#0000FF,0,36.291617630495445,6
image_116.png,5,False,110.12846648631465,349.9550796818817,20,#0000FF,Quadrant 3,2,1,99,,#0000FF,0,199.1291031110079,6
image_116.png,5,False,658.450632179188,111.84218363431766,20,#0000FF,Quadrant 2,1,2,99,,#0000FF,0,115.27333319291388,6
image_116.png,5,False,510.37759731809695,186.0243744002986,20,#0000FF,Quadrant 2,1,2,99,,#0000FF,0,43.976357699015416,6
image_116.png,5,False,354.20287785027654,281.4555566017423,20,#0000FF,Quadrant 3,2,1,99,,#0000FF,0,343.10786812733966,6
image_116.png,5,False,412.181129376072,12.016094793441903,20,#0000FF,Quadrant 2,1,2,99,,#0000FF,0,305.25979362294913,6
image_116.png,5,False,638.4471389496023,282.69302593566437,20,#0000FF,Quadrant 4,2,2,99,,#0000FF,0,273.5084273645283,6
image_116.png,5,False,498.7559502789281,320.0150920566873,20,#0000FF,Quadrant 4,2,2,99,,#0000FF,0,77.1253899970494,6
image_116.png,5,False,101.03047821541178,21.613626070747117,20,#0000FF,Quadrant 1,1,1,99,,#0000FF,0,186.82016884900474,6
image_116.png,5,False,513.4209279843686,285.4693219826053,20,#0000FF,Quadrant 4,2,2,99,,#0000FF,0,131.15061806863105,6
image_116.png,5,False,140.83547575310243,25.23438796337259,20,#0000FF,Quadrant 1,1,1,99,,#0000FF,0,19.544622877781173,6
image_116.png,5,False,535.3267697531782,195.8213721907677,20,#0000FF,Quadrant 2,1,2,99,,#0000FF,0,16.007619913758035,6
image_116.png,5,False,606.036270923814,176.7038400772235,20,#0000FF,Quadrant 2,1,2,99,,#0000FF,0,181.24585525788024,6
image_116.png,5,False,488.6972108173891,283.9328136777296,20,#0000FF,Quadrant 4,2,2,99,,#0000FF,0,246.09502729632604,6
image_116.png,5,False,470.8027061326541,146.08369348794255,20,#0000FF,Quadrant 2,1,2,99,,#0000FF,0,316.2655047624516,6
image_116.png,5,False,379.60781273025447,360.3863746450321,20,#0000FF,Quadrant 4,2,2,99,,#0000FF,0,85.24650774504069,6
image_116.png,5,False,38.86163681130624,17.553393119075935,20,#0000FF,Quadrant 1,1,1,99,,#0000FF,0,292.89981481943073,6
image_116.png,5,False,173.80197722191565,157.6077219990178,20,#0000FF,Quadrant 1,1,1,99,,#0000FF,0,352.0763450023328,6
image_116.png,5,False,328.08797778752,142.12346292808337,20,#0000FF,Quadrant 1,1,1,99,,#0000FF,0,115.46428918401224,6
image_116.png,5,False,453.9661402455183,74.30746730078273,20,#0000FF,Quadrant 2,1,2,99,,#0000FF,0,280.42013834206415,6
image_116.png,5,False,74.71531558500799,86.16132973635332,20,#0000FF,Quadrant 1,1,1,99,,#0000FF,0,239.04301113375112,6
image_116.png,5,False,694.6109373710793,42.24087479366109,20,#0000FF,Quadrant 2,1,2,99,,#0000FF,0,207.5577031791984,6
image_116.png,5,False,355.4071517663317,241.08754369380117,20,#0000FF,Quadrant 3,2,1,99,,#0000FF,0,247.23847011964457,6
image_116.png,5,False,647.6273964835477,373.92309132226046,20,#0000FF,Quadrant 4,2,2,99,,#0000FF,0,312.0231199804167,6
image_116.png,5,False,542.4786881879606,265.5594535449999,20,#0000FF,Quadrant 4,2,2,99,,#0000FF,0,41.45972980634442,6
image_116.png,5,False,274.59903695775375,50.5030912678833,20,#0000FF,Quadrant 1,1,1,99,,#0000FF,0,41.73620254230089,6
image_116.png,5,False,39.83542106553331,244.41800974899172,20,#0000FF,Quadrant 3,2,1,99,,#0000FF,0,328.78270048688734,6
image_116.png,5,False,104.69488666315787,140.6309173265791,20,#0000FF,Quadrant 1,1,1,99,,#0000FF,0,11.490249341255137,6
image_116.png,5,False,213.29882209768866,83.74404881214761,20,#0000FF,Quadrant 1,1,1,99,,#0000FF,0,77.0721201101563,6
image_116.png,5,False,236.05445850332725,61.891746511671016,20,#0000FF,Quadrant 1,1,1,99,,#0000FF,0,207.5146383000348,6
image_116.png,5,False,269.7725093643986,17.469431769227533,20,#0000FF,Quadrant 1,1,1,99,,#0000FF,0,214.67637407196065,6
image_116.png,5,False,252.13300274435153,154.82734494944071,20,#0000FF,Quadrant 1,1,1,99,,#0000FF,0,358.0441518751046,6
image_117.png,2,True,158.87191682382615,263.1073108839459,20,#FF0000,Quadrant 3,2,1,1,151,#FF0000,0,289.93037652263246,1
image_117.png,5,False,99.33209490688003,273.543900866415,20,#0000FF,Quadrant 3,2,1,1,,#0000FF,0,214.6329894981232,1
image_118.png,2,True,168.68677170993467,182.51157738901546,20,#FF0000,Quadrant 1,1,1,17,151,#FF0000,0,279.49067499474063,4
image_118.png,5,False,142.4311843144968,364.4938253440564,20,#0000FF,Quadrant 3,2,1,17,,#0000FF,0,51.07644602035205,4
image_118.png,5,False,382.81149608380963,157.42538689095724,20,#0000FF,Quadrant 2,1,2,17,,#0000FF,0,197.8901901661606,4
image_118.png,5,False,100.79985316154871,330.91731733249077,20,#0000FF,Quadrant 3,2,1,17,,#0000FF,0,274.52596733456267,4
image_118.png,5,False,62.63986814694464,291.71996255428314,20,#0000FF,Quadrant 3,2,1,17,,#0000FF,0,93.36861564922748,4
image_118.png,5,False,108.04277527465595,193.1402285218985,20,#0000FF,Quadrant 1,1,1,17,,#0000FF,0,56.22140235626991,4
image_118.png,5,False,95.82475543242509,243.1869357915115,20,#0000FF,Quadrant 3,2,1,17,,#0000FF,0,19.373543203514227,4
image_118.png,5,False,395.1370694038014,116.05783266422739,20,#0000FF,Quadrant 2,1,2,17,,#0000FF,0,172.55177977003487,4
image_118.png,5,False,437.7836704580954,178.49730996580337,20,#0000FF,Quadrant 2,1,2,17,,#0000FF,0,59.88666128861938,4
image_118.png,5,False,69.82240428113849,172.10317526625468,20,#0000FF,Quadrant 1,1,1,17,,#0000FF,0,259.75709965108217,4
image_118.png,5,False,295.1030467765827,60.13531501450007,20,#0000FF,Quadrant 1,1,1,17,,#0000FF,0,212.6925606135796,4
image_118.png,5,False,376.8915208273749,368.26762173044204,20,#0000FF,Quadrant 4,2,2,17,,#0000FF,0,309.6039246119824,4
image_118.png,5,False,231.09082956516454,371.20166606167595,20,#0000FF,Quadrant 3,2,1,17,,#0000FF,0,38.53428396031643,4
image_118.png,5,False,616.3465697659935,249.7957292995713,20,#0000FF,Quadrant 4,2,2,17,,#0000FF,0,57.09543986615796,4
image_118.png,5,False,494.1274921776246,338.5197330705992,20,#0000FF,Quadrant 4,2,2,17,,#0000FF,0,2.7278903116381326,4
image_118.png,5,False,51.40832730319076,17.373132727294106,20,#0000FF,Quadrant 1,1,1,17,,#0000FF,0,11.657873465799359,4
image_118.png,5,False,634.6113270775754,372.5906681540183,20,#0000FF,Quadrant 4,2,2,17,,#0000FF,0,130.74723934287564,4
image_118.png,5,False,540.4362059447828,181.65702791003872,20,#0000FF,Quadrant 2,1,2,17,,#0000FF,0,203.19418228502838,4
image_119.png,2,True,266.5418358005408,234.06645563194064,20,#FF0000,Quadrant 3,2,1,26,151,#FF0000,0,224.24630748747035,4
image_119.png,5,False,250.7941355801164,118.74648376341385,20,#0000FF,Quadrant 1,1,1,26,,#0000FF,0,280.21691768835655,4
image_119.png,5,False,662.6356359315008,105.98430127857644,20,#0000FF,Quadrant 2,1,2,26,,#0000FF,0,303.661911354167,4
image_119.png,5,False,105.29596291135745,317.2131919333013,20,#0000FF,Quadrant 3,2,1,26,,#0000FF,0,302.9683455699161,4
image_119.png,5,False,12.88236482572551,27.6787213963855,20,#0000FF,Quadrant 1,1,1,26,,#0000FF,0,166.22851547827239,4
image_119.png,5,False,153.774202334573,315.7045703123127,20,#0000FF,Quadrant 3,2,1,26,,#0000FF,0,44.14925436633034,4
image_119.png,5,False,295.2626114755725,97.88365293996466,20,#0000FF,Quadrant 1,1,1,26,,#0000FF,0,265.2059021987823,4
image_119.png,5,False,201.28112395117486,367.5332387984745,20,#0000FF,Quadrant 3,2,1,26,,#0000FF,0,161.75727831952125,4
image_119.png,5,False,303.0018364840512,27.111661074853355,20,#0000FF,Quadrant 1,1,1,26,,#0000FF,0,176.03431417252696,4
image_119.png,5,False,78.12811791673016,285.7164393911772,20,#0000FF,Quadrant 3,2,1,26,,#0000FF,0,4.726445273061768,4
image_119.png,5,False,85.00008439319609,235.05850797535635,20,#0000FF,Quadrant 3,2,1,26,,#0000FF,0,131.847799429253,4
image_119.png,5,False,85.53713477570264,140.54777969588955,20,#0000FF,Quadrant 1,1,1,26,,#0000FF,0,312.63573392573994,4
image_119.png,5,False,69.17570643640812,203.1612426791067,20,#0000FF,Quadrant 3,2,1,26,,#0000FF,0,21.888878694503905,4
image_119.png,5,False,81.04818052679721,31.367803920922043,20,#0000FF,Quadrant 1,1,1,26,,#0000FF,0,147.09125997920876,4
image_119.png,5,False,239.8439718180784,377.1970671718403,20,#0000FF,Quadrant 3,2,1,26,,#0000FF,0,256.54365034779937,4
image_119.png,5,False,350.0108239566013,86.40893300464802,20,#0000FF,Quadrant 1,1,1,26,,#0000FF,0,343.3995060562879,4
image_119.png,5,False,89.68783574626302,85.29725630112493,20,#0000FF,Quadrant 1,1,1,26,,#0000FF,0,144.22216730559637,4
image_119.png,5,False,310.78120868063803,142.89688817396356,20,#0000FF,Quadrant 1,1,1,26,,#0000FF,0,6.274659361297137,4
image_119.png,5,False,477.01626403499233,179.89789579058714,20,#0000FF,Quadrant 2,1,2,26,,#0000FF,0,309.3856336930695,4
image_119.png,5,False,421.75443778813695,198.55382567063396,20,#0000FF,Quadrant 2,1,2,26,,#0000FF,0,253.22679366629248,4
image_119.png,5,False,397.70666663919786,137.16230317360677,20,#0000FF,Quadrant 2,1,2,26,,#0000FF,0,73.64228310718157,4
image_119.png,5,False,564.7172101804898,304.7078236918017,20,#0000FF,Quadrant 4,2,2,26,,#0000FF,0,359.9131438253691,4
image_119.png,5,False,646.2368144479271,327.8890090239458,20,#0000FF,Quadrant 4,2,2,26,,#0000FF,0,337.9465567932385,4
image_119.png,5,False,311.9612997336688,67.28932395455857,20,#0000FF,Quadrant 1,1,1,26,,#0000FF,0,320.2691416569402,4
image_119.png,5,False,55.14736495510015,101.9270814657358,20,#0000FF,Quadrant 1,1,1,26,,#0000FF,0,127.1641451914086,4
image_119.png,5,False,599.2334891950886,18.174666867613716,20,#0000FF,Quadrant 2,1,2,26,,#0000FF,0,49.75992777803396,4
image_119.png,5,False,194.27701721084273,167.79592039334042,20,#0000FF,Quadrant 1,1,1,26,,#0000FF,0,20.729119723560014,4
image_120.png,2,True,442.8911376747301,20.424818034666078,20,#FF0000,Quadrant 2,1,2,3,151,#FF0000,0,347.4291416922169,1
image_120.png,5,False,91.254397070765,179.94006218357683,20,#0000FF,Quadrant 1,1,1,3,,#0000FF,0,24.412047015407822,1
image_120.png,5,False,333.01008911176643,356.46531216335063,20,#0000FF,Quadrant 3,2,1,3,,#0000FF,0,174.83532518113515,1
image_120.png,5,False,527.0766179216363,110.29840450989767,20,#0000FF,Quadrant 2,1,2,3,,#0000FF,0,13.446265213737089,1
image_121.png,2,True,398.8524206114627,275.5750087074479,20,#FF0000,Quadrant 4,2,2,5,151,#FF0000,0,295.3970800143852,2
image_121.png,5,False,490.8458241799791,228.03582661706332,20,#0000FF,Quadrant 4,2,2,5,,#0000FF,0,254.70266898860666,2
image_121.png,5,False,471.0519735460517,278.5215272073775,20,#0000FF,Quadrant 4,2,2,5,,#0000FF,0,113.41691113818126,2
image_121.png,5,False,129.59107373016013,107.58719860606693,20,#0000FF,Quadrant 1,1,1,5,,#0000FF,0,113.99972708824848,2
image_121.png,5,False,37.11159033772498,233.8860861994602,20,#0000FF,Quadrant 3,2,1,5,,#0000FF,0,219.18571785584817,2
image_121.png,5,False,422.976068341429,198.83040204093354,20,#0000FF,Quadrant 2,1,2,5,,#0000FF,0,232.77026250099496,2
image_122.png,2,True,457.4905436699595,86.09490961661673,20,#FF0000,Quadrant 2,1,2,32,151,#FF0000,0,229.99737441930964,4
image_122.png,5,False,483.07228623234846,318.5654847972827,20,#0000FF,Quadrant 4,2,2,32,,#0000FF,0,212.51417605613352,4
image_122.png,5,False,394.4574481299948,121.60885477495898,20,#0000FF,Quadrant 2,1,2,32,,#0000FF,0,137.59964955654226,4
image_122.png,5,False,274.200771341521,48.640017137752956,20,#0000FF,Quadrant 1,1,1,32,,#0000FF,0,147.91939591547302,4
image_122.png,5,False,208.50531621504157,29.56137725217702,20,#0000FF,Quadrant 1,1,1,32,,#0000FF,0,77.8620908750888,4
image_122.png,5,False,194.3939718085423,99.18697723810686,20,#0000FF,Quadrant 1,1,1,32,,#0000FF,0,172.76107613419325,4
image_122.png,5,False,233.07816351219833,80.17979594866624,20,#0000FF,Quadrant 1,1,1,32,,#0000FF,0,62.71035190217371,4
image_122.png,5,False,677.2911597423434,264.1585078193886,20,#0000FF,Quadrant 4,2,2,32,,#0000FF,0,265.30846691130324,4
image_122.png,5,False,412.5932536771199,355.7245211829895,20,#0000FF,Quadrant 4,2,2,32,,#0000FF,0,214.2436828023055,4
image_122.png,5,False,318.34083820903476,16.541660735937455,20,#0000FF,Quadrant 1,1,1,32,,#0000FF,0,358.4414048477755,4
image_122.png,5,False,638.7278091309544,73.42395156573238,20,#0000FF,Quadrant 2,1,2,32,,#0000FF,0,256.13528025237133,4
image_122.png,5,False,332.9479791233373,205.8859315526515,20,#0000FF,Quadrant 3,2,1,32,,#0000FF,0,9.470502415025273,4
image_122.png,5,False,383.43918087101616,75.83765344285418,20,#0000FF,Quadrant 2,1,2,32,,#0000FF,0,295.13294194242,4
image_122.png,5,False,48.84158029755879,70.85950337175836,20,#0000FF,Quadrant 1,1,1,32,,#0000FF,0,32.04821458359873,4
image_122.png,5,False,29.898861129866294,314.62831312154503,20,#0000FF,Quadrant 3,2,1,32,,#0000FF,0,239.5288735429569,4
image_122.png,5,False,76.50877642920418,362.8759808907803,20,#0000FF,Quadrant 3,2,1,32,,#0000FF,0,225.99722455007532,4
image_122.png,5,False,661.2190538612157,313.09224579955776,20,#0000FF,Quadrant 4,2,2,32,,#0000FF,0,337.14458462945487,4
image_122.png,5,False,482.5145039376014,294.84990407935663,20,#0000FF,Quadrant 4,2,2,32,,#0000FF,0,84.67586437594674,4
image_122.png,5,False,320.07180210704774,66.41702763166205,20,#0000FF,Quadrant 1,1,1,32,,#0000FF,0,280.81419356537356,4
image_122.png,5,False,683.4717870148326,374.8322684203995,20,#0000FF,Quadrant 4,2,2,32,,#0000FF,0,40.30441246971699,4
image_122.png,5,False,381.33875104050725,247.6131350705826,20,#0000FF,Quadrant 4,2,2,32,,#0000FF,0,263.1444235225089,4
image_122.png,5,False,650.2565235179967,203.1062145795116,20,#0000FF,Quadrant 4,2,2,32,,#0000FF,0,347.24958914753785,4
image_122.png,5,False,597.6150027263899,377.8521022395913,20,#0000FF,Quadrant 4,2,2,32,,#0000FF,0,293.51479184124975,4
image_122.png,5,False,627.0787122261868,125.95512129567037,20,#0000FF,Quadrant 2,1,2,32,,#0000FF,0,334.10726684064116,4
image_122.png,5,False,533.1467093664955,181.58812828281208,20,#0000FF,Quadrant 2,1,2,32,,#0000FF,0,49.76663185550177,4
image_122.png,5,False,256.31904274687906,204.96893871392624,20,#0000FF,Quadrant 3,2,1,32,,#0000FF,0,316.86383990972405,4
image_122.png,5,False,404.47937601944636,177.45365872690257,20,#0000FF,Quadrant 2,1,2,32,,#0000FF,0,333.7568250591279,4
image_122.png,5,False,570.3786260686996,109.09125663456246,20,#0000FF,Quadrant 2,1,2,32,,#0000FF,0,62.12701247794337,4
image_122.png,5,False,591.5463156618389,329.320892731917,20,#0000FF,Quadrant 4,2,2,32,,#0000FF,0,33.73094512799254,4
image_122.png,5,False,69.65321535910553,236.16718697861398,20,#0000FF,Quadrant 3,2,1,32,,#0000FF,0,136.88996644939834,4
image_122.png,5,False,457.4389247912228,42.764292620928565,20,#0000FF,Quadrant 2,1,2,32,,#0000FF,0,32.94133480831561,4
image_122.png,5,False,624.8920742145367,265.9006949430684,20,#0000FF,Quadrant 4,2,2,32,,#0000FF,0,56.819152712251096,4
image_122.png,5,False,556.3182046854924,237.76284674864905,20,#0000FF,Quadrant 4,2,2,32,,#0000FF,0,212.55477888397724,4
image_123.png,2,True,529.2358688575031,229.70928629157032,20,#FF0000,Quadrant 4,2,2,21,151,#FF0000,0,166.8092627930191,4
image_123.png,5,False,651.9181349815831,191.35730040976802,20,#0000FF,Quadrant 2,1,2,21,,#0000FF,0,359.6573308207051,4
image_123.png,5,False,195.05564679741713,233.5821547959327,20,#0000FF,Quadrant 3,2,1,21,,#0000FF,0,228.7398873121227,4
image_123.png,5,False,92.24273613997428,352.9847314715235,20,#0000FF,Quadrant 3,2,1,21,,#0000FF,0,82.56141555918393,4
image_123.png,5,False,411.2915948093474,53.52235253186968,20,#0000FF,Quadrant 2,1,2,21,,#0000FF,0,31.837313506319923,4
image_123.png,5,False,351.6109234080868,219.598546481129,20,#0000FF,Quadrant 3,2,1,21,,#0000FF,0,153.77387535458527,4
image_123.png,5,False,346.89217597810125,265.84474897267177,20,#0000FF,Quadrant 3,2,1,21,,#0000FF,0,89.32014632024274,4
image_123.png,5,False,392.16263584488087,95.72140179567047,20,#0000FF,Quadrant 2,1,2,21,,#0000FF,0,291.05277306389036,4
image_123.png,5,False,254.9353396946871,305.4735999101537,20,#0000FF,Quadrant 3,2,1,21,,#0000FF,0,260.23151111497924,4
image_123.png,5,False,560.7284219030022,315.21876857401855,20,#0000FF,Quadrant 4,2,2,21,,#0000FF,0,165.68621880689372,4
image_123.png,5,False,285.33098539120476,121.69725210904684,20,#0000FF,Quadrant 1,1,1,21,,#0000FF,0,241.2102510841465,4
image_123.png,5,False,427.67055246360945,170.3770892274392,20,#0000FF,Quadrant 2,1,2,21,,#0000FF,0,16.260328579815365,4
image_123.png,5,False,586.3746698362327,153.24692093618356,20,#0000FF,Quadrant 2,1,2,21,,#0000FF,0,230.2754418693065,4
image_123.png,5,False,507.3245478307367,364.6403591577849,20,#0000FF,Quadrant 4,2,2,21,,#0000FF,0,196.84743828710742,4
image_123.png,5,False,194.02919503419233,204.422833458221,20,#0000FF,Quadrant 3,2,1,21,,#0000FF,0,154.55096758323586,4
image_123.png,5,False,316.879089362941,68.81481854613816,20,#0000FF,Quadrant 1,1,1,21,,#0000FF,0,54.6081824847577,4
image_123.png,5,False,276.90936020815406,71.40713759439836,20,#0000FF,Quadrant 1,1,1,21,,#0000FF,0,121.68644813295813,4
image_123.png,5,False,677.7186070263136,373.938244047553,20,#0000FF,Quadrant 4,2,2,21,,#0000FF,0,0.12358949267731845,4
image_123.png,5,False,194.21765467043673,162.24934567035658,20,#0000FF,Quadrant 1,1,1,21,,#0000FF,0,280.31949937284685,4
image_123.png,5,False,168.05896948353413,26.53124110971656,20,#0000FF,Quadrant 1,1,1,21,,#0000FF,0,250.8076183546421,4
image_123.png,5,False,689.6735686445851,160.38126110479178,20,#0000FF,Quadrant 2,1,2,21,,#0000FF,0,156.9269651881261,4
image_123.png,5,False,691.4033898394171,210.28511545267617,20,#0000FF,Quadrant 4,2,2,21,,#0000FF,0,54.48193070750139,4
image_124.png,2,True,440.41171336137654,34.96897142910015,20,#FF0000,Quadrant 2,1,2,37,151,#FF0000,0,152.969196497945,5
image_124.png,5,False,158.7572883375863,324.6251839302008,20,#0000FF,Quadrant 3,2,1,37,,#0000FF,0,107.96388586302919,5
image_124.png,5,False,532.3584469334653,284.96338254102903,20,#0000FF,Quadrant 4,2,2,37,,#0000FF,0,211.1392581655197,5
image_124.png,5,False,531.5333372066658,237.682843476211,20,#0000FF,Quadrant 4,2,2,37,,#0000FF,0,128.78896056134406,5
image_124.png,5,False,699.0209218226051,341.0441971222152,20,#0000FF,Quadrant 4,2,2,37,,#0000FF,0,293.3508132306355,5
image_124.png,5,False,85.38475990515268,91.64395458692107,20,#0000FF,Quadrant 1,1,1,37,,#0000FF,0,257.3045184214161,5
image_124.png,5,False,627.270861061606,140.17356823777686,20,#0000FF,Quadrant 2,1,2,37,,#0000FF,0,259.0972023214973,5
image_124.png,5,False,41.171903474208634,107.20573576852854,20,#0000FF,Quadrant 1,1,1,37,,#0000FF,0,353.16454387832533,5
image_124.png,5,False,76.03853983446292,136.6663706656459,20,#0000FF,Quadrant 1,1,1,37,,#0000FF,0,200.26575881224633,5
image_124.png,5,False,26.11037130651416,73.58673054128522,20,#0000FF,Quadrant 1,1,1,37,,#0000FF,0,298.8211638638334,5
image_124.png,5,False,202.82907980738784,125.18932730953216,20,#0000FF,Quadrant 1,1,1,37,,#0000FF,0,326.3144694582624,5
image_124.png,5,False,96.82826921803247,47.80262757935299,20,#0000FF,Quadrant 1,1,1,37,,#0000FF,0,52.072041737927364,5
image_124.png,5,False,30.467668732433705,225.4089086159747,20,#0000FF,Quadrant 3,2,1,37,,#0000FF,0,104.09478111934685,5
image_124.png,5,False,54.530739790661904,296.61887974922985,20,#0000FF,Quadrant 3,2,1,37,,#0000FF,0,144.7433089036201,5
image_124.png,5,False,639.0607527248982,293.5632416359789,20,#0000FF,Quadrant 4,2,2,37,,#0000FF,0,174.32625325595774,5
image_124.png,5,False,669.9775868304379,286.74561921565146,20,#0000FF,Quadrant 4,2,2,37,,#0000FF,0,196.81357618253716,5
image_124.png,5,False,329.1285679799538,219.33581627148354,20,#0000FF,Quadrant 3,2,1,37,,#0000FF,0,311.86755109022306,5
image_124.png,5,False,696.7454445515568,308.5906552494111,20,#0000FF,Quadrant 4,2,2,37,,#0000FF,0,186.10977400246801,5
image_124.png,5,False,439.9352386017425,358.4261214817198,20,#0000FF,Quadrant 4,2,2,37,,#0000FF,0,302.3044672423697,5
image_124.png,5,False,663.6104165882113,217.35587687481913,20,#0000FF,Quadrant 4,2,2,37,,#0000FF,0,225.5724353756862,5
image_124.png,5,False,381.9601865514605,315.2016798699065,20,#0000FF,Quadrant 4,2,2,37,,#0000FF,0,221.9285398627852,5
image_124.png,5,False,682.9512558865491,160.62282025269548,20,#0000FF,Quadrant 2,1,2,37,,#0000FF,0,89.63128128347593,5
image_124.png,5,False,314.3988285862153,362.6571010615033,20,#0000FF,Quadrant 3,2,1,37,,#0000FF,0,222.67623482524425,5
image_124.png,5,False,226.20936225732274,348.37376896757473,20,#0000FF,Quadrant 3,2,1,37,,#0000FF,0,137.21847000866904,5
image_124.png,5,False,245.45635994802905,109.74073493497639,20,#0000FF,Quadrant 1,1,1,37,,#0000FF,0,32.5065126854001,5
image_124.png,5,False,465.6756499928836,52.824180654556706,20,#0000FF,Quadrant 2,1,2,37,,#0000FF,0,112.88004166847873,5
image_124.png,5,False,508.7209146900885,267.85971088900993,20,#0000FF,Quadrant 4,2,2,37,,#0000FF,0,220.93095785764132,5
image_124.png,5,False,484.65486040071164,191.59203875057813,20,#0000FF,Quadrant 2,1,2,37,,#0000FF,0,21.091708422710376,5
image_124.png,5,False,491.2267244227796,155.20318573787912,20,#0000FF,Quadrant 2,1,2,37,,#0000FF,0,130.07378584670082,5
image_124.png,5,False,253.0188585603586,37.605022187186414,20,#0000FF,Quadrant 1,1,1,37,,#0000FF,0,250.11600148689624,5
image_124.png,5,False,153.7205187398228,129.83866731787458,20,#0000FF,Quadrant 1,1,1,37,,#0000FF,0,290.7014055710947,5
image_124.png,5,False,499.74671512998,58.53842800708965,20,#0000FF,Quadrant 2,1,2,37,,#0000FF,0,147.88425379478275,5
image_124.png,5,False,190.07477976198118,151.76280567503477,20,#0000FF,Quadrant 1,1,1,37,,#0000FF,0,185.2804020683228,5
image_124.png,5,False,345.51510092087364,29.579352523120253,20,#0000FF,Quadrant 1,1,1,37,,#0000FF,0,20.09209078873582,5
image_124.png,5,False,459.76454656856873,124.8281830925015,20,#0000FF,Quadrant 2,1,2,37,,#0000FF,0,213.8822614862251,5
image_124.png,5,False,376.4131157339238,230.37755188779764,20,#0000FF,Quadrant 4,2,2,37,,#0000FF,0,48.919228520518644,5
image_124.png,5,False,213.0956624688977,153.25482526038527,20,#0000FF,Quadrant 1,1,1,37,,#0000FF,0,64.41391480643293,5
image_124.png,5,False,607.1117117909081,307.9254762928575,20,#0000FF,Quadrant 4,2,2,37,,#0000FF,0,135.01608167340626,5
image_125.png,2,True,293.807147469011,134.55855553082563,20,#FF0000,Quadrant 1,1,1,92,151,#FF0000,0,155.2824018828663,6
image_125.png,5,False,122.50037252821504,321.03233950443655,20,#0000FF,Quadrant 3,2,1,92,,#0000FF,0,156.88943605398453,6
image_125.png,5,False,227.86109977851788,338.03742731856465,20,#0000FF,Quadrant 3,2,1,92,,#0000FF,0,335.30144506593905,6
image_125.png,5,False,316.29318472894005,214.18178759031926,20,#0000FF,Quadrant 3,2,1,92,,#0000FF,0,176.41054922532936,6
image_125.png,5,False,321.4780639346994,371.2307232813618,20,#0000FF,Quadrant 3,2,1,92,,#0000FF,0,10.506313485172782,6
image_125.png,5,False,675.7181510708094,83.68468178299135,20,#0000FF,Quadrant 2,1,2,92,,#0000FF,0,276.481939813611,6
image_125.png,5,False,430.3327858441034,171.70725220042098,20,#0000FF,Quadrant 2,1,2,92,,#0000FF,0,182.31187052946734,6
image_125.png,5,False,549.9568498552288,108.5574690699244,20,#0000FF,Quadrant 2,1,2,92,,#0000FF,0,87.30598888198611,6
image_125.png,5,False,273.6884162104078,60.44471792072763,20,#0000FF,Quadrant 1,1,1,92,,#0000FF,0,145.59716340391955,6
image_125.png,5,False,541.822621326951,138.19977190216036,20,#0000FF,Quadrant 2,1,2,92,,#0000FF,0,228.07200153438097,6
image_125.png,5,False,85.68670001016461,250.1318758744954,20,#0000FF,Quadrant 3,2,1,92,,#0000FF,0,104.10855903855906,6
image_125.png,5,False,250.09917864735087,360.78316587431914,20,#0000FF,Quadrant 3,2,1,92,,#0000FF,0,217.3141665679697,6
image_125.png,5,False,653.0897208620559,171.83735216095926,20,#0000FF,Quadrant 2,1,2,92,,#0000FF,0,3.2961953440704495,6
image_125.png,5,False,92.58744174623153,68.51490230243249,20,#0000FF,Quadrant 1,1,1,92,,#0000FF,0,308.0071758272178,6
image_125.png,5,False,536.0431952920125,181.82815891394606,20,#0000FF,Quadrant 2,1,2,92,,#0000FF,0,65.17582287475786,6
image_125.png,5,False,340.5934143597729,259.21148745084184,20,#0000FF,Quadrant 3,2,1,92,,#0000FF,0,347.1602302587592,6
image_125.png,5,False,103.55788929212343,130.44998146457408,20,#0000FF,Quadrant 1,1,1,92,,#0000FF,0,111.82185548875475,6
image_125.png,5,False,30.118991027915367,40.88659960672036,20,#0000FF,Quadrant 1,1,1,92,,#0000FF,0,24.23961744048942,6
image_125.png,5,False,688.6273193794581,45.889459362689394,20,#0000FF,Quadrant 2,1,2,92,,#0000FF,0,101.13501828380484,6
image_125.png,5,False,597.8811332644177,319.1779231546381,20,#0000FF,Quadrant 4,2,2,92,,#0000FF,0,327.85881303301744,6
image_125.png,5,False,560.0516620297795,252.6999566462381,20,#0000FF,Quadrant 4,2,2,92,,#0000FF,0,90.43237620612385,6
image_125.png,5,False,15.216188549843675,352.87728096711714,20,#0000FF,Quadrant 3,2,1,92,,#0000FF,0,357.614462238466,6
image_125.png,5,False,342.5470463920854,197.93393393485823,20,#0000FF,Quadrant 1,1,1,92,,#0000FF,0,353.5122685327317,6
image_125.png,5,False,145.96394480476044,40.91194928699804,20,#0000FF,Quadrant 1,1,1,92,,#0000FF,0,201.17857252081313,6
image_125.png,5,False,619.0277207037698,146.4619400044187,20,#0000FF,Quadrant 2,1,2,92,,#0000FF,0,208.02224616996034,6
image_125.png,5,False,629.2158432109964,362.9124688440822,20,#0000FF,Quadrant 4,2,2,92,,#0000FF,0,335.06107481430206,6
image_125.png,5,False,103.9530018569144,282.509205597873,20,#0000FF,Quadrant 3,2,1,92,,#0000FF,0,98.35096240491815,6
image_125.png,5,False,598.5390960803013,252.38855176368233,20,#0000FF,Quadrant 4,2,2,92,,#0000FF,0,285.31019460204243,6
image_125.png,5,False,151.4808617779384,105.96438074476463,20,#0000FF,Quadrant 1,1,1,92,,#0000FF,0,59.264601910484096,6
image_125.png,5,False,490.84322829278835,286.749574406882,20,#0000FF,Quadrant 4,2,2,92,,#0000FF,0,154.83013812049418,6
image_125.png,5,False,377.7477720688026,185.33521487901123,20,#0000FF,Quadrant 2,1,2,92,,#0000FF,0,311.90341585070814,6
image_125.png,5,False,575.291679687049,74.80777121552381,20,#0000FF,Quadrant 2,1,2,92,,#0000FF,0,126.12758778432791,6
image_125.png,5,False,234.441928382142,106.71632715200651,20,#0000FF,Quadrant 1,1,1,92,,#0000FF,0,83.72186199759369,6
image_125.png,5,False,686.1843508077135,112.43809607492649,20,#0000FF,Quadrant 2,1,2,92,,#0000FF,0,286.88972734564334,6
image_125.png,5,False,661.8106247167622,107.18764932066321,20,#0000FF,Quadrant 2,1,2,92,,#0000FF,0,11.316791499371996,6
image_125.png,5,False,207.50758759208503,187.61069337999683,20,#0000FF,Quadrant 1,1,1,92,,#0000FF,0,235.0156510790721,6
image_125.png,5,False,538.3261428731233,287.3074974072195,20,#0000FF,Quadrant 4,2,2,92,,#0000FF,0,193.41608659416124,6
image_125.png,5,False,658.7185485416973,288.24025632661863,20,#0000FF,Quadrant 4,2,2,92,,#0000FF,0,176.8512440143671,6
image_125.png,5,False,153.12687539574117,262.180262229827,20,#0000FF,Quadrant 3,2,1,92,,#0000FF,0,143.3318337432788,6
image_125.png,5,False,478.4990527959031,73.88318795673405,20,#0000FF,Quadrant 2,1,2,92,,#0000FF,0,232.22336494137076,6
image_125.png,5,False,483.0221840138307,320.8268475495973,20,#0000FF,Quadrant 4,2,2,92,,#0000FF,0,194.0025455998071,6
image_125.png,5,False,254.65120121907705,15.76869253524178,20,#0000FF,Quadrant 1,1,1,92,,#0000FF,0,323.1861300088749,6
image_125.png,5,False,563.0241263616209,36.428645918875304,20,#0000FF,Quadrant 2,1,2,92,,#0000FF,0,195.4447148880374,6
image_125.png,5,False,674.035858028682,323.49319228353767,20,#0000FF,Quadrant 4,2,2,92,,#0000FF,0,282.2537399778437,6
image_125.png,5,False,503.46838933788536,84.46880497447884,20,#0000FF,Quadrant 2,1,2,92,,#0000FF,0,91.7747703077083,6
image_125.png,5,False,696.0933407936783,381.00940387523013,20,#0000FF,Quadrant 4,2,2,92,,#0000FF,0,139.18068035838812,6
image_125.png,5,False,386.72456147220333,324.643047934356,20,#0000FF,Quadrant 4,2,2,92,,#0000FF,0,116.9998957135318,6
image_125.png,5,False,221.54715946421578,24.518761115245077,20,#0000FF,Quadrant 1,1,1,92,,#0000FF,0,82.62662051018152,6
image_125.png,5,False,493.303214503983,250.79155479249195,20,#0000FF,Quadrant 4,2,2,92,,#0000FF,0,331.49971567660725,6
image_125.png,5,False,58.62614588247281,340.83787128192296,20,#0000FF,Quadrant 3,2,1,92,,#0000FF,0,37.38130737314223,6
image_125.png,5,False,186.2769845848392,264.26980415868275,20,#0000FF,Quadrant 3,2,1,92,,#0000FF,0,100.38749077526433,6
image_125.png,5,False,191.4405346553457,31.218162627309535,20,#0000FF,Quadrant 1,1,1,92,,#0000FF,0,129.4072059854492,6
image_125.png,5,False,575.6005280589332,343.2650935850799,20,#0000FF,Quadrant 4,2,2,92,,#0000FF,0,191.42530974519076,6
image_125.png,5,False,459.477644120485,355.11165820487776,20,#0000FF,Quadrant 4,2,2,92,,#0000FF,0,231.04331379418483,6
image_125.png,5,False,231.82351651785024,254.29946897324862,20,#0000FF,Quadrant 3,2,1,92,,#0000FF,0,261.369709976215,6
image_125.png,5,False,380.73867102357667,374.01040579292345,20,#0000FF,Quadrant 4,2,2,92,,#0000FF,0,44.39982394091843,6
image_125.png,5,False,187.0097176229801,214.69160293012072,20,#0000FF,Quadrant 3,2,1,92,,#0000FF,0,184.49724017072742,6
image_125.png,5,False,439.62615040899874,229.96773565464548,20,#0000FF,Quadrant 4,2,2,92,,#0000FF,0,138.958765636428,6
image_125.png,5,False,537.6262480603407,237.36546235552495,20,#0000FF,Quadrant 4,2,2,92,,#0000FF,0,318.52771877662036,6
image_125.png,5,False,689.8605445823962,192.90904431623974,20,#0000FF,Quadrant 2,1,2,92,,#0000FF,0,110.18701849546103,6
image_125.png,5,False,588.0446933974782,50.55926035093543,20,#0000FF,Quadrant 2,1,2,92,,#0000FF,0,253.10792541372896,6
image_125.png,5,False,480.2253570687649,106.9337977502222,20,#0000FF,Quadrant 2,1,2,92,,#0000FF,0,302.3084426059506,6
image_125.png,5,False,394.5987252887529,96.57321242931867,20,#0000FF,Quadrant 2,1,2,92,,#0000FF,0,73.3446322336119,6
image_125.png,5,False,370.2883208560642,101.064988439597,20,#0000FF,Quadrant 2,1,2,92,,#0000FF,0,161.83096601504275,6
image_125.png,5,False,115.00308662888774,53.611794981769705,20,#0000FF,Quadrant 1,1,1,92,,#0000FF,0,285.24556098247473,6
image_125.png,5,False,389.74717790245086,22.371586577125825,20,#0000FF,Quadrant 2,1,2,92,,#0000FF,0,232.58568583005032,6
image_125.png,5,False,119.25317241408152,344.2310128820517,20,#0000FF,Quadrant 3,2,1,92,,#0000FF,0,331.1822224712975,6
image_125.png,5,False,501.3548809311764,221.5633300194033,20,#0000FF,Quadrant 4,2,2,92,,#0000FF,0,332.69535375964193,6
image_125.png,5,False,111.39121246677794,27.927634079225466,20,#0000FF,Quadrant 1,1,1,92,,#0000FF,0,76.35280564726865,6
image_125.png,5,False,138.54373454662704,77.42561766526298,20,#0000FF,Quadrant 1,1,1,92,,#0000FF,0,42.1102711958067,6
image_125.png,5,False,54.42819513050586,208.32414865408276,20,#0000FF,Quadrant 3,2,1,92,,#0000FF,0,0.7605350454142767,6
image_125.png,5,False,94.85316607892223,218.04610794488423,20,#0000FF,Quadrant 3,2,1,92,,#0000FF,0,257.3517440188242,6
image_125.png,5,False,141.4627227691602,156.04460879573912,20,#0000FF,Quadrant 1,1,1,92,,#0000FF,0,294.41875119782844,6
image_125.png,5,False,53.519447296846344,284.86324544934644,20,#0000FF,Quadrant 3,2,1,92,,#0000FF,0,33.45857071842996,6
image_125.png,5,False,210.3711044399083,131.70473637918377,20,#0000FF,Quadrant 1,1,1,92,,#0000FF,0,323.1867846778907,6
image_125.png,5,False,661.0062831983051,233.88113570888737,20,#0000FF,Quadrant 4,2,2,92,,#0000FF,0,87.82870524238929,6
image_125.png,5,False,227.9398052478461,165.4765192082675,20,#0000FF,Quadrant 1,1,1,92,,#0000FF,0,49.77097176161009,6
image_125.png,5,False,13.514790920949752,288.200723530574,20,#0000FF,Quadrant 3,2,1,92,,#0000FF,0,35.15693137461629,6
image_125.png,5,False,325.9033599385801,295.10360035908946,20,#0000FF,Quadrant 3,2,1,92,,#0000FF,0,358.0506509995804,6
image_125.png,5,False,13.417225450054906,319.9657599649532,20,#0000FF,Quadrant 3,2,1,92,,#0000FF,0,329.7597460870191,6
image_125.png,5,False,237.9731212352987,291.54951836457354,20,#0000FF,Quadrant 3,2,1,92,,#0000FF,0,100.4211731228607,6
image_125.png,5,False,585.688797096559,136.27201339146546,20,#0000FF,Quadrant 2,1,2,92,,#0000FF,0,136.50818584496196,6
image_125.png,5,False,42.74719254183121,174.61761657583617,20,#0000FF,Quadrant 1,1,1,92,,#0000FF,0,325.05817836561334,6
image_125.png,5,False,279.66456127773495,112.55822349180583,20,#0000FF,Quadrant 1,1,1,92,,#0000FF,0,322.87924290179535,6
image_125.png,5,False,608.7100720973854,278.98641431429974,20,#0000FF,Quadrant 4,2,2,92,,#0000FF,0,133.5486440932206,6
image_125.png,5,False,12.09251011571736,179.97391702789926,20,#0000FF,Quadrant 1,1,1,92,,#0000FF,0,355.2413623153367,6
image_125.png,5,False,285.7892404282662,320.18317449588505,20,#0000FF,Quadrant 3,2,1,92,,#0000FF,0,116.61516335759883,6
image_125.png,5,False,392.67919224522706,153.85400436791645,20,#0000FF,Quadrant 2,1,2,92,,#0000FF,0,72.82875348562295,6
image_125.png,5,False,327.32908815744605,16.83126698111587,20,#0000FF,Quadrant 1,1,1,92,,#0000FF,0,139.82913925123188,6
image_125.png,5,False,400.8036211544115,189.59684407721753,20,#0000FF,Quadrant 2,1,2,92,,#0000FF,0,323.17419460937725,6
image_125.png,5,False,466.02375740958655,194.44153667569714,20,#0000FF,Quadrant 2,1,2,92,,#0000FF,0,358.2023424324851,6
image_125.png,5,False,261.85412625303434,151.23639389483316,20,#0000FF,Quadrant 1,1,1,92,,#0000FF,0,221.1714821022244,6
image_125.png,5,False,135.4403490805753,182.43596407019746,20,#0000FF,Quadrant 1,1,1,92,,#0000FF,0,212.89028610551026,6
image_126.png,2,True,27.104431991458426,235.79720380522738,20,#FF0000,Quadrant 3,2,1,4,151,#FF0000,0,322.8451861123714,1
image_126.png,5,False,660.9116634572007,61.16099689267345,20,#0000FF,Quadrant 2,1,2,4,,#0000FF,0,45.54151123776806,1
image_126.png,5,False,537.3963531621175,146.5155289606802,20,#0000FF,Quadrant 2,1,2,4,,#0000FF,0,317.22462872084367,1
image_126.png,5,False,445.8001607927821,229.22402210032664,20,#0000FF,Quadrant 4,2,2,4,,#0000FF,0,305.7372458787353,1
image_126.png,5,False,139.6858868816253,16.55378002248927,20,#0000FF,Quadrant 1,1,1,4,,#0000FF,0,299.17332495872256,1
image_127.png,2,True,686.4948421288661,227.07979420803144,20,#FF0000,Quadrant 4,2,2,1,151,#FF0000,0,273.97887453212525,1
image_127.png,5,False,659.1734258695433,307.33880190739427,20,#0000FF,Quadrant 4,2,2,1,,#0000FF,0,336.4287582793241,1
image_128.png,2,True,680.3741272956515,55.52029210400357,20,#FF0000,Quadrant 2,1,2,14,151,#FF0000,0,183.77883369600508,3
image_128.png,5,False,211.3524700736978,45.1002627136146,20,#0000FF,Quadrant 1,1,1,14,,#0000FF,0,175.19684347875815,3
image_128.png,5,False,347.42337005208225,156.56650322379588,20,#0000FF,Quadrant 1,1,1,14,,#0000FF,0,269.26315732053746,3
image_128.png,5,False,62.41888959361684,215.80443196284972,20,#0000FF,Quadrant 3,2,1,14,,#0000FF,0,66.55615957275782,3
image_128.png,5,False,455.39193532565525,65.67899529609883,20,#0000FF,Quadrant 2,1,2,14,,#0000FF,0,287.00447515042754,3
image_128.png,5,False,502.09859984397895,163.26328941663292,20,#0000FF,Quadrant 2,1,2,14,,#0000FF,0,33.084741376926004,3
image_128.png,5,False,194.46080896236762,72.50770218122909,20,#0000FF,Quadrant 1,1,1,14,,#0000FF,0,49.597479081655166,3
image_128.png,5,False,340.01675153754843,204.62171708141256,20,#0000FF,Quadrant 3,2,1,14,,#0000FF,0,217.1370746157247,3
image_128.png,5,False,47.788858412885205,278.2962549273704,20,#0000FF,Quadrant 3,2,1,14,,#0000FF,0,26.801328374001947,3
image_128.png,5,False,619.9929803693741,283.54030330831904,20,#0000FF,Quadrant 4,2,2,14,,#0000FF,0,358.45318860432997,3
image_128.png,5,False,642.2947554057274,50.77912914164535,20,#0000FF,Quadrant 2,1,2,14,,#0000FF,0,131.91888552832881,3
image_128.png,5,False,42.2609156203549,175.47447559723156,20,#0000FF,Quadrant 1,1,1,14,,#0000FF,0,300.0380314931497,3
image_128.png,5,False,12.988554009431146,229.47563090548354,20,#0000FF,Quadrant 3,2,1,14,,#0000FF,0,182.08713982634882,3
image_128.png,5,False,610.1843747197042,198.84519588895674,20,#0000FF,Quadrant 2,1,2,14,,#0000FF,0,45.478272319160915,3
image_128.png,5,False,406.8460814687951,365.6006427673396,20,#0000FF,Quadrant 4,2,2,14,,#0000FF,0,0.02191287063346259,3
image_129.png,2,True,162.27497432797983,277.15991231519047,20,#FF0000,Quadrant 3,2,1,1,151,#FF0000,0,227.5625755172032,1
image_129.png,5,False,200.5500908269761,30.973950085322432,20,#0000FF,Quadrant 1,1,1,1,,#0000FF,0,123.18160882296523,1
image_130.png,2,True,202.84938310093446,337.7873243664281,20,#FF0000,Quadrant 3,2,1,6,151,#FF0000,0,297.8210899901723,2
image_130.png,5,False,357.6349924376308,358.58702109512853,20,#0000FF,Quadrant 4,2,2,6,,#0000FF,0,357.0766099091255,2
image_130.png,5,False,622.4352472338925,345.71099219987497,20,#0000FF,Quadrant 4,2,2,6,,#0000FF,0,219.9695554235235,2
image_130.png,5,False,51.245016673900366,194.50947964656729,20,#0000FF,Quadrant 1,1,1,6,,#0000FF,0,100.7994800941681,2
image_130.png,5,False,639.6532549395699,206.31643899594533,20,#0000FF,Quadrant 4,2,2,6,,#0000FF,0,234.7018744074937,2
image_130.png,5,False,191.3923022453925,182.09185882553484,20,#0000FF,Quadrant 1,1,1,6,,#0000FF,0,57.93039506662659,2
image_130.png,5,False,695.6495161888239,38.400460401369116,20,#0000FF,Quadrant 2,1,2,6,,#0000FF,0,32.43220693655233,2
image_131.png,2,True,56.412737463370874,308.22184730202997,20,#FF0000,Quadrant 3,2,1,56,151,#FF0000,0,2.24891821540381,5
image_131.png,5,False,452.9800102482162,295.6559666294093,20,#0000FF,Quadrant 4,2,2,56,,#0000FF,0,339.4696119612826,5
image_131.png,5,False,91.04020142357562,151.54096806381557,20,#0000FF,Quadrant 1,1,1,56,,#0000FF,0,21.240668244123853,5
image_131.png,5,False,133.64217587117926,186.32466206605315,20,#0000FF,Quadrant 1,1,1,56,,#0000FF,0,0.36925062351396143,5
image_131.png,5,False,686.9468111874016,259.32228318284183,20,#0000FF,Quadrant 4,2,2,56,,#0000FF,0,290.6144341775374,5
image_131.png,5,False,305.4811314770579,293.5669192275577,20,#0000FF,Quadrant 3,2,1,56,,#0000FF,0,113.3940129498744,5
image_131.png,5,False,260.9191206744864,368.9676148802302,20,#0000FF,Quadrant 3,2,1,56,,#0000FF,0,15.703053681496844,5
image_131.png,5,False,314.5657619214239,321.2682619636915,20,#0000FF,Quadrant 3,2,1,56,,#0000FF,0,310.39007072016767,5
image_131.png,5,False,41.21275092377152,185.7779220401697,20,#0000FF,Quadrant 1,1,1,56,,#0000FF,0,49.019140540506264,5
image_131.png,5,False,420.0237724206154,268.2234915909082,20,#0000FF,Quadrant 4,2,2,56,,#0000FF,0,291.4783155535732,5
image_131.png,5,False,344.3842955580152,353.4872611824414,20,#0000FF,Quadrant 3,2,1,56,,#0000FF,0,1.6572590508549911,5
image_131.png,5,False,461.361960788695,342.6029800964895,20,#0000FF,Quadrant 4,2,2,56,,#0000FF,0,298.7917568957115,5
image_131.png,5,False,226.1460199658762,279.90031909713514,20,#0000FF,Quadrant 3,2,1,56,,#0000FF,0,206.6408983072246,5
image_131.png,5,False,167.40530263328333,255.13497673899687,20,#0000FF,Quadrant 3,2,1,56,,#0000FF,0,251.68566305557493,5
image_131.png,5,False,370.5911494022315,167.19124862694048,20,#0000FF,Quadrant 2,1,2,56,,#0000FF,0,287.0815530739375,5
image_131.png,5,False,157.9902578154646,335.12111456530727,20,#0000FF,Quadrant 3,2,1,56,,#0000FF,0,199.91985057525608,5
image_131.png,5,False,421.077597552058,116.47278888207566,20,#0000FF,Quadrant 2,1,2,56,,#0000FF,0,124.0609595726566,5
image_131.png,5,False,90.62572070841564,327.133636362564,20,#0000FF,Quadrant 3,2,1,56,,#0000FF,0,169.99826189694403,5
image_131.png,5,False,684.4315010508817,87.42577360722703,20,#0000FF,Quadrant 2,1,2,56,,#0000FF,0,333.25036742426636,5
image_131.png,5,False,381.9712463910926,91.5961741122699,20,#0000FF,Quadrant 2,1,2,56,,#0000FF,0,111.90766581846208,5
image_131.png,5,False,543.9043926650904,24.427192430606468,20,#0000FF,Quadrant 2,1,2,56,,#0000FF,0,277.38444254642,5
image_131.png,5,False,116.91932845403818,303.8302482980457,20,#0000FF,Quadrant 3,2,1,56,,#0000FF,0,119.6244515206323,5
image_131.png,5,False,288.86108464602944,269.77969444722294,20,#0000FF,Quadrant 3,2,1,56,,#0000FF,0,239.0356205394759,5
image_131.png,5,False,625.8648824876135,91.64091435797536,20,#0000FF,Quadrant 2,1,2,56,,#0000FF,0,24.739466075434848,5
image_131.png,5,False,555.7701655838514,147.05847306182568,20,#0000FF,Quadrant 2,1,2,56,,#0000FF,0,317.3935142317545,5
image_131.png,5,False,537.3552696125348,322.4177136678963,20,#0000FF,Quadrant 4,2,2,56,,#0000FF,0,92.17208913450274,5
image_131.png,5,False,643.7750114895666,170.0158535265714,20,#0000FF,Quadrant 2,1,2,56,,#0000FF,0,121.46223897999938,5
image_131.png,5,False,604.9484554089818,381.0671393145864,20,#0000FF,Quadrant 4,2,2,56,,#0000FF,0,21.771175161207918,5
image_131.png,5,False,524.5336904210218,180.27015906005963,20,#0000FF,Quadrant 2,1,2,56,,#0000FF,0,156.75181935735344,5
image_131.png,5,False,161.91125432343412,282.3086684097373,20,#0000FF,Quadrant 3,2,1,56,,#0000FF,0,211.7829632555196,5
image_131.png,5,False,217.4076732801185,215.8540831973968,20,#0000FF,Quadrant 3,2,1,56,,#0000FF,0,90.49353421299507,5
image_131.png,5,False,220.20777538960203,77.85940811167332,20,#0000FF,Quadrant 1,1,1,56,,#0000FF,0,70.28349605931703,5
image_131.png,5,False,678.673512283853,123.61197693219218,20,#0000FF,Quadrant 2,1,2,56,,#0000FF,0,326.79136266577177,5
image_131.png,5,False,383.1923707699867,136.06066639907033,20,#0000FF,Quadrant 2,1,2,56,,#0000FF,0,329.40162010225583,5
image_131.png,5,False,573.4337342690362,361.41052982652695,20,#0000FF,Quadrant 4,2,2,56,,#0000FF,0,19.106269183648998,5
image_131.png,5,False,282.1032731317959,180.71657224232413,20,#0000FF,Quadrant 1,1,1,56,,#0000FF,0,253.6876524839069,5
image_131.png,5,False,66.16245940289647,374.2281126237728,20,#0000FF,Quadrant 3,2,1,56,,#0000FF,0,120.80287551044013,5
image_131.png,5,False,34.43585514009176,365.15475349120686,20,#0000FF,Quadrant 3,2,1,56,,#0000FF,0,3.5039402087329563,5
image_131.png,5,False,234.61663625999947,27.066954676056945,20,#0000FF,Quadrant 1,1,1,56,,#0000FF,0,324.8328032764607,5
image_131.png,5,False,81.08280381451497,99.28983843101479,20,#0000FF,Quadrant 1,1,1,56,,#0000FF,0,356.4406244161116,5
image_131.png,5,False,697.7823860345829,185.9004930736696,20,#0000FF,Quadrant 2,1,2,56,,#0000FF,0,342.3751162737643,5
image_131.png,5,False,278.2632612085789,238.18821326504585,20,#0000FF,Quadrant 3,2,1,56,,#0000FF,0,182.7037389494878,5
image_131.png,5,False,317.7326110071112,158.06660297815299,20,#0000FF,Quadrant 1,1,1,56,,#0000FF,0,253.49745675380981,5
image_131.png,5,False,133.05469524773184,250.59375139321202,20,#0000FF,Quadrant 3,2,1,56,,#0000FF,0,247.22554216512285,5
image_131.png,5,False,438.8569481118313,358.5246020881784,20,#0000FF,Quadrant 4,2,2,56,,#0000FF,0,146.2042461197915,5
image_131.png,5,False,481.30308403849705,388.3237172085472,20,#0000FF,Quadrant 4,2,2,56,,#0000FF,0,338.57883833301673,5
image_131.png,5,False,470.4675052998636,79.88705426055735,20,#0000FF,Quadrant 2,1,2,56,,#0000FF,0,321.4687722159138,5
image_131.png,5,False,673.8034811840206,14.997605395983715,20,#0000FF,Quadrant 2,1,2,56,,#0000FF,0,128.64398236492465,5
image_131.png,5,False,534.3275758309826,275.46242369243305,20,#0000FF,Quadrant 4,2,2,56,,#0000FF,0,309.57537286255564,5
image_131.png,5,False,231.14069512840152,138.48450606404498,20,#0000FF,Quadrant 1,1,1,56,,#0000FF,0,18.278605553644628,5
image_131.png,5,False,652.1154665213147,353.65911631342726,20,#0000FF,Quadrant 4,2,2,56,,#0000FF,0,310.61651869871264,5
image_131.png,5,False,560.7859154945016,270.4536749084054,20,#0000FF,Quadrant 4,2,2,56,,#0000FF,0,124.92882809028374,5
image_131.png,5,False,314.2664847644469,347.64558070500277,20,#0000FF,Quadrant 3,2,1,56,,#0000FF,0,211.7521975447735,5
image_131.png,5,False,312.82450198125815,27.566185215977544,20,#0000FF,Quadrant 1,1,1,56,,#0000FF,0,122.32234337565767,5
image_131.png,5,False,79.8263194119531,178.43216845528582,20,#0000FF,Quadrant 1,1,1,56,,#0000FF,0,300.51127148592894,5
image_131.png,5,False,99.97410821531906,235.89505207673784,20,#0000FF,Quadrant 3,2,1,56,,#0000FF,0,68.85461974165536,5
image_131.png,5,False,254.81338227552638,291.91581451130924,20,#0000FF,Quadrant 3,2,1,56,,#0000FF,0,17.82629352115182,5
image_132.png,2,True,640.3706926396723,262.90943115857635,20,#FF0000,Quadrant 4,2,2,88,151,#FF0000,0,231.80878765954162,6
image_132.png,5,False,44.17155846729106,382.4103909017847,20,#0000FF,Quadrant 3,2,1,88,,#0000FF,0,298.5240914201336,6
image_132.png,5,False,477.8239726989421,92.7356205478126,20,#0000FF,Quadrant 2,1,2,88,,#0000FF,0,103.62442541615175,6
image_132.png,5,False,508.022356930443,87.83357915901468,20,#0000FF,Quadrant 2,1,2,88,,#0000FF,0,109.46248351208929,6
image_132.png,5,False,92.6585494136057,115.87010888474661,20,#0000FF,Quadrant 1,1,1,88,,#0000FF,0,323.0144689115298,6
image_132.png,5,False,32.657147237208875,92.08589975489909,20,#0000FF,Quadrant 1,1,1,88,,#0000FF,0,45.38034243559513,6
image_132.png,5,False,432.37494243997895,378.5308893427242,20,#0000FF,Quadrant 4,2,2,88,,#0000FF,0,16.418567168218033,6
image_132.png,5,False,60.613960586207874,124.35913584346663,20,#0000FF,Quadrant 1,1,1,88,,#0000FF,0,102.31608974328195,6
image_132.png,5,False,617.6645878403814,244.07459668174985,20,#0000FF,Quadrant 4,2,2,88,,#0000FF,0,235.41883797386186,6
image_132.png,5,False,386.810474153392,141.82888978173463,20,#0000FF,Quadrant 2,1,2,88,,#0000FF,0,62.734470855772244,6
image_132.png,5,False,42.49047345643772,157.63464721076275,20,#0000FF,Quadrant 1,1,1,88,,#0000FF,0,122.56833980040886,6
image_132.png,5,False,291.8068263532711,195.04546762430004,20,#0000FF,Quadrant 1,1,1,88,,#0000FF,0,11.972758929110729,6
image_132.png,5,False,19.99022461326674,18.265758934335018,20,#0000FF,Quadrant 1,1,1,88,,#0000FF,0,338.60527819349807,6
image_132.png,5,False,660.6612631436507,354.5389625248735,20,#0000FF,Quadrant 4,2,2,88,,#0000FF,0,205.62946583517146,6
image_132.png,5,False,192.04710627628268,305.19509904742836,20,#0000FF,Quadrant 3,2,1,88,,#0000FF,0,158.1236363343912,6
image_132.png,5,False,697.3238682226731,200.36055160274444,20,#0000FF,Quadrant 4,2,2,88,,#0000FF,0,322.35790347299667,6
image_132.png,5,False,97.3361014111063,347.33058195952697,20,#0000FF,Quadrant 3,2,1,88,,#0000FF,0,249.97974965630848,6
image_132.png,5,False,144.5594929152739,331.64910207117305,20,#0000FF,Quadrant 3,2,1,88,,#0000FF,0,78.40942560431695,6
image_132.png,5,False,492.53471226715385,383.9160712788861,20,#0000FF,Quadrant 4,2,2,88,,#0000FF,0,110.43243415042113,6
image_132.png,5,False,533.7875576042953,330.981279130372,20,#0000FF,Quadrant 4,2,2,88,,#0000FF,0,165.0514574029423,6
image_132.png,5,False,18.616335915128168,197.44104203828618,20,#0000FF,Quadrant 1,1,1,88,,#0000FF,0,125.25798572778116,6
image_132.png,5,False,226.72838263039714,60.14298039498188,20,#0000FF,Quadrant 1,1,1,88,,#0000FF,0,354.73255289058284,6
image_132.png,5,False,207.9637842243467,184.64507574644915,20,#0000FF,Quadrant 1,1,1,88,,#0000FF,0,140.81867744112134,6
image_132.png,5,False,412.0758249769448,248.28433609455166,20,#0000FF,Quadrant 4,2,2,88,,#0000FF,0,91.71762009082202,6
image_132.png,5,False,405.5780150219239,305.49918397138055,20,#0000FF,Quadrant 4,2,2,88,,#0000FF,0,238.1369258532597,6
image_132.png,5,False,163.49110600364074,136.12933255413424,20,#0000FF,Quadrant 1,1,1,88,,#0000FF,0,78.78064903720957,6
image_132.png,5,False,21.495773583282677,308.6579591041539,20,#0000FF,Quadrant 3,2,1,88,,#0000FF,0,34.28960699668409,6
image_132.png,5,False,454.1310642262981,348.3071730242917,20,#0000FF,Quadrant 4,2,2,88,,#0000FF,0,205.6743649716688,6
image_132.png,5,False,671.802834441949,221.0870565720816,20,#0000FF,Quadrant 4,2,2,88,,#0000FF,0,229.39442064724824,6
image_132.png,5,False,185.50775930591126,16.271018305826566,20,#0000FF,Quadrant 1,1,1,88,,#0000FF,0,149.04163378296218,6
image_132.png,5,False,91.37064937426237,156.16186230179684,20,#0000FF,Quadrant 1,1,1,88,,#0000FF,0,319.10344157388096,6
image_132.png,5,False,558.4644537922729,243.94866224081775,20,#0000FF,Quadrant 4,2,2,88,,#0000FF,0,159.86585109814894,6
image_132.png,5,False,628.6090676961472,137.4454355389325,20,#0000FF,Quadrant 2,1,2,88,,#0000FF,0,2.3382808370318786,6
image_132.png,5,False,233.73828114284274,224.79440304149702,20,#0000FF,Quadrant 3,2,1,88,,#0000FF,0,195.49093576083433,6
image_132.png,5,False,128.81343588132964,289.56583249851724,20,#0000FF,Quadrant 3,2,1,88,,#0000FF,0,66.98449575589343,6
image_132.png,5,False,225.75087575911434,160.40122477374305,20,#0000FF,Quadrant 1,1,1,88,,#0000FF,0,277.5837727819322,6
image_132.png,5,False,591.9401696588517,169.4123420093341,20,#0000FF,Quadrant 2,1,2,88,,#0000FF,0,83.14026104785836,6
image_132.png,5,False,134.4556683254757,14.202185887346717,20,#0000FF,Quadrant 1,1,1,88,,#0000FF,0,289.47846708916063,6
image_132.png,5,False,326.26788383692735,144.70733939714552,20,#0000FF,Quadrant 1,1,1,88,,#0000FF,0,249.91734393632044,6
image_132.png,5,False,187.26997629016066,382.6886716272893,20,#0000FF,Quadrant 3,2,1,88,,#0000FF,0,67.15389868606302,6
image_132.png,5,False,489.78820167878416,58.659123915544185,20,#0000FF,Quadrant 2,1,2,88,,#0000FF,0,320.3741276925733,6
image_132.png,5,False,89.91422801155367,313.8358731577348,20,#0000FF,Quadrant 3,2,1,88,,#0000FF,0,326.6391253484067,6
image_132.png,5,False,166.47269286763174,295.23118004334145,20,#0000FF,Quadrant 3,2,1,88,,#0000FF,0,303.0673406895768,6
image_132.png,5,False,456.8070644805975,240.8218908627376,20,#0000FF,Quadrant 4,2,2,88,,#0000FF,0,60.569456485143846,6
image_132.png,5,False,57.524839318706526,353.8098486373262,20,#0000FF,Quadrant 3,2,1,88,,#0000FF,0,237.6911674553904,6
image_132.png,5,False,96.77563547218575,227.53757438009524,20,#0000FF,Quadrant 3,2,1,88,,#0000FF,0,188.79585327836486,6
image_132.png,5,False,13.946111030328765,149.36390408706217,20,#0000FF,Quadrant 1,1,1,88,,#0000FF,0,175.97988024506108,6
image_132.png,5,False,84.3206292872202,53.360406131924904,20,#0000FF,Quadrant 1,1,1,88,,#0000FF,0,34.00680121887137,6
image_132.png,5,False,330.523751695411,378.7229586975893,20,#0000FF,Quadrant 3,2,1,88,,#0000FF,0,204.83101867038664,6
image_132.png,5,False,486.9142833046712,155.2900654388435,20,#0000FF,Quadrant 2,1,2,88,,#0000FF,0,60.292581717908185,6
image_132.png,5,False,499.3836796111387,294.6559086079372,20,#0000FF,Quadrant 4,2,2,88,,#0000FF,0,186.0350508690219,6
image_132.png,5,False,642.928649752092,191.9675795750445,20,#0000FF,Quadrant 2,1,2,88,,#0000FF,0,278.32557769329077,6
image_132.png,5,False,492.86194219491705,335.35427991768756,20,#0000FF,Quadrant 4,2,2,88,,#0000FF,0,275.61163672049713,6
image_132.png,5,False,361.7454542610083,136.38216229845716,20,#0000FF,Quadrant 2,1,2,88,,#0000FF,0,62.05616928140888,6
image_132.png,5,False,106.15235241380044,284.0605761484002,20,#0000FF,Quadrant 3,2,1,88,,#0000FF,0,358.3544151858159,6
image_132.png,5,False,685.7944359073929,62.132165882136384,20,#0000FF,Quadrant 2,1,2,88,,#0000FF,0,333.58364449386113,6
image_132.png,5,False,51.76095490606004,44.52124040474286,20,#0000FF,Quadrant 1,1,1,88,,#0000FF,0,340.3851748703073,6
image_132.png,5,False,691.3206567247689,258.52713234661303,20,#0000FF,Quadrant 4,2,2,88,,#0000FF,0,100.34806024595264,6
image_132.png,5,False,408.7420113018419,279.5841896846518,20,#0000FF,Quadrant 4,2,2,88,,#0000FF,0,344.3610594389182,6
image_132.png,5,False,474.78399238125405,289.1018918389115,20,#0000FF,Quadrant 4,2,2,88,,#0000FF,0,252.39628138895955,6
image_132.png,5,False,98.90308353963272,250.66858151979883,20,#0000FF,Quadrant 3,2,1,88,,#0000FF,0,264.5231089345848,6
image_132.png,5,False,201.851774548479,281.04097739638456,20,#0000FF,Quadrant 3,2,1,88,,#0000FF,0,352.3231907058862,6
image_132.png,5,False,598.2865866377739,60.360943295084944,20,#0000FF,Quadrant 2,1,2,88,,#0000FF,0,53.73637109135316,6
image_132.png,5,False,258.4717515705912,362.67896308063433,20,#0000FF,Quadrant 3,2,1,88,,#0000FF,0,158.00640776224228,6
image_132.png,5,False,630.0741805080097,298.01693281071607,20,#0000FF,Quadrant 4,2,2,88,,#0000FF,0,69.8267869272409,6
image_132.png,5,False,298.9528679112753,346.03496260776495,20,#0000FF,Quadrant 3,2,1,88,,#0000FF,0,181.2017237668733,6
image_132.png,5,False,283.75641774208515,12.090846939867493,20,#0000FF,Quadrant 1,1,1,88,,#0000FF,0,146.5768788102838,6
image_132.png,5,False,50.57693539794726,281.3634884936499,20,#0000FF,Quadrant 3,2,1,88,,#0000FF,0,354.3700267147738,6
image_132.png,5,False,285.14184199445936,231.96451086007457,20,#0000FF,Quadrant 3,2,1,88,,#0000FF,0,165.45559114299127,6
image_132.png,5,False,460.0635217245556,385.4726347783599,20,#0000FF,Quadrant 4,2,2,88,,#0000FF,0,246.16331851668946,6
image_132.png,5,False,669.537001414451,93.46817100873109,20,#0000FF,Quadrant 2,1,2,88,,#0000FF,0,209.53450821091758,6
image_132.png,5,False,383.8952415868015,115.29235423565619,20,#0000FF,Quadrant 2,1,2,88,,#0000FF,0,347.5299241175849,6
image_132.png,5,False,281.0067363884853,68.01591885470506,20,#0000FF,Quadrant 1,1,1,88,,#0000FF,0,223.23194786426257,6
image_132.png,5,False,609.4890788710383,365.89890052973357,20,#0000FF,Quadrant 4,2,2,88,,#0000FF,0,29.217551712133258,6
image_132.png,5,False,679.1318885997407,159.650854230454,20,#0000FF,Quadrant 2,1,2,88,,#0000FF,0,150.36625700381737,6
image_132.png,5,False,615.2619241688187,26.339003375442758,20,#0000FF,Quadrant 2,1,2,88,,#0000FF,0,343.45681541511004,6
image_132.png,5,False,565.0813028013005,147.85520117514915,20,#0000FF,Quadrant 2,1,2,88,,#0000FF,0,205.31805891075874,6
image_132.png,5,False,218.0466323942144,24.67518677330501,20,#0000FF,Quadrant 1,1,1,88,,#0000FF,0,281.9601262487833,6
image_132.png,5,False,541.6748537862371,282.13173941481153,20,#0000FF,Quadrant 4,2,2,88,,#0000FF,0,110.22104395685565,6
image_132.png,5,False,247.87124480218733,125.26972802467925,20,#0000FF,Quadrant 1,1,1,88,,#0000FF,0,204.31903772100517,6
image_132.png,5,False,126.2523569430483,82.734096087082,20,#0000FF,Quadrant 1,1,1,88,,#0000FF,0,217.62662720452525,6
image_132.png,5,False,71.94869912126433,377.15252454215545,20,#0000FF,Quadrant 3,2,1,88,,#0000FF,0,300.248392539394,6
image_132.png,5,False,520.0635022274189,366.63689320846197,20,#0000FF,Quadrant 4,2,2,88,,#0000FF,0,331.06865509114795,6
image_132.png,5,False,231.866812166992,265.58531879777837,20,#0000FF,Quadrant 3,2,1,88,,#0000FF,0,199.72989417875914,6
image_132.png,5,False,365.61940500701655,205.00400723886324,20,#0000FF,Quadrant 4,2,2,88,,#0000FF,0,36.50827023762468,6
image_132.png,5,False,440.09175105378216,165.05915553690602,20,#0000FF,Quadrant 2,1,2,88,,#0000FF,0,35.31100203369485,6
image_132.png,5,False,162.9955632574714,222.56872344076487,20,#0000FF,Quadrant 3,2,1,88,,#0000FF,0,136.89585309416873,6
image_132.png,5,False,173.50079926077234,103.80753355145819,20,#0000FF,Quadrant 1,1,1,88,,#0000FF,0,131.28138148327432,6
image_132.png,5,False,665.1116917408851,24.129635749537893,20,#0000FF,Quadrant 2,1,2,88,,#0000FF,0,341.7246701779252,6
image_133.png,2,True,497.7136183376512,149.2891625812078,20,#FF0000,Quadrant 2,1,2,80,151,#FF0000,0,27.917397233298452,6
image_133.png,5,False,355.1611841135107,21.58000079780707,20,#0000FF,Quadrant 1,1,1,80,,#0000FF,0,240.64599983722508,6
image_133.png,5,False,195.01548949471638,337.4283647275708,20,#0000FF,Quadrant 3,2,1,80,,#0000FF,0,352.8496242966985,6
image_133.png,5,False,279.98856664612,271.755346440408,20,#0000FF,Quadrant 3,2,1,80,,#0000FF,0,280.2103267758721,6
image_133.png,5,False,355.0724674458693,311.91296094234934,20,#0000FF,Quadrant 3,2,1,80,,#0000FF,0,243.05022401126232,6
image_133.png,5,False,501.641272601456,283.36866008825837,20,#0000FF,Quadrant 4,2,2,80,,#0000FF,0,144.4955874328132,6
image_133.png,5,False,508.28278075135574,367.35625511975866,20,#0000FF,Quadrant 4,2,2,80,,#0000FF,0,356.5311829490245,6
image_133.png,5,False,242.16194969770103,86.36122894485446,20,#0000FF,Quadrant 1,1,1,80,,#0000FF,0,329.82718071983766,6
image_133.png,5,False,311.8078483225798,224.31207907562788,20,#0000FF,Quadrant 3,2,1,80,,#0000FF,0,348.1395620582588,6
image_133.png,5,False,197.61875966039239,157.15718773000737,20,#0000FF,Quadrant 1,1,1,80,,#0000FF,0,356.80615386820347,6
image_133.png,5,False,546.2983947055201,155.51233614787455,20,#0000FF,Quadrant 2,1,2,80,,#0000FF,0,262.12804268354927,6
image_133.png,5,False,307.89562468782344,353.4471246300267,20,#0000FF,Quadrant 3,2,1,80,,#0000FF,0,290.4815815604446,6
image_133.png,5,False,133.01032260436153,118.93816794333588,20,#0000FF,Quadrant 1,1,1,80,,#0000FF,0,45.530337307366075,6
image_133.png,5,False,491.74379620544806,13.993509817685975,20,#0000FF,Quadrant 2,1,2,80,,#0000FF,0,7.965362912231009,6
image_133.png,5,False,588.913758035654,244.72699434049858,20,#0000FF,Quadrant 4,2,2,80,,#0000FF,0,119.53455159891762,6
image_133.png,5,False,285.98055888418696,64.90105193950592,20,#0000FF,Quadrant 1,1,1,80,,#0000FF,0,66.73131848685753,6
image_133.png,5,False,266.76762101552424,155.12642838131117,20,#0000FF,Quadrant 1,1,1,80,,#0000FF,0,283.1498567639477,6
image_133.png,5,False,318.7654739857296,53.65415205511118,20,#0000FF,Quadrant 1,1,1,80,,#0000FF,0,108.75133889858586,6
image_133.png,5,False,20.33335883360374,339.90375327137514,20,#0000FF,Quadrant 3,2,1,80,,#0000FF,0,332.1496668922192,6
image_133.png,5,False,176.08255575234097,304.6756233511782,20,#0000FF,Quadrant 3,2,1,80,,#0000FF,0,99.42619747828832,6
image_133.png,5,False,92.75910991477899,79.64202305269728,20,#0000FF,Quadrant 1,1,1,80,,#0000FF,0,211.86047491004828,6
image_133.png,5,False,571.5963946878582,30.897592731782623,20,#0000FF,Quadrant 2,1,2,80,,#0000FF,0,44.11433172170118,6
image_133.png,5,False,193.42784831157542,216.80653450318437,20,#0000FF,Quadrant 3,2,1,80,,#0000FF,0,240.37122743812574,6
image_133.png,5,False,557.1279537172062,70.502177996057,20,#0000FF,Quadrant 2,1,2,80,,#0000FF,0,70.34879899928309,6
image_133.png,5,False,91.16096956571357,304.6120860556199,20,#0000FF,Quadrant 3,2,1,80,,#0000FF,0,149.56420133984153,6
image_133.png,5,False,82.82813099148737,354.02002146313424,20,#0000FF,Quadrant 3,2,1,80,,#0000FF,0,164.84319151462591,6
image_133.png,5,False,31.661507703623133,255.04307050560183,20,#0000FF,Quadrant 3,2,1,80,,#0000FF,0,325.3200889118456,6
image_133.png,5,False,352.525185933419,211.65383369250384,20,#0000FF,Quadrant 3,2,1,80,,#0000FF,0,263.1134313636533,6
image_133.png,5,False,126.07140636368948,363.2662107307722,20,#0000FF,Quadrant 3,2,1,80,,#0000FF,0,128.25643011265183,6
image_133.png,5,False,513.8938406947937,179.82770372121718,20,#0000FF,Quadrant 2,1,2,80,,#0000FF,0,28.584297095311562,6
image_133.png,5,False,394.7601755373669,131.33087421302616,20,#0000FF,Quadrant 2,1,2,80,,#0000FF,0,329.8140869715178,6
image_133.png,5,False,328.39106280338564,111.94841077242417,20,#0000FF,Quadrant 1,1,1,80,,#0000FF,0,181.97494214105436,6
image_133.png,5,False,624.4122361587955,199.2649097768542,20,#0000FF,Quadrant 2,1,2,80,,#0000FF,0,244.8994713587706,6
image_133.png,5,False,654.35983465711,266.7946601030908,20,#0000FF,Quadrant 4,2,2,80,,#0000FF,0,313.0897083380648,6
image_133.png,5,False,294.1253533354393,140.06323522976015,20,#0000FF,Quadrant 1,1,1,80,,#0000FF,0,248.9403530244025,6
image_133.png,5,False,101.98719122829246,173.53043397750918,20,#0000FF,Quadrant 1,1,1,80,,#0000FF,0,166.60767259499346,6
image_133.png,5,False,202.99491160137518,34.415363446449305,20,#0000FF,Quadrant 1,1,1,80,,#0000FF,0,1.2259066114652128,6
image_133.png,5,False,27.940174259966675,364.8272353478545,20,#0000FF,Quadrant 3,2,1,80,,#0000FF,0,193.32356231389528,6
image_133.png,5,False,368.69021329699876,382.9835700783748,20,#0000FF,Quadrant 4,2,2,80,,#0000FF,0,117.1741130476279,6
image_133.png,5,False,330.08602740250075,331.04574971904776,20,#0000FF,Quadrant 3,2,1,80,,#0000FF,0,67.0710888141684,6
image_133.png,5,False,406.254680685658,310.28551882991167,20,#0000FF,Quadrant 4,2,2,80,,#0000FF,0,81.61529919771431,6
image_133.png,5,False,160.93789456599183,161.44249266382107,20,#0000FF,Quadrant 1,1,1,80,,#0000FF,0,276.92617692537823,6
image_133.png,5,False,489.25402765598835,197.87455747668324,20,#0000FF,Quadrant 2,1,2,80,,#0000FF,0,290.20427484748325,6
image_133.png,5,False,35.17172317757144,56.97354318862928,20,#0000FF,Quadrant 1,1,1,80,,#0000FF,0,59.21223139044582,6
image_133.png,5,False,249.29975736799375,279.07279946117126,20,#0000FF,Quadrant 3,2,1,80,,#0000FF,0,136.1100445991484,6
image_133.png,5,False,280.2373760362794,353.6510217672566,20,#0000FF,Quadrant 3,2,1,80,,#0000FF,0,186.5150904596117,6
image_133.png,5,False,455.3191051966664,228.58189610037314,20,#0000FF,Quadrant 4,2,2,80,,#0000FF,0,9.64403432857913,6
image_133.png,5,False,268.3614155189855,243.60995596014018,20,#0000FF,Quadrant 3,2,1,80,,#0000FF,0,46.01538702017916,6
image_133.png,5,False,603.4069542157628,269.1307244046991,20,#0000FF,Quadrant 4,2,2,80,,#0000FF,0,297.80891747452665,6
image_133.png,5,False,572.3156021089562,96.74530674770007,20,#0000FF,Quadrant 2,1,2,80,,#0000FF,0,249.56100074580917,6
image_133.png,5,False,626.7051934808819,239.081323428416,20,#0000FF,Quadrant 4,2,2,80,,#0000FF,0,221.74149474827553,6
image_133.png,5,False,581.7025028187255,306.48724933224565,20,#0000FF,Quadrant 4,2,2,80,,#0000FF,0,248.82836051029997,6
image_133.png,5,False,254.93274277724896,59.838604775584116,20,#0000FF,Quadrant 1,1,1,80,,#0000FF,0,79.94142861268767,6
image_133.png,5,False,71.01714329803804,143.30305055836814,20,#0000FF,Quadrant 1,1,1,80,,#0000FF,0,152.36166383069553,6
image_133.png,5,False,37.57775529461972,16.3522785287071,20,#0000FF,Quadrant 1,1,1,80,,#0000FF,0,71.9651870221486,6
image_133.png,5,False,578.4787377085798,220.26912222813664,20,#0000FF,Quadrant 4,2,2,80,,#0000FF,0,304.31583868543856,6
image_133.png,5,False,395.6520426495682,222.7634107987684,20,#0000FF,Quadrant 4,2,2,80,,#0000FF,0,321.4614306881167,6
image_133.png,5,False,557.8977604658171,249.2408743525475,20,#0000FF,Quadrant 4,2,2,80,,#0000FF,0,177.4782478797393,6
image_133.png,5,False,536.0488701359432,212.90203503446332,20,#0000FF,Quadrant 4,2,2,80,,#0000FF,0,332.2954381606171,6
image_133.png,5,False,191.96970969643905,65.86617332184336,20,#0000FF,Quadrant 1,1,1,80,,#0000FF,0,159.341840083529,6
image_133.png,5,False,675.3148158811036,382.25356780843384,20,#0000FF,Quadrant 4,2,2,80,,#0000FF,0,352.684097805256,6
image_133.png,5,False,472.8731874317402,290.93422290664756,20,#0000FF,Quadrant 4,2,2,80,,#0000FF,0,201.67671469256453,6
image_133.png,5,False,573.0082031949445,385.52709137688583,20,#0000FF,Quadrant 4,2,2,80,,#0000FF,0,55.54187996870102,6
image_133.png,5,False,137.86724310429187,288.5474355091,20,#0000FF,Quadrant 3,2,1,80,,#0000FF,0,227.28070072594025,6
image_133.png,5,False,50.383178627279065,80.18929992882899,20,#0000FF,Quadrant 1,1,1,80,,#0000FF,0,127.34602530158948,6
image_133.png,5,False,695.110019201167,138.58779175417138,20,#0000FF,Quadrant 2,1,2,80,,#0000FF,0,319.83402626555915,6
image_133.png,5,False,44.973859677093635,158.27308196997578,20,#0000FF,Quadrant 1,1,1,80,,#0000FF,0,133.7726255967639,6
image_133.png,5,False,448.8124501150484,283.93860902623857,20,#0000FF,Quadrant 4,2,2,80,,#0000FF,0,299.92180617862925,6
image_133.png,5,False,471.9426441580869,97.60553789034304,20,#0000FF,Quadrant 2,1,2,80,,#0000FF,0,2.2726477295462555,6
image_133.png,5,False,221.06954204309932,57.125321558937685,20,#0000FF,Quadrant 1,1,1,80,,#0000FF,0,201.20058225035697,6
image_133.png,5,False,361.5066898431745,119.41939046219535,20,#0000FF,Quadrant 2,1,2,80,,#0000FF,0,237.99544230579951,6
image_133.png,5,False,404.3573839188401,283.1959568336088,20,#0000FF,Quadrant 4,2,2,80,,#0000FF,0,143.74672980998378,6
image_133.png,5,False,339.06314497461676,147.65914297374283,20,#0000FF,Quadrant 1,1,1,80,,#0000FF,0,99.66558638715368,6
image_133.png,5,False,57.364732226357155,43.6886663871184,20,#0000FF,Quadrant 1,1,1,80,,#0000FF,0,225.43531892812075,6
image_133.png,5,False,474.85576938681453,135.72046372208183,20,#0000FF,Quadrant 2,1,2,80,,#0000FF,0,275.913766403439,6
image_133.png,5,False,270.04695111647897,383.2415200617503,20,#0000FF,Quadrant 3,2,1,80,,#0000FF,0,207.44351163150924,6
image_133.png,5,False,321.6420456541097,198.7341358157286,20,#0000FF,Quadrant 1,1,1,80,,#0000FF,0,212.7364611295953,6
image_133.png,5,False,52.476507661964675,314.69582970589073,20,#0000FF,Quadrant 3,2,1,80,,#0000FF,0,289.7472762059465,6
image_133.png,5,False,470.33117051625436,37.88360447734037,20,#0000FF,Quadrant 2,1,2,80,,#0000FF,0,351.5019844247882,6
image_133.png,5,False,352.83385081744757,62.39108721575471,20,#0000FF,Quadrant 1,1,1,80,,#0000FF,0,312.0757984722437,6
image_133.png,5,False,114.1234152008176,38.70422735529159,20,#0000FF,Quadrant 1,1,1,80,,#0000FF,0,238.18766021974338,6
image_134.png,2,True,307.2675660564791,368.8279981052502,20,#FF0000,Quadrant 3,2,1,6,151,#FF0000,0,270.6831954264856,2
image_134.png,5,False,377.5344285468669,255.66665367465774,20,#0000FF,Quadrant 4,2,2,6,,#0000FF,0,145.27212147856255,2
image_134.png,5,False,401.24594403743697,208.77710037966165,20,#0000FF,Quadrant 4,2,2,6,,#0000FF,0,146.15403870553408,2
image_134.png,5,False,124.6668702271858,196.42770968100595,20,#0000FF,Quadrant 1,1,1,6,,#0000FF,0,77.62299766175154,2
image_134.png,5,False,66.0531140099922,238.5341220674217,20,#0000FF,Quadrant 3,2,1,6,,#0000FF,0,174.19418218192988,2
image_134.png,5,False,101.84575883059229,257.4689712166376,20,#0000FF,Quadrant 3,2,1,6,,#0000FF,0,277.37684508215443,2
image_134.png,5,False,30.511357845391128,373.5563667579512,20,#0000FF,Quadrant 3,2,1,6,,#0000FF,0,242.98203017764266,2
image_135.png,2,True,338.38132837405504,216.89532414745383,20,#FF0000,Quadrant 3,2,1,98,151,#FF0000,0,192.51545715175178,6
image_135.png,5,False,590.2147883413008,364.7964271800655,20,#0000FF,Quadrant 4,2,2,98,,#0000FF,0,126.87007490846001,6
image_135.png,5,False,482.92214026956066,351.24128644308973,20,#0000FF,Quadrant 4,2,2,98,,#0000FF,0,338.65366270503006,6
image_135.png,5,False,223.74072984514788,54.57891519210911,20,#0000FF,Quadrant 1,1,1,98,,#0000FF,0,251.38209171197403,6
image_135.png,5,False,541.5047784474292,135.29232368405022,20,#0000FF,Quadrant 2,1,2,98,,#0000FF,0,33.01038523605089,6
image_135.png,5,False,668.1771042057014,265.0588996118359,20,#0000FF,Quadrant 4,2,2,98,,#0000FF,0,67.8153956764623,6
image_135.png,5,False,449.84765931014886,79.67844326898528,20,#0000FF,Quadrant 2,1,2,98,,#0000FF,0,282.82957589744495,6
image_135.png,5,False,42.47399404074057,56.75742274182546,20,#0000FF,Quadrant 1,1,1,98,,#0000FF,0,44.8881174035625,6
image_135.png,5,False,591.2516188934785,303.7971897420425,20,#0000FF,Quadrant 4,2,2,98,,#0000FF,0,24.931109597610085,6
image_135.png,5,False,271.5356551155898,386.42480615447437,20,#0000FF,Quadrant 3,2,1,98,,#0000FF,0,175.06438352703688,6
image_135.png,5,False,325.24932228687163,359.38779006441627,20,#0000FF,Quadrant 3,2,1,98,,#0000FF,0,202.6945289256438,6
image_135.png,5,False,500.85588120974455,11.450051062002869,20,#0000FF,Quadrant 2,1,2,98,,#0000FF,0,172.77765871941713,6
image_135.png,5,False,397.70979526549655,160.553137777242,20,#0000FF,Quadrant 2,1,2,98,,#0000FF,0,151.5113621096391,6
image_135.png,5,False,469.4477024702209,175.52768915626154,20,#0000FF,Quadrant 2,1,2,98,,#0000FF,0,111.30725798094262,6
image_135.png,5,False,405.3807454969895,235.18645455056807,20,#0000FF,Quadrant 4,2,2,98,,#0000FF,0,144.32893028250183,6
image_135.png,5,False,620.6365131389092,44.65216304868804,20,#0000FF,Quadrant 2,1,2,98,,#0000FF,0,332.4086075382189,6
image_135.png,5,False,276.7176194233647,142.37720089604178,20,#0000FF,Quadrant 1,1,1,98,,#0000FF,0,293.8376664554347,6
image_135.png,5,False,34.270782463445094,335.28655902278854,20,#0000FF,Quadrant 3,2,1,98,,#0000FF,0,248.6254361019937,6
image_135.png,5,False,335.0089830699184,25.226050828325203,20,#0000FF,Quadrant 1,1,1,98,,#0000FF,0,251.65137350121648,6
image_135.png,5,False,682.810479698206,224.587503725768,20,#0000FF,Quadrant 4,2,2,98,,#0000FF,0,266.0813204869891,6
image_135.png,5,False,674.4284910706707,177.84142397263312,20,#0000FF,Quadrant 2,1,2,98,,#0000FF,0,221.92513217873667,6
image_135.png,5,False,448.50792757111105,256.72791862010433,20,#0000FF,Quadrant 4,2,2,98,,#0000FF,0,39.56758497494074,6
image_135.png,5,False,490.50640616512385,95.19578079413152,20,#0000FF,Quadrant 2,1,2,98,,#0000FF,0,49.447146989043894,6
image_135.png,5,False,489.6631086140322,235.36736369229644,20,#0000FF,Quadrant 4,2,2,98,,#0000FF,0,74.11991460499414,6
image_135.png,5,False,134.5006710779422,143.21100799460783,20,#0000FF,Quadrant 1,1,1,98,,#0000FF,0,258.8457039212028,6
image_135.png,5,False,121.9994681759281,167.31262659230228,20,#0000FF,Quadrant 1,1,1,98,,#0000FF,0,58.14431958232694,6
image_135.png,5,False,217.49995887098487,384.255397510687,20,#0000FF,Quadrant 3,2,1,98,,#0000FF,0,74.29322386953177,6
image_135.png,5,False,434.10216660646216,357.3104228099336,20,#0000FF,Quadrant 4,2,2,98,,#0000FF,0,307.1971329528457,6
image_135.png,5,False,282.1014660987344,359.74402630686717,20,#0000FF,Quadrant 3,2,1,98,,#0000FF,0,120.74370935723675,6
image_135.png,5,False,310.45630270154345,123.84702573387035,20,#0000FF,Quadrant 1,1,1,98,,#0000FF,0,149.02110186729786,6
image_135.png,5,False,191.32867907464535,351.6258436747802,20,#0000FF,Quadrant 3,2,1,98,,#0000FF,0,118.94672893985306,6
image_135.png,5,False,61.29281956319661,349.94800829457677,20,#0000FF,Quadrant 3,2,1,98,,#0000FF,0,92.66323181095161,6
image_135.png,5,False,529.8042506839379,102.64914635695607,20,#0000FF,Quadrant 2,1,2,98,,#0000FF,0,212.07177466192644,6
image_135.png,5,False,601.9724198139594,115.24784374687597,20,#0000FF,Quadrant 2,1,2,98,,#0000FF,0,254.04739275656635,6
image_135.png,5,False,166.99990260690313,343.9868258828194,20,#0000FF,Quadrant 3,2,1,98,,#0000FF,0,162.32054459029433,6
image_135.png,5,False,192.75431074823737,209.76167520082473,20,#0000FF,Quadrant 3,2,1,98,,#0000FF,0,315.7464330462398,6
image_135.png,5,False,463.93665606550906,223.19303621922074,20,#0000FF,Quadrant 4,2,2,98,,#0000FF,0,243.3677883538436,6
image_135.png,5,False,43.8957771271329,135.0550662069813,20,#0000FF,Quadrant 1,1,1,98,,#0000FF,0,52.59749174736707,6
image_135.png,5,False,428.1473000579519,191.31659912690816,20,#0000FF,Quadrant 2,1,2,98,,#0000FF,0,151.2461671694318,6
image_135.png,5,False,691.9574216574566,263.88497061313967,20,#0000FF,Quadrant 4,2,2,98,,#0000FF,0,336.6645327111293,6
image_135.png,5,False,541.9000104660547,208.46151518998104,20,#0000FF,Quadrant 4,2,2,98,,#0000FF,0,191.9442968913636,6
image_135.png,5,False,196.76040937553284,105.18898865288554,20,#0000FF,Quadrant 1,1,1,98,,#0000FF,0,308.92809283847146,6
image_135.png,5,False,99.94215555615355,272.300796013485,20,#0000FF,Quadrant 3,2,1,98,,#0000FF,0,205.5625018506907,6
image_135.png,5,False,630.5748308730876,207.0202602255986,20,#0000FF,Quadrant 4,2,2,98,,#0000FF,0,117.65645376212217,6
image_135.png,5,False,445.2748096139837,307.4914857151944,20,#0000FF,Quadrant 4,2,2,98,,#0000FF,0,69.37790113198417,6
image_135.png,5,False,97.5803885437133,103.39599534750522,20,#0000FF,Quadrant 1,1,1,98,,#0000FF,0,309.29166316977563,6
image_135.png,5,False,202.63685169403223,174.61250178993478,20,#0000FF,Quadrant 1,1,1,98,,#0000FF,0,15.447864447814567,6
image_135.png,5,False,651.0123696338894,67.08828280490667,20,#0000FF,Quadrant 2,1,2,98,,#0000FF,0,109.57920146987227,6
image_135.png,5,False,401.3691627504281,322.0790731784093,20,#0000FF,Quadrant 4,2,2,98,,#0000FF,0,219.93782997459604,6
image_135.png,5,False,518.9974362524454,145.48162612548796,20,#0000FF,Quadrant 2,1,2,98,,#0000FF,0,50.91665240381648,6
image_135.png,5,False,602.4869872712292,337.71263807012406,20,#0000FF,Quadrant 4,2,2,98,,#0000FF,0,166.12953633066,6
image_135.png,5,False,420.8899552435931,82.93891348712194,20,#0000FF,Quadrant 2,1,2,98,,#0000FF,0,190.35540472352776,6
image_135.png,5,False,646.7388367001306,241.38493083831315,20,#0000FF,Quadrant 4,2,2,98,,#0000FF,0,290.21919450459825,6
image_135.png,5,False,190.89201668133893,147.2675682072645,20,#0000FF,Quadrant 1,1,1,98,,#0000FF,0,339.9774600920257,6
image_135.png,5,False,69.31838491512848,95.22682399496027,20,#0000FF,Quadrant 1,1,1,98,,#0000FF,0,139.63906615721743,6
image_135.png,5,False,137.47778371162826,324.29152975973165,20,#0000FF,Quadrant 3,2,1,98,,#0000FF,0,106.78442687160947,6
image_135.png,5,False,473.1457216922469,62.306643550526374,20,#0000FF,Quadrant 2,1,2,98,,#0000FF,0,56.725678859678865,6
image_135.png,5,False,145.2880308077399,183.94229351476895,20,#0000FF,Quadrant 1,1,1,98,,#0000FF,0,308.87109405933296,6
image_135.png,5,False,291.13187646308205,258.9767997022076,20,#0000FF,Quadrant 3,2,1,98,,#0000FF,0,65.92017423692589,6
image_135.png,5,False,170.84159225973366,181.38812951721042,20,#0000FF,Quadrant 1,1,1,98,,#0000FF,0,6.737964663303009,6
image_135.png,5,False,358.55550513312284,273.009352423797,20,#0000FF,Quadrant 4,2,2,98,,#0000FF,0,208.60040388738122,6
image_135.png,5,False,284.01284683798195,321.54756473170903,20,#0000FF,Quadrant 3,2,1,98,,#0000FF,0,288.3586495883151,6
image_135.png,5,False,33.50931366864127,310.17555782800366,20,#0000FF,Quadrant 3,2,1,98,,#0000FF,0,299.23023916846023,6
image_135.png,5,False,459.62519773992204,279.6656250027264,20,#0000FF,Quadrant 4,2,2,98,,#0000FF,0,355.8875699477992,6
image_135.png,5,False,403.09671655882073,117.05915624037532,20,#0000FF,Quadrant 2,1,2,98,,#0000FF,0,322.98710115784843,6
image_135.png,5,False,72.7830302903819,261.48705808461773,20,#0000FF,Quadrant 3,2,1,98,,#0000FF,0,289.69836201797943,6
image_135.png,5,False,695.5538780530168,125.19307220401808,20,#0000FF,Quadrant 2,1,2,98,,#0000FF,0,94.85854586807271,6
image_135.png,5,False,572.5809815392587,241.39173711056247,20,#0000FF,Quadrant 4,2,2,98,,#0000FF,0,58.81302817400789,6
image_135.png,5,False,280.2911343583209,79.48378269013945,20,#0000FF,Quadrant 1,1,1,98,,#0000FF,0,100.91913187477549,6
image_135.png,5,False,513.85474086482,295.97106200920365,20,#0000FF,Quadrant 4,2,2,98,,#0000FF,0,270.57832271783553,6
image_135.png,5,False,148.0905551576453,61.45414220302308,20,#0000FF,Quadrant 1,1,1,98,,#0000FF,0,273.1593502865277,6
image_135.png,5,False,162.20765566019742,106.87550002585483,20,#0000FF,Quadrant 1,1,1,98,,#0000FF,0,82.69985592296692,6
image_135.png,5,False,305.7378589190751,183.47922602329874,20,#0000FF,Quadrant 1,1,1,98,,#0000FF,0,241.3179076040188,6
image_135.png,5,False,340.609414890888,241.56531646331524,20,#0000FF,Quadrant 3,2,1,98,,#0000FF,0,51.11800282691461,6
image_135.png,5,False,228.16501452510104,350.68781160483115,20,#0000FF,Quadrant 3,2,1,98,,#0000FF,0,270.3253541363705,6
image_135.png,5,False,128.56222353060986,21.978399723355935,20,#0000FF,Quadrant 1,1,1,98,,#0000FF,0,293.7833042111177,6
image_135.png,5,False,643.4329635506463,310.5286207335008,20,#0000FF,Quadrant 4,2,2,98,,#0000FF,0,97.50716431458288,6
image_135.png,5,False,383.1866123150849,184.29510730312998,20,#0000FF,Quadrant 2,1,2,98,,#0000FF,0,16.800016505569857,6
image_135.png,5,False,561.8933388938946,316.9907829333006,20,#0000FF,Quadrant 4,2,2,98,,#0000FF,0,340.7572852819708,6
image_135.png,5,False,642.999945848618,17.19372606536533,20,#0000FF,Quadrant 2,1,2,98,,#0000FF,0,286.9787773473905,6
image_135.png,5,False,123.33749933387749,72.76768936369399,20,#0000FF,Quadrant 1,1,1,98,,#0000FF,0,163.51879848816807,6
image_135.png,5,False,545.7934708995084,49.4011293976119,20,#0000FF,Quadrant 2,1,2,98,,#0000FF,0,166.5251819988566,6
image_135.png,5,False,190.4501226707612,51.019180381513124,20,#0000FF,Quadrant 1,1,1,98,,#0000FF,0,115.60137344108891,6
image_135.png,5,False,380.8710032335046,358.94831793447554,20,#0000FF,Quadrant 4,2,2,98,,#0000FF,0,194.9846360226005,6
image_135.png,5,False,520.5138433916959,369.0243311339561,20,#0000FF,Quadrant 4,2,2,98,,#0000FF,0,182.56796494792812,6
image_135.png,5,False,70.22139423158688,28.82129252752179,20,#0000FF,Quadrant 1,1,1,98,,#0000FF,0,46.79666184211581,6
image_135.png,5,False,676.5810701236894,26.862252586312117,20,#0000FF,Quadrant 2,1,2,98,,#0000FF,0,191.1297068360467,6
image_135.png,5,False,605.5752114206347,194.22841595209806,20,#0000FF,Quadrant 2,1,2,98,,#0000FF,0,307.8207887546282,6
image_135.png,5,False,560.7791084093867,363.49724779466044,20,#0000FF,Quadrant 4,2,2,98,,#0000FF,0,249.69094375505534,6
image_135.png,5,False,253.88750499009373,233.17212858255226,20,#0000FF,Quadrant 3,2,1,98,,#0000FF,0,215.3751240251825,6
image_135.png,5,False,395.1562990999521,79.71582689748564,20,#0000FF,Quadrant 2,1,2,98,,#0000FF,0,89.91840242827185,6
image_135.png,5,False,601.5798034466884,67.56902972281918,20,#0000FF,Quadrant 2,1,2,98,,#0000FF,0,7.727045490279485,6
image_135.png,5,False,132.36567438895395,267.7100830461832,20,#0000FF,Quadrant 3,2,1,98,,#0000FF,0,40.67527424726614,6
image_135.png,5,False,671.1405611301542,354.5156754242101,20,#0000FF,Quadrant 4,2,2,98,,#0000FF,0,137.70005066692124,6
image_135.png,5,False,12.038823902855283,214.96066023871003,20,#0000FF,Quadrant 3,2,1,98,,#0000FF,0,266.41364712222367,6
image_135.png,5,False,238.77900645949924,113.42368232926891,20,#0000FF,Quadrant 1,1,1,98,,#0000FF,0,208.83981922329593,6
image_135.png,5,False,271.1134570519861,202.8300256035185,20,#0000FF,Quadrant 3,2,1,98,,#0000FF,0,220.98588024021655,6
image_135.png,5,False,480.809119200754,198.8037042564834,20,#0000FF,Quadrant 2,1,2,98,,#0000FF,0,68.20793631440569,6
image_135.png,5,False,633.7001128804927,161.1646399308623,20,#0000FF,Quadrant 2,1,2,98,,#0000FF,0,224.60905650792037,6
image_136.png,2,True,615.6995749461487,291.1285820428226,20,#FF0000,Quadrant 4,2,2,78,151,#FF0000,0,57.58499697704843,6
image_136.png,5,False,195.65713899922156,181.98850181881005,20,#0000FF,Quadrant 1,1,1,78,,#0000FF,0,149.0813431437442,6
image_136.png,5,False,230.72677316226503,75.44762151305967,20,#0000FF,Quadrant 1,1,1,78,,#0000FF,0,179.28292878493298,6
image_136.png,5,False,401.82748281089926,17.628935651037132,20,#0000FF,Quadrant 2,1,2,78,,#0000FF,0,328.3374703610642,6
image_136.png,5,False,286.16418625906545,216.15456640455312,20,#0000FF,Quadrant 3,2,1,78,,#0000FF,0,28.99922817122944,6
image_136.png,5,False,427.56009195151046,21.49969142122039,20,#0000FF,Quadrant 2,1,2,78,,#0000FF,0,51.03355893066251,6
image_136.png,5,False,510.61301878847627,70.59847136619493,20,#0000FF,Quadrant 2,1,2,78,,#0000FF,0,132.7987581951444,6
image_136.png,5,False,91.63064826391944,132.9353617377198,20,#0000FF,Quadrant 1,1,1,78,,#0000FF,0,213.31049936191374,6
image_136.png,5,False,651.0376298246442,166.1738071035032,20,#0000FF,Quadrant 2,1,2,78,,#0000FF,0,311.28673362596396,6
image_136.png,5,False,418.48313168381947,130.37415246901224,20,#0000FF,Quadrant 2,1,2,78,,#0000FF,0,15.13494413039469,6
image_136.png,5,False,411.69873375543784,98.91954406177283,20,#0000FF,Quadrant 2,1,2,78,,#0000FF,0,239.34258887475215,6
image_136.png,5,False,471.51042001112444,318.0735997876227,20,#0000FF,Quadrant 4,2,2,78,,#0000FF,0,87.97095035596226,6
image_136.png,5,False,129.7563645807977,246.27589064231594,20,#0000FF,Quadrant 3,2,1,78,,#0000FF,0,232.47093757314977,6
image_136.png,5,False,537.3584886586311,78.99667656539202,20,#0000FF,Quadrant 2,1,2,78,,#0000FF,0,106.79723113081533,6
image_136.png,5,False,63.36247540242729,261.7067346273435,20,#0000FF,Quadrant 3,2,1,78,,#0000FF,0,155.3272024967816,6
image_136.png,5,False,29.649745146226955,263.8151645687445,20,#0000FF,Quadrant 3,2,1,78,,#0000FF,0,224.46085590998783,6
image_136.png,5,False,145.03237932236127,284.61581452514486,20,#0000FF,Quadrant 3,2,1,78,,#0000FF,0,122.27127697284948,6
image_136.png,5,False,381.8954339462151,332.80397259659435,20,#0000FF,Quadrant 4,2,2,78,,#0000FF,0,80.29270645746931,6
image_136.png,5,False,406.414776781381,332.9303741132823,20,#0000FF,Quadrant 4,2,2,78,,#0000FF,0,15.699380473346158,6
image_136.png,5,False,600.4664909258214,35.2798247453014,20,#0000FF,Quadrant 2,1,2,78,,#0000FF,0,80.80183277706867,6
image_136.png,5,False,132.80157346276246,68.39552359036009,20,#0000FF,Quadrant 1,1,1,78,,#0000FF,0,231.25183515351165,6
image_136.png,5,False,130.12518220301308,39.82984950139212,20,#0000FF,Quadrant 1,1,1,78,,#0000FF,0,341.912453311539,6
image_136.png,5,False,363.3282785611762,355.621285527488,20,#0000FF,Quadrant 4,2,2,78,,#0000FF,0,269.7059824063339,6
image_136.png,5,False,267.6452508412815,69.08109960524746,20,#0000FF,Quadrant 1,1,1,78,,#0000FF,0,40.55498075516793,6
image_136.png,5,False,626.7107247025704,50.30489175492298,20,#0000FF,Quadrant 2,1,2,78,,#0000FF,0,144.52682098197585,6
image_136.png,5,False,376.74758749535494,110.0903854390295,20,#0000FF,Quadrant 2,1,2,78,,#0000FF,0,209.82568710673374,6
image_136.png,5,False,279.3402909272192,384.77464578684265,20,#0000FF,Quadrant 3,2,1,78,,#0000FF,0,193.40414390754364,6
image_136.png,5,False,587.811282393106,265.6659073558664,20,#0000FF,Quadrant 4,2,2,78,,#0000FF,0,270.0275761491319,6
image_136.png,5,False,179.4962972714366,129.5704277370513,20,#0000FF,Quadrant 1,1,1,78,,#0000FF,0,188.7902654182833,6
image_136.png,5,False,518.6200305765608,157.55694655396508,20,#0000FF,Quadrant 2,1,2,78,,#0000FF,0,117.82520353300733,6
image_136.png,5,False,524.5501364009089,236.20988247215882,20,#0000FF,Quadrant 4,2,2,78,,#0000FF,0,111.88519685734423,6
image_136.png,5,False,161.00324098823862,259.9145131867424,20,#0000FF,Quadrant 3,2,1,78,,#0000FF,0,260.7193694006534,6
image_136.png,5,False,108.08654679013682,362.60123353341874,20,#0000FF,Quadrant 3,2,1,78,,#0000FF,0,40.24550184447616,6
image_136.png,5,False,486.53195919149437,28.18846600855703,20,#0000FF,Quadrant 2,1,2,78,,#0000FF,0,6.158789918048506,6
image_136.png,5,False,185.27265904454438,93.01018585880577,20,#0000FF,Quadrant 1,1,1,78,,#0000FF,0,58.71425435114146,6
image_136.png,5,False,88.11057493867573,189.06046852544637,20,#0000FF,Quadrant 1,1,1,78,,#0000FF,0,252.006419239214,6
image_136.png,5,False,116.70930604404532,298.4128320631607,20,#0000FF,Quadrant 3,2,1,78,,#0000FF,0,221.39904171783374,6
image_136.png,5,False,420.30834862582793,242.70124492768167,20,#0000FF,Quadrant 4,2,2,78,,#0000FF,0,211.72590478798546,6
image_136.png,5,False,373.996857915168,257.33794412623354,20,#0000FF,Quadrant 4,2,2,78,,#0000FF,0,207.132233147589,6
image_136.png,5,False,162.12537506968783,174.29259204573833,20,#0000FF,Quadrant 1,1,1,78,,#0000FF,0,7.164861712788775,6
image_136.png,5,False,519.1378248867552,292.65764595224397,20,#0000FF,Quadrant 4,2,2,78,,#0000FF,0,147.5356820787283,6
image_136.png,5,False,53.985303206061126,142.48182859943105,20,#0000FF,Quadrant 1,1,1,78,,#0000FF,0,254.2429339942868,6
image_136.png,5,False,122.13132636649382,138.25769089983476,20,#0000FF,Quadrant 1,1,1,78,,#0000FF,0,70.81505141614724,6
image_136.png,5,False,42.9787311110884,317.0337555694285,20,#0000FF,Quadrant 3,2,1,78,,#0000FF,0,115.83557268568119,6
image_136.png,5,False,621.6578879117819,350.87660776681133,20,#0000FF,Quadrant 4,2,2,78,,#0000FF,0,97.25500589562836,6
image_136.png,5,False,12.316678266478995,145.29510536112613,20,#0000FF,Quadrant 1,1,1,78,,#0000FF,0,197.93999176861624,6
image_136.png,5,False,648.2594305347924,329.4465840034166,20,#0000FF,Quadrant 4,2,2,78,,#0000FF,0,248.0804867912976,6
image_136.png,5,False,465.7294984928183,224.40188106925638,20,#0000FF,Quadrant 4,2,2,78,,#0000FF,0,221.74000070638797,6
image_136.png,5,False,124.00571469810218,183.8929050257526,20,#0000FF,Quadrant 1,1,1,78,,#0000FF,0,251.1023312478542,6
image_136.png,5,False,695.1380319065591,89.17384923548504,20,#0000FF,Quadrant 2,1,2,78,,#0000FF,0,303.78111779758035,6
image_136.png,5,False,430.88609919136206,156.66779235348199,20,#0000FF,Quadrant 2,1,2,78,,#0000FF,0,313.9490474803492,6
image_136.png,5,False,672.2598689008529,92.07728008853407,20,#0000FF,Quadrant 2,1,2,78,,#0000FF,0,284.25736217048035,6
image_136.png,5,False,89.57681040894215,249.55805255616883,20,#0000FF,Quadrant 3,2,1,78,,#0000FF,0,121.04009619802166,6
image_136.png,5,False,570.0031076504238,323.6632605961729,20,#0000FF,Quadrant 4,2,2,78,,#0000FF,0,195.23916876836375,6
image_136.png,5,False,220.9402262939223,304.69522040392116,20,#0000FF,Quadrant 3,2,1,78,,#0000FF,0,156.25923841278245,6
image_136.png,5,False,62.25167307124841,69.60986018870379,20,#0000FF,Quadrant 1,1,1,78,,#0000FF,0,0.29537283132298864,6
image_136.png,5,False,514.7208827278952,95.59857369993505,20,#0000FF,Quadrant 2,1,2,78,,#0000FF,0,305.69352196839935,6
image_136.png,5,False,328.6886718862673,237.83274514456133,20,#0000FF,Quadrant 3,2,1,78,,#0000FF,0,323.1761406903013,6
image_136.png,5,False,375.03657857003753,133.98866461006844,20,#0000FF,Quadrant 2,1,2,78,,#0000FF,0,308.20979761174505,6
image_136.png,5,False,628.1049516297122,197.3571500016224,20,#0000FF,Quadrant 2,1,2,78,,#0000FF,0,146.181823484304,6
image_136.png,5,False,579.7845056801946,74.14420026817582,20,#0000FF,Quadrant 2,1,2,78,,#0000FF,0,260.4066003358682,6
image_136.png,5,False,654.7550062152586,208.56044268586137,20,#0000FF,Quadrant 4,2,2,78,,#0000FF,0,228.52946224501295,6
image_136.png,5,False,571.3076534237736,104.5029434053799,20,#0000FF,Quadrant 2,1,2,78,,#0000FF,0,308.2682150267669,6
image_136.png,5,False,253.76452737515106,235.31307055340494,20,#0000FF,Quadrant 3,2,1,78,,#0000FF,0,250.12568175674107,6
image_136.png,5,False,252.11108260043451,199.04689885197385,20,#0000FF,Quadrant 1,1,1,78,,#0000FF,0,249.4004773170284,6
image_136.png,5,False,494.3301950786544,153.45700706054052,20,#0000FF,Quadrant 2,1,2,78,,#0000FF,0,263.47835938813614,6
image_136.png,5,False,577.3409927940804,212.80156713225315,20,#0000FF,Quadrant 4,2,2,78,,#0000FF,0,250.53521978261148,6
image_136.png,5,False,360.481333551546,224.76066361992991,20,#0000FF,Quadrant 4,2,2,78,,#0000FF,0,110.89724229296561,6
image_136.png,5,False,519.6019637676075,346.13269477783433,20,#0000FF,Quadrant 4,2,2,78,,#0000FF,0,275.0386595723148,6
image_136.png,5,False,429.79471297923584,179.22958273700067,20,#0000FF,Quadrant 2,1,2,78,,#0000FF,0,208.55936728563265,6
image_136.png,5,False,692.0508423443431,126.10583811839825,20,#0000FF,Quadrant 2,1,2,78,,#0000FF,0,152.29849020015925,6
image_136.png,5,False,406.55097791037724,160.82305152054874,20,#0000FF,Quadrant 2,1,2,78,,#0000FF,0,275.2091434421703,6
image_136.png,5,False,13.650747032361808,306.5381170289162,20,#0000FF,Quadrant 3,2,1,78,,#0000FF,0,7.7737271970280375,6
image_136.png,5,False,483.6551410207457,199.2555376466812,20,#0000FF,Quadrant 2,1,2,78,,#0000FF,0,164.62235741702963,6
image_136.png,5,False,201.02593148395138,371.4639460774085,20,#0000FF,Quadrant 3,2,1,78,,#0000FF,0,102.32158650477317,6
image_136.png,5,False,430.0929190931175,201.53783673166035,20,#0000FF,Quadrant 4,2,2,78,,#0000FF,0,69.674849875137,6
image_136.png,5,False,294.14695317557346,102.67704609954838,20,#0000FF,Quadrant 1,1,1,78,,#0000FF,0,108.81683111575275,6
image_136.png,5,False,516.0894585078262,213.7723592786901,20,#0000FF,Quadrant 4,2,2,78,,#0000FF,0,74.25283777356503,6
image_136.png,5,False,30.260567275712866,120.62595706777289,20,#0000FF,Quadrant 1,1,1,78,,#0000FF,0,210.3407608876639,6
image_137.png,2,True,365.67629880811444,160.12042597731107,20,#FF0000,Quadrant 2,1,2,2,151,#FF0000,0,238.6372830748819,1
image_137.png,5,False,675.7834277656005,55.70514228859862,20,#0000FF,Quadrant 2,1,2,2,,#0000FF,0,3.5685941398153,1
image_137.png,5,False,32.633935242997005,161.6222600545473,20,#0000FF,Quadrant 1,1,1,2,,#0000FF,0,319.5467090246876,1
image_138.png,2,True,210.72593171098984,238.4914799396293,20,#FF0000,Quadrant 3,2,1,18,151,#FF0000,0,142.81474310217286,4
image_138.png,5,False,589.6685579796653,78.71548460626241,20,#0000FF,Quadrant 2,1,2,18,,#0000FF,0,22.034357834668043,4
image_138.png,5,False,185.08457881252627,207.59154712746752,20,#0000FF,Quadrant 3,2,1,18,,#0000FF,0,192.47086331310103,4
image_138.png,5,False,11.375345321582753,342.604213744237,20,#0000FF,Quadrant 3,2,1,18,,#0000FF,0,277.26207881955975,4
image_138.png,5,False,141.87823192648244,262.6441987909392,20,#0000FF,Quadrant 3,2,1,18,,#0000FF,0,206.32838279005898,4
image_138.png,5,False,343.4201825576167,263.0342562496344,20,#0000FF,Quadrant 3,2,1,18,,#0000FF,0,14.813642790591754,4
image_138.png,5,False,174.26626028411576,235.9116604368812,20,#0000FF,Quadrant 3,2,1,18,,#0000FF,0,194.70855711686224,4
image_138.png,5,False,585.2178070606782,292.0478503409835,20,#0000FF,Quadrant 4,2,2,18,,#0000FF,0,170.54165463364222,4
image_138.png,5,False,250.5191266210369,383.045742639576,20,#0000FF,Quadrant 3,2,1,18,,#0000FF,0,38.155071133372154,4
image_138.png,5,False,113.9209756377193,373.92964767661357,20,#0000FF,Quadrant 3,2,1,18,,#0000FF,0,85.16246441934106,4
image_138.png,5,False,641.5718161595446,28.857966305604922,20,#0000FF,Quadrant 2,1,2,18,,#0000FF,0,283.78900418729245,4
image_138.png,5,False,479.2837037268679,283.237055149396,20,#0000FF,Quadrant 4,2,2,18,,#0000FF,0,76.62746352354239,4
image_138.png,5,False,288.87167433765313,234.841724201236,20,#0000FF,Quadrant 3,2,1,18,,#0000FF,0,273.51802471561024,4
image_138.png,5,False,421.94731229699306,254.8286402139781,20,#0000FF,Quadrant 4,2,2,18,,#0000FF,0,312.9979529997672,4
image_138.png,5,False,678.1180067715602,146.11095603136843,20,#0000FF,Quadrant 2,1,2,18,,#0000FF,0,6.223462283743646,4
image_138.png,5,False,395.43316560141596,301.0220567412374,20,#0000FF,Quadrant 4,2,2,18,,#0000FF,0,105.40218319708781,4
image_138.png,5,False,312.97141976175686,215.634951467494,20,#0000FF,Quadrant 3,2,1,18,,#0000FF,0,68.96948260939484,4
image_138.png,5,False,693.4733998752885,174.29343138378886,20,#0000FF,Quadrant 2,1,2,18,,#0000FF,0,304.0814644321274,4
image_138.png,5,False,357.3283386040191,192.3841959646692,20,#0000FF,Quadrant 2,1,2,18,,#0000FF,0,205.0136001307001,4
image_139.png,2,True,376.7346314138153,72.2342918415394,20,#FF0000,Quadrant 2,1,2,66,151,#FF0000,0,235.30597003246436,6
image_139.png,5,False,564.7120056976341,22.804941316794316,20,#0000FF,Quadrant 2,1,2,66,,#0000FF,0,316.1472737147365,6
image_139.png,5,False,151.58694400417625,151.75254663731167,20,#0000FF,Quadrant 1,1,1,66,,#0000FF,0,227.16842047902406,6
image_139.png,5,False,43.800149359614714,113.58289578077978,20,#0000FF,Quadrant 1,1,1,66,,#0000FF,0,247.65557113464988,6
image_139.png,5,False,665.3391146331433,106.2805714735172,20,#0000FF,Quadrant 2,1,2,66,,#0000FF,0,106.4255054972007,6
image_139.png,5,False,657.3801730186505,159.70318151214965,20,#0000FF,Quadrant 2,1,2,66,,#0000FF,0,216.52307312421618,6
image_139.png,5,False,247.2884850113309,170.4931183692862,20,#0000FF,Quadrant 1,1,1,66,,#0000FF,0,98.7331482730467,6
image_139.png,5,False,287.19892792363936,357.45437010718246,20,#0000FF,Quadrant 3,2,1,66,,#0000FF,0,324.85928248230533,6
image_139.png,5,False,97.84570618342816,133.32355190844032,20,#0000FF,Quadrant 1,1,1,66,,#0000FF,0,283.46307665201095,6
image_139.png,5,False,422.5786449278407,340.7077378374756,20,#0000FF,Quadrant 4,2,2,66,,#0000FF,0,123.9094777409841,6
image_139.png,5,False,653.4504009123815,301.34875715808903,20,#0000FF,Quadrant 4,2,2,66,,#0000FF,0,49.29372663463273,6
image_139.png,5,False,600.169680100465,58.206222029012565,20,#0000FF,Quadrant 2,1,2,66,,#0000FF,0,66.32524861409257,6
image_139.png,5,False,173.54325797742896,363.24691194375197,20,#0000FF,Quadrant 3,2,1,66,,#0000FF,0,2.8491827804049707,6
image_139.png,5,False,214.18280151388367,310.80245681936316,20,#0000FF,Quadrant 3,2,1,66,,#0000FF,0,233.1058654007788,6
image_139.png,5,False,222.73189026859262,351.4897660088949,20,#0000FF,Quadrant 3,2,1,66,,#0000FF,0,93.10312673155528,6
image_139.png,5,False,164.53492270364595,176.2137469152016,20,#0000FF,Quadrant 1,1,1,66,,#0000FF,0,134.05155103671237,6
image_139.png,5,False,595.3430802136484,320.1212782979412,20,#0000FF,Quadrant 4,2,2,66,,#0000FF,0,61.46008398160339,6
image_139.png,5,False,226.33993318831526,195.87938900221192,20,#0000FF,Quadrant 1,1,1,66,,#0000FF,0,192.3759195289068,6
image_139.png,5,False,81.0212654361757,276.173344145149,20,#0000FF,Quadrant 3,2,1,66,,#0000FF,0,125.17133532865412,6
image_139.png,5,False,421.5971786665149,12.25658750613359,20,#0000FF,Quadrant 2,1,2,66,,#0000FF,0,310.2669951603524,6
image_139.png,5,False,99.00307607386921,80.86758266224587,20,#0000FF,Quadrant 1,1,1,66,,#0000FF,0,89.68926714345156,6
image_139.png,5,False,609.6869521427507,362.27378086056984,20,#0000FF,Quadrant 4,2,2,66,,#0000FF,0,32.90564846237434,6
image_139.png,5,False,174.17487616867197,305.38675506379434,20,#0000FF,Quadrant 3,2,1,66,,#0000FF,0,280.48777379116797,6
image_139.png,5,False,679.268374489424,197.9790152264089,20,#0000FF,Quadrant 2,1,2,66,,#0000FF,0,51.54709956042942,6
image_139.png,5,False,197.51226184035394,253.8793838041157,20,#0000FF,Quadrant 3,2,1,66,,#0000FF,0,153.2155272220397,6
image_139.png,5,False,436.44751187966745,221.04895010093102,20,#0000FF,Quadrant 4,2,2,66,,#0000FF,0,263.3423045925578,6
image_139.png,5,False,232.3267194316172,133.74567668606602,20,#0000FF,Quadrant 1,1,1,66,,#0000FF,0,256.4515793549898,6
image_139.png,5,False,471.66084336738044,75.3776261770669,20,#0000FF,Quadrant 2,1,2,66,,#0000FF,0,65.14007069471577,6
image_139.png,5,False,107.4207999119239,335.7841547442474,20,#0000FF,Quadrant 3,2,1,66,,#0000FF,0,303.01133397712647,6
image_139.png,5,False,90.68709399920974,200.8909773816725,20,#0000FF,Quadrant 3,2,1,66,,#0000FF,0,36.505134002781496,6
image_139.png,5,False,434.69902151747795,180.58088322847874,20,#0000FF,Quadrant 2,1,2,66,,#0000FF,0,176.13127389973116,6
image_139.png,5,False,642.2872550262758,210.99715819906325,20,#0000FF,Quadrant 4,2,2,66,,#0000FF,0,19.706085927454872,6
image_139.png,5,False,261.29496663485486,237.53023684813112,20,#0000FF,Quadrant 3,2,1,66,,#0000FF,0,229.22354591622127,6
image_139.png,5,False,323.880423707512,112.77461083435134,20,#0000FF,Quadrant 1,1,1,66,,#0000FF,0,92.99748779360404,6
image_139.png,5,False,263.2577018813423,92.20344991090234,20,#0000FF,Quadrant 1,1,1,66,,#0000FF,0,82.91558798616286,6
image_139.png,5,False,598.8374602460812,122.81111342003213,20,#0000FF,Quadrant 2,1,2,66,,#0000FF,0,263.44804933373604,6
image_139.png,5,False,494.9038807837724,381.4333087941017,20,#0000FF,Quadrant 4,2,2,66,,#0000FF,0,209.00914540962046,6
image_139.png,5,False,190.1106983153986,331.3192339293075,20,#0000FF,Quadrant 3,2,1,66,,#0000FF,0,165.4064392432419,6
image_139.png,5,False,31.866479628735554,84.79910317941638,20,#0000FF,Quadrant 1,1,1,66,,#0000FF,0,183.79623914028414,6
image_139.png,5,False,149.51603742775347,323.0383527543327,20,#0000FF,Quadrant 3,2,1,66,,#0000FF,0,24.71316224200354,6
image_139.png,5,False,425.0031351037151,79.87909249553736,20,#0000FF,Quadrant 2,1,2,66,,#0000FF,0,187.61962987959308,6
image_139.png,5,False,364.44311920467914,202.2784321174793,20,#0000FF,Quadrant 4,2,2,66,,#0000FF,0,337.0820717027518,6
image_139.png,5,False,570.5266074573724,221.4765962349174,20,#0000FF,Quadrant 4,2,2,66,,#0000FF,0,320.26479857437107,6
image_139.png,5,False,130.94683039683252,216.36931186640516,20,#0000FF,Quadrant 3,2,1,66,,#0000FF,0,126.94549475599376,6
image_139.png,5,False,207.53105862399664,220.73403521144752,20,#0000FF,Quadrant 3,2,1,66,,#0000FF,0,70.66773178779604,6
image_139.png,5,False,482.4628632823219,129.48823249803365,20,#0000FF,Quadrant 2,1,2,66,,#0000FF,0,66.2236153613708,6
image_139.png,5,False,487.45004716998085,165.44841926916067,20,#0000FF,Quadrant 2,1,2,66,,#0000FF,0,44.00176882938533,6
image_139.png,5,False,570.5836138664213,307.44609537334946,20,#0000FF,Quadrant 4,2,2,66,,#0000FF,0,81.51343028058952,6
image_139.png,5,False,363.6881175038052,337.3943031474174,20,#0000FF,Quadrant 4,2,2,66,,#0000FF,0,18.00091383270752,6
image_139.png,5,False,273.864471540843,44.12124547297812,20,#0000FF,Quadrant 1,1,1,66,,#0000FF,0,100.5178772879269,6
image_139.png,5,False,522.4493554462642,363.8688074607941,20,#0000FF,Quadrant 4,2,2,66,,#0000FF,0,172.50869333274295,6
image_139.png,5,False,427.57023791657923,108.12805664474539,20,#0000FF,Quadrant 2,1,2,66,,#0000FF,0,49.15861913232411,6
image_139.png,5,False,557.9742108231634,110.03340120085178,20,#0000FF,Quadrant 2,1,2,66,,#0000FF,0,135.38541366515898,6
image_139.png,5,False,47.28155957913742,233.09085130239785,20,#0000FF,Quadrant 3,2,1,66,,#0000FF,0,326.1726674655364,6
image_139.png,5,False,30.9762750570564,24.959994602192705,20,#0000FF,Quadrant 1,1,1,66,,#0000FF,0,210.9014076330273,6
image_139.png,5,False,421.3528135998351,139.62747626992336,20,#0000FF,Quadrant 2,1,2,66,,#0000FF,0,17.360717293737466,6
image_139.png,5,False,22.686748333722257,353.4380784812127,20,#0000FF,Quadrant 3,2,1,66,,#0000FF,0,82.03501289992182,6
image_139.png,5,False,69.55423854491468,235.70246893784645,20,#0000FF,Quadrant 3,2,1,66,,#0000FF,0,34.271879297031646,6
image_139.png,5,False,279.6152229443822,289.25432882100176,20,#0000FF,Quadrant 3,2,1,66,,#0000FF,0,234.19839520850223,6
image_139.png,5,False,367.00823140893584,245.07770168713637,20,#0000FF,Quadrant 4,2,2,66,,#0000FF,0,185.25592207560265,6
image_139.png,5,False,589.3276770086918,243.49727606584517,20,#0000FF,Quadrant 4,2,2,66,,#0000FF,0,338.0987063373613,6
image_139.png,5,False,524.4375724959598,185.92357267712362,20,#0000FF,Quadrant 2,1,2,66,,#0000FF,0,25.724558225264072,6
image_139.png,5,False,465.96954949324333,261.45319711927556,20,#0000FF,Quadrant 4,2,2,66,,#0000FF,0,193.97273078048954,6
image_139.png,5,False,61.971318065979744,63.03509941035968,20,#0000FF,Quadrant 1,1,1,66,,#0000FF,0,227.23202930311106,6
image_139.png,5,False,140.20915617403494,240.98876675189192,20,#0000FF,Quadrant 3,2,1,66,,#0000FF,0,190.3738605570886,6
image_139.png,5,False,630.2137297798921,185.68215293764268,20,#0000FF,Quadrant 2,1,2,66,,#0000FF,0,309.55647410949433,6
image_139.png,5,False,528.1721933114011,211.00770094332103,20,#0000FF,Quadrant 4,2,2,66,,#0000FF,0,333.4428942064928,6
image_140.png,2,True,555.2463100343084,311.4363030196332,20,#FF0000,Quadrant 4,2,2,14,151,#FF0000,0,291.91866632996016,3
image_140.png,5,False,352.97808364047523,341.314783337959,20,#0000FF,Quadrant 3,2,1,14,,#0000FF,0,74.1998454419036,3
image_140.png,5,False,280.54962227215856,208.8338847876982,20,#0000FF,Quadrant 3,2,1,14,,#0000FF,0,188.30602346486583,3
image_140.png,5,False,511.29630301112263,252.2378314079411,20,#0000FF,Quadrant 4,2,2,14,,#0000FF,0,29.880063724525805,3
image_140.png,5,False,357.4136903244584,295.2505193815364,20,#0000FF,Quadrant 4,2,2,14,,#0000FF,0,75.5712162713611,3
image_140.png,5,False,89.59901202636603,41.96425974764085,20,#0000FF,Quadrant 1,1,1,14,,#0000FF,0,305.6116610251023,3
image_140.png,5,False,690.4032614994331,196.85659272493743,20,#0000FF,Quadrant 2,1,2,14,,#0000FF,0,88.47420826190452,3
image_140.png,5,False,200.54544502708413,357.41265467717824,20,#0000FF,Quadrant 3,2,1,14,,#0000FF,0,193.95741126480021,3
image_140.png,5,False,622.4929887929155,19.56696144433206,20,#0000FF,Quadrant 2,1,2,14,,#0000FF,0,207.51758697694794,3
image_140.png,5,False,463.4602165502145,338.5242748944074,20,#0000FF,Quadrant 4,2,2,14,,#0000FF,0,286.1736549600232,3
image_140.png,5,False,405.6996106822752,330.75895326657036,20,#0000FF,Quadrant 4,2,2,14,,#0000FF,0,303.7356145623977,3
image_140.png,5,False,317.80817942663367,229.14084911170423,20,#0000FF,Quadrant 3,2,1,14,,#0000FF,0,300.02202479490495,3
image_140.png,5,False,112.83899649999134,336.6254769916476,20,#0000FF,Quadrant 3,2,1,14,,#0000FF,0,133.3463492514509,3
image_140.png,5,False,414.20356889905855,94.54221866381599,20,#0000FF,Quadrant 2,1,2,14,,#0000FF,0,332.86020064551417,3
image_140.png,5,False,72.61745589744179,324.3842690463612,20,#0000FF,Quadrant 3,2,1,14,,#0000FF,0,284.15470998377185,3
image_141.png,2,True,331.1641407106543,294.1228526122417,20,#FF0000,Quadrant 3,2,1,9,151,#FF0000,0,271.6358999899659,3
image_141.png,5,False,471.896874333838,84.77005284898583,20,#0000FF,Quadrant 2,1,2,9,,#0000FF,0,276.76879272616225,3
image_141.png,5,False,24.76290656687872,292.3881916399398,20,#0000FF,Quadrant 3,2,1,9,,#0000FF,0,242.40043775769303,3
image_141.png,5,False,177.13934019524933,231.9383641047183,20,#0000FF,Quadrant 3,2,1,9,,#0000FF,0,43.86979376705271,3
image_141.png,5,False,671.4243775972736,212.33726234358386,20,#0000FF,Quadrant 4,2,2,9,,#0000FF,0,3.7566838376456557,3
image_141.png,5,False,689.4988630473612,127.1872852802546,20,#0000FF,Quadrant 2,1,2,9,,#0000FF,0,307.019260275825,3
image_141.png,5,False,228.13774102067975,56.83725598444071,20,#0000FF,Quadrant 1,1,1,9,,#0000FF,0,232.67459088422538,3
image_141.png,5,False,40.118887368319875,33.32876556256353,20,#0000FF,Quadrant 1,1,1,9,,#0000FF,0,260.46250040511103,3
image_141.png,5,False,580.35637690591,312.4932146981531,20,#0000FF,Quadrant 4,2,2,9,,#0000FF,0,191.2027644970449,3
image_141.png,5,False,505.136234356155,27.146836170016748,20,#0000FF,Quadrant 2,1,2,9,,#0000FF,0,308.01069304960856,3
image_142.png,2,True,217.243096315788,281.13151858950084,20,#FF0000,Quadrant 3,2,1,9,151,#FF0000,0,316.55505931993156,3
image_142.png,5,False,59.00869155734968,140.74888807943321,20,#0000FF,Quadrant 1,1,1,9,,#0000FF,0,74.37026757125504,3
image_142.png,5,False,553.2552617327162,198.55957427421595,20,#0000FF,Quadrant 2,1,2,9,,#0000FF,0,250.97759877314354,3
image_142.png,5,False,288.017263109715,356.8747661133942,20,#0000FF,Quadrant 3,2,1,9,,#0000FF,0,136.4812734179896,3
image_142.png,5,False,486.5527049246415,203.65034634169976,20,#0000FF,Quadrant 4,2,2,9,,#0000FF,0,28.39172212877768,3
image_142.png,5,False,402.5931065532819,89.99662984550658,20,#0000FF,Quadrant 2,1,2,9,,#0000FF,0,215.85018682732849,3
image_142.png,5,False,437.2718654839967,277.2308838716838,20,#0000FF,Quadrant 4,2,2,9,,#0000FF,0,87.11801683494814,3
image_142.png,5,False,386.196790543874,379.7116851084092,20,#0000FF,Quadrant 4,2,2,9,,#0000FF,0,225.58727860592919,3
image_142.png,5,False,590.8308143244283,173.6162829708411,20,#0000FF,Quadrant 2,1,2,9,,#0000FF,0,351.5659888867979,3
image_142.png,5,False,669.4265745439995,181.2371239633795,20,#0000FF,Quadrant 2,1,2,9,,#0000FF,0,132.01849838966785,3
image_143.png,2,True,604.0734080958338,321.1154929844052,20,#FF0000,Quadrant 4,2,2,5,151,#FF0000,0,234.2381483342678,2
image_143.png,5,False,346.77961114362455,81.28433432409044,20,#0000FF,Quadrant 1,1,1,5,,#0000FF,0,86.18716366977945,2
image_143.png,5,False,615.4050921105633,49.27703264039801,20,#0000FF,Quadrant 2,1,2,5,,#0000FF,0,124.81824818512354,2
image_143.png,5,False,281.69940714568975,267.6025286308076,20,#0000FF,Quadrant 3,2,1,5,,#0000FF,0,104.46383423057017,2
image_143.png,5,False,103.3424849778555,203.045961904251,20,#0000FF,Quadrant 3,2,1,5,,#0000FF,0,15.331441444224613,2
image_143.png,5,False,345.96358567624327,183.7217073637948,20,#0000FF,Quadrant 1,1,1,5,,#0000FF,0,86.39431036824914,2
image_144.png,2,True,458.9581165059425,165.9267899376996,20,#FF0000,Quadrant 2,1,2,8,151,#FF0000,0,358.83664753776304,2
image_144.png,5,False,182.81868904266392,77.93970758489314,20,#0000FF,Quadrant 1,1,1,8,,#0000FF,0,123.52155334562458,2
image_144.png,5,False,567.1869354890096,107.92855471345827,20,#0000FF,Quadrant 2,1,2,8,,#0000FF,0,29.594449221908704,2
image_144.png,5,False,481.55782243618194,39.9334046186179,20,#0000FF,Quadrant 2,1,2,8,,#0000FF,0,294.12007759307573,2
image_144.png,5,False,440.5583204137701,274.30265078373753,20,#0000FF,Quadrant 4,2,2,8,,#0000FF,0,321.5884846280777,2
image_144.png,5,False,233.774239817586,348.0413062229071,20,#0000FF,Quadrant 3,2,1,8,,#0000FF,0,345.20386741730783,2
image_144.png,5,False,611.9405559576691,250.9594980582552,20,#0000FF,Quadrant 4,2,2,8,,#0000FF,0,120.51435882410969,2
image_144.png,5,False,581.6542502939632,27.19869782528484,20,#0000FF,Quadrant 2,1,2,8,,#0000FF,0,107.8607129115917,2
image_144.png,5,False,96.73896988346561,82.40774532398129,20,#0000FF,Quadrant 1,1,1,8,,#0000FF,0,134.38979198634954,2
image_145.png,2,True,686.3090282636979,14.127027838037975,20,#FF0000,Quadrant 2,1,2,33,151,#FF0000,0,48.732810143749276,5
image_145.png,5,False,300.1722156455934,170.59941633621827,20,#0000FF,Quadrant 1,1,1,33,,#0000FF,0,51.37557190044448,5
image_145.png,5,False,361.7768791694771,49.72556779925755,20,#0000FF,Quadrant 2,1,2,33,,#0000FF,0,336.10569349376425,5
image_145.png,5,False,477.06179216828394,182.34272776447526,20,#0000FF,Quadrant 2,1,2,33,,#0000FF,0,228.1536025799714,5
image_145.png,5,False,409.93900160053835,234.76756045089408,20,#0000FF,Quadrant 4,2,2,33,,#0000FF,0,190.39267682874214,5
image_145.png,5,False,649.4032895035127,228.48020918403432,20,#0000FF,Quadrant 4,2,2,33,,#0000FF,0,285.92889425239906,5
image_145.png,5,False,41.93858166985272,198.2223064899882,20,#0000FF,Quadrant 1,1,1,33,,#0000FF,0,207.04777335393132,5
image_145.png,5,False,532.0021386141204,357.79335156981784,20,#0000FF,Quadrant 4,2,2,33,,#0000FF,0,93.64598222272177,5
image_145.png,5,False,442.7936656550759,272.59694537303847,20,#0000FF,Quadrant 4,2,2,33,,#0000FF,0,309.69614251295013,5
image_145.png,5,False,130.67957627988443,202.13808647414768,20,#0000FF,Quadrant 3,2,1,33,,#0000FF,0,1.2937623640925322,5
image_145.png,5,False,202.69331641954037,242.96578246696114,20,#0000FF,Quadrant 3,2,1,33,,#0000FF,0,274.8712935220498,5
image_145.png,5,False,196.76984861668407,131.92259869845765,20,#0000FF,Quadrant 1,1,1,33,,#0000FF,0,163.5641091726264,5
image_145.png,5,False,88.08933665277488,278.212684464715,20,#0000FF,Quadrant 3,2,1,33,,#0000FF,0,345.92987810237554,5
image_145.png,5,False,539.4073531585985,214.22700319422088,20,#0000FF,Quadrant 4,2,2,33,,#0000FF,0,299.2169348844569,5
image_145.png,5,False,104.55571433005007,196.58287263365136,20,#0000FF,Quadrant 1,1,1,33,,#0000FF,0,321.39239462705564,5
image_145.png,5,False,623.0152627931549,19.04118812532513,20,#0000FF,Quadrant 2,1,2,33,,#0000FF,0,163.26459091691328,5
image_145.png,5,False,566.3643837859951,373.82539348051955,20,#0000FF,Quadrant 4,2,2,33,,#0000FF,0,348.4206821988118,5
image_145.png,5,False,554.5081293642415,297.35728672933976,20,#0000FF,Quadrant 4,2,2,33,,#0000FF,0,354.64295031975604,5
image_145.png,5,False,35.194089643154285,126.31527902191853,20,#0000FF,Quadrant 1,1,1,33,,#0000FF,0,275.63997967869017,5
image_145.png,5,False,358.1711124900326,208.5871971594776,20,#0000FF,Quadrant 4,2,2,33,,#0000FF,0,74.97525105352058,5
image_145.png,5,False,172.251096731092,163.97772585852928,20,#0000FF,Quadrant 1,1,1,33,,#0000FF,0,80.08009063919867,5
image_145.png,5,False,320.7104090049417,324.51323562043933,20,#0000FF,Quadrant 3,2,1,33,,#0000FF,0,273.9531374794444,5
image_145.png,5,False,505.3300266400531,239.7061982654669,20,#0000FF,Quadrant 4,2,2,33,,#0000FF,0,33.94551220325633,5
image_145.png,5,False,88.66207098284971,370.6722585109047,20,#0000FF,Quadrant 3,2,1,33,,#0000FF,0,224.16791683980784,5
image_145.png,5,False,580.0483088257524,341.1254147472349,20,#0000FF,Quadrant 4,2,2,33,,#0000FF,0,69.48049891408075,5
image_145.png,5,False,139.35360977404792,59.27675796784046,20,#0000FF,Quadrant 1,1,1,33,,#0000FF,0,348.9568654324795,5
image_145.png,5,False,193.24558073732436,74.07260650856665,20,#0000FF,Quadrant 1,1,1,33,,#0000FF,0,47.966494601406836,5
image_145.png,5,False,610.3547070346143,349.0978199700055,20,#0000FF,Quadrant 4,2,2,33,,#0000FF,0,61.338847506406296,5
image_145.png,5,False,509.9470497703917,145.6056042922994,20,#0000FF,Quadrant 2,1,2,33,,#0000FF,0,220.0367171507036,5
image_145.png,5,False,16.045412741734193,297.50960425772087,20,#0000FF,Quadrant 3,2,1,33,,#0000FF,0,166.2571043388708,5
image_145.png,5,False,49.99540464068373,271.87340354185335,20,#0000FF,Quadrant 3,2,1,33,,#0000FF,0,23.862511270380722,5
image_145.png,5,False,588.9784383115355,113.85810702807012,20,#0000FF,Quadrant 2,1,2,33,,#0000FF,0,248.20813695314115,5
image_145.png,5,False,120.93755145019188,151.32547462865693,20,#0000FF,Quadrant 1,1,1,33,,#0000FF,0,203.40941427225567,5
image_145.png,5,False,589.8900099137991,254.14719474656215,20,#0000FF,Quadrant 4,2,2,33,,#0000FF,0,281.081920016343,5
image_146.png,2,True,224.2912353580205,371.89606559099474,20,#FF0000,Quadrant 3,2,1,4,151,#FF0000,0,257.2513173655065,1
image_146.png,5,False,110.35268795639138,115.72408608814148,20,#0000FF,Quadrant 1,1,1,4,,#0000FF,0,332.4948937594848,1
image_146.png,5,False,30.40311970342692,287.01173812130946,20,#0000FF,Quadrant 3,2,1,4,,#0000FF,0,342.7624846072629,1
image_146.png,5,False,115.05509242339181,158.33479524821215,20,#0000FF,Quadrant 1,1,1,4,,#0000FF,0,200.8875376796797,1
image_146.png,5,False,654.0449578592007,164.79831100531922,20,#0000FF,Quadrant 2,1,2,4,,#0000FF,0,92.0733552545164,1
image_147.png,2,True,694.3886334504942,329.2691600684142,20,#FF0000,Quadrant 4,2,2,6,151,#FF0000,0,134.34995076154394,2
image_147.png,5,False,138.8247758414081,16.287758828517536,20,#0000FF,Quadrant 1,1,1,6,,#0000FF,0,285.64233222525644,2
image_147.png,5,False,489.0951810470057,265.5637037224047,20,#0000FF,Quadrant 4,2,2,6,,#0000FF,0,299.6574234994248,2
image_147.png,5,False,79.67867801584973,212.68923384807457,20,#0000FF,Quadrant 3,2,1,6,,#0000FF,0,62.06088357357504,2
image_147.png,5,False,35.422317643289446,126.47097202101484,20,#0000FF,Quadrant 1,1,1,6,,#0000FF,0,223.868507583308,2
image_147.png,5,False,79.36035062161548,155.20038441801384,20,#0000FF,Quadrant 1,1,1,6,,#0000FF,0,189.3025672091813,2
image_147.png,5,False,19.267452842549176,217.44672001120952,20,#0000FF,Quadrant 3,2,1,6,,#0000FF,0,18.093786321288427,2
image_148.png,2,True,651.7473107229664,305.4756195044958,20,#FF0000,Quadrant 4,2,2,22,151,#FF0000,0,20.19259733207551,4
image_148.png,5,False,241.9673859479218,310.5357040716445,20,#0000FF,Quadrant 3,2,1,22,,#0000FF,0,11.447111770812057,4
image_148.png,5,False,563.982888335869,283.70496338035804,20,#0000FF,Quadrant 4,2,2,22,,#0000FF,0,140.73254288415984,4
image_148.png,5,False,259.3093783889202,165.70412032521423,20,#0000FF,Quadrant 1,1,1,22,,#0000FF,0,25.228239935985528,4
image_148.png,5,False,32.481137312007924,139.12844976568155,20,#0000FF,Quadrant 1,1,1,22,,#0000FF,0,195.73249049500566,4
image_148.png,5,False,226.64906453853303,33.654482500290285,20,#0000FF,Quadrant 1,1,1,22,,#0000FF,0,171.286588145565,4
image_148.png,5,False,105.09086873239215,372.1090530277924,20,#0000FF,Quadrant 3,2,1,22,,#0000FF,0,178.17581689076275,4
image_148.png,5,False,19.491414367495693,312.84436287289304,20,#0000FF,Quadrant 3,2,1,22,,#0000FF,0,202.7108885917877,4
image_148.png,5,False,328.95911924279056,82.63347919654932,20,#0000FF,Quadrant 1,1,1,22,,#0000FF,0,77.82763825000028,4
image_148.png,5,False,461.84611373442056,75.88943726251743,20,#0000FF,Quadrant 2,1,2,22,,#0000FF,0,280.3292460177736,4
image_148.png,5,False,151.68956738285127,318.3128383151818,20,#0000FF,Quadrant 3,2,1,22,,#0000FF,0,33.66870790195871,4
image_148.png,5,False,523.0953956687359,189.64809082730568,20,#0000FF,Quadrant 2,1,2,22,,#0000FF,0,203.89378588536619,4
image_148.png,5,False,279.604967433797,64.87824781366521,20,#0000FF,Quadrant 1,1,1,22,,#0000FF,0,27.20538225644043,4
image_148.png,5,False,565.1385686433263,106.96884104258301,20,#0000FF,Quadrant 2,1,2,22,,#0000FF,0,43.182106084992114,4
image_148.png,5,False,500.152258328524,116.58588885542756,20,#0000FF,Quadrant 2,1,2,22,,#0000FF,0,313.2499603326451,4
image_148.png,5,False,88.0816423458516,198.47966939168148,20,#0000FF,Quadrant 1,1,1,22,,#0000FF,0,146.70456413362163,4
image_148.png,5,False,387.99162170689533,386.2821812074492,20,#0000FF,Quadrant 4,2,2,22,,#0000FF,0,205.01259192963087,4
image_148.png,5,False,585.787631059683,182.90992645236662,20,#0000FF,Quadrant 2,1,2,22,,#0000FF,0,24.624959905638942,4
image_148.png,5,False,291.465934932707,382.6686462299835,20,#0000FF,Quadrant 3,2,1,22,,#0000FF,0,110.30157095310258,4
image_148.png,5,False,166.42661012223397,124.97999534610892,20,#0000FF,Quadrant 1,1,1,22,,#0000FF,0,52.091910369835205,4
image_148.png,5,False,652.2340837102213,60.79946808089444,20,#0000FF,Quadrant 2,1,2,22,,#0000FF,0,308.45827671249697,4
image_148.png,5,False,74.96880711938925,161.18371370300628,20,#0000FF,Quadrant 1,1,1,22,,#0000FF,0,129.79652830899423,4
image_148.png,5,False,135.76668173752918,355.4976679843334,20,#0000FF,Quadrant 3,2,1,22,,#0000FF,0,51.86546357896654,4
image_149.png,2,True,515.739615594232,365.0042643927974,20,#FF0000,Quadrant 4,2,2,10,151,#FF0000,0,51.08978646670241,3
image_149.png,5,False,412.92197775937956,126.32436389059686,20,#0000FF,Quadrant 2,1,2,10,,#0000FF,0,262.95313154255115,3
image_149.png,5,False,560.7092124486771,190.34601139938928,20,#0000FF,Quadrant 2,1,2,10,,#0000FF,0,296.3854223533566,3
image_149.png,5,False,436.1295853896001,89.71628022882574,20,#0000FF,Quadrant 2,1,2,10,,#0000FF,0,64.90602862311854,3
image_149.png,5,False,453.02987620961915,144.48020828794517,20,#0000FF,Quadrant 2,1,2,10,,#0000FF,0,65.74735992729552,3
image_149.png,5,False,646.912037029482,188.78275843406215,20,#0000FF,Quadrant 2,1,2,10,,#0000FF,0,33.974415666414394,3
image_149.png,5,False,331.8112769815703,320.33296714306476,20,#0000FF,Quadrant 3,2,1,10,,#0000FF,0,28.40501095769139,3
image_149.png,5,False,27.609339026229886,377.91499383713375,20,#0000FF,Quadrant 3,2,1,10,,#0000FF,0,259.2720344706542,3
image_149.png,5,False,664.1848141228264,323.66694976085273,20,#0000FF,Quadrant 4,2,2,10,,#0000FF,0,48.21714950595363,3
image_149.png,5,False,383.09437989943166,53.31587414813148,20,#0000FF,Quadrant 2,1,2,10,,#0000FF,0,129.27250631425233,3
image_149.png,5,False,83.87463172704823,228.3395910731167,20,#0000FF,Quadrant 3,2,1,10,,#0000FF,0,13.33993738374684,3
image_150.png,2,True,381.0095843569462,359.586818114835,20,#FF0000,Quadrant 4,2,2,3,151,#FF0000,0,343.8297448668681,1
image_150.png,5,False,565.9365819631397,215.30620310424533,20,#0000FF,Quadrant 4,2,2,3,,#0000FF,0,32.7307663966911,1
image_150.png,5,False,532.8817134011446,118.93252224391387,20,#0000FF,Quadrant 2,1,2,3,,#0000FF,0,145.65722910771055,1
image_150.png,5,False,380.20797202507737,167.34982617574272,20,#0000FF,Quadrant 2,1,2,3,,#0000FF,0,218.39411026865355,1
