filename,shape_type,target,center_x,center_y,size,color,quadrant,row,column,num_distractors,num_images,distractor_color,color_bin_index,rotation_angle
image_0.png,2,True,179.73048727059512,63.7453369825044,20,#0000FF,Quadrant 1,1,1,0,100,#0000FF,0,266.9581799135398
image_1.png,2,True,31.530284192830468,93.64515447576207,20,#FF0000,Quadrant 1,1,1,50,100,#FF0000,0,151.89185508669735
image_1.png,5,False,386.4646801356163,94.32655513138336,20,#0000FF,Quadrant 2,1,2,50,,#0000FF,0,233.95839760062836
image_1.png,5,False,568.6975846510226,13.456531158307065,20,#0000FF,Quadrant 2,1,2,50,,#0000FF,0,212.13564619532713
image_1.png,5,False,492.0180431468883,139.61469524380092,20,#0000FF,Quadrant 2,1,2,50,,#0000FF,0,290.0949306598108
image_1.png,5,False,670.5198067504723,138.23273805257293,20,#0000FF,Quadrant 2,1,2,50,,#0000FF,0,55.97261993224136
image_1.png,5,False,77.6375836382567,331.3528704793398,20,#0000FF,Quadrant 3,2,1,50,,#0000FF,0,33.38850361685325
image_1.png,5,False,567.111380286048,286.83861537026314,20,#0000FF,Quadrant 4,2,2,50,,#0000FF,0,217.3413712920808
image_1.png,5,False,582.4598136703135,244.800466393685,20,#0000FF,Quadrant 4,2,2,50,,#0000FF,0,198.7346272583617
image_1.png,5,False,408.79562808190906,277.3281540892411,20,#0000FF,Quadrant 4,2,2,50,,#0000FF,0,310.2144841118798
image_1.png,5,False,168.02191192391578,120.38865024159651,20,#0000FF,Quadrant 1,1,1,50,,#0000FF,0,16.4967781160384
image_1.png,5,False,171.3929207027498,49.17854031687761,20,#0000FF,Quadrant 1,1,1,50,,#0000FF,0,28.725111692505898
image_1.png,5,False,448.9865820981717,148.90656365069185,20,#0000FF,Quadrant 2,1,2,50,,#0000FF,0,100.07049711963316
image_1.png,5,False,457.49638043490296,241.25152014212154,20,#0000FF,Quadrant 4,2,2,50,,#0000FF,0,337.1956515764978
image_1.png,5,False,513.3683637877906,72.76614264200893,20,#0000FF,Quadrant 2,1,2,50,,#0000FF,0,61.609913351314916
image_1.png,5,False,692.7815885886141,252.9199092248471,20,#0000FF,Quadrant 4,2,2,50,,#0000FF,0,136.6039590327532
image_1.png,5,False,482.6992189320236,329.59802583174803,20,#0000FF,Quadrant 4,2,2,50,,#0000FF,0,200.50190775887265
image_1.png,5,False,168.8141215832679,23.133892195726276,20,#0000FF,Quadrant 1,1,1,50,,#0000FF,0,279.3599681566481
image_1.png,5,False,195.47346354725917,90.7515148756314,20,#0000FF,Quadrant 1,1,1,50,,#0000FF,0,113.5630973012695
image_1.png,5,False,614.8172946396688,129.94823894182466,20,#0000FF,Quadrant 2,1,2,50,,#0000FF,0,339.4474971606196
image_1.png,5,False,283.5903798307977,356.69898892192543,20,#0000FF,Quadrant 3,2,1,50,,#0000FF,0,235.95791950615683
image_1.png,5,False,192.0289682723024,231.9735043044983,20,#0000FF,Quadrant 3,2,1,50,,#0000FF,0,202.0925282987343
image_1.png,5,False,286.18694804173373,93.90324696145309,20,#0000FF,Quadrant 1,1,1,50,,#0000FF,0,323.2162380968917
image_1.png,5,False,362.06361634308405,45.36375780169409,20,#0000FF,Quadrant 2,1,2,50,,#0000FF,0,359.11353833823966
image_1.png,5,False,86.54825081160415,248.17460376376803,20,#0000FF,Quadrant 3,2,1,50,,#0000FF,0,16.961895152904447
image_1.png,5,False,301.8682171249823,35.0134729254398,20,#0000FF,Quadrant 1,1,1,50,,#0000FF,0,285.1485711706671
image_1.png,5,False,697.3276309854267,211.00522244747378,20,#0000FF,Quadrant 4,2,2,50,,#0000FF,0,137.38294314235324
image_1.png,5,False,604.0772148395691,15.339826294385823,20,#0000FF,Quadrant 2,1,2,50,,#0000FF,0,349.58821594090256
image_1.png,5,False,480.69844425931,213.97478489452456,20,#0000FF,Quadrant 4,2,2,50,,#0000FF,0,259.45985496967006
image_1.png,5,False,452.6226792214878,53.166721619241294,20,#0000FF,Quadrant 2,1,2,50,,#0000FF,0,96.0570683829154
image_1.png,5,False,323.6156336608232,371.54242060296826,20,#0000FF,Quadrant 3,2,1,50,,#0000FF,0,156.5154902408778
image_1.png,5,False,192.47505596750153,200.22155073301278,20,#0000FF,Quadrant 3,2,1,50,,#0000FF,0,315.30705853614984
image_1.png,5,False,639.8005813085813,340.0560193982979,20,#0000FF,Quadrant 4,2,2,50,,#0000FF,0,64.31467699084729
image_1.png,5,False,536.3699412517792,214.88527338521854,20,#0000FF,Quadrant 4,2,2,50,,#0000FF,0,55.02213667786853
image_1.png,5,False,376.4136801424773,11.216176736362645,20,#0000FF,Quadrant 2,1,2,50,,#0000FF,0,280.305532307001
image_1.png,5,False,24.419475503838456,362.1992769480253,20,#0000FF,Quadrant 3,2,1,50,,#0000FF,0,116.69618052168231
image_1.png,5,False,584.0175497298526,127.24033940220602,20,#0000FF,Quadrant 2,1,2,50,,#0000FF,0,316.3398760163463
image_1.png,5,False,615.9486138515839,368.94689032264176,20,#0000FF,Quadrant 4,2,2,50,,#0000FF,0,20.853059937907517
image_1.png,5,False,538.6599217925145,59.53197358091034,20,#0000FF,Quadrant 2,1,2,50,,#0000FF,0,273.81677949260336
image_1.png,5,False,243.94095231959673,233.3806955768342,20,#0000FF,Quadrant 3,2,1,50,,#0000FF,0,80.89104133136065
image_1.png,5,False,168.74088904588535,353.24876491631636,20,#0000FF,Quadrant 3,2,1,50,,#0000FF,0,227.1970646172356
image_1.png,5,False,59.820714073282225,100.96575179148019,20,#0000FF,Quadrant 1,1,1,50,,#0000FF,0,309.46874409134875
image_1.png,5,False,404.448691301121,189.66964794585817,20,#0000FF,Quadrant 2,1,2,50,,#0000FF,0,336.7851266090416
image_1.png,5,False,567.3654314612173,82.97494762878978,20,#0000FF,Quadrant 2,1,2,50,,#0000FF,0,282.4629927446712
image_1.png,5,False,307.9942646779941,171.11271950153005,20,#0000FF,Quadrant 1,1,1,50,,#0000FF,0,34.895093122376394
image_1.png,5,False,513.3332602778371,265.531798876868,20,#0000FF,Quadrant 4,2,2,50,,#0000FF,0,168.12888049320298
image_1.png,5,False,78.80991322369967,163.1908446346576,20,#0000FF,Quadrant 1,1,1,50,,#0000FF,0,354.2994760917478
image_1.png,5,False,604.6923775470731,104.99209422186797,20,#0000FF,Quadrant 2,1,2,50,,#0000FF,0,122.14893794218673
image_1.png,5,False,604.4695331809013,219.02296810604255,20,#0000FF,Quadrant 4,2,2,50,,#0000FF,0,159.5270682192445
image_1.png,5,False,699.5056207363687,327.0184271602218,20,#0000FF,Quadrant 4,2,2,50,,#0000FF,0,18.211798628957247
image_1.png,5,False,345.60673543554503,91.79647909729067,20,#0000FF,Quadrant 1,1,1,50,,#0000FF,0,59.87199981740905
image_1.png,5,False,51.39979058083128,154.2518389732743,20,#0000FF,Quadrant 1,1,1,50,,#0000FF,0,144.37450531780294
image_2.png,2,True,490.951545980512,287.13100998304617,20,#00FF00,Quadrant 4,2,2,20,100,#00FF00,0,102.6897224208913
image_2.png,5,False,467.02933393406346,194.96179360533654,20,#0000FF,Quadrant 2,1,2,20,,#0000FF,0,282.0101502543434
image_2.png,5,False,160.99591900736655,33.10668437875917,20,#0000FF,Quadrant 1,1,1,20,,#0000FF,0,68.36323221634937
image_2.png,5,False,52.9997667473194,129.54261809295767,20,#0000FF,Quadrant 1,1,1,20,,#0000FF,0,264.8653843640556
image_2.png,5,False,339.50728828805615,358.52833545452444,20,#0000FF,Quadrant 3,2,1,20,,#0000FF,0,18.051241415023284
image_2.png,5,False,50.19003043306363,202.95917186351218,20,#0000FF,Quadrant 3,2,1,20,,#0000FF,0,191.20540869739486
image_2.png,5,False,58.21119823291293,36.68920635603624,20,#0000FF,Quadrant 1,1,1,20,,#0000FF,0,306.48331632388374
image_2.png,5,False,289.2013548582932,366.9233360925958,20,#0000FF,Quadrant 3,2,1,20,,#0000FF,0,310.2549127092466
image_2.png,5,False,409.8752306224681,26.02234834526634,20,#0000FF,Quadrant 2,1,2,20,,#0000FF,0,205.08314764974656
image_2.png,5,False,463.930110321568,224.65577721306582,20,#0000FF,Quadrant 4,2,2,20,,#0000FF,0,29.514025978155175
image_2.png,5,False,190.66756427090303,264.1564184629955,20,#0000FF,Quadrant 3,2,1,20,,#0000FF,0,113.89314455162176
image_2.png,5,False,194.00839913410277,60.47199064417854,20,#0000FF,Quadrant 1,1,1,20,,#0000FF,0,113.1061906064074
image_2.png,5,False,17.418349793245767,245.79819857638907,20,#0000FF,Quadrant 3,2,1,20,,#0000FF,0,336.8643434801364
image_2.png,5,False,79.88708050904147,214.22580475041514,20,#0000FF,Quadrant 3,2,1,20,,#0000FF,0,202.6777124300206
image_2.png,5,False,102.26257698249597,142.92533961658668,20,#0000FF,Quadrant 1,1,1,20,,#0000FF,0,182.11848985755552
image_2.png,5,False,179.31196297410253,118.72523387989624,20,#0000FF,Quadrant 1,1,1,20,,#0000FF,0,24.764873061606934
image_2.png,5,False,385.2771759982333,125.35148004602037,20,#0000FF,Quadrant 2,1,2,20,,#0000FF,0,157.74644628277554
image_2.png,5,False,567.0918609096831,210.9395818036581,20,#0000FF,Quadrant 4,2,2,20,,#0000FF,0,354.1871916905336
image_2.png,5,False,393.120972635388,363.20378290683726,20,#0000FF,Quadrant 4,2,2,20,,#0000FF,0,240.43075333653007
image_2.png,5,False,616.029478866805,110.96811832213426,20,#0000FF,Quadrant 2,1,2,20,,#0000FF,0,37.29114069055614
image_2.png,5,False,522.525095262908,69.7593098949464,20,#0000FF,Quadrant 2,1,2,20,,#0000FF,0,320.29657452205527
image_3.png,2,True,447.98995367181993,110.78591481629476,20,#00FF00,Quadrant 2,1,2,10,100,#00FF00,0,73.29503243788305
image_3.png,5,False,634.7768423536537,330.82720362545535,20,#FF0000,Quadrant 4,2,2,10,,#FF0000,0,175.87146677377555
image_3.png,5,False,302.84370729640744,115.58512466151113,20,#FF0000,Quadrant 1,1,1,10,,#FF0000,0,33.227448376584036
image_3.png,5,False,542.301144660523,251.8288566199215,20,#FF0000,Quadrant 4,2,2,10,,#FF0000,0,1.276448071601628
image_3.png,5,False,521.7080958517244,219.5351991857759,20,#FF0000,Quadrant 4,2,2,10,,#FF0000,0,94.30389447636534
image_3.png,5,False,17.662423030146236,39.442179107883945,20,#FF0000,Quadrant 1,1,1,10,,#FF0000,0,153.96729083304456
image_3.png,5,False,633.8067858047664,217.23312931968744,20,#FF0000,Quadrant 4,2,2,10,,#FF0000,0,317.91830158805146
image_3.png,5,False,412.3490913114681,66.97945094450844,20,#FF0000,Quadrant 2,1,2,10,,#FF0000,0,300.454207158966
image_3.png,5,False,223.3900031018621,350.81500274469903,20,#FF0000,Quadrant 3,2,1,10,,#FF0000,0,45.88038694156995
image_3.png,5,False,604.024078998622,350.7935126070074,20,#FF0000,Quadrant 4,2,2,10,,#FF0000,0,286.60402975969504
image_3.png,5,False,182.92599032459492,49.855988991934964,20,#FF0000,Quadrant 1,1,1,10,,#FF0000,0,75.62755380231145
image_4.png,2,True,648.8512737504245,100.48671158269758,20,#0000FF,Quadrant 2,1,2,50,100,#0000FF,0,269.81194001167415
image_4.png,5,False,562.1221636058518,77.9257959811041,20,#00FF00,Quadrant 2,1,2,50,,#00FF00,0,58.5006361561579
image_4.png,5,False,134.57949709514463,360.4561976013042,20,#00FF00,Quadrant 3,2,1,50,,#00FF00,0,148.42598772736704
image_4.png,5,False,294.6703717540205,264.22489487093833,20,#00FF00,Quadrant 3,2,1,50,,#00FF00,0,281.6591386131474
image_4.png,5,False,181.9872291298891,71.17678464671641,20,#00FF00,Quadrant 1,1,1,50,,#00FF00,0,264.6207139780354
image_4.png,5,False,274.57124686928773,25.637901697667278,20,#00FF00,Quadrant 1,1,1,50,,#00FF00,0,252.46014773036853
image_4.png,5,False,576.3495664894062,340.3601075562171,20,#00FF00,Quadrant 4,2,2,50,,#00FF00,0,125.87703280053071
image_4.png,5,False,465.76286291380535,161.62013989748817,20,#00FF00,Quadrant 2,1,2,50,,#00FF00,0,80.25247699409124
image_4.png,5,False,58.830899962682935,303.31746895245647,20,#00FF00,Quadrant 3,2,1,50,,#00FF00,0,100.29710196828141
image_4.png,5,False,361.98051043881776,267.85784874017963,20,#00FF00,Quadrant 4,2,2,50,,#00FF00,0,126.4126064697908
image_4.png,5,False,239.16225919972646,21.433002275222368,20,#00FF00,Quadrant 1,1,1,50,,#00FF00,0,303.71801877794906
image_4.png,5,False,190.9772703128548,230.46291935323154,20,#00FF00,Quadrant 3,2,1,50,,#00FF00,0,315.7338281672017
image_4.png,5,False,37.35920897639801,236.50393438536747,20,#00FF00,Quadrant 3,2,1,50,,#00FF00,0,354.0782062379114
image_4.png,5,False,552.8490147823369,175.9568881030898,20,#00FF00,Quadrant 2,1,2,50,,#00FF00,0,124.4473602047281
image_4.png,5,False,90.67994519620868,351.01278904043346,20,#00FF00,Quadrant 3,2,1,50,,#00FF00,0,354.32490575397236
image_4.png,5,False,41.58232172841622,175.82974084197951,20,#00FF00,Quadrant 1,1,1,50,,#00FF00,0,68.42835882082657
image_4.png,5,False,566.6859892233716,270.6320015336911,20,#00FF00,Quadrant 4,2,2,50,,#00FF00,0,187.17132548397075
image_4.png,5,False,518.818970814817,85.47927880045559,20,#00FF00,Quadrant 2,1,2,50,,#00FF00,0,338.4947233431192
image_4.png,5,False,664.7745208342355,359.0513836504192,20,#00FF00,Quadrant 4,2,2,50,,#00FF00,0,155.2670638649953
image_4.png,5,False,468.07397114696,58.10836932113101,20,#00FF00,Quadrant 2,1,2,50,,#00FF00,0,224.3359475807073
image_4.png,5,False,491.37659737994096,220.567916558048,20,#00FF00,Quadrant 4,2,2,50,,#00FF00,0,117.42584574866396
image_4.png,5,False,130.90483947165137,226.12178633927593,20,#00FF00,Quadrant 3,2,1,50,,#00FF00,0,269.3284416572004
image_4.png,5,False,585.4366416504956,125.86473082343774,20,#00FF00,Quadrant 2,1,2,50,,#00FF00,0,146.18706075293863
image_4.png,5,False,552.3878321320527,240.31807364135028,20,#00FF00,Quadrant 4,2,2,50,,#00FF00,0,75.66576655775108
image_4.png,5,False,557.8836899840354,373.81649739218767,20,#00FF00,Quadrant 4,2,2,50,,#00FF00,0,184.02263887485134
image_4.png,5,False,464.9481633039126,118.27126108736437,20,#00FF00,Quadrant 2,1,2,50,,#00FF00,0,264.9461205384798
image_4.png,5,False,437.6706948946767,46.30036162856269,20,#00FF00,Quadrant 2,1,2,50,,#00FF00,0,238.98738106979954
image_4.png,5,False,172.82446438488526,128.338557503478,20,#00FF00,Quadrant 1,1,1,50,,#00FF00,0,342.7198784828911
image_4.png,5,False,112.52687998733738,28.468785439062685,20,#00FF00,Quadrant 1,1,1,50,,#00FF00,0,290.3626420474557
image_4.png,5,False,432.1677674388086,301.48897014207444,20,#00FF00,Quadrant 4,2,2,50,,#00FF00,0,354.2169682014665
image_4.png,5,False,621.5483303361262,228.60359997672225,20,#00FF00,Quadrant 4,2,2,50,,#00FF00,0,163.94982061683208
image_4.png,5,False,275.5611640336057,162.06878216733125,20,#00FF00,Quadrant 1,1,1,50,,#00FF00,0,258.6045295796359
image_4.png,5,False,484.77184261247794,348.4254143078966,20,#00FF00,Quadrant 4,2,2,50,,#00FF00,0,53.12568423286736
image_4.png,5,False,621.0855265962977,305.24291375804887,20,#00FF00,Quadrant 4,2,2,50,,#00FF00,0,309.7586035521077
image_4.png,5,False,395.05259208900935,357.8036654641564,20,#00FF00,Quadrant 4,2,2,50,,#00FF00,0,167.23795844673077
image_4.png,5,False,102.8706437287929,186.63514377433347,20,#00FF00,Quadrant 1,1,1,50,,#00FF00,0,43.689095708178385
image_4.png,5,False,396.0995250662166,130.9386279219014,20,#00FF00,Quadrant 2,1,2,50,,#00FF00,0,191.20747890801192
image_4.png,5,False,315.9330900096703,319.0724597713765,20,#00FF00,Quadrant 3,2,1,50,,#00FF00,0,271.8900048800806
image_4.png,5,False,305.02438147561367,353.7910881124109,20,#00FF00,Quadrant 3,2,1,50,,#00FF00,0,321.1273066827665
image_4.png,5,False,120.65979829712651,336.6450758980731,20,#00FF00,Quadrant 3,2,1,50,,#00FF00,0,160.52890034761216
image_4.png,5,False,528.9742058988525,328.46817160424604,20,#00FF00,Quadrant 4,2,2,50,,#00FF00,0,162.02511260888693
image_4.png,5,False,242.39895273208532,348.5641427947398,20,#00FF00,Quadrant 3,2,1,50,,#00FF00,0,84.41768808526872
image_4.png,5,False,114.92232337101666,155.78734053904583,20,#00FF00,Quadrant 1,1,1,50,,#00FF00,0,29.007956756760642
image_4.png,5,False,158.41353232602535,167.82006464952647,20,#00FF00,Quadrant 1,1,1,50,,#00FF00,0,55.009895967773275
image_4.png,5,False,332.0218450089428,34.53643860059525,20,#00FF00,Quadrant 1,1,1,50,,#00FF00,0,119.11730077371008
image_4.png,5,False,279.3495239275225,301.9828019349427,20,#00FF00,Quadrant 3,2,1,50,,#00FF00,0,299.84082096257555
image_4.png,5,False,24.457518192293985,343.8882223024573,20,#00FF00,Quadrant 3,2,1,50,,#00FF00,0,340.5823320924362
image_4.png,5,False,339.6390357320189,367.3563465100886,20,#00FF00,Quadrant 3,2,1,50,,#00FF00,0,207.2485248516289
image_4.png,5,False,279.7008005159023,348.0405028640975,20,#00FF00,Quadrant 3,2,1,50,,#00FF00,0,107.50055485405804
image_4.png,5,False,629.5920183580455,195.5507425139947,20,#00FF00,Quadrant 2,1,2,50,,#00FF00,0,287.9525415388564
image_4.png,5,False,345.60733372716675,157.9880228270364,20,#00FF00,Quadrant 1,1,1,50,,#00FF00,0,98.25671223477237
image_5.png,2,True,644.5641766409244,381.712907502153,20,#0000FF,Quadrant 4,2,2,2,100,#0000FF,0,302.5820387025211
image_5.png,5,False,635.8739863222834,234.7354691873503,20,#00FF00,Quadrant 4,2,2,2,,#00FF00,0,192.28450663170156
image_5.png,5,False,68.83980142961815,173.01562693189385,20,#00FF00,Quadrant 1,1,1,2,,#00FF00,0,238.67991246101806
image_6.png,2,True,236.54598752285492,182.87634485623025,20,#00FF00,Quadrant 1,1,1,0,100,#00FF00,0,93.6562730109497
image_7.png,2,True,584.1958324719828,106.35863901373986,20,#00FF00,Quadrant 2,1,2,5,100,#00FF00,0,270.72353647972255
image_7.png,5,False,24.355084777457364,214.90040011471774,20,#0000FF,Quadrant 3,2,1,5,,#0000FF,0,29.486243794191317
image_7.png,5,False,252.12267682320672,256.7544672484528,20,#0000FF,Quadrant 3,2,1,5,,#0000FF,0,359.9668182633153
image_7.png,5,False,460.0589574630398,296.1001511345009,20,#0000FF,Quadrant 4,2,2,5,,#0000FF,0,281.2438978599222
image_7.png,5,False,148.35951014778516,18.703646547085626,20,#0000FF,Quadrant 1,1,1,5,,#0000FF,0,341.860223777756
image_7.png,5,False,97.9662516883281,264.0554432663262,20,#0000FF,Quadrant 3,2,1,5,,#0000FF,0,54.857644482524535
image_8.png,2,True,539.3927897674499,74.42429619302925,20,#0000FF,Quadrant 2,1,2,20,100,#0000FF,0,251.8073896486143
image_8.png,5,False,675.6926126204864,51.86132737057528,20,#FF0000,Quadrant 2,1,2,20,,#FF0000,0,294.9484227519906
image_8.png,5,False,225.93854138794498,267.0372744294545,20,#FF0000,Quadrant 3,2,1,20,,#FF0000,0,9.244233179087766
image_8.png,5,False,284.29491020495624,281.2755585086991,20,#FF0000,Quadrant 3,2,1,20,,#FF0000,0,344.94222175412256
image_8.png,5,False,486.83333257782346,248.0976255371948,20,#FF0000,Quadrant 4,2,2,20,,#FF0000,0,27.358732023501588
image_8.png,5,False,543.2393297313934,332.410844375565,20,#FF0000,Quadrant 4,2,2,20,,#FF0000,0,36.68446996055155
image_8.png,5,False,94.40693983138011,382.89316487254575,20,#FF0000,Quadrant 3,2,1,20,,#FF0000,0,216.14818133406388
image_8.png,5,False,250.22339429752134,172.9268890027334,20,#FF0000,Quadrant 1,1,1,20,,#FF0000,0,281.74872468996705
image_8.png,5,False,359.6069840875067,139.98538409756503,20,#FF0000,Quadrant 2,1,2,20,,#FF0000,0,133.40551543850023
image_8.png,5,False,577.58600256405,50.89369310343147,20,#FF0000,Quadrant 2,1,2,20,,#FF0000,0,305.84722571984787
image_8.png,5,False,448.91813810389624,324.2513635589292,20,#FF0000,Quadrant 4,2,2,20,,#FF0000,0,345.8835241972483
image_8.png,5,False,311.05064291028947,288.37462491706214,20,#FF0000,Quadrant 3,2,1,20,,#FF0000,0,254.6311117341877
image_8.png,5,False,197.0867711109192,316.49930470895373,20,#FF0000,Quadrant 3,2,1,20,,#FF0000,0,347.57054324570794
image_8.png,5,False,344.1297801755221,175.64715835547204,20,#FF0000,Quadrant 1,1,1,20,,#FF0000,0,193.74224632137208
image_8.png,5,False,70.71073676035965,344.2565875530478,20,#FF0000,Quadrant 3,2,1,20,,#FF0000,0,299.06316680061724
image_8.png,5,False,331.1841334896267,241.7053841991368,20,#FF0000,Quadrant 3,2,1,20,,#FF0000,0,87.79083810874415
image_8.png,5,False,30.77429846359172,332.66017212610956,20,#FF0000,Quadrant 3,2,1,20,,#FF0000,0,136.43614948617505
image_8.png,5,False,157.15057677384016,312.58063088102045,20,#FF0000,Quadrant 3,2,1,20,,#FF0000,0,65.46234857676905
image_8.png,5,False,617.5404660534173,276.0474576255722,20,#FF0000,Quadrant 4,2,2,20,,#FF0000,0,122.52198353914211
image_8.png,5,False,17.99411784824853,369.36765439971776,20,#FF0000,Quadrant 3,2,1,20,,#FF0000,0,99.45668727222656
image_8.png,5,False,507.13144356778986,195.6824261088416,20,#FF0000,Quadrant 2,1,2,20,,#FF0000,0,30.820666304887652
image_9.png,2,True,22.880605691028773,122.22104973914799,20,#FF0000,Quadrant 1,1,1,20,100,#FF0000,0,161.34283785116548
image_9.png,5,False,178.63725791108567,261.9768881635964,20,#00FF00,Quadrant 3,2,1,20,,#00FF00,0,145.58440632405413
image_9.png,5,False,392.342866002062,140.94029498726456,20,#00FF00,Quadrant 2,1,2,20,,#00FF00,0,132.8473622379733
image_9.png,5,False,222.26324103934417,98.14337961083592,20,#00FF00,Quadrant 1,1,1,20,,#00FF00,0,163.34829462714427
image_9.png,5,False,228.4125334201247,291.8090420555813,20,#00FF00,Quadrant 3,2,1,20,,#00FF00,0,259.66235927738506
image_9.png,5,False,486.5226888028401,83.40248779798591,20,#00FF00,Quadrant 2,1,2,20,,#00FF00,0,342.3159217416365
image_9.png,5,False,201.5082429814269,233.86385045317894,20,#00FF00,Quadrant 3,2,1,20,,#00FF00,0,265.89767526322225
image_9.png,5,False,422.1888202129759,381.63301831482994,20,#00FF00,Quadrant 4,2,2,20,,#00FF00,0,273.67484233430974
image_9.png,5,False,215.11381318968455,147.41304413846808,20,#00FF00,Quadrant 1,1,1,20,,#00FF00,0,299.7462107977444
image_9.png,5,False,498.82473665490056,58.84835882253705,20,#00FF00,Quadrant 2,1,2,20,,#00FF00,0,108.8163319609568
image_9.png,5,False,48.56842794466258,121.42765164094992,20,#00FF00,Quadrant 1,1,1,20,,#00FF00,0,16.385652353958598
image_9.png,5,False,450.49219236798405,295.55544244909396,20,#00FF00,Quadrant 4,2,2,20,,#00FF00,0,339.8722613264666
image_9.png,5,False,245.74638753404145,375.9581091062754,20,#00FF00,Quadrant 3,2,1,20,,#00FF00,0,172.3371150983033
image_9.png,5,False,604.7271226283566,54.12493919402148,20,#00FF00,Quadrant 2,1,2,20,,#00FF00,0,90.89222057747014
image_9.png,5,False,349.81338004054584,229.11399714596925,20,#00FF00,Quadrant 3,2,1,20,,#00FF00,0,23.523636641015692
image_9.png,5,False,115.53990778920897,317.611704831968,20,#00FF00,Quadrant 3,2,1,20,,#00FF00,0,247.122366572166
image_9.png,5,False,297.7439007517163,236.33594756498954,20,#00FF00,Quadrant 3,2,1,20,,#00FF00,0,200.90629246234624
image_9.png,5,False,545.4528488520717,154.78289388339567,20,#00FF00,Quadrant 2,1,2,20,,#00FF00,0,222.63060689901835
image_9.png,5,False,402.7857052600967,33.76705505282044,20,#00FF00,Quadrant 2,1,2,20,,#00FF00,0,154.37874101055328
image_9.png,5,False,79.37193301982909,299.31462544607984,20,#00FF00,Quadrant 3,2,1,20,,#00FF00,0,345.63915987634766
image_9.png,5,False,193.3411803248151,41.68886194652006,20,#00FF00,Quadrant 1,1,1,20,,#00FF00,0,225.18541094637715
image_10.png,2,True,12.84357287338827,181.2904003454915,20,#FF0000,Quadrant 1,1,1,30,100,#FF0000,0,27.023352804420455
image_10.png,5,False,211.677650142378,98.49801666217776,20,#0000FF,Quadrant 1,1,1,30,,#0000FF,0,213.77203024304276
image_10.png,5,False,495.3584275265711,182.62384138186235,20,#0000FF,Quadrant 2,1,2,30,,#0000FF,0,254.50409875645198
image_10.png,5,False,647.5747096484761,308.79899407246444,20,#0000FF,Quadrant 4,2,2,30,,#0000FF,0,247.45857122564738
image_10.png,5,False,466.55511652597045,363.926677292404,20,#0000FF,Quadrant 4,2,2,30,,#0000FF,0,225.02088257911987
image_10.png,5,False,386.2034789315887,255.8059254461377,20,#0000FF,Quadrant 4,2,2,30,,#0000FF,0,153.05002779751618
image_10.png,5,False,580.5488689988911,37.99291833149775,20,#0000FF,Quadrant 2,1,2,30,,#0000FF,0,327.0281202765382
image_10.png,5,False,222.9445388912062,294.10601894231763,20,#0000FF,Quadrant 3,2,1,30,,#0000FF,0,59.73220411946088
image_10.png,5,False,209.85269534272496,58.00568279003971,20,#0000FF,Quadrant 1,1,1,30,,#0000FF,0,204.91453775487327
image_10.png,5,False,493.1165089482692,367.3316190012474,20,#0000FF,Quadrant 4,2,2,30,,#0000FF,0,247.92407683635375
image_10.png,5,False,351.2249061287631,41.407020017935764,20,#0000FF,Quadrant 1,1,1,30,,#0000FF,0,180.1699837624532
image_10.png,5,False,308.6677496067723,132.83755850943737,20,#0000FF,Quadrant 1,1,1,30,,#0000FF,0,14.3498823061007
image_10.png,5,False,73.9242248887488,374.6023966288923,20,#0000FF,Quadrant 3,2,1,30,,#0000FF,0,90.1324448683214
image_10.png,5,False,407.31218625253206,370.3972130108012,20,#0000FF,Quadrant 4,2,2,30,,#0000FF,0,300.9451010062253
image_10.png,5,False,474.2020115849318,112.87516781554638,20,#0000FF,Quadrant 2,1,2,30,,#0000FF,0,359.8460700758825
image_10.png,5,False,532.0692241542519,188.8493111891175,20,#0000FF,Quadrant 2,1,2,30,,#0000FF,0,14.483402332061823
image_10.png,5,False,642.1741508815428,79.6028976503416,20,#0000FF,Quadrant 2,1,2,30,,#0000FF,0,234.54341619612708
image_10.png,5,False,448.36667170386585,196.87235322820305,20,#0000FF,Quadrant 2,1,2,30,,#0000FF,0,210.71866510002758
image_10.png,5,False,250.74516778701417,136.99057280540478,20,#0000FF,Quadrant 1,1,1,30,,#0000FF,0,32.84726626577778
image_10.png,5,False,601.9781020418429,135.66578483284894,20,#0000FF,Quadrant 2,1,2,30,,#0000FF,0,241.24806342762676
image_10.png,5,False,209.58206100404303,368.2831579548936,20,#0000FF,Quadrant 3,2,1,30,,#0000FF,0,249.7225226340357
image_10.png,5,False,390.01656358155844,182.92419345145373,20,#0000FF,Quadrant 2,1,2,30,,#0000FF,0,292.88377250567015
image_10.png,5,False,233.73563874416033,377.72982673364214,20,#0000FF,Quadrant 3,2,1,30,,#0000FF,0,113.22617658126046
image_10.png,5,False,365.55681785475343,384.50906318750305,20,#0000FF,Quadrant 4,2,2,30,,#0000FF,0,145.50302052026842
image_10.png,5,False,260.26597845550424,296.9355122330069,20,#0000FF,Quadrant 3,2,1,30,,#0000FF,0,67.52971490202977
image_10.png,5,False,534.6334793460406,87.94501409640353,20,#0000FF,Quadrant 2,1,2,30,,#0000FF,0,225.14714717220323
image_10.png,5,False,650.1665322218245,176.607883937359,20,#0000FF,Quadrant 2,1,2,30,,#0000FF,0,197.7190700707194
image_10.png,5,False,175.8759515437511,70.86694591837784,20,#0000FF,Quadrant 1,1,1,30,,#0000FF,0,219.19380014950738
image_10.png,5,False,391.50122083802205,46.233078084415524,20,#0000FF,Quadrant 2,1,2,30,,#0000FF,0,198.30204252096118
image_10.png,5,False,584.346646726773,199.3859407793198,20,#0000FF,Quadrant 2,1,2,30,,#0000FF,0,42.287813672240716
image_10.png,5,False,361.6128183828936,114.35461095761764,20,#0000FF,Quadrant 2,1,2,30,,#0000FF,0,257.9771973570448
image_11.png,2,True,110.65831628658441,83.05072021831691,20,#00FF00,Quadrant 1,1,1,3,100,#00FF00,0,164.4431301836329
image_11.png,5,False,525.195563844262,62.600154255346816,20,#0000FF,Quadrant 2,1,2,3,,#0000FF,0,215.77593552296398
image_11.png,5,False,543.3731664144565,333.9678796294945,20,#0000FF,Quadrant 4,2,2,3,,#0000FF,0,25.13162865824299
image_11.png,5,False,553.7372925715987,111.99126663929002,20,#0000FF,Quadrant 2,1,2,3,,#0000FF,0,122.35508752114639
image_12.png,2,True,410.56721149566545,260.4576046547595,20,#FF0000,Quadrant 4,2,2,5,100,#FF0000,0,301.4913321383117
image_12.png,5,False,318.67115380676097,194.08104373855028,20,#00FF00,Quadrant 1,1,1,5,,#00FF00,0,311.49381409208735
image_12.png,5,False,536.6192748801657,153.5854004928489,20,#00FF00,Quadrant 2,1,2,5,,#00FF00,0,119.67838405586977
image_12.png,5,False,610.1555597482732,381.73281064372065,20,#00FF00,Quadrant 4,2,2,5,,#00FF00,0,335.82681205749395
image_12.png,5,False,274.86691491249593,334.572904923229,20,#00FF00,Quadrant 3,2,1,5,,#00FF00,0,85.96999589984976
image_12.png,5,False,230.2234894640881,189.78502259087662,20,#00FF00,Quadrant 1,1,1,5,,#00FF00,0,147.87903439784813
image_13.png,2,True,36.50651221710199,200.8660547502611,20,#00FF00,Quadrant 3,2,1,2,100,#00FF00,0,178.3183138619125
image_13.png,5,False,610.2235159065664,341.44396139252854,20,#0000FF,Quadrant 4,2,2,2,,#0000FF,0,212.46495455144412
image_13.png,5,False,373.38029881040984,183.71881215126356,20,#0000FF,Quadrant 2,1,2,2,,#0000FF,0,158.51023551744376
image_14.png,2,True,679.3002310943222,39.28507783612193,20,#0000FF,Quadrant 2,1,2,15,100,#0000FF,0,313.535869685719
image_14.png,5,False,193.60069510540873,246.59205339731525,20,#FF0000,Quadrant 3,2,1,15,,#FF0000,0,281.34910485828897
image_14.png,5,False,66.33725587924036,135.19779263574645,20,#FF0000,Quadrant 1,1,1,15,,#FF0000,0,143.09399659887845
image_14.png,5,False,378.66577324141906,371.66476601137157,20,#FF0000,Quadrant 4,2,2,15,,#FF0000,0,242.76869825544344
image_14.png,5,False,622.4452525245238,195.44414947748766,20,#FF0000,Quadrant 2,1,2,15,,#FF0000,0,225.6477044428756
image_14.png,5,False,436.42956904427626,99.74315189256414,20,#FF0000,Quadrant 2,1,2,15,,#FF0000,0,194.76576457115763
image_14.png,5,False,209.00413378496808,96.98981410471859,20,#FF0000,Quadrant 1,1,1,15,,#FF0000,0,246.38384678613002
image_14.png,5,False,685.074694743956,298.4197439518323,20,#FF0000,Quadrant 4,2,2,15,,#FF0000,0,32.53655907682871
image_14.png,5,False,80.24948858242121,73.88588938364711,20,#FF0000,Quadrant 1,1,1,15,,#FF0000,0,253.40069855845366
image_14.png,5,False,30.94465483492442,133.61362404333224,20,#FF0000,Quadrant 1,1,1,15,,#FF0000,0,107.80778888786331
image_14.png,5,False,257.98124284495043,173.79960580934122,20,#FF0000,Quadrant 1,1,1,15,,#FF0000,0,20.202922117802487
image_14.png,5,False,294.90365504417144,268.72054037133125,20,#FF0000,Quadrant 3,2,1,15,,#FF0000,0,87.91107558622862
image_14.png,5,False,131.62278563834124,241.3878954438669,20,#FF0000,Quadrant 3,2,1,15,,#FF0000,0,64.820479014472
image_14.png,5,False,481.67972559430984,199.1182213950855,20,#FF0000,Quadrant 2,1,2,15,,#FF0000,0,137.7159475020746
image_14.png,5,False,170.97783811935992,252.1279505193489,20,#FF0000,Quadrant 3,2,1,15,,#FF0000,0,209.93656703473908
image_14.png,5,False,470.45325419660526,350.78742498272135,20,#FF0000,Quadrant 4,2,2,15,,#FF0000,0,165.44537970362316
image_15.png,2,True,315.35182090302817,141.6238060394849,20,#00FF00,Quadrant 1,1,1,30,100,#00FF00,0,56.8712239458433
image_15.png,5,False,451.22876592604837,171.38877873821932,20,#0000FF,Quadrant 2,1,2,30,,#0000FF,0,211.52581384551172
image_15.png,5,False,593.4144044232505,86.30402566316131,20,#0000FF,Quadrant 2,1,2,30,,#0000FF,0,90.03536078677244
image_15.png,5,False,343.9303540697999,100.66375532862321,20,#0000FF,Quadrant 1,1,1,30,,#0000FF,0,138.48956962824437
image_15.png,5,False,407.04541989308643,386.2375924909673,20,#0000FF,Quadrant 4,2,2,30,,#0000FF,0,205.892169246266
image_15.png,5,False,684.8037498734584,259.8108704210413,20,#0000FF,Quadrant 4,2,2,30,,#0000FF,0,106.28307139797697
image_15.png,5,False,400.9250926824766,270.2322082534566,20,#0000FF,Quadrant 4,2,2,30,,#0000FF,0,98.81293686416198
image_15.png,5,False,44.79148878466396,240.2216543829074,20,#0000FF,Quadrant 3,2,1,30,,#0000FF,0,268.0807828195171
image_15.png,5,False,633.9629954257767,119.18138925157551,20,#0000FF,Quadrant 2,1,2,30,,#0000FF,0,178.82182314859332
image_15.png,5,False,429.26778373517925,144.17732130574964,20,#0000FF,Quadrant 2,1,2,30,,#0000FF,0,287.5896430227355
image_15.png,5,False,438.7940113967795,267.19496535962986,20,#0000FF,Quadrant 4,2,2,30,,#0000FF,0,229.1824360821211
image_15.png,5,False,465.1760812782433,327.8914302118313,20,#0000FF,Quadrant 4,2,2,30,,#0000FF,0,259.53421560145523
image_15.png,5,False,633.4451521062749,255.31675016061763,20,#0000FF,Quadrant 4,2,2,30,,#0000FF,0,226.1693173272834
image_15.png,5,False,314.72717802217716,230.07889842925624,20,#0000FF,Quadrant 3,2,1,30,,#0000FF,0,111.21583822294899
image_15.png,5,False,73.10189588914486,122.5517507158207,20,#0000FF,Quadrant 1,1,1,30,,#0000FF,0,263.6495164581258
image_15.png,5,False,132.0160085361273,60.95640354828418,20,#0000FF,Quadrant 1,1,1,30,,#0000FF,0,269.0931113778137
image_15.png,5,False,680.3563214546132,211.66219725965274,20,#0000FF,Quadrant 4,2,2,30,,#0000FF,0,194.1867932343916
image_15.png,5,False,342.9931547830077,315.85265065404377,20,#0000FF,Quadrant 3,2,1,30,,#0000FF,0,296.8883325152666
image_15.png,5,False,244.37480986949964,54.53414941600906,20,#0000FF,Quadrant 1,1,1,30,,#0000FF,0,268.7613662581362
image_15.png,5,False,107.98158333905316,376.33707917692027,20,#0000FF,Quadrant 3,2,1,30,,#0000FF,0,346.6415854327959
image_15.png,5,False,509.98531462003206,381.4181677715595,20,#0000FF,Quadrant 4,2,2,30,,#0000FF,0,309.6506148835759
image_15.png,5,False,565.3608867301672,149.26296867530408,20,#0000FF,Quadrant 2,1,2,30,,#0000FF,0,348.21710902801163
image_15.png,5,False,20.589953364520913,213.82433252570434,20,#0000FF,Quadrant 3,2,1,30,,#0000FF,0,284.6455086920175
image_15.png,5,False,474.5787551110162,265.144821398683,20,#0000FF,Quadrant 4,2,2,30,,#0000FF,0,163.7229699841949
image_15.png,5,False,577.6455205452475,366.4303350926715,20,#0000FF,Quadrant 4,2,2,30,,#0000FF,0,210.44163299477978
image_15.png,5,False,172.1032906237808,20.459317566370316,20,#0000FF,Quadrant 1,1,1,30,,#0000FF,0,39.004596791723046
image_15.png,5,False,397.8096863701665,356.96673350491426,20,#0000FF,Quadrant 4,2,2,30,,#0000FF,0,318.3245442773468
image_15.png,5,False,54.55654135937466,322.4173228255892,20,#0000FF,Quadrant 3,2,1,30,,#0000FF,0,79.6921920266364
image_15.png,5,False,219.2090302506534,165.335833490666,20,#0000FF,Quadrant 1,1,1,30,,#0000FF,0,327.37954983404114
image_15.png,5,False,662.9741961556609,126.04981288656997,20,#0000FF,Quadrant 2,1,2,30,,#0000FF,0,50.319724502599584
image_15.png,5,False,77.96528705043508,346.3840186237739,20,#0000FF,Quadrant 3,2,1,30,,#0000FF,0,177.34486283215412
image_16.png,2,True,665.1233494358029,274.2709488390252,20,#FF0000,Quadrant 4,2,2,20,100,#FF0000,0,133.5641455752778
image_16.png,5,False,415.67749808299055,285.6544789106373,20,#00FF00,Quadrant 4,2,2,20,,#00FF00,0,194.4692983544292
image_16.png,5,False,462.24118737299665,326.13598548600953,20,#00FF00,Quadrant 4,2,2,20,,#00FF00,0,318.7489622038486
image_16.png,5,False,658.0075622767085,116.74177295242811,20,#00FF00,Quadrant 2,1,2,20,,#00FF00,0,221.63479705841627
image_16.png,5,False,160.69881275661993,179.09503499649355,20,#00FF00,Quadrant 1,1,1,20,,#00FF00,0,248.5010389491229
image_16.png,5,False,260.89068070393296,381.79067752649735,20,#00FF00,Quadrant 3,2,1,20,,#00FF00,0,85.00054976315846
image_16.png,5,False,632.2686903605871,254.7445340870225,20,#00FF00,Quadrant 4,2,2,20,,#00FF00,0,132.24058505898498
image_16.png,5,False,201.08231275363332,376.9821991039542,20,#00FF00,Quadrant 3,2,1,20,,#00FF00,0,21.798032099979153
image_16.png,5,False,578.8676554508527,45.65255420302289,20,#00FF00,Quadrant 2,1,2,20,,#00FF00,0,341.64388377436956
image_16.png,5,False,451.6106208669659,378.0732719605648,20,#00FF00,Quadrant 4,2,2,20,,#00FF00,0,76.35809355239275
image_16.png,5,False,152.38664127344185,324.6711424680761,20,#00FF00,Quadrant 3,2,1,20,,#00FF00,0,283.3121159914737
image_16.png,5,False,415.01794458769615,318.3340268637603,20,#00FF00,Quadrant 4,2,2,20,,#00FF00,0,199.51480384600646
image_16.png,5,False,544.539950107521,309.1073391169364,20,#00FF00,Quadrant 4,2,2,20,,#00FF00,0,83.87952445657132
image_16.png,5,False,383.2084497787113,312.8382253047817,20,#00FF00,Quadrant 4,2,2,20,,#00FF00,0,355.509829571822
image_16.png,5,False,607.9825951811858,60.82162077439725,20,#00FF00,Quadrant 2,1,2,20,,#00FF00,0,39.5734852401968
image_16.png,5,False,554.229327238611,233.58640453506717,20,#00FF00,Quadrant 4,2,2,20,,#00FF00,0,128.96722051795183
image_16.png,5,False,193.83821323590664,58.91472952343095,20,#00FF00,Quadrant 1,1,1,20,,#00FF00,0,5.6811900640176916
image_16.png,5,False,89.30437237593061,35.0249384196175,20,#00FF00,Quadrant 1,1,1,20,,#00FF00,0,151.5458004876285
image_16.png,5,False,260.4448529602658,235.40575475411424,20,#00FF00,Quadrant 3,2,1,20,,#00FF00,0,161.3790771371583
image_16.png,5,False,163.64778217219836,243.510384115517,20,#00FF00,Quadrant 3,2,1,20,,#00FF00,0,162.7219511671508
image_16.png,5,False,454.26173141758176,22.77494173491,20,#00FF00,Quadrant 2,1,2,20,,#00FF00,0,108.58691845011194
image_17.png,2,True,348.7952405053712,354.86691340555666,20,#00FF00,Quadrant 3,2,1,15,100,#00FF00,0,246.99509858240376
image_17.png,5,False,66.66463893603563,240.9364261334403,20,#0000FF,Quadrant 3,2,1,15,,#0000FF,0,26.45665767592218
image_17.png,5,False,200.48602369542976,250.30300178578383,20,#0000FF,Quadrant 3,2,1,15,,#0000FF,0,23.64560399524101
image_17.png,5,False,235.05277044656222,386.9692917154291,20,#0000FF,Quadrant 3,2,1,15,,#0000FF,0,197.4083162574098
image_17.png,5,False,323.6099227094999,239.85132720034827,20,#0000FF,Quadrant 3,2,1,15,,#0000FF,0,191.00046147527684
image_17.png,5,False,494.5260193782396,333.35565469772735,20,#0000FF,Quadrant 4,2,2,15,,#0000FF,0,35.70424620445512
image_17.png,5,False,540.8153210421649,283.4774884965725,20,#0000FF,Quadrant 4,2,2,15,,#0000FF,0,234.32999935726994
image_17.png,5,False,322.12133710007896,97.3705711098129,20,#0000FF,Quadrant 1,1,1,15,,#0000FF,0,77.40830387789889
image_17.png,5,False,323.4607441032312,168.24408779884521,20,#0000FF,Quadrant 1,1,1,15,,#0000FF,0,122.01538278066307
image_17.png,5,False,305.0404003138001,262.4107722367968,20,#0000FF,Quadrant 3,2,1,15,,#0000FF,0,34.23090213922711
image_17.png,5,False,116.16821916565067,359.8883435075973,20,#0000FF,Quadrant 3,2,1,15,,#0000FF,0,134.74836843679327
image_17.png,5,False,584.0908311591747,46.24097844399006,20,#0000FF,Quadrant 2,1,2,15,,#0000FF,0,24.16799092919319
image_17.png,5,False,520.0304429587252,317.8487898348543,20,#0000FF,Quadrant 4,2,2,15,,#0000FF,0,34.76319572368282
image_17.png,5,False,415.0744420074996,223.27966448900338,20,#0000FF,Quadrant 4,2,2,15,,#0000FF,0,200.29346482152604
image_17.png,5,False,95.21735560929136,144.66007410156416,20,#0000FF,Quadrant 1,1,1,15,,#0000FF,0,118.67255330983382
image_17.png,5,False,678.2266528396059,237.9550144829279,20,#0000FF,Quadrant 4,2,2,15,,#0000FF,0,259.5818443486138
image_18.png,2,True,117.60909116634213,193.26759176525889,20,#00FF00,Quadrant 1,1,1,50,100,#00FF00,0,182.66851690848148
image_18.png,5,False,252.2285420184007,221.26834996743554,20,#FF0000,Quadrant 3,2,1,50,,#FF0000,0,305.0189453285829
image_18.png,5,False,202.93349840905444,96.48813765592632,20,#FF0000,Quadrant 1,1,1,50,,#FF0000,0,41.35871287091094
image_18.png,5,False,397.50536850439465,301.089497039954,20,#FF0000,Quadrant 4,2,2,50,,#FF0000,0,154.48046791744125
image_18.png,5,False,476.0589540810862,221.44762745442944,20,#FF0000,Quadrant 4,2,2,50,,#FF0000,0,223.82056996886712
image_18.png,5,False,464.2457160912341,273.13210900943903,20,#FF0000,Quadrant 4,2,2,50,,#FF0000,0,219.23816959910351
image_18.png,5,False,199.2832978230674,299.1907977968172,20,#FF0000,Quadrant 3,2,1,50,,#FF0000,0,10.423145182056594
image_18.png,5,False,252.85513688778045,79.57130100435096,20,#FF0000,Quadrant 1,1,1,50,,#FF0000,0,331.7535075719422
image_18.png,5,False,463.9104534025521,37.303289231871176,20,#FF0000,Quadrant 2,1,2,50,,#FF0000,0,51.57053652313048
image_18.png,5,False,680.5773096242751,45.68440419458033,20,#FF0000,Quadrant 2,1,2,50,,#FF0000,0,266.7488612826312
image_18.png,5,False,270.19794552970365,182.47810887440056,20,#FF0000,Quadrant 1,1,1,50,,#FF0000,0,190.9737679172146
image_18.png,5,False,225.7181477262051,133.61673320564523,20,#FF0000,Quadrant 1,1,1,50,,#FF0000,0,56.66733930423192
image_18.png,5,False,421.79817904930854,344.90334574793377,20,#FF0000,Quadrant 4,2,2,50,,#FF0000,0,338.9066726292199
image_18.png,5,False,530.806320717115,29.810222139657807,20,#FF0000,Quadrant 2,1,2,50,,#FF0000,0,56.008765225615804
image_18.png,5,False,316.30483931359464,171.2775842367122,20,#FF0000,Quadrant 1,1,1,50,,#FF0000,0,29.36934991148874
image_18.png,5,False,296.3725954011973,92.4850688976683,20,#FF0000,Quadrant 1,1,1,50,,#FF0000,0,218.54736267876555
image_18.png,5,False,248.8240974263138,52.916333891951744,20,#FF0000,Quadrant 1,1,1,50,,#FF0000,0,184.44467008839771
image_18.png,5,False,419.6694985202697,210.18109250199873,20,#FF0000,Quadrant 4,2,2,50,,#FF0000,0,244.15844145607238
image_18.png,5,False,162.93720206123945,383.12045884538315,20,#FF0000,Quadrant 3,2,1,50,,#FF0000,0,111.03098106645231
image_18.png,5,False,537.5068571794997,120.4110156001914,20,#FF0000,Quadrant 2,1,2,50,,#FF0000,0,276.24582983109747
image_18.png,5,False,353.6984914145822,173.78759429166192,20,#FF0000,Quadrant 1,1,1,50,,#FF0000,0,43.19436373399768
image_18.png,5,False,377.94923768065496,97.98185067697736,20,#FF0000,Quadrant 2,1,2,50,,#FF0000,0,46.506852633317386
image_18.png,5,False,471.28519033247176,144.8751907739381,20,#FF0000,Quadrant 2,1,2,50,,#FF0000,0,201.1404843628966
image_18.png,5,False,522.2664745609927,175.891007103654,20,#FF0000,Quadrant 2,1,2,50,,#FF0000,0,142.94562272902704
image_18.png,5,False,64.647339582397,129.33691839603307,20,#FF0000,Quadrant 1,1,1,50,,#FF0000,0,165.511530128259
image_18.png,5,False,289.64736742410645,252.97355089998482,20,#FF0000,Quadrant 3,2,1,50,,#FF0000,0,154.54234306830082
image_18.png,5,False,290.06725956775364,376.2234832105217,20,#FF0000,Quadrant 3,2,1,50,,#FF0000,0,104.22547401087294
image_18.png,5,False,663.906259126129,184.9166289158597,20,#FF0000,Quadrant 2,1,2,50,,#FF0000,0,61.87434500810484
image_18.png,5,False,610.7913227586387,292.91422440361987,20,#FF0000,Quadrant 4,2,2,50,,#FF0000,0,28.31295149382955
image_18.png,5,False,252.90771738562137,373.2084259209228,20,#FF0000,Quadrant 3,2,1,50,,#FF0000,0,279.4421625567607
image_18.png,5,False,112.75829700223532,49.86011149999435,20,#FF0000,Quadrant 1,1,1,50,,#FF0000,0,232.35947142104297
image_18.png,5,False,62.91840549598394,370.58842913908194,20,#FF0000,Quadrant 3,2,1,50,,#FF0000,0,273.2948568164054
image_18.png,5,False,330.66366420547047,224.09201268280717,20,#FF0000,Quadrant 3,2,1,50,,#FF0000,0,226.06155796261226
image_18.png,5,False,480.30096655892044,344.4142031921289,20,#FF0000,Quadrant 4,2,2,50,,#FF0000,0,208.60851229433632
image_18.png,5,False,690.720511990007,133.17271534119033,20,#FF0000,Quadrant 2,1,2,50,,#FF0000,0,231.4770590417638
image_18.png,5,False,228.81969830400976,177.2303445772246,20,#FF0000,Quadrant 1,1,1,50,,#FF0000,0,349.5503031149377
image_18.png,5,False,446.0243476975208,312.01261871923987,20,#FF0000,Quadrant 4,2,2,50,,#FF0000,0,168.8115900694944
image_18.png,5,False,36.91139219848244,150.38281260714922,20,#FF0000,Quadrant 1,1,1,50,,#FF0000,0,166.22729512072348
image_18.png,5,False,455.17519753775196,380.44530529753035,20,#FF0000,Quadrant 4,2,2,50,,#FF0000,0,103.34773173647493
image_18.png,5,False,420.32099503554196,156.33437614817174,20,#FF0000,Quadrant 2,1,2,50,,#FF0000,0,32.50674144478901
image_18.png,5,False,668.4654874620024,290.3121551919089,20,#FF0000,Quadrant 4,2,2,50,,#FF0000,0,208.9185866680286
image_18.png,5,False,637.3354200792548,227.08622747953652,20,#FF0000,Quadrant 4,2,2,50,,#FF0000,0,14.768176987052918
image_18.png,5,False,321.4104221113979,317.54545467995064,20,#FF0000,Quadrant 3,2,1,50,,#FF0000,0,344.7800491919706
image_18.png,5,False,37.96892495226426,278.4810042341994,20,#FF0000,Quadrant 3,2,1,50,,#FF0000,0,232.60575281173888
image_18.png,5,False,372.08323313425024,241.50644358997093,20,#FF0000,Quadrant 4,2,2,50,,#FF0000,0,356.7549681528795
image_18.png,5,False,643.4584477015858,157.44345949973783,20,#FF0000,Quadrant 2,1,2,50,,#FF0000,0,131.0032654868566
image_18.png,5,False,675.4785097425439,238.82090756371403,20,#FF0000,Quadrant 4,2,2,50,,#FF0000,0,306.5638535943856
image_18.png,5,False,67.15486935159204,261.84537607029023,20,#FF0000,Quadrant 3,2,1,50,,#FF0000,0,54.13439780481406
image_18.png,5,False,224.74966717319853,258.98868341762886,20,#FF0000,Quadrant 3,2,1,50,,#FF0000,0,330.02872382056324
image_18.png,5,False,99.84769254910496,278.9392574322584,20,#FF0000,Quadrant 3,2,1,50,,#FF0000,0,238.36865649450476
image_18.png,5,False,396.09730629274276,254.24045355057876,20,#FF0000,Quadrant 4,2,2,50,,#FF0000,0,30.49884432144072
image_19.png,2,True,472.944211615078,203.2086478678213,20,#00FF00,Quadrant 4,2,2,30,100,#00FF00,0,33.643067423767825
image_19.png,5,False,223.80872227401395,370.5420005393388,20,#FF0000,Quadrant 3,2,1,30,,#FF0000,0,6.562993604951779
image_19.png,5,False,538.8816270831277,83.577978325138,20,#FF0000,Quadrant 2,1,2,30,,#FF0000,0,123.02364424735734
image_19.png,5,False,117.75722415869491,122.80941442544703,20,#FF0000,Quadrant 1,1,1,30,,#FF0000,0,359.99158359709025
image_19.png,5,False,360.79821206728127,215.03334668036766,20,#FF0000,Quadrant 4,2,2,30,,#FF0000,0,283.72326252170404
image_19.png,5,False,373.78029275691523,261.20925172639585,20,#FF0000,Quadrant 4,2,2,30,,#FF0000,0,265.91184108052835
image_19.png,5,False,436.823679725027,236.75915472507558,20,#FF0000,Quadrant 4,2,2,30,,#FF0000,0,315.5013981153871
image_19.png,5,False,135.60287137923194,272.8956522455437,20,#FF0000,Quadrant 3,2,1,30,,#FF0000,0,55.53099407560375
image_19.png,5,False,632.9299720902479,283.6071731704514,20,#FF0000,Quadrant 4,2,2,30,,#FF0000,0,224.90657278340856
image_19.png,5,False,262.0022963360999,283.00338469286567,20,#FF0000,Quadrant 3,2,1,30,,#FF0000,0,15.72927406362516
image_19.png,5,False,431.70024584468706,295.4038604121417,20,#FF0000,Quadrant 4,2,2,30,,#FF0000,0,349.051897227105
image_19.png,5,False,172.22802864710746,101.40569195880636,20,#FF0000,Quadrant 1,1,1,30,,#FF0000,0,282.1681293965434
image_19.png,5,False,551.4310950797181,352.7022998159592,20,#FF0000,Quadrant 4,2,2,30,,#FF0000,0,347.6147893898531
image_19.png,5,False,478.3534024698487,226.61853069155097,20,#FF0000,Quadrant 4,2,2,30,,#FF0000,0,69.84582344012514
image_19.png,5,False,541.1431623111719,305.130886080472,20,#FF0000,Quadrant 4,2,2,30,,#FF0000,0,158.6150652632474
image_19.png,5,False,299.4573096167949,72.25798948693938,20,#FF0000,Quadrant 1,1,1,30,,#FF0000,0,181.0464089355284
image_19.png,5,False,427.6131153803809,340.99472578243325,20,#FF0000,Quadrant 4,2,2,30,,#FF0000,0,71.8911833200851
image_19.png,5,False,342.1269616131974,151.3181762964755,20,#FF0000,Quadrant 1,1,1,30,,#FF0000,0,18.784729173961647
image_19.png,5,False,501.1552732349915,206.0137484948394,20,#FF0000,Quadrant 4,2,2,30,,#FF0000,0,336.3456794390999
image_19.png,5,False,68.78996138116338,71.59806234475307,20,#FF0000,Quadrant 1,1,1,30,,#FF0000,0,44.88399790691349
image_19.png,5,False,364.70003643276704,325.1356596452342,20,#FF0000,Quadrant 4,2,2,30,,#FF0000,0,161.75491933457727
image_19.png,5,False,638.3379131181849,319.7138307133792,20,#FF0000,Quadrant 4,2,2,30,,#FF0000,0,33.01688507727362
image_19.png,5,False,652.0951577900034,167.83103039958405,20,#FF0000,Quadrant 2,1,2,30,,#FF0000,0,318.46671853848267
image_19.png,5,False,268.6594650108448,156.9707926208569,20,#FF0000,Quadrant 1,1,1,30,,#FF0000,0,142.7234275692892
image_19.png,5,False,165.70720468030288,131.4628829199984,20,#FF0000,Quadrant 1,1,1,30,,#FF0000,0,29.37795739597499
image_19.png,5,False,503.43124376850506,137.73975453631488,20,#FF0000,Quadrant 2,1,2,30,,#FF0000,0,35.66992478149728
image_19.png,5,False,37.39089867964313,357.77575286962,20,#FF0000,Quadrant 3,2,1,30,,#FF0000,0,52.57775045585522
image_19.png,5,False,583.6351248072696,297.8419565013995,20,#FF0000,Quadrant 4,2,2,30,,#FF0000,0,170.08377589721914
image_19.png,5,False,159.5861189386962,67.51841596847774,20,#FF0000,Quadrant 1,1,1,30,,#FF0000,0,6.841398567949337
image_19.png,5,False,430.51838829096084,170.9902988823401,20,#FF0000,Quadrant 2,1,2,30,,#FF0000,0,338.4813417628744
image_19.png,5,False,587.4778394970759,199.93544600581643,20,#FF0000,Quadrant 2,1,2,30,,#FF0000,0,22.610574363982977
image_20.png,2,True,506.077041848931,121.10081137904747,20,#0000FF,Quadrant 2,1,2,30,100,#0000FF,0,207.01708471102808
image_20.png,5,False,254.0902513023373,226.7108846564781,20,#FF0000,Quadrant 3,2,1,30,,#FF0000,0,0.5631609360236389
image_20.png,5,False,471.4000681116284,208.8771628023639,20,#FF0000,Quadrant 4,2,2,30,,#FF0000,0,67.4330082474177
image_20.png,5,False,667.8951341320198,216.66298085279664,20,#FF0000,Quadrant 4,2,2,30,,#FF0000,0,129.81735277447518
image_20.png,5,False,360.751963703414,18.68636777692667,20,#FF0000,Quadrant 2,1,2,30,,#FF0000,0,283.1084409043143
image_20.png,5,False,40.9952189399091,157.24113953734116,20,#FF0000,Quadrant 1,1,1,30,,#FF0000,0,314.3993178699063
image_20.png,5,False,525.9011315866626,145.98148532256903,20,#FF0000,Quadrant 2,1,2,30,,#FF0000,0,134.38885935629972
image_20.png,5,False,177.13576190170915,259.38546320409426,20,#FF0000,Quadrant 3,2,1,30,,#FF0000,0,24.321440787083613
image_20.png,5,False,411.9313885535585,297.0246341950598,20,#FF0000,Quadrant 4,2,2,30,,#FF0000,0,37.31899229988821
image_20.png,5,False,253.73404277267656,138.9708635919269,20,#FF0000,Quadrant 1,1,1,30,,#FF0000,0,48.027452349371046
image_20.png,5,False,583.1343395101222,269.81001010259575,20,#FF0000,Quadrant 4,2,2,30,,#FF0000,0,231.40642183297933
image_20.png,5,False,340.70797724474966,79.9010834004441,20,#FF0000,Quadrant 1,1,1,30,,#FF0000,0,353.09490688398574
image_20.png,5,False,504.3550446837781,367.68274696918485,20,#FF0000,Quadrant 4,2,2,30,,#FF0000,0,48.546929230661625
image_20.png,5,False,149.8961940644869,310.0392826005786,20,#FF0000,Quadrant 3,2,1,30,,#FF0000,0,13.314164471919256
image_20.png,5,False,228.44552001426072,128.2086837501451,20,#FF0000,Quadrant 1,1,1,30,,#FF0000,0,318.8845388225178
image_20.png,5,False,572.8147895719718,189.9451121818468,20,#FF0000,Quadrant 2,1,2,30,,#FF0000,0,143.36066004696613
image_20.png,5,False,456.71444367371697,119.14991851848539,20,#FF0000,Quadrant 2,1,2,30,,#FF0000,0,13.183477753287004
image_20.png,5,False,43.93697959583256,258.86645693680293,20,#FF0000,Quadrant 3,2,1,30,,#FF0000,0,310.3698709689301
image_20.png,5,False,313.9785406247171,372.5489553373435,20,#FF0000,Quadrant 3,2,1,30,,#FF0000,0,144.00783887200632
image_20.png,5,False,139.7170629194678,272.60188964056846,20,#FF0000,Quadrant 3,2,1,30,,#FF0000,0,122.05318622693783
image_20.png,5,False,560.3334165795226,111.82042301322502,20,#FF0000,Quadrant 2,1,2,30,,#FF0000,0,132.2448937054855
image_20.png,5,False,303.48026664838716,173.76950345730293,20,#FF0000,Quadrant 1,1,1,30,,#FF0000,0,29.740142388263887
image_20.png,5,False,135.33451881134403,122.04370638294458,20,#FF0000,Quadrant 1,1,1,30,,#FF0000,0,358.23533934386717
image_20.png,5,False,505.4697458937315,73.99172384091537,20,#FF0000,Quadrant 2,1,2,30,,#FF0000,0,160.52967471587496
image_20.png,5,False,319.07233551280723,285.73584157879685,20,#FF0000,Quadrant 3,2,1,30,,#FF0000,0,159.80701719639384
image_20.png,5,False,434.6326712349486,175.40751054720525,20,#FF0000,Quadrant 2,1,2,30,,#FF0000,0,328.178603104661
image_20.png,5,False,556.3282240637102,32.681348311644484,20,#FF0000,Quadrant 2,1,2,30,,#FF0000,0,230.20895177729292
image_20.png,5,False,290.87884950877253,204.9465153576007,20,#FF0000,Quadrant 3,2,1,30,,#FF0000,0,241.62620000172043
image_20.png,5,False,121.230854619085,22.771154016037535,20,#FF0000,Quadrant 1,1,1,30,,#FF0000,0,269.96327433428036
image_20.png,5,False,478.2032328048642,176.62932782734936,20,#FF0000,Quadrant 2,1,2,30,,#FF0000,0,305.52095158939244
image_20.png,5,False,665.1828400852647,23.241652464314118,20,#FF0000,Quadrant 2,1,2,30,,#FF0000,0,130.37420971563145
image_21.png,2,True,536.7652010692212,227.94243221021256,20,#FF0000,Quadrant 4,2,2,10,100,#FF0000,0,133.92481624944614
image_21.png,5,False,285.245457661238,256.5339584748799,20,#00FF00,Quadrant 3,2,1,10,,#00FF00,0,190.60555735306428
image_21.png,5,False,89.16609407107742,289.0850968832237,20,#00FF00,Quadrant 3,2,1,10,,#00FF00,0,89.86019511362326
image_21.png,5,False,277.63430484705253,223.3122846671466,20,#00FF00,Quadrant 3,2,1,10,,#00FF00,0,179.65582569232805
image_21.png,5,False,190.3396523153934,179.6912364893229,20,#00FF00,Quadrant 1,1,1,10,,#00FF00,0,94.23960357149849
image_21.png,5,False,207.76246873403085,357.4290278068312,20,#00FF00,Quadrant 3,2,1,10,,#00FF00,0,358.69144037571385
image_21.png,5,False,95.49718369183593,333.36833776527396,20,#00FF00,Quadrant 3,2,1,10,,#00FF00,0,176.83207029152067
image_21.png,5,False,630.1898522117127,179.252030856648,20,#00FF00,Quadrant 2,1,2,10,,#00FF00,0,162.73536668834305
image_21.png,5,False,480.849260312689,330.6070207724364,20,#00FF00,Quadrant 4,2,2,10,,#00FF00,0,31.60466679770318
image_21.png,5,False,250.37602807487096,35.546971603474894,20,#00FF00,Quadrant 1,1,1,10,,#00FF00,0,115.05159795598925
image_21.png,5,False,625.1275291418294,332.81485518468156,20,#00FF00,Quadrant 4,2,2,10,,#00FF00,0,195.18169004120244
image_22.png,2,True,94.61873154905679,86.97058030516521,20,#0000FF,Quadrant 1,1,1,10,100,#0000FF,0,183.1520682627483
image_22.png,5,False,555.5670388965392,20.935362133524432,20,#FF0000,Quadrant 2,1,2,10,,#FF0000,0,49.995673933811666
image_22.png,5,False,265.1797930303411,314.78413253708567,20,#FF0000,Quadrant 3,2,1,10,,#FF0000,0,199.44771741345423
image_22.png,5,False,432.6324218455389,43.58945206443057,20,#FF0000,Quadrant 2,1,2,10,,#FF0000,0,198.5928962135139
image_22.png,5,False,699.7209852707925,282.732731438692,20,#FF0000,Quadrant 4,2,2,10,,#FF0000,0,111.34465831024637
image_22.png,5,False,540.9543752081669,322.22229301417167,20,#FF0000,Quadrant 4,2,2,10,,#FF0000,0,189.25043573890804
image_22.png,5,False,680.9696350129847,253.80398678805216,20,#FF0000,Quadrant 4,2,2,10,,#FF0000,0,26.550256648046048
image_22.png,5,False,479.5950945575613,141.2265871056205,20,#FF0000,Quadrant 2,1,2,10,,#FF0000,0,161.9908184386786
image_22.png,5,False,548.6011579695945,252.84210530059863,20,#FF0000,Quadrant 4,2,2,10,,#FF0000,0,316.0656545941482
image_22.png,5,False,676.7563190005995,174.5297122901865,20,#FF0000,Quadrant 2,1,2,10,,#FF0000,0,65.50672915876945
image_22.png,5,False,49.1794536622484,57.932903601546606,20,#FF0000,Quadrant 1,1,1,10,,#FF0000,0,327.8564175408794
image_23.png,2,True,655.0343694443243,96.22776762244642,20,#FF0000,Quadrant 2,1,2,2,100,#FF0000,0,58.30810544012388
image_23.png,5,False,368.5205796554979,118.37026127996252,20,#00FF00,Quadrant 2,1,2,2,,#00FF00,0,341.09392925147307
image_23.png,5,False,146.25202252383772,372.50091502232885,20,#00FF00,Quadrant 3,2,1,2,,#00FF00,0,28.389565722777753
image_24.png,2,True,75.37217234278387,253.293247519019,20,#00FF00,Quadrant 3,2,1,5,100,#00FF00,0,221.19418019095127
image_24.png,5,False,411.0654392856348,75.7138355150895,20,#FF0000,Quadrant 2,1,2,5,,#FF0000,0,213.05104031397786
image_24.png,5,False,632.4786157529109,138.62020373699323,20,#FF0000,Quadrant 2,1,2,5,,#FF0000,0,224.81250747611966
image_24.png,5,False,39.38287512650925,337.5092904323725,20,#FF0000,Quadrant 3,2,1,5,,#FF0000,0,332.6147011138684
image_24.png,5,False,664.5487823855998,302.44645540430787,20,#FF0000,Quadrant 4,2,2,5,,#FF0000,0,29.24022776161316
image_24.png,5,False,156.24697361465357,227.26786252461224,20,#FF0000,Quadrant 3,2,1,5,,#FF0000,0,95.27612681989962
image_25.png,2,True,386.9028861640674,253.64095535586597,20,#0000FF,Quadrant 4,2,2,20,100,#0000FF,0,320.0388773216236
image_25.png,5,False,179.72088043712176,316.1780408540855,20,#FF0000,Quadrant 3,2,1,20,,#FF0000,0,108.75388066366415
image_25.png,5,False,323.491907606113,271.29593009238783,20,#FF0000,Quadrant 3,2,1,20,,#FF0000,0,146.19330962804102
image_25.png,5,False,297.3633831415253,186.55913563907666,20,#FF0000,Quadrant 1,1,1,20,,#FF0000,0,56.90896092547459
image_25.png,5,False,109.98772821105523,336.641359042683,20,#FF0000,Quadrant 3,2,1,20,,#FF0000,0,122.46932460663984
image_25.png,5,False,691.7481015628249,141.55007194497747,20,#FF0000,Quadrant 2,1,2,20,,#FF0000,0,114.9539013528221
image_25.png,5,False,535.0981814138754,205.66249068307997,20,#FF0000,Quadrant 4,2,2,20,,#FF0000,0,143.537978582649
image_25.png,5,False,177.55738618522582,57.31328163373688,20,#FF0000,Quadrant 1,1,1,20,,#FF0000,0,38.22621609927502
image_25.png,5,False,108.06469052063844,30.128800300509724,20,#FF0000,Quadrant 1,1,1,20,,#FF0000,0,161.85456431843932
image_25.png,5,False,606.4088928997148,169.05493298058335,20,#FF0000,Quadrant 2,1,2,20,,#FF0000,0,340.3385613731588
image_25.png,5,False,632.6921598541219,318.49462595411194,20,#FF0000,Quadrant 4,2,2,20,,#FF0000,0,346.5669068061612
image_25.png,5,False,507.857487458442,82.75729026242999,20,#FF0000,Quadrant 2,1,2,20,,#FF0000,0,336.15055268978574
image_25.png,5,False,697.2229242447422,187.45611450471853,20,#FF0000,Quadrant 2,1,2,20,,#FF0000,0,57.36326828133756
image_25.png,5,False,353.6881181297337,45.038557926550475,20,#FF0000,Quadrant 1,1,1,20,,#FF0000,0,316.46723889615066
image_25.png,5,False,326.03191246872456,101.9954261729463,20,#FF0000,Quadrant 1,1,1,20,,#FF0000,0,141.567186280787
image_25.png,5,False,44.52545358853293,117.35269590519371,20,#FF0000,Quadrant 1,1,1,20,,#FF0000,0,210.00388031484357
image_25.png,5,False,591.7234067230311,265.2127882233398,20,#FF0000,Quadrant 4,2,2,20,,#FF0000,0,215.10675756366706
image_25.png,5,False,16.634232697648997,51.633897892316405,20,#FF0000,Quadrant 1,1,1,20,,#FF0000,0,102.86941731876632
image_25.png,5,False,193.22182795593923,149.2639478351016,20,#FF0000,Quadrant 1,1,1,20,,#FF0000,0,48.216579837233276
image_25.png,5,False,42.17200981826135,30.337605830777136,20,#FF0000,Quadrant 1,1,1,20,,#FF0000,0,145.17146596116905
image_25.png,5,False,260.77888162561203,120.09144148077816,20,#FF0000,Quadrant 1,1,1,20,,#FF0000,0,202.25407145973972
image_26.png,2,True,692.4834927276778,268.19068596492934,20,#00FF00,Quadrant 4,2,2,30,100,#00FF00,0,100.69944394463352
image_26.png,5,False,682.8320598200972,159.8956034114135,20,#0000FF,Quadrant 2,1,2,30,,#0000FF,0,42.77196710049223
image_26.png,5,False,244.6297716673175,365.9225583091319,20,#0000FF,Quadrant 3,2,1,30,,#0000FF,0,286.1630022171405
image_26.png,5,False,148.15088038963802,203.44831113311884,20,#0000FF,Quadrant 3,2,1,30,,#0000FF,0,271.78746202540583
image_26.png,5,False,42.21400984981449,62.79974920852271,20,#0000FF,Quadrant 1,1,1,30,,#0000FF,0,180.0280452854318
image_26.png,5,False,337.40971962228593,183.74167540892637,20,#0000FF,Quadrant 1,1,1,30,,#0000FF,0,119.89465392699618
image_26.png,5,False,366.18344944945795,134.97109040660692,20,#0000FF,Quadrant 2,1,2,30,,#0000FF,0,218.2537880653695
image_26.png,5,False,122.96390960921124,385.452748798111,20,#0000FF,Quadrant 3,2,1,30,,#0000FF,0,220.70452358328407
image_26.png,5,False,217.1724620020113,138.1491649133344,20,#0000FF,Quadrant 1,1,1,30,,#0000FF,0,266.1549698064975
image_26.png,5,False,377.7821427844788,278.90364683259554,20,#0000FF,Quadrant 4,2,2,30,,#0000FF,0,298.18417894465534
image_26.png,5,False,573.0509461049949,150.2392521292609,20,#0000FF,Quadrant 2,1,2,30,,#0000FF,0,107.92460330546893
image_26.png,5,False,686.1497434824425,231.63940961884123,20,#0000FF,Quadrant 4,2,2,30,,#0000FF,0,242.57030129028595
image_26.png,5,False,510.7483824482283,271.08050015464767,20,#0000FF,Quadrant 4,2,2,30,,#0000FF,0,286.83173301485294
image_26.png,5,False,337.9926575046067,376.55272315303523,20,#0000FF,Quadrant 3,2,1,30,,#0000FF,0,9.592975786979947
image_26.png,5,False,545.7756353435577,229.34580163666112,20,#0000FF,Quadrant 4,2,2,30,,#0000FF,0,281.8454369153117
image_26.png,5,False,413.04753788582394,75.45355934023723,20,#0000FF,Quadrant 2,1,2,30,,#0000FF,0,259.7040404266704
image_26.png,5,False,437.9979699902506,328.9611732342239,20,#0000FF,Quadrant 4,2,2,30,,#0000FF,0,226.4490868123309
image_26.png,5,False,480.0208306899177,22.933654043313563,20,#0000FF,Quadrant 2,1,2,30,,#0000FF,0,53.199254988119456
image_26.png,5,False,86.71801419891713,18.15832491749955,20,#0000FF,Quadrant 1,1,1,30,,#0000FF,0,341.35386148234846
image_26.png,5,False,115.336136844229,272.0090986272026,20,#0000FF,Quadrant 3,2,1,30,,#0000FF,0,112.92929404050787
image_26.png,5,False,544.9559159450857,358.95691906114564,20,#0000FF,Quadrant 4,2,2,30,,#0000FF,0,147.73586735617383
image_26.png,5,False,517.9918799041214,34.542326113455275,20,#0000FF,Quadrant 2,1,2,30,,#0000FF,0,314.21437520843534
image_26.png,5,False,153.8584347251876,133.8687240130487,20,#0000FF,Quadrant 1,1,1,30,,#0000FF,0,49.70969488267568
image_26.png,5,False,639.4535468766431,140.39961268373784,20,#0000FF,Quadrant 2,1,2,30,,#0000FF,0,62.34567258863799
image_26.png,5,False,542.9009612784823,283.50948418171663,20,#0000FF,Quadrant 4,2,2,30,,#0000FF,0,127.5433159121326
image_26.png,5,False,488.6928706105466,241.6089472697681,20,#0000FF,Quadrant 4,2,2,30,,#0000FF,0,231.59127599980616
image_26.png,5,False,180.8516843783513,221.95675400519877,20,#0000FF,Quadrant 3,2,1,30,,#0000FF,0,69.21510088921683
image_26.png,5,False,681.3354224099021,123.49830567467119,20,#0000FF,Quadrant 2,1,2,30,,#0000FF,0,80.95213367741401
image_26.png,5,False,153.81440065484713,277.48556218179436,20,#0000FF,Quadrant 3,2,1,30,,#0000FF,0,104.04148946526898
image_26.png,5,False,199.4122428244865,57.068411966966295,20,#0000FF,Quadrant 1,1,1,30,,#0000FF,0,286.34592816084006
image_26.png,5,False,272.60929372294953,381.5006831074749,20,#0000FF,Quadrant 3,2,1,30,,#0000FF,0,243.58400848171647
image_27.png,2,True,669.2111514809976,40.87312681172344,20,#00FF00,Quadrant 2,1,2,5,100,#00FF00,0,15.143935259781184
image_27.png,5,False,462.9647428295753,293.49395289340583,20,#FF0000,Quadrant 4,2,2,5,,#FF0000,0,332.643467480357
image_27.png,5,False,581.4587237170352,113.48816891523484,20,#FF0000,Quadrant 2,1,2,5,,#FF0000,0,77.03525090772271
image_27.png,5,False,198.14719056025942,52.28764783386824,20,#FF0000,Quadrant 1,1,1,5,,#FF0000,0,202.3264870838945
image_27.png,5,False,175.865343436998,30.1893325239214,20,#FF0000,Quadrant 1,1,1,5,,#FF0000,0,266.7207516078575
image_27.png,5,False,166.48776428806636,99.01221960665013,20,#FF0000,Quadrant 1,1,1,5,,#FF0000,0,325.86630874257486
image_28.png,2,True,80.2754393915927,302.34956996114954,20,#FF0000,Quadrant 3,2,1,10,100,#FF0000,0,258.24890025008773
image_28.png,5,False,390.1929178221559,362.19967910425163,20,#00FF00,Quadrant 4,2,2,10,,#00FF00,0,1.865320706566811
image_28.png,5,False,655.2371159327485,343.03505693237827,20,#00FF00,Quadrant 4,2,2,10,,#00FF00,0,146.48668255687804
image_28.png,5,False,148.42516654597756,375.3595067007737,20,#00FF00,Quadrant 3,2,1,10,,#00FF00,0,171.88146735872272
image_28.png,5,False,456.02366542639595,354.2001704020653,20,#00FF00,Quadrant 4,2,2,10,,#00FF00,0,115.6203727629
image_28.png,5,False,406.5778803378322,213.28756066578256,20,#00FF00,Quadrant 4,2,2,10,,#00FF00,0,32.205859384145874
image_28.png,5,False,618.86678651057,77.44813144969005,20,#00FF00,Quadrant 2,1,2,10,,#00FF00,0,63.02331917314672
image_28.png,5,False,698.0513723279834,161.06394907719726,20,#00FF00,Quadrant 2,1,2,10,,#00FF00,0,331.06853226633626
image_28.png,5,False,656.3234251518786,374.68566167150345,20,#00FF00,Quadrant 4,2,2,10,,#00FF00,0,178.3382030358328
image_28.png,5,False,615.0760426954492,14.502989685477718,20,#00FF00,Quadrant 2,1,2,10,,#00FF00,0,333.3742912427195
image_28.png,5,False,84.93017594296768,382.5716898042404,20,#00FF00,Quadrant 3,2,1,10,,#00FF00,0,204.46627271921835
image_29.png,2,True,623.7001150374724,61.72757959142759,20,#00FF00,Quadrant 2,1,2,30,100,#00FF00,0,188.75467254078737
image_29.png,5,False,198.98474915211682,316.7316459758615,20,#0000FF,Quadrant 3,2,1,30,,#0000FF,0,181.516562465485
image_29.png,5,False,514.7411520942454,256.0518580320934,20,#0000FF,Quadrant 4,2,2,30,,#0000FF,0,119.0462748594428
image_29.png,5,False,20.704010781122207,138.42840378664562,20,#0000FF,Quadrant 1,1,1,30,,#0000FF,0,258.6953424441193
image_29.png,5,False,475.6623853874789,84.01496675861684,20,#0000FF,Quadrant 2,1,2,30,,#0000FF,0,106.20873275698152
image_29.png,5,False,451.0820721243505,164.275361661629,20,#0000FF,Quadrant 2,1,2,30,,#0000FF,0,219.943619878685
image_29.png,5,False,236.94146787198127,162.5149672253334,20,#0000FF,Quadrant 1,1,1,30,,#0000FF,0,153.97317011282618
image_29.png,5,False,687.3810975915311,191.47764922917955,20,#0000FF,Quadrant 2,1,2,30,,#0000FF,0,34.33863808603011
image_29.png,5,False,194.95909127838902,135.59836465221292,20,#0000FF,Quadrant 1,1,1,30,,#0000FF,0,160.82478785032325
image_29.png,5,False,405.712492465073,109.86709100821847,20,#0000FF,Quadrant 2,1,2,30,,#0000FF,0,209.68587055979452
image_29.png,5,False,173.81247584375487,263.4231513938978,20,#0000FF,Quadrant 3,2,1,30,,#0000FF,0,129.4387526020161
image_29.png,5,False,121.044892581791,270.3358283188398,20,#0000FF,Quadrant 3,2,1,30,,#0000FF,0,167.54219673909458
image_29.png,5,False,622.6951742526203,301.9999159391944,20,#0000FF,Quadrant 4,2,2,30,,#0000FF,0,332.3181650209621
image_29.png,5,False,451.0721030623751,366.5602657759503,20,#0000FF,Quadrant 4,2,2,30,,#0000FF,0,248.5045358707731
image_29.png,5,False,163.16512633844914,372.88228293127565,20,#0000FF,Quadrant 3,2,1,30,,#0000FF,0,132.3158051167813
image_29.png,5,False,324.48030553899184,384.7807495964268,20,#0000FF,Quadrant 3,2,1,30,,#0000FF,0,172.14548390468062
image_29.png,5,False,494.6371608035458,356.0372237710134,20,#0000FF,Quadrant 4,2,2,30,,#0000FF,0,134.5049431152971
image_29.png,5,False,563.5745493364414,323.0781264346807,20,#0000FF,Quadrant 4,2,2,30,,#0000FF,0,272.6461883895573
image_29.png,5,False,479.7555828244652,236.21786797080225,20,#0000FF,Quadrant 4,2,2,30,,#0000FF,0,274.2694631895985
image_29.png,5,False,373.07408613569555,210.6494408996671,20,#0000FF,Quadrant 4,2,2,30,,#0000FF,0,283.4534483363726
image_29.png,5,False,633.0899424052282,87.41526244939288,20,#0000FF,Quadrant 2,1,2,30,,#0000FF,0,298.35865942503307
image_29.png,5,False,124.36610088551822,333.99571079529153,20,#0000FF,Quadrant 3,2,1,30,,#0000FF,0,193.1976569738005
image_29.png,5,False,479.72341894001977,281.9949912162857,20,#0000FF,Quadrant 4,2,2,30,,#0000FF,0,159.06259895746712
image_29.png,5,False,630.3347633305834,179.39245764676934,20,#0000FF,Quadrant 2,1,2,30,,#0000FF,0,175.9780680592283
image_29.png,5,False,101.9096501367372,168.0304889132814,20,#0000FF,Quadrant 1,1,1,30,,#0000FF,0,20.028890097406695
image_29.png,5,False,396.01127011015,265.30619522194564,20,#0000FF,Quadrant 4,2,2,30,,#0000FF,0,203.00802663553682
image_29.png,5,False,25.999845488433984,107.1848288075575,20,#0000FF,Quadrant 1,1,1,30,,#0000FF,0,110.94104305193443
image_29.png,5,False,161.13400167566883,38.60516079604286,20,#0000FF,Quadrant 1,1,1,30,,#0000FF,0,1.0855697727919411
image_29.png,5,False,627.116508838193,383.75987977510067,20,#0000FF,Quadrant 4,2,2,30,,#0000FF,0,21.692027274145204
image_29.png,5,False,208.80549704811955,79.03294154011783,20,#0000FF,Quadrant 1,1,1,30,,#0000FF,0,169.94563230443413
image_29.png,5,False,453.01072511875356,286.671430722944,20,#0000FF,Quadrant 4,2,2,30,,#0000FF,0,48.75439193619759
image_30.png,2,True,642.8922878337106,153.69362016017743,20,#00FF00,Quadrant 2,1,2,15,100,#00FF00,0,161.4733677585669
image_30.png,5,False,675.2954753262926,341.5813067991696,20,#0000FF,Quadrant 4,2,2,15,,#0000FF,0,28.889997346572017
image_30.png,5,False,603.7374543965865,55.843337233834184,20,#0000FF,Quadrant 2,1,2,15,,#0000FF,0,47.87633028084241
image_30.png,5,False,281.8173972992041,59.137199007946045,20,#0000FF,Quadrant 1,1,1,15,,#0000FF,0,357.4248393879313
image_30.png,5,False,586.192090439745,296.83581881667635,20,#0000FF,Quadrant 4,2,2,15,,#0000FF,0,352.3407757294809
image_30.png,5,False,330.0096879232034,282.8175225541021,20,#0000FF,Quadrant 3,2,1,15,,#0000FF,0,352.25664576449003
image_30.png,5,False,272.3214864752839,97.81301724582572,20,#0000FF,Quadrant 1,1,1,15,,#0000FF,0,152.68609070402456
image_30.png,5,False,117.87862613739566,82.24561056748863,20,#0000FF,Quadrant 1,1,1,15,,#0000FF,0,165.82510027749464
image_30.png,5,False,538.4225612636652,23.178145035972832,20,#0000FF,Quadrant 2,1,2,15,,#0000FF,0,315.07494286454187
image_30.png,5,False,434.6820897669407,364.89793768569825,20,#0000FF,Quadrant 4,2,2,15,,#0000FF,0,237.6711668888227
image_30.png,5,False,176.81907666467302,36.435961292229244,20,#0000FF,Quadrant 1,1,1,15,,#0000FF,0,320.0548831048048
image_30.png,5,False,382.89450833721816,296.1577979064735,20,#0000FF,Quadrant 4,2,2,15,,#0000FF,0,158.02661213548583
image_30.png,5,False,107.55341125416926,386.5367407898723,20,#0000FF,Quadrant 3,2,1,15,,#0000FF,0,279.38290372729193
image_30.png,5,False,642.3975558207597,228.7697068493485,20,#0000FF,Quadrant 4,2,2,15,,#0000FF,0,84.29814617099649
image_30.png,5,False,543.2788284001832,320.3485808760778,20,#0000FF,Quadrant 4,2,2,15,,#0000FF,0,207.89093326963751
image_30.png,5,False,614.7419839777532,383.59292195409756,20,#0000FF,Quadrant 4,2,2,15,,#0000FF,0,85.28545251961943
image_31.png,2,True,52.99981196655913,369.54065640010066,20,#0000FF,Quadrant 3,2,1,15,100,#0000FF,0,108.18034335267104
image_31.png,5,False,639.0770116125551,247.62540603106874,20,#FF0000,Quadrant 4,2,2,15,,#FF0000,0,316.69700074699784
image_31.png,5,False,352.48272258269145,378.52570895991323,20,#FF0000,Quadrant 3,2,1,15,,#FF0000,0,153.79220962603566
image_31.png,5,False,473.5549995498027,308.0341372806358,20,#FF0000,Quadrant 4,2,2,15,,#FF0000,0,338.97110753948823
image_31.png,5,False,297.84767242737536,67.40425575791187,20,#FF0000,Quadrant 1,1,1,15,,#FF0000,0,114.7444046338724
image_31.png,5,False,530.7926909970683,189.99011411581913,20,#FF0000,Quadrant 2,1,2,15,,#FF0000,0,135.52566786256753
image_31.png,5,False,218.20739254985682,278.4640294504535,20,#FF0000,Quadrant 3,2,1,15,,#FF0000,0,305.76273561361455
image_31.png,5,False,641.2566687591589,223.58188894385165,20,#FF0000,Quadrant 4,2,2,15,,#FF0000,0,290.0794175765593
image_31.png,5,False,394.97057639929915,61.6870599003315,20,#FF0000,Quadrant 2,1,2,15,,#FF0000,0,348.4030278767856
image_31.png,5,False,151.0990090783775,255.4548118851231,20,#FF0000,Quadrant 3,2,1,15,,#FF0000,0,87.42906579225087
image_31.png,5,False,594.6749028986126,45.951390687154465,20,#FF0000,Quadrant 2,1,2,15,,#FF0000,0,332.00139762404007
image_31.png,5,False,142.2418350987787,112.47848020918289,20,#FF0000,Quadrant 1,1,1,15,,#FF0000,0,260.85049643059267
image_31.png,5,False,426.4132889974733,341.228533309046,20,#FF0000,Quadrant 4,2,2,15,,#FF0000,0,242.52189142844824
image_31.png,5,False,535.8088316831377,284.7873806641124,20,#FF0000,Quadrant 4,2,2,15,,#FF0000,0,67.73878581579191
image_31.png,5,False,341.3026082584603,339.66111587627535,20,#FF0000,Quadrant 3,2,1,15,,#FF0000,0,201.1861714581098
image_31.png,5,False,670.3866150028778,16.796140954370294,20,#FF0000,Quadrant 2,1,2,15,,#FF0000,0,119.86715189477566
image_32.png,2,True,490.28651085073244,277.02452425141604,20,#FF0000,Quadrant 4,2,2,20,100,#FF0000,0,329.19886683921175
image_32.png,5,False,175.89903072552852,132.57047333675803,20,#0000FF,Quadrant 1,1,1,20,,#0000FF,0,142.78754151944463
image_32.png,5,False,332.2465675226221,256.2166665181526,20,#0000FF,Quadrant 3,2,1,20,,#0000FF,0,101.90131110726466
image_32.png,5,False,258.79514178880004,344.70291799285127,20,#0000FF,Quadrant 3,2,1,20,,#0000FF,0,111.03202234329419
image_32.png,5,False,564.1406524339944,284.07233066460026,20,#0000FF,Quadrant 4,2,2,20,,#0000FF,0,167.76146408542218
image_32.png,5,False,231.64073321948732,87.782191694725,20,#0000FF,Quadrant 1,1,1,20,,#0000FF,0,274.18642895149605
image_32.png,5,False,42.497943658974265,337.6240700754643,20,#0000FF,Quadrant 3,2,1,20,,#0000FF,0,112.65192679326876
image_32.png,5,False,22.175511789868466,220.15177101894182,20,#0000FF,Quadrant 3,2,1,20,,#0000FF,0,266.850856337936
image_32.png,5,False,507.08822510921425,122.58268467792503,20,#0000FF,Quadrant 2,1,2,20,,#0000FF,0,210.25148368247932
image_32.png,5,False,169.48283331624864,226.38043580212522,20,#0000FF,Quadrant 3,2,1,20,,#0000FF,0,70.62904178166016
image_32.png,5,False,390.3927049042648,367.6295980280043,20,#0000FF,Quadrant 4,2,2,20,,#0000FF,0,88.46280589512386
image_32.png,5,False,536.9554710840944,195.6987760017821,20,#0000FF,Quadrant 2,1,2,20,,#0000FF,0,121.52314225314282
image_32.png,5,False,253.64937998074345,63.90432380347334,20,#0000FF,Quadrant 1,1,1,20,,#0000FF,0,263.7980053290068
image_32.png,5,False,137.8089155014133,347.179792232273,20,#0000FF,Quadrant 3,2,1,20,,#0000FF,0,196.75667834128345
image_32.png,5,False,670.5362199058114,209.05098902274202,20,#0000FF,Quadrant 4,2,2,20,,#0000FF,0,356.5164747167483
image_32.png,5,False,15.39845503969666,62.97179852785094,20,#0000FF,Quadrant 1,1,1,20,,#0000FF,0,17.465181910708406
image_32.png,5,False,57.8299118074762,68.08920636367404,20,#0000FF,Quadrant 1,1,1,20,,#0000FF,0,227.05259325590745
image_32.png,5,False,325.190655031318,33.85014494912114,20,#0000FF,Quadrant 1,1,1,20,,#0000FF,0,78.73908208358174
image_32.png,5,False,654.4596638365226,356.02004988976694,20,#0000FF,Quadrant 4,2,2,20,,#0000FF,0,229.58229303383604
image_32.png,5,False,22.52431569821201,283.9888487745225,20,#0000FF,Quadrant 3,2,1,20,,#0000FF,0,148.08186295826994
image_32.png,5,False,208.5284016714338,200.83766018877498,20,#0000FF,Quadrant 3,2,1,20,,#0000FF,0,192.86571705261292
image_33.png,2,True,77.36027038322042,67.2832496098147,20,#0000FF,Quadrant 1,1,1,2,100,#0000FF,0,38.52591433001744
image_33.png,5,False,373.72817394074895,319.1510396896208,20,#00FF00,Quadrant 4,2,2,2,,#00FF00,0,69.09554051698075
image_33.png,5,False,284.4616351011712,152.01349854927187,20,#00FF00,Quadrant 1,1,1,2,,#00FF00,0,96.23690520358889
image_34.png,2,True,491.3958217920038,124.39041404849091,20,#00FF00,Quadrant 2,1,2,50,100,#00FF00,0,87.55484190943753
image_34.png,5,False,66.54505691993165,385.8530385971579,20,#0000FF,Quadrant 3,2,1,50,,#0000FF,0,298.102348336817
image_34.png,5,False,32.83062301890433,164.19519668342022,20,#0000FF,Quadrant 1,1,1,50,,#0000FF,0,233.96200264581222
image_34.png,5,False,338.967513990873,251.69077256003143,20,#0000FF,Quadrant 3,2,1,50,,#0000FF,0,135.7810446543434
image_34.png,5,False,67.97073840649742,330.534662336244,20,#0000FF,Quadrant 3,2,1,50,,#0000FF,0,253.02425400687818
image_34.png,5,False,239.2454551076532,380.4304464035406,20,#0000FF,Quadrant 3,2,1,50,,#0000FF,0,232.16660709958873
image_34.png,5,False,627.5111451663201,358.4395374364001,20,#0000FF,Quadrant 4,2,2,50,,#0000FF,0,350.58230842896
image_34.png,5,False,631.977068767939,272.6847553066576,20,#0000FF,Quadrant 4,2,2,50,,#0000FF,0,82.71593895636602
image_34.png,5,False,197.78449131608895,360.3322027780381,20,#0000FF,Quadrant 3,2,1,50,,#0000FF,0,204.0422929166265
image_34.png,5,False,204.17700648028944,216.26560396706108,20,#0000FF,Quadrant 3,2,1,50,,#0000FF,0,246.39434764691092
image_34.png,5,False,134.5752527186276,332.46163283940564,20,#0000FF,Quadrant 3,2,1,50,,#0000FF,0,236.91932657245277
image_34.png,5,False,153.73194151720313,65.50441016519207,20,#0000FF,Quadrant 1,1,1,50,,#0000FF,0,5.636914269096462
image_34.png,5,False,576.6017451839592,362.1147274157581,20,#0000FF,Quadrant 4,2,2,50,,#0000FF,0,295.448666934491
image_34.png,5,False,399.567199540774,225.21105771882762,20,#0000FF,Quadrant 4,2,2,50,,#0000FF,0,107.7396802491105
image_34.png,5,False,477.47709148903374,215.33259892012086,20,#0000FF,Quadrant 4,2,2,50,,#0000FF,0,305.7992731041936
image_34.png,5,False,520.6844227643755,309.80827621850864,20,#0000FF,Quadrant 4,2,2,50,,#0000FF,0,138.1846370698462
image_34.png,5,False,65.03667911176586,292.782580154346,20,#0000FF,Quadrant 3,2,1,50,,#0000FF,0,248.15179482623103
image_34.png,5,False,78.30550748969469,98.75043366118534,20,#0000FF,Quadrant 1,1,1,50,,#0000FF,0,124.5094193468296
image_34.png,5,False,427.96126406524246,243.04105830890293,20,#0000FF,Quadrant 4,2,2,50,,#0000FF,0,27.366568763653838
image_34.png,5,False,678.5862432418713,134.37037255762888,20,#0000FF,Quadrant 2,1,2,50,,#0000FF,0,214.41911833594062
image_34.png,5,False,550.8646677575384,181.30797361916382,20,#0000FF,Quadrant 2,1,2,50,,#0000FF,0,228.28426106570458
image_34.png,5,False,392.0429924908833,152.91140448479743,20,#0000FF,Quadrant 2,1,2,50,,#0000FF,0,82.12982034751795
image_34.png,5,False,414.6679585144143,154.66748571688214,20,#0000FF,Quadrant 2,1,2,50,,#0000FF,0,66.86562452234436
image_34.png,5,False,214.51646220579752,104.1580173340069,20,#0000FF,Quadrant 1,1,1,50,,#0000FF,0,277.9802654884883
image_34.png,5,False,195.63272928638932,154.63999738554628,20,#0000FF,Quadrant 1,1,1,50,,#0000FF,0,26.46240614007175
image_34.png,5,False,117.29677762554952,158.2771067001251,20,#0000FF,Quadrant 1,1,1,50,,#0000FF,0,282.20050147328016
image_34.png,5,False,535.5677324374697,49.64347453480694,20,#0000FF,Quadrant 2,1,2,50,,#0000FF,0,160.10491139866633
image_34.png,5,False,307.94488650749093,221.54034217962413,20,#0000FF,Quadrant 3,2,1,50,,#0000FF,0,31.427003647841797
image_34.png,5,False,82.16882693837915,44.875922261026474,20,#0000FF,Quadrant 1,1,1,50,,#0000FF,0,184.47870542776514
image_34.png,5,False,422.28101859280594,307.5178377675612,20,#0000FF,Quadrant 4,2,2,50,,#0000FF,0,199.5191299431259
image_34.png,5,False,510.4174085399712,222.50481429821593,20,#0000FF,Quadrant 4,2,2,50,,#0000FF,0,280.5008780247854
image_34.png,5,False,178.24959652931042,207.97751262860257,20,#0000FF,Quadrant 3,2,1,50,,#0000FF,0,357.3828720461004
image_34.png,5,False,127.78670247391457,112.65136821439577,20,#0000FF,Quadrant 1,1,1,50,,#0000FF,0,246.71375704604034
image_34.png,5,False,111.54909142547146,74.20439748695213,20,#0000FF,Quadrant 1,1,1,50,,#0000FF,0,96.62644697371584
image_34.png,5,False,217.52930295195708,306.8479839345535,20,#0000FF,Quadrant 3,2,1,50,,#0000FF,0,99.34627377686529
image_34.png,5,False,661.5691616900307,283.4999930282141,20,#0000FF,Quadrant 4,2,2,50,,#0000FF,0,130.0049684242301
image_34.png,5,False,435.8847977126593,184.07169723835256,20,#0000FF,Quadrant 2,1,2,50,,#0000FF,0,178.48887722023053
image_34.png,5,False,272.74417978531625,336.91096139376435,20,#0000FF,Quadrant 3,2,1,50,,#0000FF,0,302.9808192198663
image_34.png,5,False,307.69457623260166,322.29632077287283,20,#0000FF,Quadrant 3,2,1,50,,#0000FF,0,158.48025173325118
image_34.png,5,False,420.53672123543737,124.56453760870865,20,#0000FF,Quadrant 2,1,2,50,,#0000FF,0,234.37326901198279
image_34.png,5,False,490.0563916145762,192.06568262548208,20,#0000FF,Quadrant 2,1,2,50,,#0000FF,0,217.15605662033266
image_34.png,5,False,285.38707237282154,131.63403730219153,20,#0000FF,Quadrant 1,1,1,50,,#0000FF,0,63.94941767489063
image_34.png,5,False,447.06979629623913,376.8144463128028,20,#0000FF,Quadrant 4,2,2,50,,#0000FF,0,264.5547715588271
image_34.png,5,False,262.49570526531863,363.3213836784325,20,#0000FF,Quadrant 3,2,1,50,,#0000FF,0,282.91195140374185
image_34.png,5,False,698.1155338282767,79.0124863660885,20,#0000FF,Quadrant 2,1,2,50,,#0000FF,0,71.92801753581858
image_34.png,5,False,29.54519887730605,285.8866515196353,20,#0000FF,Quadrant 3,2,1,50,,#0000FF,0,276.3424467894114
image_34.png,5,False,474.68160250052745,63.609708379216656,20,#0000FF,Quadrant 2,1,2,50,,#0000FF,0,286.2164249069316
image_34.png,5,False,185.09768091752215,69.26614262431377,20,#0000FF,Quadrant 1,1,1,50,,#0000FF,0,109.01975130384875
image_34.png,5,False,270.74667362840455,180.7472204751136,20,#0000FF,Quadrant 1,1,1,50,,#0000FF,0,152.32606384208526
image_34.png,5,False,610.1776361658231,169.11766169591164,20,#0000FF,Quadrant 2,1,2,50,,#0000FF,0,332.4584714423208
image_34.png,5,False,420.1419409715106,356.6436720201609,20,#0000FF,Quadrant 4,2,2,50,,#0000FF,0,292.4269112444382
image_35.png,2,True,433.1350746938617,223.8972704544954,20,#FF0000,Quadrant 4,2,2,10,100,#FF0000,0,59.88185758084015
image_35.png,5,False,456.606344553356,376.45460848893293,20,#0000FF,Quadrant 4,2,2,10,,#0000FF,0,232.21123340643854
image_35.png,5,False,559.6032033904185,51.04704050710095,20,#0000FF,Quadrant 2,1,2,10,,#0000FF,0,119.3748127494606
image_35.png,5,False,163.95874380958026,293.3104444452044,20,#0000FF,Quadrant 3,2,1,10,,#0000FF,0,35.498361089421905
image_35.png,5,False,484.8007776613324,94.54999627548673,20,#0000FF,Quadrant 2,1,2,10,,#0000FF,0,200.8776298834874
image_35.png,5,False,330.05055069285476,267.8719742930457,20,#0000FF,Quadrant 3,2,1,10,,#0000FF,0,134.6830444098137
image_35.png,5,False,114.86325847866033,388.131630206739,20,#0000FF,Quadrant 3,2,1,10,,#0000FF,0,248.55743005996706
image_35.png,5,False,214.55279993718167,358.96697188565975,20,#0000FF,Quadrant 3,2,1,10,,#0000FF,0,173.7975904169512
image_35.png,5,False,583.7779261032184,286.9969733026118,20,#0000FF,Quadrant 4,2,2,10,,#0000FF,0,30.9077277912569
image_35.png,5,False,247.37294310125841,307.45405906584745,20,#0000FF,Quadrant 3,2,1,10,,#0000FF,0,125.39831483573109
image_35.png,5,False,250.97890438196046,47.90150576551797,20,#0000FF,Quadrant 1,1,1,10,,#0000FF,0,187.6013387281698
image_36.png,2,True,41.78662329329626,279.6744581274854,20,#0000FF,Quadrant 3,2,1,10,100,#0000FF,0,24.1827624149253
image_36.png,5,False,247.3807058665996,52.339093714644505,20,#00FF00,Quadrant 1,1,1,10,,#00FF00,0,8.130641473120445
image_36.png,5,False,651.7165656306402,290.90502521544016,20,#00FF00,Quadrant 4,2,2,10,,#00FF00,0,288.0180452702006
image_36.png,5,False,391.26618968943876,136.11408979909794,20,#00FF00,Quadrant 2,1,2,10,,#00FF00,0,185.7578046828744
image_36.png,5,False,329.355314513657,312.5516879790122,20,#00FF00,Quadrant 3,2,1,10,,#00FF00,0,153.49297810380563
image_36.png,5,False,139.42059152044308,259.46239041795445,20,#00FF00,Quadrant 3,2,1,10,,#00FF00,0,226.71371479632435
image_36.png,5,False,519.0605866172884,344.81080753049724,20,#00FF00,Quadrant 4,2,2,10,,#00FF00,0,142.4096561261208
image_36.png,5,False,306.9619075202036,12.682116377279606,20,#00FF00,Quadrant 1,1,1,10,,#00FF00,0,161.84700409466873
image_36.png,5,False,202.77958822512824,277.0211829818775,20,#00FF00,Quadrant 3,2,1,10,,#00FF00,0,77.32659782530672
image_36.png,5,False,408.79270668407645,313.21189090317625,20,#00FF00,Quadrant 4,2,2,10,,#00FF00,0,286.56289832683615
image_36.png,5,False,263.0313972652227,85.4940760057722,20,#00FF00,Quadrant 1,1,1,10,,#00FF00,0,193.28004380543186
image_37.png,2,True,451.34581552397776,236.65497346897155,20,#FF0000,Quadrant 4,2,2,20,100,#FF0000,0,189.97740706600177
image_37.png,5,False,415.4462483354352,142.51551295109317,20,#00FF00,Quadrant 2,1,2,20,,#00FF00,0,220.07103161004068
image_37.png,5,False,436.3628860627968,318.59306011063296,20,#00FF00,Quadrant 4,2,2,20,,#00FF00,0,304.3864089610413
image_37.png,5,False,215.93949110785346,243.27514693948356,20,#00FF00,Quadrant 3,2,1,20,,#00FF00,0,254.1558099405528
image_37.png,5,False,103.29001328933964,55.551704706106236,20,#00FF00,Quadrant 1,1,1,20,,#00FF00,0,30.51070870429001
image_37.png,5,False,137.11767313039212,273.1190127688164,20,#00FF00,Quadrant 3,2,1,20,,#00FF00,0,109.9368009127796
image_37.png,5,False,299.16674417955716,63.11383884606273,20,#00FF00,Quadrant 1,1,1,20,,#00FF00,0,183.8969530153779
image_37.png,5,False,455.58420551008584,388.9620308688488,20,#00FF00,Quadrant 4,2,2,20,,#00FF00,0,249.6358535505679
image_37.png,5,False,348.36335604643193,64.03209026696729,20,#00FF00,Quadrant 1,1,1,20,,#00FF00,0,199.76852729969906
image_37.png,5,False,321.73966884444263,31.265057274456318,20,#00FF00,Quadrant 1,1,1,20,,#00FF00,0,113.24880527790394
image_37.png,5,False,17.602989859100767,62.61012214242345,20,#00FF00,Quadrant 1,1,1,20,,#00FF00,0,129.25410198169277
image_37.png,5,False,675.0782426068936,202.0555714581934,20,#00FF00,Quadrant 4,2,2,20,,#00FF00,0,293.47773863539027
image_37.png,5,False,482.7560060158307,168.1083045336143,20,#00FF00,Quadrant 2,1,2,20,,#00FF00,0,178.18914523190531
image_37.png,5,False,535.3680101777973,121.4099858131911,20,#00FF00,Quadrant 2,1,2,20,,#00FF00,0,11.10985403148173
image_37.png,5,False,381.4123379431206,74.58299347102485,20,#00FF00,Quadrant 2,1,2,20,,#00FF00,0,98.94705057847223
image_37.png,5,False,522.5950755796232,300.5175917687151,20,#00FF00,Quadrant 4,2,2,20,,#00FF00,0,164.63569941844167
image_37.png,5,False,578.2418547103234,149.6737498558491,20,#00FF00,Quadrant 2,1,2,20,,#00FF00,0,279.04069003103837
image_37.png,5,False,39.66964984419076,282.7745311471564,20,#00FF00,Quadrant 3,2,1,20,,#00FF00,0,296.1399340066541
image_37.png,5,False,692.9554765070347,49.71341389569436,20,#00FF00,Quadrant 2,1,2,20,,#00FF00,0,196.68717889990725
image_37.png,5,False,320.8655842101551,142.76209723883463,20,#00FF00,Quadrant 1,1,1,20,,#00FF00,0,359.7525609404068
image_37.png,5,False,313.5191634311164,386.71600467243724,20,#00FF00,Quadrant 3,2,1,20,,#00FF00,0,294.0222906419179
image_38.png,2,True,604.2625517301967,241.67896139016224,20,#FF0000,Quadrant 4,2,2,50,100,#FF0000,0,248.08809136023447
image_38.png,5,False,435.5281766499049,307.6730391688811,20,#0000FF,Quadrant 4,2,2,50,,#0000FF,0,154.14014205152824
image_38.png,5,False,565.9484999321218,226.48810233628936,20,#0000FF,Quadrant 4,2,2,50,,#0000FF,0,292.87075157835613
image_38.png,5,False,422.2349455744887,74.6466438199659,20,#0000FF,Quadrant 2,1,2,50,,#0000FF,0,191.62108705334816
image_38.png,5,False,212.62530686967523,227.494049169538,20,#0000FF,Quadrant 3,2,1,50,,#0000FF,0,352.4400563050758
image_38.png,5,False,365.43192697317477,351.2586990801628,20,#0000FF,Quadrant 4,2,2,50,,#0000FF,0,342.863044357941
image_38.png,5,False,104.4207565288983,294.5355835928858,20,#0000FF,Quadrant 3,2,1,50,,#0000FF,0,293.4651261141975
image_38.png,5,False,51.84797581898427,115.82829645085323,20,#0000FF,Quadrant 1,1,1,50,,#0000FF,0,148.17464031842897
image_38.png,5,False,494.2828773761413,61.15714365525542,20,#0000FF,Quadrant 2,1,2,50,,#0000FF,0,236.12265978514952
image_38.png,5,False,232.9246342988607,104.57569172856967,20,#0000FF,Quadrant 1,1,1,50,,#0000FF,0,52.64763963298607
image_38.png,5,False,281.5708169582267,64.74087730248905,20,#0000FF,Quadrant 1,1,1,50,,#0000FF,0,303.6800363916489
image_38.png,5,False,443.5630335167131,152.8151399258738,20,#0000FF,Quadrant 2,1,2,50,,#0000FF,0,227.66471368624397
image_38.png,5,False,558.4784565300209,301.63824076346924,20,#0000FF,Quadrant 4,2,2,50,,#0000FF,0,27.185858399465626
image_38.png,5,False,527.613841799628,273.59796674501183,20,#0000FF,Quadrant 4,2,2,50,,#0000FF,0,145.02627838865556
image_38.png,5,False,324.28530221227595,195.48081360545265,20,#0000FF,Quadrant 1,1,1,50,,#0000FF,0,315.8342484598281
image_38.png,5,False,609.6774486182571,331.2292492312914,20,#0000FF,Quadrant 4,2,2,50,,#0000FF,0,209.50399608083296
image_38.png,5,False,680.8115511452521,250.96972621266815,20,#0000FF,Quadrant 4,2,2,50,,#0000FF,0,33.5309969122372
image_38.png,5,False,678.0405916722424,322.79241080641634,20,#0000FF,Quadrant 4,2,2,50,,#0000FF,0,143.17771254791896
image_38.png,5,False,100.97943846189905,333.21573383702133,20,#0000FF,Quadrant 3,2,1,50,,#0000FF,0,197.03179276031338
image_38.png,5,False,627.0725593885651,299.1320204757057,20,#0000FF,Quadrant 4,2,2,50,,#0000FF,0,283.7893152516057
image_38.png,5,False,651.3792511144426,70.71776866023305,20,#0000FF,Quadrant 2,1,2,50,,#0000FF,0,5.86128685418799
image_38.png,5,False,694.3765465474418,172.70813572761622,20,#0000FF,Quadrant 2,1,2,50,,#0000FF,0,164.34652894916633
image_38.png,5,False,637.5815706617244,344.4518548078756,20,#0000FF,Quadrant 4,2,2,50,,#0000FF,0,358.4498647443434
image_38.png,5,False,259.33997916071274,42.15496060667142,20,#0000FF,Quadrant 1,1,1,50,,#0000FF,0,33.602394429234145
image_38.png,5,False,458.0998231027035,30.575589968391586,20,#0000FF,Quadrant 2,1,2,50,,#0000FF,0,239.2231721085913
image_38.png,5,False,511.20598243113676,296.47775537152864,20,#0000FF,Quadrant 4,2,2,50,,#0000FF,0,225.21753869938348
image_38.png,5,False,73.83623999243937,46.979430276234595,20,#0000FF,Quadrant 1,1,1,50,,#0000FF,0,154.52313867192478
image_38.png,5,False,64.69977916352565,235.41084980592237,20,#0000FF,Quadrant 3,2,1,50,,#0000FF,0,76.83162370063671
image_38.png,5,False,317.65107810049284,14.047651089248827,20,#0000FF,Quadrant 1,1,1,50,,#0000FF,0,186.9999316691889
image_38.png,5,False,340.1354663506203,97.54191589951834,20,#0000FF,Quadrant 1,1,1,50,,#0000FF,0,249.85116040395985
image_38.png,5,False,566.304258507284,50.01017955278497,20,#0000FF,Quadrant 2,1,2,50,,#0000FF,0,32.15918915774536
image_38.png,5,False,217.18692058683993,155.6685568568711,20,#0000FF,Quadrant 1,1,1,50,,#0000FF,0,132.32220826414255
image_38.png,5,False,124.07630280575528,143.7489577165194,20,#0000FF,Quadrant 1,1,1,50,,#0000FF,0,219.71492613857444
image_38.png,5,False,526.5572282619534,358.71997911949705,20,#0000FF,Quadrant 4,2,2,50,,#0000FF,0,76.69996251246936
image_38.png,5,False,315.80248604352903,93.11848824298437,20,#0000FF,Quadrant 1,1,1,50,,#0000FF,0,221.78736453625424
image_38.png,5,False,107.46905454572324,57.553430101714554,20,#0000FF,Quadrant 1,1,1,50,,#0000FF,0,322.7734604192334
image_38.png,5,False,253.20805622397626,173.30894429149018,20,#0000FF,Quadrant 1,1,1,50,,#0000FF,0,262.8032936025522
image_38.png,5,False,181.72481234990587,254.66657477502534,20,#0000FF,Quadrant 3,2,1,50,,#0000FF,0,284.7875980313038
image_38.png,5,False,425.08835355494483,283.60590348892055,20,#0000FF,Quadrant 4,2,2,50,,#0000FF,0,89.34012978689958
image_38.png,5,False,659.5413998718412,21.13962552326329,20,#0000FF,Quadrant 2,1,2,50,,#0000FF,0,102.57149160227979
image_38.png,5,False,614.4449325713247,88.65848146162305,20,#0000FF,Quadrant 2,1,2,50,,#0000FF,0,304.945207514062
image_38.png,5,False,276.87516101211594,102.12890361876931,20,#0000FF,Quadrant 1,1,1,50,,#0000FF,0,86.16278751313371
image_38.png,5,False,59.927269168119054,346.9378716168511,20,#0000FF,Quadrant 3,2,1,50,,#0000FF,0,229.70963875811336
image_38.png,5,False,259.7966646512889,130.6266619107837,20,#0000FF,Quadrant 1,1,1,50,,#0000FF,0,4.344124460799308
image_38.png,5,False,589.0526057005978,170.0864159474217,20,#0000FF,Quadrant 2,1,2,50,,#0000FF,0,139.2617695770639
image_38.png,5,False,130.03874507187433,189.04352862226386,20,#0000FF,Quadrant 1,1,1,50,,#0000FF,0,196.68823961808636
image_38.png,5,False,159.64688463837433,359.73497121674734,20,#0000FF,Quadrant 3,2,1,50,,#0000FF,0,4.965633261104667
image_38.png,5,False,539.5387904586839,171.1114388949008,20,#0000FF,Quadrant 2,1,2,50,,#0000FF,0,256.5464673964502
image_38.png,5,False,452.33019164721037,214.2337253754272,20,#0000FF,Quadrant 4,2,2,50,,#0000FF,0,144.81986783201998
image_38.png,5,False,682.3019218202933,69.73255560364936,20,#0000FF,Quadrant 2,1,2,50,,#0000FF,0,331.5329491581849
image_38.png,5,False,454.1334983598686,128.244068504121,20,#0000FF,Quadrant 2,1,2,50,,#0000FF,0,233.94223187252913
image_39.png,2,True,648.0685227465569,54.8429278237712,20,#00FF00,Quadrant 2,1,2,0,100,#00FF00,0,88.01271133897157
image_40.png,2,True,464.39807643229875,77.39415157697688,20,#0000FF,Quadrant 2,1,2,5,100,#0000FF,0,239.7886483893518
image_40.png,5,False,105.5389284069332,15.29052798396893,20,#FF0000,Quadrant 1,1,1,5,,#FF0000,0,4.55938976141971
image_40.png,5,False,249.87983297072864,206.5102344451034,20,#FF0000,Quadrant 3,2,1,5,,#FF0000,0,178.70865570817762
image_40.png,5,False,189.6211564916184,151.56664487704458,20,#FF0000,Quadrant 1,1,1,5,,#FF0000,0,296.102474178937
image_40.png,5,False,612.8139788596237,288.0497465958057,20,#FF0000,Quadrant 4,2,2,5,,#FF0000,0,269.91949827376476
image_40.png,5,False,631.0293269174282,137.63416794752152,20,#FF0000,Quadrant 2,1,2,5,,#FF0000,0,42.50041930165069
image_41.png,2,True,501.79071801014135,228.97433304196156,20,#00FF00,Quadrant 4,2,2,30,100,#00FF00,0,22.993916084333303
image_41.png,5,False,324.63126882112556,147.12683250722273,20,#0000FF,Quadrant 1,1,1,30,,#0000FF,0,27.745211263098724
image_41.png,5,False,401.58454235629193,149.98598002987484,20,#0000FF,Quadrant 2,1,2,30,,#0000FF,0,179.85960207409798
image_41.png,5,False,81.90148645006816,227.93885136259735,20,#0000FF,Quadrant 3,2,1,30,,#0000FF,0,91.84178917406813
image_41.png,5,False,168.37064755258996,203.3358064962245,20,#0000FF,Quadrant 3,2,1,30,,#0000FF,0,260.2002143973119
image_41.png,5,False,605.5577329878992,103.44044823483391,20,#0000FF,Quadrant 2,1,2,30,,#0000FF,0,15.853646614611435
image_41.png,5,False,274.87285783913796,67.73200459515473,20,#0000FF,Quadrant 1,1,1,30,,#0000FF,0,169.83525224798572
image_41.png,5,False,601.8073012483529,219.98289005143678,20,#0000FF,Quadrant 4,2,2,30,,#0000FF,0,335.21762777658677
image_41.png,5,False,521.3187555654315,169.52159704913782,20,#0000FF,Quadrant 2,1,2,30,,#0000FF,0,329.02116102760647
image_41.png,5,False,297.8007963674063,283.2688342998585,20,#0000FF,Quadrant 3,2,1,30,,#0000FF,0,115.84872520994205
image_41.png,5,False,64.66419120720235,151.9214870269116,20,#0000FF,Quadrant 1,1,1,30,,#0000FF,0,97.652864883534
image_41.png,5,False,632.437355378949,78.79216440293155,20,#0000FF,Quadrant 2,1,2,30,,#0000FF,0,180.73473932144978
image_41.png,5,False,687.19415225569,371.64201602004164,20,#0000FF,Quadrant 4,2,2,30,,#0000FF,0,289.5616870051524
image_41.png,5,False,331.44988858473454,117.71199709470112,20,#0000FF,Quadrant 1,1,1,30,,#0000FF,0,24.813517598188234
image_41.png,5,False,236.51033506929593,220.06854743249755,20,#0000FF,Quadrant 3,2,1,30,,#0000FF,0,304.1447415340781
image_41.png,5,False,440.05237396166,186.36428903942874,20,#0000FF,Quadrant 2,1,2,30,,#0000FF,0,109.40735061650986
image_41.png,5,False,350.92550566401565,303.0478133952982,20,#0000FF,Quadrant 3,2,1,30,,#0000FF,0,213.00873659453381
image_41.png,5,False,631.4054317890057,298.4622792816013,20,#0000FF,Quadrant 4,2,2,30,,#0000FF,0,70.35207259421645
image_41.png,5,False,15.394361215993001,165.9936494159555,20,#0000FF,Quadrant 1,1,1,30,,#0000FF,0,88.24567477556984
image_41.png,5,False,249.68592774245084,328.35897460675375,20,#0000FF,Quadrant 3,2,1,30,,#0000FF,0,83.87918706950747
image_41.png,5,False,666.2322906168324,11.552651322448389,20,#0000FF,Quadrant 2,1,2,30,,#0000FF,0,315.791501130567
image_41.png,5,False,595.9651255796771,285.88728475748763,20,#0000FF,Quadrant 4,2,2,30,,#0000FF,0,236.62938606335922
image_41.png,5,False,376.0421829623486,101.02735072888723,20,#0000FF,Quadrant 2,1,2,30,,#0000FF,0,37.421646966561475
image_41.png,5,False,52.26770712504766,387.8506041006533,20,#0000FF,Quadrant 3,2,1,30,,#0000FF,0,177.13039566596314
image_41.png,5,False,75.09535382872278,359.2417243234562,20,#0000FF,Quadrant 3,2,1,30,,#0000FF,0,256.194890892037
image_41.png,5,False,369.1141015410135,275.92013186610086,20,#0000FF,Quadrant 4,2,2,30,,#0000FF,0,323.0234898953253
image_41.png,5,False,682.468250425925,43.09311382123304,20,#0000FF,Quadrant 2,1,2,30,,#0000FF,0,134.09711066666907
image_41.png,5,False,102.99104282290935,320.94597313601366,20,#0000FF,Quadrant 3,2,1,30,,#0000FF,0,34.4077219214588
image_41.png,5,False,402.22848179126447,175.42352804842443,20,#0000FF,Quadrant 2,1,2,30,,#0000FF,0,26.938974358755896
image_41.png,5,False,174.1357252371667,109.65457491312459,20,#0000FF,Quadrant 1,1,1,30,,#0000FF,0,347.11857890378667
image_41.png,5,False,562.7627903576522,275.8742791895429,20,#0000FF,Quadrant 4,2,2,30,,#0000FF,0,113.40320954751299
image_42.png,2,True,171.9581351537975,367.66367131937574,20,#0000FF,Quadrant 3,2,1,10,100,#0000FF,0,162.99282683360659
image_42.png,5,False,541.631021290003,52.19173114556957,20,#00FF00,Quadrant 2,1,2,10,,#00FF00,0,49.000264710018854
image_42.png,5,False,320.7514891930816,129.70458279298055,20,#00FF00,Quadrant 1,1,1,10,,#00FF00,0,38.036790036968824
image_42.png,5,False,257.86005025083807,302.1872910148389,20,#00FF00,Quadrant 3,2,1,10,,#00FF00,0,43.465225345886005
image_42.png,5,False,330.24580399386923,333.2382661799142,20,#00FF00,Quadrant 3,2,1,10,,#00FF00,0,162.69014769040626
image_42.png,5,False,567.4342673248931,125.9932635305387,20,#00FF00,Quadrant 2,1,2,10,,#00FF00,0,32.55151969746896
image_42.png,5,False,426.67541322698617,92.27785842105413,20,#00FF00,Quadrant 2,1,2,10,,#00FF00,0,253.69372942206314
image_42.png,5,False,113.19509638730949,279.8174965517722,20,#00FF00,Quadrant 3,2,1,10,,#00FF00,0,308.36637763683285
image_42.png,5,False,284.0124347863623,29.503333449179795,20,#00FF00,Quadrant 1,1,1,10,,#00FF00,0,348.6240015034928
image_42.png,5,False,576.0417452944531,76.72200289181639,20,#00FF00,Quadrant 2,1,2,10,,#00FF00,0,107.58265594884783
image_42.png,5,False,599.8202988845602,221.15052186529076,20,#00FF00,Quadrant 4,2,2,10,,#00FF00,0,342.75477845654785
image_43.png,2,True,564.8848631228127,63.84176884524025,20,#0000FF,Quadrant 2,1,2,1,100,#0000FF,0,166.335569595446
image_43.png,5,False,583.1265366754042,382.410415768809,20,#FF0000,Quadrant 4,2,2,1,,#FF0000,0,4.304492340988677
image_44.png,2,True,445.2750109880351,254.69093593781366,20,#FF0000,Quadrant 4,2,2,15,100,#FF0000,0,134.00630777375915
image_44.png,5,False,189.3274294667563,318.21840062994625,20,#0000FF,Quadrant 3,2,1,15,,#0000FF,0,209.63656850906273
image_44.png,5,False,55.421232836320826,352.1435189707804,20,#0000FF,Quadrant 3,2,1,15,,#0000FF,0,7.848065785900582
image_44.png,5,False,99.7373772589361,353.1194728036978,20,#0000FF,Quadrant 3,2,1,15,,#0000FF,0,159.63527658095597
image_44.png,5,False,239.43787507281868,27.13920861618285,20,#0000FF,Quadrant 1,1,1,15,,#0000FF,0,298.5682237982705
image_44.png,5,False,126.74456481431987,227.9282275269412,20,#0000FF,Quadrant 3,2,1,15,,#0000FF,0,165.95817192069865
image_44.png,5,False,283.15409618490247,22.144306754110183,20,#0000FF,Quadrant 1,1,1,15,,#0000FF,0,295.80674455162216
image_44.png,5,False,130.06416895141376,92.16268805667008,20,#0000FF,Quadrant 1,1,1,15,,#0000FF,0,245.95665003060583
image_44.png,5,False,203.8197878994187,344.93419598179065,20,#0000FF,Quadrant 3,2,1,15,,#0000FF,0,67.3744009360182
image_44.png,5,False,437.6126421548222,103.90664655470277,20,#0000FF,Quadrant 2,1,2,15,,#0000FF,0,12.473799743342129
image_44.png,5,False,294.86263013805774,219.16031544710464,20,#0000FF,Quadrant 3,2,1,15,,#0000FF,0,106.23785867989793
image_44.png,5,False,203.76565534545128,62.875214475920494,20,#0000FF,Quadrant 1,1,1,15,,#0000FF,0,21.952464815823397
image_44.png,5,False,620.5255836790009,209.75771401955072,20,#0000FF,Quadrant 4,2,2,15,,#0000FF,0,71.80481039997119
image_44.png,5,False,563.6938090293069,311.451880346107,20,#0000FF,Quadrant 4,2,2,15,,#0000FF,0,227.07157997691195
image_44.png,5,False,549.7399633564978,146.74437751859958,20,#0000FF,Quadrant 2,1,2,15,,#0000FF,0,356.1853016741522
image_44.png,5,False,344.9441654685102,355.9919122741827,20,#0000FF,Quadrant 3,2,1,15,,#0000FF,0,196.02641017225858
image_45.png,2,True,28.95738479276479,236.70998134307288,20,#0000FF,Quadrant 3,2,1,15,100,#0000FF,0,97.35684651683059
image_45.png,5,False,569.5649729699855,117.19254748633116,20,#00FF00,Quadrant 2,1,2,15,,#00FF00,0,10.549245793188486
image_45.png,5,False,335.99054147883385,146.10963342984272,20,#00FF00,Quadrant 1,1,1,15,,#00FF00,0,291.1153980862444
image_45.png,5,False,171.37310613745544,71.33817753084583,20,#00FF00,Quadrant 1,1,1,15,,#00FF00,0,210.2360111464416
image_45.png,5,False,177.1542758616589,212.73465541419228,20,#00FF00,Quadrant 3,2,1,15,,#00FF00,0,89.22853944056624
image_45.png,5,False,518.8344347441275,299.81079556521917,20,#00FF00,Quadrant 4,2,2,15,,#00FF00,0,284.8453963563845
image_45.png,5,False,407.6518628391772,382.4472323165363,20,#00FF00,Quadrant 4,2,2,15,,#00FF00,0,341.2088921590758
image_45.png,5,False,655.3569561110744,385.8028461150341,20,#00FF00,Quadrant 4,2,2,15,,#00FF00,0,139.83210778034973
image_45.png,5,False,173.98373045955555,131.2056512143274,20,#00FF00,Quadrant 1,1,1,15,,#00FF00,0,62.53633129146791
image_45.png,5,False,258.2015784213857,234.61062305168866,20,#00FF00,Quadrant 3,2,1,15,,#00FF00,0,265.71783640344114
image_45.png,5,False,664.4259006656184,327.271405797201,20,#00FF00,Quadrant 4,2,2,15,,#00FF00,0,51.156824549430574
image_45.png,5,False,679.597131044747,215.92309937493548,20,#00FF00,Quadrant 4,2,2,15,,#00FF00,0,291.7444187207929
image_45.png,5,False,37.1570176868687,32.23149523088058,20,#00FF00,Quadrant 1,1,1,15,,#00FF00,0,63.20043635783427
image_45.png,5,False,24.73038503321274,191.67983752681582,20,#00FF00,Quadrant 1,1,1,15,,#00FF00,0,216.59860312023176
image_45.png,5,False,434.1388549194407,315.8363662311811,20,#00FF00,Quadrant 4,2,2,15,,#00FF00,0,119.42423768671323
image_45.png,5,False,133.2698522585627,314.31644005432264,20,#00FF00,Quadrant 3,2,1,15,,#00FF00,0,122.6732559360381
image_46.png,2,True,496.53577945357137,64.54470712475879,20,#00FF00,Quadrant 2,1,2,0,100,#00FF00,0,53.17632683500127
image_47.png,2,True,659.9850940794807,160.53512256975694,20,#FF0000,Quadrant 2,1,2,1,100,#FF0000,0,134.49268083001436
image_47.png,5,False,218.9161909168482,62.57873082813124,20,#00FF00,Quadrant 1,1,1,1,,#00FF00,0,36.37158126504708
image_48.png,2,True,131.02564028836062,377.1848148139374,20,#FF0000,Quadrant 3,2,1,20,100,#FF0000,0,233.70489563213306
image_48.png,5,False,650.9743489909581,308.48289760112806,20,#00FF00,Quadrant 4,2,2,20,,#00FF00,0,249.68174338531549
image_48.png,5,False,416.7866573345584,77.28291613630347,20,#00FF00,Quadrant 2,1,2,20,,#00FF00,0,80.36539703303129
image_48.png,5,False,485.3754248836815,59.13768186549642,20,#00FF00,Quadrant 2,1,2,20,,#00FF00,0,110.45636254726489
image_48.png,5,False,664.7150038084673,369.6079044232633,20,#00FF00,Quadrant 4,2,2,20,,#00FF00,0,262.37914413695967
image_48.png,5,False,696.0610769473175,375.8395294286943,20,#00FF00,Quadrant 4,2,2,20,,#00FF00,0,140.9765138199367
image_48.png,5,False,426.04579187371917,359.152445806034,20,#00FF00,Quadrant 4,2,2,20,,#00FF00,0,11.657787453751475
image_48.png,5,False,163.19682755110134,224.77799303348112,20,#00FF00,Quadrant 3,2,1,20,,#00FF00,0,348.3114068217368
image_48.png,5,False,107.90328065436361,292.7397780225494,20,#00FF00,Quadrant 3,2,1,20,,#00FF00,0,337.2076056795315
image_48.png,5,False,687.8595822539058,74.4614435320988,20,#00FF00,Quadrant 2,1,2,20,,#00FF00,0,85.6785330537829
image_48.png,5,False,72.13222266081706,278.9890773688948,20,#00FF00,Quadrant 3,2,1,20,,#00FF00,0,318.71529122224945
image_48.png,5,False,621.9042719850792,179.82611508896608,20,#00FF00,Quadrant 2,1,2,20,,#00FF00,0,230.07696764575644
image_48.png,5,False,182.9336547002071,36.62642686428037,20,#00FF00,Quadrant 1,1,1,20,,#00FF00,0,95.47647860263542
image_48.png,5,False,85.43584023687957,11.484277532992795,20,#00FF00,Quadrant 1,1,1,20,,#00FF00,0,92.39685895537734
image_48.png,5,False,515.7507167096516,377.320489889949,20,#00FF00,Quadrant 4,2,2,20,,#00FF00,0,138.93735526322757
image_48.png,5,False,350.733493503481,154.1533532646699,20,#00FF00,Quadrant 1,1,1,20,,#00FF00,0,318.4387191314019
image_48.png,5,False,80.88427758997679,192.24693665012668,20,#00FF00,Quadrant 1,1,1,20,,#00FF00,0,196.56862836424355
image_48.png,5,False,459.5180289851859,270.7466327940693,20,#00FF00,Quadrant 4,2,2,20,,#00FF00,0,311.0582593686877
image_48.png,5,False,61.78576940778681,330.6982189612838,20,#00FF00,Quadrant 3,2,1,20,,#00FF00,0,58.55634422945582
image_48.png,5,False,230.59594958213702,370.7282856820976,20,#00FF00,Quadrant 3,2,1,20,,#00FF00,0,106.16710072180685
image_48.png,5,False,128.2024849711704,152.92308018223864,20,#00FF00,Quadrant 1,1,1,20,,#00FF00,0,26.712144635997355
image_49.png,2,True,684.8706092771077,138.74532084571973,20,#0000FF,Quadrant 2,1,2,30,100,#0000FF,0,339.060291672682
image_49.png,5,False,626.4328329533759,277.30275641169715,20,#FF0000,Quadrant 4,2,2,30,,#FF0000,0,354.6993960508116
image_49.png,5,False,461.35463575782677,240.5660624975468,20,#FF0000,Quadrant 4,2,2,30,,#FF0000,0,155.2764002925099
image_49.png,5,False,47.899906693150285,136.1537510283148,20,#FF0000,Quadrant 1,1,1,30,,#FF0000,0,156.31213856158672
image_49.png,5,False,292.99382750219496,220.4544994155347,20,#FF0000,Quadrant 3,2,1,30,,#FF0000,0,350.78343144352976
image_49.png,5,False,383.14642237698604,260.706003445504,20,#FF0000,Quadrant 4,2,2,30,,#FF0000,0,333.2064961104888
image_49.png,5,False,77.08606984614445,159.51703712440272,20,#FF0000,Quadrant 1,1,1,30,,#FF0000,0,107.06423316536382
image_49.png,5,False,349.2633620785435,31.602833944509417,20,#FF0000,Quadrant 1,1,1,30,,#FF0000,0,197.87854807337834
image_49.png,5,False,71.3759395625037,322.433182077435,20,#FF0000,Quadrant 3,2,1,30,,#FF0000,0,1.3736059810082946
image_49.png,5,False,450.71336410237916,380.3278090877223,20,#FF0000,Quadrant 4,2,2,30,,#FF0000,0,74.50307385250619
image_49.png,5,False,627.5705860663696,111.17166211046083,20,#FF0000,Quadrant 2,1,2,30,,#FF0000,0,169.54000306185222
image_49.png,5,False,278.0061836271223,151.24575838980252,20,#FF0000,Quadrant 1,1,1,30,,#FF0000,0,231.07189771447605
image_49.png,5,False,139.55564645781487,27.865197535797016,20,#FF0000,Quadrant 1,1,1,30,,#FF0000,0,137.32026735681742
image_49.png,5,False,192.48315785736537,327.4157683068248,20,#FF0000,Quadrant 3,2,1,30,,#FF0000,0,158.3065522269969
image_49.png,5,False,115.12903467781845,274.26601949559955,20,#FF0000,Quadrant 3,2,1,30,,#FF0000,0,203.12877164922784
image_49.png,5,False,471.34926881545977,316.49209949871687,20,#FF0000,Quadrant 4,2,2,30,,#FF0000,0,34.81294356923275
image_49.png,5,False,532.1987945610398,96.99982276008666,20,#FF0000,Quadrant 2,1,2,30,,#FF0000,0,149.03519503365447
image_49.png,5,False,484.38980541594304,364.94462266179636,20,#FF0000,Quadrant 4,2,2,30,,#FF0000,0,347.62597346890857
image_49.png,5,False,173.35735142338802,123.9660972047225,20,#FF0000,Quadrant 1,1,1,30,,#FF0000,0,206.17714462723873
image_49.png,5,False,599.3645371359336,24.127370564597506,20,#FF0000,Quadrant 2,1,2,30,,#FF0000,0,142.12957147508703
image_49.png,5,False,367.0871864520779,227.02148318371314,20,#FF0000,Quadrant 4,2,2,30,,#FF0000,0,205.6391766977595
image_49.png,5,False,112.59143361355514,369.8183206186991,20,#FF0000,Quadrant 3,2,1,30,,#FF0000,0,353.79171508027855
image_49.png,5,False,664.9033618064935,74.18828965334833,20,#FF0000,Quadrant 2,1,2,30,,#FF0000,0,161.6543050276967
image_49.png,5,False,481.67344838370343,87.32548782950462,20,#FF0000,Quadrant 2,1,2,30,,#FF0000,0,28.21266797021607
image_49.png,5,False,112.88811475560435,235.92801345498145,20,#FF0000,Quadrant 3,2,1,30,,#FF0000,0,296.1230518356072
image_49.png,5,False,511.97397332538543,316.1759071598241,20,#FF0000,Quadrant 4,2,2,30,,#FF0000,0,115.1098159543396
image_49.png,5,False,394.33493653519145,219.67648441550082,20,#FF0000,Quadrant 4,2,2,30,,#FF0000,0,31.329878715542655
image_49.png,5,False,369.06515432648575,357.68720227606775,20,#FF0000,Quadrant 4,2,2,30,,#FF0000,0,308.38470503264887
image_49.png,5,False,493.5839517733969,233.10376116282072,20,#FF0000,Quadrant 4,2,2,30,,#FF0000,0,4.45096703736652
image_49.png,5,False,88.52548256926839,67.56479680552707,20,#FF0000,Quadrant 1,1,1,30,,#FF0000,0,281.4068379331662
image_49.png,5,False,412.4645128587038,375.7063692598618,20,#FF0000,Quadrant 4,2,2,30,,#FF0000,0,203.97381373983833
image_50.png,2,True,552.3787392833677,338.9056512152363,20,#FF0000,Quadrant 4,2,2,50,100,#FF0000,0,280.6360909071308
image_50.png,5,False,615.8686646975817,110.84364620440029,20,#0000FF,Quadrant 2,1,2,50,,#0000FF,0,316.8488824650116
image_50.png,5,False,405.1240122212091,189.81162084759788,20,#0000FF,Quadrant 2,1,2,50,,#0000FF,0,235.7235614568779
image_50.png,5,False,288.64905735935633,244.69641669147975,20,#0000FF,Quadrant 3,2,1,50,,#0000FF,0,61.99190213642336
image_50.png,5,False,287.785009911069,160.60965731933004,20,#0000FF,Quadrant 1,1,1,50,,#0000FF,0,245.09263075678086
image_50.png,5,False,486.76397662380435,29.63198874811404,20,#0000FF,Quadrant 2,1,2,50,,#0000FF,0,316.42474740250304
image_50.png,5,False,196.05462055694014,151.78258305525802,20,#0000FF,Quadrant 1,1,1,50,,#0000FF,0,171.0785488151058
image_50.png,5,False,557.8262692749862,128.5388345865237,20,#0000FF,Quadrant 2,1,2,50,,#0000FF,0,121.63178931369579
image_50.png,5,False,602.3237656479326,269.8740662569267,20,#0000FF,Quadrant 4,2,2,50,,#0000FF,0,303.4247647001066
image_50.png,5,False,168.0626579716177,124.58160916160746,20,#0000FF,Quadrant 1,1,1,50,,#0000FF,0,350.09879136684543
image_50.png,5,False,427.8306222616677,44.750429414508396,20,#0000FF,Quadrant 2,1,2,50,,#0000FF,0,262.3677887770398
image_50.png,5,False,640.3552029335121,164.91039639768846,20,#0000FF,Quadrant 2,1,2,50,,#0000FF,0,159.01797530129983
image_50.png,5,False,366.86947717885073,152.33805926400848,20,#0000FF,Quadrant 2,1,2,50,,#0000FF,0,174.4057186947583
image_50.png,5,False,556.3368801439703,35.80321375731027,20,#0000FF,Quadrant 2,1,2,50,,#0000FF,0,20.23409534616091
image_50.png,5,False,288.9323621575737,306.03521039925243,20,#0000FF,Quadrant 3,2,1,50,,#0000FF,0,255.4449834111802
image_50.png,5,False,402.8152144249177,76.67272057283355,20,#0000FF,Quadrant 2,1,2,50,,#0000FF,0,188.74303815185823
image_50.png,5,False,149.3007487332592,32.78320099642365,20,#0000FF,Quadrant 1,1,1,50,,#0000FF,0,315.06500020515006
image_50.png,5,False,45.83534508588467,147.22178091370782,20,#0000FF,Quadrant 1,1,1,50,,#0000FF,0,11.905576022874694
image_50.png,5,False,264.79447809901706,186.47457931144362,20,#0000FF,Quadrant 1,1,1,50,,#0000FF,0,71.67951806360405
image_50.png,5,False,646.9976886089771,268.4839082475967,20,#0000FF,Quadrant 4,2,2,50,,#0000FF,0,142.89921990593916
image_50.png,5,False,347.7740632168653,179.62709752564604,20,#0000FF,Quadrant 1,1,1,50,,#0000FF,0,87.09771405226017
image_50.png,5,False,337.9871971634066,219.40414638973206,20,#0000FF,Quadrant 3,2,1,50,,#0000FF,0,345.7873361809036
image_50.png,5,False,588.1434477068851,108.7734524690159,20,#0000FF,Quadrant 2,1,2,50,,#0000FF,0,123.92964138735009
image_50.png,5,False,73.28003366599083,21.37628518135714,20,#0000FF,Quadrant 1,1,1,50,,#0000FF,0,299.11327248801433
image_50.png,5,False,599.2828940174415,305.7757910843108,20,#0000FF,Quadrant 4,2,2,50,,#0000FF,0,17.87437542264656
image_50.png,5,False,163.51089206371265,96.09235146767499,20,#0000FF,Quadrant 1,1,1,50,,#0000FF,0,77.15469143211861
image_50.png,5,False,459.9436723377589,205.02030636057097,20,#0000FF,Quadrant 4,2,2,50,,#0000FF,0,74.4231550162292
image_50.png,5,False,677.3583270971299,268.8714985203999,20,#0000FF,Quadrant 4,2,2,50,,#0000FF,0,311.2667748399773
image_50.png,5,False,102.16440854995695,76.46984815025073,20,#0000FF,Quadrant 1,1,1,50,,#0000FF,0,170.67499435056413
image_50.png,5,False,165.17755185735976,240.95398773493125,20,#0000FF,Quadrant 3,2,1,50,,#0000FF,0,288.3113309968035
image_50.png,5,False,502.0781963041412,279.1411782574343,20,#0000FF,Quadrant 4,2,2,50,,#0000FF,0,339.48178850088635
image_50.png,5,False,627.9877698227135,332.8995734290188,20,#0000FF,Quadrant 4,2,2,50,,#0000FF,0,99.13628095813425
image_50.png,5,False,440.6646002727605,231.93614490832368,20,#0000FF,Quadrant 4,2,2,50,,#0000FF,0,187.4296433981649
image_50.png,5,False,699.6068427291729,376.3315017876128,20,#0000FF,Quadrant 4,2,2,50,,#0000FF,0,2.6451261650393576
image_50.png,5,False,397.8439537884199,235.4460210816632,20,#0000FF,Quadrant 4,2,2,50,,#0000FF,0,302.1762309575283
image_50.png,5,False,482.5606506055893,193.0971223125637,20,#0000FF,Quadrant 2,1,2,50,,#0000FF,0,101.76367601343492
image_50.png,5,False,463.06640800791683,370.92698768762716,20,#0000FF,Quadrant 4,2,2,50,,#0000FF,0,99.67857490489547
image_50.png,5,False,140.78009597436545,206.53697534910825,20,#0000FF,Quadrant 3,2,1,50,,#0000FF,0,234.52792873654366
image_50.png,5,False,50.11775065914648,335.0652060903124,20,#0000FF,Quadrant 3,2,1,50,,#0000FF,0,86.50874796425799
image_50.png,5,False,289.42381569076616,131.8034090349501,20,#0000FF,Quadrant 1,1,1,50,,#0000FF,0,291.6104308963715
image_50.png,5,False,28.53868180193741,199.00692913713544,20,#0000FF,Quadrant 1,1,1,50,,#0000FF,0,50.3746230875101
image_50.png,5,False,412.70333096280325,387.016909973562,20,#0000FF,Quadrant 4,2,2,50,,#0000FF,0,265.22355446752044
image_50.png,5,False,247.44209719890995,280.6535913203156,20,#0000FF,Quadrant 3,2,1,50,,#0000FF,0,293.7652923790325
image_50.png,5,False,258.0045237208898,124.47364519214983,20,#0000FF,Quadrant 1,1,1,50,,#0000FF,0,338.6404636641789
image_50.png,5,False,335.3680213328712,291.06734101303215,20,#0000FF,Quadrant 3,2,1,50,,#0000FF,0,105.76225902987345
image_50.png,5,False,396.17281105854096,355.97216034829495,20,#0000FF,Quadrant 4,2,2,50,,#0000FF,0,261.06718935820305
image_50.png,5,False,164.87294059068435,340.4013837581741,20,#0000FF,Quadrant 3,2,1,50,,#0000FF,0,80.0112641446443
image_50.png,5,False,330.53107282136654,55.52139612930134,20,#0000FF,Quadrant 1,1,1,50,,#0000FF,0,210.80545027448534
image_50.png,5,False,336.3593611777913,84.53755828127598,20,#0000FF,Quadrant 1,1,1,50,,#0000FF,0,223.43569029597688
image_50.png,5,False,611.0150618372202,67.99425451400924,20,#0000FF,Quadrant 2,1,2,50,,#0000FF,0,148.7186114449971
image_50.png,5,False,247.09955071608104,384.15842456545346,20,#0000FF,Quadrant 3,2,1,50,,#0000FF,0,357.2452270396558
image_51.png,2,True,135.26581391461542,41.54673449922767,20,#00FF00,Quadrant 1,1,1,10,100,#00FF00,0,310.46181960136175
image_51.png,5,False,690.7952167900794,129.47051912427403,20,#FF0000,Quadrant 2,1,2,10,,#FF0000,0,119.74660088994946
image_51.png,5,False,322.46467448369185,90.14653523065938,20,#FF0000,Quadrant 1,1,1,10,,#FF0000,0,20.88489176107091
image_51.png,5,False,408.05617294258843,70.88847436800702,20,#FF0000,Quadrant 2,1,2,10,,#FF0000,0,278.47521767540326
image_51.png,5,False,548.2494423960185,59.915451960812064,20,#FF0000,Quadrant 2,1,2,10,,#FF0000,0,282.6759260511763
image_51.png,5,False,306.863299153284,173.17161957095504,20,#FF0000,Quadrant 1,1,1,10,,#FF0000,0,156.13610914390918
image_51.png,5,False,14.217035792713922,212.7698238743736,20,#FF0000,Quadrant 3,2,1,10,,#FF0000,0,171.8640993386053
image_51.png,5,False,665.5972760669822,348.1784162506205,20,#FF0000,Quadrant 4,2,2,10,,#FF0000,0,263.03726534781237
image_51.png,5,False,376.88227825840823,17.772295488497598,20,#FF0000,Quadrant 2,1,2,10,,#FF0000,0,272.465185671764
image_51.png,5,False,516.4526329892809,96.52843886727355,20,#FF0000,Quadrant 2,1,2,10,,#FF0000,0,1.484580230767203
image_51.png,5,False,226.03156747544793,49.82370842234847,20,#FF0000,Quadrant 1,1,1,10,,#FF0000,0,315.71464869354605
image_52.png,2,True,42.49994434760025,369.5191557700403,20,#0000FF,Quadrant 3,2,1,2,100,#0000FF,0,23.50332808929515
image_52.png,5,False,369.47871603741396,209.11646930651133,20,#00FF00,Quadrant 4,2,2,2,,#00FF00,0,164.13347230866168
image_52.png,5,False,484.1915265685356,61.57240458989896,20,#00FF00,Quadrant 2,1,2,2,,#00FF00,0,156.11948281281184
image_53.png,2,True,635.8501287374163,317.93914376558394,20,#00FF00,Quadrant 4,2,2,3,100,#00FF00,0,59.35806320093842
image_53.png,5,False,165.55741933002557,383.28446025845244,20,#0000FF,Quadrant 3,2,1,3,,#0000FF,0,6.884903924394989
image_53.png,5,False,26.098244453209347,201.75148363319212,20,#0000FF,Quadrant 3,2,1,3,,#0000FF,0,76.02848249873207
image_53.png,5,False,500.95485207604105,310.42406460734736,20,#0000FF,Quadrant 4,2,2,3,,#0000FF,0,44.338313430345934
image_54.png,2,True,420.21368276577203,29.129022018794924,20,#00FF00,Quadrant 2,1,2,30,100,#00FF00,0,224.32851983227806
image_54.png,5,False,587.0866865933095,29.232851346771454,20,#0000FF,Quadrant 2,1,2,30,,#0000FF,0,38.92084207597628
image_54.png,5,False,317.1325450837228,57.71893381232575,20,#0000FF,Quadrant 1,1,1,30,,#0000FF,0,41.68433748214841
image_54.png,5,False,494.58720003444375,88.67707811879058,20,#0000FF,Quadrant 2,1,2,30,,#0000FF,0,90.98578550504655
image_54.png,5,False,17.410833615580465,170.0894105293543,20,#0000FF,Quadrant 1,1,1,30,,#0000FF,0,246.86641027712884
image_54.png,5,False,369.4930623547304,246.41755963064566,20,#0000FF,Quadrant 4,2,2,30,,#0000FF,0,36.352744985326126
image_54.png,5,False,299.5709429705122,350.6790876512049,20,#0000FF,Quadrant 3,2,1,30,,#0000FF,0,252.2614846332287
image_54.png,5,False,436.5938910329276,117.86315836829499,20,#0000FF,Quadrant 2,1,2,30,,#0000FF,0,184.17052312758443
image_54.png,5,False,583.902687329409,378.8392550366555,20,#0000FF,Quadrant 4,2,2,30,,#0000FF,0,280.0652099749282
image_54.png,5,False,293.32204283399113,71.62122028243061,20,#0000FF,Quadrant 1,1,1,30,,#0000FF,0,128.85186115829072
image_54.png,5,False,638.2357163213279,271.14108004213125,20,#0000FF,Quadrant 4,2,2,30,,#0000FF,0,197.3299549422241
image_54.png,5,False,172.5741282544023,15.819273679534502,20,#0000FF,Quadrant 1,1,1,30,,#0000FF,0,173.03901939852014
image_54.png,5,False,87.08690209295567,228.0297452426723,20,#0000FF,Quadrant 3,2,1,30,,#0000FF,0,32.041022229766945
image_54.png,5,False,665.168304838739,305.660912136917,20,#0000FF,Quadrant 4,2,2,30,,#0000FF,0,177.87745038935554
image_54.png,5,False,509.54403517983206,353.006607135588,20,#0000FF,Quadrant 4,2,2,30,,#0000FF,0,27.017356905958803
image_54.png,5,False,325.70160073929145,380.41598020416785,20,#0000FF,Quadrant 3,2,1,30,,#0000FF,0,231.9612449647315
image_54.png,5,False,45.5052549151207,318.38144046095965,20,#0000FF,Quadrant 3,2,1,30,,#0000FF,0,95.08500819757468
image_54.png,5,False,598.199344472593,147.1611430123696,20,#0000FF,Quadrant 2,1,2,30,,#0000FF,0,314.6905616983773
image_54.png,5,False,624.4111959533212,14.656139880832395,20,#0000FF,Quadrant 2,1,2,30,,#0000FF,0,306.44852424378274
image_54.png,5,False,669.0564288230615,112.42095266330057,20,#0000FF,Quadrant 2,1,2,30,,#0000FF,0,322.0299422560425
image_54.png,5,False,267.73666360609525,140.54918920341612,20,#0000FF,Quadrant 1,1,1,30,,#0000FF,0,263.90446032183223
image_54.png,5,False,286.77240569913045,183.57162356937604,20,#0000FF,Quadrant 1,1,1,30,,#0000FF,0,40.979519965349894
image_54.png,5,False,486.3427750625664,191.7766141471405,20,#0000FF,Quadrant 2,1,2,30,,#0000FF,0,300.8550043318985
image_54.png,5,False,621.5393579234978,74.04235964071287,20,#0000FF,Quadrant 2,1,2,30,,#0000FF,0,151.82633573997566
image_54.png,5,False,511.4972562298727,382.0331464577654,20,#0000FF,Quadrant 4,2,2,30,,#0000FF,0,47.70416744516159
image_54.png,5,False,82.45832985373654,355.4437157608838,20,#0000FF,Quadrant 3,2,1,30,,#0000FF,0,303.96594507532075
image_54.png,5,False,403.0020240054493,176.62554029015072,20,#0000FF,Quadrant 2,1,2,30,,#0000FF,0,173.76294619452446
image_54.png,5,False,547.8441989725429,242.09348248610297,20,#0000FF,Quadrant 4,2,2,30,,#0000FF,0,220.076336985158
image_54.png,5,False,343.8418832358287,195.51040970303387,20,#0000FF,Quadrant 1,1,1,30,,#0000FF,0,321.03460853573614
image_54.png,5,False,314.6339495008806,34.94102557666348,20,#0000FF,Quadrant 1,1,1,30,,#0000FF,0,319.5338141028757
image_54.png,5,False,19.516186747308552,339.2295987625206,20,#0000FF,Quadrant 3,2,1,30,,#0000FF,0,235.79048479442042
image_55.png,2,True,485.19849234595705,244.69434806705658,20,#0000FF,Quadrant 4,2,2,10,100,#0000FF,0,186.87588444588437
image_55.png,5,False,511.6632062440331,193.16941802720208,20,#FF0000,Quadrant 2,1,2,10,,#FF0000,0,155.82524655920844
image_55.png,5,False,452.9276679842173,67.19138295318541,20,#FF0000,Quadrant 2,1,2,10,,#FF0000,0,238.93583181102875
image_55.png,5,False,625.6306364431115,242.68149626721436,20,#FF0000,Quadrant 4,2,2,10,,#FF0000,0,297.5176152661735
image_55.png,5,False,654.7819086694938,202.10454217242915,20,#FF0000,Quadrant 4,2,2,10,,#FF0000,0,4.192152258929109
image_55.png,5,False,352.630267292465,73.5226641021599,20,#FF0000,Quadrant 1,1,1,10,,#FF0000,0,168.94401719177972
image_55.png,5,False,231.9166989026551,136.07825047310314,20,#FF0000,Quadrant 1,1,1,10,,#FF0000,0,270.5148003771399
image_55.png,5,False,360.27430987689485,219.08732535819667,20,#FF0000,Quadrant 4,2,2,10,,#FF0000,0,100.13656689320695
image_55.png,5,False,573.9841776409372,40.79796519531125,20,#FF0000,Quadrant 2,1,2,10,,#FF0000,0,136.30953330680515
image_55.png,5,False,405.8210671748215,44.271507723560354,20,#FF0000,Quadrant 2,1,2,10,,#FF0000,0,159.90799552540525
image_55.png,5,False,228.76639239332832,381.69353932147567,20,#FF0000,Quadrant 3,2,1,10,,#FF0000,0,179.44421262252717
image_56.png,2,True,35.688201426440955,218.55934250402564,20,#0000FF,Quadrant 3,2,1,1,100,#0000FF,0,145.2382772299787
image_56.png,5,False,556.5386834837202,375.0787318498418,20,#FF0000,Quadrant 4,2,2,1,,#FF0000,0,297.32715303243987
image_57.png,2,True,462.01663267348584,183.44659497763394,20,#0000FF,Quadrant 2,1,2,30,100,#0000FF,0,202.4397259538356
image_57.png,5,False,579.6392725363047,319.6705235262442,20,#00FF00,Quadrant 4,2,2,30,,#00FF00,0,122.70751216116017
image_57.png,5,False,239.72913900721016,301.0833991487958,20,#00FF00,Quadrant 3,2,1,30,,#00FF00,0,303.95427825753086
image_57.png,5,False,504.7774089410022,148.3253388301678,20,#00FF00,Quadrant 2,1,2,30,,#00FF00,0,215.98241456097455
image_57.png,5,False,78.13410838076057,260.06807593867484,20,#00FF00,Quadrant 3,2,1,30,,#00FF00,0,162.91168422288007
image_57.png,5,False,255.69075624488286,250.52392621752566,20,#00FF00,Quadrant 3,2,1,30,,#00FF00,0,0.7909012056034825
image_57.png,5,False,388.35881078725845,152.33055625403153,20,#00FF00,Quadrant 2,1,2,30,,#00FF00,0,287.96857763166787
image_57.png,5,False,628.9483347691822,197.13556974448107,20,#00FF00,Quadrant 2,1,2,30,,#00FF00,0,38.27600252986039
image_57.png,5,False,145.9898908676013,56.641915184421414,20,#00FF00,Quadrant 1,1,1,30,,#00FF00,0,91.54415205051478
image_57.png,5,False,159.54116851020376,322.6814663214751,20,#00FF00,Quadrant 3,2,1,30,,#00FF00,0,306.7899738359655
image_57.png,5,False,447.30268216888777,265.0695899767473,20,#00FF00,Quadrant 4,2,2,30,,#00FF00,0,16.74013028730114
image_57.png,5,False,358.3921299708203,375.3370978426726,20,#00FF00,Quadrant 4,2,2,30,,#00FF00,0,212.15381997993973
image_57.png,5,False,518.2513979857105,220.119552325804,20,#00FF00,Quadrant 4,2,2,30,,#00FF00,0,1.5615459600922499
image_57.png,5,False,414.14817011907786,360.41219028942163,20,#00FF00,Quadrant 4,2,2,30,,#00FF00,0,155.81173674742726
image_57.png,5,False,638.1150441549158,272.5070953718838,20,#00FF00,Quadrant 4,2,2,30,,#00FF00,0,281.18933894946
image_57.png,5,False,572.7032221738625,50.143397304708564,20,#00FF00,Quadrant 2,1,2,30,,#00FF00,0,62.51409726573581
image_57.png,5,False,428.64477325363043,132.65694202895182,20,#00FF00,Quadrant 2,1,2,30,,#00FF00,0,236.7078520074231
image_57.png,5,False,299.46000987944024,241.19961616556395,20,#00FF00,Quadrant 3,2,1,30,,#00FF00,0,317.30060412346234
image_57.png,5,False,182.03652568539644,161.39485866008962,20,#00FF00,Quadrant 1,1,1,30,,#00FF00,0,249.30559273403045
image_57.png,5,False,213.6855704785189,315.21320204745643,20,#00FF00,Quadrant 3,2,1,30,,#00FF00,0,123.42917017174507
image_57.png,5,False,591.8782831529496,218.0706571738977,20,#00FF00,Quadrant 4,2,2,30,,#00FF00,0,184.42606410092654
image_57.png,5,False,155.49204772004083,281.0373544681001,20,#00FF00,Quadrant 3,2,1,30,,#00FF00,0,78.24332052707723
image_57.png,5,False,645.7011256833783,61.14991340745103,20,#00FF00,Quadrant 2,1,2,30,,#00FF00,0,247.18006703485312
image_57.png,5,False,682.8986707574645,78.21320031934766,20,#00FF00,Quadrant 2,1,2,30,,#00FF00,0,255.74271972500603
image_57.png,5,False,398.41106569003216,231.30077047423447,20,#00FF00,Quadrant 4,2,2,30,,#00FF00,0,273.879008939904
image_57.png,5,False,500.2751820954851,265.86403753380756,20,#00FF00,Quadrant 4,2,2,30,,#00FF00,0,339.3625143183515
image_57.png,5,False,378.85903175178447,342.6863948127613,20,#00FF00,Quadrant 4,2,2,30,,#00FF00,0,321.7917604960512
image_57.png,5,False,19.798884907073933,51.24583609069039,20,#00FF00,Quadrant 1,1,1,30,,#00FF00,0,152.0590929015705
image_57.png,5,False,47.561784660854364,32.39660468372042,20,#00FF00,Quadrant 1,1,1,30,,#00FF00,0,137.11331287263044
image_57.png,5,False,552.2316806978321,382.7752447898736,20,#00FF00,Quadrant 4,2,2,30,,#00FF00,0,96.11217699994597
image_57.png,5,False,111.88916080693953,34.44840744916237,20,#00FF00,Quadrant 1,1,1,30,,#00FF00,0,246.02051831932334
image_58.png,2,True,571.864063895029,49.73744239575515,20,#00FF00,Quadrant 2,1,2,30,100,#00FF00,0,11.630297967237775
image_58.png,5,False,520.5103188390935,337.91008140733976,20,#FF0000,Quadrant 4,2,2,30,,#FF0000,0,312.4927345155877
image_58.png,5,False,397.7154108728685,100.8110886300253,20,#FF0000,Quadrant 2,1,2,30,,#FF0000,0,267.2685849142298
image_58.png,5,False,561.388187465314,119.72741140372926,20,#FF0000,Quadrant 2,1,2,30,,#FF0000,0,282.35058223351916
image_58.png,5,False,649.3480348952892,157.49565718667233,20,#FF0000,Quadrant 2,1,2,30,,#FF0000,0,239.21768469298448
image_58.png,5,False,683.341855496671,129.1832047781717,20,#FF0000,Quadrant 2,1,2,30,,#FF0000,0,344.4127092042576
image_58.png,5,False,19.933048757825794,106.00694652473156,20,#FF0000,Quadrant 1,1,1,30,,#FF0000,0,198.76485511190288
image_58.png,5,False,549.0572511914851,339.9046388974647,20,#FF0000,Quadrant 4,2,2,30,,#FF0000,0,223.40221042026565
image_58.png,5,False,639.0141138038059,277.3497880414738,20,#FF0000,Quadrant 4,2,2,30,,#FF0000,0,298.794053503852
image_58.png,5,False,531.2692088886909,217.62052167306922,20,#FF0000,Quadrant 4,2,2,30,,#FF0000,0,233.1476587980002
image_58.png,5,False,545.7651073892869,375.5015531416396,20,#FF0000,Quadrant 4,2,2,30,,#FF0000,0,217.21931182391097
image_58.png,5,False,133.24644405841332,269.0450459431803,20,#FF0000,Quadrant 3,2,1,30,,#FF0000,0,105.90397984961695
image_58.png,5,False,130.74484584830526,205.23411034878893,20,#FF0000,Quadrant 3,2,1,30,,#FF0000,0,67.31156935163652
image_58.png,5,False,306.2418841221059,221.39427858503586,20,#FF0000,Quadrant 3,2,1,30,,#FF0000,0,135.79136173895242
image_58.png,5,False,499.9759251619404,69.5165537677522,20,#FF0000,Quadrant 2,1,2,30,,#FF0000,0,119.00260394721687
image_58.png,5,False,233.29209059663526,30.22335677179572,20,#FF0000,Quadrant 1,1,1,30,,#FF0000,0,55.33321808506671
image_58.png,5,False,435.1543778324384,261.19449974474696,20,#FF0000,Quadrant 4,2,2,30,,#FF0000,0,335.6574716056287
image_58.png,5,False,405.5744464923468,146.35635232589348,20,#FF0000,Quadrant 2,1,2,30,,#FF0000,0,176.5983388153236
image_58.png,5,False,230.00485470143855,94.14564183161671,20,#FF0000,Quadrant 1,1,1,30,,#FF0000,0,282.2513214853805
image_58.png,5,False,57.973587212949425,201.9430524724874,20,#FF0000,Quadrant 3,2,1,30,,#FF0000,0,66.19287511272923
image_58.png,5,False,381.0177712958631,45.75541938896712,20,#FF0000,Quadrant 2,1,2,30,,#FF0000,0,149.7352477573518
image_58.png,5,False,158.000775218289,136.451968633705,20,#FF0000,Quadrant 1,1,1,30,,#FF0000,0,79.631309196523
image_58.png,5,False,161.50880190553065,295.50385065160737,20,#FF0000,Quadrant 3,2,1,30,,#FF0000,0,129.88721687858376
image_58.png,5,False,697.6788159143894,322.35421554972646,20,#FF0000,Quadrant 4,2,2,30,,#FF0000,0,190.97960241845686
image_58.png,5,False,17.065746747280777,263.85874090187815,20,#FF0000,Quadrant 3,2,1,30,,#FF0000,0,353.2079511415067
image_58.png,5,False,634.1980598980199,242.97901468898027,20,#FF0000,Quadrant 4,2,2,30,,#FF0000,0,160.44020866248928
image_58.png,5,False,671.6799062749402,269.0044143705036,20,#FF0000,Quadrant 4,2,2,30,,#FF0000,0,223.60741114450823
image_58.png,5,False,642.0774444757874,368.20533942323465,20,#FF0000,Quadrant 4,2,2,30,,#FF0000,0,115.53732378254932
image_58.png,5,False,577.4331452613367,152.73413993722812,20,#FF0000,Quadrant 2,1,2,30,,#FF0000,0,328.0809335863025
image_58.png,5,False,317.98870242691373,27.57592782416966,20,#FF0000,Quadrant 1,1,1,30,,#FF0000,0,289.01402550298576
image_58.png,5,False,126.33502354809801,372.47240604694485,20,#FF0000,Quadrant 3,2,1,30,,#FF0000,0,341.3562550734305
image_59.png,2,True,444.7354794144495,91.58019984477328,20,#0000FF,Quadrant 2,1,2,1,100,#0000FF,0,75.881330976789
image_59.png,5,False,586.7732385665594,88.70907669716397,20,#FF0000,Quadrant 2,1,2,1,,#FF0000,0,246.74586588677317
image_60.png,2,True,116.93690370295776,184.58713892829576,20,#0000FF,Quadrant 1,1,1,1,100,#0000FF,0,268.88069724273436
image_60.png,5,False,71.30189867666283,31.51333079696471,20,#00FF00,Quadrant 1,1,1,1,,#00FF00,0,119.41753516822361
image_61.png,2,True,638.6697497830423,165.08519027140977,20,#00FF00,Quadrant 2,1,2,50,100,#00FF00,0,295.78295470738726
image_61.png,5,False,289.6646862652469,130.60080495763407,20,#FF0000,Quadrant 1,1,1,50,,#FF0000,0,162.40523894785503
image_61.png,5,False,92.51266976074041,13.229794580174932,20,#FF0000,Quadrant 1,1,1,50,,#FF0000,0,140.22067220797794
image_61.png,5,False,54.57070003343256,292.9694897335755,20,#FF0000,Quadrant 3,2,1,50,,#FF0000,0,259.3028451696468
image_61.png,5,False,595.4451036752323,146.21065244676208,20,#FF0000,Quadrant 2,1,2,50,,#FF0000,0,16.386067363005328
image_61.png,5,False,210.69741659737016,270.2621331208241,20,#FF0000,Quadrant 3,2,1,50,,#FF0000,0,181.0213023290693
image_61.png,5,False,204.9655191173698,361.28915254355655,20,#FF0000,Quadrant 3,2,1,50,,#FF0000,0,218.363702827259
image_61.png,5,False,577.4423130395879,22.64963921284183,20,#FF0000,Quadrant 2,1,2,50,,#FF0000,0,137.30888681293106
image_61.png,5,False,162.4874848422916,293.2729785874127,20,#FF0000,Quadrant 3,2,1,50,,#FF0000,0,56.276450693967874
image_61.png,5,False,596.2830648199033,122.5018614003863,20,#FF0000,Quadrant 2,1,2,50,,#FF0000,0,286.8373573354964
image_61.png,5,False,608.4587519504474,255.9215500730524,20,#FF0000,Quadrant 4,2,2,50,,#FF0000,0,347.53154163216175
image_61.png,5,False,18.68249315305174,341.6618986414102,20,#FF0000,Quadrant 3,2,1,50,,#FF0000,0,344.6609936789232
image_61.png,5,False,39.78169378240072,227.48762888860364,20,#FF0000,Quadrant 3,2,1,50,,#FF0000,0,50.8945918408383
image_61.png,5,False,388.24503518245217,43.177951851287894,20,#FF0000,Quadrant 2,1,2,50,,#FF0000,0,141.86941231321345
image_61.png,5,False,521.8456028144318,285.40431705099286,20,#FF0000,Quadrant 4,2,2,50,,#FF0000,0,75.6190406485406
image_61.png,5,False,634.9777129072457,332.8514458071062,20,#FF0000,Quadrant 4,2,2,50,,#FF0000,0,76.22529945191455
image_61.png,5,False,137.77098599912898,244.18250098477958,20,#FF0000,Quadrant 3,2,1,50,,#FF0000,0,51.28384216087735
image_61.png,5,False,89.9749315228734,264.62965049051866,20,#FF0000,Quadrant 3,2,1,50,,#FF0000,0,90.98704002765889
image_61.png,5,False,389.1584171862283,254.6869662387164,20,#FF0000,Quadrant 4,2,2,50,,#FF0000,0,356.4275121536307
image_61.png,5,False,473.7911366404067,105.75991840005297,20,#FF0000,Quadrant 2,1,2,50,,#FF0000,0,26.332045977078067
image_61.png,5,False,411.0304051985903,370.68208459810654,20,#FF0000,Quadrant 4,2,2,50,,#FF0000,0,71.07033328124976
image_61.png,5,False,59.098321565849396,84.14245912524375,20,#FF0000,Quadrant 1,1,1,50,,#FF0000,0,102.64937179554761
image_61.png,5,False,237.2304478932912,260.2616108324031,20,#FF0000,Quadrant 3,2,1,50,,#FF0000,0,174.91004289859941
image_61.png,5,False,671.5159972094282,74.7457351224605,20,#FF0000,Quadrant 2,1,2,50,,#FF0000,0,290.77191527098364
image_61.png,5,False,552.3198172124565,280.2112700913141,20,#FF0000,Quadrant 4,2,2,50,,#FF0000,0,112.75732106434587
image_61.png,5,False,201.63240633037555,146.88570790564717,20,#FF0000,Quadrant 1,1,1,50,,#FF0000,0,230.70187596235172
image_61.png,5,False,239.44687275486683,192.42260084268958,20,#FF0000,Quadrant 1,1,1,50,,#FF0000,0,244.64886474512667
image_61.png,5,False,544.8144364913558,195.07518256106934,20,#FF0000,Quadrant 2,1,2,50,,#FF0000,0,160.32887048383785
image_61.png,5,False,455.7850552124266,41.986055986566456,20,#FF0000,Quadrant 2,1,2,50,,#FF0000,0,39.17974906621317
image_61.png,5,False,580.4196908508326,347.9102807164015,20,#FF0000,Quadrant 4,2,2,50,,#FF0000,0,101.02173826945507
image_61.png,5,False,516.4122411436243,247.86193855779453,20,#FF0000,Quadrant 4,2,2,50,,#FF0000,0,70.71549456391091
image_61.png,5,False,570.9106134841036,229.82449758902806,20,#FF0000,Quadrant 4,2,2,50,,#FF0000,0,227.38553800605177
image_61.png,5,False,157.59211277546854,24.856084916759492,20,#FF0000,Quadrant 1,1,1,50,,#FF0000,0,276.9120917649051
image_61.png,5,False,626.9563089022316,214.99795015495485,20,#FF0000,Quadrant 4,2,2,50,,#FF0000,0,93.8218757186007
image_61.png,5,False,113.40812570638231,159.3643747300648,20,#FF0000,Quadrant 1,1,1,50,,#FF0000,0,235.40693014168
image_61.png,5,False,417.23492004121306,335.00805026291073,20,#FF0000,Quadrant 4,2,2,50,,#FF0000,0,320.917515739591
image_61.png,5,False,356.27386507894,45.22942116845242,20,#FF0000,Quadrant 2,1,2,50,,#FF0000,0,48.19725340077584
image_61.png,5,False,18.29766976524497,101.29694411558755,20,#FF0000,Quadrant 1,1,1,50,,#FF0000,0,130.9916009067015
image_61.png,5,False,687.4968541865854,269.61310628569765,20,#FF0000,Quadrant 4,2,2,50,,#FF0000,0,347.040096598524
image_61.png,5,False,107.71540724073265,71.18607397166546,20,#FF0000,Quadrant 1,1,1,50,,#FF0000,0,272.59418565846386
image_61.png,5,False,515.3510830859382,366.0082476260119,20,#FF0000,Quadrant 4,2,2,50,,#FF0000,0,52.63165909745641
image_61.png,5,False,535.6544683276521,98.60146507443129,20,#FF0000,Quadrant 2,1,2,50,,#FF0000,0,14.551137378624679
image_61.png,5,False,172.2388628385589,263.7253568035409,20,#FF0000,Quadrant 3,2,1,50,,#FF0000,0,95.16856143621105
image_61.png,5,False,556.3162549801333,157.69919556034247,20,#FF0000,Quadrant 2,1,2,50,,#FF0000,0,186.4386827258869
image_61.png,5,False,618.3893151282922,26.08397606509131,20,#FF0000,Quadrant 2,1,2,50,,#FF0000,0,330.4446998512122
image_61.png,5,False,82.12203388567472,377.07084951608596,20,#FF0000,Quadrant 3,2,1,50,,#FF0000,0,233.46890953679085
image_61.png,5,False,403.84034460620967,153.3773172876929,20,#FF0000,Quadrant 2,1,2,50,,#FF0000,0,208.30731657122092
image_61.png,5,False,290.62527755757213,319.9154972582902,20,#FF0000,Quadrant 3,2,1,50,,#FF0000,0,80.24373163203774
image_61.png,5,False,557.140985415681,346.35099464946796,20,#FF0000,Quadrant 4,2,2,50,,#FF0000,0,124.21163629941762
image_61.png,5,False,365.5189371955071,117.14599415625231,20,#FF0000,Quadrant 2,1,2,50,,#FF0000,0,82.79667576962531
image_61.png,5,False,466.50454396537407,167.72397296595014,20,#FF0000,Quadrant 2,1,2,50,,#FF0000,0,294.1038271978414
image_62.png,2,True,341.04558155816056,234.31895974987063,20,#00FF00,Quadrant 3,2,1,20,100,#00FF00,0,243.0825934735929
image_62.png,5,False,294.1095537354448,103.10737620523987,20,#FF0000,Quadrant 1,1,1,20,,#FF0000,0,233.01332429059892
image_62.png,5,False,419.1275379957108,61.9256901440492,20,#FF0000,Quadrant 2,1,2,20,,#FF0000,0,46.03864138167458
image_62.png,5,False,624.7595956421908,66.51500783216012,20,#FF0000,Quadrant 2,1,2,20,,#FF0000,0,184.55141376039913
image_62.png,5,False,646.5658938813646,206.29018181721932,20,#FF0000,Quadrant 4,2,2,20,,#FF0000,0,59.88289187083743
image_62.png,5,False,678.8089004257592,252.02138314424732,20,#FF0000,Quadrant 4,2,2,20,,#FF0000,0,145.96427392787268
image_62.png,5,False,512.5743033434626,321.45265122611704,20,#FF0000,Quadrant 4,2,2,20,,#FF0000,0,316.26323386309315
image_62.png,5,False,160.23286492750879,240.2667894159947,20,#FF0000,Quadrant 3,2,1,20,,#FF0000,0,341.0113927041699
image_62.png,5,False,342.8695269489327,93.91952200142615,20,#FF0000,Quadrant 1,1,1,20,,#FF0000,0,169.7088437693481
image_62.png,5,False,109.32866243638445,231.24024002351834,20,#FF0000,Quadrant 3,2,1,20,,#FF0000,0,147.87606668697248
image_62.png,5,False,440.392888110116,204.0842553972365,20,#FF0000,Quadrant 4,2,2,20,,#FF0000,0,276.2964405527583
image_62.png,5,False,483.37231186107175,359.6490351513901,20,#FF0000,Quadrant 4,2,2,20,,#FF0000,0,60.379812573695524
image_62.png,5,False,58.43275606141759,153.96389110166274,20,#FF0000,Quadrant 1,1,1,20,,#FF0000,0,214.7520104990494
image_62.png,5,False,22.411650191382673,208.58488766048592,20,#FF0000,Quadrant 3,2,1,20,,#FF0000,0,47.596751444676826
image_62.png,5,False,482.5294356959966,323.4223621527413,20,#FF0000,Quadrant 4,2,2,20,,#FF0000,0,327.36212031222453
image_62.png,5,False,133.24388499463993,351.8079065410406,20,#FF0000,Quadrant 3,2,1,20,,#FF0000,0,217.9839664300344
image_62.png,5,False,615.771567404905,211.8805211652699,20,#FF0000,Quadrant 4,2,2,20,,#FF0000,0,215.93296687344582
image_62.png,5,False,75.20788643705846,260.2504070197366,20,#FF0000,Quadrant 3,2,1,20,,#FF0000,0,270.8579343729161
image_62.png,5,False,382.5680445817299,11.453677796231668,20,#FF0000,Quadrant 2,1,2,20,,#FF0000,0,324.71451205947153
image_62.png,5,False,478.52739922941225,174.10579993823706,20,#FF0000,Quadrant 2,1,2,20,,#FF0000,0,337.5845426243048
image_62.png,5,False,613.7539432043505,274.70898109876094,20,#FF0000,Quadrant 4,2,2,20,,#FF0000,0,151.4462472001901
image_63.png,2,True,273.67194588114893,233.66017656137606,20,#00FF00,Quadrant 3,2,1,20,100,#00FF00,0,284.2400106543437
image_63.png,5,False,535.7005274357219,274.3554739935224,20,#FF0000,Quadrant 4,2,2,20,,#FF0000,0,266.90185522160823
image_63.png,5,False,103.24545977535034,191.35938758771613,20,#FF0000,Quadrant 1,1,1,20,,#FF0000,0,35.178087004841736
image_63.png,5,False,602.8876873906725,118.0748005073853,20,#FF0000,Quadrant 2,1,2,20,,#FF0000,0,83.70464062415604
image_63.png,5,False,292.55757952949125,82.44994318535514,20,#FF0000,Quadrant 1,1,1,20,,#FF0000,0,315.6358727495608
image_63.png,5,False,554.9120903082311,229.47914111256867,20,#FF0000,Quadrant 4,2,2,20,,#FF0000,0,255.29358139419884
image_63.png,5,False,15.95670213845063,258.41843366360865,20,#FF0000,Quadrant 3,2,1,20,,#FF0000,0,42.41829743321437
image_63.png,5,False,228.65628137956747,147.93798053479532,20,#FF0000,Quadrant 1,1,1,20,,#FF0000,0,247.5960252399994
image_63.png,5,False,459.93581906199495,106.87317051568994,20,#FF0000,Quadrant 2,1,2,20,,#FF0000,0,55.7202890022529
image_63.png,5,False,302.8339061815872,149.2134676969863,20,#FF0000,Quadrant 1,1,1,20,,#FF0000,0,307.79169345645425
image_63.png,5,False,479.93733078871594,296.379378430517,20,#FF0000,Quadrant 4,2,2,20,,#FF0000,0,99.20179543679596
image_63.png,5,False,551.0302192878773,193.37281214860087,20,#FF0000,Quadrant 2,1,2,20,,#FF0000,0,148.76213698653712
image_63.png,5,False,393.3339244895484,106.92794997733921,20,#FF0000,Quadrant 2,1,2,20,,#FF0000,0,133.2766687964929
image_63.png,5,False,248.26149360403414,277.6769618130702,20,#FF0000,Quadrant 3,2,1,20,,#FF0000,0,110.395111202854
image_63.png,5,False,600.0942578254583,260.2089169697048,20,#FF0000,Quadrant 4,2,2,20,,#FF0000,0,264.88167501765986
image_63.png,5,False,318.7038705390861,275.3397251875302,20,#FF0000,Quadrant 3,2,1,20,,#FF0000,0,269.21311022875955
image_63.png,5,False,158.76165951973718,162.41202262892324,20,#FF0000,Quadrant 1,1,1,20,,#FF0000,0,58.246242374929054
image_63.png,5,False,390.34701185720763,274.487700497846,20,#FF0000,Quadrant 4,2,2,20,,#FF0000,0,121.83762467136489
image_63.png,5,False,121.74848829278667,375.6075550195676,20,#FF0000,Quadrant 3,2,1,20,,#FF0000,0,254.44437607183312
image_63.png,5,False,73.76003454046707,65.93414874591491,20,#FF0000,Quadrant 1,1,1,20,,#FF0000,0,1.9046280501259094
image_63.png,5,False,310.9750524068544,35.2224125075994,20,#FF0000,Quadrant 1,1,1,20,,#FF0000,0,333.3102436072257
image_64.png,2,True,510.1768575519369,362.7989266225798,20,#FF0000,Quadrant 4,2,2,1,100,#FF0000,0,219.2503900348538
image_64.png,5,False,463.10473337004197,119.28537040194124,20,#00FF00,Quadrant 2,1,2,1,,#00FF00,0,144.2321489827902
image_65.png,2,True,313.4517414449115,87.24533778067352,20,#0000FF,Quadrant 1,1,1,2,100,#0000FF,0,230.5048732308493
image_65.png,5,False,564.8939273804993,119.11046142588685,20,#FF0000,Quadrant 2,1,2,2,,#FF0000,0,236.47832017446345
image_65.png,5,False,424.06577498292523,205.97755272696912,20,#FF0000,Quadrant 4,2,2,2,,#FF0000,0,12.099366502653034
image_66.png,2,True,462.3081732556069,379.7941505574742,20,#FF0000,Quadrant 4,2,2,0,100,#FF0000,0,129.50639937916685
image_67.png,2,True,283.25360764828105,232.53830244926604,20,#FF0000,Quadrant 3,2,1,15,100,#FF0000,0,127.12595880835008
image_67.png,5,False,518.7416971608661,36.93729099220829,20,#00FF00,Quadrant 2,1,2,15,,#00FF00,0,186.38737235614616
image_67.png,5,False,207.0162192680654,324.65109532583534,20,#00FF00,Quadrant 3,2,1,15,,#00FF00,0,32.45970873425418
image_67.png,5,False,250.83762604303905,375.1227373947548,20,#00FF00,Quadrant 3,2,1,15,,#00FF00,0,329.4032306213354
image_67.png,5,False,428.78438810666177,84.53052298649328,20,#00FF00,Quadrant 2,1,2,15,,#00FF00,0,99.542825530964
image_67.png,5,False,407.1107312828663,109.69863714399297,20,#00FF00,Quadrant 2,1,2,15,,#00FF00,0,334.6969826923633
image_67.png,5,False,84.35435495448526,38.36189685909409,20,#00FF00,Quadrant 1,1,1,15,,#00FF00,0,146.5684653985926
image_67.png,5,False,663.4936555074095,314.51216769235106,20,#00FF00,Quadrant 4,2,2,15,,#00FF00,0,105.93065680852321
image_67.png,5,False,614.6418888614731,318.3696981512095,20,#00FF00,Quadrant 4,2,2,15,,#00FF00,0,344.41536585069906
image_67.png,5,False,489.29819255372576,376.16896222931405,20,#00FF00,Quadrant 4,2,2,15,,#00FF00,0,206.96179635860722
image_67.png,5,False,541.5073957936113,297.3249017476422,20,#00FF00,Quadrant 4,2,2,15,,#00FF00,0,202.74069736977486
image_67.png,5,False,327.1465678112114,185.1523268735856,20,#00FF00,Quadrant 1,1,1,15,,#00FF00,0,346.0459411085812
image_67.png,5,False,29.844630599598894,54.94941794466874,20,#00FF00,Quadrant 1,1,1,15,,#00FF00,0,211.2575461739926
image_67.png,5,False,447.5929785175919,386.8068566121498,20,#00FF00,Quadrant 4,2,2,15,,#00FF00,0,24.319533838051292
image_67.png,5,False,169.4218654879272,130.34620234293502,20,#00FF00,Quadrant 1,1,1,15,,#00FF00,0,243.68867138343597
image_67.png,5,False,366.8714056541336,14.675366468052623,20,#00FF00,Quadrant 2,1,2,15,,#00FF00,0,343.9604473644097
image_68.png,2,True,475.1778646626697,321.3662326281764,20,#00FF00,Quadrant 4,2,2,5,100,#00FF00,0,33.48339485835302
image_68.png,5,False,652.7320092467716,191.1379616457515,20,#FF0000,Quadrant 2,1,2,5,,#FF0000,0,27.37037539212807
image_68.png,5,False,627.1838982275724,112.71064577320604,20,#FF0000,Quadrant 2,1,2,5,,#FF0000,0,127.2736534378216
image_68.png,5,False,481.66093557287655,354.9525794974216,20,#FF0000,Quadrant 4,2,2,5,,#FF0000,0,340.96251926285214
image_68.png,5,False,148.57024543597905,288.99218666179,20,#FF0000,Quadrant 3,2,1,5,,#FF0000,0,179.6397625309259
image_68.png,5,False,153.4704776698648,87.64575922196731,20,#FF0000,Quadrant 1,1,1,5,,#FF0000,0,314.1872994269873
image_69.png,2,True,93.59628143913761,40.668302457459106,20,#FF0000,Quadrant 1,1,1,2,100,#FF0000,0,280.4178529859196
image_69.png,5,False,350.44609079455427,13.50374958577981,20,#00FF00,Quadrant 1,1,1,2,,#00FF00,0,344.0806862624933
image_69.png,5,False,671.0572393321938,331.5480051957548,20,#00FF00,Quadrant 4,2,2,2,,#00FF00,0,308.5521614173846
image_70.png,2,True,618.0002142491403,228.16832562084954,20,#00FF00,Quadrant 4,2,2,20,100,#00FF00,0,323.3236321414268
image_70.png,5,False,136.99871369636003,299.89115901478067,20,#0000FF,Quadrant 3,2,1,20,,#0000FF,0,98.90389186657909
image_70.png,5,False,285.1389740334595,294.5640278308052,20,#0000FF,Quadrant 3,2,1,20,,#0000FF,0,184.00810883116708
image_70.png,5,False,373.2317207954598,170.9604779094829,20,#0000FF,Quadrant 2,1,2,20,,#0000FF,0,46.168542053500865
image_70.png,5,False,33.43566380594234,142.2752275081351,20,#0000FF,Quadrant 1,1,1,20,,#0000FF,0,338.275591691408
image_70.png,5,False,545.597831096034,183.82010097145823,20,#0000FF,Quadrant 2,1,2,20,,#0000FF,0,309.74404697926275
image_70.png,5,False,368.0433411075818,130.31617834062567,20,#0000FF,Quadrant 2,1,2,20,,#0000FF,0,43.33254494792253
image_70.png,5,False,475.4570086464911,154.4237853558444,20,#0000FF,Quadrant 2,1,2,20,,#0000FF,0,3.030697735065151
image_70.png,5,False,260.1440024987169,336.77628480022315,20,#0000FF,Quadrant 3,2,1,20,,#0000FF,0,36.26921741036347
image_70.png,5,False,192.10298487088735,112.83631076044249,20,#0000FF,Quadrant 1,1,1,20,,#0000FF,0,67.37487910302595
image_70.png,5,False,247.3934610420595,80.51936884623069,20,#0000FF,Quadrant 1,1,1,20,,#0000FF,0,345.0696541421879
image_70.png,5,False,287.00829962391214,181.37555877862962,20,#0000FF,Quadrant 1,1,1,20,,#0000FF,0,131.42807504204953
image_70.png,5,False,685.718719302044,270.31250278948414,20,#0000FF,Quadrant 4,2,2,20,,#0000FF,0,205.7074985445298
image_70.png,5,False,507.6418515368918,314.9451056207296,20,#0000FF,Quadrant 4,2,2,20,,#0000FF,0,293.10863909090386
image_70.png,5,False,600.9967209952224,85.11189494378067,20,#0000FF,Quadrant 2,1,2,20,,#0000FF,0,199.92241707145234
image_70.png,5,False,519.8554476353422,189.78909527169643,20,#0000FF,Quadrant 2,1,2,20,,#0000FF,0,288.01348496446946
image_70.png,5,False,301.42774094807277,61.83029680194219,20,#0000FF,Quadrant 1,1,1,20,,#0000FF,0,3.5072247950629576
image_70.png,5,False,445.5192173139587,212.84541817286464,20,#0000FF,Quadrant 4,2,2,20,,#0000FF,0,321.577347411069
image_70.png,5,False,346.2813160398867,105.8681846595431,20,#0000FF,Quadrant 1,1,1,20,,#0000FF,0,113.66180898785484
image_70.png,5,False,43.87171051277898,48.41247413326293,20,#0000FF,Quadrant 1,1,1,20,,#0000FF,0,309.0607136817308
image_70.png,5,False,159.45698689461238,107.12150009074733,20,#0000FF,Quadrant 1,1,1,20,,#0000FF,0,58.8030769051097
image_71.png,2,True,189.98092506604516,147.1958872661912,20,#0000FF,Quadrant 1,1,1,20,100,#0000FF,0,268.05355936643747
image_71.png,5,False,569.1009423476868,141.08502450211162,20,#FF0000,Quadrant 2,1,2,20,,#FF0000,0,200.69693576890262
image_71.png,5,False,252.90134749276154,267.88345184965476,20,#FF0000,Quadrant 3,2,1,20,,#FF0000,0,148.23392572734875
image_71.png,5,False,408.45223817818817,256.6491526169441,20,#FF0000,Quadrant 4,2,2,20,,#FF0000,0,218.00737166125265
image_71.png,5,False,685.7880886616779,118.58210063152922,20,#FF0000,Quadrant 2,1,2,20,,#FF0000,0,193.83777158583683
image_71.png,5,False,362.69627809437503,303.8533707738436,20,#FF0000,Quadrant 4,2,2,20,,#FF0000,0,117.03250320516094
image_71.png,5,False,65.022782247945,242.96490596462718,20,#FF0000,Quadrant 3,2,1,20,,#FF0000,0,160.89484214982153
image_71.png,5,False,670.0935629516878,339.20139188575405,20,#FF0000,Quadrant 4,2,2,20,,#FF0000,0,166.95074906510402
image_71.png,5,False,650.7824335430603,170.44663240478445,20,#FF0000,Quadrant 2,1,2,20,,#FF0000,0,230.60903497620052
image_71.png,5,False,289.8884041524874,353.87361337965774,20,#FF0000,Quadrant 3,2,1,20,,#FF0000,0,220.43164972804132
image_71.png,5,False,247.75796095462258,129.49621996119595,20,#FF0000,Quadrant 1,1,1,20,,#FF0000,0,28.480293887256177
image_71.png,5,False,500.4886712453401,239.83551980313317,20,#FF0000,Quadrant 4,2,2,20,,#FF0000,0,235.08471507495852
image_71.png,5,False,622.6196547413989,306.20818595693146,20,#FF0000,Quadrant 4,2,2,20,,#FF0000,0,142.36391706503414
image_71.png,5,False,526.2999984501878,207.91369143850235,20,#FF0000,Quadrant 4,2,2,20,,#FF0000,0,337.95714058532815
image_71.png,5,False,126.28217576963888,333.89207728752655,20,#FF0000,Quadrant 3,2,1,20,,#FF0000,0,162.10391632494375
image_71.png,5,False,172.65813541511844,106.12256978068733,20,#FF0000,Quadrant 1,1,1,20,,#FF0000,0,45.0143678635215
image_71.png,5,False,527.5706787345156,90.59602377632373,20,#FF0000,Quadrant 2,1,2,20,,#FF0000,0,267.79512414523134
image_71.png,5,False,76.8365123789978,365.1080041240542,20,#FF0000,Quadrant 3,2,1,20,,#FF0000,0,142.93640998813026
image_71.png,5,False,48.085726932923656,302.41294069640884,20,#FF0000,Quadrant 3,2,1,20,,#FF0000,0,170.3468867945384
image_71.png,5,False,697.2534609240299,50.28493672018464,20,#FF0000,Quadrant 2,1,2,20,,#FF0000,0,188.6338048830531
image_71.png,5,False,169.0262533236757,289.81024027927407,20,#FF0000,Quadrant 3,2,1,20,,#FF0000,0,140.34463488588807
image_72.png,2,True,128.54890116814988,24.288582778137695,20,#00FF00,Quadrant 1,1,1,2,100,#00FF00,0,189.62724165518878
image_72.png,5,False,641.6226748530842,337.68315154303974,20,#FF0000,Quadrant 4,2,2,2,,#FF0000,0,128.46284739474035
image_72.png,5,False,611.048910196591,364.37616208920366,20,#FF0000,Quadrant 4,2,2,2,,#FF0000,0,168.18965160096698
image_73.png,2,True,491.6621621889557,77.91984991233117,20,#0000FF,Quadrant 2,1,2,2,100,#0000FF,0,349.0352152396366
image_73.png,5,False,445.7917430996901,251.35172956896588,20,#00FF00,Quadrant 4,2,2,2,,#00FF00,0,215.13031158116183
image_73.png,5,False,371.66380520025564,252.74167801268695,20,#00FF00,Quadrant 4,2,2,2,,#00FF00,0,203.0344152196635
image_74.png,2,True,565.4436509438061,178.02319550793,20,#00FF00,Quadrant 2,1,2,20,100,#00FF00,0,194.28052396898147
image_74.png,5,False,190.00705327309208,125.75056208662762,20,#0000FF,Quadrant 1,1,1,20,,#0000FF,0,131.681995901416
image_74.png,5,False,572.7966747318519,331.5237726086495,20,#0000FF,Quadrant 4,2,2,20,,#0000FF,0,0.03324470217410003
image_74.png,5,False,334.27739116313404,14.143867805429107,20,#0000FF,Quadrant 1,1,1,20,,#0000FF,0,123.79857020999793
image_74.png,5,False,663.4537256771378,191.3313526306508,20,#0000FF,Quadrant 2,1,2,20,,#0000FF,0,331.951822467859
image_74.png,5,False,307.56993084250183,121.72474771490258,20,#0000FF,Quadrant 1,1,1,20,,#0000FF,0,3.28773584747994
image_74.png,5,False,15.973191668973833,152.2373853272187,20,#0000FF,Quadrant 1,1,1,20,,#0000FF,0,83.23754166689707
image_74.png,5,False,397.22195310269507,160.2162860964293,20,#0000FF,Quadrant 2,1,2,20,,#0000FF,0,148.22491286380844
image_74.png,5,False,518.874201477227,158.31539600450807,20,#0000FF,Quadrant 2,1,2,20,,#0000FF,0,58.77701831890396
image_74.png,5,False,192.19340978246558,170.6064866808958,20,#0000FF,Quadrant 1,1,1,20,,#0000FF,0,136.20890169898624
image_74.png,5,False,537.7668846187875,354.9627645000497,20,#0000FF,Quadrant 4,2,2,20,,#0000FF,0,86.2422533778818
image_74.png,5,False,482.71716007079976,118.60785106656522,20,#0000FF,Quadrant 2,1,2,20,,#0000FF,0,290.7269785539272
image_74.png,5,False,136.67854633282087,120.46702313210591,20,#0000FF,Quadrant 1,1,1,20,,#0000FF,0,307.2535284209775
image_74.png,5,False,436.6155661788331,113.86670131071389,20,#0000FF,Quadrant 2,1,2,20,,#0000FF,0,229.28137543740485
image_74.png,5,False,140.38692591282373,18.33146015936462,20,#0000FF,Quadrant 1,1,1,20,,#0000FF,0,224.19136089919925
image_74.png,5,False,379.594848858179,81.2844120974967,20,#0000FF,Quadrant 2,1,2,20,,#0000FF,0,17.867546000315503
image_74.png,5,False,196.47544656062126,281.344066155862,20,#0000FF,Quadrant 3,2,1,20,,#0000FF,0,36.8184559163543
image_74.png,5,False,171.4064330916533,67.95843621765067,20,#0000FF,Quadrant 1,1,1,20,,#0000FF,0,261.75854536111257
image_74.png,5,False,246.57795631548348,128.77598700675497,20,#0000FF,Quadrant 1,1,1,20,,#0000FF,0,177.6886391504683
image_74.png,5,False,698.5968144080981,186.27272860289625,20,#0000FF,Quadrant 2,1,2,20,,#0000FF,0,287.8064466969853
image_74.png,5,False,238.5413178076871,329.8605011233337,20,#0000FF,Quadrant 3,2,1,20,,#0000FF,0,284.9128971355063
image_75.png,2,True,60.18405468210017,188.71548155431606,20,#FF0000,Quadrant 1,1,1,5,100,#FF0000,0,279.23504785650846
image_75.png,5,False,590.820569390839,319.9207736718376,20,#0000FF,Quadrant 4,2,2,5,,#0000FF,0,69.18922545352301
image_75.png,5,False,95.03151221199606,301.35906358174975,20,#0000FF,Quadrant 3,2,1,5,,#0000FF,0,298.1707370619593
image_75.png,5,False,542.3742544558335,178.43923613002377,20,#0000FF,Quadrant 2,1,2,5,,#0000FF,0,89.62644978260427
image_75.png,5,False,34.08859089191952,185.19549214804178,20,#0000FF,Quadrant 1,1,1,5,,#0000FF,0,265.5428445192631
image_75.png,5,False,370.0648537194686,382.2397918313221,20,#0000FF,Quadrant 4,2,2,5,,#0000FF,0,277.5585484044679
image_76.png,2,True,120.28327968339747,286.2736154492667,20,#00FF00,Quadrant 3,2,1,5,100,#00FF00,0,337.0374887906219
image_76.png,5,False,389.6605818414553,57.16949158722322,20,#0000FF,Quadrant 2,1,2,5,,#0000FF,0,268.1008483281101
image_76.png,5,False,216.88221470952467,147.24127599211332,20,#0000FF,Quadrant 1,1,1,5,,#0000FF,0,173.24265353282692
image_76.png,5,False,470.3527063806064,378.89759484445267,20,#0000FF,Quadrant 4,2,2,5,,#0000FF,0,18.751505247628355
image_76.png,5,False,310.137377244158,16.695592591630017,20,#0000FF,Quadrant 1,1,1,5,,#0000FF,0,84.94770160203593
image_76.png,5,False,413.8561365488065,160.6155375115301,20,#0000FF,Quadrant 2,1,2,5,,#0000FF,0,285.98054304268965
image_77.png,2,True,486.927724633079,271.2176717174667,20,#FF0000,Quadrant 4,2,2,0,100,#FF0000,0,209.18772818186198
image_78.png,2,True,355.44433333706604,270.2870753396135,20,#FF0000,Quadrant 3,2,1,1,100,#FF0000,0,89.54001230576219
image_78.png,5,False,679.0900257744972,298.11374236866845,20,#00FF00,Quadrant 4,2,2,1,,#00FF00,0,121.8319548301813
image_79.png,2,True,494.21508847584903,310.1742403700504,20,#FF0000,Quadrant 4,2,2,10,100,#FF0000,0,232.04696279325063
image_79.png,5,False,171.3128206598278,382.0734187443291,20,#0000FF,Quadrant 3,2,1,10,,#0000FF,0,45.297884759481505
image_79.png,5,False,532.364593485757,315.48859234972946,20,#0000FF,Quadrant 4,2,2,10,,#0000FF,0,283.88225728327444
image_79.png,5,False,143.95309104555918,271.5364925473679,20,#0000FF,Quadrant 3,2,1,10,,#0000FF,0,157.93880331477504
image_79.png,5,False,103.8304677212961,350.6946307340761,20,#0000FF,Quadrant 3,2,1,10,,#0000FF,0,128.94029901015531
image_79.png,5,False,312.4375028697258,122.40211745465903,20,#0000FF,Quadrant 1,1,1,10,,#0000FF,0,174.70876793850474
image_79.png,5,False,141.75555115533984,81.54490354276125,20,#0000FF,Quadrant 1,1,1,10,,#0000FF,0,250.9335989984357
image_79.png,5,False,515.6252605745491,115.07264696043859,20,#0000FF,Quadrant 2,1,2,10,,#0000FF,0,125.15928444657557
image_79.png,5,False,641.0725873628737,220.60867724276937,20,#0000FF,Quadrant 4,2,2,10,,#0000FF,0,299.28585362080315
image_79.png,5,False,117.81255439390027,122.76426593765774,20,#0000FF,Quadrant 1,1,1,10,,#0000FF,0,24.795570010017393
image_79.png,5,False,263.9406551261277,11.272095257766301,20,#0000FF,Quadrant 1,1,1,10,,#0000FF,0,94.80573680235551
image_80.png,2,True,437.99714392688406,148.6204245040883,20,#0000FF,Quadrant 2,1,2,2,100,#0000FF,0,317.85565411105114
image_80.png,5,False,231.95823097803782,34.94318399454202,20,#00FF00,Quadrant 1,1,1,2,,#00FF00,0,223.2710326162216
image_80.png,5,False,575.3252665771632,82.77065302504873,20,#00FF00,Quadrant 2,1,2,2,,#00FF00,0,348.17873652297516
image_81.png,2,True,206.07593855464032,165.90611149565638,20,#0000FF,Quadrant 1,1,1,30,100,#0000FF,0,55.48734501521383
image_81.png,5,False,77.32058880839618,260.06080939773454,20,#00FF00,Quadrant 3,2,1,30,,#00FF00,0,115.92866003339802
image_81.png,5,False,657.1438807577972,78.52546641364894,20,#00FF00,Quadrant 2,1,2,30,,#00FF00,0,15.759814833623217
image_81.png,5,False,84.76101108953448,83.43109000719231,20,#00FF00,Quadrant 1,1,1,30,,#00FF00,0,11.258551424357668
image_81.png,5,False,453.166899339932,157.8903537742364,20,#00FF00,Quadrant 2,1,2,30,,#00FF00,0,11.454173963996626
image_81.png,5,False,440.91566347483814,234.1337447668967,20,#00FF00,Quadrant 4,2,2,30,,#00FF00,0,176.36746964823968
image_81.png,5,False,163.07799827681515,282.3454835473773,20,#00FF00,Quadrant 3,2,1,30,,#00FF00,0,17.67082580840175
image_81.png,5,False,645.5932592512708,258.87325879746135,20,#00FF00,Quadrant 4,2,2,30,,#00FF00,0,4.710999540060521
image_81.png,5,False,584.3015335879493,187.92635621715738,20,#00FF00,Quadrant 2,1,2,30,,#00FF00,0,334.22533899781286
image_81.png,5,False,259.67804922517905,292.0344726641191,20,#00FF00,Quadrant 3,2,1,30,,#00FF00,0,230.01001791545798
image_81.png,5,False,577.3762697077415,311.2263401581941,20,#00FF00,Quadrant 4,2,2,30,,#00FF00,0,320.55501960026584
image_81.png,5,False,436.06706121673415,210.96987422829037,20,#00FF00,Quadrant 4,2,2,30,,#00FF00,0,20.988008800979433
image_81.png,5,False,585.9405272632109,40.45957169726575,20,#00FF00,Quadrant 2,1,2,30,,#00FF00,0,264.3481217722574
image_81.png,5,False,368.92535322841377,49.26309564795336,20,#00FF00,Quadrant 2,1,2,30,,#00FF00,0,77.72402275958082
image_81.png,5,False,276.4931197877096,83.99915129617288,20,#00FF00,Quadrant 1,1,1,30,,#00FF00,0,83.16648119239493
image_81.png,5,False,403.749063915379,369.1562642427042,20,#00FF00,Quadrant 4,2,2,30,,#00FF00,0,236.47554494108772
image_81.png,5,False,395.55956733273104,293.02896623227264,20,#00FF00,Quadrant 4,2,2,30,,#00FF00,0,201.0324528046695
image_81.png,5,False,408.25236104903183,265.95818909552975,20,#00FF00,Quadrant 4,2,2,30,,#00FF00,0,275.8620312057789
image_81.png,5,False,305.2546683122646,50.350705959304555,20,#00FF00,Quadrant 1,1,1,30,,#00FF00,0,252.9181498250905
image_81.png,5,False,389.9262064670986,201.77387103125352,20,#00FF00,Quadrant 4,2,2,30,,#00FF00,0,285.28617519842646
image_81.png,5,False,378.8574286395365,237.76814642145186,20,#00FF00,Quadrant 4,2,2,30,,#00FF00,0,236.7114771674836
image_81.png,5,False,632.8121447797253,218.93074742535507,20,#00FF00,Quadrant 4,2,2,30,,#00FF00,0,336.0671890291323
image_81.png,5,False,580.2207778030845,133.26444777831625,20,#00FF00,Quadrant 2,1,2,30,,#00FF00,0,227.96669598677533
image_81.png,5,False,386.9364790722466,152.77384230075555,20,#00FF00,Quadrant 2,1,2,30,,#00FF00,0,86.66012020954558
image_81.png,5,False,524.0144821186915,147.08322998512068,20,#00FF00,Quadrant 2,1,2,30,,#00FF00,0,198.0859340236551
image_81.png,5,False,672.3190329044714,11.073947329419994,20,#00FF00,Quadrant 2,1,2,30,,#00FF00,0,162.86525071486773
image_81.png,5,False,207.0082155501886,17.162325305166373,20,#00FF00,Quadrant 1,1,1,30,,#00FF00,0,12.47864480215556
image_81.png,5,False,624.4336201769776,13.483017351673782,20,#00FF00,Quadrant 2,1,2,30,,#00FF00,0,48.63085536381841
image_81.png,5,False,159.01291801476006,130.0339671686524,20,#00FF00,Quadrant 1,1,1,30,,#00FF00,0,354.3819931140483
image_81.png,5,False,660.9667074025907,321.8435591631516,20,#00FF00,Quadrant 4,2,2,30,,#00FF00,0,277.748305916029
image_81.png,5,False,75.96383087337247,185.01978653995596,20,#00FF00,Quadrant 1,1,1,30,,#00FF00,0,205.78025889171153
image_82.png,2,True,412.10528168195043,99.0717881535006,20,#FF0000,Quadrant 2,1,2,5,100,#FF0000,0,132.149841489383
image_82.png,5,False,74.32262856562176,162.12373792459476,20,#0000FF,Quadrant 1,1,1,5,,#0000FF,0,291.986725241757
image_82.png,5,False,516.9092422216524,284.51343910942666,20,#0000FF,Quadrant 4,2,2,5,,#0000FF,0,330.43744920400843
image_82.png,5,False,130.12981620000625,323.1165823774867,20,#0000FF,Quadrant 3,2,1,5,,#0000FF,0,285.4455099531408
image_82.png,5,False,408.02416616414496,354.09383273160165,20,#0000FF,Quadrant 4,2,2,5,,#0000FF,0,248.2542363779637
image_82.png,5,False,217.97095189801624,287.23837881947276,20,#0000FF,Quadrant 3,2,1,5,,#0000FF,0,214.2832329214488
image_83.png,2,True,646.1694611024196,137.39928561089644,20,#0000FF,Quadrant 2,1,2,1,100,#0000FF,0,280.8438868830515
image_83.png,5,False,310.2357294856269,362.6330197307479,20,#00FF00,Quadrant 3,2,1,1,,#00FF00,0,316.7253009540663
image_84.png,2,True,447.7482139888512,249.9691885007923,20,#FF0000,Quadrant 4,2,2,50,100,#FF0000,0,334.31513968196793
image_84.png,5,False,372.3001291928781,131.70165219972606,20,#0000FF,Quadrant 2,1,2,50,,#0000FF,0,19.486061556056292
image_84.png,5,False,236.18699145432342,274.75655068055784,20,#0000FF,Quadrant 3,2,1,50,,#0000FF,0,203.36864183730486
image_84.png,5,False,475.13468199266214,388.00484054170295,20,#0000FF,Quadrant 4,2,2,50,,#0000FF,0,55.151093737685166
image_84.png,5,False,529.7068998742557,228.446334755329,20,#0000FF,Quadrant 4,2,2,50,,#0000FF,0,349.5744881065327
image_84.png,5,False,308.60367673382535,308.24721682856875,20,#0000FF,Quadrant 3,2,1,50,,#0000FF,0,32.42986291610319
image_84.png,5,False,242.61987467015962,190.8730593622069,20,#0000FF,Quadrant 1,1,1,50,,#0000FF,0,53.28446423700491
image_84.png,5,False,310.3643755776101,274.7950551456348,20,#0000FF,Quadrant 3,2,1,50,,#0000FF,0,143.46973345172643
image_84.png,5,False,342.355603861474,85.88502347775918,20,#0000FF,Quadrant 1,1,1,50,,#0000FF,0,274.33185106928255
image_84.png,5,False,404.64684052104064,223.12135650848447,20,#0000FF,Quadrant 4,2,2,50,,#0000FF,0,142.3147692889678
image_84.png,5,False,372.20672198879254,102.59510467262137,20,#0000FF,Quadrant 2,1,2,50,,#0000FF,0,358.9483560982376
image_84.png,5,False,88.53308139617788,167.334015832084,20,#0000FF,Quadrant 1,1,1,50,,#0000FF,0,207.36656540821548
image_84.png,5,False,142.24743194124648,141.2304157948908,20,#0000FF,Quadrant 1,1,1,50,,#0000FF,0,131.49635199748593
image_84.png,5,False,541.3104102315023,74.97848979631382,20,#0000FF,Quadrant 2,1,2,50,,#0000FF,0,235.94754881199043
image_84.png,5,False,577.0714126990711,314.4568972226636,20,#0000FF,Quadrant 4,2,2,50,,#0000FF,0,125.89790390312339
image_84.png,5,False,314.4792991796183,360.35259220949547,20,#0000FF,Quadrant 3,2,1,50,,#0000FF,0,224.34557626019904
image_84.png,5,False,483.21250772150245,69.96468009370093,20,#0000FF,Quadrant 2,1,2,50,,#0000FF,0,84.05625486289466
image_84.png,5,False,70.126148882688,290.561856155212,20,#0000FF,Quadrant 3,2,1,50,,#0000FF,0,262.25523104514997
image_84.png,5,False,438.8706829437372,66.8219354330628,20,#0000FF,Quadrant 2,1,2,50,,#0000FF,0,87.49739156379346
image_84.png,5,False,209.2150262628662,140.75657877515698,20,#0000FF,Quadrant 1,1,1,50,,#0000FF,0,299.6801121178882
image_84.png,5,False,694.6961663543311,273.7368922988286,20,#0000FF,Quadrant 4,2,2,50,,#0000FF,0,224.29511742869383
image_84.png,5,False,270.4819955579221,353.483228108389,20,#0000FF,Quadrant 3,2,1,50,,#0000FF,0,240.57380949422617
image_84.png,5,False,187.0094214033353,33.721598739602555,20,#0000FF,Quadrant 1,1,1,50,,#0000FF,0,189.64767259101214
image_84.png,5,False,490.90688835663894,113.54438862253889,20,#0000FF,Quadrant 2,1,2,50,,#0000FF,0,72.25058052024139
image_84.png,5,False,662.226596279012,36.17396553537148,20,#0000FF,Quadrant 2,1,2,50,,#0000FF,0,167.38589462423943
image_84.png,5,False,467.79434701118726,356.06439897058857,20,#0000FF,Quadrant 4,2,2,50,,#0000FF,0,237.73421717935602
image_84.png,5,False,85.33719739425896,121.56332830996175,20,#0000FF,Quadrant 1,1,1,50,,#0000FF,0,129.678891235155
image_84.png,5,False,277.31450280752165,381.3616977028925,20,#0000FF,Quadrant 3,2,1,50,,#0000FF,0,318.02483345410235
image_84.png,5,False,499.97558205296804,352.6636387351331,20,#0000FF,Quadrant 4,2,2,50,,#0000FF,0,183.07451957151514
image_84.png,5,False,422.40631549988154,44.27181281496414,20,#0000FF,Quadrant 2,1,2,50,,#0000FF,0,174.4783746602996
image_84.png,5,False,677.1192556064764,222.9398906540892,20,#0000FF,Quadrant 4,2,2,50,,#0000FF,0,71.5950720029644
image_84.png,5,False,38.38940584252163,359.61810372858497,20,#0000FF,Quadrant 3,2,1,50,,#0000FF,0,256.48890858691817
image_84.png,5,False,348.5637305382823,292.37969208768,20,#0000FF,Quadrant 3,2,1,50,,#0000FF,0,109.77390825811824
image_84.png,5,False,482.490523796291,145.3329343671896,20,#0000FF,Quadrant 2,1,2,50,,#0000FF,0,6.614001131361449
image_84.png,5,False,697.240149349051,380.9061977973063,20,#0000FF,Quadrant 4,2,2,50,,#0000FF,0,108.83743617708767
image_84.png,5,False,53.72468113281527,108.40279984578494,20,#0000FF,Quadrant 1,1,1,50,,#0000FF,0,99.31618043990007
image_84.png,5,False,664.9412122521815,96.27025970329112,20,#0000FF,Quadrant 2,1,2,50,,#0000FF,0,339.8892113549871
image_84.png,5,False,281.6713051023035,62.88453555991137,20,#0000FF,Quadrant 1,1,1,50,,#0000FF,0,123.04301502543026
image_84.png,5,False,369.77459456665304,267.28207090128575,20,#0000FF,Quadrant 4,2,2,50,,#0000FF,0,262.76027901168584
image_84.png,5,False,484.0145623363396,168.75200118762538,20,#0000FF,Quadrant 2,1,2,50,,#0000FF,0,314.1725294678573
image_84.png,5,False,304.8343829415747,129.0806849589942,20,#0000FF,Quadrant 1,1,1,50,,#0000FF,0,206.24347906552026
image_84.png,5,False,320.47756869047174,60.80986599739079,20,#0000FF,Quadrant 1,1,1,50,,#0000FF,0,217.93279855357486
image_84.png,5,False,411.33015275741207,269.570384505687,20,#0000FF,Quadrant 4,2,2,50,,#0000FF,0,234.89015258764883
image_84.png,5,False,106.1575430549673,271.2651298235472,20,#0000FF,Quadrant 3,2,1,50,,#0000FF,0,72.83168398239879
image_84.png,5,False,637.68871091447,173.56430471218547,20,#0000FF,Quadrant 2,1,2,50,,#0000FF,0,323.51154110260285
image_84.png,5,False,541.5644484535604,259.0556026450196,20,#0000FF,Quadrant 4,2,2,50,,#0000FF,0,327.2407543009496
image_84.png,5,False,119.89501472379929,36.63370763268047,20,#0000FF,Quadrant 1,1,1,50,,#0000FF,0,203.34394343316825
image_84.png,5,False,506.69450848973423,80.60311159530197,20,#0000FF,Quadrant 2,1,2,50,,#0000FF,0,191.86615691703977
image_84.png,5,False,524.7251039621718,321.60203897939004,20,#0000FF,Quadrant 4,2,2,50,,#0000FF,0,109.20531779141434
image_84.png,5,False,421.89251721630814,98.28487872949869,20,#0000FF,Quadrant 2,1,2,50,,#0000FF,0,220.45032771772208
image_84.png,5,False,593.9892445776343,188.19260235982557,20,#0000FF,Quadrant 2,1,2,50,,#0000FF,0,48.2711859109763
image_85.png,2,True,349.6060163787046,62.97980904513036,20,#0000FF,Quadrant 1,1,1,2,100,#0000FF,0,306.7665956876107
image_85.png,5,False,33.20616217343455,299.9956868604727,20,#00FF00,Quadrant 3,2,1,2,,#00FF00,0,69.57353861226366
image_85.png,5,False,196.93264612321892,167.13064038847006,20,#00FF00,Quadrant 1,1,1,2,,#00FF00,0,5.405133762632528
image_86.png,2,True,649.7741090564999,383.5672477636472,20,#0000FF,Quadrant 4,2,2,3,100,#0000FF,0,23.809076724560168
image_86.png,5,False,348.570657073985,133.81054693192925,20,#FF0000,Quadrant 1,1,1,3,,#FF0000,0,312.1664409498972
image_86.png,5,False,181.034066353633,164.03963839567575,20,#FF0000,Quadrant 1,1,1,3,,#FF0000,0,164.71617459901637
image_86.png,5,False,517.6435963508661,154.78143578943568,20,#FF0000,Quadrant 2,1,2,3,,#FF0000,0,15.057459018042536
image_87.png,2,True,405.0628368193819,213.66824759943142,20,#00FF00,Quadrant 4,2,2,50,100,#00FF00,0,338.09008797473035
image_87.png,5,False,496.1335473074599,25.557525804678768,20,#0000FF,Quadrant 2,1,2,50,,#0000FF,0,230.90177681507072
image_87.png,5,False,325.8043921128657,342.7959135773272,20,#0000FF,Quadrant 3,2,1,50,,#0000FF,0,39.35386540427394
image_87.png,5,False,180.30221651782185,214.31453622535636,20,#0000FF,Quadrant 3,2,1,50,,#0000FF,0,316.00077776984193
image_87.png,5,False,38.04436772507394,157.43638802391203,20,#0000FF,Quadrant 1,1,1,50,,#0000FF,0,354.17903173462474
image_87.png,5,False,674.2261026722532,82.76342850972561,20,#0000FF,Quadrant 2,1,2,50,,#0000FF,0,275.45755406494044
image_87.png,5,False,620.3499298903182,303.4499107363875,20,#0000FF,Quadrant 4,2,2,50,,#0000FF,0,158.23939489792554
image_87.png,5,False,125.70926857051583,122.29065617743694,20,#0000FF,Quadrant 1,1,1,50,,#0000FF,0,102.92925183538331
image_87.png,5,False,486.37758840763627,352.58939443354734,20,#0000FF,Quadrant 4,2,2,50,,#0000FF,0,330.85181519118544
image_87.png,5,False,456.1639389635621,45.186625295583056,20,#0000FF,Quadrant 2,1,2,50,,#0000FF,0,166.8884231057887
image_87.png,5,False,134.86248901147957,232.29923843223187,20,#0000FF,Quadrant 3,2,1,50,,#0000FF,0,180.23680449084765
image_87.png,5,False,387.4744950326256,159.5792181963132,20,#0000FF,Quadrant 2,1,2,50,,#0000FF,0,321.9580865696154
image_87.png,5,False,28.16444571500524,182.49131811513934,20,#0000FF,Quadrant 1,1,1,50,,#0000FF,0,116.44593568383831
image_87.png,5,False,628.2026910791632,344.6033131023515,20,#0000FF,Quadrant 4,2,2,50,,#0000FF,0,322.78230262211247
image_87.png,5,False,234.28752351249233,256.16189064761556,20,#0000FF,Quadrant 3,2,1,50,,#0000FF,0,32.46467806420939
image_87.png,5,False,123.9918846485032,288.1731611989417,20,#0000FF,Quadrant 3,2,1,50,,#0000FF,0,256.1291084195304
image_87.png,5,False,497.5902030887865,250.67937409276215,20,#0000FF,Quadrant 4,2,2,50,,#0000FF,0,32.82884658202064
image_87.png,5,False,498.315312837334,285.75830995308735,20,#0000FF,Quadrant 4,2,2,50,,#0000FF,0,30.710355852352293
image_87.png,5,False,432.7179762600394,71.44207515672235,20,#0000FF,Quadrant 2,1,2,50,,#0000FF,0,351.0689132228488
image_87.png,5,False,41.251291508461215,75.59452285492083,20,#0000FF,Quadrant 1,1,1,50,,#0000FF,0,198.12451881929132
image_87.png,5,False,223.25485961331503,287.00114040480776,20,#0000FF,Quadrant 3,2,1,50,,#0000FF,0,18.47177647836063
image_87.png,5,False,209.96979029943057,79.3030979665771,20,#0000FF,Quadrant 1,1,1,50,,#0000FF,0,345.947800879575
image_87.png,5,False,672.7389429864646,12.335435668586207,20,#0000FF,Quadrant 2,1,2,50,,#0000FF,0,323.4750888300357
image_87.png,5,False,567.3361944031873,240.81792592750267,20,#0000FF,Quadrant 4,2,2,50,,#0000FF,0,179.51120641574573
image_87.png,5,False,160.4260784367184,260.2798948572511,20,#0000FF,Quadrant 3,2,1,50,,#0000FF,0,177.64804665473258
image_87.png,5,False,315.4521240719406,238.25986216097021,20,#0000FF,Quadrant 3,2,1,50,,#0000FF,0,163.34585419039794
image_87.png,5,False,618.8136589461443,116.12669043445258,20,#0000FF,Quadrant 2,1,2,50,,#0000FF,0,2.3662883646543076
image_87.png,5,False,576.0636386096401,89.48701316484292,20,#0000FF,Quadrant 2,1,2,50,,#0000FF,0,226.30875319777064
image_87.png,5,False,33.34571120560628,229.51904643155225,20,#0000FF,Quadrant 3,2,1,50,,#0000FF,0,52.33478983773694
image_87.png,5,False,239.13553949553557,44.15161472956728,20,#0000FF,Quadrant 1,1,1,50,,#0000FF,0,217.18276699959455
image_87.png,5,False,466.37705710122646,275.5420964576175,20,#0000FF,Quadrant 4,2,2,50,,#0000FF,0,102.37699612969391
image_87.png,5,False,398.3400890547176,376.2588537344165,20,#0000FF,Quadrant 4,2,2,50,,#0000FF,0,206.02173181944138
image_87.png,5,False,233.42425522911793,350.2662554177573,20,#0000FF,Quadrant 3,2,1,50,,#0000FF,0,276.66431388069697
image_87.png,5,False,533.5665296198883,329.7710401719665,20,#0000FF,Quadrant 4,2,2,50,,#0000FF,0,295.2953072217107
image_87.png,5,False,335.3928056635115,57.1247809422474,20,#0000FF,Quadrant 1,1,1,50,,#0000FF,0,23.37331194743345
image_87.png,5,False,237.82467507674792,167.40048970517714,20,#0000FF,Quadrant 1,1,1,50,,#0000FF,0,309.3868587821027
image_87.png,5,False,155.0361254267769,32.99377399173558,20,#0000FF,Quadrant 1,1,1,50,,#0000FF,0,75.54433294012114
image_87.png,5,False,685.772112588333,210.94182353584128,20,#0000FF,Quadrant 4,2,2,50,,#0000FF,0,205.6921471856703
image_87.png,5,False,497.98908672386443,172.42626272248668,20,#0000FF,Quadrant 2,1,2,50,,#0000FF,0,283.7465437878686
image_87.png,5,False,649.775598655435,243.20161276069118,20,#0000FF,Quadrant 4,2,2,50,,#0000FF,0,224.3678927971959
image_87.png,5,False,513.4082886155686,199.14614120249956,20,#0000FF,Quadrant 2,1,2,50,,#0000FF,0,178.70289316098453
image_87.png,5,False,144.35969612068865,55.6822968353853,20,#0000FF,Quadrant 1,1,1,50,,#0000FF,0,104.57570308843819
image_87.png,5,False,559.9487291742178,289.76304598577605,20,#0000FF,Quadrant 4,2,2,50,,#0000FF,0,167.35882837448912
image_87.png,5,False,434.94720798955893,167.7309309729006,20,#0000FF,Quadrant 2,1,2,50,,#0000FF,0,74.63910108687851
image_87.png,5,False,251.90888062213565,315.68444975447903,20,#0000FF,Quadrant 3,2,1,50,,#0000FF,0,16.377188266554562
image_87.png,5,False,57.73904769163791,124.50734994954375,20,#0000FF,Quadrant 1,1,1,50,,#0000FF,0,91.59030798428043
image_87.png,5,False,539.4854620786342,54.030296394571096,20,#0000FF,Quadrant 2,1,2,50,,#0000FF,0,197.99769577840402
image_87.png,5,False,283.87798567942735,226.0523424211553,20,#0000FF,Quadrant 3,2,1,50,,#0000FF,0,119.98184057243294
image_87.png,5,False,646.4507582585056,192.102927329463,20,#0000FF,Quadrant 2,1,2,50,,#0000FF,0,300.1771080617403
image_87.png,5,False,329.64188192910285,318.7549836670924,20,#0000FF,Quadrant 3,2,1,50,,#0000FF,0,322.5342965173682
image_87.png,5,False,478.27816338376294,220.85698473874263,20,#0000FF,Quadrant 4,2,2,50,,#0000FF,0,203.3793507589928
image_88.png,2,True,561.8798447717164,346.6751394778929,20,#FF0000,Quadrant 4,2,2,50,100,#FF0000,0,246.77758812471436
image_88.png,5,False,679.0635584881237,117.01389083116797,20,#0000FF,Quadrant 2,1,2,50,,#0000FF,0,127.29439455149091
image_88.png,5,False,688.7133317481048,247.82110039856474,20,#0000FF,Quadrant 4,2,2,50,,#0000FF,0,11.222339288107065
image_88.png,5,False,404.40635075658395,158.2560515316518,20,#0000FF,Quadrant 2,1,2,50,,#0000FF,0,303.2660789769069
image_88.png,5,False,606.7050527560335,295.08219887711385,20,#0000FF,Quadrant 4,2,2,50,,#0000FF,0,214.26907213079977
image_88.png,5,False,227.6900854936225,22.955465589657592,20,#0000FF,Quadrant 1,1,1,50,,#0000FF,0,253.895826256387
image_88.png,5,False,353.47050529931914,100.82876909120819,20,#0000FF,Quadrant 1,1,1,50,,#0000FF,0,148.99304443036914
image_88.png,5,False,666.0507305898604,92.70087436205115,20,#0000FF,Quadrant 2,1,2,50,,#0000FF,0,162.68627866063034
image_88.png,5,False,88.32734659190925,307.70882566374036,20,#0000FF,Quadrant 3,2,1,50,,#0000FF,0,108.83458750698406
image_88.png,5,False,640.3008000091033,178.746607149139,20,#0000FF,Quadrant 2,1,2,50,,#0000FF,0,280.0045409258859
image_88.png,5,False,343.55493870015846,200.02052858651726,20,#0000FF,Quadrant 3,2,1,50,,#0000FF,0,8.976518866785588
image_88.png,5,False,647.3857330762756,287.8627232337467,20,#0000FF,Quadrant 4,2,2,50,,#0000FF,0,68.47620429427714
image_88.png,5,False,545.3423811386216,65.16552812504743,20,#0000FF,Quadrant 2,1,2,50,,#0000FF,0,188.5060661414946
image_88.png,5,False,102.44212079326742,284.8876989917223,20,#0000FF,Quadrant 3,2,1,50,,#0000FF,0,243.61822394564243
image_88.png,5,False,502.72372198741306,208.44636207659542,20,#0000FF,Quadrant 4,2,2,50,,#0000FF,0,165.3726278210562
image_88.png,5,False,70.99528930810565,187.47909113848405,20,#0000FF,Quadrant 1,1,1,50,,#0000FF,0,213.94352908339377
image_88.png,5,False,369.6780436403911,260.096060364095,20,#0000FF,Quadrant 4,2,2,50,,#0000FF,0,16.610317208744693
image_88.png,5,False,408.93872590811725,128.99001560722007,20,#0000FF,Quadrant 2,1,2,50,,#0000FF,0,112.49308800766535
image_88.png,5,False,232.0865748240258,83.78225177766731,20,#0000FF,Quadrant 1,1,1,50,,#0000FF,0,321.1688103939924
image_88.png,5,False,230.8942056555324,177.74170540038412,20,#0000FF,Quadrant 1,1,1,50,,#0000FF,0,99.5938339205033
image_88.png,5,False,113.88197800900599,114.43474284757696,20,#0000FF,Quadrant 1,1,1,50,,#0000FF,0,42.354301945533706
image_88.png,5,False,440.20907928483297,205.31493022067738,20,#0000FF,Quadrant 4,2,2,50,,#0000FF,0,5.492418296540493
image_88.png,5,False,252.3691970297168,131.3872966800458,20,#0000FF,Quadrant 1,1,1,50,,#0000FF,0,74.36785664640615
image_88.png,5,False,496.2996966388669,118.07518909129017,20,#0000FF,Quadrant 2,1,2,50,,#0000FF,0,50.96045836493381
image_88.png,5,False,60.086338270747184,242.81336996903934,20,#0000FF,Quadrant 3,2,1,50,,#0000FF,0,88.13702659054839
image_88.png,5,False,316.6732228171105,60.167972780460374,20,#0000FF,Quadrant 1,1,1,50,,#0000FF,0,121.94600131070432
image_88.png,5,False,476.4167011735155,51.040375329559026,20,#0000FF,Quadrant 2,1,2,50,,#0000FF,0,169.46480844307888
image_88.png,5,False,419.409038265834,327.0739246373415,20,#0000FF,Quadrant 4,2,2,50,,#0000FF,0,214.6036905114302
image_88.png,5,False,435.6412676649179,129.10256613509006,20,#0000FF,Quadrant 2,1,2,50,,#0000FF,0,251.77157998458335
image_88.png,5,False,502.1871937777054,264.5889603340278,20,#0000FF,Quadrant 4,2,2,50,,#0000FF,0,294.2791124532593
image_88.png,5,False,681.8668214514715,296.6708296459458,20,#0000FF,Quadrant 4,2,2,50,,#0000FF,0,192.054574402246
image_88.png,5,False,165.19437874871664,336.49439272712857,20,#0000FF,Quadrant 3,2,1,50,,#0000FF,0,83.40991691560579
image_88.png,5,False,469.3094461753663,309.1583509994985,20,#0000FF,Quadrant 4,2,2,50,,#0000FF,0,251.86126358967417
image_88.png,5,False,323.31203364500504,22.439841976076693,20,#0000FF,Quadrant 1,1,1,50,,#0000FF,0,317.6654004820733
image_88.png,5,False,253.14272545122563,185.34935644045208,20,#0000FF,Quadrant 1,1,1,50,,#0000FF,0,171.1203703331898
image_88.png,5,False,540.1117036729755,239.47840748152421,20,#0000FF,Quadrant 4,2,2,50,,#0000FF,0,61.48855612883457
image_88.png,5,False,235.52424279739895,256.49263403422583,20,#0000FF,Quadrant 3,2,1,50,,#0000FF,0,286.8327984103059
image_88.png,5,False,378.06169492462027,162.50862746851587,20,#0000FF,Quadrant 2,1,2,50,,#0000FF,0,285.27513823481297
image_88.png,5,False,275.4495400973804,139.78995179171872,20,#0000FF,Quadrant 1,1,1,50,,#0000FF,0,350.6010232393062
image_88.png,5,False,553.4681449366835,216.83116071211046,20,#0000FF,Quadrant 4,2,2,50,,#0000FF,0,156.72733488824983
image_88.png,5,False,406.6157323682271,194.946255856857,20,#0000FF,Quadrant 2,1,2,50,,#0000FF,0,335.1107732675014
image_88.png,5,False,132.3838875162349,372.32394273124646,20,#0000FF,Quadrant 3,2,1,50,,#0000FF,0,295.9282988330561
image_88.png,5,False,633.3433872475258,251.45820596903027,20,#0000FF,Quadrant 4,2,2,50,,#0000FF,0,319.4141531666848
image_88.png,5,False,112.09376894196328,67.40381121057516,20,#0000FF,Quadrant 1,1,1,50,,#0000FF,0,0.0663625638781129
image_88.png,5,False,279.69805289901205,229.4580748306691,20,#0000FF,Quadrant 3,2,1,50,,#0000FF,0,191.25209558711327
image_88.png,5,False,640.1977387459285,126.11995028848656,20,#0000FF,Quadrant 2,1,2,50,,#0000FF,0,205.2995068279266
image_88.png,5,False,310.52692598520326,382.4153547280622,20,#0000FF,Quadrant 3,2,1,50,,#0000FF,0,339.59998709860093
image_88.png,5,False,72.519021760664,14.069077410873028,20,#0000FF,Quadrant 1,1,1,50,,#0000FF,0,123.93526551503041
image_88.png,5,False,289.49201966838325,59.21605348771033,20,#0000FF,Quadrant 1,1,1,50,,#0000FF,0,355.11179345661844
image_88.png,5,False,495.6109917302492,321.24474121590833,20,#0000FF,Quadrant 4,2,2,50,,#0000FF,0,19.12583202349833
image_88.png,5,False,604.3997615161699,338.22690272173156,20,#0000FF,Quadrant 4,2,2,50,,#0000FF,0,129.3280670008912
image_89.png,2,True,230.18971632728014,155.69447441011923,20,#FF0000,Quadrant 1,1,1,50,100,#FF0000,0,141.93659652081985
image_89.png,5,False,386.58684491014384,261.4202977981345,20,#00FF00,Quadrant 4,2,2,50,,#00FF00,0,137.36341622969817
image_89.png,5,False,140.68829143558045,156.3769318072338,20,#00FF00,Quadrant 1,1,1,50,,#00FF00,0,170.95370866406552
image_89.png,5,False,589.7342911547069,69.31303595782806,20,#00FF00,Quadrant 2,1,2,50,,#00FF00,0,332.8135354049775
image_89.png,5,False,472.6755304448557,61.756875398649555,20,#00FF00,Quadrant 2,1,2,50,,#00FF00,0,359.0841754837695
image_89.png,5,False,21.82267376939328,283.66622983282747,20,#00FF00,Quadrant 3,2,1,50,,#00FF00,0,25.828558753580783
image_89.png,5,False,311.91049475787423,385.3022686788681,20,#00FF00,Quadrant 3,2,1,50,,#00FF00,0,175.2124812964619
image_89.png,5,False,453.50535781155355,168.19336625291214,20,#00FF00,Quadrant 2,1,2,50,,#00FF00,0,30.478839944297782
image_89.png,5,False,554.5716845029895,239.4743557993886,20,#00FF00,Quadrant 4,2,2,50,,#00FF00,0,164.17031557626788
image_89.png,5,False,134.88039282022203,203.5588376545841,20,#00FF00,Quadrant 3,2,1,50,,#00FF00,0,153.2535015372146
image_89.png,5,False,321.0815336783859,145.30613314606296,20,#00FF00,Quadrant 1,1,1,50,,#00FF00,0,198.73801093716702
image_89.png,5,False,427.55097429543184,229.46075329410527,20,#00FF00,Quadrant 4,2,2,50,,#00FF00,0,66.8847721287449
image_89.png,5,False,174.12072745455478,200.65348826182384,20,#00FF00,Quadrant 3,2,1,50,,#00FF00,0,304.8493992025317
image_89.png,5,False,387.3085533910004,149.71466954535683,20,#00FF00,Quadrant 2,1,2,50,,#00FF00,0,147.90161291929482
image_89.png,5,False,342.77617408810033,272.0079661180366,20,#00FF00,Quadrant 3,2,1,50,,#00FF00,0,40.73917306137649
image_89.png,5,False,514.8610030986007,382.7928990932893,20,#00FF00,Quadrant 4,2,2,50,,#00FF00,0,51.1514927660433
image_89.png,5,False,547.6413040870475,186.74593172525562,20,#00FF00,Quadrant 2,1,2,50,,#00FF00,0,354.1206159458279
image_89.png,5,False,624.151764551838,44.43272057695263,20,#00FF00,Quadrant 2,1,2,50,,#00FF00,0,28.164456698361345
image_89.png,5,False,447.6108005755162,312.68113496228716,20,#00FF00,Quadrant 4,2,2,50,,#00FF00,0,28.109490620096366
image_89.png,5,False,47.36147350497731,140.86045263888366,20,#00FF00,Quadrant 1,1,1,50,,#00FF00,0,112.49989972035645
image_89.png,5,False,334.05061032496354,204.7866557276906,20,#00FF00,Quadrant 3,2,1,50,,#00FF00,0,280.2697679689677
image_89.png,5,False,516.5982231901075,170.14408850224086,20,#00FF00,Quadrant 2,1,2,50,,#00FF00,0,168.9236611621641
image_89.png,5,False,560.9757999628168,120.32079153744938,20,#00FF00,Quadrant 2,1,2,50,,#00FF00,0,345.80926889176504
image_89.png,5,False,646.8536515665915,294.2827556054203,20,#00FF00,Quadrant 4,2,2,50,,#00FF00,0,12.71744646294723
image_89.png,5,False,399.39362229738623,34.21591447200936,20,#00FF00,Quadrant 2,1,2,50,,#00FF00,0,261.7098170713168
image_89.png,5,False,127.49559701756039,30.51231645113909,20,#00FF00,Quadrant 1,1,1,50,,#00FF00,0,170.33779150345018
image_89.png,5,False,67.84950493559161,202.11532931815034,20,#00FF00,Quadrant 3,2,1,50,,#00FF00,0,103.25363557423401
image_89.png,5,False,202.43782108771143,61.09965234079624,20,#00FF00,Quadrant 1,1,1,50,,#00FF00,0,306.5202921789483
image_89.png,5,False,602.0644266310519,16.36873780384827,20,#00FF00,Quadrant 2,1,2,50,,#00FF00,0,101.14989533333596
image_89.png,5,False,131.30894103706325,234.6891074279667,20,#00FF00,Quadrant 3,2,1,50,,#00FF00,0,40.15778554510885
image_89.png,5,False,318.7440325302581,316.3637813203108,20,#00FF00,Quadrant 3,2,1,50,,#00FF00,0,54.4088208473923
image_89.png,5,False,493.83388720258296,194.2991981979152,20,#00FF00,Quadrant 2,1,2,50,,#00FF00,0,94.05093164525906
image_89.png,5,False,604.9279409110499,140.59654223903334,20,#00FF00,Quadrant 2,1,2,50,,#00FF00,0,287.77392230823625
image_89.png,5,False,110.95340348280872,364.03002107599065,20,#00FF00,Quadrant 3,2,1,50,,#00FF00,0,30.38452765527684
image_89.png,5,False,352.70836186895167,386.57534724544206,20,#00FF00,Quadrant 3,2,1,50,,#00FF00,0,55.49410746649738
image_89.png,5,False,174.945785546301,177.38993317207436,20,#00FF00,Quadrant 1,1,1,50,,#00FF00,0,277.33240409150807
image_89.png,5,False,156.28029900099963,288.5884999350673,20,#00FF00,Quadrant 3,2,1,50,,#00FF00,0,229.52687993811048
image_89.png,5,False,525.0977257739415,295.4177284590125,20,#00FF00,Quadrant 4,2,2,50,,#00FF00,0,108.49216678333167
image_89.png,5,False,272.6827471698698,277.71975013201416,20,#00FF00,Quadrant 3,2,1,50,,#00FF00,0,191.70749965398068
image_89.png,5,False,111.00823352839514,339.9649841511963,20,#00FF00,Quadrant 3,2,1,50,,#00FF00,0,170.85224907506296
image_89.png,5,False,649.8563204507972,180.65419572887976,20,#00FF00,Quadrant 2,1,2,50,,#00FF00,0,4.270694434383473
image_89.png,5,False,673.654516014044,269.12724552541334,20,#00FF00,Quadrant 4,2,2,50,,#00FF00,0,244.25762589013502
image_89.png,5,False,643.3036651913905,251.94632917454106,20,#00FF00,Quadrant 4,2,2,50,,#00FF00,0,14.766341410958397
image_89.png,5,False,308.5004703672569,358.01988220573156,20,#00FF00,Quadrant 3,2,1,50,,#00FF00,0,344.226116120265
image_89.png,5,False,241.79254315983272,111.95919434186504,20,#00FF00,Quadrant 1,1,1,50,,#00FF00,0,309.00804235139947
image_89.png,5,False,82.592119211772,179.56615286225977,20,#00FF00,Quadrant 1,1,1,50,,#00FF00,0,35.171553411298504
image_89.png,5,False,206.19164615539023,83.98406288674315,20,#00FF00,Quadrant 1,1,1,50,,#00FF00,0,78.9898772618937
image_89.png,5,False,74.34754369550669,365.75506680149124,20,#00FF00,Quadrant 3,2,1,50,,#00FF00,0,8.532170228533449
image_89.png,5,False,586.6313454538005,370.2848265958392,20,#00FF00,Quadrant 4,2,2,50,,#00FF00,0,236.37798668316086
image_89.png,5,False,498.863747916527,56.351347496018164,20,#00FF00,Quadrant 2,1,2,50,,#00FF00,0,229.70983865741226
image_89.png,5,False,100.5060974585664,259.117169728415,20,#00FF00,Quadrant 3,2,1,50,,#00FF00,0,308.3186967498577
image_90.png,2,True,185.54832409290802,187.50920821473466,20,#0000FF,Quadrant 1,1,1,1,100,#0000FF,0,250.43530811618774
image_90.png,5,False,451.1197699041869,359.77885773929586,20,#FF0000,Quadrant 4,2,2,1,,#FF0000,0,337.0255415682279
image_91.png,2,True,548.9238647221324,115.81466802765463,20,#00FF00,Quadrant 2,1,2,10,100,#00FF00,0,92.64117433360047
image_91.png,5,False,278.7388047069245,387.4723383687598,20,#0000FF,Quadrant 3,2,1,10,,#0000FF,0,22.459456755277813
image_91.png,5,False,571.0197952043569,78.25734594864609,20,#0000FF,Quadrant 2,1,2,10,,#0000FF,0,92.9658980966959
image_91.png,5,False,685.8217443212566,86.85292523126387,20,#0000FF,Quadrant 2,1,2,10,,#0000FF,0,24.983453281371595
image_91.png,5,False,455.73790901919807,51.98671713757395,20,#0000FF,Quadrant 2,1,2,10,,#0000FF,0,141.34840029656274
image_91.png,5,False,308.13371415040115,243.07925798879432,20,#0000FF,Quadrant 3,2,1,10,,#0000FF,0,194.6275764460462
image_91.png,5,False,315.24979753725836,108.90058494390942,20,#0000FF,Quadrant 1,1,1,10,,#0000FF,0,38.249896232331686
image_91.png,5,False,59.514093396487816,286.0120672637628,20,#0000FF,Quadrant 3,2,1,10,,#0000FF,0,12.549922065816975
image_91.png,5,False,23.928942447133632,199.13112080296065,20,#0000FF,Quadrant 1,1,1,10,,#0000FF,0,279.8053795137818
image_91.png,5,False,11.597805312005992,25.30186917797478,20,#0000FF,Quadrant 1,1,1,10,,#0000FF,0,235.03151975960057
image_91.png,5,False,115.45754954470716,135.67606860358586,20,#0000FF,Quadrant 1,1,1,10,,#0000FF,0,140.5741755360151
image_92.png,2,True,542.2125431603055,191.73670305929926,20,#00FF00,Quadrant 2,1,2,30,100,#00FF00,0,254.73803474283207
image_92.png,5,False,512.4317531814099,318.0401972001365,20,#FF0000,Quadrant 4,2,2,30,,#FF0000,0,145.40859061373538
image_92.png,5,False,166.60847410767354,156.31222436331748,20,#FF0000,Quadrant 1,1,1,30,,#FF0000,0,25.235886830436698
image_92.png,5,False,548.3027912314512,56.81497980965811,20,#FF0000,Quadrant 2,1,2,30,,#FF0000,0,248.13407104068693
image_92.png,5,False,694.2133510954285,137.04021145205127,20,#FF0000,Quadrant 2,1,2,30,,#FF0000,0,192.709467534834
image_92.png,5,False,49.02912982281864,387.8719709995048,20,#FF0000,Quadrant 3,2,1,30,,#FF0000,0,109.01810753510391
image_92.png,5,False,262.7298440810853,333.56330561064067,20,#FF0000,Quadrant 3,2,1,30,,#FF0000,0,232.94678742170413
image_92.png,5,False,590.5741135306024,298.4512645731871,20,#FF0000,Quadrant 4,2,2,30,,#FF0000,0,122.42260447863072
image_92.png,5,False,150.95000476904215,220.59172829141602,20,#FF0000,Quadrant 3,2,1,30,,#FF0000,0,104.38512052003534
image_92.png,5,False,466.24578708113114,123.9729904759191,20,#FF0000,Quadrant 2,1,2,30,,#FF0000,0,348.3046658210376
image_92.png,5,False,84.56316353749595,271.38249614686293,20,#FF0000,Quadrant 3,2,1,30,,#FF0000,0,140.437701066776
image_92.png,5,False,620.9125525652854,176.5578572448532,20,#FF0000,Quadrant 2,1,2,30,,#FF0000,0,175.14127515666553
image_92.png,5,False,35.59612086445751,20.58782087312154,20,#FF0000,Quadrant 1,1,1,30,,#FF0000,0,68.20721842631295
image_92.png,5,False,454.30786236395363,199.88060927263894,20,#FF0000,Quadrant 2,1,2,30,,#FF0000,0,285.38610186128864
image_92.png,5,False,570.3151017991655,376.36502486784093,20,#FF0000,Quadrant 4,2,2,30,,#FF0000,0,347.3833845580377
image_92.png,5,False,244.76743795440726,138.6576324684939,20,#FF0000,Quadrant 1,1,1,30,,#FF0000,0,5.910582939798861
image_92.png,5,False,290.3949127825417,91.0143504074603,20,#FF0000,Quadrant 1,1,1,30,,#FF0000,0,259.5643160895499
image_92.png,5,False,371.4294314743368,366.3539404743419,20,#FF0000,Quadrant 4,2,2,30,,#FF0000,0,235.3859764354967
image_92.png,5,False,380.6908000232953,291.11746677005794,20,#FF0000,Quadrant 4,2,2,30,,#FF0000,0,313.27201064476327
image_92.png,5,False,60.63106264478497,289.0037755334466,20,#FF0000,Quadrant 3,2,1,30,,#FF0000,0,83.87483755449719
image_92.png,5,False,24.134411734866532,353.9136159495354,20,#FF0000,Quadrant 3,2,1,30,,#FF0000,0,176.00209679737202
image_92.png,5,False,178.20827805395052,256.2412664245312,20,#FF0000,Quadrant 3,2,1,30,,#FF0000,0,222.61394989854548
image_92.png,5,False,446.9037423239727,352.962368534308,20,#FF0000,Quadrant 4,2,2,30,,#FF0000,0,5.171473786306691
image_92.png,5,False,78.03435362362248,242.04338619500834,20,#FF0000,Quadrant 3,2,1,30,,#FF0000,0,295.46612028577147
image_92.png,5,False,55.06679696190591,320.0038092597812,20,#FF0000,Quadrant 3,2,1,30,,#FF0000,0,300.7267765162535
image_92.png,5,False,420.93943352722914,243.7075833035738,20,#FF0000,Quadrant 4,2,2,30,,#FF0000,0,41.104685507503575
image_92.png,5,False,519.43266967249,162.95925473094587,20,#FF0000,Quadrant 2,1,2,30,,#FF0000,0,300.92254127256115
image_92.png,5,False,482.33689618737446,217.3444530808219,20,#FF0000,Quadrant 4,2,2,30,,#FF0000,0,43.48887824496012
image_92.png,5,False,675.6730566505123,91.60163456855818,20,#FF0000,Quadrant 2,1,2,30,,#FF0000,0,115.77235893244854
image_92.png,5,False,130.5054299545442,34.897873533083434,20,#FF0000,Quadrant 1,1,1,30,,#FF0000,0,16.411156456997155
image_92.png,5,False,124.68922133175707,103.09766238857321,20,#FF0000,Quadrant 1,1,1,30,,#FF0000,0,133.17384361644673
image_93.png,2,True,594.8356633602239,242.5028890086527,20,#0000FF,Quadrant 4,2,2,2,100,#0000FF,0,35.98842624410109
image_93.png,5,False,21.769294798843227,195.07370548332588,20,#FF0000,Quadrant 1,1,1,2,,#FF0000,0,279.9581895529577
image_93.png,5,False,134.61545788577467,44.69538872799419,20,#FF0000,Quadrant 1,1,1,2,,#FF0000,0,2.285848279302103
image_94.png,2,True,556.8538525126554,190.93271498167104,20,#0000FF,Quadrant 2,1,2,15,100,#0000FF,0,249.6612698634583
image_94.png,5,False,109.58753639340333,113.41900458728398,20,#00FF00,Quadrant 1,1,1,15,,#00FF00,0,45.68127091391145
image_94.png,5,False,175.8458398978691,76.97949779617306,20,#00FF00,Quadrant 1,1,1,15,,#00FF00,0,162.1508871639615
image_94.png,5,False,421.83138782546155,282.1011296135003,20,#00FF00,Quadrant 4,2,2,15,,#00FF00,0,249.00248507815326
image_94.png,5,False,71.64660242300513,323.41080012780714,20,#00FF00,Quadrant 3,2,1,15,,#00FF00,0,220.33793436070755
image_94.png,5,False,299.5434645052907,221.8145325114693,20,#00FF00,Quadrant 3,2,1,15,,#00FF00,0,108.43191597780049
image_94.png,5,False,690.7698285602563,380.2271792156137,20,#00FF00,Quadrant 4,2,2,15,,#00FF00,0,69.08503027485918
image_94.png,5,False,605.4217004062039,384.003642380351,20,#00FF00,Quadrant 4,2,2,15,,#00FF00,0,222.8115383556818
image_94.png,5,False,330.84482887207156,247.80348467249917,20,#00FF00,Quadrant 3,2,1,15,,#00FF00,0,182.71467237874424
image_94.png,5,False,47.564554277601694,53.592708253262195,20,#00FF00,Quadrant 1,1,1,15,,#00FF00,0,74.91913303370454
image_94.png,5,False,592.3655875351084,355.5410924950842,20,#00FF00,Quadrant 4,2,2,15,,#00FF00,0,53.71827011322787
image_94.png,5,False,121.07435994392831,359.7704089157112,20,#00FF00,Quadrant 3,2,1,15,,#00FF00,0,179.10534160939287
image_94.png,5,False,261.92902459509264,90.22492656339615,20,#00FF00,Quadrant 1,1,1,15,,#00FF00,0,19.449941159411523
image_94.png,5,False,435.98853246682046,347.45008628575675,20,#00FF00,Quadrant 4,2,2,15,,#00FF00,0,90.497440698341
image_94.png,5,False,82.9461376081946,30.82858706710925,20,#00FF00,Quadrant 1,1,1,15,,#00FF00,0,163.13314598496476
image_94.png,5,False,119.89342575672269,21.986655111262248,20,#00FF00,Quadrant 1,1,1,15,,#00FF00,0,193.44983028858553
image_95.png,2,True,508.04672250510447,235.04311833642387,20,#0000FF,Quadrant 4,2,2,1,100,#0000FF,0,322.22850296428754
image_95.png,5,False,147.93971153157034,266.8502623407908,20,#FF0000,Quadrant 3,2,1,1,,#FF0000,0,117.35003315555942
image_96.png,2,True,78.56618818919765,289.86869335145565,20,#00FF00,Quadrant 3,2,1,1,100,#00FF00,0,117.40760089458182
image_96.png,5,False,269.74181524776355,94.41052263821832,20,#FF0000,Quadrant 1,1,1,1,,#FF0000,0,313.1590690611608
image_97.png,2,True,110.86453638179445,361.74133001540514,20,#00FF00,Quadrant 3,2,1,0,100,#00FF00,0,320.57598379933404
image_98.png,2,True,326.38299298254265,84.39056085723624,20,#00FF00,Quadrant 1,1,1,15,100,#00FF00,0,134.45462948907655
image_98.png,5,False,196.819531845475,137.96692544285986,20,#FF0000,Quadrant 1,1,1,15,,#FF0000,0,129.09246676564305
image_98.png,5,False,402.81075874790577,117.0683705478725,20,#FF0000,Quadrant 2,1,2,15,,#FF0000,0,11.554054388372519
image_98.png,5,False,331.7531296533411,169.08860749538312,20,#FF0000,Quadrant 1,1,1,15,,#FF0000,0,39.999337394494475
image_98.png,5,False,162.47910576861932,122.57105173300505,20,#FF0000,Quadrant 1,1,1,15,,#FF0000,0,273.7222498930049
image_98.png,5,False,558.4555600999404,371.1433337417067,20,#FF0000,Quadrant 4,2,2,15,,#FF0000,0,56.443724663830565
image_98.png,5,False,409.3256761910289,219.9416311173999,20,#FF0000,Quadrant 4,2,2,15,,#FF0000,0,326.00811616463045
image_98.png,5,False,294.658642101697,208.2285996744235,20,#FF0000,Quadrant 3,2,1,15,,#FF0000,0,82.6928260261622
image_98.png,5,False,160.12895436286342,189.9788392512638,20,#FF0000,Quadrant 1,1,1,15,,#FF0000,0,310.39165912895766
image_98.png,5,False,20.99315745370262,172.82571856882873,20,#FF0000,Quadrant 1,1,1,15,,#FF0000,0,166.59465000407036
image_98.png,5,False,650.0335004235108,368.6833900385391,20,#FF0000,Quadrant 4,2,2,15,,#FF0000,0,80.06637961459266
image_98.png,5,False,629.8954862840358,168.9177605696735,20,#FF0000,Quadrant 2,1,2,15,,#FF0000,0,328.9516994843802
image_98.png,5,False,693.9874439334844,288.254042078057,20,#FF0000,Quadrant 4,2,2,15,,#FF0000,0,15.920710373082176
image_98.png,5,False,304.30567640023577,160.05301907035565,20,#FF0000,Quadrant 1,1,1,15,,#FF0000,0,181.51787826495914
image_98.png,5,False,490.99426585338796,48.0436989592227,20,#FF0000,Quadrant 2,1,2,15,,#FF0000,0,291.497947627949
image_98.png,5,False,68.25005999056631,295.66374548298035,20,#FF0000,Quadrant 3,2,1,15,,#FF0000,0,178.3026156319986
image_99.png,2,True,214.79960503961132,255.80799501839076,20,#0000FF,Quadrant 3,2,1,3,100,#0000FF,0,47.77632064391706
image_99.png,5,False,341.57045350943156,126.22823564083478,20,#00FF00,Quadrant 1,1,1,3,,#00FF00,0,32.66262177925451
image_99.png,5,False,602.1083346381215,293.47437131869435,20,#00FF00,Quadrant 4,2,2,3,,#00FF00,0,253.18961564706132
image_99.png,5,False,324.3853095883956,302.75363295078154,20,#00FF00,Quadrant 3,2,1,3,,#00FF00,0,8.788850542243413
