filename,shape_type,target,center_x,center_y,size,color,quadrant,row,column,num_distractors,num_images,distractor_color,color_bin_index,rotation_angle,bin_group,condition,image_condition
image_0.png,2,True,200.4952003563232,95.373659020255,20,#FF0000,Quadrant 1,1,1,72,151.0,#FF0000,0.0,9.003871880160098,6,2Among5Colour,image_0.png_2Among5Colour
image_1.png,2,True,470.5171199278891,144.69052388432573,20,#FF0000,Quadrant 2,1,2,12,151.0,#FF0000,0.0,245.54400779180753,3,2Among5Colour,image_1.png_2Among5Colour
image_2.png,2,True,310.41442965103994,286.3900329267222,20,#FF0000,Quadrant 3,2,1,9,151.0,#FF0000,0.0,39.024916997296,3,2Among5Colour,image_2.png_2Among5Colour
image_3.png,2,True,218.35446357567452,218.12026656529392,20,#FF0000,Quadrant 3,2,1,22,151.0,#FF0000,0.0,221.585369742497,4,2Among5Colour,image_3.png_2Among5Colour
image_4.png,2,True,170.33915953272069,273.31302904904175,20,#FF0000,Quadrant 3,2,1,10,151.0,#FF0000,0.0,49.81466214581606,3,2Among5Colour,image_4.png_2Among5Colour
image_5.png,2,True,104.49694670185876,185.52201185147143,20,#FF0000,Quadrant 1,1,1,1,151.0,#FF0000,0.0,231.38987328336088,1,2Among5Colour,image_5.png_2Among5Colour
image_6.png,2,True,272.2179625236899,295.2597133037087,20,#FF0000,Quadrant 3,2,1,14,151.0,#FF0000,0.0,274.04269484184977,3,2Among5Colour,image_6.png_2Among5Colour
image_7.png,2,True,306.15245111873895,151.07579121042522,20,#FF0000,Quadrant 1,1,1,35,151.0,#FF0000,0.0,124.99335551104164,5,2Among5Colour,image_7.png_2Among5Colour
image_8.png,2,True,119.21233733942437,76.70152126739224,20,#FF0000,Quadrant 1,1,1,7,151.0,#FF0000,0.0,237.7541293891332,2,2Among5Colour,image_8.png_2Among5Colour
image_9.png,2,True,578.9015676094864,359.2107759497672,20,#FF0000,Quadrant 4,2,2,7,151.0,#FF0000,0.0,214.2158534349857,2,2Among5Colour,image_9.png_2Among5Colour
image_10.png,2,True,315.69605964551977,116.1431843832351,20,#FF0000,Quadrant 1,1,1,8,151.0,#FF0000,0.0,186.8269827555374,2,2Among5Colour,image_10.png_2Among5Colour
image_11.png,2,True,439.9947382225791,199.43039270046728,20,#FF0000,Quadrant 2,1,2,2,151.0,#FF0000,0.0,186.63818128586237,1,2Among5Colour,image_11.png_2Among5Colour
image_12.png,2,True,445.0853488557977,313.1405911777499,20,#FF0000,Quadrant 4,2,2,20,151.0,#FF0000,0.0,10.392999278998762,4,2Among5Colour,image_12.png_2Among5Colour
image_13.png,2,True,597.8662864296264,333.18502522190755,20,#FF0000,Quadrant 4,2,2,58,151.0,#FF0000,0.0,233.94119492853812,5,2Among5Colour,image_13.png_2Among5Colour
image_14.png,2,True,459.4815821032194,301.66791197959117,20,#FF0000,Quadrant 4,2,2,1,151.0,#FF0000,0.0,307.00538542640703,1,2Among5Colour,image_14.png_2Among5Colour
image_15.png,2,True,323.4607441032312,168.2440877988452,20,#FF0000,Quadrant 1,1,1,8,151.0,#FF0000,0.0,122.01538278066307,2,2Among5Colour,image_15.png_2Among5Colour
image_16.png,2,True,85.56246514788671,330.55115223130844,20,#FF0000,Quadrant 3,2,1,95,151.0,#FF0000,0.0,80.7281528787236,6,2Among5Colour,image_16.png_2Among5Colour
image_17.png,2,True,104.51687981633329,38.99167080873352,20,#FF0000,Quadrant 1,1,1,16,151.0,#FF0000,0.0,72.06420275680327,3,2Among5Colour,image_17.png_2Among5Colour
image_18.png,2,True,122.59523513401489,364.3309022495712,20,#FF0000,Quadrant 3,2,1,42,151.0,#FF0000,0.0,109.48483541068842,5,2Among5Colour,image_18.png_2Among5Colour
image_19.png,2,True,299.53962543857193,167.09892150021415,20,#FF0000,Quadrant 1,1,1,5,151.0,#FF0000,0.0,158.77388382650386,2,2Among5Colour,image_19.png_2Among5Colour
image_20.png,2,True,143.47001253519554,104.18423322934224,20,#FF0000,Quadrant 1,1,1,81,151.0,#FF0000,0.0,219.62756882835055,6,2Among5Colour,image_20.png_2Among5Colour
image_21.png,2,True,21.839187372892397,212.1763193348144,20,#FF0000,Quadrant 3,2,1,95,151.0,#FF0000,0.0,237.34236311635055,6,2Among5Colour,image_21.png_2Among5Colour
image_22.png,2,True,70.72805505806609,48.975812516547464,20,#FF0000,Quadrant 1,1,1,31,151.0,#FF0000,0.0,309.586508856774,4,2Among5Colour,image_22.png_2Among5Colour
image_23.png,2,True,261.77980597222484,358.8456341082752,20,#FF0000,Quadrant 3,2,1,2,151.0,#FF0000,0.0,16.55335076030529,1,2Among5Colour,image_23.png_2Among5Colour
image_24.png,2,True,642.0239330029367,131.935481999334,20,#FF0000,Quadrant 2,1,2,7,151.0,#FF0000,0.0,89.37474600860754,2,2Among5Colour,image_24.png_2Among5Colour
image_25.png,2,True,387.57931815812174,311.8779985655692,20,#FF0000,Quadrant 4,2,2,23,151.0,#FF0000,0.0,263.68680122613597,4,2Among5Colour,image_25.png_2Among5Colour
image_26.png,2,True,53.490068116236685,306.2028775320233,20,#FF0000,Quadrant 3,2,1,2,151.0,#FF0000,0.0,43.72317198145754,1,2Among5Colour,image_26.png_2Among5Colour
image_27.png,2,True,62.66616749778629,387.92701907731913,20,#FF0000,Quadrant 3,2,1,49,151.0,#FF0000,0.0,330.27428934416884,5,2Among5Colour,image_27.png_2Among5Colour
image_28.png,2,True,629.8075552796618,46.19357107389954,20,#FF0000,Quadrant 2,1,2,5,151.0,#FF0000,0.0,196.9366531004033,2,2Among5Colour,image_28.png_2Among5Colour
image_29.png,2,True,45.1988202535333,227.1289873702263,20,#FF0000,Quadrant 3,2,1,13,151.0,#FF0000,0.0,85.51738258100843,3,2Among5Colour,image_29.png_2Among5Colour
image_30.png,2,True,173.35735142338802,123.9660972047225,20,#FF0000,Quadrant 1,1,1,63,151.0,#FF0000,0.0,206.17714462723873,5,2Among5Colour,image_30.png_2Among5Colour
image_31.png,2,True,537.099156135689,44.27962794091886,20,#FF0000,Quadrant 2,1,2,43,151.0,#FF0000,0.0,176.24775262680592,5,2Among5Colour,image_31.png_2Among5Colour
image_32.png,2,True,472.52276280966333,138.87764258846397,20,#FF0000,Quadrant 2,1,2,79,151.0,#FF0000,0.0,352.04240071828747,6,2Among5Colour,image_32.png_2Among5Colour
image_33.png,2,True,663.4687991786927,126.17325558811416,20,#FF0000,Quadrant 2,1,2,4,151.0,#FF0000,0.0,193.37473747960595,1,2Among5Colour,image_33.png_2Among5Colour
image_34.png,2,True,61.39661021724108,264.8970241655642,20,#FF0000,Quadrant 3,2,1,4,151.0,#FF0000,0.0,232.0828249892537,1,2Among5Colour,image_34.png_2Among5Colour
image_35.png,2,True,116.0001288552979,225.27379554345097,20,#FF0000,Quadrant 3,2,1,84,151.0,#FF0000,0.0,249.64492656514923,6,2Among5Colour,image_35.png_2Among5Colour
image_36.png,2,True,537.5642625058781,215.67715483994328,20,#FF0000,Quadrant 4,2,2,4,151.0,#FF0000,0.0,220.9777110992709,1,2Among5Colour,image_36.png_2Among5Colour
image_37.png,2,True,561.6969733504069,191.8049889593524,20,#FF0000,Quadrant 2,1,2,41,151.0,#FF0000,0.0,19.493341663962287,5,2Among5Colour,image_37.png_2Among5Colour
image_38.png,2,True,379.6831338609046,270.9770463000939,20,#FF0000,Quadrant 4,2,2,7,151.0,#FF0000,0.0,103.2344094582741,2,2Among5Colour,image_38.png_2Among5Colour
image_39.png,2,True,599.0491141168152,79.94991366299898,20,#FF0000,Quadrant 2,1,2,50,151.0,#FF0000,0.0,148.64539554476903,5,2Among5Colour,image_39.png_2Among5Colour
image_40.png,2,True,663.8298044000614,222.08407544490296,20,#FF0000,Quadrant 4,2,2,48,151.0,#FF0000,0.0,205.20996082661313,5,2Among5Colour,image_40.png_2Among5Colour
image_41.png,2,True,465.9968767682675,261.60705830221883,20,#FF0000,Quadrant 4,2,2,17,151.0,#FF0000,0.0,23.975205271782364,4,2Among5Colour,image_41.png_2Among5Colour
image_42.png,2,True,411.33015275741207,269.570384505687,20,#FF0000,Quadrant 4,2,2,6,151.0,#FF0000,0.0,234.89015258764883,2,2Among5Colour,image_42.png_2Among5Colour
image_43.png,2,True,577.1502773989411,251.7283167002239,20,#FF0000,Quadrant 4,2,2,16,151.0,#FF0000,0.0,268.4195027959098,3,2Among5Colour,image_43.png_2Among5Colour
image_44.png,2,True,322.1590092763632,323.60981842723425,20,#FF0000,Quadrant 3,2,1,67,151.0,#FF0000,0.0,187.43367284054952,6,2Among5Colour,image_44.png_2Among5Colour
image_45.png,2,True,36.184697944706926,157.50834554262497,20,#FF0000,Quadrant 1,1,1,41,151.0,#FF0000,0.0,73.86735961471072,5,2Among5Colour,image_45.png_2Among5Colour
image_46.png,2,True,211.84574166460376,243.68627885325304,20,#FF0000,Quadrant 3,2,1,74,151.0,#FF0000,0.0,163.07079129853912,6,2Among5Colour,image_46.png_2Among5Colour
image_47.png,2,True,458.01384276852383,16.430047475622025,20,#FF0000,Quadrant 2,1,2,35,151.0,#FF0000,0.0,87.36571857681014,5,2Among5Colour,image_47.png_2Among5Colour
image_48.png,2,True,402.81075874790577,117.0683705478725,20,#FF0000,Quadrant 2,1,2,11,151.0,#FF0000,0.0,11.55405438837252,3,2Among5Colour,image_48.png_2Among5Colour
image_49.png,2,True,176.71241834200958,222.1080733140092,20,#FF0000,Quadrant 3,2,1,71,151.0,#FF0000,0.0,162.8788925580875,6,2Among5Colour,image_49.png_2Among5Colour
image_50.png,2,True,642.1454692605124,55.06181601824842,20,#FF0000,Quadrant 2,1,2,40,151.0,#FF0000,0.0,150.24465267193975,5,2Among5Colour,image_50.png_2Among5Colour
image_51.png,2,True,466.48453645303186,207.54068908201347,20,#FF0000,Quadrant 4,2,2,39,151.0,#FF0000,0.0,273.66171976585844,5,2Among5Colour,image_51.png_2Among5Colour
image_52.png,2,True,583.0177082030024,35.35360616165837,20,#FF0000,Quadrant 2,1,2,30,151.0,#FF0000,0.0,114.71514485528272,4,2Among5Colour,image_52.png_2Among5Colour
image_53.png,2,True,359.86448009108767,144.0016990087111,20,#FF0000,Quadrant 2,1,2,2,151.0,#FF0000,0.0,251.453587516764,1,2Among5Colour,image_53.png_2Among5Colour
image_54.png,2,True,556.0123099738141,62.44286038847752,20,#FF0000,Quadrant 2,1,2,76,151.0,#FF0000,0.0,226.85628294665952,6,2Among5Colour,image_54.png_2Among5Colour
image_55.png,2,True,595.6966038311981,289.61560245405104,20,#FF0000,Quadrant 4,2,2,92,151.0,#FF0000,0.0,352.61529765760093,6,2Among5Colour,image_55.png_2Among5Colour
image_56.png,2,True,570.9115215029215,374.30125929044584,20,#FF0000,Quadrant 4,2,2,61,151.0,#FF0000,0.0,15.045148732963028,5,2Among5Colour,image_56.png_2Among5Colour
image_57.png,2,True,452.3422520306456,87.07674708090514,20,#FF0000,Quadrant 2,1,2,12,151.0,#FF0000,0.0,351.5438779602489,3,2Among5Colour,image_57.png_2Among5Colour
image_58.png,2,True,245.1342526894141,220.60287304948636,20,#FF0000,Quadrant 3,2,1,7,151.0,#FF0000,0.0,258.78120260493773,2,2Among5Colour,image_58.png_2Among5Colour
image_59.png,2,True,271.57671974904713,152.46850413222393,20,#FF0000,Quadrant 1,1,1,6,151.0,#FF0000,0.0,69.00526517420778,2,2Among5Colour,image_59.png_2Among5Colour
image_60.png,2,True,278.41181635596774,344.5555488604087,20,#FF0000,Quadrant 3,2,1,69,151.0,#FF0000,0.0,60.2760748796237,6,2Among5Colour,image_60.png_2Among5Colour
image_61.png,2,True,41.32462103220466,204.72503804195287,20,#FF0000,Quadrant 3,2,1,75,151.0,#FF0000,0.0,260.64413890344656,6,2Among5Colour,image_61.png_2Among5Colour
image_62.png,2,True,259.18166676011947,28.295119140355876,20,#FF0000,Quadrant 1,1,1,3,151.0,#FF0000,0.0,5.986909480093603,1,2Among5Colour,image_62.png_2Among5Colour
image_63.png,2,True,213.47158853965064,84.73908906514991,20,#FF0000,Quadrant 1,1,1,20,151.0,#FF0000,0.0,264.3399874757906,4,2Among5Colour,image_63.png_2Among5Colour
image_64.png,2,True,686.1163042256851,131.8250498886718,20,#FF0000,Quadrant 2,1,2,45,151.0,#FF0000,0.0,304.96269479194575,5,2Among5Colour,image_64.png_2Among5Colour
image_65.png,2,True,317.5500781413922,229.13301535984417,20,#FF0000,Quadrant 3,2,1,51,151.0,#FF0000,0.0,237.2967281362181,5,2Among5Colour,image_65.png_2Among5Colour
image_66.png,2,True,313.71676684546344,63.872523707992414,20,#FF0000,Quadrant 1,1,1,4,151.0,#FF0000,0.0,236.26067207879336,1,2Among5Colour,image_66.png_2Among5Colour
image_67.png,2,True,347.9677377941847,198.32455127188555,20,#FF0000,Quadrant 1,1,1,82,151.0,#FF0000,0.0,42.7652301758104,6,2Among5Colour,image_67.png_2Among5Colour
image_68.png,2,True,165.74057738104045,293.36424633926816,20,#FF0000,Quadrant 3,2,1,24,151.0,#FF0000,0.0,75.86545272183307,4,2Among5Colour,image_68.png_2Among5Colour
image_69.png,2,True,33.30071945928722,112.74550871658975,20,#FF0000,Quadrant 1,1,1,6,151.0,#FF0000,0.0,229.8200259693912,2,2Among5Colour,image_69.png_2Among5Colour
image_70.png,2,True,274.2749831722724,232.6434009254803,20,#FF0000,Quadrant 3,2,1,5,151.0,#FF0000,0.0,211.3831833495568,2,2Among5Colour,image_70.png_2Among5Colour
image_71.png,2,True,246.2351343953152,307.8630025207451,20,#FF0000,Quadrant 3,2,1,98,151.0,#FF0000,0.0,334.88179323605476,6,2Among5Colour,image_71.png_2Among5Colour
image_72.png,2,True,454.48629326148017,334.606959295547,20,#FF0000,Quadrant 4,2,2,34,151.0,#FF0000,0.0,102.61328910604912,5,2Among5Colour,image_72.png_2Among5Colour
image_73.png,2,True,627.0335594305653,81.69725156451777,20,#FF0000,Quadrant 2,1,2,1,151.0,#FF0000,0.0,86.60248611846309,1,2Among5Colour,image_73.png_2Among5Colour
image_74.png,2,True,68.92200188487833,174.09703467906235,20,#FF0000,Quadrant 1,1,1,10,151.0,#FF0000,0.0,333.69397907040667,3,2Among5Colour,image_74.png_2Among5Colour
image_75.png,2,True,128.83906305109224,87.95153128657725,20,#FF0000,Quadrant 1,1,1,82,151.0,#FF0000,0.0,178.2617976818527,6,2Among5Colour,image_75.png_2Among5Colour
image_76.png,2,True,478.726975635555,96.23769192435483,20,#FF0000,Quadrant 2,1,2,7,151.0,#FF0000,0.0,176.79708687592554,2,2Among5Colour,image_76.png_2Among5Colour
image_77.png,2,True,313.3869851123958,247.4279248578301,20,#FF0000,Quadrant 3,2,1,41,151.0,#FF0000,0.0,288.5745202316022,5,2Among5Colour,image_77.png_2Among5Colour
image_78.png,2,True,582.3459845128248,175.08073184825915,20,#FF0000,Quadrant 2,1,2,5,151.0,#FF0000,0.0,122.73997859122646,2,2Among5Colour,image_78.png_2Among5Colour
image_79.png,2,True,648.0915247286732,60.847885467971565,20,#FF0000,Quadrant 2,1,2,31,151.0,#FF0000,0.0,268.4281933109515,4,2Among5Colour,image_79.png_2Among5Colour
image_80.png,2,True,237.4636226779038,313.0242505086154,20,#FF0000,Quadrant 3,2,1,51,151.0,#FF0000,0.0,327.9850277889552,5,2Among5Colour,image_80.png_2Among5Colour
image_81.png,2,True,613.9019213115265,263.4948531042983,20,#FF0000,Quadrant 4,2,2,7,151.0,#FF0000,0.0,302.6490664741516,2,2Among5Colour,image_81.png_2Among5Colour
image_82.png,2,True,30.955195065222128,112.27522116773008,20,#FF0000,Quadrant 1,1,1,30,151.0,#FF0000,0.0,247.39989522508984,4,2Among5Colour,image_82.png_2Among5Colour
image_83.png,2,True,409.1589674272114,20.40912731139195,20,#FF0000,Quadrant 2,1,2,71,151.0,#FF0000,0.0,162.81732708708873,6,2Among5Colour,image_83.png_2Among5Colour
image_84.png,2,True,678.289923720764,219.50903592769953,20,#FF0000,Quadrant 4,2,2,12,151.0,#FF0000,0.0,123.18521985318792,3,2Among5Colour,image_84.png_2Among5Colour
image_85.png,2,True,287.39448917522583,26.168750069658618,20,#FF0000,Quadrant 1,1,1,54,151.0,#FF0000,0.0,173.72073325723483,5,2Among5Colour,image_85.png_2Among5Colour
image_86.png,2,True,165.90426750818074,279.0052167229514,20,#FF0000,Quadrant 3,2,1,27,151.0,#FF0000,0.0,34.97317105290686,4,2Among5Colour,image_86.png_2Among5Colour
image_87.png,2,True,122.19031955601844,150.5063135424012,20,#FF0000,Quadrant 1,1,1,23,151.0,#FF0000,0.0,306.11124492253686,4,2Among5Colour,image_87.png_2Among5Colour
image_88.png,2,True,420.56098140499034,298.7799948821063,20,#FF0000,Quadrant 4,2,2,25,151.0,#FF0000,0.0,204.56322833230817,4,2Among5Colour,image_88.png_2Among5Colour
image_89.png,2,True,141.9197608103555,325.0017196595852,20,#FF0000,Quadrant 3,2,1,50,151.0,#FF0000,0.0,32.88931062459768,5,2Among5Colour,image_89.png_2Among5Colour
image_90.png,2,True,517.0248937089423,224.6859725775588,20,#FF0000,Quadrant 4,2,2,54,151.0,#FF0000,0.0,228.3745839011625,5,2Among5Colour,image_90.png_2Among5Colour
image_91.png,2,True,101.74618986959324,170.52391993748634,20,#FF0000,Quadrant 1,1,1,50,151.0,#FF0000,0.0,273.561702399191,5,2Among5Colour,image_91.png_2Among5Colour
image_92.png,2,True,163.53642555517834,174.96393851643475,20,#FF0000,Quadrant 1,1,1,24,151.0,#FF0000,0.0,210.8822826906397,4,2Among5Colour,image_92.png_2Among5Colour
image_93.png,2,True,141.76514051774492,128.3794270421405,20,#FF0000,Quadrant 1,1,1,7,151.0,#FF0000,0.0,5.733838976420564,2,2Among5Colour,image_93.png_2Among5Colour
image_94.png,2,True,165.90432615509133,323.27866477826336,20,#FF0000,Quadrant 3,2,1,38,151.0,#FF0000,0.0,116.58106684534248,5,2Among5Colour,image_94.png_2Among5Colour
image_95.png,2,True,76.79283239026017,11.65352401316689,20,#FF0000,Quadrant 1,1,1,1,151.0,#FF0000,0.0,245.77563028285587,1,2Among5Colour,image_95.png_2Among5Colour
image_96.png,2,True,402.4061941367259,152.68801522878974,20,#FF0000,Quadrant 2,1,2,9,151.0,#FF0000,0.0,288.01374231168785,3,2Among5Colour,image_96.png_2Among5Colour
image_97.png,2,True,426.81382189668005,387.9952403291048,20,#FF0000,Quadrant 4,2,2,5,151.0,#FF0000,0.0,179.15437779976045,2,2Among5Colour,image_97.png_2Among5Colour
image_98.png,2,True,73.66694373756775,258.51596313095877,20,#FF0000,Quadrant 3,2,1,20,151.0,#FF0000,0.0,305.1986973519904,4,2Among5Colour,image_98.png_2Among5Colour
image_99.png,2,True,691.1019055891928,323.4442958706956,20,#FF0000,Quadrant 4,2,2,86,151.0,#FF0000,0.0,354.38470738933074,6,2Among5Colour,image_99.png_2Among5Colour
image_100.png,2,True,462.1862532540644,376.95655809622053,20,#FF0000,Quadrant 4,2,2,12,151.0,#FF0000,0.0,190.99830420698152,3,2Among5Colour,image_100.png_2Among5Colour
image_101.png,2,True,519.3849854255495,156.7432549194077,20,#FF0000,Quadrant 2,1,2,31,151.0,#FF0000,0.0,54.96654459200679,4,2Among5Colour,image_101.png_2Among5Colour
image_102.png,2,True,455.9848469396411,373.0203129735743,20,#FF0000,Quadrant 4,2,2,45,151.0,#FF0000,0.0,296.689119129347,5,2Among5Colour,image_102.png_2Among5Colour
image_103.png,2,True,159.34765381319065,83.11689823132299,20,#FF0000,Quadrant 1,1,1,5,151.0,#FF0000,0.0,19.273622725143372,2,2Among5Colour,image_103.png_2Among5Colour
image_104.png,2,True,653.1777482428537,76.99172739253973,20,#FF0000,Quadrant 2,1,2,66,151.0,#FF0000,0.0,316.9046042500101,6,2Among5Colour,image_104.png_2Among5Colour
image_105.png,2,True,102.7850123676392,276.157134992542,20,#FF0000,Quadrant 3,2,1,6,151.0,#FF0000,0.0,53.059403211798625,2,2Among5Colour,image_105.png_2Among5Colour
image_106.png,2,True,98.47239643376793,203.73006346048552,20,#FF0000,Quadrant 3,2,1,37,151.0,#FF0000,0.0,52.60046213976772,5,2Among5Colour,image_106.png_2Among5Colour
image_107.png,2,True,202.09829909385036,218.32948446507868,20,#FF0000,Quadrant 3,2,1,1,151.0,#FF0000,0.0,304.98289633766404,1,2Among5Colour,image_107.png_2Among5Colour
image_108.png,2,True,625.1136501427337,225.16245431180744,20,#FF0000,Quadrant 4,2,2,92,151.0,#FF0000,0.0,73.76138638241184,6,2Among5Colour,image_108.png_2Among5Colour
image_109.png,2,True,80.35462491634011,42.113277457367175,20,#FF0000,Quadrant 1,1,1,15,151.0,#FF0000,0.0,307.1514918642954,3,2Among5Colour,image_109.png_2Among5Colour
image_110.png,2,True,156.06707942358702,185.36639602643623,20,#FF0000,Quadrant 1,1,1,7,151.0,#FF0000,0.0,239.85193131550753,2,2Among5Colour,image_110.png_2Among5Colour
image_111.png,2,True,280.2572579677078,141.44237332767932,20,#FF0000,Quadrant 1,1,1,67,151.0,#FF0000,0.0,131.1153597857888,6,2Among5Colour,image_111.png_2Among5Colour
image_112.png,2,True,464.29290003336394,48.96470144713786,20,#FF0000,Quadrant 2,1,2,52,151.0,#FF0000,0.0,326.27498894074574,5,2Among5Colour,image_112.png_2Among5Colour
image_113.png,2,True,336.10773349823535,85.18958521274602,20,#FF0000,Quadrant 1,1,1,28,151.0,#FF0000,0.0,34.59237558224606,4,2Among5Colour,image_113.png_2Among5Colour
image_114.png,2,True,537.6836988966252,91.05479632075522,20,#FF0000,Quadrant 2,1,2,91,151.0,#FF0000,0.0,39.06879119975738,6,2Among5Colour,image_114.png_2Among5Colour
image_115.png,2,True,42.77707833827253,99.35653886095616,20,#FF0000,Quadrant 1,1,1,98,151.0,#FF0000,0.0,49.1382982334838,6,2Among5Colour,image_115.png_2Among5Colour
image_116.png,2,True,372.30248010494586,161.6684012358017,20,#FF0000,Quadrant 2,1,2,99,151.0,#FF0000,0.0,114.57138870181576,6,2Among5Colour,image_116.png_2Among5Colour
image_117.png,2,True,158.87191682382615,263.1073108839459,20,#FF0000,Quadrant 3,2,1,1,151.0,#FF0000,0.0,289.93037652263246,1,2Among5Colour,image_117.png_2Among5Colour
image_118.png,2,True,168.68677170993467,182.51157738901543,20,#FF0000,Quadrant 1,1,1,17,151.0,#FF0000,0.0,279.49067499474063,4,2Among5Colour,image_118.png_2Among5Colour
image_119.png,2,True,266.5418358005408,234.06645563194064,20,#FF0000,Quadrant 3,2,1,26,151.0,#FF0000,0.0,224.24630748747035,4,2Among5Colour,image_119.png_2Among5Colour
image_120.png,2,True,442.8911376747301,20.42481803466608,20,#FF0000,Quadrant 2,1,2,3,151.0,#FF0000,0.0,347.4291416922169,1,2Among5Colour,image_120.png_2Among5Colour
image_121.png,2,True,398.8524206114627,275.5750087074479,20,#FF0000,Quadrant 4,2,2,5,151.0,#FF0000,0.0,295.3970800143852,2,2Among5Colour,image_121.png_2Among5Colour
image_122.png,2,True,457.4905436699595,86.09490961661673,20,#FF0000,Quadrant 2,1,2,32,151.0,#FF0000,0.0,229.99737441930964,4,2Among5Colour,image_122.png_2Among5Colour
image_123.png,2,True,529.2358688575031,229.70928629157032,20,#FF0000,Quadrant 4,2,2,21,151.0,#FF0000,0.0,166.8092627930191,4,2Among5Colour,image_123.png_2Among5Colour
image_124.png,2,True,440.41171336137654,34.96897142910015,20,#FF0000,Quadrant 2,1,2,37,151.0,#FF0000,0.0,152.969196497945,5,2Among5Colour,image_124.png_2Among5Colour
image_125.png,2,True,293.807147469011,134.55855553082563,20,#FF0000,Quadrant 1,1,1,92,151.0,#FF0000,0.0,155.2824018828663,6,2Among5Colour,image_125.png_2Among5Colour
image_126.png,2,True,27.104431991458423,235.79720380522735,20,#FF0000,Quadrant 3,2,1,4,151.0,#FF0000,0.0,322.8451861123714,1,2Among5Colour,image_126.png_2Among5Colour
image_127.png,2,True,686.4948421288661,227.07979420803144,20,#FF0000,Quadrant 4,2,2,1,151.0,#FF0000,0.0,273.97887453212525,1,2Among5Colour,image_127.png_2Among5Colour
image_128.png,2,True,680.3741272956515,55.52029210400357,20,#FF0000,Quadrant 2,1,2,14,151.0,#FF0000,0.0,183.77883369600508,3,2Among5Colour,image_128.png_2Among5Colour
image_129.png,2,True,162.27497432797983,277.15991231519047,20,#FF0000,Quadrant 3,2,1,1,151.0,#FF0000,0.0,227.5625755172032,1,2Among5Colour,image_129.png_2Among5Colour
image_130.png,2,True,202.8493831009345,337.7873243664281,20,#FF0000,Quadrant 3,2,1,6,151.0,#FF0000,0.0,297.8210899901723,2,2Among5Colour,image_130.png_2Among5Colour
image_131.png,2,True,56.412737463370874,308.22184730202997,20,#FF0000,Quadrant 3,2,1,56,151.0,#FF0000,0.0,2.24891821540381,5,2Among5Colour,image_131.png_2Among5Colour
image_132.png,2,True,640.3706926396723,262.90943115857635,20,#FF0000,Quadrant 4,2,2,88,151.0,#FF0000,0.0,231.8087876595416,6,2Among5Colour,image_132.png_2Among5Colour
image_133.png,2,True,497.7136183376512,149.2891625812078,20,#FF0000,Quadrant 2,1,2,80,151.0,#FF0000,0.0,27.917397233298452,6,2Among5Colour,image_133.png_2Among5Colour
image_134.png,2,True,307.2675660564791,368.8279981052502,20,#FF0000,Quadrant 3,2,1,6,151.0,#FF0000,0.0,270.6831954264856,2,2Among5Colour,image_134.png_2Among5Colour
image_135.png,2,True,338.38132837405504,216.89532414745383,20,#FF0000,Quadrant 3,2,1,98,151.0,#FF0000,0.0,192.51545715175175,6,2Among5Colour,image_135.png_2Among5Colour
image_136.png,2,True,615.6995749461487,291.1285820428226,20,#FF0000,Quadrant 4,2,2,78,151.0,#FF0000,0.0,57.58499697704843,6,2Among5Colour,image_136.png_2Among5Colour
image_137.png,2,True,365.6762988081144,160.12042597731107,20,#FF0000,Quadrant 2,1,2,2,151.0,#FF0000,0.0,238.6372830748819,1,2Among5Colour,image_137.png_2Among5Colour
image_138.png,2,True,210.72593171098984,238.4914799396293,20,#FF0000,Quadrant 3,2,1,18,151.0,#FF0000,0.0,142.81474310217286,4,2Among5Colour,image_138.png_2Among5Colour
image_139.png,2,True,376.7346314138153,72.2342918415394,20,#FF0000,Quadrant 2,1,2,66,151.0,#FF0000,0.0,235.30597003246436,6,2Among5Colour,image_139.png_2Among5Colour
image_140.png,2,True,555.2463100343084,311.4363030196332,20,#FF0000,Quadrant 4,2,2,14,151.0,#FF0000,0.0,291.91866632996016,3,2Among5Colour,image_140.png_2Among5Colour
image_141.png,2,True,331.1641407106543,294.1228526122417,20,#FF0000,Quadrant 3,2,1,9,151.0,#FF0000,0.0,271.6358999899659,3,2Among5Colour,image_141.png_2Among5Colour
image_142.png,2,True,217.243096315788,281.13151858950084,20,#FF0000,Quadrant 3,2,1,9,151.0,#FF0000,0.0,316.55505931993156,3,2Among5Colour,image_142.png_2Among5Colour
image_143.png,2,True,604.0734080958338,321.1154929844052,20,#FF0000,Quadrant 4,2,2,5,151.0,#FF0000,0.0,234.2381483342678,2,2Among5Colour,image_143.png_2Among5Colour
image_144.png,2,True,458.9581165059425,165.9267899376996,20,#FF0000,Quadrant 2,1,2,8,151.0,#FF0000,0.0,358.83664753776304,2,2Among5Colour,image_144.png_2Among5Colour
image_145.png,2,True,686.3090282636979,14.127027838037977,20,#FF0000,Quadrant 2,1,2,33,151.0,#FF0000,0.0,48.73281014374928,5,2Among5Colour,image_145.png_2Among5Colour
image_146.png,2,True,224.2912353580205,371.89606559099474,20,#FF0000,Quadrant 3,2,1,4,151.0,#FF0000,0.0,257.2513173655065,1,2Among5Colour,image_146.png_2Among5Colour
image_147.png,2,True,694.3886334504942,329.2691600684142,20,#FF0000,Quadrant 4,2,2,6,151.0,#FF0000,0.0,134.34995076154394,2,2Among5Colour,image_147.png_2Among5Colour
image_148.png,2,True,651.7473107229664,305.4756195044958,20,#FF0000,Quadrant 4,2,2,22,151.0,#FF0000,0.0,20.19259733207551,4,2Among5Colour,image_148.png_2Among5Colour
image_149.png,2,True,515.739615594232,365.0042643927974,20,#FF0000,Quadrant 4,2,2,10,151.0,#FF0000,0.0,51.08978646670241,3,2Among5Colour,image_149.png_2Among5Colour
image_150.png,2,True,381.0095843569462,359.586818114835,20,#FF0000,Quadrant 4,2,2,3,151.0,#FF0000,0.0,343.8297448668681,1,2Among5Colour,image_150.png_2Among5Colour
image_0.png,2,True,200.4952003563232,95.373659020255,20,#FF0000,Quadrant 1,1,1,72,180.0,#FF0000,0.0,9.003871880160098,6,2Among5NoColour,image_0.png_2Among5NoColour
image_1.png,2,True,470.5171199278891,144.69052388432573,20,#FF0000,Quadrant 2,1,2,12,180.0,#FF0000,0.0,245.54400779180753,3,2Among5NoColour,image_1.png_2Among5NoColour
image_2.png,2,True,310.41442965103994,286.3900329267222,20,#FF0000,Quadrant 3,2,1,9,180.0,#FF0000,0.0,39.024916997296,3,2Among5NoColour,image_2.png_2Among5NoColour
image_3.png,2,True,218.35446357567452,218.12026656529392,20,#FF0000,Quadrant 3,2,1,22,180.0,#FF0000,0.0,221.585369742497,4,2Among5NoColour,image_3.png_2Among5NoColour
image_4.png,2,True,170.33915953272069,273.31302904904175,20,#FF0000,Quadrant 3,2,1,10,180.0,#FF0000,0.0,49.81466214581606,3,2Among5NoColour,image_4.png_2Among5NoColour
image_5.png,2,True,104.49694670185876,185.52201185147143,20,#FF0000,Quadrant 1,1,1,1,180.0,#FF0000,0.0,231.38987328336088,1,2Among5NoColour,image_5.png_2Among5NoColour
image_6.png,2,True,272.2179625236899,295.2597133037087,20,#FF0000,Quadrant 3,2,1,14,180.0,#FF0000,0.0,274.04269484184977,3,2Among5NoColour,image_6.png_2Among5NoColour
image_7.png,2,True,306.15245111873895,151.07579121042522,20,#FF0000,Quadrant 1,1,1,35,180.0,#FF0000,0.0,124.99335551104164,5,2Among5NoColour,image_7.png_2Among5NoColour
image_8.png,2,True,119.21233733942437,76.70152126739224,20,#FF0000,Quadrant 1,1,1,7,180.0,#FF0000,0.0,237.7541293891332,2,2Among5NoColour,image_8.png_2Among5NoColour
image_9.png,2,True,578.9015676094864,359.2107759497672,20,#FF0000,Quadrant 4,2,2,7,180.0,#FF0000,0.0,214.2158534349857,2,2Among5NoColour,image_9.png_2Among5NoColour
image_10.png,2,True,315.69605964551977,116.1431843832351,20,#FF0000,Quadrant 1,1,1,8,180.0,#FF0000,0.0,186.8269827555374,2,2Among5NoColour,image_10.png_2Among5NoColour
image_11.png,2,True,439.9947382225791,199.43039270046728,20,#FF0000,Quadrant 2,1,2,2,180.0,#FF0000,0.0,186.63818128586237,1,2Among5NoColour,image_11.png_2Among5NoColour
image_12.png,2,True,445.0853488557977,313.1405911777499,20,#FF0000,Quadrant 4,2,2,20,180.0,#FF0000,0.0,10.392999278998762,4,2Among5NoColour,image_12.png_2Among5NoColour
image_13.png,2,True,597.8662864296264,333.18502522190755,20,#FF0000,Quadrant 4,2,2,58,180.0,#FF0000,0.0,233.94119492853812,5,2Among5NoColour,image_13.png_2Among5NoColour
image_14.png,2,True,459.4815821032194,301.66791197959117,20,#FF0000,Quadrant 4,2,2,1,180.0,#FF0000,0.0,307.00538542640703,1,2Among5NoColour,image_14.png_2Among5NoColour
image_15.png,2,True,323.4607441032312,168.2440877988452,20,#FF0000,Quadrant 1,1,1,8,180.0,#FF0000,0.0,122.01538278066307,2,2Among5NoColour,image_15.png_2Among5NoColour
image_16.png,2,True,85.56246514788671,330.55115223130844,20,#FF0000,Quadrant 3,2,1,95,180.0,#FF0000,0.0,80.7281528787236,6,2Among5NoColour,image_16.png_2Among5NoColour
image_17.png,2,True,104.51687981633329,38.99167080873352,20,#FF0000,Quadrant 1,1,1,16,180.0,#FF0000,0.0,72.06420275680327,3,2Among5NoColour,image_17.png_2Among5NoColour
image_18.png,2,True,122.59523513401489,364.3309022495712,20,#FF0000,Quadrant 3,2,1,42,180.0,#FF0000,0.0,109.48483541068842,5,2Among5NoColour,image_18.png_2Among5NoColour
image_19.png,2,True,299.53962543857193,167.09892150021415,20,#FF0000,Quadrant 1,1,1,5,180.0,#FF0000,0.0,158.77388382650386,2,2Among5NoColour,image_19.png_2Among5NoColour
image_20.png,2,True,143.47001253519554,104.18423322934224,20,#FF0000,Quadrant 1,1,1,81,180.0,#FF0000,0.0,219.62756882835055,6,2Among5NoColour,image_20.png_2Among5NoColour
image_21.png,2,True,21.839187372892397,212.1763193348144,20,#FF0000,Quadrant 3,2,1,95,180.0,#FF0000,0.0,237.34236311635055,6,2Among5NoColour,image_21.png_2Among5NoColour
image_22.png,2,True,70.72805505806609,48.975812516547464,20,#FF0000,Quadrant 1,1,1,31,180.0,#FF0000,0.0,309.586508856774,4,2Among5NoColour,image_22.png_2Among5NoColour
image_23.png,2,True,261.77980597222484,358.8456341082752,20,#FF0000,Quadrant 3,2,1,2,180.0,#FF0000,0.0,16.55335076030529,1,2Among5NoColour,image_23.png_2Among5NoColour
image_24.png,2,True,642.0239330029367,131.935481999334,20,#FF0000,Quadrant 2,1,2,7,180.0,#FF0000,0.0,89.37474600860754,2,2Among5NoColour,image_24.png_2Among5NoColour
image_25.png,2,True,387.57931815812174,311.8779985655692,20,#FF0000,Quadrant 4,2,2,23,180.0,#FF0000,0.0,263.68680122613597,4,2Among5NoColour,image_25.png_2Among5NoColour
image_26.png,2,True,53.490068116236685,306.2028775320233,20,#FF0000,Quadrant 3,2,1,2,180.0,#FF0000,0.0,43.72317198145754,1,2Among5NoColour,image_26.png_2Among5NoColour
image_27.png,2,True,62.66616749778629,387.92701907731913,20,#FF0000,Quadrant 3,2,1,49,180.0,#FF0000,0.0,330.27428934416884,5,2Among5NoColour,image_27.png_2Among5NoColour
image_28.png,2,True,629.8075552796618,46.19357107389954,20,#FF0000,Quadrant 2,1,2,5,180.0,#FF0000,0.0,196.9366531004033,2,2Among5NoColour,image_28.png_2Among5NoColour
image_29.png,2,True,45.1988202535333,227.1289873702263,20,#FF0000,Quadrant 3,2,1,13,180.0,#FF0000,0.0,85.51738258100843,3,2Among5NoColour,image_29.png_2Among5NoColour
image_30.png,2,True,173.35735142338802,123.9660972047225,20,#FF0000,Quadrant 1,1,1,63,180.0,#FF0000,0.0,206.17714462723873,5,2Among5NoColour,image_30.png_2Among5NoColour
image_31.png,2,True,537.099156135689,44.27962794091886,20,#FF0000,Quadrant 2,1,2,43,180.0,#FF0000,0.0,176.24775262680592,5,2Among5NoColour,image_31.png_2Among5NoColour
image_32.png,2,True,472.52276280966333,138.87764258846397,20,#FF0000,Quadrant 2,1,2,79,180.0,#FF0000,0.0,352.04240071828747,6,2Among5NoColour,image_32.png_2Among5NoColour
image_33.png,2,True,663.4687991786927,126.17325558811416,20,#FF0000,Quadrant 2,1,2,4,180.0,#FF0000,0.0,193.37473747960595,1,2Among5NoColour,image_33.png_2Among5NoColour
image_34.png,2,True,61.39661021724108,264.8970241655642,20,#FF0000,Quadrant 3,2,1,4,180.0,#FF0000,0.0,232.0828249892537,1,2Among5NoColour,image_34.png_2Among5NoColour
image_35.png,2,True,116.0001288552979,225.27379554345097,20,#FF0000,Quadrant 3,2,1,84,180.0,#FF0000,0.0,249.64492656514923,6,2Among5NoColour,image_35.png_2Among5NoColour
image_36.png,2,True,537.5642625058781,215.67715483994328,20,#FF0000,Quadrant 4,2,2,4,180.0,#FF0000,0.0,220.9777110992709,1,2Among5NoColour,image_36.png_2Among5NoColour
image_37.png,2,True,561.6969733504069,191.8049889593524,20,#FF0000,Quadrant 2,1,2,41,180.0,#FF0000,0.0,19.493341663962287,5,2Among5NoColour,image_37.png_2Among5NoColour
image_38.png,2,True,379.6831338609046,270.9770463000939,20,#FF0000,Quadrant 4,2,2,7,180.0,#FF0000,0.0,103.2344094582741,2,2Among5NoColour,image_38.png_2Among5NoColour
image_39.png,2,True,599.0491141168152,79.94991366299898,20,#FF0000,Quadrant 2,1,2,50,180.0,#FF0000,0.0,148.64539554476903,5,2Among5NoColour,image_39.png_2Among5NoColour
image_40.png,2,True,663.8298044000614,222.08407544490296,20,#FF0000,Quadrant 4,2,2,48,180.0,#FF0000,0.0,205.20996082661313,5,2Among5NoColour,image_40.png_2Among5NoColour
image_41.png,2,True,465.9968767682675,261.60705830221883,20,#FF0000,Quadrant 4,2,2,17,180.0,#FF0000,0.0,23.975205271782364,4,2Among5NoColour,image_41.png_2Among5NoColour
image_42.png,2,True,411.33015275741207,269.570384505687,20,#FF0000,Quadrant 4,2,2,6,180.0,#FF0000,0.0,234.89015258764883,2,2Among5NoColour,image_42.png_2Among5NoColour
image_43.png,2,True,577.1502773989411,251.7283167002239,20,#FF0000,Quadrant 4,2,2,16,180.0,#FF0000,0.0,268.4195027959098,3,2Among5NoColour,image_43.png_2Among5NoColour
image_44.png,2,True,322.1590092763632,323.60981842723425,20,#FF0000,Quadrant 3,2,1,67,180.0,#FF0000,0.0,187.43367284054952,6,2Among5NoColour,image_44.png_2Among5NoColour
image_45.png,2,True,36.184697944706926,157.50834554262497,20,#FF0000,Quadrant 1,1,1,41,180.0,#FF0000,0.0,73.86735961471072,5,2Among5NoColour,image_45.png_2Among5NoColour
image_46.png,2,True,211.84574166460376,243.68627885325304,20,#FF0000,Quadrant 3,2,1,74,180.0,#FF0000,0.0,163.07079129853912,6,2Among5NoColour,image_46.png_2Among5NoColour
image_47.png,2,True,458.01384276852383,16.430047475622025,20,#FF0000,Quadrant 2,1,2,35,180.0,#FF0000,0.0,87.36571857681014,5,2Among5NoColour,image_47.png_2Among5NoColour
image_48.png,2,True,402.81075874790577,117.0683705478725,20,#FF0000,Quadrant 2,1,2,11,180.0,#FF0000,0.0,11.55405438837252,3,2Among5NoColour,image_48.png_2Among5NoColour
image_49.png,2,True,176.71241834200958,222.1080733140092,20,#FF0000,Quadrant 3,2,1,71,180.0,#FF0000,0.0,162.8788925580875,6,2Among5NoColour,image_49.png_2Among5NoColour
image_50.png,2,True,642.1454692605124,55.06181601824842,20,#FF0000,Quadrant 2,1,2,40,180.0,#FF0000,0.0,150.24465267193975,5,2Among5NoColour,image_50.png_2Among5NoColour
image_51.png,2,True,466.48453645303186,207.54068908201347,20,#FF0000,Quadrant 4,2,2,39,180.0,#FF0000,0.0,273.66171976585844,5,2Among5NoColour,image_51.png_2Among5NoColour
image_52.png,2,True,583.0177082030024,35.35360616165837,20,#FF0000,Quadrant 2,1,2,30,180.0,#FF0000,0.0,114.71514485528272,4,2Among5NoColour,image_52.png_2Among5NoColour
image_53.png,2,True,359.86448009108767,144.0016990087111,20,#FF0000,Quadrant 2,1,2,2,180.0,#FF0000,0.0,251.453587516764,1,2Among5NoColour,image_53.png_2Among5NoColour
image_54.png,2,True,556.0123099738141,62.44286038847752,20,#FF0000,Quadrant 2,1,2,76,180.0,#FF0000,0.0,226.85628294665952,6,2Among5NoColour,image_54.png_2Among5NoColour
image_55.png,2,True,595.6966038311981,289.61560245405104,20,#FF0000,Quadrant 4,2,2,92,180.0,#FF0000,0.0,352.61529765760093,6,2Among5NoColour,image_55.png_2Among5NoColour
image_56.png,2,True,570.9115215029215,374.30125929044584,20,#FF0000,Quadrant 4,2,2,61,180.0,#FF0000,0.0,15.045148732963028,5,2Among5NoColour,image_56.png_2Among5NoColour
image_57.png,2,True,452.3422520306456,87.07674708090514,20,#FF0000,Quadrant 2,1,2,12,180.0,#FF0000,0.0,351.5438779602489,3,2Among5NoColour,image_57.png_2Among5NoColour
image_58.png,2,True,245.1342526894141,220.60287304948636,20,#FF0000,Quadrant 3,2,1,7,180.0,#FF0000,0.0,258.78120260493773,2,2Among5NoColour,image_58.png_2Among5NoColour
image_59.png,2,True,271.57671974904713,152.46850413222393,20,#FF0000,Quadrant 1,1,1,6,180.0,#FF0000,0.0,69.00526517420778,2,2Among5NoColour,image_59.png_2Among5NoColour
image_60.png,2,True,278.41181635596774,344.5555488604087,20,#FF0000,Quadrant 3,2,1,69,180.0,#FF0000,0.0,60.2760748796237,6,2Among5NoColour,image_60.png_2Among5NoColour
image_61.png,2,True,41.32462103220466,204.72503804195287,20,#FF0000,Quadrant 3,2,1,75,180.0,#FF0000,0.0,260.64413890344656,6,2Among5NoColour,image_61.png_2Among5NoColour
image_62.png,2,True,259.18166676011947,28.295119140355876,20,#FF0000,Quadrant 1,1,1,3,180.0,#FF0000,0.0,5.986909480093603,1,2Among5NoColour,image_62.png_2Among5NoColour
image_63.png,2,True,213.47158853965064,84.73908906514991,20,#FF0000,Quadrant 1,1,1,20,180.0,#FF0000,0.0,264.3399874757906,4,2Among5NoColour,image_63.png_2Among5NoColour
image_64.png,2,True,686.1163042256851,131.8250498886718,20,#FF0000,Quadrant 2,1,2,45,180.0,#FF0000,0.0,304.96269479194575,5,2Among5NoColour,image_64.png_2Among5NoColour
image_65.png,2,True,317.5500781413922,229.13301535984417,20,#FF0000,Quadrant 3,2,1,51,180.0,#FF0000,0.0,237.2967281362181,5,2Among5NoColour,image_65.png_2Among5NoColour
image_66.png,2,True,313.71676684546344,63.872523707992414,20,#FF0000,Quadrant 1,1,1,4,180.0,#FF0000,0.0,236.26067207879336,1,2Among5NoColour,image_66.png_2Among5NoColour
image_67.png,2,True,347.9677377941847,198.32455127188555,20,#FF0000,Quadrant 1,1,1,82,180.0,#FF0000,0.0,42.7652301758104,6,2Among5NoColour,image_67.png_2Among5NoColour
image_68.png,2,True,165.74057738104045,293.36424633926816,20,#FF0000,Quadrant 3,2,1,24,180.0,#FF0000,0.0,75.86545272183307,4,2Among5NoColour,image_68.png_2Among5NoColour
image_69.png,2,True,33.30071945928722,112.74550871658975,20,#FF0000,Quadrant 1,1,1,6,180.0,#FF0000,0.0,229.8200259693912,2,2Among5NoColour,image_69.png_2Among5NoColour
image_70.png,2,True,274.2749831722724,232.6434009254803,20,#FF0000,Quadrant 3,2,1,5,180.0,#FF0000,0.0,211.3831833495568,2,2Among5NoColour,image_70.png_2Among5NoColour
image_71.png,2,True,246.2351343953152,307.8630025207451,20,#FF0000,Quadrant 3,2,1,98,180.0,#FF0000,0.0,334.88179323605476,6,2Among5NoColour,image_71.png_2Among5NoColour
image_72.png,2,True,454.48629326148017,334.606959295547,20,#FF0000,Quadrant 4,2,2,34,180.0,#FF0000,0.0,102.61328910604912,5,2Among5NoColour,image_72.png_2Among5NoColour
image_73.png,2,True,627.0335594305653,81.69725156451777,20,#FF0000,Quadrant 2,1,2,1,180.0,#FF0000,0.0,86.60248611846309,1,2Among5NoColour,image_73.png_2Among5NoColour
image_74.png,2,True,68.92200188487833,174.09703467906235,20,#FF0000,Quadrant 1,1,1,10,180.0,#FF0000,0.0,333.69397907040667,3,2Among5NoColour,image_74.png_2Among5NoColour
image_75.png,2,True,128.83906305109224,87.95153128657725,20,#FF0000,Quadrant 1,1,1,82,180.0,#FF0000,0.0,178.2617976818527,6,2Among5NoColour,image_75.png_2Among5NoColour
image_76.png,2,True,478.726975635555,96.23769192435483,20,#FF0000,Quadrant 2,1,2,7,180.0,#FF0000,0.0,176.79708687592554,2,2Among5NoColour,image_76.png_2Among5NoColour
image_77.png,2,True,313.3869851123958,247.4279248578301,20,#FF0000,Quadrant 3,2,1,41,180.0,#FF0000,0.0,288.5745202316022,5,2Among5NoColour,image_77.png_2Among5NoColour
image_78.png,2,True,582.3459845128248,175.08073184825915,20,#FF0000,Quadrant 2,1,2,5,180.0,#FF0000,0.0,122.73997859122646,2,2Among5NoColour,image_78.png_2Among5NoColour
image_79.png,2,True,648.0915247286732,60.847885467971565,20,#FF0000,Quadrant 2,1,2,31,180.0,#FF0000,0.0,268.4281933109515,4,2Among5NoColour,image_79.png_2Among5NoColour
image_80.png,2,True,237.4636226779038,313.0242505086154,20,#FF0000,Quadrant 3,2,1,51,180.0,#FF0000,0.0,327.9850277889552,5,2Among5NoColour,image_80.png_2Among5NoColour
image_81.png,2,True,613.9019213115265,263.4948531042983,20,#FF0000,Quadrant 4,2,2,7,180.0,#FF0000,0.0,302.6490664741516,2,2Among5NoColour,image_81.png_2Among5NoColour
image_82.png,2,True,30.955195065222128,112.27522116773008,20,#FF0000,Quadrant 1,1,1,30,180.0,#FF0000,0.0,247.39989522508984,4,2Among5NoColour,image_82.png_2Among5NoColour
image_83.png,2,True,409.1589674272114,20.40912731139195,20,#FF0000,Quadrant 2,1,2,71,180.0,#FF0000,0.0,162.81732708708873,6,2Among5NoColour,image_83.png_2Among5NoColour
image_84.png,2,True,678.289923720764,219.50903592769953,20,#FF0000,Quadrant 4,2,2,12,180.0,#FF0000,0.0,123.18521985318792,3,2Among5NoColour,image_84.png_2Among5NoColour
image_85.png,2,True,287.39448917522583,26.168750069658618,20,#FF0000,Quadrant 1,1,1,54,180.0,#FF0000,0.0,173.72073325723483,5,2Among5NoColour,image_85.png_2Among5NoColour
image_86.png,2,True,165.90426750818074,279.0052167229514,20,#FF0000,Quadrant 3,2,1,27,180.0,#FF0000,0.0,34.97317105290686,4,2Among5NoColour,image_86.png_2Among5NoColour
image_87.png,2,True,122.19031955601844,150.5063135424012,20,#FF0000,Quadrant 1,1,1,23,180.0,#FF0000,0.0,306.11124492253686,4,2Among5NoColour,image_87.png_2Among5NoColour
image_88.png,2,True,420.56098140499034,298.7799948821063,20,#FF0000,Quadrant 4,2,2,25,180.0,#FF0000,0.0,204.56322833230817,4,2Among5NoColour,image_88.png_2Among5NoColour
image_89.png,2,True,141.9197608103555,325.0017196595852,20,#FF0000,Quadrant 3,2,1,50,180.0,#FF0000,0.0,32.88931062459768,5,2Among5NoColour,image_89.png_2Among5NoColour
image_90.png,2,True,517.0248937089423,224.6859725775588,20,#FF0000,Quadrant 4,2,2,54,180.0,#FF0000,0.0,228.3745839011625,5,2Among5NoColour,image_90.png_2Among5NoColour
image_91.png,2,True,101.74618986959324,170.52391993748634,20,#FF0000,Quadrant 1,1,1,50,180.0,#FF0000,0.0,273.561702399191,5,2Among5NoColour,image_91.png_2Among5NoColour
image_92.png,2,True,163.53642555517834,174.96393851643475,20,#FF0000,Quadrant 1,1,1,24,180.0,#FF0000,0.0,210.8822826906397,4,2Among5NoColour,image_92.png_2Among5NoColour
image_93.png,2,True,141.76514051774492,128.3794270421405,20,#FF0000,Quadrant 1,1,1,7,180.0,#FF0000,0.0,5.733838976420564,2,2Among5NoColour,image_93.png_2Among5NoColour
image_94.png,2,True,165.90432615509133,323.27866477826336,20,#FF0000,Quadrant 3,2,1,38,180.0,#FF0000,0.0,116.58106684534248,5,2Among5NoColour,image_94.png_2Among5NoColour
image_95.png,2,True,76.79283239026017,11.65352401316689,20,#FF0000,Quadrant 1,1,1,1,180.0,#FF0000,0.0,245.77563028285587,1,2Among5NoColour,image_95.png_2Among5NoColour
image_96.png,2,True,402.4061941367259,152.68801522878974,20,#FF0000,Quadrant 2,1,2,9,180.0,#FF0000,0.0,288.01374231168785,3,2Among5NoColour,image_96.png_2Among5NoColour
image_97.png,2,True,426.81382189668005,387.9952403291048,20,#FF0000,Quadrant 4,2,2,5,180.0,#FF0000,0.0,179.15437779976045,2,2Among5NoColour,image_97.png_2Among5NoColour
image_98.png,2,True,73.66694373756775,258.51596313095877,20,#FF0000,Quadrant 3,2,1,20,180.0,#FF0000,0.0,305.1986973519904,4,2Among5NoColour,image_98.png_2Among5NoColour
image_99.png,2,True,691.1019055891928,323.4442958706956,20,#FF0000,Quadrant 4,2,2,86,180.0,#FF0000,0.0,354.38470738933074,6,2Among5NoColour,image_99.png_2Among5NoColour
image_100.png,2,True,462.1862532540644,376.95655809622053,20,#FF0000,Quadrant 4,2,2,12,180.0,#FF0000,0.0,190.99830420698152,3,2Among5NoColour,image_100.png_2Among5NoColour
image_101.png,2,True,519.3849854255495,156.7432549194077,20,#FF0000,Quadrant 2,1,2,31,180.0,#FF0000,0.0,54.96654459200679,4,2Among5NoColour,image_101.png_2Among5NoColour
image_102.png,2,True,455.9848469396411,373.0203129735743,20,#FF0000,Quadrant 4,2,2,45,180.0,#FF0000,0.0,296.689119129347,5,2Among5NoColour,image_102.png_2Among5NoColour
image_103.png,2,True,159.34765381319065,83.11689823132299,20,#FF0000,Quadrant 1,1,1,5,180.0,#FF0000,0.0,19.273622725143372,2,2Among5NoColour,image_103.png_2Among5NoColour
image_104.png,2,True,653.1777482428537,76.99172739253973,20,#FF0000,Quadrant 2,1,2,66,180.0,#FF0000,0.0,316.9046042500101,6,2Among5NoColour,image_104.png_2Among5NoColour
image_105.png,2,True,102.7850123676392,276.157134992542,20,#FF0000,Quadrant 3,2,1,6,180.0,#FF0000,0.0,53.059403211798625,2,2Among5NoColour,image_105.png_2Among5NoColour
image_106.png,2,True,98.47239643376793,203.73006346048552,20,#FF0000,Quadrant 3,2,1,37,180.0,#FF0000,0.0,52.60046213976772,5,2Among5NoColour,image_106.png_2Among5NoColour
image_107.png,2,True,202.09829909385036,218.32948446507868,20,#FF0000,Quadrant 3,2,1,1,180.0,#FF0000,0.0,304.98289633766404,1,2Among5NoColour,image_107.png_2Among5NoColour
image_108.png,2,True,625.1136501427337,225.16245431180744,20,#FF0000,Quadrant 4,2,2,92,180.0,#FF0000,0.0,73.76138638241184,6,2Among5NoColour,image_108.png_2Among5NoColour
image_109.png,2,True,80.35462491634011,42.113277457367175,20,#FF0000,Quadrant 1,1,1,15,180.0,#FF0000,0.0,307.1514918642954,3,2Among5NoColour,image_109.png_2Among5NoColour
image_110.png,2,True,156.06707942358702,185.36639602643623,20,#FF0000,Quadrant 1,1,1,7,180.0,#FF0000,0.0,239.85193131550753,2,2Among5NoColour,image_110.png_2Among5NoColour
image_111.png,2,True,280.2572579677078,141.44237332767932,20,#FF0000,Quadrant 1,1,1,67,180.0,#FF0000,0.0,131.1153597857888,6,2Among5NoColour,image_111.png_2Among5NoColour
image_112.png,2,True,464.29290003336394,48.96470144713786,20,#FF0000,Quadrant 2,1,2,52,180.0,#FF0000,0.0,326.27498894074574,5,2Among5NoColour,image_112.png_2Among5NoColour
image_113.png,2,True,336.10773349823535,85.18958521274602,20,#FF0000,Quadrant 1,1,1,28,180.0,#FF0000,0.0,34.59237558224606,4,2Among5NoColour,image_113.png_2Among5NoColour
image_114.png,2,True,537.6836988966252,91.05479632075522,20,#FF0000,Quadrant 2,1,2,91,180.0,#FF0000,0.0,39.06879119975738,6,2Among5NoColour,image_114.png_2Among5NoColour
image_115.png,2,True,42.77707833827253,99.35653886095616,20,#FF0000,Quadrant 1,1,1,98,180.0,#FF0000,0.0,49.1382982334838,6,2Among5NoColour,image_115.png_2Among5NoColour
image_116.png,2,True,372.30248010494586,161.6684012358017,20,#FF0000,Quadrant 2,1,2,99,180.0,#FF0000,0.0,114.57138870181576,6,2Among5NoColour,image_116.png_2Among5NoColour
image_117.png,2,True,158.87191682382615,263.1073108839459,20,#FF0000,Quadrant 3,2,1,1,180.0,#FF0000,0.0,289.93037652263246,1,2Among5NoColour,image_117.png_2Among5NoColour
image_118.png,2,True,168.68677170993467,182.51157738901543,20,#FF0000,Quadrant 1,1,1,17,180.0,#FF0000,0.0,279.49067499474063,4,2Among5NoColour,image_118.png_2Among5NoColour
image_119.png,2,True,266.5418358005408,234.06645563194064,20,#FF0000,Quadrant 3,2,1,26,180.0,#FF0000,0.0,224.24630748747035,4,2Among5NoColour,image_119.png_2Among5NoColour
image_120.png,2,True,442.8911376747301,20.42481803466608,20,#FF0000,Quadrant 2,1,2,3,180.0,#FF0000,0.0,347.4291416922169,1,2Among5NoColour,image_120.png_2Among5NoColour
image_121.png,2,True,398.8524206114627,275.5750087074479,20,#FF0000,Quadrant 4,2,2,5,180.0,#FF0000,0.0,295.3970800143852,2,2Among5NoColour,image_121.png_2Among5NoColour
image_122.png,2,True,457.4905436699595,86.09490961661673,20,#FF0000,Quadrant 2,1,2,32,180.0,#FF0000,0.0,229.99737441930964,4,2Among5NoColour,image_122.png_2Among5NoColour
image_123.png,2,True,529.2358688575031,229.70928629157032,20,#FF0000,Quadrant 4,2,2,21,180.0,#FF0000,0.0,166.8092627930191,4,2Among5NoColour,image_123.png_2Among5NoColour
image_124.png,2,True,440.41171336137654,34.96897142910015,20,#FF0000,Quadrant 2,1,2,37,180.0,#FF0000,0.0,152.969196497945,5,2Among5NoColour,image_124.png_2Among5NoColour
image_125.png,2,True,293.807147469011,134.55855553082563,20,#FF0000,Quadrant 1,1,1,92,180.0,#FF0000,0.0,155.2824018828663,6,2Among5NoColour,image_125.png_2Among5NoColour
image_126.png,2,True,27.104431991458423,235.79720380522735,20,#FF0000,Quadrant 3,2,1,4,180.0,#FF0000,0.0,322.8451861123714,1,2Among5NoColour,image_126.png_2Among5NoColour
image_127.png,2,True,686.4948421288661,227.07979420803144,20,#FF0000,Quadrant 4,2,2,1,180.0,#FF0000,0.0,273.97887453212525,1,2Among5NoColour,image_127.png_2Among5NoColour
image_128.png,2,True,680.3741272956515,55.52029210400357,20,#FF0000,Quadrant 2,1,2,14,180.0,#FF0000,0.0,183.77883369600508,3,2Among5NoColour,image_128.png_2Among5NoColour
image_129.png,2,True,162.27497432797983,277.15991231519047,20,#FF0000,Quadrant 3,2,1,1,180.0,#FF0000,0.0,227.5625755172032,1,2Among5NoColour,image_129.png_2Among5NoColour
image_130.png,2,True,202.8493831009345,337.7873243664281,20,#FF0000,Quadrant 3,2,1,6,180.0,#FF0000,0.0,297.8210899901723,2,2Among5NoColour,image_130.png_2Among5NoColour
image_131.png,2,True,56.412737463370874,308.22184730202997,20,#FF0000,Quadrant 3,2,1,56,180.0,#FF0000,0.0,2.24891821540381,5,2Among5NoColour,image_131.png_2Among5NoColour
image_132.png,2,True,640.3706926396723,262.90943115857635,20,#FF0000,Quadrant 4,2,2,88,180.0,#FF0000,0.0,231.8087876595416,6,2Among5NoColour,image_132.png_2Among5NoColour
image_133.png,2,True,497.7136183376512,149.2891625812078,20,#FF0000,Quadrant 2,1,2,80,180.0,#FF0000,0.0,27.917397233298452,6,2Among5NoColour,image_133.png_2Among5NoColour
image_134.png,2,True,307.2675660564791,368.8279981052502,20,#FF0000,Quadrant 3,2,1,6,180.0,#FF0000,0.0,270.6831954264856,2,2Among5NoColour,image_134.png_2Among5NoColour
image_135.png,2,True,338.38132837405504,216.89532414745383,20,#FF0000,Quadrant 3,2,1,98,180.0,#FF0000,0.0,192.51545715175175,6,2Among5NoColour,image_135.png_2Among5NoColour
image_136.png,2,True,615.6995749461487,291.1285820428226,20,#FF0000,Quadrant 4,2,2,78,180.0,#FF0000,0.0,57.58499697704843,6,2Among5NoColour,image_136.png_2Among5NoColour
image_137.png,2,True,365.6762988081144,160.12042597731107,20,#FF0000,Quadrant 2,1,2,2,180.0,#FF0000,0.0,238.6372830748819,1,2Among5NoColour,image_137.png_2Among5NoColour
image_138.png,2,True,210.72593171098984,238.4914799396293,20,#FF0000,Quadrant 3,2,1,18,180.0,#FF0000,0.0,142.81474310217286,4,2Among5NoColour,image_138.png_2Among5NoColour
image_139.png,2,True,376.7346314138153,72.2342918415394,20,#FF0000,Quadrant 2,1,2,66,180.0,#FF0000,0.0,235.30597003246436,6,2Among5NoColour,image_139.png_2Among5NoColour
image_140.png,2,True,555.2463100343084,311.4363030196332,20,#FF0000,Quadrant 4,2,2,14,180.0,#FF0000,0.0,291.91866632996016,3,2Among5NoColour,image_140.png_2Among5NoColour
image_141.png,2,True,331.1641407106543,294.1228526122417,20,#FF0000,Quadrant 3,2,1,9,180.0,#FF0000,0.0,271.6358999899659,3,2Among5NoColour,image_141.png_2Among5NoColour
image_142.png,2,True,217.243096315788,281.13151858950084,20,#FF0000,Quadrant 3,2,1,9,180.0,#FF0000,0.0,316.55505931993156,3,2Among5NoColour,image_142.png_2Among5NoColour
image_143.png,2,True,604.0734080958338,321.1154929844052,20,#FF0000,Quadrant 4,2,2,5,180.0,#FF0000,0.0,234.2381483342678,2,2Among5NoColour,image_143.png_2Among5NoColour
image_144.png,2,True,458.9581165059425,165.9267899376996,20,#FF0000,Quadrant 2,1,2,8,180.0,#FF0000,0.0,358.83664753776304,2,2Among5NoColour,image_144.png_2Among5NoColour
image_145.png,2,True,686.3090282636979,14.127027838037977,20,#FF0000,Quadrant 2,1,2,33,180.0,#FF0000,0.0,48.73281014374928,5,2Among5NoColour,image_145.png_2Among5NoColour
image_146.png,2,True,224.2912353580205,371.89606559099474,20,#FF0000,Quadrant 3,2,1,4,180.0,#FF0000,0.0,257.2513173655065,1,2Among5NoColour,image_146.png_2Among5NoColour
image_147.png,2,True,694.3886334504942,329.2691600684142,20,#FF0000,Quadrant 4,2,2,6,180.0,#FF0000,0.0,134.34995076154394,2,2Among5NoColour,image_147.png_2Among5NoColour
image_148.png,2,True,651.7473107229664,305.4756195044958,20,#FF0000,Quadrant 4,2,2,22,180.0,#FF0000,0.0,20.19259733207551,4,2Among5NoColour,image_148.png_2Among5NoColour
image_149.png,2,True,515.739615594232,365.0042643927974,20,#FF0000,Quadrant 4,2,2,10,180.0,#FF0000,0.0,51.08978646670241,3,2Among5NoColour,image_149.png_2Among5NoColour
image_150.png,2,True,381.0095843569462,359.586818114835,20,#FF0000,Quadrant 4,2,2,3,180.0,#FF0000,0.0,343.8297448668681,1,2Among5NoColour,image_150.png_2Among5NoColour
image_151.png,2,True,636.819334690854,205.1767603825598,20,#FF0000,Quadrant 4,2,2,30,180.0,#FF0000,0.0,284.8189362613182,4,2Among5NoColour,image_151.png_2Among5NoColour
image_152.png,2,True,188.77110963822844,103.58877531706032,20,#FF0000,Quadrant 1,1,1,60,180.0,#FF0000,0.0,172.8104057907386,5,2Among5NoColour,image_152.png_2Among5NoColour
image_153.png,2,True,202.0097084732874,313.91814369466243,20,#FF0000,Quadrant 3,2,1,69,180.0,#FF0000,0.0,190.1646320972903,6,2Among5NoColour,image_153.png_2Among5NoColour
image_154.png,2,True,497.7143029965256,367.48391166226014,20,#FF0000,Quadrant 4,2,2,19,180.0,#FF0000,0.0,309.4800455908517,4,2Among5NoColour,image_154.png_2Among5NoColour
image_155.png,2,True,497.5487593435339,77.31677270469018,20,#FF0000,Quadrant 2,1,2,78,180.0,#FF0000,0.0,64.89445672533711,6,2Among5NoColour,image_155.png_2Among5NoColour
image_156.png,2,True,199.46008041555865,119.66498733579026,20,#FF0000,Quadrant 1,1,1,6,180.0,#FF0000,0.0,88.44619610861632,2,2Among5NoColour,image_156.png_2Among5NoColour
image_157.png,2,True,170.57193187927086,39.30130428718812,20,#FF0000,Quadrant 1,1,1,9,180.0,#FF0000,0.0,6.754700080927591,3,2Among5NoColour,image_157.png_2Among5NoColour
image_158.png,2,True,373.2221670032608,366.09053483462094,20,#FF0000,Quadrant 4,2,2,26,180.0,#FF0000,0.0,78.61990939927215,4,2Among5NoColour,image_158.png_2Among5NoColour
image_159.png,2,True,280.27141876736175,116.28325418102966,20,#FF0000,Quadrant 1,1,1,25,180.0,#FF0000,0.0,62.77718806932335,4,2Among5NoColour,image_159.png_2Among5NoColour
image_160.png,2,True,528.7351819829242,227.45834710270455,20,#FF0000,Quadrant 4,2,2,67,180.0,#FF0000,0.0,139.39589775697996,6,2Among5NoColour,image_160.png_2Among5NoColour
image_161.png,2,True,613.3777520426316,226.44319922304783,20,#FF0000,Quadrant 4,2,2,42,180.0,#FF0000,0.0,42.788318446428605,5,2Among5NoColour,image_161.png_2Among5NoColour
image_162.png,2,True,116.37235116997591,299.973924266688,20,#FF0000,Quadrant 3,2,1,27,180.0,#FF0000,0.0,352.1414695151529,4,2Among5NoColour,image_162.png_2Among5NoColour
image_163.png,2,True,470.15335859801246,359.45003949541217,20,#FF0000,Quadrant 4,2,2,88,180.0,#FF0000,0.0,89.59548962727071,6,2Among5NoColour,image_163.png_2Among5NoColour
image_164.png,2,True,13.604541687308748,325.6238685003326,20,#FF0000,Quadrant 3,2,1,6,180.0,#FF0000,0.0,44.75415684732499,2,2Among5NoColour,image_164.png_2Among5NoColour
image_165.png,2,True,564.0293000056776,12.303725558316478,20,#FF0000,Quadrant 2,1,2,16,180.0,#FF0000,0.0,10.179774263387262,3,2Among5NoColour,image_165.png_2Among5NoColour
image_166.png,2,True,588.824926787763,278.64950136100515,20,#FF0000,Quadrant 4,2,2,8,180.0,#FF0000,0.0,269.4821796324368,2,2Among5NoColour,image_166.png_2Among5NoColour
image_167.png,2,True,62.41995511283839,338.7350509022679,20,#FF0000,Quadrant 3,2,1,99,180.0,#FF0000,0.0,290.0093695098903,6,2Among5NoColour,image_167.png_2Among5NoColour
image_168.png,2,True,535.5236911318198,98.65915669302828,20,#FF0000,Quadrant 2,1,2,26,180.0,#FF0000,0.0,8.90630162799801,4,2Among5NoColour,image_168.png_2Among5NoColour
image_169.png,2,True,209.29526214895532,289.1868358893141,20,#FF0000,Quadrant 3,2,1,96,180.0,#FF0000,0.0,291.91007347337495,6,2Among5NoColour,image_169.png_2Among5NoColour
image_170.png,2,True,390.4350023230263,93.5744088010834,20,#FF0000,Quadrant 2,1,2,4,180.0,#FF0000,0.0,245.49409359725144,1,2Among5NoColour,image_170.png_2Among5NoColour
image_171.png,2,True,170.58880377209798,378.4397434203104,20,#FF0000,Quadrant 3,2,1,1,180.0,#FF0000,0.0,70.08747131758707,1,2Among5NoColour,image_171.png_2Among5NoColour
image_172.png,2,True,199.5324232844047,311.345913737623,20,#FF0000,Quadrant 3,2,1,23,180.0,#FF0000,0.0,344.5190853389681,4,2Among5NoColour,image_172.png_2Among5NoColour
image_173.png,2,True,93.15022678901468,328.66467718562103,20,#FF0000,Quadrant 3,2,1,38,180.0,#FF0000,0.0,104.15814513806724,5,2Among5NoColour,image_173.png_2Among5NoColour
image_174.png,2,True,74.57364127695894,285.53757798667937,20,#FF0000,Quadrant 3,2,1,9,180.0,#FF0000,0.0,0.4639772940504016,3,2Among5NoColour,image_174.png_2Among5NoColour
image_175.png,2,True,81.50307286232051,119.7500101625373,20,#FF0000,Quadrant 1,1,1,1,180.0,#FF0000,0.0,322.18378534940405,1,2Among5NoColour,image_175.png_2Among5NoColour
image_176.png,2,True,97.98464131353238,299.07851170736245,20,#FF0000,Quadrant 3,2,1,3,180.0,#FF0000,0.0,313.77132768377317,1,2Among5NoColour,image_176.png_2Among5NoColour
image_177.png,2,True,362.3482414072662,220.96597176906397,20,#FF0000,Quadrant 4,2,2,2,180.0,#FF0000,0.0,30.600881807218393,1,2Among5NoColour,image_177.png_2Among5NoColour
image_178.png,2,True,167.64035640023758,222.04161615073016,20,#FF0000,Quadrant 3,2,1,66,180.0,#FF0000,0.0,242.5278898949864,6,2Among5NoColour,image_178.png_2Among5NoColour
image_179.png,2,True,154.78863417634403,377.9997419637937,20,#FF0000,Quadrant 3,2,1,57,180.0,#FF0000,0.0,136.79619118972187,5,2Among5NoColour,image_179.png_2Among5NoColour
image_0.png,2,True,200.4952003563232,95.373659020255,20,#FF0000,Quadrant 1,1,1,72,240.0,#FF0000,0.0,9.003871880160098,6,2Among5ConjRed,image_0.png_2Among5ConjRed
image_1.png,2,True,527.0777158860841,30.68835991595057,20,#FF0000,Quadrant 2,1,2,10,240.0,#FF0000,0.0,169.3104610366969,3,2Among5ConjRed,image_1.png_2Among5ConjRed
image_2.png,2,True,179.02190960256868,186.6598003760216,20,#FF0000,Quadrant 1,1,1,3,240.0,#FF0000,0.0,317.3872262409979,1,2Among5ConjRed,image_2.png_2Among5ConjRed
image_3.png,2,True,456.02709792151614,196.53046465970556,20,#FF0000,Quadrant 2,1,2,24,240.0,#FF0000,0.0,248.6193622007483,4,2Among5ConjRed,image_3.png_2Among5ConjRed
image_4.png,2,True,232.2091383540778,50.538756372206706,20,#FF0000,Quadrant 1,1,1,28,240.0,#FF0000,0.0,147.0053136348055,4,2Among5ConjRed,image_4.png_2Among5ConjRed
image_5.png,2,True,456.32867952557024,127.77663013409644,20,#FF0000,Quadrant 2,1,2,71,240.0,#FF0000,0.0,325.22533346626847,6,2Among5ConjRed,image_5.png_2Among5ConjRed
image_6.png,2,True,214.69592509549585,179.5561584516687,20,#FF0000,Quadrant 1,1,1,1,240.0,#FF0000,0.0,118.05116592296152,1,2Among5ConjRed,image_6.png_2Among5ConjRed
image_7.png,2,True,310.6740073201704,252.71939936615755,20,#FF0000,Quadrant 3,2,1,87,240.0,#FF0000,0.0,221.34653359155516,6,2Among5ConjRed,image_7.png_2Among5ConjRed
image_8.png,2,True,660.6995966389497,179.11015696859965,20,#FF0000,Quadrant 2,1,2,10,240.0,#FF0000,0.0,32.94735433064608,3,2Among5ConjRed,image_8.png_2Among5ConjRed
image_9.png,2,True,552.4620403254949,148.97587313539978,20,#FF0000,Quadrant 2,1,2,15,240.0,#FF0000,0.0,100.9080527271183,3,2Among5ConjRed,image_9.png_2Among5ConjRed
image_10.png,2,True,519.0605866172884,344.81080753049724,20,#FF0000,Quadrant 4,2,2,8,240.0,#FF0000,0.0,142.4096561261208,2,2Among5ConjRed,image_10.png_2Among5ConjRed
image_11.png,2,True,321.73966884444263,31.26505727445632,20,#FF0000,Quadrant 1,1,1,6,240.0,#FF0000,0.0,113.24880527790394,2,2Among5ConjRed,image_11.png_2Among5ConjRed
image_12.png,2,True,699.5264291331674,180.9988255898964,20,#FF0000,Quadrant 2,1,2,80,240.0,#FF0000,0.0,107.17521663704171,6,2Among5ConjRed,image_12.png_2Among5ConjRed
image_13.png,2,True,336.929118423267,76.09149724324453,20,#FF0000,Quadrant 1,1,1,96,240.0,#FF0000,0.0,205.92836632748225,6,2Among5ConjRed,image_13.png_2Among5ConjRed
image_14.png,2,True,632.208062451791,237.7296152171181,20,#FF0000,Quadrant 4,2,2,39,240.0,#FF0000,0.0,63.87198635423857,5,2Among5ConjRed,image_14.png_2Among5ConjRed
image_15.png,2,True,404.7012958255029,381.1649867868978,20,#FF0000,Quadrant 4,2,2,25,240.0,#FF0000,0.0,162.2624369320282,4,2Among5ConjRed,image_15.png_2Among5ConjRed
image_16.png,2,True,301.92293471729425,101.55436604677588,20,#FF0000,Quadrant 1,1,1,24,240.0,#FF0000,0.0,94.67289916064964,4,2Among5ConjRed,image_16.png_2Among5ConjRed
image_17.png,2,True,382.3410433778559,157.47153758831809,20,#FF0000,Quadrant 2,1,2,10,240.0,#FF0000,0.0,236.9841902567352,3,2Among5ConjRed,image_17.png_2Among5ConjRed
image_18.png,2,True,408.25236104903183,265.95818909552975,20,#FF0000,Quadrant 4,2,2,71,240.0,#FF0000,0.0,275.8620312057789,6,2Among5ConjRed,image_18.png_2Among5ConjRed
image_19.png,2,True,500.3387565323264,186.9199012805994,20,#FF0000,Quadrant 2,1,2,26,240.0,#FF0000,0.0,246.4120709299348,4,2Among5ConjRed,image_19.png_2Among5ConjRed
image_20.png,2,True,364.2248830592033,188.3698442202723,20,#FF0000,Quadrant 2,1,2,9,240.0,#FF0000,0.0,168.7927717227676,3,2Among5ConjRed,image_20.png_2Among5ConjRed
image_21.png,2,True,339.1238082695152,191.02863897416668,20,#FF0000,Quadrant 1,1,1,2,240.0,#FF0000,0.0,167.0453740920732,1,2Among5ConjRed,image_21.png_2Among5ConjRed
image_22.png,2,True,481.5017782196026,26.50465848150632,20,#FF0000,Quadrant 2,1,2,27,240.0,#FF0000,0.0,346.23458021053096,4,2Among5ConjRed,image_22.png_2Among5ConjRed
image_23.png,2,True,675.6730566505123,91.60163456855818,20,#FF0000,Quadrant 2,1,2,2,240.0,#FF0000,0.0,115.77235893244854,1,2Among5ConjRed,image_23.png_2Among5ConjRed
image_24.png,2,True,556.0350316825186,249.96956371890667,20,#FF0000,Quadrant 4,2,2,5,240.0,#FF0000,0.0,48.013515740546744,2,2Among5ConjRed,image_24.png_2Among5ConjRed
image_25.png,2,True,559.86633746185,270.02213916889934,20,#FF0000,Quadrant 4,2,2,9,240.0,#FF0000,0.0,69.73883748475075,3,2Among5ConjRed,image_25.png_2Among5ConjRed
image_26.png,2,True,160.12895436286342,189.9788392512638,20,#FF0000,Quadrant 1,1,1,64,240.0,#FF0000,0.0,310.39165912895766,5,2Among5ConjRed,image_26.png_2Among5ConjRed
image_27.png,2,True,32.771382477881474,173.6936213276349,20,#FF0000,Quadrant 1,1,1,34,240.0,#FF0000,0.0,342.92897816767817,5,2Among5ConjRed,image_27.png_2Among5ConjRed
image_28.png,2,True,199.8111661969149,41.27574355280963,20,#FF0000,Quadrant 1,1,1,91,240.0,#FF0000,0.0,284.15426382569524,6,2Among5ConjRed,image_28.png_2Among5ConjRed
image_29.png,2,True,237.3070410187364,356.49889519451136,20,#FF0000,Quadrant 3,2,1,8,240.0,#FF0000,0.0,345.23736458886356,2,2Among5ConjRed,image_29.png_2Among5ConjRed
image_30.png,2,True,689.1575776692783,252.3288474360151,20,#FF0000,Quadrant 4,2,2,78,240.0,#FF0000,0.0,2.5687440528813044,6,2Among5ConjRed,image_30.png_2Among5ConjRed
image_31.png,2,True,55.52103055520487,196.84078538756293,20,#FF0000,Quadrant 1,1,1,8,240.0,#FF0000,0.0,226.7217046184492,2,2Among5ConjRed,image_31.png_2Among5ConjRed
image_32.png,2,True,658.8563548469069,377.84621668271217,20,#FF0000,Quadrant 4,2,2,29,240.0,#FF0000,0.0,333.2487856574003,4,2Among5ConjRed,image_32.png_2Among5ConjRed
image_33.png,2,True,408.4957039262088,11.634469773486176,20,#FF0000,Quadrant 2,1,2,7,240.0,#FF0000,0.0,343.46470279149884,2,2Among5ConjRed,image_33.png_2Among5ConjRed
image_34.png,2,True,572.5433795319756,355.8782689477495,20,#FF0000,Quadrant 4,2,2,90,240.0,#FF0000,0.0,107.67663981303744,6,2Among5ConjRed,image_34.png_2Among5ConjRed
image_35.png,2,True,582.5380609467584,358.43878697038156,20,#FF0000,Quadrant 4,2,2,31,240.0,#FF0000,0.0,199.49613165934704,4,2Among5ConjRed,image_35.png_2Among5ConjRed
image_36.png,2,True,628.6892664582736,363.9837329667057,20,#FF0000,Quadrant 4,2,2,85,240.0,#FF0000,0.0,5.107240186499493,6,2Among5ConjRed,image_36.png_2Among5ConjRed
image_37.png,2,True,481.14687085862624,373.0270861860637,20,#FF0000,Quadrant 4,2,2,37,240.0,#FF0000,0.0,122.6560722791371,5,2Among5ConjRed,image_37.png_2Among5ConjRed
image_38.png,2,True,258.1605958630387,252.06689155962297,20,#FF0000,Quadrant 3,2,1,4,240.0,#FF0000,0.0,13.321354595711652,1,2Among5ConjRed,image_38.png_2Among5ConjRed
image_39.png,2,True,505.2594530959369,33.98726403522515,20,#FF0000,Quadrant 2,1,2,53,240.0,#FF0000,0.0,15.104011291464992,5,2Among5ConjRed,image_39.png_2Among5ConjRed
image_40.png,2,True,677.1846811619539,223.05658584307793,20,#FF0000,Quadrant 4,2,2,15,240.0,#FF0000,0.0,33.50246220835344,3,2Among5ConjRed,image_40.png_2Among5ConjRed
image_41.png,2,True,666.924805240878,151.333750444096,20,#FF0000,Quadrant 2,1,2,46,240.0,#FF0000,0.0,289.01294217288444,5,2Among5ConjRed,image_41.png_2Among5ConjRed
image_42.png,2,True,601.998153515822,176.0154773599139,20,#FF0000,Quadrant 2,1,2,10,240.0,#FF0000,0.0,66.45371649433736,3,2Among5ConjRed,image_42.png_2Among5ConjRed
image_43.png,2,True,481.13210596481827,326.33988312058705,20,#FF0000,Quadrant 4,2,2,22,240.0,#FF0000,0.0,58.87543576477323,4,2Among5ConjRed,image_43.png_2Among5ConjRed
image_44.png,2,True,512.7049755721625,241.32150622156664,20,#FF0000,Quadrant 4,2,2,5,240.0,#FF0000,0.0,220.09906041338496,2,2Among5ConjRed,image_44.png_2Among5ConjRed
image_45.png,2,True,333.0248934952168,69.9303882136799,20,#FF0000,Quadrant 1,1,1,14,240.0,#FF0000,0.0,162.53970625117785,3,2Among5ConjRed,image_45.png_2Among5ConjRed
image_46.png,2,True,290.97288149897906,207.47212079399867,20,#FF0000,Quadrant 3,2,1,1,240.0,#FF0000,0.0,245.52849504108767,1,2Among5ConjRed,image_46.png_2Among5ConjRed
image_47.png,2,True,313.1410520618886,323.89094864159824,20,#FF0000,Quadrant 3,2,1,99,240.0,#FF0000,0.0,257.3151174823883,6,2Among5ConjRed,image_47.png_2Among5ConjRed
image_48.png,2,True,663.7249265663954,286.09346953350376,20,#FF0000,Quadrant 4,2,2,82,240.0,#FF0000,0.0,205.11130549553292,6,2Among5ConjRed,image_48.png_2Among5ConjRed
image_49.png,2,True,556.2574485182158,261.1498430686217,20,#FF0000,Quadrant 4,2,2,28,240.0,#FF0000,0.0,5.022059354016588,4,2Among5ConjRed,image_49.png_2Among5ConjRed
image_50.png,2,True,81.45246680226789,72.7582949054719,20,#FF0000,Quadrant 1,1,1,1,240.0,#FF0000,0.0,50.36811720255889,1,2Among5ConjRed,image_50.png_2Among5ConjRed
image_51.png,2,True,58.93822770045677,162.41163329818917,20,#FF0000,Quadrant 1,1,1,4,240.0,#FF0000,0.0,123.68631564308888,1,2Among5ConjRed,image_51.png_2Among5ConjRed
image_52.png,2,True,491.3189493484256,218.91174874968425,20,#FF0000,Quadrant 4,2,2,17,240.0,#FF0000,0.0,241.0711465575336,4,2Among5ConjRed,image_52.png_2Among5ConjRed
image_53.png,2,True,41.339226934345874,34.81787270802346,20,#FF0000,Quadrant 1,1,1,5,240.0,#FF0000,0.0,207.6338470210651,2,2Among5ConjRed,image_53.png_2Among5ConjRed
image_54.png,2,True,383.5884734122778,132.22884803938638,20,#FF0000,Quadrant 2,1,2,88,240.0,#FF0000,0.0,261.4314970252563,6,2Among5ConjRed,image_54.png_2Among5ConjRed
image_55.png,2,True,687.0449183441781,360.5826344061438,20,#FF0000,Quadrant 4,2,2,2,240.0,#FF0000,0.0,168.59038151389544,1,2Among5ConjRed,image_55.png_2Among5ConjRed
image_56.png,2,True,586.5621131786157,233.93668200506457,20,#FF0000,Quadrant 4,2,2,42,240.0,#FF0000,0.0,240.39067004251945,5,2Among5ConjRed,image_56.png_2Among5ConjRed
image_57.png,2,True,118.18677994347644,56.90465504262929,20,#FF0000,Quadrant 1,1,1,37,240.0,#FF0000,0.0,27.441278053916207,5,2Among5ConjRed,image_57.png_2Among5ConjRed
image_58.png,2,True,454.8882600631829,180.85168117246977,20,#FF0000,Quadrant 2,1,2,62,240.0,#FF0000,0.0,125.22347233556545,5,2Among5ConjRed,image_58.png_2Among5ConjRed
image_59.png,2,True,50.92413491411199,128.64412923302763,20,#FF0000,Quadrant 1,1,1,14,240.0,#FF0000,0.0,48.213468483971205,3,2Among5ConjRed,image_59.png_2Among5ConjRed
image_60.png,2,True,605.4924080642802,356.0097761452864,20,#FF0000,Quadrant 4,2,2,13,240.0,#FF0000,0.0,85.47324248909408,3,2Among5ConjRed,image_60.png_2Among5ConjRed
image_61.png,2,True,536.7795299750535,216.82115991218004,20,#FF0000,Quadrant 4,2,2,2,240.0,#FF0000,0.0,146.24313512879883,1,2Among5ConjRed,image_61.png_2Among5ConjRed
image_62.png,2,True,567.1831689412869,129.57658998690283,20,#FF0000,Quadrant 2,1,2,2,240.0,#FF0000,0.0,275.9367617108165,1,2Among5ConjRed,image_62.png_2Among5ConjRed
image_63.png,2,True,584.6131436519647,73.0847838881742,20,#FF0000,Quadrant 2,1,2,67,240.0,#FF0000,0.0,307.66929217132537,6,2Among5ConjRed,image_63.png_2Among5ConjRed
image_64.png,2,True,616.2229231663772,38.49880787952525,20,#FF0000,Quadrant 2,1,2,12,240.0,#FF0000,0.0,211.0792779404105,3,2Among5ConjRed,image_64.png_2Among5ConjRed
image_65.png,2,True,194.01928763360655,62.28199046274893,20,#FF0000,Quadrant 1,1,1,14,240.0,#FF0000,0.0,202.33486880350432,3,2Among5ConjRed,image_65.png_2Among5ConjRed
image_66.png,2,True,574.2576677964486,63.2680886766366,20,#FF0000,Quadrant 2,1,2,8,240.0,#FF0000,0.0,254.85071422411335,2,2Among5ConjRed,image_66.png_2Among5ConjRed
image_67.png,2,True,408.2423819179658,386.0434460468331,20,#FF0000,Quadrant 4,2,2,2,240.0,#FF0000,0.0,328.1955993307269,1,2Among5ConjRed,image_67.png_2Among5ConjRed
image_68.png,2,True,428.42190908252206,292.9959662002284,20,#FF0000,Quadrant 4,2,2,21,240.0,#FF0000,0.0,19.261246334461312,4,2Among5ConjRed,image_68.png_2Among5ConjRed
image_69.png,2,True,184.0075917925157,175.12188147777843,20,#FF0000,Quadrant 1,1,1,2,240.0,#FF0000,0.0,301.23727389895623,1,2Among5ConjRed,image_69.png_2Among5ConjRed
image_70.png,2,True,386.0727442729912,206.37002768239307,20,#FF0000,Quadrant 4,2,2,8,240.0,#FF0000,0.0,185.86076896894303,2,2Among5ConjRed,image_70.png_2Among5ConjRed
image_71.png,2,True,588.609860363753,347.28259873978715,20,#FF0000,Quadrant 4,2,2,8,240.0,#FF0000,0.0,331.9089306259126,2,2Among5ConjRed,image_71.png_2Among5ConjRed
image_72.png,2,True,147.87934583557916,234.1398848589402,20,#FF0000,Quadrant 3,2,1,79,240.0,#FF0000,0.0,233.2896890002691,6,2Among5ConjRed,image_72.png_2Among5ConjRed
image_73.png,2,True,77.5381034486558,265.384274835547,20,#FF0000,Quadrant 3,2,1,22,240.0,#FF0000,0.0,282.2610079263611,4,2Among5ConjRed,image_73.png_2Among5ConjRed
image_74.png,2,True,544.7567224268611,261.9874015664497,20,#FF0000,Quadrant 4,2,2,9,240.0,#FF0000,0.0,55.342464794562765,3,2Among5ConjRed,image_74.png_2Among5ConjRed
image_75.png,2,True,261.94901258553955,161.09090793337134,20,#FF0000,Quadrant 1,1,1,27,240.0,#FF0000,0.0,126.8781184317334,4,2Among5ConjRed,image_75.png_2Among5ConjRed
image_76.png,2,True,518.9506238740418,23.076455518291,20,#FF0000,Quadrant 2,1,2,10,240.0,#FF0000,0.0,25.107842128604663,3,2Among5ConjRed,image_76.png_2Among5ConjRed
image_77.png,2,True,317.54827103699915,45.33529338863395,20,#FF0000,Quadrant 1,1,1,2,240.0,#FF0000,0.0,0.3950542706185889,1,2Among5ConjRed,image_77.png_2Among5ConjRed
image_78.png,2,True,483.9264679119213,224.77540199240403,20,#FF0000,Quadrant 4,2,2,64,240.0,#FF0000,0.0,260.20418376877404,5,2Among5ConjRed,image_78.png_2Among5ConjRed
image_79.png,2,True,315.96257727097634,110.28381751125394,20,#FF0000,Quadrant 1,1,1,32,240.0,#FF0000,0.0,72.10948166811662,4,2Among5ConjRed,image_79.png_2Among5ConjRed
image_80.png,2,True,674.4284910706707,177.84142397263312,20,#FF0000,Quadrant 2,1,2,60,240.0,#FF0000,0.0,221.92513217873667,5,2Among5ConjRed,image_80.png_2Among5ConjRed
image_81.png,2,True,545.6215453864636,373.7903101038705,20,#FF0000,Quadrant 4,2,2,7,240.0,#FF0000,0.0,187.48115120697915,2,2Among5ConjRed,image_81.png_2Among5ConjRed
image_82.png,2,True,485.1621477484095,74.53858835216673,20,#FF0000,Quadrant 2,1,2,30,240.0,#FF0000,0.0,7.53723729774479,4,2Among5ConjRed,image_82.png_2Among5ConjRed
image_83.png,2,True,297.6198939393972,338.1566220478757,20,#FF0000,Quadrant 3,2,1,71,240.0,#FF0000,0.0,199.19959638377927,6,2Among5ConjRed,image_83.png_2Among5ConjRed
image_84.png,2,True,133.26723139830588,40.53261870832355,20,#FF0000,Quadrant 1,1,1,15,240.0,#FF0000,0.0,73.68699569999877,3,2Among5ConjRed,image_84.png_2Among5ConjRed
image_85.png,2,True,74.96880711938925,161.18371370300628,20,#FF0000,Quadrant 1,1,1,6,240.0,#FF0000,0.0,129.79652830899423,2,2Among5ConjRed,image_85.png_2Among5ConjRed
image_86.png,2,True,252.67058990248523,155.49614252155223,20,#FF0000,Quadrant 1,1,1,87,240.0,#FF0000,0.0,210.36460306061775,6,2Among5ConjRed,image_86.png_2Among5ConjRed
image_87.png,2,True,603.7559248304515,294.3409281857079,20,#FF0000,Quadrant 4,2,2,6,240.0,#FF0000,0.0,171.66847464159756,2,2Among5ConjRed,image_87.png_2Among5ConjRed
image_88.png,2,True,284.89174218543855,198.28223896992165,20,#FF0000,Quadrant 1,1,1,3,240.0,#FF0000,0.0,66.3785004936082,1,2Among5ConjRed,image_88.png_2Among5ConjRed
image_89.png,2,True,327.13938869132795,106.93835889218812,20,#FF0000,Quadrant 1,1,1,6,240.0,#FF0000,0.0,148.7767772424747,2,2Among5ConjRed,image_89.png_2Among5ConjRed
image_90.png,2,True,322.8155618179331,255.14326570306912,20,#FF0000,Quadrant 3,2,1,8,240.0,#FF0000,0.0,258.66946780026905,2,2Among5ConjRed,image_90.png_2Among5ConjRed
image_91.png,2,True,268.85104367243633,257.44693750460686,20,#FF0000,Quadrant 3,2,1,1,240.0,#FF0000,0.0,55.42712458559497,1,2Among5ConjRed,image_91.png_2Among5ConjRed
image_92.png,2,True,481.55281467997577,23.62151374996994,20,#FF0000,Quadrant 2,1,2,14,240.0,#FF0000,0.0,286.6372670117681,3,2Among5ConjRed,image_92.png_2Among5ConjRed
image_93.png,2,True,75.82604513804675,90.3360508835512,20,#FF0000,Quadrant 1,1,1,14,240.0,#FF0000,0.0,3.575913864420497,3,2Among5ConjRed,image_93.png_2Among5ConjRed
image_94.png,2,True,253.9887706377549,311.81784879322464,20,#FF0000,Quadrant 3,2,1,1,240.0,#FF0000,0.0,191.9821094424007,1,2Among5ConjRed,image_94.png_2Among5ConjRed
image_95.png,2,True,534.9700601592283,343.94689303745236,20,#FF0000,Quadrant 4,2,2,8,240.0,#FF0000,0.0,67.93306031848233,2,2Among5ConjRed,image_95.png_2Among5ConjRed
image_96.png,2,True,465.1032497188472,132.10016100995438,20,#FF0000,Quadrant 2,1,2,42,240.0,#FF0000,0.0,166.10529225250534,5,2Among5ConjRed,image_96.png_2Among5ConjRed
image_97.png,2,True,415.6581529315144,70.62385732992183,20,#FF0000,Quadrant 2,1,2,49,240.0,#FF0000,0.0,61.78164143771713,5,2Among5ConjRed,image_97.png_2Among5ConjRed
image_98.png,2,True,190.84193912106625,353.37125957404635,20,#FF0000,Quadrant 3,2,1,39,240.0,#FF0000,0.0,224.05869200512615,5,2Among5ConjRed,image_98.png_2Among5ConjRed
image_99.png,2,True,236.10791682043484,297.88088048853285,20,#FF0000,Quadrant 3,2,1,8,240.0,#FF0000,0.0,64.72871280723051,2,2Among5ConjRed,image_99.png_2Among5ConjRed
image_100.png,2,True,39.703757972511355,246.60021234212635,20,#FF0000,Quadrant 3,2,1,2,240.0,#FF0000,0.0,348.9032919799711,1,2Among5ConjRed,image_100.png_2Among5ConjRed
image_101.png,2,True,207.936857438071,221.4843295505609,20,#FF0000,Quadrant 3,2,1,11,240.0,#FF0000,0.0,15.784108898402703,3,2Among5ConjRed,image_101.png_2Among5ConjRed
image_102.png,2,True,479.52648237516865,131.91236120821472,20,#FF0000,Quadrant 2,1,2,88,240.0,#FF0000,0.0,76.96589674760827,6,2Among5ConjRed,image_102.png_2Among5ConjRed
image_103.png,2,True,315.5059273691762,138.26130091370908,20,#FF0000,Quadrant 1,1,1,10,240.0,#FF0000,0.0,152.8901224055225,3,2Among5ConjRed,image_103.png_2Among5ConjRed
image_104.png,2,True,646.0646425269347,61.81351096867011,20,#FF0000,Quadrant 2,1,2,11,240.0,#FF0000,0.0,292.0707820508388,3,2Among5ConjRed,image_104.png_2Among5ConjRed
image_105.png,2,True,678.466146277249,358.475056214821,20,#FF0000,Quadrant 4,2,2,2,240.0,#FF0000,0.0,333.825853384982,1,2Among5ConjRed,image_105.png_2Among5ConjRed
image_106.png,2,True,286.13850428525785,64.17773620974035,20,#FF0000,Quadrant 1,1,1,81,240.0,#FF0000,0.0,315.0017395448501,6,2Among5ConjRed,image_106.png_2Among5ConjRed
image_107.png,2,True,531.9846100013766,151.33425716945317,20,#FF0000,Quadrant 2,1,2,24,240.0,#FF0000,0.0,84.07016011211988,4,2Among5ConjRed,image_107.png_2Among5ConjRed
image_108.png,2,True,320.70347148317046,388.0553406103205,20,#FF0000,Quadrant 3,2,1,13,240.0,#FF0000,0.0,0.8846508097192318,3,2Among5ConjRed,image_108.png_2Among5ConjRed
image_109.png,2,True,456.8667342528791,149.96575676295276,20,#FF0000,Quadrant 2,1,2,98,240.0,#FF0000,0.0,259.3662195087537,6,2Among5ConjRed,image_109.png_2Among5ConjRed
image_110.png,2,True,560.4687096934649,285.0059389794976,20,#FF0000,Quadrant 4,2,2,54,240.0,#FF0000,0.0,67.71265378833537,5,2Among5ConjRed,image_110.png_2Among5ConjRed
image_111.png,2,True,482.76612077290895,372.96100956996736,20,#FF0000,Quadrant 4,2,2,23,240.0,#FF0000,0.0,227.4633214494878,4,2Among5ConjRed,image_111.png_2Among5ConjRed
image_112.png,2,True,340.4929270675099,62.440295053623814,20,#FF0000,Quadrant 1,1,1,8,240.0,#FF0000,0.0,163.01565446229148,2,2Among5ConjRed,image_112.png_2Among5ConjRed
image_113.png,2,True,352.05003591045755,83.72928338301872,20,#FF0000,Quadrant 1,1,1,51,240.0,#FF0000,0.0,37.098054820407526,5,2Among5ConjRed,image_113.png_2Among5ConjRed
image_114.png,2,True,695.6031029251293,43.79665567725762,20,#FF0000,Quadrant 2,1,2,4,240.0,#FF0000,0.0,300.0773056832622,1,2Among5ConjRed,image_114.png_2Among5ConjRed
image_115.png,2,True,112.46298744476574,243.13361681983608,20,#FF0000,Quadrant 3,2,1,89,240.0,#FF0000,0.0,197.1216341760585,6,2Among5ConjRed,image_115.png_2Among5ConjRed
image_116.png,2,True,685.1520150162912,329.61691084451564,20,#FF0000,Quadrant 4,2,2,99,240.0,#FF0000,0.0,204.3391553325232,6,2Among5ConjRed,image_116.png_2Among5ConjRed
image_117.png,2,True,419.4810010652397,52.317020436239545,20,#FF0000,Quadrant 2,1,2,35,240.0,#FF0000,0.0,268.25864758764413,5,2Among5ConjRed,image_117.png_2Among5ConjRed
image_118.png,2,True,323.94386094985964,306.78930792098805,20,#FF0000,Quadrant 3,2,1,19,240.0,#FF0000,0.0,8.822620324268474,4,2Among5ConjRed,image_118.png_2Among5ConjRed
image_119.png,2,True,217.91608475986737,223.2207831822324,20,#FF0000,Quadrant 3,2,1,15,240.0,#FF0000,0.0,166.9964913711023,3,2Among5ConjRed,image_119.png_2Among5ConjRed
image_120.png,2,True,489.4902424669534,69.50319098838787,20,#FF0000,Quadrant 2,1,2,52,240.0,#FF0000,0.0,274.8055567884884,5,2Among5ConjRed,image_120.png_2Among5ConjRed
image_121.png,2,True,88.0696242843335,168.0751958800664,20,#FF0000,Quadrant 1,1,1,34,240.0,#FF0000,0.0,311.2087689206904,5,2Among5ConjRed,image_121.png_2Among5ConjRed
image_122.png,2,True,452.1319184776131,361.1232203676552,20,#FF0000,Quadrant 4,2,2,92,240.0,#FF0000,0.0,48.75758006286989,6,2Among5ConjRed,image_122.png_2Among5ConjRed
image_123.png,2,True,230.6326212288103,155.00726700036086,20,#FF0000,Quadrant 1,1,1,62,240.0,#FF0000,0.0,25.515993828135795,5,2Among5ConjRed,image_123.png_2Among5ConjRed
image_124.png,2,True,475.4947903602357,319.4913498067493,20,#FF0000,Quadrant 4,2,2,44,240.0,#FF0000,0.0,84.32456189912574,5,2Among5ConjRed,image_124.png_2Among5ConjRed
image_125.png,2,True,491.04578371072097,310.20602849192227,20,#FF0000,Quadrant 4,2,2,3,240.0,#FF0000,0.0,176.2083372447461,1,2Among5ConjRed,image_125.png_2Among5ConjRed
image_126.png,2,True,477.9487647603104,41.35440580621223,20,#FF0000,Quadrant 2,1,2,98,240.0,#FF0000,0.0,310.50304918266403,6,2Among5ConjRed,image_126.png_2Among5ConjRed
image_127.png,2,True,92.67749755583785,268.52781552726765,20,#FF0000,Quadrant 3,2,1,8,240.0,#FF0000,0.0,168.0858367872289,2,2Among5ConjRed,image_127.png_2Among5ConjRed
image_128.png,2,True,462.8618042456806,157.3789854312994,20,#FF0000,Quadrant 2,1,2,14,240.0,#FF0000,0.0,186.5673336386825,3,2Among5ConjRed,image_128.png_2Among5ConjRed
image_129.png,2,True,597.17677953504,370.7211886465061,20,#FF0000,Quadrant 4,2,2,67,240.0,#FF0000,0.0,89.15041088035541,6,2Among5ConjRed,image_129.png_2Among5ConjRed
image_130.png,2,True,669.0987282836757,157.8911613047029,20,#FF0000,Quadrant 2,1,2,57,240.0,#FF0000,0.0,96.5768295201813,5,2Among5ConjRed,image_130.png_2Among5ConjRed
image_131.png,2,True,574.213026495482,67.43403477933495,20,#FF0000,Quadrant 2,1,2,20,240.0,#FF0000,0.0,356.5761081384361,4,2Among5ConjRed,image_131.png_2Among5ConjRed
image_132.png,2,True,352.0196221349157,193.39102135008895,20,#FF0000,Quadrant 1,1,1,16,240.0,#FF0000,0.0,249.38035635396855,3,2Among5ConjRed,image_132.png_2Among5ConjRed
image_133.png,2,True,507.5914584704629,30.14054471009655,20,#FF0000,Quadrant 2,1,2,16,240.0,#FF0000,0.0,246.66496141144225,3,2Among5ConjRed,image_133.png_2Among5ConjRed
image_134.png,2,True,487.1208453681819,66.51895182689071,20,#FF0000,Quadrant 2,1,2,13,240.0,#FF0000,0.0,195.75328697768617,3,2Among5ConjRed,image_134.png_2Among5ConjRed
image_135.png,2,True,572.1047321027858,296.13578480612506,20,#FF0000,Quadrant 4,2,2,1,240.0,#FF0000,0.0,247.65212328998095,1,2Among5ConjRed,image_135.png_2Among5ConjRed
image_136.png,2,True,308.8275365131999,120.37040021022491,20,#FF0000,Quadrant 1,1,1,7,240.0,#FF0000,0.0,99.54335112739255,2,2Among5ConjRed,image_136.png_2Among5ConjRed
image_137.png,2,True,459.40166102882887,131.48692673661364,20,#FF0000,Quadrant 2,1,2,76,240.0,#FF0000,0.0,242.80635974641876,6,2Among5ConjRed,image_137.png_2Among5ConjRed
image_138.png,2,True,257.3089445680203,270.18668567774165,20,#FF0000,Quadrant 3,2,1,8,240.0,#FF0000,0.0,200.4518855091528,2,2Among5ConjRed,image_138.png_2Among5ConjRed
image_139.png,2,True,263.5757779435597,41.53063832040182,20,#FF0000,Quadrant 1,1,1,15,240.0,#FF0000,0.0,121.08830898225908,3,2Among5ConjRed,image_139.png_2Among5ConjRed
image_140.png,2,True,685.3276489272421,71.44561894751737,20,#FF0000,Quadrant 2,1,2,54,240.0,#FF0000,0.0,18.60166640386317,5,2Among5ConjRed,image_140.png_2Among5ConjRed
image_141.png,2,True,385.8062190543793,82.78918856332972,20,#FF0000,Quadrant 2,1,2,5,240.0,#FF0000,0.0,69.83303391953056,2,2Among5ConjRed,image_141.png_2Among5ConjRed
image_142.png,2,True,325.3745677545264,360.8118867996266,20,#FF0000,Quadrant 3,2,1,23,240.0,#FF0000,0.0,234.0600903377055,4,2Among5ConjRed,image_142.png_2Among5ConjRed
image_143.png,2,True,454.07478275151146,196.03811847322012,20,#FF0000,Quadrant 2,1,2,8,240.0,#FF0000,0.0,170.89744259905757,2,2Among5ConjRed,image_143.png_2Among5ConjRed
image_144.png,2,True,426.4815783865319,239.18839780092176,20,#FF0000,Quadrant 4,2,2,5,240.0,#FF0000,0.0,299.2847151113681,2,2Among5ConjRed,image_144.png_2Among5ConjRed
image_145.png,2,True,281.291930876631,120.65832766048956,20,#FF0000,Quadrant 1,1,1,25,240.0,#FF0000,0.0,315.55884150872083,4,2Among5ConjRed,image_145.png_2Among5ConjRed
image_146.png,2,True,440.730891731147,30.012431840853075,20,#FF0000,Quadrant 2,1,2,29,240.0,#FF0000,0.0,164.84663670758678,4,2Among5ConjRed,image_146.png_2Among5ConjRed
image_147.png,2,True,515.8826889797025,207.43699006479503,20,#FF0000,Quadrant 4,2,2,2,240.0,#FF0000,0.0,236.4439612392703,1,2Among5ConjRed,image_147.png_2Among5ConjRed
image_148.png,2,True,387.4588949817241,63.47863137919549,20,#FF0000,Quadrant 2,1,2,7,240.0,#FF0000,0.0,251.24184003016904,2,2Among5ConjRed,image_148.png_2Among5ConjRed
image_149.png,2,True,128.5655086107496,26.42084063881092,20,#FF0000,Quadrant 1,1,1,24,240.0,#FF0000,0.0,280.69691245009426,4,2Among5ConjRed,image_149.png_2Among5ConjRed
image_150.png,2,True,685.1658974659543,372.8657371609521,20,#FF0000,Quadrant 4,2,2,97,240.0,#FF0000,0.0,179.58631800766727,6,2Among5ConjRed,image_150.png_2Among5ConjRed
image_151.png,2,True,246.84717818858897,318.4242136832924,20,#FF0000,Quadrant 3,2,1,20,240.0,#FF0000,0.0,209.53708549804537,4,2Among5ConjRed,image_151.png_2Among5ConjRed
image_152.png,2,True,34.40345679118198,109.52185456330574,20,#FF0000,Quadrant 1,1,1,59,240.0,#FF0000,0.0,176.08267793203763,5,2Among5ConjRed,image_152.png_2Among5ConjRed
image_153.png,2,True,309.41086820537544,388.52364558389024,20,#FF0000,Quadrant 3,2,1,10,240.0,#FF0000,0.0,227.40783536813973,3,2Among5ConjRed,image_153.png_2Among5ConjRed
image_154.png,2,True,209.35638251230665,383.99196009264347,20,#FF0000,Quadrant 3,2,1,96,240.0,#FF0000,0.0,196.44801256034592,6,2Among5ConjRed,image_154.png_2Among5ConjRed
image_155.png,2,True,439.0652927864414,22.585988334179063,20,#FF0000,Quadrant 2,1,2,3,240.0,#FF0000,0.0,250.7462299526858,1,2Among5ConjRed,image_155.png_2Among5ConjRed
image_156.png,2,True,501.8645624407265,47.89010429412732,20,#FF0000,Quadrant 2,1,2,73,240.0,#FF0000,0.0,270.41610463430305,6,2Among5ConjRed,image_156.png_2Among5ConjRed
image_157.png,2,True,611.8712777090117,182.11429046113105,20,#FF0000,Quadrant 2,1,2,14,240.0,#FF0000,0.0,325.13690379000144,3,2Among5ConjRed,image_157.png_2Among5ConjRed
image_158.png,2,True,553.0838709550192,383.03960116170794,20,#FF0000,Quadrant 4,2,2,42,240.0,#FF0000,0.0,280.17630288423265,5,2Among5ConjRed,image_158.png_2Among5ConjRed
image_159.png,2,True,298.3949448512247,249.88327324867947,20,#FF0000,Quadrant 3,2,1,99,240.0,#FF0000,0.0,287.65167314701864,6,2Among5ConjRed,image_159.png_2Among5ConjRed
image_160.png,2,True,643.6521896148993,132.68177111226663,20,#FF0000,Quadrant 2,1,2,3,240.0,#FF0000,0.0,328.9578837435663,1,2Among5ConjRed,image_160.png_2Among5ConjRed
image_161.png,2,True,366.141747080384,289.32937927434097,20,#FF0000,Quadrant 4,2,2,22,240.0,#FF0000,0.0,346.1503502921762,4,2Among5ConjRed,image_161.png_2Among5ConjRed
image_162.png,2,True,60.71886417836536,107.33061830800602,20,#FF0000,Quadrant 1,1,1,32,240.0,#FF0000,0.0,6.877748709380702,4,2Among5ConjRed,image_162.png_2Among5ConjRed
image_163.png,2,True,551.931852741795,191.4830330247999,20,#FF0000,Quadrant 2,1,2,3,240.0,#FF0000,0.0,308.05964812554527,1,2Among5ConjRed,image_163.png_2Among5ConjRed
image_164.png,2,True,234.07700298783013,150.93642936057847,20,#FF0000,Quadrant 1,1,1,3,240.0,#FF0000,0.0,164.984741303379,1,2Among5ConjRed,image_164.png_2Among5ConjRed
image_165.png,2,True,688.1797812737645,20.973403959584672,20,#FF0000,Quadrant 2,1,2,5,240.0,#FF0000,0.0,255.0896373814761,2,2Among5ConjRed,image_165.png_2Among5ConjRed
image_166.png,2,True,310.8382336083496,341.8030237090267,20,#FF0000,Quadrant 3,2,1,76,240.0,#FF0000,0.0,280.03252511684735,6,2Among5ConjRed,image_166.png_2Among5ConjRed
image_167.png,2,True,92.48693762474494,246.5635405642421,20,#FF0000,Quadrant 3,2,1,68,240.0,#FF0000,0.0,322.9579984212868,6,2Among5ConjRed,image_167.png_2Among5ConjRed
image_168.png,2,True,424.0593793652075,351.2989495846278,20,#FF0000,Quadrant 4,2,2,8,240.0,#FF0000,0.0,123.61024446259503,2,2Among5ConjRed,image_168.png_2Among5ConjRed
image_169.png,2,True,214.81936298915463,223.7839243303469,20,#FF0000,Quadrant 3,2,1,6,240.0,#FF0000,0.0,238.13868491708735,2,2Among5ConjRed,image_169.png_2Among5ConjRed
image_170.png,2,True,252.34159144987984,55.21707642039696,20,#FF0000,Quadrant 1,1,1,87,240.0,#FF0000,0.0,321.2056295305927,6,2Among5ConjRed,image_170.png_2Among5ConjRed
image_171.png,2,True,319.3743673473101,222.3023400023545,20,#FF0000,Quadrant 3,2,1,2,240.0,#FF0000,0.0,186.41044214723408,1,2Among5ConjRed,image_171.png_2Among5ConjRed
image_172.png,2,True,59.64562167675194,66.0757800512545,20,#FF0000,Quadrant 1,1,1,42,240.0,#FF0000,0.0,221.88702591300185,5,2Among5ConjRed,image_172.png_2Among5ConjRed
image_173.png,2,True,93.66919695800308,382.6211821350862,20,#FF0000,Quadrant 3,2,1,4,240.0,#FF0000,0.0,348.8528582727644,1,2Among5ConjRed,image_173.png_2Among5ConjRed
image_174.png,2,True,188.13598101156248,377.5977136751625,20,#FF0000,Quadrant 3,2,1,2,240.0,#FF0000,0.0,319.774640509921,1,2Among5ConjRed,image_174.png_2Among5ConjRed
image_175.png,2,True,109.29012525721774,375.32528679551626,20,#FF0000,Quadrant 3,2,1,3,240.0,#FF0000,0.0,104.92925258480147,1,2Among5ConjRed,image_175.png_2Among5ConjRed
image_176.png,2,True,228.12817265566989,355.460544189611,20,#FF0000,Quadrant 3,2,1,16,240.0,#FF0000,0.0,70.48777424244243,3,2Among5ConjRed,image_176.png_2Among5ConjRed
image_177.png,2,True,248.25805857878208,137.60989397064122,20,#FF0000,Quadrant 1,1,1,1,240.0,#FF0000,0.0,51.93157514593104,1,2Among5ConjRed,image_177.png_2Among5ConjRed
image_178.png,2,True,180.573178834604,365.8781014668845,20,#FF0000,Quadrant 3,2,1,86,240.0,#FF0000,0.0,50.74389162685272,6,2Among5ConjRed,image_178.png_2Among5ConjRed
image_179.png,2,True,170.8102058409025,356.08069819030254,20,#FF0000,Quadrant 3,2,1,63,240.0,#FF0000,0.0,186.55815774646013,5,2Among5ConjRed,image_179.png_2Among5ConjRed
image_180.png,2,True,263.63497194005333,384.7088182492582,20,#FF0000,Quadrant 3,2,1,8,240.0,#FF0000,0.0,122.9945194073618,2,2Among5ConjRed,image_180.png_2Among5ConjRed
image_181.png,2,True,174.22232243124267,354.1813564992143,20,#FF0000,Quadrant 3,2,1,31,240.0,#FF0000,0.0,345.38079583497625,4,2Among5ConjRed,image_181.png_2Among5ConjRed
image_182.png,2,True,388.25628661730144,299.77054053803766,20,#FF0000,Quadrant 4,2,2,5,240.0,#FF0000,0.0,156.38712515433332,2,2Among5ConjRed,image_182.png_2Among5ConjRed
image_183.png,2,True,494.1832802038328,46.56826651132472,20,#FF0000,Quadrant 2,1,2,21,240.0,#FF0000,0.0,106.1256254073912,4,2Among5ConjRed,image_183.png_2Among5ConjRed
image_184.png,2,True,402.470834937437,260.6524635198274,20,#FF0000,Quadrant 4,2,2,94,240.0,#FF0000,0.0,311.1726170782707,6,2Among5ConjRed,image_184.png_2Among5ConjRed
image_185.png,2,True,348.5294768356981,363.4927689697492,20,#FF0000,Quadrant 3,2,1,22,240.0,#FF0000,0.0,151.70285064570325,4,2Among5ConjRed,image_185.png_2Among5ConjRed
image_186.png,2,True,591.4065091576489,133.81567233188116,20,#FF0000,Quadrant 2,1,2,11,240.0,#FF0000,0.0,302.8923054342124,3,2Among5ConjRed,image_186.png_2Among5ConjRed
image_187.png,2,True,428.5348340427648,123.38359464886842,20,#FF0000,Quadrant 2,1,2,33,240.0,#FF0000,0.0,133.8910202758191,5,2Among5ConjRed,image_187.png_2Among5ConjRed
image_188.png,2,True,302.6330096988727,52.714118477066016,20,#FF0000,Quadrant 1,1,1,91,240.0,#FF0000,0.0,342.39786812003155,6,2Among5ConjRed,image_188.png_2Among5ConjRed
image_189.png,2,True,72.72056117048452,324.5539537528134,20,#FF0000,Quadrant 3,2,1,41,240.0,#FF0000,0.0,272.28507330635824,5,2Among5ConjRed,image_189.png_2Among5ConjRed
image_190.png,2,True,26.589234104210192,194.95984220304456,20,#FF0000,Quadrant 1,1,1,6,240.0,#FF0000,0.0,288.7032942616228,2,2Among5ConjRed,image_190.png_2Among5ConjRed
image_191.png,2,True,391.1968734931818,235.13722220849303,20,#FF0000,Quadrant 4,2,2,14,240.0,#FF0000,0.0,121.01455474486424,3,2Among5ConjRed,image_191.png_2Among5ConjRed
image_192.png,2,True,473.9088852751782,175.82133031585144,20,#FF0000,Quadrant 2,1,2,76,240.0,#FF0000,0.0,126.55327696371266,6,2Among5ConjRed,image_192.png_2Among5ConjRed
image_193.png,2,True,98.51964125731902,193.9157061118671,20,#FF0000,Quadrant 1,1,1,13,240.0,#FF0000,0.0,118.55147345708752,3,2Among5ConjRed,image_193.png_2Among5ConjRed
image_194.png,2,True,521.3008579360481,63.13058925109931,20,#FF0000,Quadrant 2,1,2,31,240.0,#FF0000,0.0,146.15029709129882,4,2Among5ConjRed,image_194.png_2Among5ConjRed
image_195.png,2,True,659.0389250500134,67.15905943145248,20,#FF0000,Quadrant 2,1,2,6,240.0,#FF0000,0.0,68.3385205396936,2,2Among5ConjRed,image_195.png_2Among5ConjRed
image_196.png,2,True,246.97739610308068,297.29099887469994,20,#FF0000,Quadrant 3,2,1,12,240.0,#FF0000,0.0,347.47319511541434,3,2Among5ConjRed,image_196.png_2Among5ConjRed
image_197.png,2,True,11.318826172759106,21.64410028902605,20,#FF0000,Quadrant 1,1,1,10,240.0,#FF0000,0.0,240.15655332889247,3,2Among5ConjRed,image_197.png_2Among5ConjRed
image_198.png,2,True,180.2400979641303,350.7306762757266,20,#FF0000,Quadrant 3,2,1,6,240.0,#FF0000,0.0,296.40341594566024,2,2Among5ConjRed,image_198.png_2Among5ConjRed
image_199.png,2,True,79.81207850580165,332.5448359760495,20,#FF0000,Quadrant 3,2,1,2,240.0,#FF0000,0.0,299.5081105185993,1,2Among5ConjRed,image_199.png_2Among5ConjRed
image_200.png,2,True,69.5347577237807,315.5101454518005,20,#FF0000,Quadrant 3,2,1,98,240.0,#FF0000,0.0,40.85686328305391,6,2Among5ConjRed,image_200.png_2Among5ConjRed
image_201.png,2,True,121.28759931875572,387.4445640862708,20,#FF0000,Quadrant 3,2,1,44,240.0,#FF0000,0.0,243.53601788100485,5,2Among5ConjRed,image_201.png_2Among5ConjRed
image_202.png,2,True,85.7894032325387,350.53579548374773,20,#FF0000,Quadrant 3,2,1,4,240.0,#FF0000,0.0,160.5841116048946,1,2Among5ConjRed,image_202.png_2Among5ConjRed
image_203.png,2,True,617.4127795663744,122.28292968529485,20,#FF0000,Quadrant 2,1,2,14,240.0,#FF0000,0.0,0.7105385797894215,3,2Among5ConjRed,image_203.png_2Among5ConjRed
image_204.png,2,True,331.7915024151496,293.13159425557427,20,#FF0000,Quadrant 3,2,1,12,240.0,#FF0000,0.0,91.67994573885495,3,2Among5ConjRed,image_204.png_2Among5ConjRed
image_205.png,2,True,61.51080803546007,146.39563004780862,20,#FF0000,Quadrant 1,1,1,7,240.0,#FF0000,0.0,57.7648836193455,2,2Among5ConjRed,image_205.png_2Among5ConjRed
image_206.png,2,True,298.4380003326362,96.55149889514576,20,#FF0000,Quadrant 1,1,1,8,240.0,#FF0000,0.0,291.5468648097962,2,2Among5ConjRed,image_206.png_2Among5ConjRed
image_207.png,2,True,242.53757546125763,312.06286251647225,20,#FF0000,Quadrant 3,2,1,7,240.0,#FF0000,0.0,175.8849519175564,2,2Among5ConjRed,image_207.png_2Among5ConjRed
image_208.png,2,True,159.10281181509845,225.1439011835802,20,#FF0000,Quadrant 3,2,1,44,240.0,#FF0000,0.0,305.85146995324646,5,2Among5ConjRed,image_208.png_2Among5ConjRed
image_209.png,2,True,98.5689414155793,135.71006721464977,20,#FF0000,Quadrant 1,1,1,44,240.0,#FF0000,0.0,38.063611037521895,5,2Among5ConjRed,image_209.png_2Among5ConjRed
image_210.png,2,True,137.11355132498844,202.18179139777337,20,#FF0000,Quadrant 3,2,1,82,240.0,#FF0000,0.0,110.19028366550866,6,2Among5ConjRed,image_210.png_2Among5ConjRed
image_211.png,2,True,199.69595700519855,338.0666778587834,20,#FF0000,Quadrant 3,2,1,4,240.0,#FF0000,0.0,110.68015993322912,1,2Among5ConjRed,image_211.png_2Among5ConjRed
image_212.png,2,True,629.6541522438334,261.4349988523337,20,#FF0000,Quadrant 4,2,2,14,240.0,#FF0000,0.0,28.054083962813277,3,2Among5ConjRed,image_212.png_2Among5ConjRed
image_213.png,2,True,460.32438170182206,19.768474974946045,20,#FF0000,Quadrant 2,1,2,22,240.0,#FF0000,0.0,352.45295368385104,4,2Among5ConjRed,image_213.png_2Among5ConjRed
image_214.png,2,True,285.32476459684966,129.95078458344005,20,#FF0000,Quadrant 1,1,1,61,240.0,#FF0000,0.0,165.03131663748977,5,2Among5ConjRed,image_214.png_2Among5ConjRed
image_215.png,2,True,531.1031933740561,62.28422615186414,20,#FF0000,Quadrant 2,1,2,11,240.0,#FF0000,0.0,66.15038890699763,3,2Among5ConjRed,image_215.png_2Among5ConjRed
image_216.png,2,True,514.2152178964209,81.8740140381358,20,#FF0000,Quadrant 2,1,2,8,240.0,#FF0000,0.0,335.72225909682567,2,2Among5ConjRed,image_216.png_2Among5ConjRed
image_217.png,2,True,520.182309245122,311.9703117828796,20,#FF0000,Quadrant 4,2,2,20,240.0,#FF0000,0.0,350.8818288869486,4,2Among5ConjRed,image_217.png_2Among5ConjRed
image_218.png,2,True,145.36824974841173,247.4953305394625,20,#FF0000,Quadrant 3,2,1,59,240.0,#FF0000,0.0,89.70610470634962,5,2Among5ConjRed,image_218.png_2Among5ConjRed
image_219.png,2,True,201.49678056102695,246.65247224480075,20,#FF0000,Quadrant 3,2,1,5,240.0,#FF0000,0.0,36.443673421990745,2,2Among5ConjRed,image_219.png_2Among5ConjRed
image_220.png,2,True,659.7957689664046,26.87415330912856,20,#FF0000,Quadrant 2,1,2,5,240.0,#FF0000,0.0,351.55274412817545,2,2Among5ConjRed,image_220.png_2Among5ConjRed
image_221.png,2,True,488.5586264439572,61.272018000982634,20,#FF0000,Quadrant 2,1,2,75,240.0,#FF0000,0.0,114.66486315188908,6,2Among5ConjRed,image_221.png_2Among5ConjRed
image_222.png,2,True,441.9668156705939,88.91098263689365,20,#FF0000,Quadrant 2,1,2,24,240.0,#FF0000,0.0,224.33366475618465,4,2Among5ConjRed,image_222.png_2Among5ConjRed
image_223.png,2,True,586.5348800671886,247.74506054950496,20,#FF0000,Quadrant 4,2,2,9,240.0,#FF0000,0.0,178.8122443099351,3,2Among5ConjRed,image_223.png_2Among5ConjRed
image_224.png,2,True,367.7008489814144,358.6518335666001,20,#FF0000,Quadrant 4,2,2,14,240.0,#FF0000,0.0,135.87044676527373,3,2Among5ConjRed,image_224.png_2Among5ConjRed
image_225.png,2,True,288.4182669898957,292.1865533666016,20,#FF0000,Quadrant 3,2,1,7,240.0,#FF0000,0.0,94.1464452627411,2,2Among5ConjRed,image_225.png_2Among5ConjRed
image_226.png,2,True,680.4151586144902,118.83143273432852,20,#FF0000,Quadrant 2,1,2,17,240.0,#FF0000,0.0,229.73947552251153,4,2Among5ConjRed,image_226.png_2Among5ConjRed
image_227.png,2,True,11.99206521588223,382.42939591554386,20,#FF0000,Quadrant 3,2,1,7,240.0,#FF0000,0.0,304.99491151072334,2,2Among5ConjRed,image_227.png_2Among5ConjRed
image_228.png,2,True,425.1234412563083,108.33352333887753,20,#FF0000,Quadrant 2,1,2,23,240.0,#FF0000,0.0,215.4864866676176,4,2Among5ConjRed,image_228.png_2Among5ConjRed
image_229.png,2,True,252.00745136635555,77.75232674831209,20,#FF0000,Quadrant 1,1,1,85,240.0,#FF0000,0.0,65.70217365054799,6,2Among5ConjRed,image_229.png_2Among5ConjRed
image_230.png,2,True,191.26705563794357,276.88296047748116,20,#FF0000,Quadrant 3,2,1,80,240.0,#FF0000,0.0,93.30106022423368,6,2Among5ConjRed,image_230.png_2Among5ConjRed
image_231.png,2,True,106.21052518187992,37.9906929856236,20,#FF0000,Quadrant 1,1,1,6,240.0,#FF0000,0.0,109.78919396740248,2,2Among5ConjRed,image_231.png_2Among5ConjRed
image_232.png,2,True,693.4758804699388,354.27431519883015,20,#FF0000,Quadrant 4,2,2,68,240.0,#FF0000,0.0,314.38510697400176,6,2Among5ConjRed,image_232.png_2Among5ConjRed
image_233.png,2,True,160.86078314911944,37.05119243263056,20,#FF0000,Quadrant 1,1,1,25,240.0,#FF0000,0.0,191.8111181661913,4,2Among5ConjRed,image_233.png_2Among5ConjRed
image_234.png,2,True,237.6429158711968,321.127299455097,20,#FF0000,Quadrant 3,2,1,6,240.0,#FF0000,0.0,174.54706192391504,2,2Among5ConjRed,image_234.png_2Among5ConjRed
image_235.png,2,True,682.0065140274992,371.3821713835047,20,#FF0000,Quadrant 4,2,2,10,240.0,#FF0000,0.0,140.93271099207087,3,2Among5ConjRed,image_235.png_2Among5ConjRed
image_236.png,2,True,450.874589022594,328.4082941629831,20,#FF0000,Quadrant 4,2,2,4,240.0,#FF0000,0.0,103.21895082103234,1,2Among5ConjRed,image_236.png_2Among5ConjRed
image_237.png,2,True,462.65492069087543,382.6914106484394,20,#FF0000,Quadrant 4,2,2,14,240.0,#FF0000,0.0,331.7309234148836,3,2Among5ConjRed,image_237.png_2Among5ConjRed
image_238.png,2,True,176.5925997750044,297.8039976376737,20,#FF0000,Quadrant 3,2,1,16,240.0,#FF0000,0.0,51.01900769305214,3,2Among5ConjRed,image_238.png_2Among5ConjRed
image_239.png,2,True,351.5456803080249,140.00261436935736,20,#FF0000,Quadrant 1,1,1,11,240.0,#FF0000,0.0,209.27390056212536,3,2Among5ConjRed,image_239.png_2Among5ConjRed
image_0.png,2,True,200.4952003563232,95.373659020255,20,#FF0000,Quadrant 1,1,1,0,26.0,#FF0000,0.0,9.003871880160098,0,NoDistractors,image_0.png_NoDistractors
image_1.png,2,True,625.7117221486385,43.8628787339193,20,#FF0000,Quadrant 2,1,2,0,26.0,#FF0000,0.0,243.61181547224808,0,NoDistractors,image_1.png_NoDistractors
image_2.png,2,True,75.5560202646372,98.94581770169955,20,#FF0000,Quadrant 1,1,1,0,26.0,#FF0000,0.0,11.441764613442093,0,NoDistractors,image_2.png_NoDistractors
image_3.png,2,True,504.337513303536,276.1008400171092,20,#FF0000,Quadrant 4,2,2,0,26.0,#FF0000,0.0,202.04822265790068,0,NoDistractors,image_3.png_NoDistractors
image_4.png,2,True,417.0040561905011,316.96471262421846,20,#FF0000,Quadrant 4,2,2,0,26.0,#FF0000,0.0,79.35862393465081,0,NoDistractors,image_4.png_NoDistractors
image_5.png,2,True,121.0052689836773,170.74824250202397,20,#FF0000,Quadrant 1,1,1,0,26.0,#FF0000,0.0,273.1706521667162,0,NoDistractors,image_5.png_NoDistractors
image_6.png,2,True,670.5198067504723,138.23273805257293,20,#FF0000,Quadrant 2,1,2,0,26.0,#FF0000,0.0,55.97261993224136,0,NoDistractors,image_6.png_NoDistractors
image_7.png,2,True,258.33679315390896,141.01526309705108,20,#FF0000,Quadrant 1,1,1,0,26.0,#FF0000,0.0,136.77382822944145,0,NoDistractors,image_7.png_NoDistractors
image_8.png,2,True,513.7852010320405,213.69421856987688,20,#FF0000,Quadrant 4,2,2,0,26.0,#FF0000,0.0,290.5661783787769,0,NoDistractors,image_8.png_NoDistractors
image_9.png,2,True,212.999835889487,248.6258442088996,20,#FF0000,Quadrant 3,2,1,0,26.0,#FF0000,0.0,28.368071308244943,0,NoDistractors,image_9.png_NoDistractors
image_10.png,2,True,496.4499951520823,28.32161702184032,20,#FF0000,Quadrant 2,1,2,0,26.0,#FF0000,0.0,207.8467722924343,0,NoDistractors,image_10.png_NoDistractors
image_11.png,2,True,689.8176277352621,334.31009854372553,20,#FF0000,Quadrant 4,2,2,0,26.0,#FF0000,0.0,278.3046026839291,0,NoDistractors,image_11.png_NoDistractors
image_12.png,2,True,323.39969833185205,326.2937412702036,20,#FF0000,Quadrant 3,2,1,0,26.0,#FF0000,0.0,136.8454410140998,0,NoDistractors,image_12.png_NoDistractors
image_13.png,2,True,155.35034420155503,111.91761673456485,20,#FF0000,Quadrant 1,1,1,0,26.0,#FF0000,0.0,133.26514816207776,0,NoDistractors,image_13.png_NoDistractors
image_14.png,2,True,128.9145286084888,286.609929625232,20,#FF0000,Quadrant 3,2,1,0,26.0,#FF0000,0.0,219.28716204011576,0,NoDistractors,image_14.png_NoDistractors
image_15.png,2,True,196.99405265436752,360.7978658968203,20,#FF0000,Quadrant 3,2,1,0,26.0,#FF0000,0.0,166.4136762664017,0,NoDistractors,image_15.png_NoDistractors
image_16.png,2,True,591.7249730107789,304.32796656448056,20,#FF0000,Quadrant 4,2,2,0,26.0,#FF0000,0.0,246.4611303563549,0,NoDistractors,image_16.png_NoDistractors
image_17.png,2,True,565.6765567313666,162.64028949444034,20,#FF0000,Quadrant 2,1,2,0,26.0,#FF0000,0.0,295.848933842451,0,NoDistractors,image_17.png_NoDistractors
image_18.png,2,True,660.6647931768525,342.2669628066688,20,#FF0000,Quadrant 4,2,2,0,26.0,#FF0000,0.0,75.95382369107753,0,NoDistractors,image_18.png_NoDistractors
image_19.png,2,True,354.9703377901791,345.4102321691735,20,#FF0000,Quadrant 3,2,1,0,26.0,#FF0000,0.0,76.54555585949062,0,NoDistractors,image_19.png_NoDistractors
image_20.png,2,True,107.20529015307385,292.6058352306273,20,#FF0000,Quadrant 3,2,1,0,26.0,#FF0000,0.0,51.433772559142554,0,NoDistractors,image_20.png_NoDistractors
image_21.png,2,True,306.1909070059654,231.57544562945805,20,#FF0000,Quadrant 3,2,1,0,26.0,#FF0000,0.0,268.9249721948128,0,NoDistractors,image_21.png_NoDistractors
image_22.png,2,True,698.3034108751309,203.6009390097036,20,#FF0000,Quadrant 4,2,2,0,26.0,#FF0000,0.0,78.955473296622,0,NoDistractors,image_22.png_NoDistractors
image_23.png,2,True,604.2999047603328,68.77401871364268,20,#FF0000,Quadrant 2,1,2,0,26.0,#FF0000,0.0,272.0815767121456,0,NoDistractors,image_23.png_NoDistractors
image_24.png,2,True,301.8682171249823,35.0134729254398,20,#FF0000,Quadrant 1,1,1,0,26.0,#FF0000,0.0,285.1485711706671,0,NoDistractors,image_24.png_NoDistractors
image_25.png,2,True,333.4863726836426,106.0345373531254,20,#FF0000,Quadrant 1,1,1,0,26.0,#FF0000,0.0,214.5198342100061,0,NoDistractors,image_25.png_NoDistractors
