filename,shape_type,target,center_x,center_y,size,color,quadrant,row,column,num_distractors,num_images,distractor_color,color_bin_index,rotation_angle,bin_group
image_0.png,2,True,200.49520035632318,95.373659020255,20,#00FF00,Quadrant 1,1,1,1,149,#00FF00,0,9.003871880160098,
image_0.png,5,False,477.2459468343859,348.24387659243155,20,#00FF00,Quadrant 4,2,2,1,,#00FF00,0,265.1296370990445,1
image_1.png,2,True,32.8982661629489,46.41680066768195,20,#00FF00,Quadrant 1,1,1,1,149,#00FF00,0,212.57730448165427,
image_1.png,5,False,425.7909043154364,223.1506337907957,20,#00FF00,Quadrant 4,2,2,1,,#00FF00,0,83.75792162066625,1
image_2.png,2,True,320.50503288957515,116.15608771119051,20,#00FF00,Quadrant 1,1,1,30,149,#00FF00,0,151.02713554619714,
image_2.png,5,False,533.8182759524096,71.35122159046446,20,#00FF00,Quadrant 2,1,2,30,,#00FF00,0,312.94811548545624,4
image_2.png,5,False,202.45335441176124,92.38860207666856,20,#00FF00,Quadrant 1,1,1,30,,#00FF00,0,152.1411833352609,4
image_2.png,5,False,81.42288052217576,154.61251964091352,20,#00FF00,Quadrant 1,1,1,30,,#00FF00,0,274.8578864423486,4
image_2.png,5,False,247.9854927880111,110.98888780992094,20,#00FF00,Quadrant 1,1,1,30,,#00FF00,0,129.2325769744662,4
image_2.png,5,False,327.5437420938995,58.184289558513136,20,#00FF00,Quadrant 1,1,1,30,,#00FF00,0,15.642159452314988,4
image_2.png,5,False,65.29333647605768,121.82139037188112,20,#00FF00,Quadrant 1,1,1,30,,#00FF00,0,332.0263339301376,4
image_2.png,5,False,621.0762543284599,147.69803989111713,20,#00FF00,Quadrant 2,1,2,30,,#00FF00,0,226.31032781799962,4
image_2.png,5,False,58.923497539557495,260.95753441859443,20,#00FF00,Quadrant 3,2,1,30,,#00FF00,0,69.22389249239757,4
image_2.png,5,False,689.8176277352621,334.31009854372553,20,#00FF00,Quadrant 4,2,2,30,,#00FF00,0,278.3046026839291,4
image_2.png,5,False,272.90696905198547,182.38909429526862,20,#00FF00,Quadrant 1,1,1,30,,#00FF00,0,311.93412003189707,4
image_2.png,5,False,123.06867294054243,145.29232468600313,20,#00FF00,Quadrant 1,1,1,30,,#00FF00,0,300.2797535906701,4
image_2.png,5,False,494.5541959729419,269.38101757286023,20,#00FF00,Quadrant 4,2,2,30,,#00FF00,0,241.26306277596962,4
image_2.png,5,False,448.50004056777453,212.90487351722962,20,#00FF00,Quadrant 4,2,2,30,,#00FF00,0,25.704903448277395,4
image_2.png,5,False,485.14358936055277,94.01453576076167,20,#00FF00,Quadrant 2,1,2,30,,#00FF00,0,333.1408246636384,4
image_2.png,5,False,540.3680549611445,32.14454417362933,20,#00FF00,Quadrant 2,1,2,30,,#00FF00,0,116.74178438951587,4
image_2.png,5,False,565.6765567313666,162.64028949444034,20,#00FF00,Quadrant 2,1,2,30,,#00FF00,0,295.848933842451,4
image_2.png,5,False,640.1507895638405,225.39405945887384,20,#00FF00,Quadrant 4,2,2,30,,#00FF00,0,23.827897876157003,4
image_2.png,5,False,157.49968885330287,199.70941608808081,20,#00FF00,Quadrant 1,1,1,30,,#00FF00,0,258.44913745883133,4
image_2.png,5,False,453.9249385680923,65.00546118709968,20,#00FF00,Quadrant 2,1,2,30,,#00FF00,0,318.4859353992129,4
image_2.png,5,False,524.297408661117,214.73341549423577,20,#00FF00,Quadrant 4,2,2,30,,#00FF00,0,50.26691502918227,4
image_2.png,5,False,306.1909070059654,231.57544562945805,20,#00FF00,Quadrant 3,2,1,30,,#00FF00,0,268.9249721948128,4
image_2.png,5,False,698.1574610345319,63.28939956874352,20,#00FF00,Quadrant 2,1,2,30,,#00FF00,0,130.31871973689994,4
image_2.png,5,False,531.7339065407454,336.49689985399965,20,#00FF00,Quadrant 4,2,2,30,,#00FF00,0,177.66570056026717,4
image_2.png,5,False,121.22759918676822,268.2218987016116,20,#00FF00,Quadrant 3,2,1,30,,#00FF00,0,55.02287496537398,4
image_2.png,5,False,276.1046777437305,236.24582592050643,20,#00FF00,Quadrant 3,2,1,30,,#00FF00,0,214.70725106351057,4
image_2.png,5,False,184.22432866746928,220.11938876937867,20,#00FF00,Quadrant 3,2,1,30,,#00FF00,0,168.4979596024838,4
image_2.png,5,False,479.7152696667413,54.30055884783355,20,#00FF00,Quadrant 2,1,2,30,,#00FF00,0,339.2751100967315,4
image_2.png,5,False,528.354803918619,301.5303209445146,20,#00FF00,Quadrant 4,2,2,30,,#00FF00,0,318.5238420464792,4
image_2.png,5,False,441.83183336726165,329.15101360919255,20,#00FF00,Quadrant 4,2,2,30,,#00FF00,0,38.30789620717379,4
image_2.png,5,False,148.04974911590105,152.33943627945393,20,#00FF00,Quadrant 1,1,1,30,,#00FF00,0,182.7586375119483,4
image_3.png,2,True,547.4736437764547,211.47368808977708,20,#00FF00,Quadrant 4,2,2,2,149,#00FF00,0,194.17645084306525,
image_3.png,5,False,234.34352327621977,18.36220862184461,20,#00FF00,Quadrant 1,1,1,2,,#00FF00,0,0.2058826060596619,1
image_3.png,5,False,616.439373820174,325.3695700985258,20,#00FF00,Quadrant 4,2,2,2,,#00FF00,0,334.47550185526217,1
image_4.png,2,True,176.9605271961436,225.46092471440798,20,#00FF00,Quadrant 3,2,1,5,149,#00FF00,0,86.20283172170117,
image_4.png,5,False,515.2843328479485,319.4567897927935,20,#00FF00,Quadrant 4,2,2,5,,#00FF00,0,28.352537384891793,2
image_4.png,5,False,378.0345508058363,58.53747335472682,20,#00FF00,Quadrant 2,1,2,5,,#00FF00,0,352.0744177238403,2
image_4.png,5,False,663.3787403167387,73.41799049222026,20,#00FF00,Quadrant 2,1,2,5,,#00FF00,0,237.51029618905227,2
image_4.png,5,False,428.94320914553134,375.52917847081807,20,#00FF00,Quadrant 4,2,2,5,,#00FF00,0,189.96256347057144,2
image_4.png,5,False,531.37772048207,271.7699649336569,20,#00FF00,Quadrant 4,2,2,5,,#00FF00,0,334.40885748078364,2
image_5.png,2,True,473.79231519077706,152.15294995607306,20,#00FF00,Quadrant 2,1,2,5,149,#00FF00,0,143.6372279990745,
image_5.png,5,False,322.0739514184884,104.708321965751,20,#00FF00,Quadrant 1,1,1,5,,#00FF00,0,323.8610704714604,2
image_5.png,5,False,25.492605144863568,220.38233547645336,20,#00FF00,Quadrant 3,2,1,5,,#00FF00,0,23.04932267748417,2
image_5.png,5,False,15.95448806072945,278.56387779531565,20,#00FF00,Quadrant 3,2,1,5,,#00FF00,0,211.83844118772637,2
image_5.png,5,False,57.438826068001866,22.874098144040858,20,#00FF00,Quadrant 1,1,1,5,,#00FF00,0,21.194556075476424,2
image_5.png,5,False,365.2535665481179,116.26440577859876,20,#00FF00,Quadrant 2,1,2,5,,#00FF00,0,118.95425606897953,2
image_6.png,2,True,102.16286377154222,364.6243829394936,20,#00FF00,Quadrant 3,2,1,20,149,#00FF00,0,77.1252506533579,
image_6.png,5,False,336.6703371288262,307.5861423819048,20,#00FF00,Quadrant 3,2,1,20,,#00FF00,0,205.5755135971024,4
image_6.png,5,False,142.19243099533375,47.639847778495216,20,#00FF00,Quadrant 1,1,1,20,,#00FF00,0,290.6989191959916,4
image_6.png,5,False,302.8456712607254,187.53532451786313,20,#00FF00,Quadrant 1,1,1,20,,#00FF00,0,155.1784256662959,4
image_6.png,5,False,474.94817308508476,383.0144498963352,20,#00FF00,Quadrant 4,2,2,20,,#00FF00,0,262.46730580554623,4
image_6.png,5,False,288.4060633684632,139.25638483929606,20,#00FF00,Quadrant 1,1,1,20,,#00FF00,0,35.430433614705194,4
image_6.png,5,False,182.3242140710768,82.89896739062675,20,#00FF00,Quadrant 1,1,1,20,,#00FF00,0,310.20211308700476,4
image_6.png,5,False,301.6764498459045,116.2900646841035,20,#00FF00,Quadrant 1,1,1,20,,#00FF00,0,161.50087721992747,4
image_6.png,5,False,647.1299979011728,178.50342163020673,20,#00FF00,Quadrant 2,1,2,20,,#00FF00,0,89.93032123755617,4
image_6.png,5,False,390.1741402779453,30.122388560405106,20,#00FF00,Quadrant 2,1,2,20,,#00FF00,0,310.085677714259,4
image_6.png,5,False,587.0230061200868,377.280585253636,20,#00FF00,Quadrant 4,2,2,20,,#00FF00,0,359.7416886285816,4
image_6.png,5,False,595.7513610114564,73.8655998082795,20,#00FF00,Quadrant 2,1,2,20,,#00FF00,0,333.49211388292593,4
image_6.png,5,False,158.27188914823617,162.5932305836931,20,#00FF00,Quadrant 1,1,1,20,,#00FF00,0,174.83080516225866,4
image_6.png,5,False,272.1124789750952,383.4467429487364,20,#00FF00,Quadrant 3,2,1,20,,#00FF00,0,21.10874398998441,4
image_6.png,5,False,551.2246447425644,182.99316285419616,20,#00FF00,Quadrant 2,1,2,20,,#00FF00,0,95.4731009419747,4
image_6.png,5,False,670.5918545523149,387.26977662824584,20,#00FF00,Quadrant 4,2,2,20,,#00FF00,0,152.28269495645864,4
image_6.png,5,False,505.9833016791686,69.51319995359624,20,#00FF00,Quadrant 2,1,2,20,,#00FF00,0,200.07659642602255,4
image_6.png,5,False,678.4407524637504,229.93014992854484,20,#00FF00,Quadrant 4,2,2,20,,#00FF00,0,106.81481717804311,4
image_6.png,5,False,526.3551611011752,32.608473159028605,20,#00FF00,Quadrant 2,1,2,20,,#00FF00,0,195.19027249473874,4
image_6.png,5,False,357.46391383154486,333.3281191942519,20,#00FF00,Quadrant 4,2,2,20,,#00FF00,0,210.30393400522965,4
image_6.png,5,False,672.9766643560963,41.28213386094184,20,#00FF00,Quadrant 2,1,2,20,,#00FF00,0,56.675782058213976,4
image_7.png,2,True,57.82503486589674,336.76765834470893,20,#00FF00,Quadrant 3,2,1,2,149,#00FF00,0,24.667679773365244,
image_7.png,5,False,659.7597316608426,226.3373050322339,20,#00FF00,Quadrant 4,2,2,2,,#00FF00,0,145.3591984745799,1
image_7.png,5,False,38.382005317165365,41.98972727706293,20,#00FF00,Quadrant 1,1,1,2,,#00FF00,0,208.4108607025958,1
image_8.png,2,True,228.978823877965,109.56943293817321,20,#00FF00,Quadrant 1,1,1,50,149,#00FF00,0,203.48169258387222,
image_8.png,5,False,455.7500435091405,183.83088843163085,20,#00FF00,Quadrant 2,1,2,50,,#00FF00,0,47.11618156588432,5
image_8.png,5,False,655.7209240494833,14.52124270224514,20,#00FF00,Quadrant 2,1,2,50,,#00FF00,0,334.4465994139851,5
image_8.png,5,False,398.90262184523385,48.792912093494444,20,#00FF00,Quadrant 2,1,2,50,,#00FF00,0,223.6173319775134,5
image_8.png,5,False,359.55455419959935,61.06858359852464,20,#00FF00,Quadrant 2,1,2,50,,#00FF00,0,193.54838547658585,5
image_8.png,5,False,58.39721538735327,103.33950944007366,20,#00FF00,Quadrant 1,1,1,50,,#00FF00,0,125.64318058722543,5
image_8.png,5,False,312.9091708023121,216.33638973487982,20,#00FF00,Quadrant 3,2,1,50,,#00FF00,0,102.59546083799643,5
image_8.png,5,False,688.8749307632713,316.0837785542238,20,#00FF00,Quadrant 4,2,2,50,,#00FF00,0,108.90617147240036,5
image_8.png,5,False,471.1577473579701,220.6396627810982,20,#00FF00,Quadrant 4,2,2,50,,#00FF00,0,190.41864933681723,5
image_8.png,5,False,82.37109982164773,342.9319927600178,20,#00FF00,Quadrant 3,2,1,50,,#00FF00,0,335.4321741969879,5
image_8.png,5,False,624.0120551269335,291.6335065448175,20,#00FF00,Quadrant 4,2,2,50,,#00FF00,0,95.20773173536595,5
image_8.png,5,False,205.13007103448916,90.61800951702448,20,#00FF00,Quadrant 1,1,1,50,,#00FF00,0,55.961247518996565,5
image_8.png,5,False,484.6855217441167,333.4010442181372,20,#00FF00,Quadrant 4,2,2,50,,#00FF00,0,123.43690360557311,5
image_8.png,5,False,184.02254267615703,354.28411947062017,20,#00FF00,Quadrant 3,2,1,50,,#00FF00,0,181.9472609152754,5
image_8.png,5,False,448.0219841960348,324.4935777826989,20,#00FF00,Quadrant 4,2,2,50,,#00FF00,0,18.287601718511034,5
image_8.png,5,False,240.82045509890574,60.44983174524345,20,#00FF00,Quadrant 1,1,1,50,,#00FF00,0,15.871234247658009,5
image_8.png,5,False,122.32998165270756,178.01382348340152,20,#00FF00,Quadrant 1,1,1,50,,#00FF00,0,352.72726337838094,5
image_8.png,5,False,487.11252076779886,67.34251991088038,20,#00FF00,Quadrant 2,1,2,50,,#00FF00,0,340.21833805679006,5
image_8.png,5,False,265.3898133289001,219.8544865696091,20,#00FF00,Quadrant 3,2,1,50,,#00FF00,0,12.970129701899019,5
image_8.png,5,False,39.82008327834305,148.83827279370277,20,#00FF00,Quadrant 1,1,1,50,,#00FF00,0,154.72321663707783,5
image_8.png,5,False,680.8432265968925,26.080263926040466,20,#00FF00,Quadrant 2,1,2,50,,#00FF00,0,335.9116837874355,5
image_8.png,5,False,480.9439482459872,263.10082922023525,20,#00FF00,Quadrant 4,2,2,50,,#00FF00,0,128.8113236101534,5
image_8.png,5,False,396.75974469012624,341.6414094985325,20,#00FF00,Quadrant 4,2,2,50,,#00FF00,0,127.3243084612626,5
image_8.png,5,False,527.3900740778986,360.93872493129237,20,#00FF00,Quadrant 4,2,2,50,,#00FF00,0,350.58132814942405,5
image_8.png,5,False,122.96371753220221,313.35729730480693,20,#00FF00,Quadrant 3,2,1,50,,#00FF00,0,85.22543960256912,5
image_8.png,5,False,295.07084873376635,78.79833077208225,20,#00FF00,Quadrant 1,1,1,50,,#00FF00,0,63.738853315337245,5
image_8.png,5,False,550.0642958457182,166.62757695648727,20,#00FF00,Quadrant 2,1,2,50,,#00FF00,0,332.81542628695644,5
image_8.png,5,False,517.4546442524065,104.80721714237748,20,#00FF00,Quadrant 2,1,2,50,,#00FF00,0,241.16656654375083,5
image_8.png,5,False,494.1806716283998,155.60077114164116,20,#00FF00,Quadrant 2,1,2,50,,#00FF00,0,57.31122347306325,5
image_8.png,5,False,335.30542452824733,86.43852974973422,20,#00FF00,Quadrant 1,1,1,50,,#00FF00,0,13.94085875968312,5
image_8.png,5,False,251.91465444323796,321.16275200725045,20,#00FF00,Quadrant 3,2,1,50,,#00FF00,0,330.6426844426182,5
image_8.png,5,False,164.59432402480238,260.4925430789817,20,#00FF00,Quadrant 3,2,1,50,,#00FF00,0,313.67629291068295,5
image_8.png,5,False,202.9575090448497,37.24104526254594,20,#00FF00,Quadrant 1,1,1,50,,#00FF00,0,143.44775228332205,5
image_8.png,5,False,592.2825414944637,136.17465018504586,20,#00FF00,Quadrant 2,1,2,50,,#00FF00,0,244.62652260969492,5
image_8.png,5,False,615.2794655755611,109.73934423549944,20,#00FF00,Quadrant 2,1,2,50,,#00FF00,0,9.936192643068921,5
image_8.png,5,False,689.1385001791305,54.71410636308691,20,#00FF00,Quadrant 2,1,2,50,,#00FF00,0,157.10179819341886,5
image_8.png,5,False,141.96427563208198,27.77810974360135,20,#00FF00,Quadrant 1,1,1,50,,#00FF00,0,323.82170384803186,5
image_8.png,5,False,369.2251201623774,315.8611087466393,20,#00FF00,Quadrant 4,2,2,50,,#00FF00,0,156.98070556379002,5
image_8.png,5,False,658.8412899539143,289.60024813933353,20,#00FF00,Quadrant 4,2,2,50,,#00FF00,0,247.2685728892296,5
image_8.png,5,False,308.163908341616,369.6745556971568,20,#00FF00,Quadrant 3,2,1,50,,#00FF00,0,70.93264647662437,5
image_8.png,5,False,440.3540774530759,261.76046602837573,20,#00FF00,Quadrant 4,2,2,50,,#00FF00,0,331.47750823849447,5
image_8.png,5,False,631.132269381896,202.69230652533173,20,#00FF00,Quadrant 4,2,2,50,,#00FF00,0,44.865113639172385,5
image_8.png,5,False,235.7400214467485,274.5447805654828,20,#00FF00,Quadrant 3,2,1,50,,#00FF00,0,240.08144547806268,5
image_8.png,5,False,526.4647119494753,76.78233573335882,20,#00FF00,Quadrant 2,1,2,50,,#00FF00,0,136.49229976411505,5
image_8.png,5,False,290.7857912743742,326.1481139969337,20,#00FF00,Quadrant 3,2,1,50,,#00FF00,0,204.87789175169135,5
image_8.png,5,False,155.81586988414028,308.0168367865253,20,#00FF00,Quadrant 3,2,1,50,,#00FF00,0,109.39498173660736,5
image_8.png,5,False,233.02971928847478,177.9951143647462,20,#00FF00,Quadrant 1,1,1,50,,#00FF00,0,218.39816537271454,5
image_8.png,5,False,518.0774362528127,260.0455816094034,20,#00FF00,Quadrant 4,2,2,50,,#00FF00,0,345.539521325893,5
image_8.png,5,False,666.9277674297555,99.78033024308654,20,#00FF00,Quadrant 2,1,2,50,,#00FF00,0,33.619392027202565,5
image_8.png,5,False,566.7218343630472,66.69979772890207,20,#00FF00,Quadrant 2,1,2,50,,#00FF00,0,111.7510071461695,5
image_8.png,5,False,688.9319196966957,242.0615618169371,20,#00FF00,Quadrant 4,2,2,50,,#00FF00,0,16.636938513393034,5
image_9.png,2,True,621.5483303361262,228.60359997672225,20,#00FF00,Quadrant 4,2,2,1,149,#00FF00,0,163.94982061683208,
image_9.png,5,False,275.5611640336057,162.06878216733125,20,#00FF00,Quadrant 1,1,1,1,,#00FF00,0,258.6045295796359,1
image_10.png,2,True,14.820379697103881,294.86457216178275,20,#00FF00,Quadrant 3,2,1,2,149,#00FF00,0,236.18088400024226,
image_10.png,5,False,84.43864733227832,171.7052613103535,20,#00FF00,Quadrant 1,1,1,2,,#00FF00,0,277.216627886649,1
image_10.png,5,False,671.0386031306028,206.78802966773404,20,#00FF00,Quadrant 4,2,2,2,,#00FF00,0,63.319205414351394,1
image_11.png,2,True,643.1368399597983,56.87355049358731,20,#00FF00,Quadrant 2,1,2,0,149,#00FF00,0,200.66608585202232,
image_12.png,2,True,470.9610577519973,384.42334725911735,20,#00FF00,Quadrant 4,2,2,2,149,#00FF00,0,288.5099766200152,
image_12.png,5,False,665.5772902173344,347.95899995634517,20,#00FF00,Quadrant 4,2,2,2,,#00FF00,0,214.36283464899108,1
image_12.png,5,False,506.5797593191413,201.80614630362393,20,#00FF00,Quadrant 4,2,2,2,,#00FF00,0,220.5548361942346,1
image_13.png,2,True,120.65979829712651,336.6450758980731,20,#00FF00,Quadrant 3,2,1,30,149,#00FF00,0,160.52890034761216,
image_13.png,5,False,528.9742058988525,328.46817160424604,20,#00FF00,Quadrant 4,2,2,30,,#00FF00,0,162.02511260888693,4
image_13.png,5,False,546.8179615451065,194.17767245256084,20,#00FF00,Quadrant 2,1,2,30,,#00FF00,0,99.83208712706659,4
image_13.png,5,False,314.07221675951797,280.7199580669793,20,#00FF00,Quadrant 3,2,1,30,,#00FF00,0,86.12851097326784,4
image_13.png,5,False,242.39895273208532,348.5641427947398,20,#00FF00,Quadrant 3,2,1,30,,#00FF00,0,84.41768808526872,4
image_13.png,5,False,114.92232337101666,155.78734053904583,20,#00FF00,Quadrant 1,1,1,30,,#00FF00,0,29.007956756760642,4
image_13.png,5,False,158.41353232602535,167.82006464952647,20,#00FF00,Quadrant 1,1,1,30,,#00FF00,0,55.009895967773275,4
image_13.png,5,False,332.0218450089428,34.53643860059525,20,#00FF00,Quadrant 1,1,1,30,,#00FF00,0,119.11730077371008,4
image_13.png,5,False,279.3495239275225,301.9828019349427,20,#00FF00,Quadrant 3,2,1,30,,#00FF00,0,299.84082096257555,4
image_13.png,5,False,24.457518192293985,343.8882223024573,20,#00FF00,Quadrant 3,2,1,30,,#00FF00,0,340.5823320924362,4
image_13.png,5,False,339.6390357320189,367.3563465100886,20,#00FF00,Quadrant 3,2,1,30,,#00FF00,0,207.2485248516289,4
image_13.png,5,False,279.7008005159023,348.0405028640975,20,#00FF00,Quadrant 3,2,1,30,,#00FF00,0,107.50055485405804,4
image_13.png,5,False,381.8339710834495,288.69167496590325,20,#00FF00,Quadrant 4,2,2,30,,#00FF00,0,300.86232148742425,4
image_13.png,5,False,629.5920183580455,195.5507425139947,20,#00FF00,Quadrant 2,1,2,30,,#00FF00,0,287.9525415388564,4
image_13.png,5,False,345.60733372716675,157.9880228270364,20,#00FF00,Quadrant 1,1,1,30,,#00FF00,0,98.25671223477237,4
image_13.png,5,False,560.9200615255102,284.74056074311517,20,#00FF00,Quadrant 4,2,2,30,,#00FF00,0,240.79450342425017,4
image_13.png,5,False,644.5641766409244,381.712907502153,20,#00FF00,Quadrant 4,2,2,30,,#00FF00,0,302.5820387025211,4
image_13.png,5,False,635.8739863222834,234.7354691873503,20,#00FF00,Quadrant 4,2,2,30,,#00FF00,0,192.28450663170156,4
image_13.png,5,False,68.83980142961815,173.01562693189385,20,#00FF00,Quadrant 1,1,1,30,,#00FF00,0,238.67991246101806,4
image_13.png,5,False,136.21129926775475,109.33908666149718,20,#00FF00,Quadrant 1,1,1,30,,#00FF00,0,312.06648801424683,4
image_13.png,5,False,202.71880817513733,370.55515730729235,20,#00FF00,Quadrant 3,2,1,30,,#00FF00,0,316.67039496068236,4
image_13.png,5,False,586.2536203744515,188.77598408853174,20,#00FF00,Quadrant 2,1,2,30,,#00FF00,0,151.76333763314594,4
image_13.png,5,False,46.886984079603025,370.82564372036614,20,#00FF00,Quadrant 3,2,1,30,,#00FF00,0,269.64873398982627,4
image_13.png,5,False,32.37966922881065,104.47308881102751,20,#00FF00,Quadrant 1,1,1,30,,#00FF00,0,14.492929514675964,4
image_13.png,5,False,439.10026738786274,101.16998803400641,20,#00FF00,Quadrant 2,1,2,30,,#00FF00,0,302.1223846624553,4
image_13.png,5,False,89.81432836931222,369.2521543978944,20,#00FF00,Quadrant 3,2,1,30,,#00FF00,0,170.4819819406061,4
image_13.png,5,False,187.55190693134656,150.44237589407186,20,#00FF00,Quadrant 1,1,1,30,,#00FF00,0,167.41223403667945,4
image_13.png,5,False,675.0132386857329,282.5390324092911,20,#00FF00,Quadrant 4,2,2,30,,#00FF00,0,218.12136932171208,4
image_13.png,5,False,418.95542640114815,324.9560775689604,20,#00FF00,Quadrant 4,2,2,30,,#00FF00,0,71.3987197530175,4
image_13.png,5,False,491.3659787195871,124.99825511433812,20,#00FF00,Quadrant 2,1,2,30,,#00FF00,0,87.42577699336756,4
image_13.png,5,False,566.0087669522087,311.9738878748801,20,#00FF00,Quadrant 4,2,2,30,,#00FF00,0,246.33325409999622,4
image_14.png,2,True,250.22339429752134,172.9268890027334,20,#00FF00,Quadrant 1,1,1,50,149,#00FF00,0,281.74872468996705,
image_14.png,5,False,359.6069840875067,139.98538409756503,20,#00FF00,Quadrant 2,1,2,50,,#00FF00,0,133.40551543850023,5
image_14.png,5,False,577.58600256405,50.89369310343147,20,#00FF00,Quadrant 2,1,2,50,,#00FF00,0,305.84722571984787,5
image_14.png,5,False,448.91813810389624,324.2513635589292,20,#00FF00,Quadrant 4,2,2,50,,#00FF00,0,345.8835241972483,5
image_14.png,5,False,311.05064291028947,288.37462491706214,20,#00FF00,Quadrant 3,2,1,50,,#00FF00,0,254.6311117341877,5
image_14.png,5,False,197.0867711109192,316.49930470895373,20,#00FF00,Quadrant 3,2,1,50,,#00FF00,0,347.57054324570794,5
image_14.png,5,False,344.1297801755221,175.64715835547204,20,#00FF00,Quadrant 1,1,1,50,,#00FF00,0,193.74224632137208,5
image_14.png,5,False,70.71073676035965,344.2565875530478,20,#00FF00,Quadrant 3,2,1,50,,#00FF00,0,299.06316680061724,5
image_14.png,5,False,331.1841334896267,241.7053841991368,20,#00FF00,Quadrant 3,2,1,50,,#00FF00,0,87.79083810874415,5
image_14.png,5,False,30.77429846359172,332.66017212610956,20,#00FF00,Quadrant 3,2,1,50,,#00FF00,0,136.43614948617505,5
image_14.png,5,False,157.15057677384016,312.58063088102045,20,#00FF00,Quadrant 3,2,1,50,,#00FF00,0,65.46234857676905,5
image_14.png,5,False,617.5404660534173,276.0474576255722,20,#00FF00,Quadrant 4,2,2,50,,#00FF00,0,122.52198353914211,5
image_14.png,5,False,17.99411784824853,369.36765439971776,20,#00FF00,Quadrant 3,2,1,50,,#00FF00,0,99.45668727222656,5
image_14.png,5,False,507.13144356778986,195.6824261088416,20,#00FF00,Quadrant 2,1,2,50,,#00FF00,0,30.820666304887652,5
image_14.png,5,False,486.82983487865437,255.15129610207995,20,#00FF00,Quadrant 4,2,2,50,,#00FF00,0,272.9392752536879,5
image_14.png,5,False,487.64134999839405,126.74587938917341,20,#00FF00,Quadrant 2,1,2,50,,#00FF00,0,79.77470417011085,5
image_14.png,5,False,337.07647675531257,211.68848997310022,20,#00FF00,Quadrant 3,2,1,50,,#00FF00,0,209.3600107196522,5
image_14.png,5,False,524.949515895677,136.0391103400616,20,#00FF00,Quadrant 2,1,2,50,,#00FF00,0,153.18137257387733,5
image_14.png,5,False,197.66141818659926,106.03058960395589,20,#00FF00,Quadrant 1,1,1,50,,#00FF00,0,253.0277791868768,5
image_14.png,5,False,143.6905781880955,56.19169219440997,20,#00FF00,Quadrant 1,1,1,50,,#00FF00,0,43.4361185108301,5
image_14.png,5,False,536.148640934547,80.98664044143622,20,#00FF00,Quadrant 2,1,2,50,,#00FF00,0,192.91102753814994,5
image_14.png,5,False,344.6128265895563,284.8931304131735,20,#00FF00,Quadrant 3,2,1,50,,#00FF00,0,77.89847035629805,5
image_14.png,5,False,372.4748028158308,117.973509837933,20,#00FF00,Quadrant 2,1,2,50,,#00FF00,0,351.57852823790046,5
image_14.png,5,False,144.7470113047496,96.98863579640567,20,#00FF00,Quadrant 1,1,1,50,,#00FF00,0,36.18939891268467,5
image_14.png,5,False,20.74822503942798,212.90306374317672,20,#00FF00,Quadrant 3,2,1,50,,#00FF00,0,64.5989557267452,5
image_14.png,5,False,682.2892075297864,220.16968944987394,20,#00FF00,Quadrant 4,2,2,50,,#00FF00,0,98.75207764197623,5
image_14.png,5,False,98.00657064834374,339.2783325653928,20,#00FF00,Quadrant 3,2,1,50,,#00FF00,0,251.07026144767,5
image_14.png,5,False,612.3038974139904,227.99627501875358,20,#00FF00,Quadrant 4,2,2,50,,#00FF00,0,176.71633002856038,5
image_14.png,5,False,314.48300191571104,80.68946740745089,20,#00FF00,Quadrant 1,1,1,50,,#00FF00,0,168.98290017498368,5
image_14.png,5,False,659.3928181732232,191.58163278642994,20,#00FF00,Quadrant 2,1,2,50,,#00FF00,0,18.49561818608802,5
image_14.png,5,False,287.0874277115865,39.00306035663184,20,#00FF00,Quadrant 1,1,1,50,,#00FF00,0,295.96163230779496,5
image_14.png,5,False,47.93665218755534,67.39668693104164,20,#00FF00,Quadrant 1,1,1,50,,#00FF00,0,226.6004545027194,5
image_14.png,5,False,220.34266765929488,386.7010503844632,20,#00FF00,Quadrant 3,2,1,50,,#00FF00,0,202.6222549504431,5
image_14.png,5,False,537.7015338297479,240.18807216983993,20,#00FF00,Quadrant 4,2,2,50,,#00FF00,0,42.642562396126166,5
image_14.png,5,False,166.49843743780886,208.53241827922236,20,#00FF00,Quadrant 3,2,1,50,,#00FF00,0,284.666698743631,5
image_14.png,5,False,316.0347717693172,336.1429996822961,20,#00FF00,Quadrant 3,2,1,50,,#00FF00,0,162.18520735995153,5
image_14.png,5,False,221.40698833603932,245.74832736527213,20,#00FF00,Quadrant 3,2,1,50,,#00FF00,0,356.41125376804723,5
image_14.png,5,False,520.9215314788514,369.1890957229929,20,#00FF00,Quadrant 4,2,2,50,,#00FF00,0,219.4671284082469,5
image_14.png,5,False,156.39635956541576,260.64183585858984,20,#00FF00,Quadrant 3,2,1,50,,#00FF00,0,74.80364609647847,5
image_14.png,5,False,457.22032442430924,354.3795262903651,20,#00FF00,Quadrant 4,2,2,50,,#00FF00,0,196.0424563358083,5
image_14.png,5,False,96.67967048237396,271.3202806781714,20,#00FF00,Quadrant 3,2,1,50,,#00FF00,0,103.89981179010303,5
image_14.png,5,False,66.42443595861837,26.067376421405733,20,#00FF00,Quadrant 1,1,1,50,,#00FF00,0,177.76627896423034,5
image_14.png,5,False,233.07957093386867,105.63906711173748,20,#00FF00,Quadrant 1,1,1,50,,#00FF00,0,155.53031909787813,5
image_14.png,5,False,673.7567494108645,326.99235605653655,20,#00FF00,Quadrant 4,2,2,50,,#00FF00,0,32.877679187154676,5
image_14.png,5,False,666.0917454085768,388.8383735796766,20,#00FF00,Quadrant 4,2,2,50,,#00FF00,0,207.07167931917496,5
image_14.png,5,False,196.69309689130014,26.207572448664912,20,#00FF00,Quadrant 1,1,1,50,,#00FF00,0,242.02137034916612,5
image_14.png,5,False,136.04602243673378,232.25459835502895,20,#00FF00,Quadrant 3,2,1,50,,#00FF00,0,329.7862036536363,5
image_14.png,5,False,349.7990777096082,45.48962957906667,20,#00FF00,Quadrant 1,1,1,50,,#00FF00,0,228.52249900347127,5
image_14.png,5,False,238.23472420590716,273.2086487657375,20,#00FF00,Quadrant 3,2,1,50,,#00FF00,0,308.78391398412697,5
image_14.png,5,False,324.37505102659156,129.88748541032348,20,#00FF00,Quadrant 1,1,1,50,,#00FF00,0,198.03477922984186,5
image_14.png,5,False,679.4572767711096,163.77817154628184,20,#00FF00,Quadrant 2,1,2,50,,#00FF00,0,116.37856305935809,5
image_15.png,2,True,11.79308547174932,339.6209090732066,20,#00FF00,Quadrant 3,2,1,30,149,#00FF00,0,296.97379317673233,
image_15.png,5,False,48.34661482456601,206.9700903501555,20,#00FF00,Quadrant 3,2,1,30,,#00FF00,0,166.31148419357186,4
image_15.png,5,False,354.46174754132795,178.09148126301483,20,#00FF00,Quadrant 1,1,1,30,,#00FF00,0,224.14819413661607,4
image_15.png,5,False,195.00174817005046,60.52300054326879,20,#00FF00,Quadrant 1,1,1,30,,#00FF00,0,18.580239067084825,4
image_15.png,5,False,617.903319359528,194.22105924709928,20,#00FF00,Quadrant 2,1,2,30,,#00FF00,0,103.6904921957984,4
image_15.png,5,False,445.0853488557977,313.1405911777499,20,#00FF00,Quadrant 4,2,2,30,,#00FF00,0,10.392999278998762,4
image_15.png,5,False,225.10684535300788,16.16894756817094,20,#00FF00,Quadrant 1,1,1,30,,#00FF00,0,255.5218170360933,4
image_15.png,5,False,165.81875436503563,329.05134765123944,20,#00FF00,Quadrant 3,2,1,30,,#00FF00,0,146.8766474243649,4
image_15.png,5,False,663.5248514855964,255.83426236026077,20,#00FF00,Quadrant 4,2,2,30,,#00FF00,0,40.846002445528185,4
image_15.png,5,False,653.5979582945979,121.32366977895511,20,#00FF00,Quadrant 2,1,2,30,,#00FF00,0,55.4296047941981,4
image_15.png,5,False,297.27284628245826,193.38484009006967,20,#00FF00,Quadrant 1,1,1,30,,#00FF00,0,253.94818677330733,4
image_15.png,5,False,325.72587971256405,65.6746640875601,20,#00FF00,Quadrant 1,1,1,30,,#00FF00,0,169.9991214852268,4
image_15.png,5,False,59.09914484869284,303.07120015190793,20,#00FF00,Quadrant 3,2,1,30,,#00FF00,0,49.14300405271125,4
image_15.png,5,False,245.1740425057496,308.7571793789032,20,#00FF00,Quadrant 3,2,1,30,,#00FF00,0,307.5884567899948,4
image_15.png,5,False,12.767463698059698,285.44727142791527,20,#00FF00,Quadrant 3,2,1,30,,#00FF00,0,96.18215870408572,4
image_15.png,5,False,410.56721149566545,260.4576046547595,20,#00FF00,Quadrant 4,2,2,30,,#00FF00,0,301.4913321383117,4
image_15.png,5,False,536.6192748801657,153.5854004928489,20,#00FF00,Quadrant 2,1,2,30,,#00FF00,0,119.67838405586977,4
image_15.png,5,False,610.1555597482732,381.73281064372065,20,#00FF00,Quadrant 4,2,2,30,,#00FF00,0,335.82681205749395,4
image_15.png,5,False,274.86691491249593,334.572904923229,20,#00FF00,Quadrant 3,2,1,30,,#00FF00,0,85.96999589984976,4
image_15.png,5,False,230.2234894640881,189.78502259087662,20,#00FF00,Quadrant 1,1,1,30,,#00FF00,0,147.87903439784813,4
image_15.png,5,False,273.6682602465768,384.620492733079,20,#00FF00,Quadrant 3,2,1,30,,#00FF00,0,328.8348604150653,4
image_15.png,5,False,460.24109196501746,68.49581103946436,20,#00FF00,Quadrant 2,1,2,30,,#00FF00,0,285.26171785197494,4
image_15.png,5,False,97.98367989866881,375.9036570868507,20,#00FF00,Quadrant 3,2,1,30,,#00FF00,0,347.3367978135277,4
image_15.png,5,False,80.15121089158325,330.4249019357245,20,#00FF00,Quadrant 3,2,1,30,,#00FF00,0,119.51809341529096,4
image_15.png,5,False,638.2943159328657,16.80139201196852,20,#00FF00,Quadrant 2,1,2,30,,#00FF00,0,35.89621118711223,4
image_15.png,5,False,549.4709256871141,111.17861066740856,20,#00FF00,Quadrant 2,1,2,30,,#00FF00,0,26.938169367735174,4
image_15.png,5,False,284.8660101572979,41.359191179031725,20,#00FF00,Quadrant 1,1,1,30,,#00FF00,0,224.3733841879193,4
image_15.png,5,False,475.63231416111256,212.7092340860035,20,#00FF00,Quadrant 4,2,2,30,,#00FF00,0,118.28361203404424,4
image_15.png,5,False,442.86463433650357,346.4518221397242,20,#00FF00,Quadrant 4,2,2,30,,#00FF00,0,343.4902533441634,4
image_15.png,5,False,383.7600327486878,244.39967648582933,20,#00FF00,Quadrant 4,2,2,30,,#00FF00,0,175.66109474046442,4
image_15.png,5,False,482.5513067656766,119.62926352789249,20,#00FF00,Quadrant 2,1,2,30,,#00FF00,0,84.51728751672776,4
image_16.png,2,True,310.0063441550336,48.211501772848834,20,#00FF00,Quadrant 1,1,1,3,149,#00FF00,0,268.8358920256537,
image_16.png,5,False,612.2070912662855,178.71049252812477,20,#00FF00,Quadrant 2,1,2,3,,#00FF00,0,228.14921836108485,1
image_16.png,5,False,633.4591787527849,28.38458615998642,20,#00FF00,Quadrant 2,1,2,3,,#00FF00,0,249.84041860556442,1
image_16.png,5,False,213.13039764002886,152.689931935069,20,#00FF00,Quadrant 1,1,1,3,,#00FF00,0,286.61164745839625,1
image_17.png,2,True,294.90365504417144,268.72054037133125,20,#00FF00,Quadrant 3,2,1,2,149,#00FF00,0,87.91107558622862,
image_17.png,5,False,131.62278563834124,241.3878954438669,20,#00FF00,Quadrant 3,2,1,2,,#00FF00,0,64.820479014472,1
image_17.png,5,False,481.67972559430984,199.1182213950855,20,#00FF00,Quadrant 2,1,2,2,,#00FF00,0,137.7159475020746,1
image_18.png,2,True,328.7322903015933,107.00343429831898,20,#00FF00,Quadrant 1,1,1,50,149,#00FF00,0,51.522379246263476,
image_18.png,5,False,17.474830272406148,315.1513030966053,20,#00FF00,Quadrant 3,2,1,50,,#00FF00,0,91.91761493729545,5
image_18.png,5,False,477.87390024666576,70.71478514313546,20,#00FF00,Quadrant 2,1,2,50,,#00FF00,0,324.4353924955979,5
image_18.png,5,False,249.0947152412833,233.1021045377873,20,#00FF00,Quadrant 3,2,1,50,,#00FF00,0,159.0227220973732,5
image_18.png,5,False,303.3488585995585,105.53712882611107,20,#00FF00,Quadrant 1,1,1,50,,#00FF00,0,230.01793284960436,5
image_18.png,5,False,148.26051238602682,156.4140481096566,20,#00FF00,Quadrant 1,1,1,50,,#00FF00,0,304.3094130513355,5
image_18.png,5,False,174.43472862809892,227.1867777085793,20,#00FF00,Quadrant 3,2,1,50,,#00FF00,0,173.9549019813178,5
image_18.png,5,False,694.9648180589325,122.59722496787582,20,#00FF00,Quadrant 2,1,2,50,,#00FF00,0,206.9322948643122,5
image_18.png,5,False,464.520343174861,114.75358370737008,20,#00FF00,Quadrant 2,1,2,50,,#00FF00,0,352.06001444767054,5
image_18.png,5,False,483.5158504937343,292.4848219604929,20,#00FF00,Quadrant 4,2,2,50,,#00FF00,0,203.73444610405164,5
image_18.png,5,False,428.81407372969096,198.762914306023,20,#00FF00,Quadrant 2,1,2,50,,#00FF00,0,17.65593027935998,5
image_18.png,5,False,208.187770355385,312.9691251738723,20,#00FF00,Quadrant 3,2,1,50,,#00FF00,0,325.4959047217411,5
image_18.png,5,False,588.6142735871739,248.47778319364755,20,#00FF00,Quadrant 4,2,2,50,,#00FF00,0,237.30535451403134,5
image_18.png,5,False,410.3263518988295,287.83199228103206,20,#00FF00,Quadrant 4,2,2,50,,#00FF00,0,158.69634845861216,5
image_18.png,5,False,102.05810064753386,214.89613289611117,20,#00FF00,Quadrant 3,2,1,50,,#00FF00,0,63.23042535995039,5
image_18.png,5,False,376.7572854812189,356.29807635408145,20,#00FF00,Quadrant 4,2,2,50,,#00FF00,0,349.73624923608236,5
image_18.png,5,False,566.6705722239051,293.199434571043,20,#00FF00,Quadrant 4,2,2,50,,#00FF00,0,173.46521875454684,5
image_18.png,5,False,90.35192843288424,374.97366470443575,20,#00FF00,Quadrant 3,2,1,50,,#00FF00,0,121.93749136867906,5
image_18.png,5,False,676.9186443198362,336.13314562775463,20,#00FF00,Quadrant 4,2,2,50,,#00FF00,0,50.67252540211776,5
image_18.png,5,False,686.1802052767315,376.62796447941224,20,#00FF00,Quadrant 4,2,2,50,,#00FF00,0,260.71801634718656,5
image_18.png,5,False,263.0190090404352,309.87778412661834,20,#00FF00,Quadrant 3,2,1,50,,#00FF00,0,289.6515518474023,5
image_18.png,5,False,380.69832039738174,182.90911848340463,20,#00FF00,Quadrant 2,1,2,50,,#00FF00,0,5.010715836324424,5
image_18.png,5,False,474.24280937484804,231.96371464451877,20,#00FF00,Quadrant 4,2,2,50,,#00FF00,0,242.2182174745513,5
image_18.png,5,False,658.8611134361129,51.9548266313092,20,#00FF00,Quadrant 2,1,2,50,,#00FF00,0,296.07022844163873,5
image_18.png,5,False,28.24198360642632,345.2407714912141,20,#00FF00,Quadrant 3,2,1,50,,#00FF00,0,84.17588479616994,5
image_18.png,5,False,641.6113211240369,94.67680162796823,20,#00FF00,Quadrant 2,1,2,50,,#00FF00,0,202.1066576099564,5
image_18.png,5,False,578.6363371080184,354.74852732574317,20,#00FF00,Quadrant 4,2,2,50,,#00FF00,0,22.75813481767036,5
image_18.png,5,False,292.3158446430394,63.83571072772957,20,#00FF00,Quadrant 1,1,1,50,,#00FF00,0,108.78846283053008,5
image_18.png,5,False,220.7071986212876,197.21210597376182,20,#00FF00,Quadrant 1,1,1,50,,#00FF00,0,340.65415183750065,5
image_18.png,5,False,622.3216635761381,62.28101041099521,20,#00FF00,Quadrant 2,1,2,50,,#00FF00,0,34.989119503855775,5
image_18.png,5,False,299.77833310274406,291.57768758128935,20,#00FF00,Quadrant 3,2,1,50,,#00FF00,0,340.55067088059553,5
image_18.png,5,False,292.1918452457157,370.6751365940405,20,#00FF00,Quadrant 3,2,1,50,,#00FF00,0,176.16493360426122,5
image_18.png,5,False,266.295141568026,178.5988065309452,20,#00FF00,Quadrant 1,1,1,50,,#00FF00,0,11.777863267816887,5
image_18.png,5,False,386.13697856119785,380.62447613287367,20,#00FF00,Quadrant 4,2,2,50,,#00FF00,0,246.84489557326273,5
image_18.png,5,False,595.2948668514763,182.8831653196555,20,#00FF00,Quadrant 2,1,2,50,,#00FF00,0,43.97749887141495,5
image_18.png,5,False,553.1014728232309,103.06904312800093,20,#00FF00,Quadrant 2,1,2,50,,#00FF00,0,7.6886837050934265,5
image_18.png,5,False,399.99422540058674,36.93463776760653,20,#00FF00,Quadrant 2,1,2,50,,#00FF00,0,45.33259871089544,5
image_18.png,5,False,153.73142816884769,92.62961102525907,20,#00FF00,Quadrant 1,1,1,50,,#00FF00,0,275.4566553198904,5
image_18.png,5,False,237.37753231480676,66.77548001786573,20,#00FF00,Quadrant 1,1,1,50,,#00FF00,0,313.0903536370361,5
image_18.png,5,False,100.56457856452795,105.74728636323081,20,#00FF00,Quadrant 1,1,1,50,,#00FF00,0,52.08767291538288,5
image_18.png,5,False,466.4687157495513,20.74489661918298,20,#00FF00,Quadrant 2,1,2,50,,#00FF00,0,62.81896352450165,5
image_18.png,5,False,131.05563276885607,30.806828751524723,20,#00FF00,Quadrant 1,1,1,50,,#00FF00,0,116.55772630632808,5
image_18.png,5,False,373.47292782593047,292.86147396285037,20,#00FF00,Quadrant 4,2,2,50,,#00FF00,0,267.01850050349384,5
image_18.png,5,False,547.0537400874857,205.00394797627445,20,#00FF00,Quadrant 4,2,2,50,,#00FF00,0,171.4485475523701,5
image_18.png,5,False,550.6434002304816,338.7187831332189,20,#00FF00,Quadrant 4,2,2,50,,#00FF00,0,15.611413283701815,5
image_18.png,5,False,326.5912977253029,375.40189722012684,20,#00FF00,Quadrant 3,2,1,50,,#00FF00,0,187.72243729671027,5
image_18.png,5,False,341.0185366778723,162.81132220574787,20,#00FF00,Quadrant 1,1,1,50,,#00FF00,0,21.897146698022098,5
image_18.png,5,False,348.7952405053712,354.86691340555666,20,#00FF00,Quadrant 3,2,1,50,,#00FF00,0,246.99509858240376,5
image_18.png,5,False,66.66463893603563,240.9364261334403,20,#00FF00,Quadrant 3,2,1,50,,#00FF00,0,26.45665767592218,5
image_18.png,5,False,200.48602369542976,250.30300178578383,20,#00FF00,Quadrant 3,2,1,50,,#00FF00,0,23.64560399524101,5
image_18.png,5,False,235.05277044656222,386.9692917154291,20,#00FF00,Quadrant 3,2,1,50,,#00FF00,0,197.4083162574098,5
image_19.png,2,True,359.32469032063375,173.6153451613296,20,#00FF00,Quadrant 2,1,2,30,149,#00FF00,0,106.16318854196034,
image_19.png,5,False,89.83129590432486,258.48149794374774,20,#00FF00,Quadrant 3,2,1,30,,#00FF00,0,285.5145935165926,4
image_19.png,5,False,390.8699723605714,338.156095335474,20,#00FF00,Quadrant 4,2,2,30,,#00FF00,0,315.97423670311707,4
image_19.png,5,False,622.8947141500716,167.42152990487327,20,#00FF00,Quadrant 2,1,2,30,,#00FF00,0,154.8251789998991,4
image_19.png,5,False,285.7250969530408,286.79352788584265,20,#00FF00,Quadrant 3,2,1,30,,#00FF00,0,297.8709209208161,4
image_19.png,5,False,226.3287405167469,107.34834307049054,20,#00FF00,Quadrant 1,1,1,30,,#00FF00,0,112.51740599896787,4
image_19.png,5,False,484.2196934367469,190.2732607526808,20,#00FF00,Quadrant 2,1,2,30,,#00FF00,0,343.293306342885,4
image_19.png,5,False,69.81604220148577,174.24932401255782,20,#00FF00,Quadrant 1,1,1,30,,#00FF00,0,32.84092381177751,4
image_19.png,5,False,267.75368610999755,60.18364145091279,20,#00FF00,Quadrant 1,1,1,30,,#00FF00,0,268.05202890907645,4
image_19.png,5,False,670.1143658305185,223.3163182333572,20,#00FF00,Quadrant 4,2,2,30,,#00FF00,0,21.59315206950476,4
image_19.png,5,False,294.047148083367,341.22358670457237,20,#00FF00,Quadrant 3,2,1,30,,#00FF00,0,241.2047753036265,4
image_19.png,5,False,360.60724486095484,69.48800647442282,20,#00FF00,Quadrant 2,1,2,30,,#00FF00,0,37.29620373286802,4
image_19.png,5,False,594.7723703649823,143.34308981561026,20,#00FF00,Quadrant 2,1,2,30,,#00FF00,0,173.5881826335799,4
image_19.png,5,False,90.15598102238233,116.2987843231097,20,#00FF00,Quadrant 1,1,1,30,,#00FF00,0,200.25557139755767,4
image_19.png,5,False,306.65845109754724,223.0450352607564,20,#00FF00,Quadrant 3,2,1,30,,#00FF00,0,81.41727395802508,4
image_19.png,5,False,439.36770196819293,266.14119686886875,20,#00FF00,Quadrant 4,2,2,30,,#00FF00,0,276.27571146662285,4
image_19.png,5,False,30.94874175121387,114.29620693340998,20,#00FF00,Quadrant 1,1,1,30,,#00FF00,0,249.6496276280372,4
image_19.png,5,False,645.9393519918559,143.6868530385791,20,#00FF00,Quadrant 2,1,2,30,,#00FF00,0,274.4674264731592,4
image_19.png,5,False,521.5276817325913,378.3443004905312,20,#00FF00,Quadrant 4,2,2,30,,#00FF00,0,25.05075164940112,4
image_19.png,5,False,119.4549910572661,128.7989257481938,20,#00FF00,Quadrant 1,1,1,30,,#00FF00,0,163.31248464228625,4
image_19.png,5,False,118.19455344569248,296.1767623092445,20,#00FF00,Quadrant 3,2,1,30,,#00FF00,0,318.0031864266036,4
image_19.png,5,False,429.27536912685963,167.56145291966993,20,#00FF00,Quadrant 2,1,2,30,,#00FF00,0,152.64531832067826,4
image_19.png,5,False,364.0066046969612,141.47533937176578,20,#00FF00,Quadrant 2,1,2,30,,#00FF00,0,77.60482752158886,4
image_19.png,5,False,478.2921282312052,235.2047466482757,20,#00FF00,Quadrant 4,2,2,30,,#00FF00,0,39.920317992335,4
image_19.png,5,False,48.7447694189578,88.27194100571062,20,#00FF00,Quadrant 1,1,1,30,,#00FF00,0,354.400436995603,4
image_19.png,5,False,539.7038243156283,299.85281859775165,20,#00FF00,Quadrant 4,2,2,30,,#00FF00,0,340.3166714015918,4
image_19.png,5,False,93.66921281312334,199.01165421583755,20,#00FF00,Quadrant 1,1,1,30,,#00FF00,0,104.20096723827753,4
image_19.png,5,False,395.9605381278771,263.5222089197015,20,#00FF00,Quadrant 4,2,2,30,,#00FF00,0,82.83985778759748,4
image_19.png,5,False,327.7706784954735,40.432067289036375,20,#00FF00,Quadrant 1,1,1,30,,#00FF00,0,157.03905438443238,4
image_19.png,5,False,306.77687326127574,163.87185034297858,20,#00FF00,Quadrant 1,1,1,30,,#00FF00,0,112.701827043841,4
image_19.png,5,False,210.47597664858736,164.1022120705528,20,#00FF00,Quadrant 1,1,1,30,,#00FF00,0,230.45100085712838,4
image_20.png,2,True,663.906259126129,184.9166289158597,20,#00FF00,Quadrant 2,1,2,10,149,#00FF00,0,61.87434500810484,
image_20.png,5,False,260.3165042603126,176.07705267679012,20,#00FF00,Quadrant 1,1,1,10,,#00FF00,0,248.25961478886836,3
image_20.png,5,False,311.1811270619356,162.37003056748094,20,#00FF00,Quadrant 1,1,1,10,,#00FF00,0,38.11072802241094,3
image_20.png,5,False,610.7913227586387,292.91422440361987,20,#00FF00,Quadrant 4,2,2,10,,#00FF00,0,28.31295149382955,3
image_20.png,5,False,547.8122114676493,39.871404684801995,20,#00FF00,Quadrant 2,1,2,10,,#00FF00,0,79.76594120193049,3
image_20.png,5,False,376.58672151235464,84.29560096888834,20,#00FF00,Quadrant 2,1,2,10,,#00FF00,0,227.96088010854712,3
image_20.png,5,False,252.90771738562137,373.2084259209228,20,#00FF00,Quadrant 3,2,1,10,,#00FF00,0,279.4421625567607,3
image_20.png,5,False,112.75829700223532,49.86011149999435,20,#00FF00,Quadrant 1,1,1,10,,#00FF00,0,232.35947142104297,3
image_20.png,5,False,62.91840549598394,370.58842913908194,20,#00FF00,Quadrant 3,2,1,10,,#00FF00,0,273.2948568164054,3
image_20.png,5,False,330.66366420547047,224.09201268280717,20,#00FF00,Quadrant 3,2,1,10,,#00FF00,0,226.06155796261226,3
image_20.png,5,False,480.30096655892044,344.4142031921289,20,#00FF00,Quadrant 4,2,2,10,,#00FF00,0,208.60851229433632,3
image_21.png,2,True,680.0004412394225,130.5005021174393,20,#00FF00,Quadrant 2,1,2,50,149,#00FF00,0,116.35496699160986,
image_21.png,5,False,334.0866265496712,249.6635753696123,20,#00FF00,Quadrant 3,2,1,50,,#00FF00,0,158.31461388307105,5
image_21.png,5,False,418.4882124565735,144.03416015038894,20,#00FF00,Quadrant 2,1,2,50,,#00FF00,0,286.67868449451413,5
image_21.png,5,False,329.1405731616069,25.215538825872805,20,#00FF00,Quadrant 1,1,1,50,,#00FF00,0,26.708636222383568,5
image_21.png,5,False,208.79607546230895,254.68392549966654,20,#00FF00,Quadrant 3,2,1,50,,#00FF00,0,132.7455358163326,5
image_21.png,5,False,73.21429126516563,235.56217144185032,20,#00FF00,Quadrant 3,2,1,50,,#00FF00,0,351.8526717119337,5
image_21.png,5,False,410.8469617063103,371.6994982012147,20,#00FF00,Quadrant 4,2,2,50,,#00FF00,0,138.4136915696874,5
image_21.png,5,False,39.26464984466517,354.62088358484516,20,#00FF00,Quadrant 3,2,1,50,,#00FF00,0,266.01157637324656,5
image_21.png,5,False,140.69699143269608,239.6922052784843,20,#00FF00,Quadrant 3,2,1,50,,#00FF00,0,205.7964071233681,5
image_21.png,5,False,670.870705259077,181.2977352077045,20,#00FF00,Quadrant 2,1,2,50,,#00FF00,0,180.49222867421796,5
image_21.png,5,False,587.9528758125649,382.3417496533042,20,#00FF00,Quadrant 4,2,2,50,,#00FF00,0,291.9480520761435,5
image_21.png,5,False,456.18156579802246,25.795723703854698,20,#00FF00,Quadrant 2,1,2,50,,#00FF00,0,30.35848752884298,5
image_21.png,5,False,693.7893696037055,209.09791309832596,20,#00FF00,Quadrant 4,2,2,50,,#00FF00,0,254.7438135563804,5
image_21.png,5,False,261.7256942234561,357.9801062862111,20,#00FF00,Quadrant 3,2,1,50,,#00FF00,0,219.5299462761628,5
image_21.png,5,False,544.6062393273037,267.62333837152164,20,#00FF00,Quadrant 4,2,2,50,,#00FF00,0,139.46996142832174,5
image_21.png,5,False,445.6808497905239,137.4974532642564,20,#00FF00,Quadrant 2,1,2,50,,#00FF00,0,18.851586312962255,5
image_21.png,5,False,395.4366533562792,157.1212693855729,20,#00FF00,Quadrant 2,1,2,50,,#00FF00,0,118.68867184238238,5
image_21.png,5,False,114.60722246532468,41.80775125530013,20,#00FF00,Quadrant 1,1,1,50,,#00FF00,0,216.97229291782287,5
image_21.png,5,False,642.6383075343558,128.26759679458496,20,#00FF00,Quadrant 2,1,2,50,,#00FF00,0,238.90035816218116,5
image_21.png,5,False,467.21112312420496,59.74372682664975,20,#00FF00,Quadrant 2,1,2,50,,#00FF00,0,236.17969849297987,5
image_21.png,5,False,237.3203458807194,59.30604282993076,20,#00FF00,Quadrant 1,1,1,50,,#00FF00,0,231.65757481007503,5
image_21.png,5,False,663.5578422249536,387.9280347010989,20,#00FF00,Quadrant 4,2,2,50,,#00FF00,0,253.01911397595126,5
image_21.png,5,False,75.38909293048899,264.432383150217,20,#00FF00,Quadrant 3,2,1,50,,#00FF00,0,328.4812747649968,5
image_21.png,5,False,23.560840538366044,127.75137448414698,20,#00FF00,Quadrant 1,1,1,50,,#00FF00,0,183.05585511221074,5
image_21.png,5,False,246.45358579563668,300.6070464984358,20,#00FF00,Quadrant 3,2,1,50,,#00FF00,0,342.4209528946084,5
image_21.png,5,False,699.9838919399866,69.569275372985,20,#00FF00,Quadrant 2,1,2,50,,#00FF00,0,69.12188411917906,5
image_21.png,5,False,554.0147996595947,202.90671140991628,20,#00FF00,Quadrant 4,2,2,50,,#00FF00,0,106.48515659566384,5
image_21.png,5,False,519.9257180680112,210.02895596823507,20,#00FF00,Quadrant 4,2,2,50,,#00FF00,0,194.31747302892157,5
image_21.png,5,False,614.8346202819491,244.61589395654602,20,#00FF00,Quadrant 4,2,2,50,,#00FF00,0,238.29452545371035,5
image_21.png,5,False,117.28015255025274,79.35977558976732,20,#00FF00,Quadrant 1,1,1,50,,#00FF00,0,215.00871878578627,5
image_21.png,5,False,441.44619068824585,352.2039614660576,20,#00FF00,Quadrant 4,2,2,50,,#00FF00,0,249.4244307100416,5
image_21.png,5,False,679.0465477485426,241.80506956355836,20,#00FF00,Quadrant 4,2,2,50,,#00FF00,0,259.05084256463397,5
image_21.png,5,False,551.0384476506066,99.45311295879044,20,#00FF00,Quadrant 2,1,2,50,,#00FF00,0,270.86081944013495,5
image_21.png,5,False,676.2960830266911,307.4919505662314,20,#00FF00,Quadrant 4,2,2,50,,#00FF00,0,86.10065900838701,5
image_21.png,5,False,144.67714541735063,267.3999798746049,20,#00FF00,Quadrant 3,2,1,50,,#00FF00,0,325.43076172948497,5
image_21.png,5,False,314.57161101771516,301.84777264676774,20,#00FF00,Quadrant 3,2,1,50,,#00FF00,0,205.35098161100092,5
image_21.png,5,False,357.5027104349419,169.25379250384393,20,#00FF00,Quadrant 2,1,2,50,,#00FF00,0,280.12465340997335,5
image_21.png,5,False,46.95188444683215,192.66326776456984,20,#00FF00,Quadrant 1,1,1,50,,#00FF00,0,314.280691221365,5
image_21.png,5,False,654.7282587042773,279.9095693509823,20,#00FF00,Quadrant 4,2,2,50,,#00FF00,0,133.63635837759574,5
image_21.png,5,False,320.58094283756594,205.04733493698976,20,#00FF00,Quadrant 3,2,1,50,,#00FF00,0,57.71244032833626,5
image_21.png,5,False,74.19064949511534,355.1708725089607,20,#00FF00,Quadrant 3,2,1,50,,#00FF00,0,299.1768187097469,5
image_21.png,5,False,620.5099140917072,362.7183884537319,20,#00FF00,Quadrant 4,2,2,50,,#00FF00,0,294.0131721079802,5
image_21.png,5,False,284.1567822090007,152.35744234266957,20,#00FF00,Quadrant 1,1,1,50,,#00FF00,0,149.36288609484194,5
image_21.png,5,False,67.2261462384077,95.87565075348982,20,#00FF00,Quadrant 1,1,1,50,,#00FF00,0,139.0198024960542,5
image_21.png,5,False,336.5214488699555,325.15976368236267,20,#00FF00,Quadrant 3,2,1,50,,#00FF00,0,330.2626217805905,5
image_21.png,5,False,24.093676703658595,92.51749340903797,20,#00FF00,Quadrant 1,1,1,50,,#00FF00,0,326.1086960771775,5
image_21.png,5,False,175.28481788381782,252.5237547613223,20,#00FF00,Quadrant 3,2,1,50,,#00FF00,0,43.86540425710231,5
image_21.png,5,False,54.27412704662297,327.26795838881674,20,#00FF00,Quadrant 3,2,1,50,,#00FF00,0,224.21180460274888,5
image_21.png,5,False,380.3410573923882,249.87896808096784,20,#00FF00,Quadrant 4,2,2,50,,#00FF00,0,179.93852000553946,5
image_21.png,5,False,506.077041848931,121.10081137904747,20,#00FF00,Quadrant 2,1,2,50,,#00FF00,0,207.01708471102808,5
image_21.png,5,False,254.0902513023373,226.7108846564781,20,#00FF00,Quadrant 3,2,1,50,,#00FF00,0,0.5631609360236389,5
image_22.png,2,True,69.98801498622336,379.4193975799398,20,#00FF00,Quadrant 3,2,1,2,149,#00FF00,0,239.17366862712328,
image_22.png,5,False,373.4549578269755,202.76986930715933,20,#00FF00,Quadrant 4,2,2,2,,#00FF00,0,24.364556247184574,1
image_22.png,5,False,392.8106952161367,158.59151090770422,20,#00FF00,Quadrant 2,1,2,2,,#00FF00,0,355.7993348147283,1
image_23.png,2,True,277.5612305323493,152.1083023241147,20,#00FF00,Quadrant 1,1,1,20,149,#00FF00,0,15.672393060039589,
image_23.png,5,False,257.03768091865095,36.53751282643779,20,#00FF00,Quadrant 1,1,1,20,,#00FF00,0,269.0339729625523,4
image_23.png,5,False,463.74493160746283,50.18494191488262,20,#00FF00,Quadrant 2,1,2,20,,#00FF00,0,86.80533277883207,4
image_23.png,5,False,532.3517803185084,61.4288249668396,20,#00FF00,Quadrant 2,1,2,20,,#00FF00,0,209.48519576093042,4
image_23.png,5,False,244.25906088581382,253.97674292462833,20,#00FF00,Quadrant 3,2,1,20,,#00FF00,0,126.82765660110822,4
image_23.png,5,False,482.74628825578964,381.749652228185,20,#00FF00,Quadrant 4,2,2,20,,#00FF00,0,298.938116434897,4
image_23.png,5,False,136.58954090715866,61.97427569219471,20,#00FF00,Quadrant 1,1,1,20,,#00FF00,0,172.27122178245264,4
image_23.png,5,False,661.143948840657,24.97987269551522,20,#00FF00,Quadrant 2,1,2,20,,#00FF00,0,257.77622073463004,4
image_23.png,5,False,556.0742479148113,345.82876576364373,20,#00FF00,Quadrant 4,2,2,20,,#00FF00,0,72.57275742121233,4
image_23.png,5,False,224.64228334351847,161.52869304931446,20,#00FF00,Quadrant 1,1,1,20,,#00FF00,0,113.61449521790111,4
image_23.png,5,False,337.1724399293451,24.842651640951356,20,#00FF00,Quadrant 1,1,1,20,,#00FF00,0,293.54618903615363,4
image_23.png,5,False,208.13040703501704,336.88836451737666,20,#00FF00,Quadrant 3,2,1,20,,#00FF00,0,232.8841795682701,4
image_23.png,5,False,462.79891224724133,114.27587711104417,20,#00FF00,Quadrant 2,1,2,20,,#00FF00,0,17.209452328736894,4
image_23.png,5,False,312.0595029730812,162.20823081560664,20,#00FF00,Quadrant 1,1,1,20,,#00FF00,0,287.7632681465663,4
image_23.png,5,False,670.0138365805018,139.15584553828472,20,#00FF00,Quadrant 2,1,2,20,,#00FF00,0,158.3051881348304,4
image_23.png,5,False,487.83519037659175,149.8571383907598,20,#00FF00,Quadrant 2,1,2,20,,#00FF00,0,67.25419833237795,4
image_23.png,5,False,194.77055940770381,42.22714950767708,20,#00FF00,Quadrant 1,1,1,20,,#00FF00,0,287.0247169355996,4
image_23.png,5,False,307.6883277303749,387.1471063110605,20,#00FF00,Quadrant 3,2,1,20,,#00FF00,0,152.819878074629,4
image_23.png,5,False,125.81824795341451,178.79736805621351,20,#00FF00,Quadrant 1,1,1,20,,#00FF00,0,258.35864807219644,4
image_23.png,5,False,511.7751186449499,355.5875332598941,20,#00FF00,Quadrant 4,2,2,20,,#00FF00,0,160.96667748129258,4
image_23.png,5,False,310.6740073201704,252.71939936615757,20,#00FF00,Quadrant 3,2,1,20,,#00FF00,0,221.34653359155516,4
image_24.png,2,True,450.2461386015925,148.3316073860713,20,#00FF00,Quadrant 2,1,2,0,149,#00FF00,0,27.014819395737337,
image_25.png,2,True,109.37505370179677,240.66255745528332,20,#00FF00,Quadrant 3,2,1,2,149,#00FF00,0,343.0041826606588,
image_25.png,5,False,34.97648743519545,36.41421123747713,20,#00FF00,Quadrant 1,1,1,2,,#00FF00,0,281.27230910764797,1
image_25.png,5,False,263.4003179708253,155.71896383835798,20,#00FF00,Quadrant 1,1,1,2,,#00FF00,0,280.2655344624715,1
image_26.png,2,True,116.71889457757588,181.07073097419212,20,#00FF00,Quadrant 1,1,1,50,149,#00FF00,0,11.658716632680113,
image_26.png,5,False,316.87417024199067,40.06269209789059,20,#00FF00,Quadrant 1,1,1,50,,#00FF00,0,133.5472227180363,5
image_26.png,5,False,263.8285146224905,129.83769681702523,20,#00FF00,Quadrant 1,1,1,50,,#00FF00,0,49.570238818269644,5
image_26.png,5,False,672.7983160105802,20.795242846646133,20,#00FF00,Quadrant 2,1,2,50,,#00FF00,0,100.32831586793209,5
image_26.png,5,False,367.7264939295821,356.3190671973845,20,#00FF00,Quadrant 4,2,2,50,,#00FF00,0,66.97729781013597,5
image_26.png,5,False,544.9505291531954,277.12629263618015,20,#00FF00,Quadrant 4,2,2,50,,#00FF00,0,42.39395837664307,5
image_26.png,5,False,432.5833789241497,273.32468231342006,20,#00FF00,Quadrant 4,2,2,50,,#00FF00,0,77.24535315253911,5
image_26.png,5,False,148.92287694288183,62.3053419021393,20,#00FF00,Quadrant 1,1,1,50,,#00FF00,0,359.50638366365484,5
image_26.png,5,False,129.96023478500427,280.6538200695219,20,#00FF00,Quadrant 3,2,1,50,,#00FF00,0,26.658734103555727,5
image_26.png,5,False,569.4436074484083,376.73814734523756,20,#00FF00,Quadrant 4,2,2,50,,#00FF00,0,359.014465448295,5
image_26.png,5,False,471.1416156468989,279.2063040178043,20,#00FF00,Quadrant 4,2,2,50,,#00FF00,0,355.166877471295,5
image_26.png,5,False,211.05961283391358,124.38362437348705,20,#00FF00,Quadrant 1,1,1,50,,#00FF00,0,197.9989730952806,5
image_26.png,5,False,499.8894521439563,275.68287875541006,20,#00FF00,Quadrant 4,2,2,50,,#00FF00,0,56.70188975521383,5
image_26.png,5,False,260.06811417291095,95.76333056297157,20,#00FF00,Quadrant 1,1,1,50,,#00FF00,0,62.672763509532025,5
image_26.png,5,False,556.733249118076,100.48627766043704,20,#00FF00,Quadrant 2,1,2,50,,#00FF00,0,354.64771682286954,5
image_26.png,5,False,259.65770534217927,227.32085989004685,20,#00FF00,Quadrant 3,2,1,50,,#00FF00,0,177.84789748089202,5
image_26.png,5,False,688.2952388158793,60.05352483180522,20,#00FF00,Quadrant 2,1,2,50,,#00FF00,0,168.26610214500292,5
image_26.png,5,False,56.30044452921523,161.5044727314034,20,#00FF00,Quadrant 1,1,1,50,,#00FF00,0,318.3287208604632,5
image_26.png,5,False,340.80026073160997,166.28055561143307,20,#00FF00,Quadrant 1,1,1,50,,#00FF00,0,258.09609546358195,5
image_26.png,5,False,407.1064503402578,58.37352369397534,20,#00FF00,Quadrant 2,1,2,50,,#00FF00,0,147.3960698872967,5
image_26.png,5,False,62.099698618295974,187.08494945676026,20,#00FF00,Quadrant 1,1,1,50,,#00FF00,0,114.12996136577347,5
image_26.png,5,False,99.42254680331453,324.3823092351808,20,#00FF00,Quadrant 3,2,1,50,,#00FF00,0,186.24960425514965,5
image_26.png,5,False,415.98454738685933,301.22145892119426,20,#00FF00,Quadrant 4,2,2,50,,#00FF00,0,198.46923969928778,5
image_26.png,5,False,367.97236958464725,125.95907718122284,20,#00FF00,Quadrant 2,1,2,50,,#00FF00,0,299.3006903283149,5
image_26.png,5,False,655.0343694443243,96.22776762244642,20,#00FF00,Quadrant 2,1,2,50,,#00FF00,0,58.30810544012388,5
image_26.png,5,False,146.25202252383772,372.50091502232885,20,#00FF00,Quadrant 3,2,1,50,,#00FF00,0,28.389565722777753,5
image_26.png,5,False,441.6404070380788,243.25388920049886,20,#00FF00,Quadrant 4,2,2,50,,#00FF00,0,98.80237195686477,5
image_26.png,5,False,128.95722928544092,247.05313284992565,20,#00FF00,Quadrant 3,2,1,50,,#00FF00,0,209.03274041049136,5
image_26.png,5,False,243.61989517139767,360.24543616956186,20,#00FF00,Quadrant 3,2,1,50,,#00FF00,0,324.7203217286617,5
image_26.png,5,False,606.1452410262028,41.70223914969382,20,#00FF00,Quadrant 2,1,2,50,,#00FF00,0,14.829949267842277,5
image_26.png,5,False,405.20253248533817,244.64498515083395,20,#00FF00,Quadrant 4,2,2,50,,#00FF00,0,75.89101669270723,5
image_26.png,5,False,623.5188513183296,217.22828878086716,20,#00FF00,Quadrant 4,2,2,50,,#00FF00,0,10.902923489315057,5
image_26.png,5,False,290.7977509270008,182.43968225705473,20,#00FF00,Quadrant 1,1,1,50,,#00FF00,0,290.64575319436716,5
image_26.png,5,False,245.3926795943746,65.30676525947587,20,#00FF00,Quadrant 1,1,1,50,,#00FF00,0,167.1991767991206,5
image_26.png,5,False,231.00899453359563,384.4728336585599,20,#00FF00,Quadrant 3,2,1,50,,#00FF00,0,310.13462765969814,5
image_26.png,5,False,285.71574234290324,298.5313680325761,20,#00FF00,Quadrant 3,2,1,50,,#00FF00,0,124.33340185235949,5
image_26.png,5,False,84.16073025666803,102.37691143398456,20,#00FF00,Quadrant 1,1,1,50,,#00FF00,0,185.39284826959997,5
image_26.png,5,False,320.771652265013,64.25174603309337,20,#00FF00,Quadrant 1,1,1,50,,#00FF00,0,44.107887270225596,5
image_26.png,5,False,662.3701910725179,337.65393543699884,20,#00FF00,Quadrant 4,2,2,50,,#00FF00,0,18.217905048104498,5
image_26.png,5,False,654.35480778684,283.58654609476207,20,#00FF00,Quadrant 4,2,2,50,,#00FF00,0,292.85202471820185,5
image_26.png,5,False,120.78692179400439,387.47643739406755,20,#00FF00,Quadrant 3,2,1,50,,#00FF00,0,68.34027644040951,5
image_26.png,5,False,412.9240931581312,29.392774247409942,20,#00FF00,Quadrant 2,1,2,50,,#00FF00,0,86.66231064090124,5
image_26.png,5,False,422.69043322601834,329.59716653309977,20,#00FF00,Quadrant 4,2,2,50,,#00FF00,0,101.28828181447021,5
image_26.png,5,False,207.8806348128611,14.09105944805707,20,#00FF00,Quadrant 1,1,1,50,,#00FF00,0,242.10741735556175,5
image_26.png,5,False,288.842055686793,28.101625125258042,20,#00FF00,Quadrant 1,1,1,50,,#00FF00,0,131.67995031914435,5
image_26.png,5,False,398.09182009933517,148.03398730693957,20,#00FF00,Quadrant 2,1,2,50,,#00FF00,0,18.416767457882987,5
image_26.png,5,False,579.6394980734847,246.58531672649593,20,#00FF00,Quadrant 4,2,2,50,,#00FF00,0,197.94855222627103,5
image_26.png,5,False,99.64907618486926,47.54560171734988,20,#00FF00,Quadrant 1,1,1,50,,#00FF00,0,219.97553082385633,5
image_26.png,5,False,690.8967007967068,221.86043486686464,20,#00FF00,Quadrant 4,2,2,50,,#00FF00,0,134.35140107693522,5
image_26.png,5,False,38.73563034246865,25.70947924107125,20,#00FF00,Quadrant 1,1,1,50,,#00FF00,0,144.49935033938323,5
image_26.png,5,False,564.9324742288121,207.30776450590548,20,#00FF00,Quadrant 4,2,2,50,,#00FF00,0,256.8930646769304,5
image_27.png,2,True,366.18344944945795,134.97109040660692,20,#00FF00,Quadrant 2,1,2,2,149,#00FF00,0,218.2537880653695,
image_27.png,5,False,122.96390960921124,385.452748798111,20,#00FF00,Quadrant 3,2,1,2,,#00FF00,0,220.70452358328407,1
image_27.png,5,False,217.1724620020113,138.1491649133344,20,#00FF00,Quadrant 1,1,1,2,,#00FF00,0,266.1549698064975,1
image_28.png,2,True,499.3217266340167,124.32083347074239,20,#00FF00,Quadrant 2,1,2,30,149,#00FF00,0,191.64233875531548,
image_28.png,5,False,264.7985309975153,265.6988163548002,20,#00FF00,Quadrant 3,2,1,30,,#00FF00,0,293.6695799677767,4
image_28.png,5,False,413.1707757338138,312.1733196655956,20,#00FF00,Quadrant 4,2,2,30,,#00FF00,0,352.7632912244983,4
image_28.png,5,False,485.0620756787097,21.072624576328945,20,#00FF00,Quadrant 2,1,2,30,,#00FF00,0,261.1167165186679,4
image_28.png,5,False,677.3117096625431,306.9377087610773,20,#00FF00,Quadrant 4,2,2,30,,#00FF00,0,170.8524770706218,4
image_28.png,5,False,408.99009875042196,283.68924244800394,20,#00FF00,Quadrant 4,2,2,30,,#00FF00,0,279.41832906194594,4
image_28.png,5,False,128.4828105434483,248.77154115294746,20,#00FF00,Quadrant 3,2,1,30,,#00FF00,0,210.0683797371504,4
image_28.png,5,False,590.5641490962441,66.85921773752543,20,#00FF00,Quadrant 2,1,2,30,,#00FF00,0,223.1048899803922,4
image_28.png,5,False,32.752083692706464,369.4215545564659,20,#00FF00,Quadrant 3,2,1,30,,#00FF00,0,245.06168221824439,4
image_28.png,5,False,24.047846212056058,129.57575874253325,20,#00FF00,Quadrant 1,1,1,30,,#00FF00,0,39.56238768013086,4
image_28.png,5,False,486.75467977286405,166.1226607239825,20,#00FF00,Quadrant 2,1,2,30,,#00FF00,0,54.51525292296436,4
image_28.png,5,False,645.2389344791782,340.9250939688571,20,#00FF00,Quadrant 4,2,2,30,,#00FF00,0,278.99002865055274,4
image_28.png,5,False,53.91180606394361,63.195179626809455,20,#00FF00,Quadrant 1,1,1,30,,#00FF00,0,264.9014176567253,4
image_28.png,5,False,234.95912921955173,261.321730292024,20,#00FF00,Quadrant 3,2,1,30,,#00FF00,0,74.6430137896481,4
image_28.png,5,False,227.17554053035602,76.46295621806989,20,#00FF00,Quadrant 1,1,1,30,,#00FF00,0,189.17177450401275,4
image_28.png,5,False,246.863315182792,144.92048170773924,20,#00FF00,Quadrant 1,1,1,30,,#00FF00,0,328.36469793264376,4
image_28.png,5,False,507.7170227545046,254.17083979979645,20,#00FF00,Quadrant 4,2,2,30,,#00FF00,0,277.91632229354667,4
image_28.png,5,False,431.3427636742598,83.67585593367767,20,#00FF00,Quadrant 2,1,2,30,,#00FF00,0,249.59279161073553,4
image_28.png,5,False,395.5217024063015,95.99974036128472,20,#00FF00,Quadrant 2,1,2,30,,#00FF00,0,88.74688878984973,4
image_28.png,5,False,216.05643547578953,120.24356393853242,20,#00FF00,Quadrant 1,1,1,30,,#00FF00,0,350.2478259326048,4
image_28.png,5,False,654.3195582170816,311.6632245688821,20,#00FF00,Quadrant 4,2,2,30,,#00FF00,0,125.56914271247037,4
image_28.png,5,False,94.97125884984068,266.7632089058023,20,#00FF00,Quadrant 3,2,1,30,,#00FF00,0,98.4447132319523,4
image_28.png,5,False,565.3803095960769,120.79110245332964,20,#00FF00,Quadrant 2,1,2,30,,#00FF00,0,343.6591908209261,4
image_28.png,5,False,187.68989910122914,192.09196142023063,20,#00FF00,Quadrant 1,1,1,30,,#00FF00,0,159.25540027134073,4
image_28.png,5,False,382.08018943526173,363.68304697009034,20,#00FF00,Quadrant 4,2,2,30,,#00FF00,0,72.74448259221474,4
image_28.png,5,False,105.58106585783591,243.7259190086781,20,#00FF00,Quadrant 3,2,1,30,,#00FF00,0,250.62166823285617,4
image_28.png,5,False,178.0535884646876,264.1972387295933,20,#00FF00,Quadrant 3,2,1,30,,#00FF00,0,211.25897948549346,4
image_28.png,5,False,450.54381107855136,30.841638385316934,20,#00FF00,Quadrant 2,1,2,30,,#00FF00,0,191.1749363038077,4
image_28.png,5,False,505.2597007564179,49.00597400583751,20,#00FF00,Quadrant 2,1,2,30,,#00FF00,0,148.7884917773731,4
image_28.png,5,False,14.570016574512591,219.0332698646951,20,#00FF00,Quadrant 3,2,1,30,,#00FF00,0,277.4757809153805,4
image_28.png,5,False,291.3592341158027,364.4421332693453,20,#00FF00,Quadrant 3,2,1,30,,#00FF00,0,334.475884861192,4
image_29.png,2,True,148.42516654597756,375.3595067007737,20,#00FF00,Quadrant 3,2,1,20,149,#00FF00,0,171.88146735872272,
image_29.png,5,False,456.02366542639595,354.2001704020653,20,#00FF00,Quadrant 4,2,2,20,,#00FF00,0,115.6203727629,4
image_29.png,5,False,406.5778803378322,213.28756066578256,20,#00FF00,Quadrant 4,2,2,20,,#00FF00,0,32.205859384145874,4
image_29.png,5,False,656.3652026481814,356.20083630320426,20,#00FF00,Quadrant 4,2,2,20,,#00FF00,0,260.3223641672724,4
image_29.png,5,False,618.86678651057,77.44813144969005,20,#00FF00,Quadrant 2,1,2,20,,#00FF00,0,63.02331917314672,4
image_29.png,5,False,698.0513723279834,161.06394907719726,20,#00FF00,Quadrant 2,1,2,20,,#00FF00,0,331.06853226633626,4
image_29.png,5,False,615.0760426954492,14.502989685477718,20,#00FF00,Quadrant 2,1,2,20,,#00FF00,0,333.3742912427195,4
image_29.png,5,False,84.93017594296768,382.5716898042404,20,#00FF00,Quadrant 3,2,1,20,,#00FF00,0,204.46627271921835,4
image_29.png,5,False,692.4895348911303,216.36758278453652,20,#00FF00,Quadrant 4,2,2,20,,#00FF00,0,102.44219484601666,4
image_29.png,5,False,657.6681856994611,332.7005811824827,20,#00FF00,Quadrant 4,2,2,20,,#00FF00,0,177.8084713230549,4
image_29.png,5,False,143.84705341065492,53.580475665618394,20,#00FF00,Quadrant 1,1,1,20,,#00FF00,0,168.48747684226444,4
image_29.png,5,False,327.19207054129686,108.24612472675823,20,#00FF00,Quadrant 1,1,1,20,,#00FF00,0,58.49793451430591,4
image_29.png,5,False,518.5297299941651,309.91017715274666,20,#00FF00,Quadrant 4,2,2,20,,#00FF00,0,67.03166488610438,4
image_29.png,5,False,532.7678149274597,77.33707743093966,20,#00FF00,Quadrant 2,1,2,20,,#00FF00,0,204.40124007153815,4
image_29.png,5,False,629.0624628691588,323.60215395444504,20,#00FF00,Quadrant 4,2,2,20,,#00FF00,0,308.2127415384448,4
image_29.png,5,False,70.76232342551722,263.9787125889627,20,#00FF00,Quadrant 3,2,1,20,,#00FF00,0,185.50103722552652,4
image_29.png,5,False,107.88158231203163,133.3214312921613,20,#00FF00,Quadrant 1,1,1,20,,#00FF00,0,66.5212323770424,4
image_29.png,5,False,190.68105589809082,100.02703355897982,20,#00FF00,Quadrant 1,1,1,20,,#00FF00,0,89.2969501201722,4
image_29.png,5,False,668.3299928092348,125.13552740343036,20,#00FF00,Quadrant 2,1,2,20,,#00FF00,0,271.3523946413245,4
image_29.png,5,False,18.879220859781746,258.0923127525351,20,#00FF00,Quadrant 3,2,1,20,,#00FF00,0,260.2377102243591,4
image_29.png,5,False,53.803664610569385,55.688992469901635,20,#00FF00,Quadrant 1,1,1,20,,#00FF00,0,249.39669255218598,4
image_30.png,2,True,483.7047241049751,359.9340732720102,20,#00FF00,Quadrant 4,2,2,5,149,#00FF00,0,57.49805708192273,
image_30.png,5,False,541.4204816986903,271.92976266431174,20,#00FF00,Quadrant 4,2,2,5,,#00FF00,0,319.6085090434591,2
image_30.png,5,False,659.0979447609253,149.93159537262034,20,#00FF00,Quadrant 2,1,2,5,,#00FF00,0,229.93607707177802,2
image_30.png,5,False,670.6214098932511,191.75275809991464,20,#00FF00,Quadrant 2,1,2,5,,#00FF00,0,79.50572638873975,2
image_30.png,5,False,692.3093557458678,152.23019027106193,20,#00FF00,Quadrant 2,1,2,5,,#00FF00,0,163.7923221974413,2
image_30.png,5,False,639.9170560270588,297.27849780903523,20,#00FF00,Quadrant 4,2,2,5,,#00FF00,0,252.69866166803553,2
image_31.png,2,True,479.7555828244652,236.21786797080225,20,#00FF00,Quadrant 4,2,2,3,149,#00FF00,0,274.2694631895985,
image_31.png,5,False,373.07408613569555,210.6494408996671,20,#00FF00,Quadrant 4,2,2,3,,#00FF00,0,283.4534483363726,1
image_31.png,5,False,642.9816029720921,53.41492320108816,20,#00FF00,Quadrant 2,1,2,3,,#00FF00,0,130.24255266872774,1
image_31.png,5,False,633.0899424052282,87.41526244939288,20,#00FF00,Quadrant 2,1,2,3,,#00FF00,0,298.35865942503307,1
image_32.png,2,True,237.07305240438026,207.6891025678495,20,#00FF00,Quadrant 3,2,1,30,149,#00FF00,0,53.94685729766915,
image_32.png,5,False,152.5216235366201,231.42982245070465,20,#00FF00,Quadrant 3,2,1,30,,#00FF00,0,41.84640798647912,4
image_32.png,5,False,362.64861892862297,316.6856074409956,20,#00FF00,Quadrant 4,2,2,30,,#00FF00,0,32.738992002607624,4
image_32.png,5,False,364.627763965931,183.66982381908915,20,#00FF00,Quadrant 2,1,2,30,,#00FF00,0,163.2356280647215,4
image_32.png,5,False,329.5786526541184,316.01400326556035,20,#00FF00,Quadrant 3,2,1,30,,#00FF00,0,20.785241135708915,4
image_32.png,5,False,283.8086611577944,319.61931940272336,20,#00FF00,Quadrant 3,2,1,30,,#00FF00,0,260.38082873700085,4
image_32.png,5,False,409.4564616256754,28.11954543111928,20,#00FF00,Quadrant 2,1,2,30,,#00FF00,0,268.48961381945367,4
image_32.png,5,False,54.93057944522533,386.77874366027584,20,#00FF00,Quadrant 3,2,1,30,,#00FF00,0,124.03039196236844,4
image_32.png,5,False,58.5541917044562,363.9671626571038,20,#00FF00,Quadrant 3,2,1,30,,#00FF00,0,336.4498075985807,4
image_32.png,5,False,685.0716333127056,255.1429492407278,20,#00FF00,Quadrant 4,2,2,30,,#00FF00,0,275.69796585253624,4
image_32.png,5,False,695.0781964222256,155.57729592581865,20,#00FF00,Quadrant 2,1,2,30,,#00FF00,0,151.33029799763804,4
image_32.png,5,False,635.7626776404305,152.99401177715131,20,#00FF00,Quadrant 2,1,2,30,,#00FF00,0,313.06330271185504,4
image_32.png,5,False,466.9750587684475,214.85549976132916,20,#00FF00,Quadrant 4,2,2,30,,#00FF00,0,245.7829274765549,4
image_32.png,5,False,250.61345223887452,78.46303176355421,20,#00FF00,Quadrant 1,1,1,30,,#00FF00,0,235.27227543073272,4
image_32.png,5,False,375.3725097458224,286.13037726251645,20,#00FF00,Quadrant 4,2,2,30,,#00FF00,0,193.41305510328044,4
image_32.png,5,False,13.393100217041459,19.593953727703372,20,#00FF00,Quadrant 1,1,1,30,,#00FF00,0,80.16847774785593,4
image_32.png,5,False,578.2953413519155,104.55955055442716,20,#00FF00,Quadrant 2,1,2,30,,#00FF00,0,191.49609905883315,4
image_32.png,5,False,200.92266245084272,365.34111650905527,20,#00FF00,Quadrant 3,2,1,30,,#00FF00,0,124.61750459554563,4
image_32.png,5,False,88.74995611010287,316.98275337781547,20,#00FF00,Quadrant 3,2,1,30,,#00FF00,0,261.0086205272106,4
image_32.png,5,False,538.8108391170794,345.06000305755157,20,#00FF00,Quadrant 4,2,2,30,,#00FF00,0,150.92661545703075,4
image_32.png,5,False,152.99023745479755,49.13895754896766,20,#00FF00,Quadrant 1,1,1,30,,#00FF00,0,5.632486690877845,4
image_32.png,5,False,422.8737938480398,276.842208874943,20,#00FF00,Quadrant 4,2,2,30,,#00FF00,0,12.087459271541086,4
image_32.png,5,False,521.2328030726246,163.0563026065226,20,#00FF00,Quadrant 2,1,2,30,,#00FF00,0,17.523475647749677,4
image_32.png,5,False,160.6984858123343,337.4900317292813,20,#00FF00,Quadrant 3,2,1,30,,#00FF00,0,84.36214025552219,4
image_32.png,5,False,358.18423992030387,120.34158461178133,20,#00FF00,Quadrant 2,1,2,30,,#00FF00,0,20.319852608805938,4
image_32.png,5,False,515.0155458669366,131.5455972275546,20,#00FF00,Quadrant 2,1,2,30,,#00FF00,0,293.68305243479404,4
image_32.png,5,False,474.3744800900335,132.21141361854762,20,#00FF00,Quadrant 2,1,2,30,,#00FF00,0,215.25036273981445,4
image_32.png,5,False,109.70643913853345,260.5602962004609,20,#00FF00,Quadrant 3,2,1,30,,#00FF00,0,108.63519665191318,4
image_32.png,5,False,218.0451571388621,34.041986826356094,20,#00FF00,Quadrant 1,1,1,30,,#00FF00,0,79.57538656057172,4
image_32.png,5,False,617.1228708741154,355.57635760456577,20,#00FF00,Quadrant 4,2,2,30,,#00FF00,0,341.46729180961967,4
image_32.png,5,False,305.3412012009405,198.34465767236193,20,#00FF00,Quadrant 1,1,1,30,,#00FF00,0,225.3575295533988,4
image_33.png,2,True,473.5549995498027,308.0341372806358,20,#00FF00,Quadrant 4,2,2,10,149,#00FF00,0,338.97110753948823,
image_33.png,5,False,297.84767242737536,67.40425575791187,20,#00FF00,Quadrant 1,1,1,10,,#00FF00,0,114.7444046338724,3
image_33.png,5,False,530.7926909970683,189.99011411581913,20,#00FF00,Quadrant 2,1,2,10,,#00FF00,0,135.52566786256753,3
image_33.png,5,False,218.20739254985682,278.4640294504535,20,#00FF00,Quadrant 3,2,1,10,,#00FF00,0,305.76273561361455,3
image_33.png,5,False,641.2566687591589,223.58188894385165,20,#00FF00,Quadrant 4,2,2,10,,#00FF00,0,290.0794175765593,3
image_33.png,5,False,394.97057639929915,61.6870599003315,20,#00FF00,Quadrant 2,1,2,10,,#00FF00,0,348.4030278767856,3
image_33.png,5,False,151.0990090783775,255.4548118851231,20,#00FF00,Quadrant 3,2,1,10,,#00FF00,0,87.42906579225087,3
image_33.png,5,False,594.6749028986126,45.951390687154465,20,#00FF00,Quadrant 2,1,2,10,,#00FF00,0,332.00139762404007,3
image_33.png,5,False,142.2418350987787,112.47848020918289,20,#00FF00,Quadrant 1,1,1,10,,#00FF00,0,260.85049643059267,3
image_33.png,5,False,426.4132889974733,341.228533309046,20,#00FF00,Quadrant 4,2,2,10,,#00FF00,0,242.52189142844824,3
image_33.png,5,False,535.8088316831377,284.7873806641124,20,#00FF00,Quadrant 4,2,2,10,,#00FF00,0,67.73878581579191,3
image_34.png,2,True,154.92458201250045,353.85840880766887,20,#00FF00,Quadrant 3,2,1,30,149,#00FF00,0,78.12594780759447,
image_34.png,5,False,637.2969767269858,91.06333783452503,20,#00FF00,Quadrant 2,1,2,30,,#00FF00,0,109.14768922721676,4
image_34.png,5,False,521.8764148788962,293.3203479784594,20,#00FF00,Quadrant 4,2,2,30,,#00FF00,0,68.40853114685353,4
image_34.png,5,False,641.0500534783803,273.9467359964831,20,#00FF00,Quadrant 4,2,2,30,,#00FF00,0,271.5590674609803,4
image_34.png,5,False,284.279489185826,101.46710248802582,20,#00FF00,Quadrant 1,1,1,30,,#00FF00,0,253.3566897632534,4
image_34.png,5,False,206.02778709140375,187.24267419963883,20,#00FF00,Quadrant 1,1,1,30,,#00FF00,0,115.7814031778648,4
image_34.png,5,False,223.5029538736936,146.9456655967582,20,#00FF00,Quadrant 1,1,1,30,,#00FF00,0,233.53968239824053,4
image_34.png,5,False,332.0768020968219,314.4646830479679,20,#00FF00,Quadrant 3,2,1,30,,#00FF00,0,317.8123028503345,4
image_34.png,5,False,535.7623598543911,132.04818165016866,20,#00FF00,Quadrant 2,1,2,30,,#00FF00,0,260.06888634723833,4
image_34.png,5,False,226.6032710015616,28.280439336853807,20,#00FF00,Quadrant 1,1,1,30,,#00FF00,0,73.12589685211906,4
image_34.png,5,False,521.7228889356609,17.131122578476457,20,#00FF00,Quadrant 2,1,2,30,,#00FF00,0,311.07054292901364,4
image_34.png,5,False,413.3979784923007,283.1645124692061,20,#00FF00,Quadrant 4,2,2,30,,#00FF00,0,199.1921628751827,4
image_34.png,5,False,146.1761382987885,97.94704062923364,20,#00FF00,Quadrant 1,1,1,30,,#00FF00,0,106.26922350278575,4
image_34.png,5,False,180.30798128261208,219.14287729145443,20,#00FF00,Quadrant 3,2,1,30,,#00FF00,0,205.1242245734526,4
image_34.png,5,False,243.58179170115392,299.5503165018689,20,#00FF00,Quadrant 3,2,1,30,,#00FF00,0,339.64723621714694,4
image_34.png,5,False,387.57042049206746,80.57005814155912,20,#00FF00,Quadrant 2,1,2,30,,#00FF00,0,50.38507028902223,4
image_34.png,5,False,693.3329196662211,372.83554589897926,20,#00FF00,Quadrant 4,2,2,30,,#00FF00,0,320.17123069740285,4
image_34.png,5,False,589.1181920869238,39.096895525463694,20,#00FF00,Quadrant 2,1,2,30,,#00FF00,0,188.6199895454686,4
image_34.png,5,False,44.42641760132803,13.413085638614422,20,#00FF00,Quadrant 1,1,1,30,,#00FF00,0,294.4785279077112,4
image_34.png,5,False,445.5534354258895,36.69188194952976,20,#00FF00,Quadrant 2,1,2,30,,#00FF00,0,49.49695097890566,4
image_34.png,5,False,161.69785432107727,183.37165109120204,20,#00FF00,Quadrant 1,1,1,30,,#00FF00,0,54.370672727308616,4
image_34.png,5,False,450.39499972309176,364.01560657504433,20,#00FF00,Quadrant 4,2,2,30,,#00FF00,0,21.762042808686797,4
image_34.png,5,False,294.4122321617999,17.322483793794106,20,#00FF00,Quadrant 1,1,1,30,,#00FF00,0,191.59649460458516,4
image_34.png,5,False,380.12355291458414,119.36826680958197,20,#00FF00,Quadrant 2,1,2,30,,#00FF00,0,259.98937978525953,4
image_34.png,5,False,491.82490351355597,173.75667287954232,20,#00FF00,Quadrant 2,1,2,30,,#00FF00,0,180.79777160835712,4
image_34.png,5,False,177.02752546400714,245.2771584317115,20,#00FF00,Quadrant 3,2,1,30,,#00FF00,0,188.7787444412939,4
image_34.png,5,False,671.9561801683373,184.50114781834796,20,#00FF00,Quadrant 2,1,2,30,,#00FF00,0,28.446927773196734,4
image_34.png,5,False,491.3958217920038,124.39041404849091,20,#00FF00,Quadrant 2,1,2,30,,#00FF00,0,87.55484190943753,4
image_34.png,5,False,66.54505691993165,385.8530385971579,20,#00FF00,Quadrant 3,2,1,30,,#00FF00,0,298.102348336817,4
image_34.png,5,False,32.83062301890433,164.19519668342022,20,#00FF00,Quadrant 1,1,1,30,,#00FF00,0,233.96200264581222,4
image_34.png,5,False,338.967513990873,251.69077256003143,20,#00FF00,Quadrant 3,2,1,30,,#00FF00,0,135.7810446543434,4
image_35.png,2,True,593.4322284382861,254.77493745456817,20,#00FF00,Quadrant 4,2,2,2,149,#00FF00,0,29.767004102088634,
image_35.png,5,False,684.3798348466653,379.11142385040796,20,#00FF00,Quadrant 4,2,2,2,,#00FF00,0,119.25742211720633,1
image_35.png,5,False,644.295876438306,97.85173590418431,20,#00FF00,Quadrant 2,1,2,2,,#00FF00,0,322.1248363713719,1
image_36.png,2,True,43.081197841061126,39.1035666518961,20,#00FF00,Quadrant 1,1,1,50,149,#00FF00,0,171.1801035522984,
image_36.png,5,False,630.625727445991,224.00672861013777,20,#00FF00,Quadrant 4,2,2,50,,#00FF00,0,333.21053162913233,5
image_36.png,5,False,650.9200229044602,129.87521403967406,20,#00FF00,Quadrant 2,1,2,50,,#00FF00,0,11.844640855249882,5
image_36.png,5,False,415.4678757142125,295.352189602115,20,#00FF00,Quadrant 4,2,2,50,,#00FF00,0,346.1289083553621,5
image_36.png,5,False,285.4259580522391,40.082371764828736,20,#00FF00,Quadrant 1,1,1,50,,#00FF00,0,256.5761039817695,5
image_36.png,5,False,176.6853418756536,326.49791171468223,20,#00FF00,Quadrant 3,2,1,50,,#00FF00,0,58.48209025729411,5
image_36.png,5,False,628.706253464874,136.39387937705118,20,#00FF00,Quadrant 2,1,2,50,,#00FF00,0,140.09637865224917,5
image_36.png,5,False,107.42595942805093,384.64466809153095,20,#00FF00,Quadrant 3,2,1,50,,#00FF00,0,272.0193352275212,5
image_36.png,5,False,356.0462747783926,379.29421777080665,20,#00FF00,Quadrant 4,2,2,50,,#00FF00,0,260.6988852339534,5
image_36.png,5,False,312.1538062091709,328.0190205777801,20,#00FF00,Quadrant 3,2,1,50,,#00FF00,0,19.330715501061697,5
image_36.png,5,False,540.8448951687898,371.93647403374365,20,#00FF00,Quadrant 4,2,2,50,,#00FF00,0,122.61338873103814,5
image_36.png,5,False,543.9793372144811,22.198499081272413,20,#00FF00,Quadrant 2,1,2,50,,#00FF00,0,142.81309775122543,5
image_36.png,5,False,694.8916702525994,196.44810640987984,20,#00FF00,Quadrant 2,1,2,50,,#00FF00,0,98.39773030636704,5
image_36.png,5,False,659.4474201848299,174.2385236785479,20,#00FF00,Quadrant 2,1,2,50,,#00FF00,0,128.09203117410524,5
image_36.png,5,False,466.2029442777492,43.39237646668611,20,#00FF00,Quadrant 2,1,2,50,,#00FF00,0,244.6901489117372,5
image_36.png,5,False,560.8600147500924,280.55502535242977,20,#00FF00,Quadrant 4,2,2,50,,#00FF00,0,222.70172049355963,5
image_36.png,5,False,117.2582441033422,280.0139645063171,20,#00FF00,Quadrant 3,2,1,50,,#00FF00,0,29.53368348233348,5
image_36.png,5,False,520.6224941048737,130.70437044162065,20,#00FF00,Quadrant 2,1,2,50,,#00FF00,0,228.20431750669835,5
image_36.png,5,False,14.579508212950751,127.52509804152066,20,#00FF00,Quadrant 1,1,1,50,,#00FF00,0,38.358330376054006,5
image_36.png,5,False,196.86907939193728,61.087647698807366,20,#00FF00,Quadrant 1,1,1,50,,#00FF00,0,129.57029904488277,5
image_36.png,5,False,320.25329346778005,220.69172023015201,20,#00FF00,Quadrant 3,2,1,50,,#00FF00,0,67.4610420700358,5
image_36.png,5,False,423.052176680254,133.63466495637198,20,#00FF00,Quadrant 2,1,2,50,,#00FF00,0,33.50313376555469,5
image_36.png,5,False,212.08282504316517,157.5882334450328,20,#00FF00,Quadrant 1,1,1,50,,#00FF00,0,138.68565026255413,5
image_36.png,5,False,631.8827349060824,353.1684630904496,20,#00FF00,Quadrant 4,2,2,50,,#00FF00,0,30.491826094268106,5
image_36.png,5,False,405.08073678643274,75.10234504229904,20,#00FF00,Quadrant 2,1,2,50,,#00FF00,0,352.14230304499944,5
image_36.png,5,False,106.66080062303814,124.82761831177598,20,#00FF00,Quadrant 1,1,1,50,,#00FF00,0,137.06352845594753,5
image_36.png,5,False,54.59106654082158,175.3076297813176,20,#00FF00,Quadrant 1,1,1,50,,#00FF00,0,177.5246191958825,5
image_36.png,5,False,344.6353753004767,40.0762746073694,20,#00FF00,Quadrant 1,1,1,50,,#00FF00,0,151.59684231810874,5
image_36.png,5,False,180.900557091085,247.26273397664218,20,#00FF00,Quadrant 3,2,1,50,,#00FF00,0,90.61190560400503,5
image_36.png,5,False,145.73272694249945,51.43555494558096,20,#00FF00,Quadrant 1,1,1,50,,#00FF00,0,213.7703032940683,5
image_36.png,5,False,565.0086822886366,135.56676875356035,20,#00FF00,Quadrant 2,1,2,50,,#00FF00,0,223.26918763488817,5
image_36.png,5,False,572.8625988320691,335.8942005641157,20,#00FF00,Quadrant 4,2,2,50,,#00FF00,0,120.50504054890452,5
image_36.png,5,False,149.3866757157274,129.76128029187683,20,#00FF00,Quadrant 1,1,1,50,,#00FF00,0,341.02041192580185,5
image_36.png,5,False,678.4516777834732,121.16740129726011,20,#00FF00,Quadrant 2,1,2,50,,#00FF00,0,347.2468643141258,5
image_36.png,5,False,349.3040385826585,228.6823684542351,20,#00FF00,Quadrant 3,2,1,50,,#00FF00,0,250.18479636195963,5
image_36.png,5,False,270.10210330133737,319.63492683364115,20,#00FF00,Quadrant 3,2,1,50,,#00FF00,0,87.27274684100631,5
image_36.png,5,False,89.4687104686667,224.1354922616811,20,#00FF00,Quadrant 3,2,1,50,,#00FF00,0,141.45664670620556,5
image_36.png,5,False,386.93843987561644,268.6873753231731,20,#00FF00,Quadrant 4,2,2,50,,#00FF00,0,213.20173233013878,5
image_36.png,5,False,313.095463518838,121.12319661844164,20,#00FF00,Quadrant 1,1,1,50,,#00FF00,0,255.01213845218285,5
image_36.png,5,False,575.2672763550719,311.7582840064708,20,#00FF00,Quadrant 4,2,2,50,,#00FF00,0,249.4207005567634,5
image_36.png,5,False,464.81878531876714,281.3593559111831,20,#00FF00,Quadrant 4,2,2,50,,#00FF00,0,87.12762036148759,5
image_36.png,5,False,61.96197841619674,385.4848322571739,20,#00FF00,Quadrant 3,2,1,50,,#00FF00,0,284.06763475922264,5
image_36.png,5,False,287.15471205993845,202.49957906515442,20,#00FF00,Quadrant 3,2,1,50,,#00FF00,0,172.52449191814543,5
image_36.png,5,False,487.5874086037962,216.49788688046655,20,#00FF00,Quadrant 4,2,2,50,,#00FF00,0,331.34118641218646,5
image_36.png,5,False,258.71582068820305,349.49957280641985,20,#00FF00,Quadrant 3,2,1,50,,#00FF00,0,284.6595301377333,5
image_36.png,5,False,464.08753311614754,145.19333375152908,20,#00FF00,Quadrant 2,1,2,50,,#00FF00,0,276.82345725121456,5
image_36.png,5,False,286.33662714908166,295.514089981791,20,#00FF00,Quadrant 3,2,1,50,,#00FF00,0,243.88988251110683,5
image_36.png,5,False,307.58386974033556,14.987058112571228,20,#00FF00,Quadrant 1,1,1,50,,#00FF00,0,347.65803997697816,5
image_36.png,5,False,407.3371894083236,179.50429246885474,20,#00FF00,Quadrant 2,1,2,50,,#00FF00,0,208.98658638864148,5
image_36.png,5,False,543.1437981666157,233.48700357217567,20,#00FF00,Quadrant 4,2,2,50,,#00FF00,0,140.80830072390103,5
image_36.png,5,False,248.6825300560681,20.284682843740804,20,#00FF00,Quadrant 1,1,1,50,,#00FF00,0,180.16768138310442,5
image_37.png,2,True,645.2572582783587,43.453114180819746,20,#00FF00,Quadrant 2,1,2,1,149,#00FF00,0,106.35559938662612,
image_37.png,5,False,514.0738481626972,142.66823057751765,20,#00FF00,Quadrant 2,1,2,1,,#00FF00,0,299.2743880945699,1
image_38.png,2,True,153.53158775752868,193.54602753860885,20,#00FF00,Quadrant 1,1,1,10,149,#00FF00,0,163.91974868131575,
image_38.png,5,False,312.8963314701157,274.3765143679458,20,#00FF00,Quadrant 3,2,1,10,,#00FF00,0,171.41851123529887,3
image_38.png,5,False,217.88195331235687,317.2502841552679,20,#00FF00,Quadrant 3,2,1,10,,#00FF00,0,114.80741071837215,3
image_38.png,5,False,596.0850255443208,255.93262873097578,20,#00FF00,Quadrant 4,2,2,10,,#00FF00,0,41.43069601156294,3
image_38.png,5,False,124.23996997413452,382.914377882369,20,#00FF00,Quadrant 3,2,1,10,,#00FF00,0,243.77015984071824,3
image_38.png,5,False,131.19827741582827,71.53129883940582,20,#00FF00,Quadrant 1,1,1,10,,#00FF00,0,87.80866075871737,3
image_38.png,5,False,671.3807463746913,98.6413969215131,20,#00FF00,Quadrant 2,1,2,10,,#00FF00,0,201.54562289635072,3
image_38.png,5,False,138.08727307931025,253.10101537750953,20,#00FF00,Quadrant 3,2,1,10,,#00FF00,0,145.81707706089102,3
image_38.png,5,False,31.11347702190711,243.13242232658567,20,#00FF00,Quadrant 3,2,1,10,,#00FF00,0,155.5684028745417,3
image_38.png,5,False,419.02797611029376,157.97992497445728,20,#00FF00,Quadrant 2,1,2,10,,#00FF00,0,71.03679688160868,3
image_38.png,5,False,152.7855062840848,295.37903724626585,20,#00FF00,Quadrant 3,2,1,10,,#00FF00,0,253.7048217455044,3
image_39.png,2,True,561.857123894943,213.94404599570348,20,#00FF00,Quadrant 4,2,2,1,149,#00FF00,0,207.84524587266696,
image_39.png,5,False,146.78417557665884,54.0749789265512,20,#00FF00,Quadrant 1,1,1,1,,#00FF00,0,131.68549058850533,1
image_40.png,2,True,451.34581552397776,236.65497346897155,20,#00FF00,Quadrant 4,2,2,20,149,#00FF00,0,189.97740706600177,
image_40.png,5,False,415.4462483354352,142.51551295109317,20,#00FF00,Quadrant 2,1,2,20,,#00FF00,0,220.07103161004068,4
image_40.png,5,False,436.3628860627968,318.59306011063296,20,#00FF00,Quadrant 4,2,2,20,,#00FF00,0,304.3864089610413,4
image_40.png,5,False,215.93949110785346,243.27514693948356,20,#00FF00,Quadrant 3,2,1,20,,#00FF00,0,254.1558099405528,4
image_40.png,5,False,103.29001328933964,55.551704706106236,20,#00FF00,Quadrant 1,1,1,20,,#00FF00,0,30.51070870429001,4
image_40.png,5,False,137.11767313039212,273.1190127688164,20,#00FF00,Quadrant 3,2,1,20,,#00FF00,0,109.9368009127796,4
image_40.png,5,False,299.16674417955716,63.11383884606273,20,#00FF00,Quadrant 1,1,1,20,,#00FF00,0,183.8969530153779,4
image_40.png,5,False,455.58420551008584,388.9620308688488,20,#00FF00,Quadrant 4,2,2,20,,#00FF00,0,249.6358535505679,4
image_40.png,5,False,348.36335604643193,64.03209026696729,20,#00FF00,Quadrant 1,1,1,20,,#00FF00,0,199.76852729969906,4
image_40.png,5,False,321.73966884444263,31.265057274456318,20,#00FF00,Quadrant 1,1,1,20,,#00FF00,0,113.24880527790394,4
image_40.png,5,False,17.602989859100767,62.61012214242345,20,#00FF00,Quadrant 1,1,1,20,,#00FF00,0,129.25410198169277,4
image_40.png,5,False,675.0782426068936,202.0555714581934,20,#00FF00,Quadrant 4,2,2,20,,#00FF00,0,293.47773863539027,4
image_40.png,5,False,482.7560060158307,168.1083045336143,20,#00FF00,Quadrant 2,1,2,20,,#00FF00,0,178.18914523190531,4
image_40.png,5,False,535.3680101777973,121.4099858131911,20,#00FF00,Quadrant 2,1,2,20,,#00FF00,0,11.10985403148173,4
image_40.png,5,False,381.4123379431206,74.58299347102485,20,#00FF00,Quadrant 2,1,2,20,,#00FF00,0,98.94705057847223,4
image_40.png,5,False,522.5950755796232,300.5175917687151,20,#00FF00,Quadrant 4,2,2,20,,#00FF00,0,164.63569941844167,4
image_40.png,5,False,578.2418547103234,149.6737498558491,20,#00FF00,Quadrant 2,1,2,20,,#00FF00,0,279.04069003103837,4
image_40.png,5,False,39.66964984419076,282.7745311471564,20,#00FF00,Quadrant 3,2,1,20,,#00FF00,0,296.1399340066541,4
image_40.png,5,False,692.9554765070347,49.71341389569436,20,#00FF00,Quadrant 2,1,2,20,,#00FF00,0,196.68717889990725,4
image_40.png,5,False,320.8655842101551,142.76209723883463,20,#00FF00,Quadrant 1,1,1,20,,#00FF00,0,359.7525609404068,4
image_40.png,5,False,313.5191634311164,386.71600467243724,20,#00FF00,Quadrant 3,2,1,20,,#00FF00,0,294.0222906419179,4
image_41.png,2,True,519.2153446009722,271.49249592824617,20,#00FF00,Quadrant 4,2,2,3,149,#00FF00,0,75.55614033231866,
image_41.png,5,False,431.47038200481956,172.84714915410464,20,#00FF00,Quadrant 2,1,2,3,,#00FF00,0,309.9775306572871,1
image_41.png,5,False,551.7611745697329,318.51428915727394,20,#00FF00,Quadrant 4,2,2,3,,#00FF00,0,221.81443192157585,1
image_41.png,5,False,403.7812235706438,212.20214140601558,20,#00FF00,Quadrant 4,2,2,3,,#00FF00,0,289.9585776133002,1
image_42.png,2,True,233.99734132387567,277.13232194346125,20,#00FF00,Quadrant 3,2,1,50,149,#00FF00,0,193.9566765771497,
image_42.png,5,False,195.19937266559722,335.33036738968536,20,#00FF00,Quadrant 3,2,1,50,,#00FF00,0,104.1599676473797,5
image_42.png,5,False,479.0372286711606,46.99511192182156,20,#00FF00,Quadrant 2,1,2,50,,#00FF00,0,354.7757888142459,5
image_42.png,5,False,552.3411322727038,358.294573071674,20,#00FF00,Quadrant 4,2,2,50,,#00FF00,0,346.5979181977651,5
image_42.png,5,False,608.3957898088734,58.963727736020275,20,#00FF00,Quadrant 2,1,2,50,,#00FF00,0,357.2950412320828,5
image_42.png,5,False,183.02761969537832,279.9072528612059,20,#00FF00,Quadrant 3,2,1,50,,#00FF00,0,311.78836619681647,5
image_42.png,5,False,535.6553017736214,266.61666129857963,20,#00FF00,Quadrant 4,2,2,50,,#00FF00,0,298.25344897150774,5
image_42.png,5,False,408.84618969056726,112.57508348906968,20,#00FF00,Quadrant 2,1,2,50,,#00FF00,0,176.2051413296296,5
image_42.png,5,False,322.42229683720103,250.51129454641253,20,#00FF00,Quadrant 3,2,1,50,,#00FF00,0,149.12103217141356,5
image_42.png,5,False,75.14230620536338,205.90189244915024,20,#00FF00,Quadrant 3,2,1,50,,#00FF00,0,316.8450292706365,5
image_42.png,5,False,656.1355826070284,150.50890380050953,20,#00FF00,Quadrant 2,1,2,50,,#00FF00,0,100.16124762664214,5
image_42.png,5,False,236.50231403088097,11.934826183670232,20,#00FF00,Quadrant 1,1,1,50,,#00FF00,0,342.0914683915377,5
image_42.png,5,False,468.5950925531395,146.40819169089315,20,#00FF00,Quadrant 2,1,2,50,,#00FF00,0,165.04173240469837,5
image_42.png,5,False,379.21845596303217,93.33971543574782,20,#00FF00,Quadrant 2,1,2,50,,#00FF00,0,22.79904698166288,5
image_42.png,5,False,156.96566035493163,112.50692488285172,20,#00FF00,Quadrant 1,1,1,50,,#00FF00,0,154.671516246685,5
image_42.png,5,False,243.71330191267248,229.45891601863968,20,#00FF00,Quadrant 3,2,1,50,,#00FF00,0,298.2037021375709,5
image_42.png,5,False,345.39781586186,140.93357656889006,20,#00FF00,Quadrant 1,1,1,50,,#00FF00,0,203.8111599301705,5
image_42.png,5,False,44.35398093353711,48.63925244432581,20,#00FF00,Quadrant 1,1,1,50,,#00FF00,0,245.71869339355413,5
image_42.png,5,False,327.65183448208757,57.961653749090615,20,#00FF00,Quadrant 1,1,1,50,,#00FF00,0,282.2003142626046,5
image_42.png,5,False,315.04601877585793,11.255502111575392,20,#00FF00,Quadrant 1,1,1,50,,#00FF00,0,308.75457597430096,5
image_42.png,5,False,150.3972442078084,271.2877313625509,20,#00FF00,Quadrant 3,2,1,50,,#00FF00,0,344.89143694943004,5
image_42.png,5,False,458.8480703457097,71.09348097839973,20,#00FF00,Quadrant 2,1,2,50,,#00FF00,0,47.48871145824487,5
image_42.png,5,False,267.2003559086216,352.6365016198787,20,#00FF00,Quadrant 3,2,1,50,,#00FF00,0,90.1401402776792,5
image_42.png,5,False,284.0793396163087,126.4824945511192,20,#00FF00,Quadrant 1,1,1,50,,#00FF00,0,59.58902849736376,5
image_42.png,5,False,11.748463243597621,191.2329357226255,20,#00FF00,Quadrant 1,1,1,50,,#00FF00,0,253.3312943150559,5
image_42.png,5,False,490.26640692146555,319.8672121732268,20,#00FF00,Quadrant 4,2,2,50,,#00FF00,0,3.343301139045658,5
image_42.png,5,False,301.9743003710163,60.962207112988,20,#00FF00,Quadrant 1,1,1,50,,#00FF00,0,355.7357674071379,5
image_42.png,5,False,274.9351787906074,287.22855830678105,20,#00FF00,Quadrant 3,2,1,50,,#00FF00,0,25.498189944184357,5
image_42.png,5,False,226.89916795678437,344.0138401025423,20,#00FF00,Quadrant 3,2,1,50,,#00FF00,0,36.8737813618224,5
image_42.png,5,False,543.91427323528,295.6936487746237,20,#00FF00,Quadrant 4,2,2,50,,#00FF00,0,49.36654610767643,5
image_42.png,5,False,695.1357669647592,64.99845926358987,20,#00FF00,Quadrant 2,1,2,50,,#00FF00,0,47.93264322703638,5
image_42.png,5,False,16.83909720562359,256.707640573651,20,#00FF00,Quadrant 3,2,1,50,,#00FF00,0,190.98297955680516,5
image_42.png,5,False,508.7556661650181,248.41425449286115,20,#00FF00,Quadrant 4,2,2,50,,#00FF00,0,158.43579148074667,5
image_42.png,5,False,70.72805505806609,48.975812516547464,20,#00FF00,Quadrant 1,1,1,50,,#00FF00,0,309.586508856774,5
image_42.png,5,False,417.21642933768254,156.16406173169963,20,#00FF00,Quadrant 2,1,2,50,,#00FF00,0,270.8804327572629,5
image_42.png,5,False,227.69302737751468,63.85581136989034,20,#00FF00,Quadrant 1,1,1,50,,#00FF00,0,346.76953579917506,5
image_42.png,5,False,429.63164515279556,305.45052865001225,20,#00FF00,Quadrant 4,2,2,50,,#00FF00,0,216.00283220130703,5
image_42.png,5,False,595.1976599591318,259.87722989218435,20,#00FF00,Quadrant 4,2,2,50,,#00FF00,0,248.57138700527537,5
image_42.png,5,False,367.72914905229663,203.59952999136135,20,#00FF00,Quadrant 4,2,2,50,,#00FF00,0,108.5937600877915,5
image_42.png,5,False,668.7686713181882,198.06755813855486,20,#00FF00,Quadrant 2,1,2,50,,#00FF00,0,323.24852172851627,5
image_42.png,5,False,355.2123709368611,235.50545235605935,20,#00FF00,Quadrant 3,2,1,50,,#00FF00,0,40.58771853737107,5
image_42.png,5,False,684.6331970640582,384.0415974147254,20,#00FF00,Quadrant 4,2,2,50,,#00FF00,0,190.18314033702632,5
image_42.png,5,False,101.9362048248317,336.3876934880905,20,#00FF00,Quadrant 3,2,1,50,,#00FF00,0,336.2127846027177,5
image_42.png,5,False,668.6181059352707,302.19874460690403,20,#00FF00,Quadrant 4,2,2,50,,#00FF00,0,274.58133764241086,5
image_42.png,5,False,57.52994022893659,110.10603476726135,20,#00FF00,Quadrant 1,1,1,50,,#00FF00,0,6.008184637508234,5
image_42.png,5,False,52.66304425627372,309.35161961938854,20,#00FF00,Quadrant 3,2,1,50,,#00FF00,0,14.337670297388314,5
image_42.png,5,False,444.0852095857369,200.39650896167439,20,#00FF00,Quadrant 4,2,2,50,,#00FF00,0,182.37981753897373,5
image_42.png,5,False,435.45642135438936,115.8828041076637,20,#00FF00,Quadrant 2,1,2,50,,#00FF00,0,193.16333378520554,5
image_42.png,5,False,380.5728291208368,158.6965081220362,20,#00FF00,Quadrant 2,1,2,50,,#00FF00,0,290.90162914943517,5
image_42.png,5,False,492.3876824261835,286.9242666691227,20,#00FF00,Quadrant 4,2,2,50,,#00FF00,0,23.801430103637394,5
image_42.png,5,False,507.60744196639325,74.11199668471995,20,#00FF00,Quadrant 2,1,2,50,,#00FF00,0,281.8753565557485,5
image_43.png,2,True,612.8139788596237,288.0497465958057,20,#00FF00,Quadrant 4,2,2,2,149,#00FF00,0,269.91949827376476,
image_43.png,5,False,631.0293269174282,137.63416794752152,20,#00FF00,Quadrant 2,1,2,2,,#00FF00,0,42.50041930165069,1
image_43.png,5,False,371.93555168813316,110.39496801240878,20,#00FF00,Quadrant 2,1,2,2,,#00FF00,0,154.55684496397532,1
image_44.png,2,True,352.84567499631095,204.07555042301738,20,#00FF00,Quadrant 3,2,1,50,149,#00FF00,0,225.91181984353966,
image_44.png,5,False,603.0988902716678,74.08116642375276,20,#00FF00,Quadrant 2,1,2,50,,#00FF00,0,19.958079903271774,5
image_44.png,5,False,543.8236487947514,349.0334628145311,20,#00FF00,Quadrant 4,2,2,50,,#00FF00,0,56.631593196405376,5
image_44.png,5,False,90.46485283501926,291.01482580852365,20,#00FF00,Quadrant 3,2,1,50,,#00FF00,0,242.6833553627149,5
image_44.png,5,False,602.6367272850703,15.644891608062744,20,#00FF00,Quadrant 2,1,2,50,,#00FF00,0,0.9246621717038872,5
image_44.png,5,False,261.77980597222484,358.8456341082752,20,#00FF00,Quadrant 3,2,1,50,,#00FF00,0,16.55335076030529,5
image_44.png,5,False,672.6757381767578,24.367430962494648,20,#00FF00,Quadrant 2,1,2,50,,#00FF00,0,64.4259361566426,5
image_44.png,5,False,502.9603323289659,258.85584529132836,20,#00FF00,Quadrant 4,2,2,50,,#00FF00,0,289.1215751247194,5
image_44.png,5,False,182.05333333314056,357.19310112497834,20,#00FF00,Quadrant 3,2,1,50,,#00FF00,0,80.82551297432722,5
image_44.png,5,False,580.1119299356951,227.04059386939915,20,#00FF00,Quadrant 4,2,2,50,,#00FF00,0,115.17664952317523,5
image_44.png,5,False,474.9214188191097,30.910072354913957,20,#00FF00,Quadrant 2,1,2,50,,#00FF00,0,42.98433468293203,5
image_44.png,5,False,366.36837604041506,28.361009706869833,20,#00FF00,Quadrant 2,1,2,50,,#00FF00,0,80.34662194223466,5
image_44.png,5,False,615.2469631094476,338.36018293136357,20,#00FF00,Quadrant 4,2,2,50,,#00FF00,0,144.3329449356609,5
image_44.png,5,False,225.07076631866644,43.65372747978975,20,#00FF00,Quadrant 1,1,1,50,,#00FF00,0,278.4698926221187,5
image_44.png,5,False,265.18543845610634,121.22294426798032,20,#00FF00,Quadrant 1,1,1,50,,#00FF00,0,164.42862334004715,5
image_44.png,5,False,520.567854859325,102.69674956324911,20,#00FF00,Quadrant 2,1,2,50,,#00FF00,0,282.42259822344295,5
image_44.png,5,False,680.6099864089899,388.16352994775633,20,#00FF00,Quadrant 4,2,2,50,,#00FF00,0,132.57850597060275,5
image_44.png,5,False,515.6672390133547,217.59939370648766,20,#00FF00,Quadrant 4,2,2,50,,#00FF00,0,279.3189441438918,5
image_44.png,5,False,114.74023361052838,363.4462672993067,20,#00FF00,Quadrant 3,2,1,50,,#00FF00,0,286.5504748243516,5
image_44.png,5,False,384.12464276467205,251.3860153359098,20,#00FF00,Quadrant 4,2,2,50,,#00FF00,0,8.607692151361576,5
image_44.png,5,False,17.61083103144384,137.63656518275027,20,#00FF00,Quadrant 1,1,1,50,,#00FF00,0,249.64589026414976,5
image_44.png,5,False,270.253358192482,289.9952455527133,20,#00FF00,Quadrant 3,2,1,50,,#00FF00,0,273.2144951569243,5
image_44.png,5,False,152.37892293216422,382.6177504362713,20,#00FF00,Quadrant 3,2,1,50,,#00FF00,0,110.703829507691,5
image_44.png,5,False,593.5524183445729,167.13547172337866,20,#00FF00,Quadrant 2,1,2,50,,#00FF00,0,83.33012642728899,5
image_44.png,5,False,326.8775816669184,293.7059727616095,20,#00FF00,Quadrant 3,2,1,50,,#00FF00,0,322.4080584503495,5
image_44.png,5,False,359.23972930007454,251.8675270523576,20,#00FF00,Quadrant 4,2,2,50,,#00FF00,0,209.07742585545572,5
image_44.png,5,False,418.8161809386945,34.54292241054418,20,#00FF00,Quadrant 2,1,2,50,,#00FF00,0,141.96646412416524,5
image_44.png,5,False,101.05800935727152,121.25353709350954,20,#00FF00,Quadrant 1,1,1,50,,#00FF00,0,238.47981413542166,5
image_44.png,5,False,649.0429047775476,159.53610960300472,20,#00FF00,Quadrant 2,1,2,50,,#00FF00,0,306.3289340839029,5
image_44.png,5,False,235.78733088926796,182.14246817528692,20,#00FF00,Quadrant 1,1,1,50,,#00FF00,0,299.48394048755637,5
image_44.png,5,False,661.1091786747352,62.450277945519794,20,#00FF00,Quadrant 2,1,2,50,,#00FF00,0,84.10004158979261,5
image_44.png,5,False,86.0822824320038,50.93862953881727,20,#00FF00,Quadrant 1,1,1,50,,#00FF00,0,277.2527832574762,5
image_44.png,5,False,541.762019865672,181.82465507492657,20,#00FF00,Quadrant 2,1,2,50,,#00FF00,0,128.98348053744806,5
image_44.png,5,False,598.3602259205314,45.17909568234241,20,#00FF00,Quadrant 2,1,2,50,,#00FF00,0,166.804774220309,5
image_44.png,5,False,220.60412320778087,277.37841589316633,20,#00FF00,Quadrant 3,2,1,50,,#00FF00,0,290.73488568499494,5
image_44.png,5,False,159.14932394737116,334.78469651867454,20,#00FF00,Quadrant 3,2,1,50,,#00FF00,0,217.1888951548839,5
image_44.png,5,False,500.9874474184419,377.0552015786675,20,#00FF00,Quadrant 4,2,2,50,,#00FF00,0,53.39656705287578,5
image_44.png,5,False,44.726975519801265,123.96178874629022,20,#00FF00,Quadrant 1,1,1,50,,#00FF00,0,142.6480065647176,5
image_44.png,5,False,394.0521417068395,218.94569717678647,20,#00FF00,Quadrant 4,2,2,50,,#00FF00,0,307.65646966392114,5
image_44.png,5,False,53.490068116236685,306.2028775320233,20,#00FF00,Quadrant 3,2,1,50,,#00FF00,0,43.72317198145754,5
image_44.png,5,False,147.51366123937802,162.4199240558343,20,#00FF00,Quadrant 1,1,1,50,,#00FF00,0,80.02372776759778,5
image_44.png,5,False,643.1082926614787,39.34515430212368,20,#00FF00,Quadrant 2,1,2,50,,#00FF00,0,211.00275079291634,5
image_44.png,5,False,147.24998198315348,255.1830465318042,20,#00FF00,Quadrant 3,2,1,50,,#00FF00,0,358.9781134069706,5
image_44.png,5,False,74.37328203468559,331.2701142988848,20,#00FF00,Quadrant 3,2,1,50,,#00FF00,0,291.34751950476283,5
image_44.png,5,False,352.8310835459329,155.67172777842342,20,#00FF00,Quadrant 1,1,1,50,,#00FF00,0,260.79510496705416,5
image_44.png,5,False,318.30187571554626,67.18267262799654,20,#00FF00,Quadrant 1,1,1,50,,#00FF00,0,98.99343684872716,5
image_44.png,5,False,436.0972663338908,255.6712353792023,20,#00FF00,Quadrant 4,2,2,50,,#00FF00,0,221.07836799996758,5
image_44.png,5,False,619.2344375954902,192.0736915249384,20,#00FF00,Quadrant 2,1,2,50,,#00FF00,0,179.60097959873966,5
image_44.png,5,False,274.89752518054553,169.47076241221313,20,#00FF00,Quadrant 1,1,1,50,,#00FF00,0,31.57975838124269,5
image_44.png,5,False,560.269381957396,105.17785144169,20,#00FF00,Quadrant 2,1,2,50,,#00FF00,0,231.35490922983664,5
image_44.png,5,False,502.51239065399943,192.32071789970792,20,#00FF00,Quadrant 2,1,2,50,,#00FF00,0,137.699310194624,5
image_45.png,2,True,400.73361826799027,132.5664702565083,20,#00FF00,Quadrant 2,1,2,20,149,#00FF00,0,123.8522831243554,
image_45.png,5,False,28.95738479276479,236.70998134307288,20,#00FF00,Quadrant 3,2,1,20,,#00FF00,0,97.35684651683059,4
image_45.png,5,False,569.5649729699855,117.19254748633116,20,#00FF00,Quadrant 2,1,2,20,,#00FF00,0,10.549245793188486,4
image_45.png,5,False,335.99054147883385,146.10963342984272,20,#00FF00,Quadrant 1,1,1,20,,#00FF00,0,291.1153980862444,4
image_45.png,5,False,171.37310613745544,71.33817753084583,20,#00FF00,Quadrant 1,1,1,20,,#00FF00,0,210.2360111464416,4
image_45.png,5,False,177.1542758616589,212.73465541419228,20,#00FF00,Quadrant 3,2,1,20,,#00FF00,0,89.22853944056624,4
image_45.png,5,False,518.8344347441275,299.81079556521917,20,#00FF00,Quadrant 4,2,2,20,,#00FF00,0,284.8453963563845,4
image_45.png,5,False,407.6518628391772,382.4472323165363,20,#00FF00,Quadrant 4,2,2,20,,#00FF00,0,341.2088921590758,4
image_45.png,5,False,655.3569561110744,385.8028461150341,20,#00FF00,Quadrant 4,2,2,20,,#00FF00,0,139.83210778034973,4
image_45.png,5,False,173.98373045955555,131.2056512143274,20,#00FF00,Quadrant 1,1,1,20,,#00FF00,0,62.53633129146791,4
image_45.png,5,False,258.2015784213857,234.61062305168866,20,#00FF00,Quadrant 3,2,1,20,,#00FF00,0,265.71783640344114,4
image_45.png,5,False,664.4259006656184,327.271405797201,20,#00FF00,Quadrant 4,2,2,20,,#00FF00,0,51.156824549430574,4
image_45.png,5,False,679.597131044747,215.92309937493548,20,#00FF00,Quadrant 4,2,2,20,,#00FF00,0,291.7444187207929,4
image_45.png,5,False,37.1570176868687,32.23149523088058,20,#00FF00,Quadrant 1,1,1,20,,#00FF00,0,63.20043635783427,4
image_45.png,5,False,24.73038503321274,191.67983752681582,20,#00FF00,Quadrant 1,1,1,20,,#00FF00,0,216.59860312023176,4
image_45.png,5,False,434.1388549194407,315.8363662311811,20,#00FF00,Quadrant 4,2,2,20,,#00FF00,0,119.42423768671323,4
image_45.png,5,False,133.2698522585627,314.31644005432264,20,#00FF00,Quadrant 3,2,1,20,,#00FF00,0,122.6732559360381,4
image_45.png,5,False,52.03405840022847,66.83514317675133,20,#00FF00,Quadrant 1,1,1,20,,#00FF00,0,312.5581553317008,4
image_45.png,5,False,108.59868573798624,52.92798377550968,20,#00FF00,Quadrant 1,1,1,20,,#00FF00,0,253.69068302363672,4
image_45.png,5,False,262.40910830963384,38.41694709075473,20,#00FF00,Quadrant 1,1,1,20,,#00FF00,0,189.46615628779685,4
image_45.png,5,False,467.2141518783967,232.51429867886125,20,#00FF00,Quadrant 4,2,2,20,,#00FF00,0,253.6336834661093,4
image_46.png,2,True,105.01519984281065,70.53646891436773,20,#00FF00,Quadrant 1,1,1,10,149,#00FF00,0,108.63545534116886,
image_46.png,5,False,556.5794997249117,374.1302739393831,20,#00FF00,Quadrant 4,2,2,10,,#00FF00,0,341.52967152947645,3
image_46.png,5,False,131.02564028836062,377.1848148139374,20,#00FF00,Quadrant 3,2,1,10,,#00FF00,0,233.70489563213306,3
image_46.png,5,False,650.9743489909581,308.48289760112806,20,#00FF00,Quadrant 4,2,2,10,,#00FF00,0,249.68174338531549,3
image_46.png,5,False,416.7866573345584,77.28291613630347,20,#00FF00,Quadrant 2,1,2,10,,#00FF00,0,80.36539703303129,3
image_46.png,5,False,485.3754248836815,59.13768186549642,20,#00FF00,Quadrant 2,1,2,10,,#00FF00,0,110.45636254726489,3
image_46.png,5,False,664.7150038084673,369.6079044232633,20,#00FF00,Quadrant 4,2,2,10,,#00FF00,0,262.37914413695967,3
image_46.png,5,False,696.0610769473175,375.8395294286943,20,#00FF00,Quadrant 4,2,2,10,,#00FF00,0,140.9765138199367,3
image_46.png,5,False,426.04579187371917,359.152445806034,20,#00FF00,Quadrant 4,2,2,10,,#00FF00,0,11.657787453751475,3
image_46.png,5,False,163.19682755110134,224.77799303348112,20,#00FF00,Quadrant 3,2,1,10,,#00FF00,0,348.3114068217368,3
image_46.png,5,False,107.90328065436361,292.7397780225494,20,#00FF00,Quadrant 3,2,1,10,,#00FF00,0,337.2076056795315,3
image_47.png,2,True,231.14836992825883,251.47859915085922,20,#00FF00,Quadrant 3,2,1,3,149,#00FF00,0,124.85164488596224,
image_47.png,5,False,577.1249839401055,264.2692878811122,20,#00FF00,Quadrant 4,2,2,3,,#00FF00,0,346.70866483406246,1
image_47.png,5,False,242.33138178086296,15.307544471698247,20,#00FF00,Quadrant 1,1,1,3,,#00FF00,0,262.5429409682398,1
image_47.png,5,False,488.5983165853515,143.48187919718546,20,#00FF00,Quadrant 2,1,2,3,,#00FF00,0,75.48634238417972,1
image_48.png,2,True,44.17359837823106,176.64721342114314,20,#00FF00,Quadrant 1,1,1,1,149,#00FF00,0,259.3488916789086,
image_48.png,5,False,125.60718715530872,167.49924385834478,20,#00FF00,Quadrant 1,1,1,1,,#00FF00,0,151.07516250667464,1
image_49.png,2,True,269.6144759646376,324.28903752004305,20,#00FF00,Quadrant 3,2,1,15,149,#00FF00,0,126.4432209474491,
image_49.png,5,False,409.2802332529278,297.61605946530875,20,#00FF00,Quadrant 4,2,2,15,,#00FF00,0,283.942798011439,3
image_49.png,5,False,321.93703179646855,313.0955458558963,20,#00FF00,Quadrant 3,2,1,15,,#00FF00,0,81.20978190419332,3
image_49.png,5,False,24.833740849762734,109.70627437329503,20,#00FF00,Quadrant 1,1,1,15,,#00FF00,0,12.028603152685617,3
image_49.png,5,False,246.50585059227404,346.6380192035666,20,#00FF00,Quadrant 3,2,1,15,,#00FF00,0,37.70101745957241,3
image_49.png,5,False,62.67666809942471,367.01330625631607,20,#00FF00,Quadrant 3,2,1,15,,#00FF00,0,57.92561816807559,3
image_49.png,5,False,243.84795254682774,383.4343658533521,20,#00FF00,Quadrant 3,2,1,15,,#00FF00,0,352.09494824348155,3
image_49.png,5,False,496.4037015017443,174.04022030713537,20,#00FF00,Quadrant 2,1,2,15,,#00FF00,0,321.5614221527073,3
image_49.png,5,False,429.4418440762162,175.12774548966607,20,#00FF00,Quadrant 2,1,2,15,,#00FF00,0,235.3086630955263,3
image_49.png,5,False,392.7834658658821,360.86682091601324,20,#00FF00,Quadrant 4,2,2,15,,#00FF00,0,147.3407516702325,3
image_49.png,5,False,466.15194807923876,123.41744482363201,20,#00FF00,Quadrant 2,1,2,15,,#00FF00,0,194.44515537839618,3
image_49.png,5,False,281.70962586961235,218.77247547704727,20,#00FF00,Quadrant 3,2,1,15,,#00FF00,0,34.52973170480697,3
image_49.png,5,False,48.553842824780396,12.44228628005871,20,#00FF00,Quadrant 1,1,1,15,,#00FF00,0,176.7413793153493,3
image_49.png,5,False,578.6652445802981,247.2843805021157,20,#00FF00,Quadrant 4,2,2,15,,#00FF00,0,31.54620935050992,3
image_49.png,5,False,77.82397236475268,89.22822754513149,20,#00FF00,Quadrant 1,1,1,15,,#00FF00,0,172.918223082147,3
image_49.png,5,False,684.1927525434938,190.009706131702,20,#00FF00,Quadrant 2,1,2,15,,#00FF00,0,229.74863726684544,3
image_50.png,2,True,284.8550031220967,195.87859498160844,20,#00FF00,Quadrant 1,1,1,1,149,#00FF00,0,111.00722404238257,
image_50.png,5,False,73.79330863241799,216.67963904503918,20,#00FF00,Quadrant 3,2,1,1,,#00FF00,0,237.97441970856175,1
image_51.png,2,True,273.81573391346444,81.52835175769815,20,#00FF00,Quadrant 1,1,1,2,149,#00FF00,0,133.56738894266908,
image_51.png,5,False,313.9811513455579,110.5655060523717,20,#00FF00,Quadrant 1,1,1,2,,#00FF00,0,16.062092891235253,1
image_51.png,5,False,399.7658990731055,68.12739493209779,20,#00FF00,Quadrant 2,1,2,2,,#00FF00,0,301.3483507684046,1
image_52.png,2,True,247.87226533022616,215.66772427027635,20,#00FF00,Quadrant 3,2,1,1,149,#00FF00,0,30.854632262370153,
image_52.png,5,False,417.3215187471828,220.26152052768953,20,#00FF00,Quadrant 4,2,2,1,,#00FF00,0,349.4539933824873,1
image_53.png,2,True,299.4374996298364,213.42444772803543,20,#00FF00,Quadrant 3,2,1,15,149,#00FF00,0,294.6258773515345,
image_53.png,5,False,338.15400341600287,344.26516263986144,20,#00FF00,Quadrant 3,2,1,15,,#00FF00,0,312.08184493400245,3
image_53.png,5,False,65.40002929434331,352.24978210620026,20,#00FF00,Quadrant 3,2,1,15,,#00FF00,0,171.4544211893287,3
image_53.png,5,False,477.82153616188486,245.46323722403653,20,#00FF00,Quadrant 4,2,2,15,,#00FF00,0,288.1621212194468,3
image_53.png,5,False,532.7030526354042,76.3482517208549,20,#00FF00,Quadrant 2,1,2,15,,#00FF00,0,43.30147491195598,3
image_53.png,5,False,680.8216011747145,316.59815265871924,20,#00FF00,Quadrant 4,2,2,15,,#00FF00,0,354.37247648968787,3
image_53.png,5,False,302.705305628448,384.56981593535414,20,#00FF00,Quadrant 3,2,1,15,,#00FF00,0,45.42695950987431,3
image_53.png,5,False,698.1184972505764,248.09150822384638,20,#00FF00,Quadrant 4,2,2,15,,#00FF00,0,156.7415683917026,3
image_53.png,5,False,188.68370203157804,355.2840956065426,20,#00FF00,Quadrant 3,2,1,15,,#00FF00,0,300.2789227233615,3
image_53.png,5,False,57.17123565049395,157.70147983957577,20,#00FF00,Quadrant 1,1,1,15,,#00FF00,0,329.10261728349116,3
image_53.png,5,False,235.70136889974813,115.40390992494024,20,#00FF00,Quadrant 1,1,1,15,,#00FF00,0,143.04779796853293,3
image_53.png,5,False,612.8182485738296,308.3161414768977,20,#00FF00,Quadrant 4,2,2,15,,#00FF00,0,164.93658520414147,3
image_53.png,5,False,371.04522519991855,169.60646933713645,20,#00FF00,Quadrant 2,1,2,15,,#00FF00,0,224.30085429197092,3
image_53.png,5,False,113.10962175118333,233.23910238036467,20,#00FF00,Quadrant 3,2,1,15,,#00FF00,0,149.19926355683234,3
image_53.png,5,False,658.4188396561186,360.62284703500535,20,#00FF00,Quadrant 4,2,2,15,,#00FF00,0,273.01585962876226,3
image_53.png,5,False,80.58241510673413,119.14309883047378,20,#00FF00,Quadrant 1,1,1,15,,#00FF00,0,202.5661534118361,3
image_54.png,2,True,615.8686646975817,110.84364620440029,20,#00FF00,Quadrant 2,1,2,30,149,#00FF00,0,316.8488824650116,
image_54.png,5,False,405.1240122212091,189.81162084759788,20,#00FF00,Quadrant 2,1,2,30,,#00FF00,0,235.7235614568779,4
image_54.png,5,False,288.64905735935633,244.69641669147975,20,#00FF00,Quadrant 3,2,1,30,,#00FF00,0,61.99190213642336,4
image_54.png,5,False,287.785009911069,160.60965731933004,20,#00FF00,Quadrant 1,1,1,30,,#00FF00,0,245.09263075678086,4
image_54.png,5,False,486.76397662380435,29.63198874811404,20,#00FF00,Quadrant 2,1,2,30,,#00FF00,0,316.42474740250304,4
image_54.png,5,False,196.05462055694014,151.78258305525802,20,#00FF00,Quadrant 1,1,1,30,,#00FF00,0,171.0785488151058,4
image_54.png,5,False,557.8262692749862,128.5388345865237,20,#00FF00,Quadrant 2,1,2,30,,#00FF00,0,121.63178931369579,4
image_54.png,5,False,602.3237656479326,269.8740662569267,20,#00FF00,Quadrant 4,2,2,30,,#00FF00,0,303.4247647001066,4
image_54.png,5,False,168.0626579716177,124.58160916160746,20,#00FF00,Quadrant 1,1,1,30,,#00FF00,0,350.09879136684543,4
image_54.png,5,False,427.8306222616677,44.750429414508396,20,#00FF00,Quadrant 2,1,2,30,,#00FF00,0,262.3677887770398,4
image_54.png,5,False,640.3552029335121,164.91039639768846,20,#00FF00,Quadrant 2,1,2,30,,#00FF00,0,159.01797530129983,4
image_54.png,5,False,366.86947717885073,152.33805926400848,20,#00FF00,Quadrant 2,1,2,30,,#00FF00,0,174.4057186947583,4
image_54.png,5,False,556.3368801439703,35.80321375731027,20,#00FF00,Quadrant 2,1,2,30,,#00FF00,0,20.23409534616091,4
image_54.png,5,False,288.9323621575737,306.03521039925243,20,#00FF00,Quadrant 3,2,1,30,,#00FF00,0,255.4449834111802,4
image_54.png,5,False,402.8152144249177,76.67272057283355,20,#00FF00,Quadrant 2,1,2,30,,#00FF00,0,188.74303815185823,4
image_54.png,5,False,149.3007487332592,32.78320099642365,20,#00FF00,Quadrant 1,1,1,30,,#00FF00,0,315.06500020515006,4
image_54.png,5,False,45.83534508588467,147.22178091370782,20,#00FF00,Quadrant 1,1,1,30,,#00FF00,0,11.905576022874694,4
image_54.png,5,False,264.79447809901706,186.47457931144362,20,#00FF00,Quadrant 1,1,1,30,,#00FF00,0,71.67951806360405,4
image_54.png,5,False,646.9976886089771,268.4839082475967,20,#00FF00,Quadrant 4,2,2,30,,#00FF00,0,142.89921990593916,4
image_54.png,5,False,347.7740632168653,179.62709752564604,20,#00FF00,Quadrant 1,1,1,30,,#00FF00,0,87.09771405226017,4
image_54.png,5,False,337.9871971634066,219.40414638973206,20,#00FF00,Quadrant 3,2,1,30,,#00FF00,0,345.7873361809036,4
image_54.png,5,False,588.1434477068851,108.7734524690159,20,#00FF00,Quadrant 2,1,2,30,,#00FF00,0,123.92964138735009,4
image_54.png,5,False,73.28003366599083,21.37628518135714,20,#00FF00,Quadrant 1,1,1,30,,#00FF00,0,299.11327248801433,4
image_54.png,5,False,599.2828940174415,305.7757910843108,20,#00FF00,Quadrant 4,2,2,30,,#00FF00,0,17.87437542264656,4
image_54.png,5,False,163.51089206371265,96.09235146767499,20,#00FF00,Quadrant 1,1,1,30,,#00FF00,0,77.15469143211861,4
image_54.png,5,False,459.9436723377589,205.02030636057097,20,#00FF00,Quadrant 4,2,2,30,,#00FF00,0,74.4231550162292,4
image_54.png,5,False,677.3583270971299,268.8714985203999,20,#00FF00,Quadrant 4,2,2,30,,#00FF00,0,311.2667748399773,4
image_54.png,5,False,102.16440854995695,76.46984815025073,20,#00FF00,Quadrant 1,1,1,30,,#00FF00,0,170.67499435056413,4
image_54.png,5,False,165.17755185735976,240.95398773493125,20,#00FF00,Quadrant 3,2,1,30,,#00FF00,0,288.3113309968035,4
image_54.png,5,False,502.0781963041412,279.1411782574343,20,#00FF00,Quadrant 4,2,2,30,,#00FF00,0,339.48178850088635,4
image_54.png,5,False,627.9877698227135,332.8995734290188,20,#00FF00,Quadrant 4,2,2,30,,#00FF00,0,99.13628095813425,4
image_55.png,2,True,332.5549326775816,266.9801471144044,20,#00FF00,Quadrant 3,2,1,20,149,#00FF00,0,90.71953534003538,
image_55.png,5,False,284.6381000407908,49.67397492213086,20,#00FF00,Quadrant 1,1,1,20,,#00FF00,0,296.7518957294389,4
image_55.png,5,False,467.36290679058783,329.7613331324238,20,#00FF00,Quadrant 4,2,2,20,,#00FF00,0,184.14493828858863,4
image_55.png,5,False,457.01872072450277,241.22093955317035,20,#00FF00,Quadrant 4,2,2,20,,#00FF00,0,134.72271473798574,4
image_55.png,5,False,85.48402157364615,35.13040637310755,20,#00FF00,Quadrant 1,1,1,20,,#00FF00,0,107.45133345118708,4
image_55.png,5,False,500.9436113689645,348.31729552339254,20,#00FF00,Quadrant 4,2,2,20,,#00FF00,0,94.01288685353887,4
image_55.png,5,False,114.30128518801385,300.34931877876954,20,#00FF00,Quadrant 3,2,1,20,,#00FF00,0,107.56480029083512,4
image_55.png,5,False,565.9411477945021,314.29349540316275,20,#00FF00,Quadrant 4,2,2,20,,#00FF00,0,323.8873361083782,4
image_55.png,5,False,466.10539301629785,268.3256736464303,20,#00FF00,Quadrant 4,2,2,20,,#00FF00,0,216.0119884124058,4
image_55.png,5,False,462.57099304862226,388.0433196405958,20,#00FF00,Quadrant 4,2,2,20,,#00FF00,0,259.6619511333398,4
image_55.png,5,False,299.3917577100444,157.76792014006327,20,#00FF00,Quadrant 1,1,1,20,,#00FF00,0,93.39345817631602,4
image_55.png,5,False,498.8595130099752,227.23204006592596,20,#00FF00,Quadrant 4,2,2,20,,#00FF00,0,12.71484173751273,4
image_55.png,5,False,511.59286496424255,95.05328732302965,20,#00FF00,Quadrant 2,1,2,20,,#00FF00,0,68.36945774808625,4
image_55.png,5,False,551.7940710990246,353.6670190809107,20,#00FF00,Quadrant 4,2,2,20,,#00FF00,0,192.46863655591673,4
image_55.png,5,False,360.53993551309577,330.568474324457,20,#00FF00,Quadrant 4,2,2,20,,#00FF00,0,241.8726513464672,4
image_55.png,5,False,614.9049064117141,79.46935424991229,20,#00FF00,Quadrant 2,1,2,20,,#00FF00,0,302.629930054704,4
image_55.png,5,False,99.15351225058075,108.77039951175858,20,#00FF00,Quadrant 1,1,1,20,,#00FF00,0,35.13710297257536,4
image_55.png,5,False,536.6506524219994,80.19983895076093,20,#00FF00,Quadrant 2,1,2,20,,#00FF00,0,291.00379289128927,4
image_55.png,5,False,242.25076714832682,44.75533272334802,20,#00FF00,Quadrant 1,1,1,20,,#00FF00,0,244.6964529443742,4
image_55.png,5,False,523.7606413171948,127.07823256357483,20,#00FF00,Quadrant 2,1,2,20,,#00FF00,0,127.90202260313966,4
image_55.png,5,False,239.277507372865,109.49139098335596,20,#00FF00,Quadrant 1,1,1,20,,#00FF00,0,283.71255725073576,4
image_56.png,2,True,92.15143368541963,31.289888765638242,20,#00FF00,Quadrant 1,1,1,5,149,#00FF00,0,166.95382614759356,
image_56.png,5,False,410.8357317196084,245.60747481077573,20,#00FF00,Quadrant 4,2,2,5,,#00FF00,0,228.38282771473274,2
image_56.png,5,False,145.0406816290983,56.2904242568772,20,#00FF00,Quadrant 1,1,1,5,,#00FF00,0,169.99908566618993,2
image_56.png,5,False,376.0587296900683,167.15454201724694,20,#00FF00,Quadrant 2,1,2,5,,#00FF00,0,245.05119515509094,2
image_56.png,5,False,114.8863528046359,386.1074883916386,20,#00FF00,Quadrant 3,2,1,5,,#00FF00,0,313.50569268708165,2
image_56.png,5,False,691.17501197248,348.49545661138524,20,#00FF00,Quadrant 4,2,2,5,,#00FF00,0,123.36115857444003,2
image_57.png,2,True,605.189426959273,79.17485872238697,20,#00FF00,Quadrant 2,1,2,20,149,#00FF00,0,51.56069482786985,
image_57.png,5,False,240.1816889254866,383.950060880479,20,#00FF00,Quadrant 3,2,1,20,,#00FF00,0,29.092128094502545,4
image_57.png,5,False,50.971362287160716,181.87612039889046,20,#00FF00,Quadrant 1,1,1,20,,#00FF00,0,112.82906583264193,4
image_57.png,5,False,543.970624939869,228.83343014847378,20,#00FF00,Quadrant 4,2,2,20,,#00FF00,0,75.37765260062798,4
image_57.png,5,False,552.0103140257236,305.74642848431785,20,#00FF00,Quadrant 4,2,2,20,,#00FF00,0,57.03664225524478,4
image_57.png,5,False,309.8271644448706,173.31687529744755,20,#00FF00,Quadrant 1,1,1,20,,#00FF00,0,46.586144724582915,4
image_57.png,5,False,339.928790123053,12.764934005291527,20,#00FF00,Quadrant 1,1,1,20,,#00FF00,0,154.44916149614764,4
image_57.png,5,False,514.4240995128964,370.1259366521325,20,#00FF00,Quadrant 4,2,2,20,,#00FF00,0,192.16173702321296,4
image_57.png,5,False,13.841321608329451,288.3020250652368,20,#00FF00,Quadrant 3,2,1,20,,#00FF00,0,6.449805227140568,4
image_57.png,5,False,615.2427581940367,128.97087446403384,20,#00FF00,Quadrant 2,1,2,20,,#00FF00,0,81.45565606407004,4
image_57.png,5,False,357.7988338142194,126.71150481055402,20,#00FF00,Quadrant 2,1,2,20,,#00FF00,0,36.97496040223663,4
image_57.png,5,False,42.49994434760025,369.5191557700403,20,#00FF00,Quadrant 3,2,1,20,,#00FF00,0,23.50332808929515,4
image_57.png,5,False,369.47871603741396,209.11646930651133,20,#00FF00,Quadrant 4,2,2,20,,#00FF00,0,164.13347230866168,4
image_57.png,5,False,484.1915265685356,61.57240458989896,20,#00FF00,Quadrant 2,1,2,20,,#00FF00,0,156.11948281281184,4
image_57.png,5,False,348.73311368021257,294.5436900945383,20,#00FF00,Quadrant 3,2,1,20,,#00FF00,0,358.61000928653897,4
image_57.png,5,False,635.8501287374163,317.93914376558394,20,#00FF00,Quadrant 4,2,2,20,,#00FF00,0,59.35806320093842,4
image_57.png,5,False,165.55741933002557,383.28446025845244,20,#00FF00,Quadrant 3,2,1,20,,#00FF00,0,6.884903924394989,4
image_57.png,5,False,26.098244453209347,201.75148363319212,20,#00FF00,Quadrant 3,2,1,20,,#00FF00,0,76.02848249873207,4
image_57.png,5,False,500.95485207604105,310.42406460734736,20,#00FF00,Quadrant 4,2,2,20,,#00FF00,0,44.338313430345934,4
image_57.png,5,False,452.1812277528549,302.5323727438542,20,#00FF00,Quadrant 4,2,2,20,,#00FF00,0,135.06927576330222,4
image_57.png,5,False,420.21368276577203,29.129022018794924,20,#00FF00,Quadrant 2,1,2,20,,#00FF00,0,224.32851983227806,4
image_58.png,2,True,24.602077128246016,271.72540488666704,20,#00FF00,Quadrant 3,2,1,1,149,#00FF00,0,235.28434262427095,
image_58.png,5,False,272.99484265712647,217.87274142753387,20,#00FF00,Quadrant 3,2,1,1,,#00FF00,0,150.0392034646358,1
image_59.png,2,True,152.58599688848335,270.20973079098525,20,#00FF00,Quadrant 3,2,1,20,149,#00FF00,0,252.67255734745973,
image_59.png,5,False,300.98043347810875,49.17038223459244,20,#00FF00,Quadrant 1,1,1,20,,#00FF00,0,3.349637302770634,4
image_59.png,5,False,440.1076682156477,275.8745588648901,20,#00FF00,Quadrant 4,2,2,20,,#00FF00,0,187.31132430726117,4
image_59.png,5,False,630.1505063271962,204.37904928396364,20,#00FF00,Quadrant 4,2,2,20,,#00FF00,0,150.7772706377132,4
image_59.png,5,False,205.78496326919375,307.63930501168727,20,#00FF00,Quadrant 3,2,1,20,,#00FF00,0,222.37126381981705,4
image_59.png,5,False,430.6022466467866,305.06847047367467,20,#00FF00,Quadrant 4,2,2,20,,#00FF00,0,179.18606274957057,4
image_59.png,5,False,681.479488677925,146.29445421620525,20,#00FF00,Quadrant 2,1,2,20,,#00FF00,0,299.33957538256493,4
image_59.png,5,False,121.49740945659973,218.19645268933533,20,#00FF00,Quadrant 3,2,1,20,,#00FF00,0,147.51224299018403,4
image_59.png,5,False,485.17249774875245,192.69097036844616,20,#00FF00,Quadrant 2,1,2,20,,#00FF00,0,327.72838588632516,4
image_59.png,5,False,19.78433747407215,44.64307334125529,20,#00FF00,Quadrant 1,1,1,20,,#00FF00,0,84.42189574976027,4
image_59.png,5,False,406.5912552174635,197.77132290882332,20,#00FF00,Quadrant 2,1,2,20,,#00FF00,0,39.75513026627582,4
image_59.png,5,False,548.0935673606766,39.36822475125675,20,#00FF00,Quadrant 2,1,2,20,,#00FF00,0,341.8005656632018,4
image_59.png,5,False,634.3929955460851,254.55930721296806,20,#00FF00,Quadrant 4,2,2,20,,#00FF00,0,260.48744944084115,4
image_59.png,5,False,684.3534665626233,110.83925860745342,20,#00FF00,Quadrant 2,1,2,20,,#00FF00,0,164.43044450819292,4
image_59.png,5,False,571.2799271894212,341.4250897832962,20,#00FF00,Quadrant 4,2,2,20,,#00FF00,0,18.028870492661035,4
image_59.png,5,False,259.1879035331287,266.81774909945784,20,#00FF00,Quadrant 3,2,1,20,,#00FF00,0,306.80952686521545,4
image_59.png,5,False,90.85582597146885,332.7709504559719,20,#00FF00,Quadrant 3,2,1,20,,#00FF00,0,153.3582742949908,4
image_59.png,5,False,237.4473091612486,349.13143936884467,20,#00FF00,Quadrant 3,2,1,20,,#00FF00,0,232.99150542456223,4
image_59.png,5,False,247.1359559818881,54.02849596361739,20,#00FF00,Quadrant 1,1,1,20,,#00FF00,0,134.14397517880158,4
image_59.png,5,False,325.55515513042354,326.8977545484934,20,#00FF00,Quadrant 3,2,1,20,,#00FF00,0,144.0900813522307,4
image_59.png,5,False,340.5108125592058,170.41765252697445,20,#00FF00,Quadrant 1,1,1,20,,#00FF00,0,248.36487521411306,4
image_60.png,2,True,490.6610428578947,33.16833756143705,20,#00FF00,Quadrant 2,1,2,2,149,#00FF00,0,40.7003602959526,
image_60.png,5,False,120.82342886521162,168.2584768864789,20,#00FF00,Quadrant 1,1,1,2,,#00FF00,0,339.288115679964,1
image_60.png,5,False,563.760436207071,267.4326055021997,20,#00FF00,Quadrant 4,2,2,2,,#00FF00,0,212.67010907652184,1
image_61.png,2,True,547.8441989725429,242.09348248610297,20,#00FF00,Quadrant 4,2,2,2,149,#00FF00,0,220.076336985158,
image_61.png,5,False,617.2857198398682,285.9113239196095,20,#00FF00,Quadrant 4,2,2,2,,#00FF00,0,310.52727882867373,1
image_61.png,5,False,343.8418832358287,195.51040970303387,20,#00FF00,Quadrant 1,1,1,2,,#00FF00,0,321.03460853573614,1
image_62.png,2,True,54.6385360378866,258.5800090341414,20,#00FF00,Quadrant 3,2,1,15,149,#00FF00,0,158.64763689450945,
image_62.png,5,False,609.2809353105204,209.381170750602,20,#00FF00,Quadrant 4,2,2,15,,#00FF00,0,4.449676674936254,3
image_62.png,5,False,509.6799713171528,95.66629950437334,20,#00FF00,Quadrant 2,1,2,15,,#00FF00,0,267.7045724361661,3
image_62.png,5,False,436.9666820587354,174.61650888716886,20,#00FF00,Quadrant 2,1,2,15,,#00FF00,0,247.7669916466539,3
image_62.png,5,False,343.0495476739212,261.8826234015802,20,#00FF00,Quadrant 3,2,1,15,,#00FF00,0,261.5947086325863,3
image_62.png,5,False,113.42291760514485,323.39349602948215,20,#00FF00,Quadrant 3,2,1,15,,#00FF00,0,230.90560301062152,3
image_62.png,5,False,433.2977537780706,15.401759871875566,20,#00FF00,Quadrant 2,1,2,15,,#00FF00,0,321.14227738682166,3
image_62.png,5,False,359.3360570285812,188.3912180513687,20,#00FF00,Quadrant 2,1,2,15,,#00FF00,0,336.37371135125943,3
image_62.png,5,False,124.96326869414857,295.0405403959969,20,#00FF00,Quadrant 3,2,1,15,,#00FF00,0,178.50057507298607,3
image_62.png,5,False,238.98654649726998,116.1433952378673,20,#00FF00,Quadrant 1,1,1,15,,#00FF00,0,115.42817359209846,3
image_62.png,5,False,390.29144754443786,154.1250099721454,20,#00FF00,Quadrant 2,1,2,15,,#00FF00,0,182.49455958734708,3
image_62.png,5,False,65.31428047505148,178.90339530167552,20,#00FF00,Quadrant 1,1,1,15,,#00FF00,0,294.1571900591254,3
image_62.png,5,False,686.6821391335892,292.7003286404535,20,#00FF00,Quadrant 4,2,2,15,,#00FF00,0,113.7821498716955,3
image_62.png,5,False,288.96992503182037,24.54447044875861,20,#00FF00,Quadrant 1,1,1,15,,#00FF00,0,6.3968863856166,3
image_62.png,5,False,580.0511345537531,310.2940817951324,20,#00FF00,Quadrant 4,2,2,15,,#00FF00,0,197.67556428954822,3
image_62.png,5,False,450.26376634737835,347.46191975587357,20,#00FF00,Quadrant 4,2,2,15,,#00FF00,0,346.74164938080173,3
image_63.png,2,True,473.64584146683853,370.23423913749224,20,#00FF00,Quadrant 4,2,2,30,149,#00FF00,0,74.4664495859634,
image_63.png,5,False,48.39562196753624,95.26304724180692,20,#00FF00,Quadrant 1,1,1,30,,#00FF00,0,130.80329192513196,4
image_63.png,5,False,396.943932278081,245.26851253793785,20,#00FF00,Quadrant 4,2,2,30,,#00FF00,0,163.60559373729035,4
image_63.png,5,False,463.78820523105514,281.6153031070327,20,#00FF00,Quadrant 4,2,2,30,,#00FF00,0,170.328125193692,4
image_63.png,5,False,534.1714462935116,94.82040675603183,20,#00FF00,Quadrant 2,1,2,30,,#00FF00,0,41.04840900806578,4
image_63.png,5,False,582.7899972021024,375.55593234574053,20,#00FF00,Quadrant 4,2,2,30,,#00FF00,0,122.88856124766194,4
image_63.png,5,False,370.64772467024966,276.3923081322745,20,#00FF00,Quadrant 4,2,2,30,,#00FF00,0,105.11408297098134,4
image_63.png,5,False,124.1030483490143,64.08979280781007,20,#00FF00,Quadrant 1,1,1,30,,#00FF00,0,16.48011954781234,4
image_63.png,5,False,508.1542167659567,51.43144908637818,20,#00FF00,Quadrant 2,1,2,30,,#00FF00,0,258.0682005532378,4
image_63.png,5,False,140.2174029662747,362.6217459598889,20,#00FF00,Quadrant 3,2,1,30,,#00FF00,0,219.90663580992614,4
image_63.png,5,False,325.9046997138694,306.37691257922927,20,#00FF00,Quadrant 3,2,1,30,,#00FF00,0,141.44273636946244,4
image_63.png,5,False,85.25059988108198,167.66979045850883,20,#00FF00,Quadrant 1,1,1,30,,#00FF00,0,258.0436492089635,4
image_63.png,5,False,588.0142376281743,233.5705987854067,20,#00FF00,Quadrant 4,2,2,30,,#00FF00,0,333.58555099343187,4
image_63.png,5,False,321.3976673047262,259.8966307100766,20,#00FF00,Quadrant 3,2,1,30,,#00FF00,0,277.97226250940236,4
image_63.png,5,False,103.76421394270598,199.55722671478705,20,#00FF00,Quadrant 1,1,1,30,,#00FF00,0,344.22851578527036,4
image_63.png,5,False,44.46583628038269,364.5465301543647,20,#00FF00,Quadrant 3,2,1,30,,#00FF00,0,190.9311651068703,4
image_63.png,5,False,343.7401228762532,203.1498358491719,20,#00FF00,Quadrant 3,2,1,30,,#00FF00,0,301.97379984440994,4
image_63.png,5,False,133.0924801279783,229.69355779617877,20,#00FF00,Quadrant 3,2,1,30,,#00FF00,0,331.6184330557684,4
image_63.png,5,False,619.1774499919292,201.55362511549615,20,#00FF00,Quadrant 4,2,2,30,,#00FF00,0,216.19656784994805,4
image_63.png,5,False,685.8760237812746,357.2140713615035,20,#00FF00,Quadrant 4,2,2,30,,#00FF00,0,138.47854994773348,4
image_63.png,5,False,199.50756128976064,375.2383572429465,20,#00FF00,Quadrant 3,2,1,30,,#00FF00,0,274.4548762542454,4
image_63.png,5,False,323.0106914900617,61.41455212408335,20,#00FF00,Quadrant 1,1,1,30,,#00FF00,0,349.3769939683562,4
image_63.png,5,False,493.3098422941192,293.9053553018523,20,#00FF00,Quadrant 4,2,2,30,,#00FF00,0,148.58837021074294,4
image_63.png,5,False,494.32957987068824,336.34745243682175,20,#00FF00,Quadrant 4,2,2,30,,#00FF00,0,107.60872858395274,4
image_63.png,5,False,655.5678213716872,250.11648154374575,20,#00FF00,Quadrant 4,2,2,30,,#00FF00,0,256.2747683022522,4
image_63.png,5,False,441.05146896251244,120.83904929115675,20,#00FF00,Quadrant 2,1,2,30,,#00FF00,0,72.32006963712399,4
image_63.png,5,False,671.2869259827804,201.4717199583484,20,#00FF00,Quadrant 4,2,2,30,,#00FF00,0,234.03109961051206,4
image_63.png,5,False,233.1207828181462,54.6231853632104,20,#00FF00,Quadrant 1,1,1,30,,#00FF00,0,249.95231054183748,4
image_63.png,5,False,341.9748765271419,226.70123742767151,20,#00FF00,Quadrant 3,2,1,30,,#00FF00,0,126.80560888663587,4
image_63.png,5,False,298.64229592348454,293.69437743634984,20,#00FF00,Quadrant 3,2,1,30,,#00FF00,0,240.17660569879789,4
image_63.png,5,False,208.0043783752755,331.2798125569675,20,#00FF00,Quadrant 3,2,1,30,,#00FF00,0,302.90014887008823,4
image_64.png,2,True,28.412505324331264,65.93349699719671,20,#00FF00,Quadrant 1,1,1,0,149,#00FF00,0,188.18279503531284,
image_65.png,2,True,527.877477863667,71.83357906174095,20,#00FF00,Quadrant 2,1,2,0,149,#00FF00,0,71.96487021529805,
image_66.png,2,True,111.88916080693953,34.44840744916237,20,#00FF00,Quadrant 1,1,1,5,149,#00FF00,0,246.02051831932334,
image_66.png,5,False,151.5566223876642,215.56304904976344,20,#00FF00,Quadrant 3,2,1,5,,#00FF00,0,282.3686643410519,2
image_66.png,5,False,322.8376136169487,243.88913916138833,20,#00FF00,Quadrant 3,2,1,5,,#00FF00,0,129.1256774444091,2
image_66.png,5,False,398.1387535398884,95.78819196397075,20,#00FF00,Quadrant 2,1,2,5,,#00FF00,0,243.1893648670412,2
image_66.png,5,False,278.9429101921862,204.12863079062186,20,#00FF00,Quadrant 3,2,1,5,,#00FF00,0,232.96299995524734,2
image_66.png,5,False,490.6325345574545,272.929836430986,20,#00FF00,Quadrant 4,2,2,5,,#00FF00,0,286.8601132003652,2
image_67.png,2,True,278.02515291433133,372.63334466447054,20,#00FF00,Quadrant 3,2,1,0,149,#00FF00,0,333.53453202076065,
image_68.png,2,True,48.0697105000395,292.1072472408931,20,#00FF00,Quadrant 3,2,1,10,149,#00FF00,0,347.69995688471835,
image_68.png,5,False,609.6376233477686,336.24811115044827,20,#00FF00,Quadrant 4,2,2,10,,#00FF00,0,73.11140018256164,3
image_68.png,5,False,166.40291489671253,250.57205075286168,20,#00FF00,Quadrant 3,2,1,10,,#00FF00,0,159.50298740561345,3
image_68.png,5,False,264.373632380882,233.40965858564167,20,#00FF00,Quadrant 3,2,1,10,,#00FF00,0,255.4363631691609,3
image_68.png,5,False,146.36719733301626,285.01768882946334,20,#00FF00,Quadrant 3,2,1,10,,#00FF00,0,265.8420116992243,3
image_68.png,5,False,320.2334815356615,382.7453563067693,20,#00FF00,Quadrant 3,2,1,10,,#00FF00,0,69.65917636382562,3
image_68.png,5,False,674.1454465444747,288.86004571791074,20,#00FF00,Quadrant 4,2,2,10,,#00FF00,0,26.80883785569343,3
image_68.png,5,False,38.996986517622155,116.50442910488157,20,#00FF00,Quadrant 1,1,1,10,,#00FF00,0,42.967372058267586,3
image_68.png,5,False,121.87997748230684,330.79336612221675,20,#00FF00,Quadrant 3,2,1,10,,#00FF00,0,95.1262543113824,3
image_68.png,5,False,650.8248562983579,236.62076550143473,20,#00FF00,Quadrant 4,2,2,10,,#00FF00,0,14.378612155714748,3
image_68.png,5,False,441.87763050313566,329.70691289152575,20,#00FF00,Quadrant 4,2,2,10,,#00FF00,0,278.51794194919967,3
image_69.png,2,True,405.5744464923468,146.35635232589348,20,#00FF00,Quadrant 2,1,2,5,149,#00FF00,0,176.5983388153236,
image_69.png,5,False,230.00485470143855,94.14564183161671,20,#00FF00,Quadrant 1,1,1,5,,#00FF00,0,282.2513214853805,2
image_69.png,5,False,57.973587212949425,201.9430524724874,20,#00FF00,Quadrant 3,2,1,5,,#00FF00,0,66.19287511272923,2
image_69.png,5,False,381.0177712958631,45.75541938896712,20,#00FF00,Quadrant 2,1,2,5,,#00FF00,0,149.7352477573518,2
image_69.png,5,False,158.000775218289,136.451968633705,20,#00FF00,Quadrant 1,1,1,5,,#00FF00,0,79.631309196523,2
image_69.png,5,False,161.50880190553065,295.50385065160737,20,#00FF00,Quadrant 3,2,1,5,,#00FF00,0,129.88721687858376,2
image_70.png,2,True,397.7595967093207,295.30656004598995,20,#00FF00,Quadrant 4,2,2,30,149,#00FF00,0,170.94858794500817,
image_70.png,5,False,90.04342451616077,141.7907559310065,20,#00FF00,Quadrant 1,1,1,30,,#00FF00,0,233.7480408189396,4
image_70.png,5,False,453.5201411607865,358.23355909278825,20,#00FF00,Quadrant 4,2,2,30,,#00FF00,0,86.52523551597238,4
image_70.png,5,False,38.47542416511389,345.77954010154446,20,#00FF00,Quadrant 3,2,1,30,,#00FF00,0,87.77777899207811,4
image_70.png,5,False,559.5863375149407,53.855382396736,20,#00FF00,Quadrant 2,1,2,30,,#00FF00,0,137.29413874250406,4
image_70.png,5,False,509.81919416687765,20.33876583341491,20,#00FF00,Quadrant 2,1,2,30,,#00FF00,0,92.3726003951239,4
image_70.png,5,False,541.8705880593217,205.40882546800916,20,#00FF00,Quadrant 4,2,2,30,,#00FF00,0,186.07241612642454,4
image_70.png,5,False,346.4084446148112,123.05204049907957,20,#00FF00,Quadrant 1,1,1,30,,#00FF00,0,183.14481348097684,4
image_70.png,5,False,231.6954896753538,42.126579362333324,20,#00FF00,Quadrant 1,1,1,30,,#00FF00,0,234.55015055317025,4
image_70.png,5,False,680.4522224655323,303.31439989324275,20,#00FF00,Quadrant 4,2,2,30,,#00FF00,0,34.544315191076166,4
image_70.png,5,False,442.9568893470621,90.67539752562845,20,#00FF00,Quadrant 2,1,2,30,,#00FF00,0,191.95409597932553,4
image_70.png,5,False,157.87766585462643,270.08315918111185,20,#00FF00,Quadrant 3,2,1,30,,#00FF00,0,226.6252142078401,4
image_70.png,5,False,152.6443223395396,324.2669976326585,20,#00FF00,Quadrant 3,2,1,30,,#00FF00,0,300.8394279883329,4
image_70.png,5,False,521.8073990204739,175.5198742926129,20,#00FF00,Quadrant 2,1,2,30,,#00FF00,0,316.30940341532687,4
image_70.png,5,False,60.69101985251732,270.32445785492087,20,#00FF00,Quadrant 3,2,1,30,,#00FF00,0,294.03156532578464,4
image_70.png,5,False,133.6366006896942,106.22122437474005,20,#00FF00,Quadrant 1,1,1,30,,#00FF00,0,26.36929049742596,4
image_70.png,5,False,577.095710537194,355.3529251349637,20,#00FF00,Quadrant 4,2,2,30,,#00FF00,0,25.359153203565057,4
image_70.png,5,False,321.82558231964475,163.88135182621676,20,#00FF00,Quadrant 1,1,1,30,,#00FF00,0,146.74780025848548,4
image_70.png,5,False,279.36678653138,55.719577894861935,20,#00FF00,Quadrant 1,1,1,30,,#00FF00,0,113.90552853108008,4
image_70.png,5,False,428.92386457772625,117.41359394247574,20,#00FF00,Quadrant 2,1,2,30,,#00FF00,0,246.91631725792774,4
image_70.png,5,False,273.79395281697083,321.76225592012224,20,#00FF00,Quadrant 3,2,1,30,,#00FF00,0,333.60871670814913,4
image_70.png,5,False,559.9748311226583,332.0986915847946,20,#00FF00,Quadrant 4,2,2,30,,#00FF00,0,268.8314081784883,4
image_70.png,5,False,676.1367560682206,338.7785315490118,20,#00FF00,Quadrant 4,2,2,30,,#00FF00,0,319.3121228300095,4
image_70.png,5,False,670.6428462354947,15.214778536797617,20,#00FF00,Quadrant 2,1,2,30,,#00FF00,0,233.25861911719278,4
image_70.png,5,False,108.40659382871553,26.790247096875866,20,#00FF00,Quadrant 1,1,1,30,,#00FF00,0,314.9160939442002,4
image_70.png,5,False,282.52229189945575,217.9646201726661,20,#00FF00,Quadrant 3,2,1,30,,#00FF00,0,206.1786941796225,4
image_70.png,5,False,156.88675367324757,353.3273954701581,20,#00FF00,Quadrant 3,2,1,30,,#00FF00,0,261.3374448104694,4
image_70.png,5,False,109.1515756912347,80.54924921287483,20,#00FF00,Quadrant 1,1,1,30,,#00FF00,0,306.52518648295825,4
image_70.png,5,False,185.13908494182496,54.327320922563345,20,#00FF00,Quadrant 1,1,1,30,,#00FF00,0,222.07857236645674,4
image_70.png,5,False,401.86463204176,31.55877964067872,20,#00FF00,Quadrant 2,1,2,30,,#00FF00,0,241.55204808620823,4
image_70.png,5,False,693.1626552051432,218.46572089462163,20,#00FF00,Quadrant 4,2,2,30,,#00FF00,0,270.3750531051543,4
image_71.png,2,True,473.7911366404067,105.75991840005297,20,#00FF00,Quadrant 2,1,2,30,149,#00FF00,0,26.332045977078067,
image_71.png,5,False,411.0304051985903,370.68208459810654,20,#00FF00,Quadrant 4,2,2,30,,#00FF00,0,71.07033328124976,4
image_71.png,5,False,59.098321565849396,84.14245912524375,20,#00FF00,Quadrant 1,1,1,30,,#00FF00,0,102.64937179554761,4
image_71.png,5,False,237.2304478932912,260.2616108324031,20,#00FF00,Quadrant 3,2,1,30,,#00FF00,0,174.91004289859941,4
image_71.png,5,False,116.0001288552979,225.27379554345097,20,#00FF00,Quadrant 3,2,1,30,,#00FF00,0,249.64492656514923,4
image_71.png,5,False,671.5159972094282,74.7457351224605,20,#00FF00,Quadrant 2,1,2,30,,#00FF00,0,290.77191527098364,4
image_71.png,5,False,552.3198172124565,280.2112700913141,20,#00FF00,Quadrant 4,2,2,30,,#00FF00,0,112.75732106434587,4
image_71.png,5,False,201.63240633037555,146.88570790564717,20,#00FF00,Quadrant 1,1,1,30,,#00FF00,0,230.70187596235172,4
image_71.png,5,False,239.44687275486683,192.42260084268958,20,#00FF00,Quadrant 1,1,1,30,,#00FF00,0,244.64886474512667,4
image_71.png,5,False,544.8144364913558,195.07518256106934,20,#00FF00,Quadrant 2,1,2,30,,#00FF00,0,160.32887048383785,4
image_71.png,5,False,455.7850552124266,41.986055986566456,20,#00FF00,Quadrant 2,1,2,30,,#00FF00,0,39.17974906621317,4
image_71.png,5,False,580.4196908508326,347.9102807164015,20,#00FF00,Quadrant 4,2,2,30,,#00FF00,0,101.02173826945507,4
image_71.png,5,False,516.4122411436243,247.86193855779453,20,#00FF00,Quadrant 4,2,2,30,,#00FF00,0,70.71549456391091,4
image_71.png,5,False,625.660472213002,332.1439891585216,20,#00FF00,Quadrant 4,2,2,30,,#00FF00,0,261.87313219267116,4
image_71.png,5,False,570.9106134841036,229.82449758902806,20,#00FF00,Quadrant 4,2,2,30,,#00FF00,0,227.38553800605177,4
image_71.png,5,False,157.59211277546854,24.856084916759492,20,#00FF00,Quadrant 1,1,1,30,,#00FF00,0,276.9120917649051,4
image_71.png,5,False,626.9563089022316,214.99795015495485,20,#00FF00,Quadrant 4,2,2,30,,#00FF00,0,93.8218757186007,4
image_71.png,5,False,113.40812570638231,159.3643747300648,20,#00FF00,Quadrant 1,1,1,30,,#00FF00,0,235.40693014168,4
image_71.png,5,False,417.23492004121306,335.00805026291073,20,#00FF00,Quadrant 4,2,2,30,,#00FF00,0,320.917515739591,4
image_71.png,5,False,356.27386507894,45.22942116845242,20,#00FF00,Quadrant 2,1,2,30,,#00FF00,0,48.19725340077584,4
image_71.png,5,False,18.29766976524497,101.29694411558755,20,#00FF00,Quadrant 1,1,1,30,,#00FF00,0,130.9916009067015,4
image_71.png,5,False,687.4968541865854,269.61310628569765,20,#00FF00,Quadrant 4,2,2,30,,#00FF00,0,347.040096598524,4
image_71.png,5,False,107.71540724073265,71.18607397166546,20,#00FF00,Quadrant 1,1,1,30,,#00FF00,0,272.59418565846386,4
image_71.png,5,False,515.3510830859382,366.0082476260119,20,#00FF00,Quadrant 4,2,2,30,,#00FF00,0,52.63165909745641,4
image_71.png,5,False,535.6544683276521,98.60146507443129,20,#00FF00,Quadrant 2,1,2,30,,#00FF00,0,14.551137378624679,4
image_71.png,5,False,172.2388628385589,263.7253568035409,20,#00FF00,Quadrant 3,2,1,30,,#00FF00,0,95.16856143621105,4
image_71.png,5,False,556.3162549801333,157.69919556034247,20,#00FF00,Quadrant 2,1,2,30,,#00FF00,0,186.4386827258869,4
image_71.png,5,False,618.3893151282922,26.08397606509131,20,#00FF00,Quadrant 2,1,2,30,,#00FF00,0,330.4446998512122,4
image_71.png,5,False,82.12203388567472,377.07084951608596,20,#00FF00,Quadrant 3,2,1,30,,#00FF00,0,233.46890953679085,4
image_71.png,5,False,199.43827222456773,291.44186927030586,20,#00FF00,Quadrant 3,2,1,30,,#00FF00,0,228.08411343897114,4
image_71.png,5,False,403.84034460620967,153.3773172876929,20,#00FF00,Quadrant 2,1,2,30,,#00FF00,0,208.30731657122092,4
image_72.png,2,True,461.1488805776695,326.8073075817716,20,#00FF00,Quadrant 4,2,2,15,149,#00FF00,0,131.50684007677717,
image_72.png,5,False,270.2905301390026,353.9376371968978,20,#00FF00,Quadrant 3,2,1,15,,#00FF00,0,185.99864311941792,3
image_72.png,5,False,343.1738518123438,239.39175054798963,20,#00FF00,Quadrant 3,2,1,15,,#00FF00,0,175.2701625627032,3
image_72.png,5,False,106.74916357614252,73.59900087815902,20,#00FF00,Quadrant 1,1,1,15,,#00FF00,0,180.66131440946702,3
image_72.png,5,False,454.3556546455454,90.9534653633153,20,#00FF00,Quadrant 2,1,2,15,,#00FF00,0,27.751761266848867,3
image_72.png,5,False,260.57160856419773,282.1404237956481,20,#00FF00,Quadrant 3,2,1,15,,#00FF00,0,67.28604329115633,3
image_72.png,5,False,169.70862316093462,317.6232539029789,20,#00FF00,Quadrant 3,2,1,15,,#00FF00,0,42.59888021647536,3
image_72.png,5,False,342.76497142935597,191.99193494819104,20,#00FF00,Quadrant 1,1,1,15,,#00FF00,0,259.2920371949817,3
image_72.png,5,False,122.09867304534914,326.0119686374061,20,#00FF00,Quadrant 3,2,1,15,,#00FF00,0,75.85342237863483,3
image_72.png,5,False,40.72644428992894,227.7779012911574,20,#00FF00,Quadrant 3,2,1,15,,#00FF00,0,8.080573735544888,3
image_72.png,5,False,444.7533527479388,25.81414706052479,20,#00FF00,Quadrant 2,1,2,15,,#00FF00,0,58.006490532313684,3
image_72.png,5,False,49.52337086654604,108.6221461943158,20,#00FF00,Quadrant 1,1,1,15,,#00FF00,0,206.01694772296725,3
image_72.png,5,False,671.2262138378575,237.55714361648344,20,#00FF00,Quadrant 4,2,2,15,,#00FF00,0,64.81351424746695,3
image_72.png,5,False,23.829204554056233,282.9888792125455,20,#00FF00,Quadrant 3,2,1,15,,#00FF00,0,202.89769284087546,3
image_72.png,5,False,206.30023759348626,43.41293403411143,20,#00FF00,Quadrant 1,1,1,15,,#00FF00,0,238.2282225464969,3
image_72.png,5,False,695.0225425347974,338.8403068190117,20,#00FF00,Quadrant 4,2,2,15,,#00FF00,0,161.71321018300443,3
image_73.png,2,True,294.018360964789,64.94518780980162,20,#00FF00,Quadrant 1,1,1,2,149,#00FF00,0,78.97097333469156,
image_73.png,5,False,539.8006876134737,246.57403730859775,20,#00FF00,Quadrant 4,2,2,2,,#00FF00,0,209.75260954620794,1
image_73.png,5,False,126.56025239798949,270.1534599179755,20,#00FF00,Quadrant 3,2,1,2,,#00FF00,0,183.88976704498714,1
image_74.png,2,True,58.43275606141759,153.96389110166274,20,#00FF00,Quadrant 1,1,1,20,149,#00FF00,0,214.7520104990494,
image_74.png,5,False,22.411650191382673,208.58488766048592,20,#00FF00,Quadrant 3,2,1,20,,#00FF00,0,47.596751444676826,4
image_74.png,5,False,482.5294356959966,323.4223621527413,20,#00FF00,Quadrant 4,2,2,20,,#00FF00,0,327.36212031222453,4
image_74.png,5,False,133.24388499463993,351.8079065410406,20,#00FF00,Quadrant 3,2,1,20,,#00FF00,0,217.9839664300344,4
image_74.png,5,False,615.771567404905,211.8805211652699,20,#00FF00,Quadrant 4,2,2,20,,#00FF00,0,215.93296687344582,4
image_74.png,5,False,75.20788643705846,260.2504070197366,20,#00FF00,Quadrant 3,2,1,20,,#00FF00,0,270.8579343729161,4
image_74.png,5,False,382.5680445817299,11.453677796231668,20,#00FF00,Quadrant 2,1,2,20,,#00FF00,0,324.71451205947153,4
image_74.png,5,False,478.52739922941225,174.10579993823706,20,#00FF00,Quadrant 2,1,2,20,,#00FF00,0,337.5845426243048,4
image_74.png,5,False,613.7539432043505,274.70898109876094,20,#00FF00,Quadrant 4,2,2,20,,#00FF00,0,151.4462472001901,4
image_74.png,5,False,657.5725016205372,193.24266329744464,20,#00FF00,Quadrant 2,1,2,20,,#00FF00,0,154.42425521176344,4
image_74.png,5,False,252.50677369426282,315.14675270204947,20,#00FF00,Quadrant 3,2,1,20,,#00FF00,0,276.7218018862988,4
image_74.png,5,False,587.8242641689742,228.773668787904,20,#00FF00,Quadrant 4,2,2,20,,#00FF00,0,326.82919557507427,4
image_74.png,5,False,186.36292141489915,300.49466055549584,20,#00FF00,Quadrant 3,2,1,20,,#00FF00,0,153.1761828675711,4
image_74.png,5,False,68.75031328328498,237.1545082436328,20,#00FF00,Quadrant 3,2,1,20,,#00FF00,0,327.6307284031746,4
image_74.png,5,False,188.6276286857983,13.067453667955515,20,#00FF00,Quadrant 1,1,1,20,,#00FF00,0,195.74316790038952,4
image_74.png,5,False,269.3955884947052,88.64826714974511,20,#00FF00,Quadrant 1,1,1,20,,#00FF00,0,187.11426438830685,4
image_74.png,5,False,292.694258172839,51.288455817895375,20,#00FF00,Quadrant 1,1,1,20,,#00FF00,0,289.5433750281082,4
image_74.png,5,False,414.3200573828291,109.77249422059414,20,#00FF00,Quadrant 2,1,2,20,,#00FF00,0,153.38577206855516,4
image_74.png,5,False,400.05779373592713,242.29089591027707,20,#00FF00,Quadrant 4,2,2,20,,#00FF00,0,192.99776071669277,4
image_74.png,5,False,395.1606832103452,78.55600798085703,20,#00FF00,Quadrant 2,1,2,20,,#00FF00,0,198.75778140249722,4
image_74.png,5,False,344.31074860582345,384.65612380143153,20,#00FF00,Quadrant 3,2,1,20,,#00FF00,0,201.2737786752588,4
image_75.png,2,True,497.0857848920777,289.1257587685428,20,#00FF00,Quadrant 4,2,2,50,149,#00FF00,0,123.96826951734731,
image_75.png,5,False,465.2458830479539,293.67376574019755,20,#00FF00,Quadrant 4,2,2,50,,#00FF00,0,307.7996122164949,5
image_75.png,5,False,492.8255837412918,72.15855449367551,20,#00FF00,Quadrant 2,1,2,50,,#00FF00,0,160.77415586947896,5
image_75.png,5,False,286.98646452732305,138.92950590493314,20,#00FF00,Quadrant 1,1,1,50,,#00FF00,0,77.20493095370882,5
image_75.png,5,False,675.5889031970426,12.999859452632204,20,#00FF00,Quadrant 2,1,2,50,,#00FF00,0,57.865683287958205,5
image_75.png,5,False,111.13129229083431,360.975755787587,20,#00FF00,Quadrant 3,2,1,50,,#00FF00,0,32.79189032593345,5
image_75.png,5,False,55.151434438455,94.82915246617554,20,#00FF00,Quadrant 1,1,1,50,,#00FF00,0,156.73587643899504,5
image_75.png,5,False,37.01342807841938,156.2752319410363,20,#00FF00,Quadrant 1,1,1,50,,#00FF00,0,28.81430521048896,5
image_75.png,5,False,434.02229200381583,207.94009533737128,20,#00FF00,Quadrant 4,2,2,50,,#00FF00,0,354.40131622725835,5
image_75.png,5,False,422.65859646791233,368.48059426563975,20,#00FF00,Quadrant 4,2,2,50,,#00FF00,0,256.17809941523325,5
image_75.png,5,False,452.1607157112644,176.93143434858715,20,#00FF00,Quadrant 2,1,2,50,,#00FF00,0,295.28234439415934,5
image_75.png,5,False,34.15684311202206,237.61663707336103,20,#00FF00,Quadrant 3,2,1,50,,#00FF00,0,102.96234421513034,5
image_75.png,5,False,170.62130027164443,75.06453310535262,20,#00FF00,Quadrant 1,1,1,50,,#00FF00,0,185.6929073590182,5
image_75.png,5,False,175.84781482300292,11.108588761047647,20,#00FF00,Quadrant 1,1,1,50,,#00FF00,0,12.98200793196556,5
image_75.png,5,False,697.8070120969452,305.7163482530857,20,#00FF00,Quadrant 4,2,2,50,,#00FF00,0,56.6801139061407,5
image_75.png,5,False,283.25360764828105,232.53830244926604,20,#00FF00,Quadrant 3,2,1,50,,#00FF00,0,127.12595880835008,5
image_75.png,5,False,518.7416971608661,36.93729099220829,20,#00FF00,Quadrant 2,1,2,50,,#00FF00,0,186.38737235614616,5
image_75.png,5,False,207.0162192680654,324.65109532583534,20,#00FF00,Quadrant 3,2,1,50,,#00FF00,0,32.45970873425418,5
image_75.png,5,False,250.83762604303905,375.1227373947548,20,#00FF00,Quadrant 3,2,1,50,,#00FF00,0,329.4032306213354,5
image_75.png,5,False,428.78438810666177,84.53052298649328,20,#00FF00,Quadrant 2,1,2,50,,#00FF00,0,99.542825530964,5
image_75.png,5,False,407.1107312828663,109.69863714399297,20,#00FF00,Quadrant 2,1,2,50,,#00FF00,0,334.6969826923633,5
image_75.png,5,False,84.35435495448526,38.36189685909409,20,#00FF00,Quadrant 1,1,1,50,,#00FF00,0,146.5684653985926,5
image_75.png,5,False,663.4936555074095,314.51216769235106,20,#00FF00,Quadrant 4,2,2,50,,#00FF00,0,105.93065680852321,5
image_75.png,5,False,614.6418888614731,318.3696981512095,20,#00FF00,Quadrant 4,2,2,50,,#00FF00,0,344.41536585069906,5
image_75.png,5,False,489.29819255372576,376.16896222931405,20,#00FF00,Quadrant 4,2,2,50,,#00FF00,0,206.96179635860722,5
image_75.png,5,False,541.5073957936113,297.3249017476422,20,#00FF00,Quadrant 4,2,2,50,,#00FF00,0,202.74069736977486,5
image_75.png,5,False,327.1465678112114,185.1523268735856,20,#00FF00,Quadrant 1,1,1,50,,#00FF00,0,346.0459411085812,5
image_75.png,5,False,29.844630599598894,54.94941794466874,20,#00FF00,Quadrant 1,1,1,50,,#00FF00,0,211.2575461739926,5
image_75.png,5,False,447.5929785175919,386.8068566121498,20,#00FF00,Quadrant 4,2,2,50,,#00FF00,0,24.319533838051292,5
image_75.png,5,False,169.4218654879272,130.34620234293502,20,#00FF00,Quadrant 1,1,1,50,,#00FF00,0,243.68867138343597,5
image_75.png,5,False,366.8714056541336,14.675366468052623,20,#00FF00,Quadrant 2,1,2,50,,#00FF00,0,343.9604473644097,5
image_75.png,5,False,182.0494928504714,46.15756460127068,20,#00FF00,Quadrant 1,1,1,50,,#00FF00,0,299.5837361723623,5
image_75.png,5,False,576.7204610603533,39.73889416173448,20,#00FF00,Quadrant 2,1,2,50,,#00FF00,0,242.53125004145295,5
image_75.png,5,False,339.3467078675206,144.63733610971266,20,#00FF00,Quadrant 1,1,1,50,,#00FF00,0,335.3026463408386,5
image_75.png,5,False,196.39321412100253,369.0106452259947,20,#00FF00,Quadrant 3,2,1,50,,#00FF00,0,321.9538510332744,5
image_75.png,5,False,637.9400192426548,199.6217506574722,20,#00FF00,Quadrant 2,1,2,50,,#00FF00,0,245.9186310685567,5
image_75.png,5,False,517.7106259523104,340.8966643983366,20,#00FF00,Quadrant 4,2,2,50,,#00FF00,0,71.87995407395131,5
image_75.png,5,False,150.70615900512033,105.38487403194992,20,#00FF00,Quadrant 1,1,1,50,,#00FF00,0,74.44030763592356,5
image_75.png,5,False,118.4809466800735,51.32855165983787,20,#00FF00,Quadrant 1,1,1,50,,#00FF00,0,222.694883705451,5
image_75.png,5,False,476.6345540399268,261.7743016051301,20,#00FF00,Quadrant 4,2,2,50,,#00FF00,0,331.26772663187626,5
image_75.png,5,False,537.5642625058781,215.67715483994326,20,#00FF00,Quadrant 4,2,2,50,,#00FF00,0,220.9777110992709,5
image_75.png,5,False,343.29924394752385,245.6123054864078,20,#00FF00,Quadrant 3,2,1,50,,#00FF00,0,15.21472562315919,5
image_75.png,5,False,689.913955904545,350.0659142670655,20,#00FF00,Quadrant 4,2,2,50,,#00FF00,0,177.24253597351634,5
image_75.png,5,False,349.1648872569107,383.1011900521156,20,#00FF00,Quadrant 3,2,1,50,,#00FF00,0,312.7567808248392,5
image_75.png,5,False,204.1037033732159,94.95107200416942,20,#00FF00,Quadrant 1,1,1,50,,#00FF00,0,329.7624586821206,5
image_75.png,5,False,48.30809001797227,313.1240289208328,20,#00FF00,Quadrant 3,2,1,50,,#00FF00,0,207.5994670850675,5
image_75.png,5,False,383.58911451276884,200.93563018199222,20,#00FF00,Quadrant 4,2,2,50,,#00FF00,0,172.19522758033565,5
image_75.png,5,False,492.0905074182401,184.90668303755055,20,#00FF00,Quadrant 2,1,2,50,,#00FF00,0,351.54259028533505,5
image_75.png,5,False,19.14396526259931,90.66440179514724,20,#00FF00,Quadrant 1,1,1,50,,#00FF00,0,248.11579766147358,5
image_75.png,5,False,235.2255417417288,242.63012042474958,20,#00FF00,Quadrant 3,2,1,50,,#00FF00,0,209.16295883260085,5
image_75.png,5,False,433.41490572239053,149.3193291240883,20,#00FF00,Quadrant 2,1,2,50,,#00FF00,0,169.68433130584395,5
image_76.png,2,True,299.755038088493,295.3299985582608,20,#00FF00,Quadrant 3,2,1,20,149,#00FF00,0,152.61943694793948,
image_76.png,5,False,287.00829962391214,181.37555877862962,20,#00FF00,Quadrant 1,1,1,20,,#00FF00,0,131.42807504204953,4
image_76.png,5,False,685.718719302044,270.31250278948414,20,#00FF00,Quadrant 4,2,2,20,,#00FF00,0,205.7074985445298,4
image_76.png,5,False,507.6418515368918,314.9451056207296,20,#00FF00,Quadrant 4,2,2,20,,#00FF00,0,293.10863909090386,4
image_76.png,5,False,600.9967209952224,85.11189494378067,20,#00FF00,Quadrant 2,1,2,20,,#00FF00,0,199.92241707145234,4
image_76.png,5,False,519.8554476353422,189.78909527169643,20,#00FF00,Quadrant 2,1,2,20,,#00FF00,0,288.01348496446946,4
image_76.png,5,False,301.42774094807277,61.83029680194219,20,#00FF00,Quadrant 1,1,1,20,,#00FF00,0,3.5072247950629576,4
image_76.png,5,False,445.5192173139587,212.84541817286464,20,#00FF00,Quadrant 4,2,2,20,,#00FF00,0,321.577347411069,4
image_76.png,5,False,346.2813160398867,105.8681846595431,20,#00FF00,Quadrant 1,1,1,20,,#00FF00,0,113.66180898785484,4
image_76.png,5,False,43.87171051277898,48.41247413326293,20,#00FF00,Quadrant 1,1,1,20,,#00FF00,0,309.0607136817308,4
image_76.png,5,False,159.45698689461238,107.12150009074733,20,#00FF00,Quadrant 1,1,1,20,,#00FF00,0,58.8030769051097,4
image_76.png,5,False,77.35200001262099,292.4562373347593,20,#00FF00,Quadrant 3,2,1,20,,#00FF00,0,302.029815217483,4
image_76.png,5,False,259.25123366774005,221.73178255734774,20,#00FF00,Quadrant 3,2,1,20,,#00FF00,0,93.51688392420357,4
image_76.png,5,False,248.11265048136218,166.64562201371618,20,#00FF00,Quadrant 1,1,1,20,,#00FF00,0,291.60571733696264,4
image_76.png,5,False,479.23465165188395,239.90774024431528,20,#00FF00,Quadrant 4,2,2,20,,#00FF00,0,126.39257633874334,4
image_76.png,5,False,207.09541623048577,133.88412836541897,20,#00FF00,Quadrant 1,1,1,20,,#00FF00,0,352.57432789289413,4
image_76.png,5,False,544.798868950207,179.93958425731262,20,#00FF00,Quadrant 2,1,2,20,,#00FF00,0,183.7600291929971,4
image_76.png,5,False,433.81433917891036,186.29828651835922,20,#00FF00,Quadrant 2,1,2,20,,#00FF00,0,28.226707705747746,4
image_76.png,5,False,609.2295211885835,253.13948672501053,20,#00FF00,Quadrant 4,2,2,20,,#00FF00,0,344.3739951561794,4
image_76.png,5,False,301.6315601240648,242.4532322144434,20,#00FF00,Quadrant 3,2,1,20,,#00FF00,0,334.2840001095816,4
image_76.png,5,False,635.9733323242967,40.90430858161899,20,#00FF00,Quadrant 2,1,2,20,,#00FF00,0,145.7181792378744,4
image_77.png,2,True,229.32910852824168,121.13270135629071,20,#00FF00,Quadrant 1,1,1,10,149,#00FF00,0,82.15845817963438,
image_77.png,5,False,455.1599179839247,113.53178231080993,20,#00FF00,Quadrant 2,1,2,10,,#00FF00,0,96.29006071342964,3
image_77.png,5,False,605.4736672327847,148.27630961466207,20,#00FF00,Quadrant 2,1,2,10,,#00FF00,0,160.16341955326982,3
image_77.png,5,False,676.2474366146988,167.48786501024844,20,#00FF00,Quadrant 2,1,2,10,,#00FF00,0,211.2911184693638,3
image_77.png,5,False,26.916652606073725,286.0979734114489,20,#00FF00,Quadrant 3,2,1,10,,#00FF00,0,66.19903167721824,3
image_77.png,5,False,658.961325425879,275.8634389445306,20,#00FF00,Quadrant 4,2,2,10,,#00FF00,0,238.32811721111028,3
image_77.png,5,False,126.00131041232054,49.937520713502934,20,#00FF00,Quadrant 1,1,1,10,,#00FF00,0,28.823305635196967,3
image_77.png,5,False,616.4180827738718,218.30795516331506,20,#00FF00,Quadrant 4,2,2,10,,#00FF00,0,22.965263852817685,3
image_77.png,5,False,284.54162680375674,300.16862866649916,20,#00FF00,Quadrant 3,2,1,10,,#00FF00,0,9.491368811846769,3
image_77.png,5,False,191.82961007857614,69.69370883606118,20,#00FF00,Quadrant 1,1,1,10,,#00FF00,0,29.970432500647192,3
image_77.png,5,False,206.79676796002332,247.8096987886997,20,#00FF00,Quadrant 3,2,1,10,,#00FF00,0,89.0627469534692,3
image_78.png,2,True,128.54890116814988,24.288582778137695,20,#00FF00,Quadrant 1,1,1,2,149,#00FF00,0,189.62724165518878,
image_78.png,5,False,641.6226748530842,337.68315154303974,20,#00FF00,Quadrant 4,2,2,2,,#00FF00,0,128.46284739474035,1
image_78.png,5,False,611.048910196591,364.37616208920366,20,#00FF00,Quadrant 4,2,2,2,,#00FF00,0,168.18965160096698,1
image_79.png,2,True,679.0146202780824,274.7014474708639,20,#00FF00,Quadrant 4,2,2,30,149,#00FF00,0,160.14417565346778,
image_79.png,5,False,422.7355129983903,249.53596355832056,20,#00FF00,Quadrant 4,2,2,30,,#00FF00,0,63.73319039269635,4
image_79.png,5,False,399.58531135096706,208.8678060460038,20,#00FF00,Quadrant 4,2,2,30,,#00FF00,0,228.90640911330084,4
image_79.png,5,False,224.35665507054367,142.2296174620415,20,#00FF00,Quadrant 1,1,1,30,,#00FF00,0,230.23016953589234,4
image_79.png,5,False,565.4436509438061,178.02319550793,20,#00FF00,Quadrant 2,1,2,30,,#00FF00,0,194.28052396898147,4
image_79.png,5,False,190.00705327309208,125.75056208662762,20,#00FF00,Quadrant 1,1,1,30,,#00FF00,0,131.681995901416,4
image_79.png,5,False,572.7966747318519,331.5237726086495,20,#00FF00,Quadrant 4,2,2,30,,#00FF00,0,0.03324470217410003,4
image_79.png,5,False,334.27739116313404,14.143867805429107,20,#00FF00,Quadrant 1,1,1,30,,#00FF00,0,123.79857020999793,4
image_79.png,5,False,663.4537256771378,191.3313526306508,20,#00FF00,Quadrant 2,1,2,30,,#00FF00,0,331.951822467859,4
image_79.png,5,False,307.56993084250183,121.72474771490258,20,#00FF00,Quadrant 1,1,1,30,,#00FF00,0,3.28773584747994,4
image_79.png,5,False,15.973191668973833,152.2373853272187,20,#00FF00,Quadrant 1,1,1,30,,#00FF00,0,83.23754166689707,4
image_79.png,5,False,397.22195310269507,160.2162860964293,20,#00FF00,Quadrant 2,1,2,30,,#00FF00,0,148.22491286380844,4
image_79.png,5,False,518.874201477227,158.31539600450807,20,#00FF00,Quadrant 2,1,2,30,,#00FF00,0,58.77701831890396,4
image_79.png,5,False,192.19340978246558,170.6064866808958,20,#00FF00,Quadrant 1,1,1,30,,#00FF00,0,136.20890169898624,4
image_79.png,5,False,537.7668846187875,354.9627645000497,20,#00FF00,Quadrant 4,2,2,30,,#00FF00,0,86.2422533778818,4
image_79.png,5,False,482.71716007079976,118.60785106656522,20,#00FF00,Quadrant 2,1,2,30,,#00FF00,0,290.7269785539272,4
image_79.png,5,False,136.67854633282087,120.46702313210591,20,#00FF00,Quadrant 1,1,1,30,,#00FF00,0,307.2535284209775,4
image_79.png,5,False,436.6155661788331,113.86670131071389,20,#00FF00,Quadrant 2,1,2,30,,#00FF00,0,229.28137543740485,4
image_79.png,5,False,140.38692591282373,18.33146015936462,20,#00FF00,Quadrant 1,1,1,30,,#00FF00,0,224.19136089919925,4
image_79.png,5,False,379.594848858179,81.2844120974967,20,#00FF00,Quadrant 2,1,2,30,,#00FF00,0,17.867546000315503,4
image_79.png,5,False,196.47544656062126,281.344066155862,20,#00FF00,Quadrant 3,2,1,30,,#00FF00,0,36.8184559163543,4
image_79.png,5,False,171.4064330916533,67.95843621765067,20,#00FF00,Quadrant 1,1,1,30,,#00FF00,0,261.75854536111257,4
image_79.png,5,False,246.57795631548348,128.77598700675497,20,#00FF00,Quadrant 1,1,1,30,,#00FF00,0,177.6886391504683,4
image_79.png,5,False,698.5968144080981,186.27272860289625,20,#00FF00,Quadrant 2,1,2,30,,#00FF00,0,287.8064466969853,4
image_79.png,5,False,238.5413178076871,329.8605011233337,20,#00FF00,Quadrant 3,2,1,30,,#00FF00,0,284.9128971355063,4
image_79.png,5,False,49.61041929290415,304.1968002493339,20,#00FF00,Quadrant 3,2,1,30,,#00FF00,0,342.59185502373884,4
image_79.png,5,False,334.9311290765179,83.64868672619916,20,#00FF00,Quadrant 1,1,1,30,,#00FF00,0,25.69849010966046,4
image_79.png,5,False,540.2523672164698,105.10777227173449,20,#00FF00,Quadrant 2,1,2,30,,#00FF00,0,43.906160226877475,4
image_79.png,5,False,316.2000891364719,289.81998674522623,20,#00FF00,Quadrant 3,2,1,30,,#00FF00,0,277.6411198898404,4
image_79.png,5,False,40.066095844769706,365.3451091329844,20,#00FF00,Quadrant 3,2,1,30,,#00FF00,0,226.49913148705176,4
image_79.png,5,False,185.53247809087625,252.360564551885,20,#00FF00,Quadrant 3,2,1,30,,#00FF00,0,187.53345105030346,4
image_80.png,2,True,46.888297543377604,263.0106284642514,20,#00FF00,Quadrant 3,2,1,3,149,#00FF00,0,129.75359618296508,
image_80.png,5,False,173.58046223278544,175.11310391624343,20,#00FF00,Quadrant 1,1,1,3,,#00FF00,0,350.3786617566216,1
image_80.png,5,False,558.3349837678144,232.0154130848314,20,#00FF00,Quadrant 4,2,2,3,,#00FF00,0,5.424373896790491,1
image_80.png,5,False,178.48855060452718,377.2196033438555,20,#00FF00,Quadrant 3,2,1,3,,#00FF00,0,142.49098810621916,1
image_81.png,2,True,338.4614976667769,236.36824332614952,20,#00FF00,Quadrant 3,2,1,50,149,#00FF00,0,282.0510864903815,
image_81.png,5,False,72.65165299452568,70.61001644260779,20,#00FF00,Quadrant 1,1,1,50,,#00FF00,0,133.70351878916412,5
image_81.png,5,False,437.24630746374146,362.86084054804104,20,#00FF00,Quadrant 4,2,2,50,,#00FF00,0,32.904558829516674,5
image_81.png,5,False,441.71617551428125,33.5949997483617,20,#00FF00,Quadrant 2,1,2,50,,#00FF00,0,358.9103170740728,5
image_81.png,5,False,494.21508847584903,310.1742403700504,20,#00FF00,Quadrant 4,2,2,50,,#00FF00,0,232.04696279325063,5
image_81.png,5,False,171.3128206598278,382.0734187443291,20,#00FF00,Quadrant 3,2,1,50,,#00FF00,0,45.297884759481505,5
image_81.png,5,False,532.364593485757,315.48859234972946,20,#00FF00,Quadrant 4,2,2,50,,#00FF00,0,283.88225728327444,5
image_81.png,5,False,143.95309104555918,271.5364925473679,20,#00FF00,Quadrant 3,2,1,50,,#00FF00,0,157.93880331477504,5
image_81.png,5,False,103.8304677212961,350.6946307340761,20,#00FF00,Quadrant 3,2,1,50,,#00FF00,0,128.94029901015531,5
image_81.png,5,False,312.4375028697258,122.40211745465903,20,#00FF00,Quadrant 1,1,1,50,,#00FF00,0,174.70876793850474,5
image_81.png,5,False,141.75555115533984,81.54490354276125,20,#00FF00,Quadrant 1,1,1,50,,#00FF00,0,250.9335989984357,5
image_81.png,5,False,515.6252605745491,115.07264696043859,20,#00FF00,Quadrant 2,1,2,50,,#00FF00,0,125.15928444657557,5
image_81.png,5,False,641.0725873628737,220.60867724276937,20,#00FF00,Quadrant 4,2,2,50,,#00FF00,0,299.28585362080315,5
image_81.png,5,False,117.81255439390027,122.76426593765774,20,#00FF00,Quadrant 1,1,1,50,,#00FF00,0,24.795570010017393,5
image_81.png,5,False,263.9406551261277,11.272095257766301,20,#00FF00,Quadrant 1,1,1,50,,#00FF00,0,94.80573680235551,5
image_81.png,5,False,272.16101950027183,81.13196165672268,20,#00FF00,Quadrant 1,1,1,50,,#00FF00,0,229.68938247967347,5
image_81.png,5,False,601.3553796622739,304.3342626276209,20,#00FF00,Quadrant 4,2,2,50,,#00FF00,0,6.73914837169987,5
image_81.png,5,False,507.77145468922305,259.83339976957194,20,#00FF00,Quadrant 4,2,2,50,,#00FF00,0,85.9631609577676,5
image_81.png,5,False,277.9811888845269,209.09837261035096,20,#00FF00,Quadrant 3,2,1,50,,#00FF00,0,194.02434777362572,5
image_81.png,5,False,390.9613191947088,242.72883360849912,20,#00FF00,Quadrant 4,2,2,50,,#00FF00,0,179.117697445037,5
image_81.png,5,False,56.94241189332701,326.70308928555414,20,#00FF00,Quadrant 3,2,1,50,,#00FF00,0,188.35219410956478,5
image_81.png,5,False,612.8365237530144,87.38587284435965,20,#00FF00,Quadrant 2,1,2,50,,#00FF00,0,46.718735876008594,5
image_81.png,5,False,79.04122120083875,226.8426045520762,20,#00FF00,Quadrant 3,2,1,50,,#00FF00,0,174.7333034052103,5
image_81.png,5,False,464.3077469583432,209.76047506824762,20,#00FF00,Quadrant 4,2,2,50,,#00FF00,0,301.0678295783369,5
image_81.png,5,False,187.3416474001109,149.48181959564397,20,#00FF00,Quadrant 1,1,1,50,,#00FF00,0,252.4730477668965,5
image_81.png,5,False,59.83215909463406,362.6197719138213,20,#00FF00,Quadrant 3,2,1,50,,#00FF00,0,218.143304723682,5
image_81.png,5,False,349.57839048408084,347.3320489117903,20,#00FF00,Quadrant 3,2,1,50,,#00FF00,0,75.14571365766054,5
image_81.png,5,False,562.9027448684992,33.94467117212747,20,#00FF00,Quadrant 2,1,2,50,,#00FF00,0,28.784449163833926,5
image_81.png,5,False,657.450017955204,168.2303106242867,20,#00FF00,Quadrant 2,1,2,50,,#00FF00,0,200.8871602092078,5
image_81.png,5,False,39.01002191702223,37.60671299267227,20,#00FF00,Quadrant 1,1,1,50,,#00FF00,0,95.69362841879948,5
image_81.png,5,False,661.8317991029853,374.1017897752332,20,#00FF00,Quadrant 4,2,2,50,,#00FF00,0,109.40563759249994,5
image_81.png,5,False,510.64346170553114,211.96787743013462,20,#00FF00,Quadrant 4,2,2,50,,#00FF00,0,34.962930056758516,5
image_81.png,5,False,373.5463030158573,105.03242498241706,20,#00FF00,Quadrant 2,1,2,50,,#00FF00,0,68.20574871840326,5
image_81.png,5,False,134.2606473323239,294.19546731544676,20,#00FF00,Quadrant 3,2,1,50,,#00FF00,0,225.11701927409473,5
image_81.png,5,False,83.69927132851831,252.3999853576799,20,#00FF00,Quadrant 3,2,1,50,,#00FF00,0,149.4664560899065,5
image_81.png,5,False,327.05848818314996,262.4616101043995,20,#00FF00,Quadrant 3,2,1,50,,#00FF00,0,128.86681171370535,5
image_81.png,5,False,243.54636781692102,70.7907003299473,20,#00FF00,Quadrant 1,1,1,50,,#00FF00,0,144.56058250136226,5
image_81.png,5,False,694.1180005358895,133.7192530583949,20,#00FF00,Quadrant 2,1,2,50,,#00FF00,0,113.45579861126302,5
image_81.png,5,False,537.5230294861117,173.7622914931668,20,#00FF00,Quadrant 2,1,2,50,,#00FF00,0,133.81902447673366,5
image_81.png,5,False,430.1968121070999,223.8686976600194,20,#00FF00,Quadrant 4,2,2,50,,#00FF00,0,261.3123661014611,5
image_81.png,5,False,538.5729633280222,361.0835367400245,20,#00FF00,Quadrant 4,2,2,50,,#00FF00,0,77.01412897573934,5
image_81.png,5,False,511.42984877439386,382.55754610549104,20,#00FF00,Quadrant 4,2,2,50,,#00FF00,0,142.95260220818537,5
image_81.png,5,False,367.63284824098685,386.5097396116158,20,#00FF00,Quadrant 4,2,2,50,,#00FF00,0,214.47461758456288,5
image_81.png,5,False,217.93009963071162,94.87317391636236,20,#00FF00,Quadrant 1,1,1,50,,#00FF00,0,108.66299541566353,5
image_81.png,5,False,25.95224493428608,321.6932906850093,20,#00FF00,Quadrant 3,2,1,50,,#00FF00,0,308.0593531829542,5
image_81.png,5,False,201.13446721634432,220.28467194185123,20,#00FF00,Quadrant 3,2,1,50,,#00FF00,0,248.2989062073937,5
image_81.png,5,False,648.9605681958835,69.48218919068972,20,#00FF00,Quadrant 2,1,2,50,,#00FF00,0,200.27631078243664,5
image_81.png,5,False,412.10528168195043,99.0717881535006,20,#00FF00,Quadrant 2,1,2,50,,#00FF00,0,132.149841489383,5
image_81.png,5,False,74.32262856562176,162.12373792459476,20,#00FF00,Quadrant 1,1,1,50,,#00FF00,0,291.986725241757,5
image_81.png,5,False,516.9092422216524,284.51343910942666,20,#00FF00,Quadrant 4,2,2,50,,#00FF00,0,330.43744920400843,5
image_81.png,5,False,130.12981620000625,323.1165823774867,20,#00FF00,Quadrant 3,2,1,50,,#00FF00,0,285.4455099531408,5
image_82.png,2,True,76.705832869666,253.7722475048054,20,#00FF00,Quadrant 3,2,1,50,149,#00FF00,0,295.02549534109255,
image_82.png,5,False,567.9470676188131,155.2244297688041,20,#00FF00,Quadrant 2,1,2,50,,#00FF00,0,13.453774624199909,5
image_82.png,5,False,646.1694611024196,137.39928561089644,20,#00FF00,Quadrant 2,1,2,50,,#00FF00,0,280.8438868830515,5
image_82.png,5,False,310.2357294856269,362.6330197307479,20,#00FF00,Quadrant 3,2,1,50,,#00FF00,0,316.7253009540663,5
image_82.png,5,False,541.7987497985994,293.62253244780396,20,#00FF00,Quadrant 4,2,2,50,,#00FF00,0,43.394590266966375,5
image_82.png,5,False,650.8420312246552,250.60932494598802,20,#00FF00,Quadrant 4,2,2,50,,#00FF00,0,305.81214023253756,5
image_82.png,5,False,48.29415670034107,209.21690687214502,20,#00FF00,Quadrant 3,2,1,50,,#00FF00,0,227.58970333408791,5
image_82.png,5,False,400.2249839608418,134.5423552536056,20,#00FF00,Quadrant 2,1,2,50,,#00FF00,0,114.95395447592958,5
image_82.png,5,False,116.55306551462523,265.63412161571307,20,#00FF00,Quadrant 3,2,1,50,,#00FF00,0,251.19671493386463,5
image_82.png,5,False,680.046728626114,295.5735967379806,20,#00FF00,Quadrant 4,2,2,50,,#00FF00,0,359.0522290873361,5
image_82.png,5,False,73.06715430331971,174.27168331696078,20,#00FF00,Quadrant 1,1,1,50,,#00FF00,0,207.0917473860276,5
image_82.png,5,False,112.98054405360107,138.07157129944898,20,#00FF00,Quadrant 1,1,1,50,,#00FF00,0,283.0925874557798,5
image_82.png,5,False,524.5220612062167,218.2016090966337,20,#00FF00,Quadrant 4,2,2,50,,#00FF00,0,171.3076755830542,5
image_82.png,5,False,285.5851287451098,175.23764001209958,20,#00FF00,Quadrant 1,1,1,50,,#00FF00,0,94.52087156942811,5
image_82.png,5,False,536.0406816298213,192.7887057469335,20,#00FF00,Quadrant 2,1,2,50,,#00FF00,0,251.23338585298552,5
image_82.png,5,False,283.3746556669412,226.96299813781332,20,#00FF00,Quadrant 3,2,1,50,,#00FF00,0,71.31906997881826,5
image_82.png,5,False,697.9872704213491,209.16566170067284,20,#00FF00,Quadrant 4,2,2,50,,#00FF00,0,202.02033953189,5
image_82.png,5,False,194.45113548782342,173.56484636850354,20,#00FF00,Quadrant 1,1,1,50,,#00FF00,0,87.23343302154416,5
image_82.png,5,False,407.8765654618346,53.53629139006566,20,#00FF00,Quadrant 2,1,2,50,,#00FF00,0,246.50567004598457,5
image_82.png,5,False,262.6694070174106,83.00512231319472,20,#00FF00,Quadrant 1,1,1,50,,#00FF00,0,148.88953888769905,5
image_82.png,5,False,462.57739203183723,301.9395283998662,20,#00FF00,Quadrant 4,2,2,50,,#00FF00,0,124.02896742370552,5
image_82.png,5,False,251.95459941458893,321.55877213388806,20,#00FF00,Quadrant 3,2,1,50,,#00FF00,0,60.9318950441084,5
image_82.png,5,False,440.3725056757698,177.4951742959299,20,#00FF00,Quadrant 2,1,2,50,,#00FF00,0,289.0065687834891,5
image_82.png,5,False,171.87433222370672,270.0657879807372,20,#00FF00,Quadrant 3,2,1,50,,#00FF00,0,332.7167544852338,5
image_82.png,5,False,512.927372750301,43.43785816786075,20,#00FF00,Quadrant 2,1,2,50,,#00FF00,0,56.15683818447709,5
image_82.png,5,False,178.4602855207047,245.73892329859603,20,#00FF00,Quadrant 3,2,1,50,,#00FF00,0,266.2493868144876,5
image_82.png,5,False,584.5544368034027,119.74496361010657,20,#00FF00,Quadrant 2,1,2,50,,#00FF00,0,53.16374803148839,5
image_82.png,5,False,239.66305943584118,290.72490833227386,20,#00FF00,Quadrant 3,2,1,50,,#00FF00,0,169.62850934408098,5
image_82.png,5,False,387.4862834254666,294.63424622843206,20,#00FF00,Quadrant 4,2,2,50,,#00FF00,0,76.27511287755136,5
image_82.png,5,False,440.2759330788057,386.0902044730583,20,#00FF00,Quadrant 4,2,2,50,,#00FF00,0,197.56801973200945,5
image_82.png,5,False,471.43154094867174,153.35732122045656,20,#00FF00,Quadrant 2,1,2,50,,#00FF00,0,250.2256117131701,5
image_82.png,5,False,373.964573375576,107.56249824450036,20,#00FF00,Quadrant 2,1,2,50,,#00FF00,0,326.1745029603705,5
image_82.png,5,False,149.27958327346198,274.2870882421038,20,#00FF00,Quadrant 3,2,1,50,,#00FF00,0,21.639617847240523,5
image_82.png,5,False,465.9968767682675,261.60705830221883,20,#00FF00,Quadrant 4,2,2,50,,#00FF00,0,23.975205271782364,5
image_82.png,5,False,259.1909890583938,51.782961705413484,20,#00FF00,Quadrant 1,1,1,50,,#00FF00,0,328.6327609243701,5
image_82.png,5,False,619.6641951385459,157.10577947930796,20,#00FF00,Quadrant 2,1,2,50,,#00FF00,0,105.29840791424928,5
image_82.png,5,False,361.38428884659425,279.262365770714,20,#00FF00,Quadrant 4,2,2,50,,#00FF00,0,352.72542638370714,5
image_82.png,5,False,344.9322226137401,236.70622243680003,20,#00FF00,Quadrant 3,2,1,50,,#00FF00,0,325.3939416525077,5
image_82.png,5,False,148.02501280567353,376.4471387797505,20,#00FF00,Quadrant 3,2,1,50,,#00FF00,0,31.68744077615633,5
image_82.png,5,False,221.09506330512073,196.19461559284574,20,#00FF00,Quadrant 1,1,1,50,,#00FF00,0,332.01724164627143,5
image_82.png,5,False,23.65846327641122,269.66969230043253,20,#00FF00,Quadrant 3,2,1,50,,#00FF00,0,267.9806591311238,5
image_82.png,5,False,219.3027597944817,387.48588745129354,20,#00FF00,Quadrant 3,2,1,50,,#00FF00,0,127.936127968752,5
image_82.png,5,False,201.08013423080874,34.439665411036536,20,#00FF00,Quadrant 1,1,1,50,,#00FF00,0,352.2916169498155,5
image_82.png,5,False,277.76053626453154,388.98178070795956,20,#00FF00,Quadrant 3,2,1,50,,#00FF00,0,92.76457128169994,5
image_82.png,5,False,661.5101850655169,369.7660061412548,20,#00FF00,Quadrant 4,2,2,50,,#00FF00,0,356.53017111575394,5
image_82.png,5,False,246.4906593125596,159.496013539435,20,#00FF00,Quadrant 1,1,1,50,,#00FF00,0,81.20977114599154,5
image_82.png,5,False,612.2913133426491,270.5058121380789,20,#00FF00,Quadrant 4,2,2,50,,#00FF00,0,244.07816276312928,5
image_82.png,5,False,405.7271029892874,172.20376887070427,20,#00FF00,Quadrant 2,1,2,50,,#00FF00,0,150.2400011310718,5
image_82.png,5,False,460.5536531469168,230.62960485094595,20,#00FF00,Quadrant 4,2,2,50,,#00FF00,0,47.43796761656265,5
image_82.png,5,False,150.39175073297992,63.20544452072227,20,#00FF00,Quadrant 1,1,1,50,,#00FF00,0,246.25750905303522,5
image_82.png,5,False,630.1651439435926,354.8147064233232,20,#00FF00,Quadrant 4,2,2,50,,#00FF00,0,247.87155221290212,5
image_83.png,2,True,683.3102903482649,65.86760526936948,20,#00FF00,Quadrant 2,1,2,15,149,#00FF00,0,358.4468880835231,
image_83.png,5,False,642.8902511439846,131.01356769825298,20,#00FF00,Quadrant 2,1,2,15,,#00FF00,0,335.89078071224645,3
image_83.png,5,False,617.0706657936068,285.8360635723524,20,#00FF00,Quadrant 4,2,2,15,,#00FF00,0,114.3351321088381,3
image_83.png,5,False,617.4108791748089,167.5071787486386,20,#00FF00,Quadrant 2,1,2,15,,#00FF00,0,275.55660452490656,3
image_83.png,5,False,316.23009157721026,363.96450221987095,20,#00FF00,Quadrant 3,2,1,15,,#00FF00,0,148.05063478056576,3
image_83.png,5,False,84.56551722910334,80.83417570518645,20,#00FF00,Quadrant 1,1,1,15,,#00FF00,0,280.47883859020544,3
image_83.png,5,False,432.65532079395757,111.87406771569327,20,#00FF00,Quadrant 2,1,2,15,,#00FF00,0,274.48109414386755,3
image_83.png,5,False,170.09791927704595,98.76499795380887,20,#00FF00,Quadrant 1,1,1,15,,#00FF00,0,204.13551345803086,3
image_83.png,5,False,258.53105949430585,271.11740562896665,20,#00FF00,Quadrant 3,2,1,15,,#00FF00,0,247.45603866420996,3
image_83.png,5,False,357.1016407533678,239.58104512984005,20,#00FF00,Quadrant 4,2,2,15,,#00FF00,0,171.57679921590673,3
image_83.png,5,False,268.65802737891516,333.1049254719912,20,#00FF00,Quadrant 3,2,1,15,,#00FF00,0,256.3268860715976,3
image_83.png,5,False,537.7672704943536,16.675390450764155,20,#00FF00,Quadrant 2,1,2,15,,#00FF00,0,11.602639161736485,3
image_83.png,5,False,295.58733129009494,291.61459810857605,20,#00FF00,Quadrant 3,2,1,15,,#00FF00,0,97.14913295262527,3
image_83.png,5,False,690.0974436750076,338.7747629973921,20,#00FF00,Quadrant 4,2,2,15,,#00FF00,0,333.7571542240058,3
image_83.png,5,False,234.85308686798743,183.95198332896717,20,#00FF00,Quadrant 1,1,1,15,,#00FF00,0,176.3794434639109,3
image_83.png,5,False,289.9532033191021,26.810331968944663,20,#00FF00,Quadrant 1,1,1,15,,#00FF00,0,88.84218271017107,3
image_84.png,2,True,282.569838295332,365.99459237346684,20,#00FF00,Quadrant 3,2,1,15,149,#00FF00,0,259.2723288583986,
image_84.png,5,False,380.4138163915562,253.44686565582424,20,#00FF00,Quadrant 4,2,2,15,,#00FF00,0,205.89640240199927,3
image_84.png,5,False,37.53474941646474,52.32155867448763,20,#00FF00,Quadrant 1,1,1,15,,#00FF00,0,253.4805181867715,3
image_84.png,5,False,615.7814403565568,342.80081665833404,20,#00FF00,Quadrant 4,2,2,15,,#00FF00,0,164.4841526279124,3
image_84.png,5,False,381.59183983934,382.88798332135593,20,#00FF00,Quadrant 4,2,2,15,,#00FF00,0,88.45979382643812,3
image_84.png,5,False,277.91711996951165,300.2304317681875,20,#00FF00,Quadrant 3,2,1,15,,#00FF00,0,14.130584007295525,3
image_84.png,5,False,141.80688424127234,177.1513646428218,20,#00FF00,Quadrant 1,1,1,15,,#00FF00,0,346.5332321654734,3
image_84.png,5,False,544.0634616332566,119.07571442715248,20,#00FF00,Quadrant 2,1,2,15,,#00FF00,0,318.38312737375117,3
image_84.png,5,False,213.85519075728587,358.3944059507447,20,#00FF00,Quadrant 3,2,1,15,,#00FF00,0,59.93517661159027,3
image_84.png,5,False,633.6325205415718,186.2328442610781,20,#00FF00,Quadrant 2,1,2,15,,#00FF00,0,248.3830650605937,3
image_84.png,5,False,73.31371647792784,200.24864471539001,20,#00FF00,Quadrant 3,2,1,15,,#00FF00,0,232.59654285469136,3
image_84.png,5,False,414.373479576211,349.0559908980961,20,#00FF00,Quadrant 4,2,2,15,,#00FF00,0,64.71770108001836,3
image_84.png,5,False,281.8229665006873,133.26823246803025,20,#00FF00,Quadrant 1,1,1,15,,#00FF00,0,196.70655763678553,3
image_84.png,5,False,323.58602693473813,349.9214177532181,20,#00FF00,Quadrant 3,2,1,15,,#00FF00,0,8.968360605808252,3
image_84.png,5,False,619.0758802315348,45.087911967419856,20,#00FF00,Quadrant 2,1,2,15,,#00FF00,0,322.4861666015947,3
image_84.png,5,False,457.8691604661564,279.9355638405069,20,#00FF00,Quadrant 4,2,2,15,,#00FF00,0,116.66692084832691,3
image_85.png,2,True,96.12196539961367,54.15434687550139,20,#00FF00,Quadrant 1,1,1,2,149,#00FF00,0,258.6148990986827,
image_85.png,5,False,261.0679951293484,209.00294169300426,20,#00FF00,Quadrant 3,2,1,2,,#00FF00,0,161.78343048889985,1
image_85.png,5,False,556.0448834293104,204.409918661143,20,#00FF00,Quadrant 4,2,2,2,,#00FF00,0,138.27145473416581,1
image_86.png,2,True,273.23822938093014,301.4024023904988,20,#00FF00,Quadrant 3,2,1,2,149,#00FF00,0,136.32430730852872,
image_86.png,5,False,400.6236975962625,260.30246874757256,20,#00FF00,Quadrant 4,2,2,2,,#00FF00,0,328.41100037596766,1
image_86.png,5,False,609.6159723224824,78.61163704649556,20,#00FF00,Quadrant 2,1,2,2,,#00FF00,0,54.03230442378424,1
image_87.png,2,True,224.25811244608045,301.5422996524363,20,#00FF00,Quadrant 3,2,1,0,149,#00FF00,0,151.0494088448762,
image_88.png,2,True,135.4995621665916,350.6488432715375,20,#00FF00,Quadrant 3,2,1,20,149,#00FF00,0,103.96099348010887,
image_88.png,5,False,13.434167131364807,300.31961509343944,20,#00FF00,Quadrant 3,2,1,20,,#00FF00,0,345.756196625729,4
image_88.png,5,False,353.8654214991496,199.486766736533,20,#00FF00,Quadrant 1,1,1,20,,#00FF00,0,4.394795336658901,4
image_88.png,5,False,429.90092847632104,197.5304489874692,20,#00FF00,Quadrant 2,1,2,20,,#00FF00,0,290.68364293925606,4
image_88.png,5,False,465.37525808636514,182.51314689991784,20,#00FF00,Quadrant 2,1,2,20,,#00FF00,0,78.07458379857565,4
image_88.png,5,False,425.23821436219174,13.484602782887023,20,#00FF00,Quadrant 2,1,2,20,,#00FF00,0,159.07513013918523,4
image_88.png,5,False,202.61981404586726,248.6241908576592,20,#00FF00,Quadrant 3,2,1,20,,#00FF00,0,317.58043137969804,4
image_88.png,5,False,154.0623070650179,80.86951522559546,20,#00FF00,Quadrant 1,1,1,20,,#00FF00,0,295.2437008700587,4
image_88.png,5,False,251.47466506288055,65.95152932962378,20,#00FF00,Quadrant 1,1,1,20,,#00FF00,0,19.823017680493557,4
image_88.png,5,False,409.3058809294696,239.04190534957428,20,#00FF00,Quadrant 4,2,2,20,,#00FF00,0,11.67555302469994,4
image_88.png,5,False,71.42714959966099,52.15953008539762,20,#00FF00,Quadrant 1,1,1,20,,#00FF00,0,119.19999160869783,4
image_88.png,5,False,122.15997169964272,118.49584593617861,20,#00FF00,Quadrant 1,1,1,20,,#00FF00,0,357.744665027927,4
image_88.png,5,False,493.19445624153036,227.32281841041345,20,#00FF00,Quadrant 4,2,2,20,,#00FF00,0,237.93286002386287,4
image_88.png,5,False,676.7760587910395,294.2485578123425,20,#00FF00,Quadrant 4,2,2,20,,#00FF00,0,202.3837910880963,4
image_88.png,5,False,35.693789371579946,301.4975295747318,20,#00FF00,Quadrant 3,2,1,20,,#00FF00,0,129.6679131338949,4
image_88.png,5,False,629.3980158276051,321.06007258279624,20,#00FF00,Quadrant 4,2,2,20,,#00FF00,0,116.21586630258702,4
image_88.png,5,False,592.040335128267,35.54197754480512,20,#00FF00,Quadrant 2,1,2,20,,#00FF00,0,273.03911562142207,4
image_88.png,5,False,95.07400547409645,335.8562017212078,20,#00FF00,Quadrant 3,2,1,20,,#00FF00,0,169.49406391707424,4
image_88.png,5,False,296.0791994890663,90.3215495871272,20,#00FF00,Quadrant 1,1,1,20,,#00FF00,0,118.51506970628338,4
image_88.png,5,False,51.08918063572967,226.97675454495382,20,#00FF00,Quadrant 3,2,1,20,,#00FF00,0,75.25835290804018,4
image_88.png,5,False,375.4442233232662,44.139162188951715,20,#00FF00,Quadrant 2,1,2,20,,#00FF00,0,352.56598045253975,4
image_89.png,2,True,690.5458467750927,119.55680083801047,20,#00FF00,Quadrant 2,1,2,50,149,#00FF00,0,336.201002923746,
image_89.png,5,False,229.06061680544738,209.5978831753428,20,#00FF00,Quadrant 3,2,1,50,,#00FF00,0,219.18405849641013,5
image_89.png,5,False,254.80495427381692,60.03156599552638,20,#00FF00,Quadrant 1,1,1,50,,#00FF00,0,358.20876080071844,5
image_89.png,5,False,369.0772963271162,249.84217563380403,20,#00FF00,Quadrant 4,2,2,50,,#00FF00,0,202.5483615599788,5
image_89.png,5,False,134.9560826111158,241.3553764221726,20,#00FF00,Quadrant 3,2,1,50,,#00FF00,0,177.30160333866573,5
image_89.png,5,False,685.7085274410225,11.597586711364194,20,#00FF00,Quadrant 2,1,2,50,,#00FF00,0,255.0913443012215,5
image_89.png,5,False,441.94245150647106,55.57592364224077,20,#00FF00,Quadrant 2,1,2,50,,#00FF00,0,8.635247106543362,5
image_89.png,5,False,561.8998380150438,388.61708874054943,20,#00FF00,Quadrant 4,2,2,50,,#00FF00,0,305.3051238852672,5
image_89.png,5,False,18.78381763686251,87.0487385155741,20,#00FF00,Quadrant 1,1,1,50,,#00FF00,0,229.50127569170039,5
image_89.png,5,False,555.4447014610398,127.33802361419309,20,#00FF00,Quadrant 2,1,2,50,,#00FF00,0,101.3856131701939,5
image_89.png,5,False,234.18352533493533,13.317617200540688,20,#00FF00,Quadrant 1,1,1,50,,#00FF00,0,182.4082657545633,5
image_89.png,5,False,246.19813222347187,284.82193098256244,20,#00FF00,Quadrant 3,2,1,50,,#00FF00,0,246.90088391290485,5
image_89.png,5,False,560.3082704581293,255.0565394112093,20,#00FF00,Quadrant 4,2,2,50,,#00FF00,0,329.81869914248705,5
image_89.png,5,False,443.14113603059764,348.19804752658905,20,#00FF00,Quadrant 4,2,2,50,,#00FF00,0,173.33838832332987,5
image_89.png,5,False,241.89055197419134,307.34785455282764,20,#00FF00,Quadrant 3,2,1,50,,#00FF00,0,193.30831619005124,5
image_89.png,5,False,522.6408212080548,326.66996819500383,20,#00FF00,Quadrant 4,2,2,50,,#00FF00,0,149.02310352030688,5
image_89.png,5,False,510.5003023466331,130.26007406306996,20,#00FF00,Quadrant 2,1,2,50,,#00FF00,0,107.76374879016986,5
image_89.png,5,False,154.492841965161,270.11646753095005,20,#00FF00,Quadrant 3,2,1,50,,#00FF00,0,192.91877125753933,5
image_89.png,5,False,622.8523044980641,144.65911427906545,20,#00FF00,Quadrant 2,1,2,50,,#00FF00,0,287.8327200548881,5
image_89.png,5,False,204.23695974252576,22.78345625251242,20,#00FF00,Quadrant 1,1,1,50,,#00FF00,0,349.06078527681353,5
image_89.png,5,False,279.4111627124552,235.98252573733976,20,#00FF00,Quadrant 3,2,1,50,,#00FF00,0,205.55339081621221,5
image_89.png,5,False,528.8112037733636,277.59061756920636,20,#00FF00,Quadrant 4,2,2,50,,#00FF00,0,311.2537285808013,5
image_89.png,5,False,32.7918407176563,167.4426966518876,20,#00FF00,Quadrant 1,1,1,50,,#00FF00,0,113.21978342192178,5
image_89.png,5,False,174.73550768212286,181.82059259366184,20,#00FF00,Quadrant 1,1,1,50,,#00FF00,0,178.93959638280825,5
image_89.png,5,False,159.92037681336836,125.27631688233328,20,#00FF00,Quadrant 1,1,1,50,,#00FF00,0,342.26162991632765,5
image_89.png,5,False,551.8264044505744,305.0047679721802,20,#00FF00,Quadrant 4,2,2,50,,#00FF00,0,40.40325801609191,5
image_89.png,5,False,316.7603500681396,20.42534481012487,20,#00FF00,Quadrant 1,1,1,50,,#00FF00,0,328.8073846201411,5
image_89.png,5,False,355.53741850822854,82.90001450899099,20,#00FF00,Quadrant 2,1,2,50,,#00FF00,0,173.75874881285492,5
image_89.png,5,False,515.6518949948452,208.93136944856934,20,#00FF00,Quadrant 4,2,2,50,,#00FF00,0,332.5092364404343,5
image_89.png,5,False,109.73028803745417,340.5400164957276,20,#00FF00,Quadrant 3,2,1,50,,#00FF00,0,279.1919553119068,5
image_89.png,5,False,657.2984303878621,266.79913514292457,20,#00FF00,Quadrant 4,2,2,50,,#00FF00,0,295.96986646665965,5
image_89.png,5,False,510.2291656224779,184.641259212109,20,#00FF00,Quadrant 2,1,2,50,,#00FF00,0,47.778176321591104,5
image_89.png,5,False,370.8956176475509,12.553530570499097,20,#00FF00,Quadrant 2,1,2,50,,#00FF00,0,256.92386054494733,5
image_89.png,5,False,484.3790558752227,235.64070553756346,20,#00FF00,Quadrant 4,2,2,50,,#00FF00,0,335.6414438474982,5
image_89.png,5,False,465.0401735207975,129.11774240804863,20,#00FF00,Quadrant 2,1,2,50,,#00FF00,0,187.40797635782408,5
image_89.png,5,False,226.06645701950958,348.227250913692,20,#00FF00,Quadrant 3,2,1,50,,#00FF00,0,207.92154038740526,5
image_89.png,5,False,314.92866407636154,55.47201704281039,20,#00FF00,Quadrant 1,1,1,50,,#00FF00,0,114.89392458053942,5
image_89.png,5,False,230.4361042660094,64.50848128318049,20,#00FF00,Quadrant 1,1,1,50,,#00FF00,0,126.11452965268221,5
image_89.png,5,False,206.17144254999718,103.54387792007581,20,#00FF00,Quadrant 1,1,1,50,,#00FF00,0,253.56733060956762,5
image_89.png,5,False,433.53812674250827,139.04330137623953,20,#00FF00,Quadrant 2,1,2,50,,#00FF00,0,25.64743363928735,5
image_89.png,5,False,100.62098742258517,188.93804886523282,20,#00FF00,Quadrant 1,1,1,50,,#00FF00,0,159.71314980284438,5
image_89.png,5,False,83.98364709541315,31.336353023001553,20,#00FF00,Quadrant 1,1,1,50,,#00FF00,0,243.17853762331725,5
image_89.png,5,False,587.1241642199162,275.36015898381254,20,#00FF00,Quadrant 4,2,2,50,,#00FF00,0,213.3922406033385,5
image_89.png,5,False,473.2296128839818,212.6573031223583,20,#00FF00,Quadrant 4,2,2,50,,#00FF00,0,256.64352650213925,5
image_89.png,5,False,571.0543512166998,358.64245791785845,20,#00FF00,Quadrant 4,2,2,50,,#00FF00,0,47.446300934626294,5
image_89.png,5,False,324.8974936445048,269.73267447643155,20,#00FF00,Quadrant 3,2,1,50,,#00FF00,0,168.57932593684404,5
image_89.png,5,False,331.65823275749466,98.58041276138607,20,#00FF00,Quadrant 1,1,1,50,,#00FF00,0,255.67772474838534,5
image_89.png,5,False,604.2953348915122,244.20410897988037,20,#00FF00,Quadrant 4,2,2,50,,#00FF00,0,80.56600341006965,5
image_89.png,5,False,281.1409967491795,275.4543267691579,20,#00FF00,Quadrant 3,2,1,50,,#00FF00,0,328.63017984361767,5
image_89.png,5,False,31.851987093959895,190.6763888498493,20,#00FF00,Quadrant 1,1,1,50,,#00FF00,0,163.1819043718459,5
image_89.png,5,False,574.2939427430492,312.17443833082115,20,#00FF00,Quadrant 4,2,2,50,,#00FF00,0,37.05559571122342,5
image_90.png,2,True,59.866629078871874,125.20065183473989,20,#00FF00,Quadrant 1,1,1,10,149,#00FF00,0,200.21394963415344,
image_90.png,5,False,417.87927418098946,101.18146029629327,20,#00FF00,Quadrant 2,1,2,10,,#00FF00,0,165.9509469888652,3
image_90.png,5,False,120.56497952350523,193.33761999817654,20,#00FF00,Quadrant 1,1,1,10,,#00FF00,0,87.72878197775518,3
image_90.png,5,False,154.4760824649626,273.3546273215617,20,#00FF00,Quadrant 3,2,1,10,,#00FF00,0,23.781576474436346,3
image_90.png,5,False,686.36140085726,225.40583142347276,20,#00FF00,Quadrant 4,2,2,10,,#00FF00,0,155.2134591516333,3
image_90.png,5,False,489.25774504028504,76.42630239179304,20,#00FF00,Quadrant 2,1,2,10,,#00FF00,0,123.19230046890434,3
image_90.png,5,False,520.4238939684985,280.1015345531938,20,#00FF00,Quadrant 4,2,2,10,,#00FF00,0,241.05787059696004,3
image_90.png,5,False,89.76845087111292,236.31653656795163,20,#00FF00,Quadrant 3,2,1,10,,#00FF00,0,301.22934978594566,3
image_90.png,5,False,78.28354343305439,179.29173583234677,20,#00FF00,Quadrant 1,1,1,10,,#00FF00,0,117.13611394041457,3
image_90.png,5,False,290.59185734361154,237.14197064269683,20,#00FF00,Quadrant 3,2,1,10,,#00FF00,0,110.89286047308177,3
image_90.png,5,False,421.9233309511511,320.9092454703775,20,#00FF00,Quadrant 4,2,2,10,,#00FF00,0,246.7831254978777,3
image_91.png,2,True,465.85351896555164,45.22147582663033,20,#00FF00,Quadrant 2,1,2,10,149,#00FF00,0,177.94625306275543,
image_91.png,5,False,622.3231986995718,352.43076978166147,20,#00FF00,Quadrant 4,2,2,10,,#00FF00,0,294.1320923716577,3
image_91.png,5,False,11.1270105736445,66.46218383173021,20,#00FF00,Quadrant 1,1,1,10,,#00FF00,0,229.00781520860025,3
image_91.png,5,False,377.0352607208918,158.4134455672374,20,#00FF00,Quadrant 2,1,2,10,,#00FF00,0,53.717915438643004,3
image_91.png,5,False,145.81430130229063,268.61334585895224,20,#00FF00,Quadrant 3,2,1,10,,#00FF00,0,208.055309362542,3
image_91.png,5,False,403.92044501233727,356.1912122582888,20,#00FF00,Quadrant 4,2,2,10,,#00FF00,0,113.9751782112175,3
image_91.png,5,False,660.9566419748223,175.3268186101696,20,#00FF00,Quadrant 2,1,2,10,,#00FF00,0,109.63804789379672,3
image_91.png,5,False,248.19832761071098,44.75063893400725,20,#00FF00,Quadrant 1,1,1,10,,#00FF00,0,353.72890926482114,3
image_91.png,5,False,690.6445158100281,163.7866232723496,20,#00FF00,Quadrant 2,1,2,10,,#00FF00,0,2.9229308674981214,3
image_91.png,5,False,213.6932327151363,150.5662537709371,20,#00FF00,Quadrant 1,1,1,10,,#00FF00,0,45.92005094067651,3
image_91.png,5,False,47.60471740052875,276.8678590334314,20,#00FF00,Quadrant 3,2,1,10,,#00FF00,0,197.59864917728174,3
image_92.png,2,True,205.44217073510043,22.78783252031474,20,#00FF00,Quadrant 1,1,1,10,149,#00FF00,0,39.49139408803896,
image_92.png,5,False,417.6229095880007,247.33100669273824,20,#00FF00,Quadrant 4,2,2,10,,#00FF00,0,155.4175804018965,3
image_92.png,5,False,290.7564989544325,175.50183829706086,20,#00FF00,Quadrant 1,1,1,10,,#00FF00,0,256.2385146156271,3
image_92.png,5,False,130.47956321527363,63.56803123019444,20,#00FF00,Quadrant 1,1,1,10,,#00FF00,0,76.0377868897879,3
image_92.png,5,False,592.0527651307592,147.18882190813042,20,#00FF00,Quadrant 2,1,2,10,,#00FF00,0,199.95176835696563,3
image_92.png,5,False,209.75643062030676,340.89409142199884,20,#00FF00,Quadrant 3,2,1,10,,#00FF00,0,150.20477813136742,3
image_92.png,5,False,18.994296434767456,256.09113374305923,20,#00FF00,Quadrant 3,2,1,10,,#00FF00,0,45.19769525781185,3
image_92.png,5,False,620.6883021841736,259.69629139517156,20,#00FF00,Quadrant 4,2,2,10,,#00FF00,0,51.83851912380845,3
image_92.png,5,False,104.5494886810564,62.869261404632134,20,#00FF00,Quadrant 1,1,1,10,,#00FF00,0,350.99100974558553,3
image_92.png,5,False,603.6452530563156,348.77417333584236,20,#00FF00,Quadrant 4,2,2,10,,#00FF00,0,290.138981265634,3
image_92.png,5,False,651.9842875846488,246.5879260447875,20,#00FF00,Quadrant 4,2,2,10,,#00FF00,0,250.3405870318012,3
image_93.png,2,True,391.36247093252246,181.11730004416526,20,#00FF00,Quadrant 2,1,2,20,149,#00FF00,0,183.389369194842,
image_93.png,5,False,139.0100222130701,239.52869126803083,20,#00FF00,Quadrant 3,2,1,20,,#00FF00,0,127.91060299625045,4
image_93.png,5,False,594.4478779181787,100.49148763109102,20,#00FF00,Quadrant 2,1,2,20,,#00FF00,0,208.05786028010027,4
image_93.png,5,False,294.0672536149837,217.45084641770413,20,#00FF00,Quadrant 3,2,1,20,,#00FF00,0,180.62236977316556,4
image_93.png,5,False,685.0028466663435,225.76054037120454,20,#00FF00,Quadrant 4,2,2,20,,#00FF00,0,132.10920909081602,4
image_93.png,5,False,88.97025066469001,193.01943948519875,20,#00FF00,Quadrant 1,1,1,20,,#00FF00,0,253.75771531975488,4
image_93.png,5,False,108.89827365501064,287.42882318036436,20,#00FF00,Quadrant 3,2,1,20,,#00FF00,0,248.57901535051104,4
image_93.png,5,False,688.7475121852095,305.41279092148613,20,#00FF00,Quadrant 4,2,2,20,,#00FF00,0,354.08847532694216,4
image_93.png,5,False,64.90364073658603,347.38805079912163,20,#00FF00,Quadrant 3,2,1,20,,#00FF00,0,167.37707783357678,4
image_93.png,5,False,336.5191333482169,291.3573498345357,20,#00FF00,Quadrant 3,2,1,20,,#00FF00,0,31.84068626376441,4
image_93.png,5,False,64.79844177012887,250.53393703562426,20,#00FF00,Quadrant 3,2,1,20,,#00FF00,0,345.7479769046468,4
image_93.png,5,False,226.31230807590444,30.948674869203806,20,#00FF00,Quadrant 1,1,1,20,,#00FF00,0,287.3153666307497,4
image_93.png,5,False,547.4051948072743,188.232410308906,20,#00FF00,Quadrant 2,1,2,20,,#00FF00,0,123.6766215608416,4
image_93.png,5,False,35.33977948047401,359.8427870713666,20,#00FF00,Quadrant 3,2,1,20,,#00FF00,0,104.1150395594756,4
image_93.png,5,False,511.8835110059369,224.08097130393614,20,#00FF00,Quadrant 4,2,2,20,,#00FF00,0,269.79310057659075,4
image_93.png,5,False,337.0076065163255,74.91195308075157,20,#00FF00,Quadrant 1,1,1,20,,#00FF00,0,22.110394735247013,4
image_93.png,5,False,204.5896607907458,335.27046918220265,20,#00FF00,Quadrant 3,2,1,20,,#00FF00,0,47.71395461028213,4
image_93.png,5,False,87.85753955716666,77.00403441510872,20,#00FF00,Quadrant 1,1,1,20,,#00FF00,0,5.1130836227126375,4
image_93.png,5,False,115.13243767737026,179.83489738234772,20,#00FF00,Quadrant 1,1,1,20,,#00FF00,0,213.03724516949208,4
image_93.png,5,False,191.0030330655097,275.8929018324766,20,#00FF00,Quadrant 3,2,1,20,,#00FF00,0,290.8226488764865,4
image_93.png,5,False,561.7673124177077,336.8414537944512,20,#00FF00,Quadrant 4,2,2,20,,#00FF00,0,174.5706649503954,4
image_94.png,2,True,677.5011416148648,236.11566672496508,20,#00FF00,Quadrant 4,2,2,10,149,#00FF00,0,354.26579676855,
image_94.png,5,False,588.1161973082152,295.54377022069207,20,#00FF00,Quadrant 4,2,2,10,,#00FF00,0,295.8205563984372,3
image_94.png,5,False,275.0020581405296,260.7322350918496,20,#00FF00,Quadrant 3,2,1,10,,#00FF00,0,148.66123555103243,3
image_94.png,5,False,126.25816676229455,229.3922948657609,20,#00FF00,Quadrant 3,2,1,10,,#00FF00,0,261.35967306440233,3
image_94.png,5,False,48.43046693144657,110.9414974568257,20,#00FF00,Quadrant 1,1,1,10,,#00FF00,0,303.05989268591446,3
image_94.png,5,False,47.18848272768163,186.39764279667685,20,#00FF00,Quadrant 1,1,1,10,,#00FF00,0,295.03116340754906,3
image_94.png,5,False,339.14743982328264,369.43917078091,20,#00FF00,Quadrant 3,2,1,10,,#00FF00,0,171.44349924096588,3
image_94.png,5,False,171.99264377119198,269.36676434218697,20,#00FF00,Quadrant 3,2,1,10,,#00FF00,0,332.08532953044397,3
image_94.png,5,False,191.94872935867483,211.5071261150016,20,#00FF00,Quadrant 3,2,1,10,,#00FF00,0,140.42537518480603,3
image_94.png,5,False,209.9778410930657,312.38281877081243,20,#00FF00,Quadrant 3,2,1,10,,#00FF00,0,156.504358681073,3
image_94.png,5,False,228.5094624135979,211.43579384779366,20,#00FF00,Quadrant 3,2,1,10,,#00FF00,0,137.5214740951182,3
image_95.png,2,True,377.061119684467,144.7470197486685,20,#00FF00,Quadrant 2,1,2,0,149,#00FF00,0,35.05115546566523,
image_96.png,2,True,460.2734218046595,114.03924490971625,20,#00FF00,Quadrant 2,1,2,15,149,#00FF00,0,219.77480449151338,
image_96.png,5,False,563.795972665494,107.52000134692906,20,#00FF00,Quadrant 2,1,2,15,,#00FF00,0,97.31740218513913,3
image_96.png,5,False,328.7038208820004,266.26004303363237,20,#00FF00,Quadrant 3,2,1,15,,#00FF00,0,210.3036601902198,3
image_96.png,5,False,473.93210898809906,302.24797421456805,20,#00FF00,Quadrant 4,2,2,15,,#00FF00,0,87.04690861964852,3
image_96.png,5,False,477.94781239779115,386.43521216518053,20,#00FF00,Quadrant 4,2,2,15,,#00FF00,0,187.18283594747166,3
image_96.png,5,False,18.2882345360553,14.203990998704938,20,#00FF00,Quadrant 1,1,1,15,,#00FF00,0,112.77713803306608,3
image_96.png,5,False,294.35040019686846,209.54989176449885,20,#00FF00,Quadrant 3,2,1,15,,#00FF00,0,24.462703796521605,3
image_96.png,5,False,253.19481323791925,285.14474798058177,20,#00FF00,Quadrant 3,2,1,15,,#00FF00,0,246.77983880444756,3
image_96.png,5,False,34.454774382186066,245.13215055133256,20,#00FF00,Quadrant 3,2,1,15,,#00FF00,0,90.68259857228868,3
image_96.png,5,False,420.361483323583,348.9195124492314,20,#00FF00,Quadrant 4,2,2,15,,#00FF00,0,20.477488174006076,3
image_96.png,5,False,423.9762482690744,57.03666960934091,20,#00FF00,Quadrant 2,1,2,15,,#00FF00,0,78.05689828228968,3
image_96.png,5,False,70.52021172708064,239.57122648585545,20,#00FF00,Quadrant 3,2,1,15,,#00FF00,0,344.80632158511696,3
image_96.png,5,False,537.2980009394078,255.90840685348218,20,#00FF00,Quadrant 4,2,2,15,,#00FF00,0,135.34503844605433,3
image_96.png,5,False,138.30557668466207,52.89944276926721,20,#00FF00,Quadrant 1,1,1,15,,#00FF00,0,289.15202370419786,3
image_96.png,5,False,213.95777687230995,260.66062593368304,20,#00FF00,Quadrant 3,2,1,15,,#00FF00,0,66.33467742205309,3
image_96.png,5,False,323.42275412929894,387.20350720340747,20,#00FF00,Quadrant 3,2,1,15,,#00FF00,0,27.257103249139945,3
image_97.png,2,True,470.9620702672576,302.10521252637176,20,#00FF00,Quadrant 4,2,2,15,149,#00FF00,0,249.1997370512853,
image_97.png,5,False,548.9238647221324,115.81466802765463,20,#00FF00,Quadrant 2,1,2,15,,#00FF00,0,92.64117433360047,3
image_97.png,5,False,278.7388047069245,387.4723383687598,20,#00FF00,Quadrant 3,2,1,15,,#00FF00,0,22.459456755277813,3
image_97.png,5,False,571.0197952043569,78.25734594864609,20,#00FF00,Quadrant 2,1,2,15,,#00FF00,0,92.9658980966959,3
image_97.png,5,False,685.8217443212566,86.85292523126387,20,#00FF00,Quadrant 2,1,2,15,,#00FF00,0,24.983453281371595,3
image_97.png,5,False,455.73790901919807,51.98671713757395,20,#00FF00,Quadrant 2,1,2,15,,#00FF00,0,141.34840029656274,3
image_97.png,5,False,308.13371415040115,243.07925798879432,20,#00FF00,Quadrant 3,2,1,15,,#00FF00,0,194.6275764460462,3
image_97.png,5,False,315.24979753725836,108.90058494390942,20,#00FF00,Quadrant 1,1,1,15,,#00FF00,0,38.249896232331686,3
image_97.png,5,False,59.514093396487816,286.0120672637628,20,#00FF00,Quadrant 3,2,1,15,,#00FF00,0,12.549922065816975,3
image_97.png,5,False,23.928942447133632,199.13112080296065,20,#00FF00,Quadrant 1,1,1,15,,#00FF00,0,279.8053795137818,3
image_97.png,5,False,11.597805312005992,25.30186917797478,20,#00FF00,Quadrant 1,1,1,15,,#00FF00,0,235.03151975960057,3
image_97.png,5,False,115.45754954470716,135.67606860358586,20,#00FF00,Quadrant 1,1,1,15,,#00FF00,0,140.5741755360151,3
image_97.png,5,False,13.551886857292654,278.4749364799737,20,#00FF00,Quadrant 3,2,1,15,,#00FF00,0,140.87893163316315,3
image_97.png,5,False,340.43806457105075,163.67902014442217,20,#00FF00,Quadrant 1,1,1,15,,#00FF00,0,277.5566263246879,3
image_97.png,5,False,570.6579255843758,37.49768117195853,20,#00FF00,Quadrant 2,1,2,15,,#00FF00,0,261.9962716187338,3
image_97.png,5,False,275.86804917017395,271.5407745927213,20,#00FF00,Quadrant 3,2,1,15,,#00FF00,0,81.30486310415453,3
image_98.png,2,True,379.8245086986129,385.8253217911059,20,#00FF00,Quadrant 4,2,2,20,149,#00FF00,0,43.633314104436295,
image_98.png,5,False,219.64854469912945,31.863586463026774,20,#00FF00,Quadrant 1,1,1,20,,#00FF00,0,120.03829662100122,4
image_98.png,5,False,456.8342681487615,149.10432665116144,20,#00FF00,Quadrant 2,1,2,20,,#00FF00,0,358.9256866661951,4
image_98.png,5,False,245.30326246049046,328.9666399340605,20,#00FF00,Quadrant 3,2,1,20,,#00FF00,0,307.2031482006102,4
image_98.png,5,False,210.7815223286232,87.77953817517843,20,#00FF00,Quadrant 1,1,1,20,,#00FF00,0,273.763109117321,4
image_98.png,5,False,677.6164298630414,260.7574855104029,20,#00FF00,Quadrant 4,2,2,20,,#00FF00,0,199.6111698013486,4
image_98.png,5,False,279.78215565280186,51.35831032971476,20,#00FF00,Quadrant 1,1,1,20,,#00FF00,0,107.5933242627801,4
image_98.png,5,False,346.20094050817374,345.6109504639737,20,#00FF00,Quadrant 3,2,1,20,,#00FF00,0,247.983329663679,4
image_98.png,5,False,141.54103748813785,24.493953101255357,20,#00FF00,Quadrant 1,1,1,20,,#00FF00,0,157.67414975700305,4
image_98.png,5,False,697.5082725997224,101.14737964369283,20,#00FF00,Quadrant 2,1,2,20,,#00FF00,0,9.131257974401468,4
image_98.png,5,False,557.197289395633,254.20808704437516,20,#00FF00,Quadrant 4,2,2,20,,#00FF00,0,139.95631205050157,4
image_98.png,5,False,675.8531998902444,317.8521168070893,20,#00FF00,Quadrant 4,2,2,20,,#00FF00,0,179.88629454537042,4
image_98.png,5,False,22.312199015337264,139.24977002433374,20,#00FF00,Quadrant 1,1,1,20,,#00FF00,0,347.9666903503247,4
image_98.png,5,False,507.77726051583295,164.28196956719998,20,#00FF00,Quadrant 2,1,2,20,,#00FF00,0,121.57869758904181,4
image_98.png,5,False,461.502604900159,208.7392236535549,20,#00FF00,Quadrant 4,2,2,20,,#00FF00,0,76.20414324520029,4
image_98.png,5,False,610.5678203728942,213.8202066891228,20,#00FF00,Quadrant 4,2,2,20,,#00FF00,0,338.43232426127804,4
image_98.png,5,False,171.5271196529127,38.22865265562949,20,#00FF00,Quadrant 1,1,1,20,,#00FF00,0,266.77853978100757,4
image_98.png,5,False,347.848457481637,18.205816597648113,20,#00FF00,Quadrant 1,1,1,20,,#00FF00,0,264.7655005080444,4
image_98.png,5,False,437.058365222494,102.73400450565065,20,#00FF00,Quadrant 2,1,2,20,,#00FF00,0,326.5843961424147,4
image_98.png,5,False,20.897626218792528,250.1460298961708,20,#00FF00,Quadrant 3,2,1,20,,#00FF00,0,233.56311088050592,4
image_98.png,5,False,576.4893246580459,47.77646686462888,20,#00FF00,Quadrant 2,1,2,20,,#00FF00,0,325.6784462231505,4
image_99.png,2,True,418.22827512075594,320.12846719476437,20,#00FF00,Quadrant 4,2,2,50,149,#00FF00,0,61.448179637840205,
image_99.png,5,False,353.53186911299395,313.08823404243276,20,#00FF00,Quadrant 3,2,1,50,,#00FF00,0,38.279232092981644,5
image_99.png,5,False,565.2684828089158,172.10793336865075,20,#00FF00,Quadrant 2,1,2,50,,#00FF00,0,79.40610872745242,5
image_99.png,5,False,687.7308066743066,267.4343824979607,20,#00FF00,Quadrant 4,2,2,50,,#00FF00,0,292.1475707063268,5
image_99.png,5,False,683.3629026363559,228.71552995103931,20,#00FF00,Quadrant 4,2,2,50,,#00FF00,0,116.72457876420674,5
image_99.png,5,False,587.2982665872056,310.7924312397959,20,#00FF00,Quadrant 4,2,2,50,,#00FF00,0,49.43858471343185,5
image_99.png,5,False,419.6357393451439,137.82040905876363,20,#00FF00,Quadrant 2,1,2,50,,#00FF00,0,275.122037652218,5
image_99.png,5,False,108.31215700471402,167.92833456041825,20,#00FF00,Quadrant 1,1,1,50,,#00FF00,0,43.468376238656106,5
image_99.png,5,False,392.2979259020777,176.8139381564979,20,#00FF00,Quadrant 2,1,2,50,,#00FF00,0,250.66648284475386,5
image_99.png,5,False,39.04153821537297,48.78784755630614,20,#00FF00,Quadrant 1,1,1,50,,#00FF00,0,333.2431910150862,5
image_99.png,5,False,346.5205901534697,13.400140693267208,20,#00FF00,Quadrant 1,1,1,50,,#00FF00,0,5.626917456579914,5
image_99.png,5,False,72.41831437457142,257.363689321504,20,#00FF00,Quadrant 3,2,1,50,,#00FF00,0,64.5886282131769,5
image_99.png,5,False,297.7771248878831,316.2016616274937,20,#00FF00,Quadrant 3,2,1,50,,#00FF00,0,319.28945110845086,5
image_99.png,5,False,488.0348899470931,88.92856262689239,20,#00FF00,Quadrant 2,1,2,50,,#00FF00,0,278.12257506969934,5
image_99.png,5,False,431.66067416640436,25.22081812762321,20,#00FF00,Quadrant 2,1,2,50,,#00FF00,0,337.71225976077926,5
image_99.png,5,False,355.4225804485553,370.2126682346464,20,#00FF00,Quadrant 3,2,1,50,,#00FF00,0,64.8001681133475,5
image_99.png,5,False,550.1997078919906,142.48864826784327,20,#00FF00,Quadrant 2,1,2,50,,#00FF00,0,225.7889954562045,5
image_99.png,5,False,173.35527604983054,55.41795698505735,20,#00FF00,Quadrant 1,1,1,50,,#00FF00,0,1.6452148614506568,5
image_99.png,5,False,76.92617606696878,147.79869313621774,20,#00FF00,Quadrant 1,1,1,50,,#00FF00,0,190.87164753410912,5
image_99.png,5,False,382.86902738135734,93.88637852276598,20,#00FF00,Quadrant 2,1,2,50,,#00FF00,0,274.00616612465353,5
image_99.png,5,False,465.2764121322847,115.48924872323934,20,#00FF00,Quadrant 2,1,2,50,,#00FF00,0,277.31926191990914,5
image_99.png,5,False,559.86633746185,270.02213916889934,20,#00FF00,Quadrant 4,2,2,50,,#00FF00,0,69.73883748475075,5
image_99.png,5,False,337.8704466505924,77.65040296606065,20,#00FF00,Quadrant 1,1,1,50,,#00FF00,0,348.6865816126344,5
image_99.png,5,False,40.70664932746453,254.75739623356594,20,#00FF00,Quadrant 3,2,1,50,,#00FF00,0,241.25134864570418,5
image_99.png,5,False,310.4887615233812,137.3633698460289,20,#00FF00,Quadrant 1,1,1,50,,#00FF00,0,102.62322720477216,5
image_99.png,5,False,533.5431263537608,27.374008442991776,20,#00FF00,Quadrant 2,1,2,50,,#00FF00,0,289.8553228410233,5
image_99.png,5,False,648.2294672000519,77.48551590547889,20,#00FF00,Quadrant 2,1,2,50,,#00FF00,0,266.5500785327283,5
image_99.png,5,False,345.2073018608142,54.872602304703655,20,#00FF00,Quadrant 1,1,1,50,,#00FF00,0,282.77712650942414,5
image_99.png,5,False,508.04672250510447,235.04311833642387,20,#00FF00,Quadrant 4,2,2,50,,#00FF00,0,322.22850296428754,5
image_99.png,5,False,147.93971153157034,266.8502623407908,20,#00FF00,Quadrant 3,2,1,50,,#00FF00,0,117.35003315555942,5
image_99.png,5,False,519.3082796802987,339.8170225142188,20,#00FF00,Quadrant 4,2,2,50,,#00FF00,0,35.30308816852126,5
image_99.png,5,False,163.0366404701916,189.0343182173734,20,#00FF00,Quadrant 1,1,1,50,,#00FF00,0,135.19165963598675,5
image_99.png,5,False,624.5468134381698,65.78780080162308,20,#00FF00,Quadrant 2,1,2,50,,#00FF00,0,174.38677772553388,5
image_99.png,5,False,150.32330373994358,59.086047054318726,20,#00FF00,Quadrant 1,1,1,50,,#00FF00,0,351.20012087442,5
image_99.png,5,False,621.7357816797962,239.17440151621332,20,#00FF00,Quadrant 4,2,2,50,,#00FF00,0,123.68736296256839,5
image_99.png,5,False,450.5814583633224,242.15761818221597,20,#00FF00,Quadrant 4,2,2,50,,#00FF00,0,284.2369074079658,5
image_99.png,5,False,679.4235950771616,334.19152022024593,20,#00FF00,Quadrant 4,2,2,50,,#00FF00,0,61.17677426430373,5
image_99.png,5,False,601.4549232013426,195.9226646565738,20,#00FF00,Quadrant 2,1,2,50,,#00FF00,0,31.130759628196127,5
image_99.png,5,False,513.9822329503897,289.27560874702203,20,#00FF00,Quadrant 4,2,2,50,,#00FF00,0,100.50151620225151,5
image_99.png,5,False,236.50690771041337,230.03853735379647,20,#00FF00,Quadrant 3,2,1,50,,#00FF00,0,88.79550374462691,5
image_99.png,5,False,418.7306544703831,67.31054727285566,20,#00FF00,Quadrant 2,1,2,50,,#00FF00,0,321.05614612916617,5
image_99.png,5,False,14.4984534743786,381.50956760880905,20,#00FF00,Quadrant 3,2,1,50,,#00FF00,0,206.5322825563747,5
image_99.png,5,False,395.79751987659347,15.695890784371027,20,#00FF00,Quadrant 2,1,2,50,,#00FF00,0,86.58413730496872,5
image_99.png,5,False,457.224096739871,45.295752868217235,20,#00FF00,Quadrant 2,1,2,50,,#00FF00,0,106.48455415712638,5
image_99.png,5,False,221.0324189326327,276.8490964294144,20,#00FF00,Quadrant 3,2,1,50,,#00FF00,0,172.72186250129948,5
image_99.png,5,False,542.794320378541,341.44723637241856,20,#00FF00,Quadrant 4,2,2,50,,#00FF00,0,163.74268715794256,5
image_99.png,5,False,447.4141866783764,336.224642076502,20,#00FF00,Quadrant 4,2,2,50,,#00FF00,0,167.14648346159413,5
image_99.png,5,False,626.576329349929,136.83852030849368,20,#00FF00,Quadrant 2,1,2,50,,#00FF00,0,25.451493103478356,5
image_99.png,5,False,304.44665234342096,112.9803858538328,20,#00FF00,Quadrant 1,1,1,50,,#00FF00,0,11.777103146704953,5
image_99.png,5,False,384.7377883444207,311.3129687331717,20,#00FF00,Quadrant 4,2,2,50,,#00FF00,0,340.5943776704404,5
image_99.png,5,False,66.78077964107422,343.9602597273334,20,#00FF00,Quadrant 3,2,1,50,,#00FF00,0,283.56906389057235,5
image_100.png,2,True,637.9928346636585,148.58841734868025,20,#00FF00,Quadrant 2,1,2,0,149,#00FF00,0,185.30513301727174,
image_101.png,2,True,262.89210181406236,245.03244424946976,20,#00FF00,Quadrant 3,2,1,0,149,#00FF00,0,39.94795574146356,
image_102.png,2,True,457.5909616202609,277.44224318361455,20,#00FF00,Quadrant 4,2,2,10,149,#00FF00,0,131.91587852758366,
image_102.png,5,False,543.9935254458112,63.31739511276118,20,#00FF00,Quadrant 2,1,2,10,,#00FF00,0,201.87295507908885,3
image_102.png,5,False,382.80770629824127,256.33651532881356,20,#00FF00,Quadrant 4,2,2,10,,#00FF00,0,120.57468359103628,3
image_102.png,5,False,529.3189495779741,340.28766261444395,20,#00FF00,Quadrant 4,2,2,10,,#00FF00,0,265.4568232453857,3
image_102.png,5,False,529.9365403973796,298.6148714960759,20,#00FF00,Quadrant 4,2,2,10,,#00FF00,0,253.02370157484583,3
image_102.png,5,False,629.6758632377501,201.34793747310118,20,#00FF00,Quadrant 4,2,2,10,,#00FF00,0,115.36697392892985,3
image_102.png,5,False,48.522937928597315,151.92360835146638,20,#00FF00,Quadrant 1,1,1,10,,#00FF00,0,152.2544850392067,3
image_102.png,5,False,356.4991158163868,324.5736143319619,20,#00FF00,Quadrant 4,2,2,10,,#00FF00,0,162.86783378602328,3
image_102.png,5,False,322.4131056281583,150.15913197669133,20,#00FF00,Quadrant 1,1,1,10,,#00FF00,0,323.8024314136443,3
image_102.png,5,False,488.63070732549096,380.7159200433722,20,#00FF00,Quadrant 4,2,2,10,,#00FF00,0,242.39033267148966,3
image_102.png,5,False,140.7756182813742,345.1440548976989,20,#00FF00,Quadrant 3,2,1,10,,#00FF00,0,317.9269178481842,3
image_103.png,2,True,629.6846974507074,120.00487594471095,20,#00FF00,Quadrant 2,1,2,1,149,#00FF00,0,28.861345206541536,
image_103.png,5,False,86.35243028792677,115.3063542868591,20,#00FF00,Quadrant 1,1,1,1,,#00FF00,0,344.38569476977756,1
image_104.png,2,True,613.8702731410599,207.81992767673432,20,#00FF00,Quadrant 4,2,2,2,149,#00FF00,0,178.67834459378795,
image_104.png,5,False,212.99374549831262,377.49920089504474,20,#00FF00,Quadrant 3,2,1,2,,#00FF00,0,225.8194310081638,1
image_104.png,5,False,101.96685710192085,142.0526932836259,20,#00FF00,Quadrant 1,1,1,2,,#00FF00,0,194.91658490463888,1
image_105.png,2,True,25.801303638928175,82.46492898311402,20,#00FF00,Quadrant 1,1,1,20,149,#00FF00,0,265.57532781426903,
image_105.png,5,False,563.5704916944655,326.61016203564117,20,#00FF00,Quadrant 4,2,2,20,,#00FF00,0,7.933182670516725,4
image_105.png,5,False,242.41950753819643,229.75034090560342,20,#00FF00,Quadrant 3,2,1,20,,#00FF00,0,187.06337386430747,4
image_105.png,5,False,553.1219860525811,194.76409203029453,20,#00FF00,Quadrant 2,1,2,20,,#00FF00,0,236.07378060056595,4
image_105.png,5,False,376.2845324134418,218.32117325296161,20,#00FF00,Quadrant 4,2,2,20,,#00FF00,0,239.70792450659638,4
image_105.png,5,False,401.8363943689799,350.55056683997543,20,#00FF00,Quadrant 4,2,2,20,,#00FF00,0,164.88255314133792,4
image_105.png,5,False,554.8054493154968,96.72357260468524,20,#00FF00,Quadrant 2,1,2,20,,#00FF00,0,110.33820168543878,4
image_105.png,5,False,209.53279583422514,330.60418209349035,20,#00FF00,Quadrant 3,2,1,20,,#00FF00,0,133.88483397260796,4
image_105.png,5,False,206.93922126392553,372.44883737627595,20,#00FF00,Quadrant 3,2,1,20,,#00FF00,0,53.401800745155825,4
image_105.png,5,False,121.78422902851241,213.34970711039907,20,#00FF00,Quadrant 3,2,1,20,,#00FF00,0,222.70688275014896,4
image_105.png,5,False,131.82258855029585,278.6660174273014,20,#00FF00,Quadrant 3,2,1,20,,#00FF00,0,65.62098376716816,4
image_105.png,5,False,558.381066119306,71.95428159779468,20,#00FF00,Quadrant 2,1,2,20,,#00FF00,0,325.696012972952,4
image_105.png,5,False,695.7096232261896,228.17051462685305,20,#00FF00,Quadrant 4,2,2,20,,#00FF00,0,42.09024052928777,4
image_105.png,5,False,265.70410676388553,88.54872680172453,20,#00FF00,Quadrant 1,1,1,20,,#00FF00,0,158.7199095915749,4
image_105.png,5,False,469.5662110103238,380.69252882878607,20,#00FF00,Quadrant 4,2,2,20,,#00FF00,0,254.56837723022753,4
image_105.png,5,False,319.9676476863628,379.7260266204319,20,#00FF00,Quadrant 3,2,1,20,,#00FF00,0,53.25991730577777,4
image_105.png,5,False,94.70662614836547,20.421727544997324,20,#00FF00,Quadrant 1,1,1,20,,#00FF00,0,192.11146465362248,4
image_105.png,5,False,540.5090162617676,369.26426243140844,20,#00FF00,Quadrant 4,2,2,20,,#00FF00,0,335.18480971299175,4
image_105.png,5,False,118.52070127396857,377.7167617317371,20,#00FF00,Quadrant 3,2,1,20,,#00FF00,0,334.0120643025521,4
image_105.png,5,False,360.60482248106865,255.65821387365915,20,#00FF00,Quadrant 4,2,2,20,,#00FF00,0,196.6124116719989,4
image_105.png,5,False,628.328466189585,377.5109006228715,20,#00FF00,Quadrant 4,2,2,20,,#00FF00,0,106.4004728988397,4
image_106.png,2,True,561.9079845431783,286.38955167532663,20,#00FF00,Quadrant 4,2,2,50,149,#00FF00,0,240.0795833241198,
image_106.png,5,False,244.35357219593428,53.45530547618952,20,#00FF00,Quadrant 1,1,1,50,,#00FF00,0,332.02515661089114,5
image_106.png,5,False,38.61574936704815,267.28715136843084,20,#00FF00,Quadrant 3,2,1,50,,#00FF00,0,172.43324402021474,5
image_106.png,5,False,28.084164833448884,244.42331321426832,20,#00FF00,Quadrant 3,2,1,50,,#00FF00,0,42.07539521835439,5
image_106.png,5,False,257.2441549727283,134.3665255367958,20,#00FF00,Quadrant 1,1,1,50,,#00FF00,0,79.33132708482567,5
image_106.png,5,False,145.4581752790828,209.9919922945676,20,#00FF00,Quadrant 3,2,1,50,,#00FF00,0,218.93443547839337,5
image_106.png,5,False,539.5285382530973,84.98052455874821,20,#00FF00,Quadrant 2,1,2,50,,#00FF00,0,281.26200807719994,5
image_106.png,5,False,596.2720068538234,266.92996072656535,20,#00FF00,Quadrant 4,2,2,50,,#00FF00,0,30.09223814180809,5
image_106.png,5,False,683.3534202696502,160.09212568031336,20,#00FF00,Quadrant 2,1,2,50,,#00FF00,0,344.74453144860036,5
image_106.png,5,False,426.5854216135935,204.36810851548623,20,#00FF00,Quadrant 4,2,2,50,,#00FF00,0,176.56752969617253,5
image_106.png,5,False,470.4020395709104,161.27692298534186,20,#00FF00,Quadrant 2,1,2,50,,#00FF00,0,20.17714237452222,5
image_106.png,5,False,305.64428940173275,156.95056969620418,20,#00FF00,Quadrant 1,1,1,50,,#00FF00,0,257.7469580424537,5
image_106.png,5,False,397.55174467232416,92.5327688241643,20,#00FF00,Quadrant 2,1,2,50,,#00FF00,0,160.40737476012575,5
image_106.png,5,False,521.9125691272277,168.10049514318348,20,#00FF00,Quadrant 2,1,2,50,,#00FF00,0,319.60975557505583,5
image_106.png,5,False,123.85154683968831,286.1842534303392,20,#00FF00,Quadrant 3,2,1,50,,#00FF00,0,159.3015708320457,5
image_106.png,5,False,422.97770213565025,65.29564895139836,20,#00FF00,Quadrant 2,1,2,50,,#00FF00,0,300.7841516389312,5
image_106.png,5,False,691.9954928213751,209.56379560343393,20,#00FF00,Quadrant 4,2,2,50,,#00FF00,0,109.16320987687052,5
image_106.png,5,False,653.9424140416506,234.276620878362,20,#00FF00,Quadrant 4,2,2,50,,#00FF00,0,120.75002717824039,5
image_106.png,5,False,131.50128445741336,185.68134661371533,20,#00FF00,Quadrant 1,1,1,50,,#00FF00,0,98.39838913995804,5
image_106.png,5,False,641.3468844171072,86.31935823194998,20,#00FF00,Quadrant 2,1,2,50,,#00FF00,0,204.44987678444195,5
image_106.png,5,False,210.44012175213032,196.44136361750986,20,#00FF00,Quadrant 1,1,1,50,,#00FF00,0,299.6221403586643,5
image_106.png,5,False,219.07310771218835,232.2087201392623,20,#00FF00,Quadrant 3,2,1,50,,#00FF00,0,296.2077189791902,5
image_106.png,5,False,117.12251508224355,124.46403622163868,20,#00FF00,Quadrant 1,1,1,50,,#00FF00,0,284.83903706730007,5
image_106.png,5,False,449.59041256890345,57.938877397338295,20,#00FF00,Quadrant 2,1,2,50,,#00FF00,0,230.59987530356273,5
image_106.png,5,False,209.21774392888707,78.80273199031573,20,#00FF00,Quadrant 1,1,1,50,,#00FF00,0,239.7288462621506,5
image_106.png,5,False,455.2574476274321,21.751297079891398,20,#00FF00,Quadrant 2,1,2,50,,#00FF00,0,326.4455509753789,5
image_106.png,5,False,350.7116050503805,377.89637343005825,20,#00FF00,Quadrant 3,2,1,50,,#00FF00,0,275.2986080929498,5
image_106.png,5,False,260.25230273123316,192.6236722602486,20,#00FF00,Quadrant 1,1,1,50,,#00FF00,0,215.6008764237434,5
image_106.png,5,False,188.7010495416021,270.2750520701959,20,#00FF00,Quadrant 3,2,1,50,,#00FF00,0,156.9846641466359,5
image_106.png,5,False,574.795467491397,152.07043763797563,20,#00FF00,Quadrant 2,1,2,50,,#00FF00,0,350.73314942366056,5
image_106.png,5,False,23.08856047986422,109.1050555374939,20,#00FF00,Quadrant 1,1,1,50,,#00FF00,0,263.8646174005786,5
image_106.png,5,False,257.2385855430349,30.991788127045258,20,#00FF00,Quadrant 1,1,1,50,,#00FF00,0,249.58189613207475,5
image_106.png,5,False,449.37427604526334,372.04910360695476,20,#00FF00,Quadrant 4,2,2,50,,#00FF00,0,130.01884125936806,5
image_106.png,5,False,144.5384211099061,248.39532160213255,20,#00FF00,Quadrant 3,2,1,50,,#00FF00,0,27.657604999780165,5
image_106.png,5,False,228.8689880272772,330.4080666670023,20,#00FF00,Quadrant 3,2,1,50,,#00FF00,0,116.13846983074788,5
image_106.png,5,False,379.21560270080073,143.91590096960218,20,#00FF00,Quadrant 2,1,2,50,,#00FF00,0,130.50816382840296,5
image_106.png,5,False,294.8642135893979,359.1029887071092,20,#00FF00,Quadrant 3,2,1,50,,#00FF00,0,280.37082414749,5
image_106.png,5,False,558.828542508722,222.17167104688227,20,#00FF00,Quadrant 4,2,2,50,,#00FF00,0,299.3664797233793,5
image_106.png,5,False,667.2692023007183,330.8143653804969,20,#00FF00,Quadrant 4,2,2,50,,#00FF00,0,248.27501847825812,5
image_106.png,5,False,494.86050801050175,314.3753469517784,20,#00FF00,Quadrant 4,2,2,50,,#00FF00,0,256.51696591377714,5
image_106.png,5,False,642.1454692605124,55.06181601824842,20,#00FF00,Quadrant 2,1,2,50,,#00FF00,0,150.24465267193975,5
image_106.png,5,False,22.974406073898475,142.62334689330137,20,#00FF00,Quadrant 1,1,1,50,,#00FF00,0,47.243576440420064,5
image_106.png,5,False,106.78063356086362,178.05252911386316,20,#00FF00,Quadrant 1,1,1,50,,#00FF00,0,248.77825327608497,5
image_106.png,5,False,220.92745459687197,292.40596175125995,20,#00FF00,Quadrant 3,2,1,50,,#00FF00,0,61.99457746417937,5
image_106.png,5,False,99.68427564461288,273.4243215159463,20,#00FF00,Quadrant 3,2,1,50,,#00FF00,0,42.69488066471236,5
image_106.png,5,False,303.69069503973196,299.4229539808872,20,#00FF00,Quadrant 3,2,1,50,,#00FF00,0,353.1994443259968,5
image_106.png,5,False,23.95761727365101,194.04835024678903,20,#00FF00,Quadrant 1,1,1,50,,#00FF00,0,40.219989925508976,5
image_106.png,5,False,146.28583385263514,23.395646525732104,20,#00FF00,Quadrant 1,1,1,50,,#00FF00,0,155.24909030874144,5
image_106.png,5,False,77.49097961227213,57.79396442917786,20,#00FF00,Quadrant 1,1,1,50,,#00FF00,0,3.698062834427467,5
image_106.png,5,False,31.159531016252494,66.02053758305051,20,#00FF00,Quadrant 1,1,1,50,,#00FF00,0,241.41623323077053,5
image_106.png,5,False,600.1901385406934,306.1432074561227,20,#00FF00,Quadrant 4,2,2,50,,#00FF00,0,126.79317845255612,5
image_107.png,2,True,403.8921611091809,48.461948780743015,20,#00FF00,Quadrant 2,1,2,50,149,#00FF00,0,87.05610798125952,
image_107.png,5,False,20.63519068337896,93.02527265680428,20,#00FF00,Quadrant 1,1,1,50,,#00FF00,0,208.12812413847337,5
image_107.png,5,False,205.19932931923796,351.8275901900139,20,#00FF00,Quadrant 3,2,1,50,,#00FF00,0,68.95710726927942,5
image_107.png,5,False,681.7965537739225,48.30320159613886,20,#00FF00,Quadrant 2,1,2,50,,#00FF00,0,193.36553604571827,5
image_107.png,5,False,358.390542280253,278.5318022924845,20,#00FF00,Quadrant 4,2,2,50,,#00FF00,0,77.04553910621837,5
image_107.png,5,False,417.08321351223924,177.19368343496853,20,#00FF00,Quadrant 2,1,2,50,,#00FF00,0,131.92668923234825,5
image_107.png,5,False,135.60464243693156,145.12284638681874,20,#00FF00,Quadrant 1,1,1,50,,#00FF00,0,344.78918491778387,5
image_107.png,5,False,158.63478633253973,97.0154923503434,20,#00FF00,Quadrant 1,1,1,50,,#00FF00,0,136.66142040992577,5
image_107.png,5,False,104.64362286491118,299.13945080751677,20,#00FF00,Quadrant 3,2,1,50,,#00FF00,0,39.71381803677921,5
image_107.png,5,False,394.8640326302655,26.350036867631395,20,#00FF00,Quadrant 2,1,2,50,,#00FF00,0,253.7031294686917,5
image_107.png,5,False,90.73287619735437,118.20512529258056,20,#00FF00,Quadrant 1,1,1,50,,#00FF00,0,118.12154663902973,5
image_107.png,5,False,225.9727615369489,379.99567985484066,20,#00FF00,Quadrant 3,2,1,50,,#00FF00,0,216.14022303389604,5
image_107.png,5,False,392.64804897172337,120.8427648567837,20,#00FF00,Quadrant 2,1,2,50,,#00FF00,0,159.82411325957204,5
image_107.png,5,False,141.07285512475008,37.3122613297198,20,#00FF00,Quadrant 1,1,1,50,,#00FF00,0,307.9316401039526,5
image_107.png,5,False,699.120371397551,196.8430851999826,20,#00FF00,Quadrant 2,1,2,50,,#00FF00,0,64.5470220193483,5
image_107.png,5,False,312.8222034284053,259.93124352189943,20,#00FF00,Quadrant 3,2,1,50,,#00FF00,0,37.86187844494813,5
image_107.png,5,False,109.78024998325921,162.4359808022084,20,#00FF00,Quadrant 1,1,1,50,,#00FF00,0,30.602127633381066,5
image_107.png,5,False,81.08656587337515,360.75973927481203,20,#00FF00,Quadrant 3,2,1,50,,#00FF00,0,212.60060363952448,5
image_107.png,5,False,55.58547328856722,379.6284328047533,20,#00FF00,Quadrant 3,2,1,50,,#00FF00,0,352.0271985287991,5
image_107.png,5,False,420.9280118311667,385.46997844294646,20,#00FF00,Quadrant 4,2,2,50,,#00FF00,0,121.90739268135171,5
image_107.png,5,False,588.4571914942651,285.1257891257377,20,#00FF00,Quadrant 4,2,2,50,,#00FF00,0,44.19438037151892,5
image_107.png,5,False,502.59723327126216,230.96523987054593,20,#00FF00,Quadrant 4,2,2,50,,#00FF00,0,100.26659962038785,5
image_107.png,5,False,554.9604925504187,254.3681853304734,20,#00FF00,Quadrant 4,2,2,50,,#00FF00,0,98.27020460567667,5
image_107.png,5,False,338.8443091909621,238.99653346205108,20,#00FF00,Quadrant 3,2,1,50,,#00FF00,0,144.08479041006436,5
image_107.png,5,False,344.8431400311336,116.42065934618866,20,#00FF00,Quadrant 1,1,1,50,,#00FF00,0,145.59969570866488,5
image_107.png,5,False,443.9476394378816,61.88196791138863,20,#00FF00,Quadrant 2,1,2,50,,#00FF00,0,179.0185615651,5
image_107.png,5,False,47.4153178862131,36.79043846052133,20,#00FF00,Quadrant 1,1,1,50,,#00FF00,0,35.85722048288141,5
image_107.png,5,False,680.7579872935781,155.63526748517694,20,#00FF00,Quadrant 2,1,2,50,,#00FF00,0,244.1186786415398,5
image_107.png,5,False,116.23555265811488,246.10343585596925,20,#00FF00,Quadrant 3,2,1,50,,#00FF00,0,244.51357035118428,5
image_107.png,5,False,63.72039147827426,295.10848418280995,20,#00FF00,Quadrant 3,2,1,50,,#00FF00,0,34.680106294614966,5
image_107.png,5,False,557.1919450915533,87.33020318274784,20,#00FF00,Quadrant 2,1,2,50,,#00FF00,0,276.3259590952657,5
image_107.png,5,False,603.3142229648267,217.62237278133185,20,#00FF00,Quadrant 4,2,2,50,,#00FF00,0,123.70163389603326,5
image_107.png,5,False,32.771382477881474,173.6936213276349,20,#00FF00,Quadrant 1,1,1,50,,#00FF00,0,342.92897816767817,5
image_107.png,5,False,275.3209850797772,129.90337677587925,20,#00FF00,Quadrant 1,1,1,50,,#00FF00,0,329.37809707886186,5
image_107.png,5,False,327.70314854972804,23.421002930824056,20,#00FF00,Quadrant 1,1,1,50,,#00FF00,0,135.48116266220967,5
image_107.png,5,False,603.7885241731593,125.55084806991134,20,#00FF00,Quadrant 2,1,2,50,,#00FF00,0,200.399958173841,5
image_107.png,5,False,349.6294503565079,61.83655555628056,20,#00FF00,Quadrant 1,1,1,50,,#00FF00,0,254.18131335893216,5
image_107.png,5,False,465.7941480096959,270.0714351675683,20,#00FF00,Quadrant 4,2,2,50,,#00FF00,0,243.0088488504241,5
image_107.png,5,False,338.9027170493749,333.9448554894741,20,#00FF00,Quadrant 3,2,1,50,,#00FF00,0,205.99568403612534,5
image_107.png,5,False,280.6641407197444,197.99324731092938,20,#00FF00,Quadrant 1,1,1,50,,#00FF00,0,182.406617552529,5
image_107.png,5,False,436.0714370243257,144.34470516239068,20,#00FF00,Quadrant 2,1,2,50,,#00FF00,0,349.51347303395846,5
image_107.png,5,False,231.8126378157818,21.639560931885025,20,#00FF00,Quadrant 1,1,1,50,,#00FF00,0,352.0018600106054,5
image_107.png,5,False,29.53399159177151,347.9276125901031,20,#00FF00,Quadrant 3,2,1,50,,#00FF00,0,267.1405682729789,5
image_107.png,5,False,78.07418391849173,141.46406441148673,20,#00FF00,Quadrant 1,1,1,50,,#00FF00,0,122.85234881197226,5
image_107.png,5,False,253.0245204634482,260.9487222009787,20,#00FF00,Quadrant 3,2,1,50,,#00FF00,0,128.65178904156875,5
image_107.png,5,False,457.5290663468582,234.97697004756313,20,#00FF00,Quadrant 4,2,2,50,,#00FF00,0,89.14101514565905,5
image_107.png,5,False,24.581561244794557,134.27216470337464,20,#00FF00,Quadrant 1,1,1,50,,#00FF00,0,121.53393254518902,5
image_107.png,5,False,194.70041193855675,274.0723040368151,20,#00FF00,Quadrant 3,2,1,50,,#00FF00,0,324.5075442762833,5
image_107.png,5,False,405.479126269616,316.54744284301665,20,#00FF00,Quadrant 4,2,2,50,,#00FF00,0,140.50828453951843,5
image_107.png,5,False,476.1516824802073,137.9957008195256,20,#00FF00,Quadrant 2,1,2,50,,#00FF00,0,36.02040595345961,5
image_107.png,5,False,538.0187874647231,139.34590258438206,20,#00FF00,Quadrant 2,1,2,50,,#00FF00,0,180.99666813108757,5
image_108.png,2,True,678.9357216536841,87.2647609401326,20,#00FF00,Quadrant 2,1,2,50,149,#00FF00,0,107.82752313316126,
image_108.png,5,False,682.1599048178351,39.4714065765129,20,#00FF00,Quadrant 2,1,2,50,,#00FF00,0,228.7599121409675,5
image_108.png,5,False,158.5011922641693,111.2286276814852,20,#00FF00,Quadrant 1,1,1,50,,#00FF00,0,306.12034732774083,5
image_108.png,5,False,406.1557576134565,315.1399413897462,20,#00FF00,Quadrant 4,2,2,50,,#00FF00,0,107.03529684723888,5
image_108.png,5,False,671.0213927057306,282.2931866727966,20,#00FF00,Quadrant 4,2,2,50,,#00FF00,0,224.846024419663,5
image_108.png,5,False,418.7947475990759,114.33194423785787,20,#00FF00,Quadrant 2,1,2,50,,#00FF00,0,208.14956928867176,5
image_108.png,5,False,376.902859721034,172.4460265284881,20,#00FF00,Quadrant 2,1,2,50,,#00FF00,0,203.91418612321348,5
image_108.png,5,False,63.81983662328765,322.3733230091495,20,#00FF00,Quadrant 3,2,1,50,,#00FF00,0,125.03393535639815,5
image_108.png,5,False,217.6373156106123,261.7866315849139,20,#00FF00,Quadrant 3,2,1,50,,#00FF00,0,181.67023248587262,5
image_108.png,5,False,296.4625187082988,105.97809170362608,20,#00FF00,Quadrant 1,1,1,50,,#00FF00,0,112.80706787130023,5
image_108.png,5,False,473.70501118907094,217.9786207546824,20,#00FF00,Quadrant 4,2,2,50,,#00FF00,0,185.53292366238156,5
image_108.png,5,False,443.58447228815777,206.13271549421776,20,#00FF00,Quadrant 4,2,2,50,,#00FF00,0,317.1227646373003,5
image_108.png,5,False,354.951302019689,260.78474965453336,20,#00FF00,Quadrant 3,2,1,50,,#00FF00,0,67.15401804196526,5
image_108.png,5,False,657.3529627767687,112.27979044800686,20,#00FF00,Quadrant 2,1,2,50,,#00FF00,0,296.6068797349549,5
image_108.png,5,False,568.3551668251824,333.34881699626925,20,#00FF00,Quadrant 4,2,2,50,,#00FF00,0,229.6534892304164,5
image_108.png,5,False,149.24649087328646,185.81996708994444,20,#00FF00,Quadrant 1,1,1,50,,#00FF00,0,21.5573980511505,5
image_108.png,5,False,525.2926928563138,300.37037093568,20,#00FF00,Quadrant 4,2,2,50,,#00FF00,0,86.53462122507506,5
image_108.png,5,False,293.6693208482268,336.1502889977472,20,#00FF00,Quadrant 3,2,1,50,,#00FF00,0,303.88391849949926,5
image_108.png,5,False,447.7760394755861,330.77551954911434,20,#00FF00,Quadrant 4,2,2,50,,#00FF00,0,328.00960707063905,5
image_108.png,5,False,208.77372734340565,71.70086922449488,20,#00FF00,Quadrant 1,1,1,50,,#00FF00,0,96.09651309651025,5
image_108.png,5,False,30.088175655969753,312.2829193524457,20,#00FF00,Quadrant 3,2,1,50,,#00FF00,0,53.986409225238575,5
image_108.png,5,False,345.42844085186294,385.70879397435664,20,#00FF00,Quadrant 3,2,1,50,,#00FF00,0,111.7946044139377,5
image_108.png,5,False,634.9967240802613,87.3524123000913,20,#00FF00,Quadrant 2,1,2,50,,#00FF00,0,151.9268863863642,5
image_108.png,5,False,390.43651130984586,254.5430644322406,20,#00FF00,Quadrant 4,2,2,50,,#00FF00,0,99.99791709424149,5
image_108.png,5,False,628.6922727363367,129.65600464794562,20,#00FF00,Quadrant 2,1,2,50,,#00FF00,0,19.91781822927472,5
image_108.png,5,False,54.8077891654975,372.02344426399907,20,#00FF00,Quadrant 3,2,1,50,,#00FF00,0,107.27250301973403,5
image_108.png,5,False,473.78205859638507,345.80191511016915,20,#00FF00,Quadrant 4,2,2,50,,#00FF00,0,322.838367900523,5
image_108.png,5,False,404.400658421643,200.09394377954004,20,#00FF00,Quadrant 4,2,2,50,,#00FF00,0,84.97481465559935,5
image_108.png,5,False,372.90423467379617,198.65851630542812,20,#00FF00,Quadrant 2,1,2,50,,#00FF00,0,279.04171031236666,5
image_108.png,5,False,584.4782397940811,289.6753416910868,20,#00FF00,Quadrant 4,2,2,50,,#00FF00,0,112.82771854507122,5
image_108.png,5,False,523.5877331909636,364.61903627100946,20,#00FF00,Quadrant 4,2,2,50,,#00FF00,0,290.10297886591195,5
image_108.png,5,False,84.59485511989355,91.93306525521778,20,#00FF00,Quadrant 1,1,1,50,,#00FF00,0,78.48301866605911,5
image_108.png,5,False,202.35856383986547,307.45528903734333,20,#00FF00,Quadrant 3,2,1,50,,#00FF00,0,88.68480821545066,5
image_108.png,5,False,338.42780697418357,150.00545111653287,20,#00FF00,Quadrant 1,1,1,50,,#00FF00,0,52.16815092175665,5
image_108.png,5,False,643.1280717215319,264.864268039148,20,#00FF00,Quadrant 4,2,2,50,,#00FF00,0,19.68204355720936,5
image_108.png,5,False,276.0515564313977,252.52274416615668,20,#00FF00,Quadrant 3,2,1,50,,#00FF00,0,91.07384263710709,5
image_108.png,5,False,173.86712550311444,178.2282575878653,20,#00FF00,Quadrant 1,1,1,50,,#00FF00,0,192.56784939842711,5
image_108.png,5,False,672.9553496819747,361.59779733181966,20,#00FF00,Quadrant 4,2,2,50,,#00FF00,0,2.8317982518976237,5
image_108.png,5,False,218.31193645434428,364.92986894386644,20,#00FF00,Quadrant 3,2,1,50,,#00FF00,0,330.4536096155057,5
image_108.png,5,False,215.9243797284088,335.8595267125462,20,#00FF00,Quadrant 3,2,1,50,,#00FF00,0,272.4004543182683,5
image_108.png,5,False,313.3647891208679,130.8956873002545,20,#00FF00,Quadrant 1,1,1,50,,#00FF00,0,57.68180317968642,5
image_108.png,5,False,302.0101738578713,358.2104630176068,20,#00FF00,Quadrant 3,2,1,50,,#00FF00,0,119.77999730601134,5
image_108.png,5,False,121.47656589935889,109.64668824817572,20,#00FF00,Quadrant 1,1,1,50,,#00FF00,0,36.142403906466875,5
image_108.png,5,False,300.97979662461483,286.64954275992363,20,#00FF00,Quadrant 3,2,1,50,,#00FF00,0,23.892204215141245,5
image_108.png,5,False,452.9058572728726,80.45357717721981,20,#00FF00,Quadrant 2,1,2,50,,#00FF00,0,274.31116028693,5
image_108.png,5,False,452.71707718646184,12.162653844432354,20,#00FF00,Quadrant 2,1,2,50,,#00FF00,0,159.62578955864123,5
image_108.png,5,False,221.5222535144859,228.65593250903274,20,#00FF00,Quadrant 3,2,1,50,,#00FF00,0,72.02711452682806,5
image_108.png,5,False,182.97685690802408,280.72716977099486,20,#00FF00,Quadrant 3,2,1,50,,#00FF00,0,39.898151880622464,5
image_108.png,5,False,612.8455263043462,61.46670507294678,20,#00FF00,Quadrant 2,1,2,50,,#00FF00,0,162.53636369266783,5
image_108.png,5,False,69.15087706288722,149.95263487662476,20,#00FF00,Quadrant 1,1,1,50,,#00FF00,0,101.44703828930062,5
image_108.png,5,False,270.973499588204,326.5086814186056,20,#00FF00,Quadrant 3,2,1,50,,#00FF00,0,141.65790494904223,5
image_109.png,2,True,664.2472506227075,359.93646901193506,20,#00FF00,Quadrant 4,2,2,50,149,#00FF00,0,80.81536805230725,
image_109.png,5,False,442.74624932988945,353.78732703352824,20,#00FF00,Quadrant 4,2,2,50,,#00FF00,0,232.95840814948926,5
image_109.png,5,False,147.60541364080154,276.0767162888651,20,#00FF00,Quadrant 3,2,1,50,,#00FF00,0,350.6859258299541,5
image_109.png,5,False,287.3130537554978,173.12547314873675,20,#00FF00,Quadrant 1,1,1,50,,#00FF00,0,60.752144291414815,5
image_109.png,5,False,72.36321321192861,150.0738182537738,20,#00FF00,Quadrant 1,1,1,50,,#00FF00,0,93.65680078961275,5
image_109.png,5,False,91.85450745914255,282.6245342103142,20,#00FF00,Quadrant 3,2,1,50,,#00FF00,0,341.0076630428988,5
image_109.png,5,False,644.872454692336,182.50157300161803,20,#00FF00,Quadrant 2,1,2,50,,#00FF00,0,156.65714471347147,5
image_109.png,5,False,604.874403032967,306.64209461677575,20,#00FF00,Quadrant 4,2,2,50,,#00FF00,0,68.59589949681485,5
image_109.png,5,False,351.48186068422086,60.215347223241956,20,#00FF00,Quadrant 1,1,1,50,,#00FF00,0,103.66631022631739,5
image_109.png,5,False,424.4570398965879,387.1884160899043,20,#00FF00,Quadrant 4,2,2,50,,#00FF00,0,308.28158195598525,5
image_109.png,5,False,477.5829806660952,169.12911464407898,20,#00FF00,Quadrant 2,1,2,50,,#00FF00,0,101.86820821177139,5
image_109.png,5,False,111.55462510753182,120.69293945265147,20,#00FF00,Quadrant 1,1,1,50,,#00FF00,0,147.06867668991438,5
image_109.png,5,False,484.24133754684004,280.64098874450684,20,#00FF00,Quadrant 4,2,2,50,,#00FF00,0,249.4884808593966,5
image_109.png,5,False,518.175728615135,107.8532745064424,20,#00FF00,Quadrant 2,1,2,50,,#00FF00,0,255.04313999701097,5
image_109.png,5,False,636.7680842437883,387.7675070852752,20,#00FF00,Quadrant 4,2,2,50,,#00FF00,0,84.54291827630749,5
image_109.png,5,False,677.4075827281863,237.13172093194672,20,#00FF00,Quadrant 4,2,2,50,,#00FF00,0,338.1558984628689,5
image_109.png,5,False,42.35767954359734,106.88230170843656,20,#00FF00,Quadrant 1,1,1,50,,#00FF00,0,269.36706253548755,5
image_109.png,5,False,219.42756803716676,160.1953958253342,20,#00FF00,Quadrant 1,1,1,50,,#00FF00,0,223.07683570040433,5
image_109.png,5,False,190.3409483361096,201.41626085559614,20,#00FF00,Quadrant 3,2,1,50,,#00FF00,0,208.9752875609249,5
image_109.png,5,False,615.8708621078019,60.8655837318818,20,#00FF00,Quadrant 2,1,2,50,,#00FF00,0,334.917698816237,5
image_109.png,5,False,376.461998815004,64.59878745998046,20,#00FF00,Quadrant 2,1,2,50,,#00FF00,0,114.23425924548509,5
image_109.png,5,False,41.42772926537643,59.335425009590466,20,#00FF00,Quadrant 1,1,1,50,,#00FF00,0,42.06314021927905,5
image_109.png,5,False,205.93567514437544,342.4819537214621,20,#00FF00,Quadrant 3,2,1,50,,#00FF00,0,333.4453352900666,5
image_109.png,5,False,626.0508769726295,130.27522355717844,20,#00FF00,Quadrant 2,1,2,50,,#00FF00,0,112.68371371089762,5
image_109.png,5,False,537.1723600073526,68.17807404730496,20,#00FF00,Quadrant 2,1,2,50,,#00FF00,0,358.043423718653,5
image_109.png,5,False,463.9620201189321,312.7272292697137,20,#00FF00,Quadrant 4,2,2,50,,#00FF00,0,307.0921180563197,5
image_109.png,5,False,113.39973605123737,97.88728622516557,20,#00FF00,Quadrant 1,1,1,50,,#00FF00,0,19.159987777554846,5
image_109.png,5,False,190.29431091017545,277.8539620531813,20,#00FF00,Quadrant 3,2,1,50,,#00FF00,0,12.910409340926318,5
image_109.png,5,False,696.6940011737921,361.4839969506582,20,#00FF00,Quadrant 4,2,2,50,,#00FF00,0,157.11475194818266,5
image_109.png,5,False,256.6423600934147,279.01301577689503,20,#00FF00,Quadrant 3,2,1,50,,#00FF00,0,14.685015074514478,5
image_109.png,5,False,350.66911095757945,330.72689665906705,20,#00FF00,Quadrant 3,2,1,50,,#00FF00,0,174.67182520623126,5
image_109.png,5,False,96.19776724932609,46.372437961484025,20,#00FF00,Quadrant 1,1,1,50,,#00FF00,0,312.0765481390009,5
image_109.png,5,False,135.47127027275462,74.61551060882249,20,#00FF00,Quadrant 1,1,1,50,,#00FF00,0,312.5423194638038,5
image_109.png,5,False,404.2728018716867,168.40637874540826,20,#00FF00,Quadrant 2,1,2,50,,#00FF00,0,189.36554637599843,5
image_109.png,5,False,540.3266111925119,266.87141908442504,20,#00FF00,Quadrant 4,2,2,50,,#00FF00,0,27.660766606157065,5
image_109.png,5,False,28.887934169693093,268.53606634545645,20,#00FF00,Quadrant 3,2,1,50,,#00FF00,0,319.452371286726,5
image_109.png,5,False,282.58299410627535,234.14795217825554,20,#00FF00,Quadrant 3,2,1,50,,#00FF00,0,245.0301873975749,5
image_109.png,5,False,587.6772967123829,69.1271271624756,20,#00FF00,Quadrant 2,1,2,50,,#00FF00,0,342.43914602834855,5
image_109.png,5,False,583.3517664194843,260.30586415071207,20,#00FF00,Quadrant 4,2,2,50,,#00FF00,0,29.18276522818163,5
image_109.png,5,False,94.0947670467097,196.5394468964335,20,#00FF00,Quadrant 1,1,1,50,,#00FF00,0,235.4631475768125,5
image_109.png,5,False,566.5773519877431,128.21829412588144,20,#00FF00,Quadrant 2,1,2,50,,#00FF00,0,155.6490309903036,5
image_109.png,5,False,364.2180724793024,196.0775075433942,20,#00FF00,Quadrant 2,1,2,50,,#00FF00,0,299.5390347561572,5
image_109.png,5,False,339.2669440879099,223.83557508087753,20,#00FF00,Quadrant 3,2,1,50,,#00FF00,0,318.7486939110773,5
image_109.png,5,False,532.2220533648695,317.55586793417643,20,#00FF00,Quadrant 4,2,2,50,,#00FF00,0,152.30540895819698,5
image_109.png,5,False,310.0989806096467,172.03446335445446,20,#00FF00,Quadrant 1,1,1,50,,#00FF00,0,220.99240204012466,5
image_109.png,5,False,246.46219985622363,186.21240298222253,20,#00FF00,Quadrant 1,1,1,50,,#00FF00,0,14.55771226289067,5
image_109.png,5,False,483.8169732071075,69.61634692394999,20,#00FF00,Quadrant 2,1,2,50,,#00FF00,0,80.72287643805011,5
image_109.png,5,False,444.76655153884207,209.3282023052923,20,#00FF00,Quadrant 4,2,2,50,,#00FF00,0,178.3160113529886,5
image_109.png,5,False,312.337952543476,353.92451477783834,20,#00FF00,Quadrant 3,2,1,50,,#00FF00,0,104.65308881222381,5
image_109.png,5,False,590.8196504959633,208.72879755260513,20,#00FF00,Quadrant 4,2,2,50,,#00FF00,0,325.04530271997385,5
image_109.png,5,False,186.5986807976385,41.90889425984379,20,#00FF00,Quadrant 1,1,1,50,,#00FF00,0,91.21691918346843,5
image_110.png,2,True,521.2156399848122,185.96824076675418,20,#00FF00,Quadrant 2,1,2,30,149,#00FF00,0,5.856729753440431,
image_110.png,5,False,591.7648682575494,28.10779478761429,20,#00FF00,Quadrant 2,1,2,30,,#00FF00,0,283.0237533568958,4
image_110.png,5,False,496.3168243622715,129.67172248635268,20,#00FF00,Quadrant 2,1,2,30,,#00FF00,0,149.85056218230667,4
image_110.png,5,False,246.17938779346505,358.04630834883704,20,#00FF00,Quadrant 3,2,1,30,,#00FF00,0,290.82026463319943,4
image_110.png,5,False,156.42610749993628,40.567360135742106,20,#00FF00,Quadrant 1,1,1,30,,#00FF00,0,291.60216322086023,4
image_110.png,5,False,189.66987654971535,265.5485121920182,20,#00FF00,Quadrant 3,2,1,30,,#00FF00,0,353.5870276202189,4
image_110.png,5,False,23.34358596823088,160.28499265092893,20,#00FF00,Quadrant 1,1,1,30,,#00FF00,0,156.1676114229512,4
image_110.png,5,False,462.8468696827858,184.94162053989436,20,#00FF00,Quadrant 2,1,2,30,,#00FF00,0,4.789655967240964,4
image_110.png,5,False,464.167077470115,292.3253017627705,20,#00FF00,Quadrant 4,2,2,30,,#00FF00,0,145.83297515482442,4
image_110.png,5,False,219.62918757756103,318.36407728599363,20,#00FF00,Quadrant 3,2,1,30,,#00FF00,0,261.328105741889,4
image_110.png,5,False,486.86631932296126,375.06752873160605,20,#00FF00,Quadrant 4,2,2,30,,#00FF00,0,222.02813751893012,4
image_110.png,5,False,565.3974663878264,44.12607937517631,20,#00FF00,Quadrant 2,1,2,30,,#00FF00,0,243.03682403414697,4
image_110.png,5,False,142.46263536146063,319.4359883070336,20,#00FF00,Quadrant 3,2,1,30,,#00FF00,0,48.64102099087335,4
image_110.png,5,False,111.01123720907222,102.39292212373049,20,#00FF00,Quadrant 1,1,1,30,,#00FF00,0,173.20218975472716,4
image_110.png,5,False,602.2924674847569,214.58419823769975,20,#00FF00,Quadrant 4,2,2,30,,#00FF00,0,303.1522955401338,4
image_110.png,5,False,541.3378698699191,67.00661447024251,20,#00FF00,Quadrant 2,1,2,30,,#00FF00,0,30.993676992732517,4
image_110.png,5,False,91.24012667273487,352.1129971266956,20,#00FF00,Quadrant 3,2,1,30,,#00FF00,0,151.8765208710287,4
image_110.png,5,False,317.78823851871687,194.34770448671964,20,#00FF00,Quadrant 1,1,1,30,,#00FF00,0,265.96122542720525,4
image_110.png,5,False,320.71671581432895,102.71400722940206,20,#00FF00,Quadrant 1,1,1,30,,#00FF00,0,7.066000323941681,4
image_110.png,5,False,582.4915753790344,159.0752227250381,20,#00FF00,Quadrant 2,1,2,30,,#00FF00,0,106.13930646326367,4
image_110.png,5,False,514.7131188133046,388.63196700746397,20,#00FF00,Quadrant 4,2,2,30,,#00FF00,0,208.3180562742221,4
image_110.png,5,False,286.37977646234305,205.04846271435056,20,#00FF00,Quadrant 3,2,1,30,,#00FF00,0,13.326197382053312,4
image_110.png,5,False,655.4085772603913,353.11764774254357,20,#00FF00,Quadrant 4,2,2,30,,#00FF00,0,260.8611066649728,4
image_110.png,5,False,408.1419095219727,220.13064898555723,20,#00FF00,Quadrant 4,2,2,30,,#00FF00,0,6.847077249896771,4
image_110.png,5,False,457.67889689212814,347.0951447406542,20,#00FF00,Quadrant 4,2,2,30,,#00FF00,0,96.42559350606642,4
image_110.png,5,False,440.0380192767569,255.25596921948218,20,#00FF00,Quadrant 4,2,2,30,,#00FF00,0,42.098666564553724,4
image_110.png,5,False,311.56247274827933,71.98403897038156,20,#00FF00,Quadrant 1,1,1,30,,#00FF00,0,161.3971415989488,4
image_110.png,5,False,415.8968512590925,269.92020388096444,20,#00FF00,Quadrant 4,2,2,30,,#00FF00,0,182.74894028226166,4
image_110.png,5,False,599.0296623145033,281.3452834213538,20,#00FF00,Quadrant 4,2,2,30,,#00FF00,0,331.8248148020807,4
image_110.png,5,False,298.2172830104279,366.7724624308538,20,#00FF00,Quadrant 3,2,1,30,,#00FF00,0,140.53364385313697,4
image_110.png,5,False,259.21608614493283,189.53879204621472,20,#00FF00,Quadrant 1,1,1,30,,#00FF00,0,234.9000676307862,4
image_111.png,2,True,205.61302132077964,294.21812609270614,20,#00FF00,Quadrant 3,2,1,2,149,#00FF00,0,223.86325623538414,
image_111.png,5,False,99.94752572028018,86.40503621911053,20,#00FF00,Quadrant 1,1,1,2,,#00FF00,0,240.1403228479647,1
image_111.png,5,False,80.5226669215367,168.242088813146,20,#00FF00,Quadrant 1,1,1,2,,#00FF00,0,218.0696426122402,1
image_112.png,2,True,155.29929659259486,28.78464905709579,20,#00FF00,Quadrant 1,1,1,20,149,#00FF00,0,109.31468162312214,
image_112.png,5,False,617.9443077124411,145.96258468835597,20,#00FF00,Quadrant 2,1,2,20,,#00FF00,0,6.527014443004346,4
image_112.png,5,False,581.4566463170132,349.10492390628923,20,#00FF00,Quadrant 4,2,2,20,,#00FF00,0,57.09796743763479,4
image_112.png,5,False,54.86558892353802,173.774534844461,20,#00FF00,Quadrant 1,1,1,20,,#00FF00,0,11.509202796620075,4
image_112.png,5,False,94.15405461345026,95.70815144364595,20,#00FF00,Quadrant 1,1,1,20,,#00FF00,0,222.32265175587304,4
image_112.png,5,False,245.48338343788916,145.28108914809923,20,#00FF00,Quadrant 1,1,1,20,,#00FF00,0,92.81597076146763,4
image_112.png,5,False,615.7447028963893,112.11168704038923,20,#00FF00,Quadrant 2,1,2,20,,#00FF00,0,16.80348900880038,4
image_112.png,5,False,486.5034162325883,205.81645335571037,20,#00FF00,Quadrant 4,2,2,20,,#00FF00,0,54.42421456595459,4
image_112.png,5,False,497.71298803195936,361.26693321532906,20,#00FF00,Quadrant 4,2,2,20,,#00FF00,0,241.01492045440617,4
image_112.png,5,False,325.966455826639,329.1236562108913,20,#00FF00,Quadrant 3,2,1,20,,#00FF00,0,157.61761432614384,4
image_112.png,5,False,83.95949112294984,241.79642156101696,20,#00FF00,Quadrant 3,2,1,20,,#00FF00,0,39.935104182940066,4
image_112.png,5,False,663.7472273274293,322.3246661917474,20,#00FF00,Quadrant 4,2,2,20,,#00FF00,0,281.57625279590087,4
image_112.png,5,False,638.6691958991354,70.35830290105957,20,#00FF00,Quadrant 2,1,2,20,,#00FF00,0,313.5130106951225,4
image_112.png,5,False,315.20584004367635,202.2289211183175,20,#00FF00,Quadrant 3,2,1,20,,#00FF00,0,105.16427557869856,4
image_112.png,5,False,105.92522781890334,331.7689446681331,20,#00FF00,Quadrant 3,2,1,20,,#00FF00,0,120.45870911253898,4
image_112.png,5,False,297.4516388773329,301.6945359296359,20,#00FF00,Quadrant 3,2,1,20,,#00FF00,0,158.07904592953025,4
image_112.png,5,False,568.5010536190423,140.01898637708004,20,#00FF00,Quadrant 2,1,2,20,,#00FF00,0,88.31378326216942,4
image_112.png,5,False,259.4833070314261,262.36820635781123,20,#00FF00,Quadrant 3,2,1,20,,#00FF00,0,271.74427650424167,4
image_112.png,5,False,530.1664408514577,170.41099513744973,20,#00FF00,Quadrant 2,1,2,20,,#00FF00,0,54.580037229912364,4
image_112.png,5,False,563.4186195839862,167.26876028635786,20,#00FF00,Quadrant 2,1,2,20,,#00FF00,0,82.14552141486075,4
image_112.png,5,False,260.2625406923669,22.250386411657516,20,#00FF00,Quadrant 1,1,1,20,,#00FF00,0,286.0586446940266,4
image_113.png,2,True,505.44413192945785,206.55780816597488,20,#00FF00,Quadrant 4,2,2,2,149,#00FF00,0,277.254669990998,
image_113.png,5,False,244.09119964316747,162.82402818780525,20,#00FF00,Quadrant 1,1,1,2,,#00FF00,0,25.049228001536083,1
image_113.png,5,False,310.0758001607036,159.65464865397453,20,#00FF00,Quadrant 1,1,1,2,,#00FF00,0,278.05415108171763,1
image_114.png,2,True,452.9699048102348,352.14920773493236,20,#00FF00,Quadrant 4,2,2,0,149,#00FF00,0,237.66342201908517,
image_115.png,2,True,686.2524345406263,313.0487493695072,20,#00FF00,Quadrant 4,2,2,0,149,#00FF00,0,351.98387136592504,
image_116.png,2,True,299.9013501478727,345.8259174478733,20,#00FF00,Quadrant 3,2,1,30,149,#00FF00,0,350.1580130045175,
image_116.png,5,False,612.873444927324,283.74629457846027,20,#00FF00,Quadrant 4,2,2,30,,#00FF00,0,252.2845420189183,4
image_116.png,5,False,248.12442142102591,323.60734401462315,20,#00FF00,Quadrant 3,2,1,30,,#00FF00,0,112.93028509112524,4
image_116.png,5,False,431.5663327961449,66.51376483374486,20,#00FF00,Quadrant 2,1,2,30,,#00FF00,0,324.0750678629057,4
image_116.png,5,False,454.6328708256559,346.5051485433635,20,#00FF00,Quadrant 4,2,2,30,,#00FF00,0,145.41770637503308,4
image_116.png,5,False,436.931161442798,178.13036319348234,20,#00FF00,Quadrant 2,1,2,30,,#00FF00,0,224.76948502512994,4
image_116.png,5,False,570.3516126014066,256.2301483668622,20,#00FF00,Quadrant 4,2,2,30,,#00FF00,0,124.29022073420106,4
image_116.png,5,False,617.9915561955805,42.8581890014911,20,#00FF00,Quadrant 2,1,2,30,,#00FF00,0,279.1441204475348,4
image_116.png,5,False,279.70554829830667,282.73684400126143,20,#00FF00,Quadrant 3,2,1,30,,#00FF00,0,193.47605735374577,4
image_116.png,5,False,369.60362517413205,215.41870493683763,20,#00FF00,Quadrant 4,2,2,30,,#00FF00,0,316.7552218240651,4
image_116.png,5,False,363.5417371107671,129.03141235608572,20,#00FF00,Quadrant 2,1,2,30,,#00FF00,0,76.94442565303326,4
image_116.png,5,False,448.98731272115435,19.85341856288076,20,#00FF00,Quadrant 2,1,2,30,,#00FF00,0,122.6551967303207,4
image_116.png,5,False,220.41609982076935,170.79794391295962,20,#00FF00,Quadrant 1,1,1,30,,#00FF00,0,299.6024352214992,4
image_116.png,5,False,515.3384680248992,329.1185406966955,20,#00FF00,Quadrant 4,2,2,30,,#00FF00,0,181.89885139285835,4
image_116.png,5,False,360.66707081520656,57.80132101508246,20,#00FF00,Quadrant 2,1,2,30,,#00FF00,0,93.51232488241963,4
image_116.png,5,False,659.5853495668814,180.62254287771356,20,#00FF00,Quadrant 2,1,2,30,,#00FF00,0,272.36157949526955,4
image_116.png,5,False,14.59203131659621,139.13455137279115,20,#00FF00,Quadrant 1,1,1,30,,#00FF00,0,206.07670087567814,4
image_116.png,5,False,524.8273112358231,230.84246516075544,20,#00FF00,Quadrant 4,2,2,30,,#00FF00,0,84.99503768935442,4
image_116.png,5,False,656.9646643066097,262.56676613973906,20,#00FF00,Quadrant 4,2,2,30,,#00FF00,0,257.27296353848277,4
image_116.png,5,False,172.1143115191332,124.09820851351628,20,#00FF00,Quadrant 1,1,1,30,,#00FF00,0,304.0184773087323,4
image_116.png,5,False,572.5895911345983,227.50544795528035,20,#00FF00,Quadrant 4,2,2,30,,#00FF00,0,240.09205462429023,4
image_116.png,5,False,366.8353074733337,83.78588915642014,20,#00FF00,Quadrant 2,1,2,30,,#00FF00,0,37.881691739148685,4
image_116.png,5,False,324.01930812383904,66.39712981134711,20,#00FF00,Quadrant 1,1,1,30,,#00FF00,0,280.2778235827111,4
image_116.png,5,False,294.90448417858477,45.86997519067827,20,#00FF00,Quadrant 1,1,1,30,,#00FF00,0,153.24916763780672,4
image_116.png,5,False,100.61362835122914,92.18850395567733,20,#00FF00,Quadrant 1,1,1,30,,#00FF00,0,152.9592236866306,4
image_116.png,5,False,477.3306630595781,163.24090150262796,20,#00FF00,Quadrant 2,1,2,30,,#00FF00,0,28.106169201030703,4
image_116.png,5,False,547.6102319062138,340.6215916549878,20,#00FF00,Quadrant 4,2,2,30,,#00FF00,0,201.2286423654869,4
image_116.png,5,False,449.5217318887851,387.68145115934476,20,#00FF00,Quadrant 4,2,2,30,,#00FF00,0,210.3493599562185,4
image_116.png,5,False,664.0480032883122,287.5890110574439,20,#00FF00,Quadrant 4,2,2,30,,#00FF00,0,248.04643016437302,4
image_116.png,5,False,123.19867126982298,202.18706674913213,20,#00FF00,Quadrant 3,2,1,30,,#00FF00,0,150.0920466823299,4
image_116.png,5,False,326.36411938925374,376.91602286927645,20,#00FF00,Quadrant 3,2,1,30,,#00FF00,0,174.5151848794088,4
image_117.png,2,True,92.342070635336,91.37887972707627,20,#00FF00,Quadrant 1,1,1,30,149,#00FF00,0,310.77779673405587,
image_117.png,5,False,525.3359548603188,367.8582940795428,20,#00FF00,Quadrant 4,2,2,30,,#00FF00,0,170.4080022255976,4
image_117.png,5,False,666.8051876636581,238.4048807932148,20,#00FF00,Quadrant 4,2,2,30,,#00FF00,0,132.95954146840458,4
image_117.png,5,False,94.27696895334667,227.1270771731826,20,#00FF00,Quadrant 3,2,1,30,,#00FF00,0,147.10314929277462,4
image_117.png,5,False,116.62680786940741,151.41465988204993,20,#00FF00,Quadrant 1,1,1,30,,#00FF00,0,14.501570971309388,4
image_117.png,5,False,219.94619698489535,194.67985432278812,20,#00FF00,Quadrant 1,1,1,30,,#00FF00,0,356.76723640267187,4
image_117.png,5,False,627.1402676571754,347.06362395850056,20,#00FF00,Quadrant 4,2,2,30,,#00FF00,0,17.5143767688828,4
image_117.png,5,False,575.377172698274,195.76400206080385,20,#00FF00,Quadrant 2,1,2,30,,#00FF00,0,77.60932405224268,4
image_117.png,5,False,251.21912207865688,340.0212305850534,20,#00FF00,Quadrant 3,2,1,30,,#00FF00,0,44.03804598088136,4
image_117.png,5,False,405.83771424282037,224.8587829544956,20,#00FF00,Quadrant 4,2,2,30,,#00FF00,0,150.32705555277698,4
image_117.png,5,False,549.3497013595967,190.6360133098503,20,#00FF00,Quadrant 2,1,2,30,,#00FF00,0,324.10342366707596,4
image_117.png,5,False,428.3339903392331,299.01756550640926,20,#00FF00,Quadrant 4,2,2,30,,#00FF00,0,259.2120583364818,4
image_117.png,5,False,328.58501738903425,181.07330992973925,20,#00FF00,Quadrant 1,1,1,30,,#00FF00,0,181.71499005798768,4
image_117.png,5,False,607.9120857156694,133.93175631583523,20,#00FF00,Quadrant 2,1,2,30,,#00FF00,0,161.66690598155358,4
image_117.png,5,False,468.8420932565119,165.83950764220114,20,#00FF00,Quadrant 2,1,2,30,,#00FF00,0,287.9321836301487,4
image_117.png,5,False,283.42862201906394,215.49590239912158,20,#00FF00,Quadrant 3,2,1,30,,#00FF00,0,83.81602200931303,4
image_117.png,5,False,624.2397407613194,289.17503630256493,20,#00FF00,Quadrant 4,2,2,30,,#00FF00,0,344.90861714899376,4
image_117.png,5,False,559.553400409438,278.3967649396104,20,#00FF00,Quadrant 4,2,2,30,,#00FF00,0,205.91812571018423,4
image_117.png,5,False,437.28709376844654,229.05141043945054,20,#00FF00,Quadrant 4,2,2,30,,#00FF00,0,69.27362400189486,4
image_117.png,5,False,403.898380044761,82.59163994871929,20,#00FF00,Quadrant 2,1,2,30,,#00FF00,0,19.03477895725821,4
image_117.png,5,False,628.939489087906,56.46704069391014,20,#00FF00,Quadrant 2,1,2,30,,#00FF00,0,171.3008491765705,4
image_117.png,5,False,134.84320358244767,18.172014578698803,20,#00FF00,Quadrant 1,1,1,30,,#00FF00,0,337.02545159659826,4
image_117.png,5,False,180.0025324348866,277.7234914683609,20,#00FF00,Quadrant 3,2,1,30,,#00FF00,0,283.23253656990676,4
image_117.png,5,False,317.074104371089,316.01614711939976,20,#00FF00,Quadrant 3,2,1,30,,#00FF00,0,319.55609834670264,4
image_117.png,5,False,287.83872915616104,28.003817422515205,20,#00FF00,Quadrant 1,1,1,30,,#00FF00,0,218.46773561354888,4
image_117.png,5,False,27.028378115818384,176.19258468025942,20,#00FF00,Quadrant 1,1,1,30,,#00FF00,0,310.3107608570573,4
image_117.png,5,False,89.99014603400701,48.54811329240026,20,#00FF00,Quadrant 1,1,1,30,,#00FF00,0,92.58400554037861,4
image_117.png,5,False,222.38121645183486,164.95049216236202,20,#00FF00,Quadrant 1,1,1,30,,#00FF00,0,32.26628285290189,4
image_117.png,5,False,434.3735704214422,133.9598831578423,20,#00FF00,Quadrant 2,1,2,30,,#00FF00,0,60.90877727574811,4
image_117.png,5,False,51.307727972706864,158.39721084628488,20,#00FF00,Quadrant 1,1,1,30,,#00FF00,0,9.781629270227414,4
image_117.png,5,False,295.4349174669727,133.5543249212143,20,#00FF00,Quadrant 1,1,1,30,,#00FF00,0,115.21492698256519,4
image_118.png,2,True,630.7565358530413,30.609928805883783,20,#00FF00,Quadrant 2,1,2,15,149,#00FF00,0,338.96790547659174,
image_118.png,5,False,422.3361825851651,100.39364244301787,20,#00FF00,Quadrant 2,1,2,15,,#00FF00,0,86.26426689899074,3
image_118.png,5,False,358.5462425596903,369.8569671623465,20,#00FF00,Quadrant 4,2,2,15,,#00FF00,0,183.10365848884277,3
image_118.png,5,False,230.33381100195209,220.07977032568235,20,#00FF00,Quadrant 3,2,1,15,,#00FF00,0,96.94350974133246,3
image_118.png,5,False,30.91653565140976,250.478609579458,20,#00FF00,Quadrant 3,2,1,15,,#00FF00,0,23.564956294758197,3
image_118.png,5,False,23.83113160320414,220.44044947768322,20,#00FF00,Quadrant 3,2,1,15,,#00FF00,0,328.9446353839049,3
image_118.png,5,False,80.93998793297847,299.40579631685773,20,#00FF00,Quadrant 3,2,1,15,,#00FF00,0,211.0221711027255,3
image_118.png,5,False,97.51865504591346,225.796850962564,20,#00FF00,Quadrant 3,2,1,15,,#00FF00,0,234.5583275159978,3
image_118.png,5,False,594.0854404573553,200.16343722422945,20,#00FF00,Quadrant 4,2,2,15,,#00FF00,0,160.55361204003546,3
image_118.png,5,False,179.91626330734823,371.08757290377036,20,#00FF00,Quadrant 3,2,1,15,,#00FF00,0,60.54779947942879,3
image_118.png,5,False,393.49989903159616,26.79740616961118,20,#00FF00,Quadrant 2,1,2,15,,#00FF00,0,346.08675932986574,3
image_118.png,5,False,673.2078509288814,245.6359089861534,20,#00FF00,Quadrant 4,2,2,15,,#00FF00,0,292.55173837598215,3
image_118.png,5,False,126.3259734241223,33.74616169084289,20,#00FF00,Quadrant 1,1,1,15,,#00FF00,0,235.10118566415792,3
image_118.png,5,False,199.30572532810922,105.83602588866917,20,#00FF00,Quadrant 1,1,1,15,,#00FF00,0,331.8518565117348,3
image_118.png,5,False,699.4776475960533,329.4418182892667,20,#00FF00,Quadrant 4,2,2,15,,#00FF00,0,244.7992069784944,3
image_118.png,5,False,590.2314098001739,117.33566717202383,20,#00FF00,Quadrant 2,1,2,15,,#00FF00,0,76.59148850036632,3
image_119.png,2,True,398.96320720155063,124.64129574531545,20,#00FF00,Quadrant 2,1,2,2,149,#00FF00,0,266.1058604141484,
image_119.png,5,False,95.73112884322695,63.78780141530845,20,#00FF00,Quadrant 1,1,1,2,,#00FF00,0,142.30976441081276,1
image_119.png,5,False,203.5467675785305,174.28179931418123,20,#00FF00,Quadrant 1,1,1,2,,#00FF00,0,200.33246934097744,1
image_120.png,2,True,563.6169652589515,345.1261493700308,20,#00FF00,Quadrant 4,2,2,50,149,#00FF00,0,181.73528987668587,
image_120.png,5,False,448.6320476984784,381.30405150740097,20,#00FF00,Quadrant 4,2,2,50,,#00FF00,0,340.34704777113114,5
image_120.png,5,False,199.10605284902886,261.3407165228001,20,#00FF00,Quadrant 3,2,1,50,,#00FF00,0,254.79147376849136,5
image_120.png,5,False,156.11986268164026,373.4992328183067,20,#00FF00,Quadrant 3,2,1,50,,#00FF00,0,115.7897705062235,5
image_120.png,5,False,640.7585682249162,61.54833154645234,20,#00FF00,Quadrant 2,1,2,50,,#00FF00,0,118.24460778918012,5
image_120.png,5,False,430.45407103246777,12.617555623845792,20,#00FF00,Quadrant 2,1,2,50,,#00FF00,0,332.012801175841,5
image_120.png,5,False,130.56631820402532,221.08886741408236,20,#00FF00,Quadrant 3,2,1,50,,#00FF00,0,3.4483006758563395,5
image_120.png,5,False,347.904956790347,159.4750288085169,20,#00FF00,Quadrant 1,1,1,50,,#00FF00,0,250.73637942364724,5
image_120.png,5,False,615.0602810101808,257.1787260867934,20,#00FF00,Quadrant 4,2,2,50,,#00FF00,0,29.21356322936624,5
image_120.png,5,False,625.9822410367859,319.4693945189546,20,#00FF00,Quadrant 4,2,2,50,,#00FF00,0,193.9137581820868,5
image_120.png,5,False,96.03334286222879,378.43075243555984,20,#00FF00,Quadrant 3,2,1,50,,#00FF00,0,160.2636373192707,5
image_120.png,5,False,425.30319232969276,157.19189111125874,20,#00FF00,Quadrant 2,1,2,50,,#00FF00,0,135.49552155947728,5
image_120.png,5,False,570.3782291058731,382.87469951202763,20,#00FF00,Quadrant 4,2,2,50,,#00FF00,0,302.0924854015388,5
image_120.png,5,False,266.2611618196574,83.95054420866335,20,#00FF00,Quadrant 1,1,1,50,,#00FF00,0,44.914991308520065,5
image_120.png,5,False,523.0265227901158,297.68313741884253,20,#00FF00,Quadrant 4,2,2,50,,#00FF00,0,3.370788989569773,5
image_120.png,5,False,499.63726848765225,83.39141367381319,20,#00FF00,Quadrant 2,1,2,50,,#00FF00,0,244.99956676143054,5
image_120.png,5,False,441.78798859484493,316.5806788752377,20,#00FF00,Quadrant 4,2,2,50,,#00FF00,0,293.8610966566158,5
image_120.png,5,False,686.3020738753241,376.6380793393678,20,#00FF00,Quadrant 4,2,2,50,,#00FF00,0,79.61316499362034,5
image_120.png,5,False,350.56529612992495,277.13003062631117,20,#00FF00,Quadrant 3,2,1,50,,#00FF00,0,13.246575452925917,5
image_120.png,5,False,15.91629070120894,383.0516173570206,20,#00FF00,Quadrant 3,2,1,50,,#00FF00,0,218.16970702462697,5
image_120.png,5,False,87.44215754696937,115.83737542570115,20,#00FF00,Quadrant 1,1,1,50,,#00FF00,0,229.83699755810963,5
image_120.png,5,False,128.4587194038927,84.24515717788725,20,#00FF00,Quadrant 1,1,1,50,,#00FF00,0,180.1172299522465,5
image_120.png,5,False,474.1289516103439,238.92362349944568,20,#00FF00,Quadrant 4,2,2,50,,#00FF00,0,265.97333791594605,5
image_120.png,5,False,416.24539824099656,292.9779597564686,20,#00FF00,Quadrant 4,2,2,50,,#00FF00,0,63.190382298304314,5
image_120.png,5,False,654.2251830001426,334.37104649969064,20,#00FF00,Quadrant 4,2,2,50,,#00FF00,0,45.8751277138651,5
image_120.png,5,False,513.2113189099141,114.69597359388979,20,#00FF00,Quadrant 2,1,2,50,,#00FF00,0,317.16111353269804,5
image_120.png,5,False,434.360563756992,268.29717367681735,20,#00FF00,Quadrant 4,2,2,50,,#00FF00,0,243.98440593375966,5
image_120.png,5,False,12.346970768321022,172.44927214298588,20,#00FF00,Quadrant 1,1,1,50,,#00FF00,0,317.91669699112623,5
image_120.png,5,False,592.7513305070129,164.79908850480209,20,#00FF00,Quadrant 2,1,2,50,,#00FF00,0,116.27973523525401,5
image_120.png,5,False,368.1054404860605,198.327242438766,20,#00FF00,Quadrant 2,1,2,50,,#00FF00,0,43.81837073611058,5
image_120.png,5,False,40.94716085448767,283.6212654328288,20,#00FF00,Quadrant 3,2,1,50,,#00FF00,0,186.21248895859583,5
image_120.png,5,False,643.7717377276924,212.25108669452104,20,#00FF00,Quadrant 4,2,2,50,,#00FF00,0,16.90727308434163,5
image_120.png,5,False,280.9907715252415,137.5187981942576,20,#00FF00,Quadrant 1,1,1,50,,#00FF00,0,113.84710730505986,5
image_120.png,5,False,486.0992368684124,373.03920808537646,20,#00FF00,Quadrant 4,2,2,50,,#00FF00,0,81.22608119334592,5
image_120.png,5,False,146.6481273794755,135.44691146526196,20,#00FF00,Quadrant 1,1,1,50,,#00FF00,0,330.11827982957885,5
image_120.png,5,False,27.552212053937403,312.3495022113644,20,#00FF00,Quadrant 3,2,1,50,,#00FF00,0,155.50161965862858,5
image_120.png,5,False,590.1097251663515,104.42404798242274,20,#00FF00,Quadrant 2,1,2,50,,#00FF00,0,336.62188858053764,5
image_120.png,5,False,369.05610577868345,100.48910567656893,20,#00FF00,Quadrant 2,1,2,50,,#00FF00,0,295.788166523664,5
image_120.png,5,False,318.60831545208276,58.184368732065806,20,#00FF00,Quadrant 1,1,1,50,,#00FF00,0,34.44146979693733,5
image_120.png,5,False,642.6162064073517,153.65536028459385,20,#00FF00,Quadrant 2,1,2,50,,#00FF00,0,350.82920835798456,5
image_120.png,5,False,488.7275665760371,306.8402786270419,20,#00FF00,Quadrant 4,2,2,50,,#00FF00,0,320.43014515317356,5
image_120.png,5,False,563.844711404158,31.710177793771507,20,#00FF00,Quadrant 2,1,2,50,,#00FF00,0,22.320804080975662,5
image_120.png,5,False,553.5701430853445,246.8750831336474,20,#00FF00,Quadrant 4,2,2,50,,#00FF00,0,311.2497879255362,5
image_120.png,5,False,80.78049211945938,257.0482991219094,20,#00FF00,Quadrant 3,2,1,50,,#00FF00,0,223.2758535662517,5
image_120.png,5,False,28.89476252987148,206.5064733777732,20,#00FF00,Quadrant 3,2,1,50,,#00FF00,0,243.27939601134128,5
image_120.png,5,False,85.41654042715707,15.645084105254625,20,#00FF00,Quadrant 1,1,1,50,,#00FF00,0,211.61280832658164,5
image_120.png,5,False,419.4987974607044,328.8146367906503,20,#00FF00,Quadrant 4,2,2,50,,#00FF00,0,256.78778189656146,5
image_120.png,5,False,97.80134044694611,203.36344657001007,20,#00FF00,Quadrant 3,2,1,50,,#00FF00,0,325.5731970545379,5
image_120.png,5,False,342.6841198449229,245.6816351865827,20,#00FF00,Quadrant 3,2,1,50,,#00FF00,0,127.94083738001076,5
image_120.png,5,False,413.73586143776294,204.96152960346808,20,#00FF00,Quadrant 4,2,2,50,,#00FF00,0,45.965070368350034,5
image_120.png,5,False,257.4853666455201,231.62571830014792,20,#00FF00,Quadrant 3,2,1,50,,#00FF00,0,234.61379283349592,5
image_121.png,2,True,112.56484413520894,127.67892867370355,20,#00FF00,Quadrant 1,1,1,30,149,#00FF00,0,279.1784391732878,
image_121.png,5,False,265.1238666736838,14.054936406636696,20,#00FF00,Quadrant 1,1,1,30,,#00FF00,0,123.44411361800891,4
image_121.png,5,False,478.3489579158251,32.66607023576212,20,#00FF00,Quadrant 2,1,2,30,,#00FF00,0,211.11836848231889,4
image_121.png,5,False,586.4355266277565,335.58943368972507,20,#00FF00,Quadrant 4,2,2,30,,#00FF00,0,182.55883227963866,4
image_121.png,5,False,145.63551232826646,86.74057951666198,20,#00FF00,Quadrant 1,1,1,30,,#00FF00,0,151.9420105500057,4
image_121.png,5,False,552.0467630857988,140.10662714821402,20,#00FF00,Quadrant 2,1,2,30,,#00FF00,0,327.0600786242935,4
image_121.png,5,False,489.7045064023021,382.1669907024361,20,#00FF00,Quadrant 4,2,2,30,,#00FF00,0,240.42965003297493,4
image_121.png,5,False,239.1592043491749,229.63926307845585,20,#00FF00,Quadrant 3,2,1,30,,#00FF00,0,215.9144291972293,4
image_121.png,5,False,435.49506158714115,169.26681900186836,20,#00FF00,Quadrant 2,1,2,30,,#00FF00,0,346.70336008696086,4
image_121.png,5,False,324.01414273408557,309.31434425849665,20,#00FF00,Quadrant 3,2,1,30,,#00FF00,0,58.42079518545599,4
image_121.png,5,False,162.17065232878937,12.397493313654843,20,#00FF00,Quadrant 1,1,1,30,,#00FF00,0,15.189173955731405,4
image_121.png,5,False,169.65879302802546,246.84176664476362,20,#00FF00,Quadrant 3,2,1,30,,#00FF00,0,80.28903193443567,4
image_121.png,5,False,517.1298763185147,371.0783505584203,20,#00FF00,Quadrant 4,2,2,30,,#00FF00,0,86.0468543549525,4
image_121.png,5,False,520.9160760417822,88.6095841923218,20,#00FF00,Quadrant 2,1,2,30,,#00FF00,0,119.34543945355466,4
image_121.png,5,False,693.0259720283284,148.1448811720253,20,#00FF00,Quadrant 2,1,2,30,,#00FF00,0,66.32802439771856,4
image_121.png,5,False,31.682118610907427,54.54155260196285,20,#00FF00,Quadrant 1,1,1,30,,#00FF00,0,26.54321647315619,4
image_121.png,5,False,144.9439732357079,232.3894563392096,20,#00FF00,Quadrant 3,2,1,30,,#00FF00,0,104.60743754019529,4
image_121.png,5,False,41.250425018281376,22.22114669731588,20,#00FF00,Quadrant 1,1,1,30,,#00FF00,0,275.59178448891134,4
image_121.png,5,False,130.98701370398047,345.6744827705291,20,#00FF00,Quadrant 3,2,1,30,,#00FF00,0,71.21699796822902,4
image_121.png,5,False,25.808007332066715,329.60917703029577,20,#00FF00,Quadrant 3,2,1,30,,#00FF00,0,64.27491508838176,4
image_121.png,5,False,25.464700958625254,267.0769992610667,20,#00FF00,Quadrant 3,2,1,30,,#00FF00,0,327.8336220713591,4
image_121.png,5,False,553.5283014906416,52.94628560475169,20,#00FF00,Quadrant 2,1,2,30,,#00FF00,0,136.41219284946402,4
image_121.png,5,False,221.1948684701646,101.77667462620262,20,#00FF00,Quadrant 1,1,1,30,,#00FF00,0,337.0010775006224,4
image_121.png,5,False,466.36610478212606,366.7591436444096,20,#00FF00,Quadrant 4,2,2,30,,#00FF00,0,291.4155973050452,4
image_121.png,5,False,698.4117958947077,344.26891453523507,20,#00FF00,Quadrant 4,2,2,30,,#00FF00,0,351.7566645715253,4
image_121.png,5,False,56.0451108786605,65.59538891665142,20,#00FF00,Quadrant 1,1,1,30,,#00FF00,0,316.2196211214302,4
image_121.png,5,False,558.6848022763635,83.45552843291817,20,#00FF00,Quadrant 2,1,2,30,,#00FF00,0,332.69596820388796,4
image_121.png,5,False,268.86190303466213,237.62958346580103,20,#00FF00,Quadrant 3,2,1,30,,#00FF00,0,136.15039058005365,4
image_121.png,5,False,236.77193650827752,31.13189257633351,20,#00FF00,Quadrant 1,1,1,30,,#00FF00,0,284.2516041806645,4
image_121.png,5,False,612.3946779305483,332.8679973045428,20,#00FF00,Quadrant 4,2,2,30,,#00FF00,0,286.4202912213384,4
image_121.png,5,False,621.3398242735457,90.0918027827058,20,#00FF00,Quadrant 2,1,2,30,,#00FF00,0,348.61835070155263,4
image_122.png,2,True,555.997084276028,243.4270774462969,20,#00FF00,Quadrant 4,2,2,1,149,#00FF00,0,282.47948027730155,
image_122.png,5,False,278.41181635596774,344.5555488604087,20,#00FF00,Quadrant 3,2,1,1,,#00FF00,0,60.2760748796237,1
image_123.png,2,True,368.51684029311053,78.66143958009138,20,#00FF00,Quadrant 2,1,2,30,149,#00FF00,0,134.73579302051363,
image_123.png,5,False,373.05273738888775,193.68628691521025,20,#00FF00,Quadrant 2,1,2,30,,#00FF00,0,256.4952744140948,4
image_123.png,5,False,337.41936921986286,230.68856691984544,20,#00FF00,Quadrant 3,2,1,30,,#00FF00,0,344.07068117056133,4
image_123.png,5,False,555.7402676296534,256.6006848501898,20,#00FF00,Quadrant 4,2,2,30,,#00FF00,0,229.71801617463436,4
image_123.png,5,False,627.5755066936265,181.8862664422214,20,#00FF00,Quadrant 2,1,2,30,,#00FF00,0,74.59185510150685,4
image_123.png,5,False,161.6110774564246,171.65863902816156,20,#00FF00,Quadrant 1,1,1,30,,#00FF00,0,84.37845306488863,4
image_123.png,5,False,119.31723269491447,329.4391448752029,20,#00FF00,Quadrant 3,2,1,30,,#00FF00,0,135.7498667068283,4
image_123.png,5,False,69.39889312947972,295.1134002489048,20,#00FF00,Quadrant 3,2,1,30,,#00FF00,0,91.6305270656847,4
image_123.png,5,False,363.9485787820495,138.14936464329574,20,#00FF00,Quadrant 2,1,2,30,,#00FF00,0,14.811451788925499,4
image_123.png,5,False,308.9964016733204,149.91951389687273,20,#00FF00,Quadrant 1,1,1,30,,#00FF00,0,162.41443312405312,4
image_123.png,5,False,199.11041184852692,20.343478291301764,20,#00FF00,Quadrant 1,1,1,30,,#00FF00,0,179.11550219451897,4
image_123.png,5,False,213.92277893836598,200.66713964816176,20,#00FF00,Quadrant 3,2,1,30,,#00FF00,0,324.53130505733685,4
image_123.png,5,False,64.85155810018405,115.48863159311588,20,#00FF00,Quadrant 1,1,1,30,,#00FF00,0,196.79468029525563,4
image_123.png,5,False,92.70705060034417,147.169544759917,20,#00FF00,Quadrant 1,1,1,30,,#00FF00,0,81.9869732516056,4
image_123.png,5,False,240.95915283627295,266.1905688826234,20,#00FF00,Quadrant 3,2,1,30,,#00FF00,0,196.56938159548025,4
image_123.png,5,False,524.4506177822062,301.4865188477774,20,#00FF00,Quadrant 4,2,2,30,,#00FF00,0,90.00851146115069,4
image_123.png,5,False,142.35263884207436,239.32486856909375,20,#00FF00,Quadrant 3,2,1,30,,#00FF00,0,304.3613646835628,4
image_123.png,5,False,600.0944574579011,281.71806578079116,20,#00FF00,Quadrant 4,2,2,30,,#00FF00,0,49.63144540358953,4
image_123.png,5,False,190.92232099085922,302.0887623369785,20,#00FF00,Quadrant 3,2,1,30,,#00FF00,0,195.52522904021822,4
image_123.png,5,False,249.829695899601,387.80640270293213,20,#00FF00,Quadrant 3,2,1,30,,#00FF00,0,101.46429729484906,4
image_123.png,5,False,577.2624468027662,297.45069636185923,20,#00FF00,Quadrant 4,2,2,30,,#00FF00,0,340.4934026753385,4
image_123.png,5,False,461.6687225491833,384.9458088853857,20,#00FF00,Quadrant 4,2,2,30,,#00FF00,0,4.28065933228607,4
image_123.png,5,False,607.3061572453464,97.0246702267091,20,#00FF00,Quadrant 2,1,2,30,,#00FF00,0,342.53598730073276,4
image_123.png,5,False,155.60388942724433,99.3473657442777,20,#00FF00,Quadrant 1,1,1,30,,#00FF00,0,260.4009204334717,4
image_123.png,5,False,245.7144451933306,43.46107365446005,20,#00FF00,Quadrant 1,1,1,30,,#00FF00,0,293.1831759669215,4
image_123.png,5,False,306.43835917577366,367.049455969198,20,#00FF00,Quadrant 3,2,1,30,,#00FF00,0,304.48860040027466,4
image_123.png,5,False,313.2510720046659,333.41287922183346,20,#00FF00,Quadrant 3,2,1,30,,#00FF00,0,150.36763128228864,4
image_123.png,5,False,519.3476871078485,199.92447985955866,20,#00FF00,Quadrant 2,1,2,30,,#00FF00,0,110.00589683359443,4
image_123.png,5,False,255.36242339862525,96.23546201316778,20,#00FF00,Quadrant 1,1,1,30,,#00FF00,0,237.18532607218322,4
image_123.png,5,False,217.45003653815968,232.8690223454286,20,#00FF00,Quadrant 3,2,1,30,,#00FF00,0,248.58669842435003,4
image_123.png,5,False,33.19199648765733,63.59293021332685,20,#00FF00,Quadrant 1,1,1,30,,#00FF00,0,204.32787390596278,4
image_124.png,2,True,561.6114407291182,356.39832982243956,20,#00FF00,Quadrant 4,2,2,10,149,#00FF00,0,204.54871853248886,
image_124.png,5,False,280.32037778450984,155.13841691009208,20,#00FF00,Quadrant 1,1,1,10,,#00FF00,0,206.59634435251436,3
image_124.png,5,False,54.895671950757524,157.0719919740559,20,#00FF00,Quadrant 1,1,1,10,,#00FF00,0,341.52936295143525,3
image_124.png,5,False,237.5716988771844,374.61261924118065,20,#00FF00,Quadrant 3,2,1,10,,#00FF00,0,170.91995566420113,3
image_124.png,5,False,220.9007250535741,75.79814329318982,20,#00FF00,Quadrant 1,1,1,10,,#00FF00,0,230.0411901034993,3
image_124.png,5,False,133.3912692002114,323.4074850563055,20,#00FF00,Quadrant 3,2,1,10,,#00FF00,0,242.95879363303212,3
image_124.png,5,False,29.49173006140336,86.22152178188867,20,#00FF00,Quadrant 1,1,1,10,,#00FF00,0,217.2110084883928,3
image_124.png,5,False,276.8810448240514,88.82728803224043,20,#00FF00,Quadrant 1,1,1,10,,#00FF00,0,328.0843116840574,3
image_124.png,5,False,372.3086354674088,182.8628736415304,20,#00FF00,Quadrant 2,1,2,10,,#00FF00,0,104.797990303078,3
image_124.png,5,False,18.61144424518877,134.5198426020844,20,#00FF00,Quadrant 1,1,1,10,,#00FF00,0,132.7148156365112,3
image_124.png,5,False,280.47153312859996,385.0669566680581,20,#00FF00,Quadrant 3,2,1,10,,#00FF00,0,327.53248056702347,3
image_125.png,2,True,340.5150370972258,36.99241050362075,20,#00FF00,Quadrant 1,1,1,2,149,#00FF00,0,193.12308691910468,
image_125.png,5,False,607.4669513200558,60.114403121395014,20,#00FF00,Quadrant 2,1,2,2,,#00FF00,0,343.83483562835676,1
image_125.png,5,False,308.78626599558004,279.25587011345937,20,#00FF00,Quadrant 3,2,1,2,,#00FF00,0,74.04372179145055,1
image_126.png,2,True,407.23796350566505,128.29859213584626,20,#00FF00,Quadrant 2,1,2,20,149,#00FF00,0,57.161249945576486,
image_126.png,5,False,504.85594060161674,184.48553332773363,20,#00FF00,Quadrant 2,1,2,20,,#00FF00,0,73.07022259303184,4
image_126.png,5,False,693.8576429658739,179.4865375174632,20,#00FF00,Quadrant 2,1,2,20,,#00FF00,0,72.61298241227557,4
image_126.png,5,False,427.7406850487951,104.30556659976955,20,#00FF00,Quadrant 2,1,2,20,,#00FF00,0,296.84974479470617,4
image_126.png,5,False,403.19883124378276,196.58236101237924,20,#00FF00,Quadrant 2,1,2,20,,#00FF00,0,118.40092664740169,4
image_126.png,5,False,37.92942043388858,45.43681181096025,20,#00FF00,Quadrant 1,1,1,20,,#00FF00,0,166.5703633979543,4
image_126.png,5,False,644.1192519470696,142.08353558718898,20,#00FF00,Quadrant 2,1,2,20,,#00FF00,0,232.66768960027295,4
image_126.png,5,False,556.9269350017769,158.832159040305,20,#00FF00,Quadrant 2,1,2,20,,#00FF00,0,303.3502106084917,4
image_126.png,5,False,596.5424407471866,167.88994272182106,20,#00FF00,Quadrant 2,1,2,20,,#00FF00,0,296.434657958109,4
image_126.png,5,False,436.6204597965261,174.32496010556102,20,#00FF00,Quadrant 2,1,2,20,,#00FF00,0,64.64811953892753,4
image_126.png,5,False,465.1061457350338,275.04132943553157,20,#00FF00,Quadrant 4,2,2,20,,#00FF00,0,138.47939884588058,4
image_126.png,5,False,492.3662374807789,27.505167637801208,20,#00FF00,Quadrant 2,1,2,20,,#00FF00,0,34.39230160175614,4
image_126.png,5,False,119.81530228727941,344.60610456329175,20,#00FF00,Quadrant 3,2,1,20,,#00FF00,0,318.7950545057226,4
image_126.png,5,False,470.3266320402039,36.22918034986129,20,#00FF00,Quadrant 2,1,2,20,,#00FF00,0,193.58551550716348,4
image_126.png,5,False,632.6397219575092,354.5023860524468,20,#00FF00,Quadrant 4,2,2,20,,#00FF00,0,261.55359163930547,4
image_126.png,5,False,535.9220908127402,56.82517609171263,20,#00FF00,Quadrant 2,1,2,20,,#00FF00,0,148.06013701305014,4
image_126.png,5,False,531.4684407375731,201.66125044041698,20,#00FF00,Quadrant 4,2,2,20,,#00FF00,0,132.74354359173856,4
image_126.png,5,False,293.5561905555046,73.30918195505275,20,#00FF00,Quadrant 1,1,1,20,,#00FF00,0,280.62383113328167,4
image_126.png,5,False,41.75362882340996,21.099358422069955,20,#00FF00,Quadrant 1,1,1,20,,#00FF00,0,74.65395437317522,4
image_126.png,5,False,476.5036038053646,185.5997005855799,20,#00FF00,Quadrant 2,1,2,20,,#00FF00,0,229.99198444198709,4
image_126.png,5,False,183.66735007626104,279.03965071348676,20,#00FF00,Quadrant 3,2,1,20,,#00FF00,0,13.598877518366645,4
image_127.png,2,True,526.8377831791727,194.23899171049106,20,#00FF00,Quadrant 2,1,2,2,149,#00FF00,0,117.7597305275977,
image_127.png,5,False,388.867264305715,102.5869842151837,20,#00FF00,Quadrant 2,1,2,2,,#00FF00,0,24.56538162915038,1
image_127.png,5,False,107.636218766665,321.121288698283,20,#00FF00,Quadrant 3,2,1,2,,#00FF00,0,342.00663266763473,1
image_128.png,2,True,23.447561951094197,48.99471575763401,20,#00FF00,Quadrant 1,1,1,2,149,#00FF00,0,61.41207443072279,
image_128.png,5,False,379.3764909867691,158.74111181255708,20,#00FF00,Quadrant 2,1,2,2,,#00FF00,0,105.8920753351934,1
image_128.png,5,False,537.1128533685513,267.0508275873166,20,#00FF00,Quadrant 4,2,2,2,,#00FF00,0,27.93070794419327,1
image_129.png,2,True,133.6008175781913,281.0478389041137,20,#00FF00,Quadrant 3,2,1,2,149,#00FF00,0,158.6368767090985,
image_129.png,5,False,377.7538766036832,178.09797833389499,20,#00FF00,Quadrant 2,1,2,2,,#00FF00,0,321.36757405859146,1
image_129.png,5,False,448.37059364565937,208.64654754327688,20,#00FF00,Quadrant 4,2,2,2,,#00FF00,0,17.192168095263906,1
image_130.png,2,True,223.43540887465198,30.81296683938518,20,#00FF00,Quadrant 1,1,1,1,149,#00FF00,0,140.62262005004894,
image_130.png,5,False,543.1902800055259,300.9691821355893,20,#00FF00,Quadrant 4,2,2,1,,#00FF00,0,1.6796637886709576,1
image_131.png,2,True,175.3542826011042,45.54407057212686,20,#00FF00,Quadrant 1,1,1,3,149,#00FF00,0,134.87209325397234,
image_131.png,5,False,692.6212406011806,138.4300908458161,20,#00FF00,Quadrant 2,1,2,3,,#00FF00,0,151.80578298911377,1
image_131.png,5,False,471.906174835005,94.3746480375953,20,#00FF00,Quadrant 2,1,2,3,,#00FF00,0,69.17465511549582,1
image_131.png,5,False,560.0807497917139,324.91035190994376,20,#00FF00,Quadrant 4,2,2,3,,#00FF00,0,317.6229807345357,1
image_132.png,2,True,41.32462103220466,204.72503804195287,20,#00FF00,Quadrant 3,2,1,2,149,#00FF00,0,260.64413890344656,
image_132.png,5,False,233.32622786056461,247.92527226842168,20,#00FF00,Quadrant 3,2,1,2,,#00FF00,0,293.62476108797586,1
image_132.png,5,False,654.7515565546835,160.33416227186456,20,#00FF00,Quadrant 2,1,2,2,,#00FF00,0,224.88240714790635,1
image_133.png,2,True,158.29441083189084,145.78585119719085,20,#00FF00,Quadrant 1,1,1,15,149,#00FF00,0,43.48942610373295,
image_133.png,5,False,288.0741084411816,130.5388036707711,20,#00FF00,Quadrant 1,1,1,15,,#00FF00,0,62.503760795280655,3
image_133.png,5,False,327.0966169733276,35.95415537587942,20,#00FF00,Quadrant 1,1,1,15,,#00FF00,0,140.10719743815403,3
image_133.png,5,False,458.8121019145367,150.47442526078908,20,#00FF00,Quadrant 2,1,2,15,,#00FF00,0,293.43056097809034,3
image_133.png,5,False,688.3576176199077,49.485536972707195,20,#00FF00,Quadrant 2,1,2,15,,#00FF00,0,215.5928747344566,3
image_133.png,5,False,693.4760570929368,332.47578274577495,20,#00FF00,Quadrant 4,2,2,15,,#00FF00,0,193.02535090486344,3
image_133.png,5,False,671.7749113163278,237.7497808680379,20,#00FF00,Quadrant 4,2,2,15,,#00FF00,0,61.72527976854483,3
image_133.png,5,False,490.7612871357917,267.246397461602,20,#00FF00,Quadrant 4,2,2,15,,#00FF00,0,353.3097221487359,3
image_133.png,5,False,488.973592650814,136.51359489765116,20,#00FF00,Quadrant 2,1,2,15,,#00FF00,0,350.05206702430775,3
image_133.png,5,False,620.0532851798363,131.19151659080484,20,#00FF00,Quadrant 2,1,2,15,,#00FF00,0,228.72724260552124,3
image_133.png,5,False,343.18783112255323,137.6697724511567,20,#00FF00,Quadrant 1,1,1,15,,#00FF00,0,306.5595164887116,3
image_133.png,5,False,414.090434031934,155.53638906156925,20,#00FF00,Quadrant 2,1,2,15,,#00FF00,0,219.07199597624816,3
image_133.png,5,False,171.14115391564673,233.0631109204129,20,#00FF00,Quadrant 3,2,1,15,,#00FF00,0,230.6131037105099,3
image_133.png,5,False,223.79670515564874,289.931221321018,20,#00FF00,Quadrant 3,2,1,15,,#00FF00,0,322.8405934919433,3
image_133.png,5,False,438.01893143131923,33.65090025958398,20,#00FF00,Quadrant 2,1,2,15,,#00FF00,0,272.60846769568667,3
image_133.png,5,False,215.36754922707465,68.33148127818643,20,#00FF00,Quadrant 1,1,1,15,,#00FF00,0,134.82850625769444,3
image_134.png,2,True,175.02607405356238,285.1665837919147,20,#00FF00,Quadrant 3,2,1,3,149,#00FF00,0,231.13400290642988,
image_134.png,5,False,316.72735344877185,342.6314610410091,20,#00FF00,Quadrant 3,2,1,3,,#00FF00,0,355.8784960248734,1
image_134.png,5,False,229.7841374907033,308.47499332924696,20,#00FF00,Quadrant 3,2,1,3,,#00FF00,0,48.33612427208957,1
image_134.png,5,False,556.5362624119521,167.82970558823308,20,#00FF00,Quadrant 2,1,2,3,,#00FF00,0,14.25869157548416,1
image_135.png,2,True,168.78790518297333,288.0260428877187,20,#00FF00,Quadrant 3,2,1,5,149,#00FF00,0,270.1983279625296,
image_135.png,5,False,152.80821287323383,31.439964910648133,20,#00FF00,Quadrant 1,1,1,5,,#00FF00,0,123.3822295606854,2
image_135.png,5,False,691.99125454653,313.94878318770407,20,#00FF00,Quadrant 4,2,2,5,,#00FF00,0,330.36414294989527,2
image_135.png,5,False,164.26395358112111,340.88278590292987,20,#00FF00,Quadrant 3,2,1,5,,#00FF00,0,250.6600974427223,2
image_135.png,5,False,137.46283126463476,249.05778984937166,20,#00FF00,Quadrant 3,2,1,5,,#00FF00,0,187.72989389143376,2
image_135.png,5,False,349.74153738632504,371.4839297887082,20,#00FF00,Quadrant 3,2,1,5,,#00FF00,0,23.26207692289369,2
image_136.png,2,True,108.51555548959331,88.19516482548458,20,#00FF00,Quadrant 1,1,1,0,149,#00FF00,0,228.37210533860716,
image_137.png,2,True,389.1556521558104,311.5981090383619,20,#00FF00,Quadrant 4,2,2,1,149,#00FF00,0,62.52329687287681,
image_137.png,5,False,360.61551415812477,172.11865055595248,20,#00FF00,Quadrant 2,1,2,1,,#00FF00,0,73.57439938986036,1
image_138.png,2,True,508.23322460876767,103.5816342106338,20,#00FF00,Quadrant 2,1,2,20,149,#00FF00,0,112.12666913194336,
image_138.png,5,False,182.53993761417559,118.86339242672511,20,#00FF00,Quadrant 1,1,1,20,,#00FF00,0,63.51678176303538,4
image_138.png,5,False,448.93099898670084,113.76337663826978,20,#00FF00,Quadrant 2,1,2,20,,#00FF00,0,161.37762925312882,4
image_138.png,5,False,66.13100463336765,378.6258657717852,20,#00FF00,Quadrant 3,2,1,20,,#00FF00,0,281.2640131504942,4
image_138.png,5,False,126.59080025793305,177.8401547802952,20,#00FF00,Quadrant 1,1,1,20,,#00FF00,0,143.3680103419594,4
image_138.png,5,False,517.3654640215159,298.4026475468431,20,#00FF00,Quadrant 4,2,2,20,,#00FF00,0,181.90531953708765,4
image_138.png,5,False,557.761876196403,18.488587156007224,20,#00FF00,Quadrant 2,1,2,20,,#00FF00,0,295.05737083668043,4
image_138.png,5,False,599.4350829001324,297.84844586730566,20,#00FF00,Quadrant 4,2,2,20,,#00FF00,0,137.31095220046507,4
image_138.png,5,False,421.0813361415953,68.75791197253841,20,#00FF00,Quadrant 2,1,2,20,,#00FF00,0,331.75169965686916,4
image_138.png,5,False,188.27399656273582,186.26016671665212,20,#00FF00,Quadrant 1,1,1,20,,#00FF00,0,261.59336465039667,4
image_138.png,5,False,269.476203719645,240.07758481621116,20,#00FF00,Quadrant 3,2,1,20,,#00FF00,0,163.2971181121563,4
image_138.png,5,False,141.65218625128566,15.85135490973021,20,#00FF00,Quadrant 1,1,1,20,,#00FF00,0,55.70080406820397,4
image_138.png,5,False,510.76296402412373,196.7695052841446,20,#00FF00,Quadrant 2,1,2,20,,#00FF00,0,180.2519311229341,4
image_138.png,5,False,658.8563548469069,377.84621668271217,20,#00FF00,Quadrant 4,2,2,20,,#00FF00,0,333.2487856574003,4
image_138.png,5,False,348.3007177865628,253.31641686918837,20,#00FF00,Quadrant 3,2,1,20,,#00FF00,0,134.33216317186856,4
image_138.png,5,False,292.6546460223549,25.676567324657647,20,#00FF00,Quadrant 1,1,1,20,,#00FF00,0,211.79124195608767,4
image_138.png,5,False,311.6092843520622,107.48768159404544,20,#00FF00,Quadrant 1,1,1,20,,#00FF00,0,69.9221521218293,4
image_138.png,5,False,485.3691932534902,274.2601457522239,20,#00FF00,Quadrant 4,2,2,20,,#00FF00,0,175.90386352384616,4
image_138.png,5,False,649.3714231115862,289.0810697174617,20,#00FF00,Quadrant 4,2,2,20,,#00FF00,0,234.32628049492786,4
image_138.png,5,False,34.77571715333927,318.36178307693154,20,#00FF00,Quadrant 3,2,1,20,,#00FF00,0,87.24703291044531,4
image_138.png,5,False,186.20445576659438,238.61244558254774,20,#00FF00,Quadrant 3,2,1,20,,#00FF00,0,245.18393436858253,4
image_139.png,2,True,542.1998358264468,254.58221369228045,20,#00FF00,Quadrant 4,2,2,2,149,#00FF00,0,4.44145949202051,
image_139.png,5,False,284.99250892163866,232.56864202191701,20,#00FF00,Quadrant 3,2,1,2,,#00FF00,0,330.0778271136074,1
image_139.png,5,False,368.2720232155543,82.37518925316876,20,#00FF00,Quadrant 2,1,2,2,,#00FF00,0,324.3584339985653,1
image_140.png,2,True,305.114444890829,272.5143100041076,20,#00FF00,Quadrant 3,2,1,15,149,#00FF00,0,59.69649865262091,
image_140.png,5,False,378.3757039434976,346.1540347240425,20,#00FF00,Quadrant 4,2,2,15,,#00FF00,0,180.23285588894808,3
image_140.png,5,False,516.6801380634203,295.43073127626906,20,#00FF00,Quadrant 4,2,2,15,,#00FF00,0,210.98871760720303,3
image_140.png,5,False,610.0289734917417,52.3055991118858,20,#00FF00,Quadrant 2,1,2,15,,#00FF00,0,332.7554129209723,3
image_140.png,5,False,560.5008893555897,318.77819219191144,20,#00FF00,Quadrant 4,2,2,15,,#00FF00,0,206.14021032757162,3
image_140.png,5,False,155.36310729221714,293.8537149461563,20,#00FF00,Quadrant 3,2,1,15,,#00FF00,0,96.84768162327128,3
image_140.png,5,False,15.42359136090099,74.65470551397786,20,#00FF00,Quadrant 1,1,1,15,,#00FF00,0,251.64323859599324,3
image_140.png,5,False,77.74388563722958,303.4750938952544,20,#00FF00,Quadrant 3,2,1,15,,#00FF00,0,177.0203742427251,3
image_140.png,5,False,298.2043612000726,119.99261868812115,20,#00FF00,Quadrant 1,1,1,15,,#00FF00,0,150.4222579969936,3
image_140.png,5,False,132.54049401830736,81.45921465851245,20,#00FF00,Quadrant 1,1,1,15,,#00FF00,0,155.14185325375448,3
image_140.png,5,False,346.17869776775836,200.98799851929164,20,#00FF00,Quadrant 3,2,1,15,,#00FF00,0,48.359542424137786,3
image_140.png,5,False,401.7264804400596,91.35273507364973,20,#00FF00,Quadrant 2,1,2,15,,#00FF00,0,39.685769991858905,3
image_140.png,5,False,688.25056933363,340.4706767687464,20,#00FF00,Quadrant 4,2,2,15,,#00FF00,0,69.07853970949864,3
image_140.png,5,False,640.0372976156054,52.27587914646289,20,#00FF00,Quadrant 2,1,2,15,,#00FF00,0,158.662961912613,3
image_140.png,5,False,65.988953560319,43.39727011905154,20,#00FF00,Quadrant 1,1,1,15,,#00FF00,0,229.11611035321212,3
image_140.png,5,False,345.29890908719864,298.4816986628313,20,#00FF00,Quadrant 3,2,1,15,,#00FF00,0,84.52084639700472,3
image_141.png,2,True,528.9893018762936,13.731676857857552,20,#00FF00,Quadrant 2,1,2,0,149,#00FF00,0,21.980328081466745,
image_142.png,2,True,39.84108827057503,90.7838394898359,20,#00FF00,Quadrant 1,1,1,50,149,#00FF00,0,284.1145804192333,
image_142.png,5,False,269.8337384570879,207.588017948322,20,#00FF00,Quadrant 3,2,1,50,,#00FF00,0,285.043153186249,5
image_142.png,5,False,194.1608653533194,194.6800865149618,20,#00FF00,Quadrant 1,1,1,50,,#00FF00,0,346.34083654054274,5
image_142.png,5,False,427.41199856917217,138.21597607550603,20,#00FF00,Quadrant 2,1,2,50,,#00FF00,0,272.4881896475761,5
image_142.png,5,False,247.38036372972795,130.15459800338922,20,#00FF00,Quadrant 1,1,1,50,,#00FF00,0,245.4695996675997,5
image_142.png,5,False,259.8741218987028,161.6221706051282,20,#00FF00,Quadrant 1,1,1,50,,#00FF00,0,86.25493063596468,5
image_142.png,5,False,682.985186832429,341.0232694062328,20,#00FF00,Quadrant 4,2,2,50,,#00FF00,0,219.8912610158842,5
image_142.png,5,False,13.125332793722787,340.0646910515467,20,#00FF00,Quadrant 3,2,1,50,,#00FF00,0,290.2572738831032,5
image_142.png,5,False,586.6051785708346,360.6640301681327,20,#00FF00,Quadrant 4,2,2,50,,#00FF00,0,144.6510084053819,5
image_142.png,5,False,95.67433768320558,211.5778901103044,20,#00FF00,Quadrant 3,2,1,50,,#00FF00,0,9.244953816289478,5
image_142.png,5,False,528.741981801172,104.94722793449831,20,#00FF00,Quadrant 2,1,2,50,,#00FF00,0,342.3822981993501,5
image_142.png,5,False,483.78139298383616,339.80445968825654,20,#00FF00,Quadrant 4,2,2,50,,#00FF00,0,162.690507938017,5
image_142.png,5,False,465.89737467830753,12.182803442899635,20,#00FF00,Quadrant 2,1,2,50,,#00FF00,0,185.36904058400967,5
image_142.png,5,False,659.9950794122705,132.78539017056116,20,#00FF00,Quadrant 2,1,2,50,,#00FF00,0,229.70637280283097,5
image_142.png,5,False,612.7963648477546,377.5078839604322,20,#00FF00,Quadrant 4,2,2,50,,#00FF00,0,228.1598282581122,5
image_142.png,5,False,478.0933701107423,99.28517040130806,20,#00FF00,Quadrant 2,1,2,50,,#00FF00,0,264.892691352882,5
image_142.png,5,False,520.3119933908888,311.11702295212126,20,#00FF00,Quadrant 4,2,2,50,,#00FF00,0,174.43301188990077,5
image_142.png,5,False,658.0293947368272,366.8785370130779,20,#00FF00,Quadrant 4,2,2,50,,#00FF00,0,125.40022487975551,5
image_142.png,5,False,464.59557625310043,275.41089908902825,20,#00FF00,Quadrant 4,2,2,50,,#00FF00,0,171.40389021689984,5
image_142.png,5,False,276.167536388871,240.51169994279059,20,#00FF00,Quadrant 3,2,1,50,,#00FF00,0,36.164059820324084,5
image_142.png,5,False,610.3326603421382,342.21645452212846,20,#00FF00,Quadrant 4,2,2,50,,#00FF00,0,256.2991104389587,5
image_142.png,5,False,504.7826186097758,22.99989262470298,20,#00FF00,Quadrant 2,1,2,50,,#00FF00,0,282.5502996776174,5
image_142.png,5,False,71.00493489674463,325.62985396696246,20,#00FF00,Quadrant 3,2,1,50,,#00FF00,0,179.2530203376373,5
image_142.png,5,False,691.1943101788117,187.45155113580802,20,#00FF00,Quadrant 2,1,2,50,,#00FF00,0,358.6697062667369,5
image_142.png,5,False,669.0302918307675,193.25971012174128,20,#00FF00,Quadrant 2,1,2,50,,#00FF00,0,322.70708740251666,5
image_142.png,5,False,178.6722829552034,75.4236788357008,20,#00FF00,Quadrant 1,1,1,50,,#00FF00,0,194.64044695142343,5
image_142.png,5,False,493.23730255379166,50.86753794841248,20,#00FF00,Quadrant 2,1,2,50,,#00FF00,0,339.91555629304224,5
image_142.png,5,False,31.13380765469448,362.16331414244814,20,#00FF00,Quadrant 3,2,1,50,,#00FF00,0,357.6101295476813,5
image_142.png,5,False,275.2244829758016,116.9752660788755,20,#00FF00,Quadrant 1,1,1,50,,#00FF00,0,117.54028622026341,5
image_142.png,5,False,469.8276173708759,370.66846647306613,20,#00FF00,Quadrant 4,2,2,50,,#00FF00,0,258.902993893223,5
image_142.png,5,False,349.9596013152179,311.7142956219208,20,#00FF00,Quadrant 3,2,1,50,,#00FF00,0,228.07734862826155,5
image_142.png,5,False,165.20248337832382,228.71744848546035,20,#00FF00,Quadrant 3,2,1,50,,#00FF00,0,119.80840231402676,5
image_142.png,5,False,55.55558264782075,140.73934482417926,20,#00FF00,Quadrant 1,1,1,50,,#00FF00,0,332.5851003545865,5
image_142.png,5,False,522.904827766908,285.0606163461796,20,#00FF00,Quadrant 4,2,2,50,,#00FF00,0,327.66016526728407,5
image_142.png,5,False,551.9214170362729,376.2417429061331,20,#00FF00,Quadrant 4,2,2,50,,#00FF00,0,235.41107379761928,5
image_142.png,5,False,171.79016943295687,108.93751255967324,20,#00FF00,Quadrant 1,1,1,50,,#00FF00,0,157.30641105056623,5
image_142.png,5,False,87.74255790127113,139.60990880384816,20,#00FF00,Quadrant 1,1,1,50,,#00FF00,0,104.7515409556398,5
image_142.png,5,False,140.63974023641367,367.07890176689733,20,#00FF00,Quadrant 3,2,1,50,,#00FF00,0,213.19217545834059,5
image_142.png,5,False,518.7364266377424,128.4819893791713,20,#00FF00,Quadrant 2,1,2,50,,#00FF00,0,136.87023883827075,5
image_142.png,5,False,141.81193840998938,157.71900980459978,20,#00FF00,Quadrant 1,1,1,50,,#00FF00,0,212.4215220869861,5
image_142.png,5,False,542.4125417284773,312.4618566094057,20,#00FF00,Quadrant 4,2,2,50,,#00FF00,0,152.53145810269916,5
image_142.png,5,False,98.02577427855651,261.8947699771186,20,#00FF00,Quadrant 3,2,1,50,,#00FF00,0,336.21305947574604,5
image_142.png,5,False,84.43770081080669,14.473261292835529,20,#00FF00,Quadrant 1,1,1,50,,#00FF00,0,212.67935395219146,5
image_142.png,5,False,228.67316907419888,319.5039289922445,20,#00FF00,Quadrant 3,2,1,50,,#00FF00,0,306.850329084821,5
image_142.png,5,False,161.82502011496354,268.03278857683057,20,#00FF00,Quadrant 3,2,1,50,,#00FF00,0,106.85647891013319,5
image_142.png,5,False,206.2576566450663,293.388654049505,20,#00FF00,Quadrant 3,2,1,50,,#00FF00,0,53.073128883000805,5
image_142.png,5,False,581.320639888526,23.98198116106358,20,#00FF00,Quadrant 2,1,2,50,,#00FF00,0,305.68588918793967,5
image_142.png,5,False,357.1384380634195,271.2907989373013,20,#00FF00,Quadrant 4,2,2,50,,#00FF00,0,115.25016897321424,5
image_142.png,5,False,595.0441228806513,227.96139826469775,20,#00FF00,Quadrant 4,2,2,50,,#00FF00,0,98.44291537154835,5
image_142.png,5,False,545.6906900953124,334.8623851409313,20,#00FF00,Quadrant 4,2,2,50,,#00FF00,0,332.33682775166244,5
image_142.png,5,False,120.68413212033026,19.151880481261152,20,#00FF00,Quadrant 1,1,1,50,,#00FF00,0,328.45549423595196,5
image_143.png,2,True,478.072194778826,385.3388053898521,20,#00FF00,Quadrant 4,2,2,15,149,#00FF00,0,121.46765315590416,
image_143.png,5,False,280.44247223054015,210.5251962148639,20,#00FF00,Quadrant 3,2,1,15,,#00FF00,0,272.7771066195561,3
image_143.png,5,False,490.80328150086814,84.74484277530816,20,#00FF00,Quadrant 2,1,2,15,,#00FF00,0,101.89435319342513,3
image_143.png,5,False,282.30922066459937,60.48045833596751,20,#00FF00,Quadrant 1,1,1,15,,#00FF00,0,308.25079915883845,3
image_143.png,5,False,410.88435535560836,315.3171352778271,20,#00FF00,Quadrant 4,2,2,15,,#00FF00,0,270.8159327869109,3
image_143.png,5,False,499.905809249781,183.94728505202863,20,#00FF00,Quadrant 2,1,2,15,,#00FF00,0,305.93149942492806,3
image_143.png,5,False,105.77950107647395,274.0711888101918,20,#00FF00,Quadrant 3,2,1,15,,#00FF00,0,58.93000846934815,3
image_143.png,5,False,110.78296582794943,93.4555868062935,20,#00FF00,Quadrant 1,1,1,15,,#00FF00,0,104.78936495630822,3
image_143.png,5,False,517.6347197272105,14.452090523550968,20,#00FF00,Quadrant 2,1,2,15,,#00FF00,0,269.41770635869966,3
image_143.png,5,False,407.6449647936378,267.404130674293,20,#00FF00,Quadrant 4,2,2,15,,#00FF00,0,261.34470424213157,3
image_143.png,5,False,112.70016140078705,370.2505023737312,20,#00FF00,Quadrant 3,2,1,15,,#00FF00,0,355.85430762942934,3
image_143.png,5,False,590.9038027294396,361.0224572814502,20,#00FF00,Quadrant 4,2,2,15,,#00FF00,0,153.75998321622828,3
image_143.png,5,False,682.1953856162755,78.9012284072778,20,#00FF00,Quadrant 2,1,2,15,,#00FF00,0,34.577183485107014,3
image_143.png,5,False,686.4106875221047,256.73697021564567,20,#00FF00,Quadrant 4,2,2,15,,#00FF00,0,18.889961557424527,3
image_143.png,5,False,34.421058370582344,102.04334917613662,20,#00FF00,Quadrant 1,1,1,15,,#00FF00,0,145.43783849627047,3
image_143.png,5,False,269.6310604703465,272.4984532494841,20,#00FF00,Quadrant 3,2,1,15,,#00FF00,0,235.00690809094968,3
image_144.png,2,True,606.9131989384924,256.81753397311377,20,#00FF00,Quadrant 4,2,2,1,149,#00FF00,0,279.9830920019936,
image_144.png,5,False,461.0516815087683,149.8481151490339,20,#00FF00,Quadrant 2,1,2,1,,#00FF00,0,99.07777449220464,1
image_145.png,2,True,95.09352693014962,253.45272583368012,20,#00FF00,Quadrant 3,2,1,1,149,#00FF00,0,41.98594830743457,
image_145.png,5,False,165.98024259407393,232.82948558469977,20,#00FF00,Quadrant 3,2,1,1,,#00FF00,0,327.0522420369793,1
image_146.png,2,True,488.97711220795327,46.74112400607707,20,#00FF00,Quadrant 2,1,2,50,149,#00FF00,0,172.61941178546044,
image_146.png,5,False,275.5483560234898,388.9826842669959,20,#00FF00,Quadrant 3,2,1,50,,#00FF00,0,213.4364422052709,5
image_146.png,5,False,216.57234617852058,58.33937336198085,20,#00FF00,Quadrant 1,1,1,50,,#00FF00,0,252.9853143998707,5
image_146.png,5,False,502.78625276847686,336.9155645712836,20,#00FF00,Quadrant 4,2,2,50,,#00FF00,0,117.08243089064497,5
image_146.png,5,False,290.2727248375565,275.8804418255697,20,#00FF00,Quadrant 3,2,1,50,,#00FF00,0,193.5039841127421,5
image_146.png,5,False,574.2318989529548,307.1533820555373,20,#00FF00,Quadrant 4,2,2,50,,#00FF00,0,141.766756178302,5
image_146.png,5,False,55.04891562106359,327.44040917623596,20,#00FF00,Quadrant 3,2,1,50,,#00FF00,0,190.8315579286424,5
image_146.png,5,False,575.1722199645388,257.34285005111815,20,#00FF00,Quadrant 4,2,2,50,,#00FF00,0,194.03344286195696,5
image_146.png,5,False,153.94253811504117,259.9441400713747,20,#00FF00,Quadrant 3,2,1,50,,#00FF00,0,271.26295768526006,5
image_146.png,5,False,604.9203719778485,273.7916062922507,20,#00FF00,Quadrant 4,2,2,50,,#00FF00,0,42.237384207838026,5
image_146.png,5,False,319.1434530880558,129.80391921483817,20,#00FF00,Quadrant 1,1,1,50,,#00FF00,0,1.9166409946965635,5
image_146.png,5,False,407.23082938114106,257.69810914201645,20,#00FF00,Quadrant 4,2,2,50,,#00FF00,0,14.091537940306607,5
image_146.png,5,False,187.90797372645974,295.65998012745376,20,#00FF00,Quadrant 3,2,1,50,,#00FF00,0,31.615534443398058,5
image_146.png,5,False,96.9300957674994,123.86245463360504,20,#00FF00,Quadrant 1,1,1,50,,#00FF00,0,30.45971805434105,5
image_146.png,5,False,129.23460378112162,380.3449713535336,20,#00FF00,Quadrant 3,2,1,50,,#00FF00,0,347.8594195544256,5
image_146.png,5,False,182.10425143028337,28.450847459354396,20,#00FF00,Quadrant 1,1,1,50,,#00FF00,0,236.93737238668504,5
image_146.png,5,False,634.2828446801785,121.9040009912965,20,#00FF00,Quadrant 2,1,2,50,,#00FF00,0,340.4860537275635,5
image_146.png,5,False,107.3601269692349,196.38738787731796,20,#00FF00,Quadrant 1,1,1,50,,#00FF00,0,192.2768634570487,5
image_146.png,5,False,638.5295949307639,387.7893272124251,20,#00FF00,Quadrant 4,2,2,50,,#00FF00,0,112.65697768449671,5
image_146.png,5,False,362.7967485530631,271.03765680957923,20,#00FF00,Quadrant 4,2,2,50,,#00FF00,0,218.22196806785027,5
image_146.png,5,False,41.822795773760525,24.88543275812149,20,#00FF00,Quadrant 1,1,1,50,,#00FF00,0,238.54211878117013,5
image_146.png,5,False,600.8426838791412,92.35049164225062,20,#00FF00,Quadrant 2,1,2,50,,#00FF00,0,51.00023916285722,5
image_146.png,5,False,391.37666182109365,234.69402646814757,20,#00FF00,Quadrant 4,2,2,50,,#00FF00,0,48.31488204577547,5
image_146.png,5,False,513.3529345748832,170.5216744848188,20,#00FF00,Quadrant 2,1,2,50,,#00FF00,0,99.86245875252155,5
image_146.png,5,False,190.60469068622598,256.6126594661433,20,#00FF00,Quadrant 3,2,1,50,,#00FF00,0,197.94549980601855,5
image_146.png,5,False,325.23067905278543,368.1119027888761,20,#00FF00,Quadrant 3,2,1,50,,#00FF00,0,58.79497486368845,5
image_146.png,5,False,658.7973371112428,65.14621314832443,20,#00FF00,Quadrant 2,1,2,50,,#00FF00,0,243.54924137237376,5
image_146.png,5,False,444.7724913791791,112.83308191780597,20,#00FF00,Quadrant 2,1,2,50,,#00FF00,0,73.35464287847947,5
image_146.png,5,False,455.79857459455945,281.0601978649927,20,#00FF00,Quadrant 4,2,2,50,,#00FF00,0,227.92314299083543,5
image_146.png,5,False,457.31429567434003,204.31957392893057,20,#00FF00,Quadrant 4,2,2,50,,#00FF00,0,202.91117635842036,5
image_146.png,5,False,577.0602174830108,130.58420831818665,20,#00FF00,Quadrant 2,1,2,50,,#00FF00,0,59.05550592457598,5
image_146.png,5,False,197.11628592658053,211.89572254997688,20,#00FF00,Quadrant 3,2,1,50,,#00FF00,0,89.0991668992404,5
image_146.png,5,False,291.2722909930795,135.4971386342279,20,#00FF00,Quadrant 1,1,1,50,,#00FF00,0,246.23252896527023,5
image_146.png,5,False,637.4700731619704,305.11081949837234,20,#00FF00,Quadrant 4,2,2,50,,#00FF00,0,32.03069694798449,5
image_146.png,5,False,685.8653121179709,95.00126621963847,20,#00FF00,Quadrant 2,1,2,50,,#00FF00,0,35.260867892028024,5
image_146.png,5,False,550.3034632560842,57.684320199686695,20,#00FF00,Quadrant 2,1,2,50,,#00FF00,0,342.6418298319055,5
image_146.png,5,False,614.2277157918561,233.57662485888412,20,#00FF00,Quadrant 4,2,2,50,,#00FF00,0,189.5312424167832,5
image_146.png,5,False,205.29574259379947,113.45839950161056,20,#00FF00,Quadrant 1,1,1,50,,#00FF00,0,205.97690695184025,5
image_146.png,5,False,44.04670352224237,131.20263533130952,20,#00FF00,Quadrant 1,1,1,50,,#00FF00,0,35.663814863303934,5
image_146.png,5,False,135.4833416329631,315.70012849726015,20,#00FF00,Quadrant 3,2,1,50,,#00FF00,0,270.67424938263594,5
image_146.png,5,False,554.4469562271908,219.53190096292803,20,#00FF00,Quadrant 4,2,2,50,,#00FF00,0,244.01227793455197,5
image_146.png,5,False,288.4267190810876,234.8932269083134,20,#00FF00,Quadrant 3,2,1,50,,#00FF00,0,317.5276114483685,5
image_146.png,5,False,484.10760245357875,280.59816596489924,20,#00FF00,Quadrant 4,2,2,50,,#00FF00,0,93.2619712011448,5
image_146.png,5,False,109.29972817744057,225.5379729866211,20,#00FF00,Quadrant 3,2,1,50,,#00FF00,0,236.72265652934172,5
image_146.png,5,False,643.8062925473889,252.61513920397266,20,#00FF00,Quadrant 4,2,2,50,,#00FF00,0,96.25316544645473,5
image_146.png,5,False,546.7169030505263,267.36535508997537,20,#00FF00,Quadrant 4,2,2,50,,#00FF00,0,133.2542512916093,5
image_146.png,5,False,326.4149613541291,176.9268831074319,20,#00FF00,Quadrant 1,1,1,50,,#00FF00,0,150.56774954828046,5
image_146.png,5,False,221.60077524251255,302.27863581638445,20,#00FF00,Quadrant 3,2,1,50,,#00FF00,0,31.29922256681079,5
image_146.png,5,False,448.29223290650685,39.99003431143046,20,#00FF00,Quadrant 2,1,2,50,,#00FF00,0,304.28841883279836,5
image_146.png,5,False,75.5135560912113,228.46971176342333,20,#00FF00,Quadrant 3,2,1,50,,#00FF00,0,86.41322657579256,5
image_146.png,5,False,207.9512455077177,362.3846446446888,20,#00FF00,Quadrant 3,2,1,50,,#00FF00,0,30.45064350685033,5
image_147.png,2,True,303.12471670266814,203.28193292366603,20,#00FF00,Quadrant 3,2,1,0,149,#00FF00,0,346.37987927662437,
image_148.png,2,True,365.842914574213,388.22677294776315,20,#00FF00,Quadrant 4,2,2,2,149,#00FF00,0,172.6761411071559,
image_148.png,5,False,491.8406655185856,164.2682087365858,20,#00FF00,Quadrant 2,1,2,2,,#00FF00,0,319.70899218073015,1
image_148.png,5,False,638.6007334875526,292.95672454502966,20,#00FF00,Quadrant 4,2,2,2,,#00FF00,0,221.8631785248685,1
