PID,trial,response,rt,accuracy,display,filename,shape_type,colour_type,target_color,distractor_color,quadrant,num_distractors,answer,distractor_bin,bin_group
32,1.0,1,3191.7999999761523,0,Task,image_107.jpg,5.0,2Among5NoColour,blue,blue,Quadrant 2,14.0,2.0,9–16,3
32,2.0,4,1526.0,1,Task,image_17.jpg,2.0,2Among5Colour,blue,red,Quadrant 4,45.0,4.0,33–64,5
32,3.0,3,1677.699999999997,1,Task,image_93.jpg,5.0,2Among5Colour,blue,green,Quadrant 3,82.0,3.0,65–99,6
32,4.0,1,1369.699999988079,1,Task,image_90.jpg,5.0,2Among5Colour,red,blue,Quadrant 1,59.0,1.0,33–64,5
32,5.0,2,1872.300000000003,0,Task,image_69.jpg,2.0,2Among5ConjRed,blue,red,Quadrant 3,82.0,3.0,65–99,6
32,6.0,3,2331.4999999642314,0,Task,image_66.jpg,2.0,2Among5ConjRed,red,blue,Quadrant 1,59.0,1.0,33–64,5
32,7.0,1,2228.299999964249,1,Task,image_57.jpg,2.0,2Among5ConjRed,red,blue,Quadrant 1,9.0,1.0,9–16,3
32,8.0,2,1687.0999999642372,1,Task,image_29.jpg,2.0,2Among5NoColour,green,green,Quadrant 2,5.0,2.0,5–8,2
32,9.0,4,2299.0999999523046,0,Task,image_138.jpg,5.0,2Among5ConjRed,red,blue,Quadrant 1,59.0,1.0,33–64,5
32,10.0,1,2269.7999999999884,1,Task,image_51.jpg,2.0,2Among5ConjRed,red,green,Quadrant 1,3.0,1.0,1–4,1
32,11.0,2,1623.3999999999942,1,Task,image_77.jpg,5.0,2Among5Colour,red,green,Quadrant 2,5.0,2.0,5–8,2
32,12.0,2,2357.099999964237,0,Task,image_140.jpg,5.0,2Among5ConjRed,green,red,Quadrant 4,93.0,4.0,65–99,6
32,13.0,4,1556.3999999642256,1,Task,image_100.jpg,5.0,2Among5NoColour,red,red,Quadrant 4,6.0,4.0,5–8,2
32,14.0,4,2588.3999999880907,1,Task,image_74.jpg,5.0,2Among5Colour,green,red,Quadrant 4,2.0,4.0,1–4,1
32,15.0,2,1577.4999999880674,0,Task,image_44.jpg,2.0,2Among5NoColour,red,red,Quadrant 4,93.0,4.0,65–99,6
32,16.0,4,1374.999999952328,1,Task,image_89.jpg,5.0,2Among5Colour,blue,red,Quadrant 4,45.0,4.0,33–64,5
32,17.0,4,2423.099999964237,1,Task,image_62.jpg,2.0,2Among5ConjRed,green,red,Quadrant 4,25.0,4.0,17–32,4
32,18.0,2,2770.299999988085,1,Task,image_11.jpg,2.0,2Among5Colour,blue,green,Quadrant 2,14.0,2.0,9–16,3
32,19.0,1,1403.4999999642314,1,Task,image_3.jpg,2.0,2Among5Colour,green,blue,Quadrant 1,3.0,1.0,1–4,1
32,20.0,4,968.8999999999942,1,Task,image_86.jpg,5.0,2Among5Colour,red,green,Quadrant 4,25.0,4.0,17–32,4
32,21.0,3,1117.499999952328,1,Task,image_78.jpg,5.0,2Among5Colour,red,blue,Quadrant 3,7.0,3.0,5–8,2
32,22.0,2,1983.4000000000235,0,Task,image_134.jpg,5.0,2Among5ConjRed,green,red,Quadrant 4,25.0,4.0,17–32,4
32,23.0,2,1062.5999999761698,1,Task,image_87.jpg,5.0,2Among5Colour,blue,green,Quadrant 2,26.0,2.0,17–32,4
32,24.0,3,945.899999952322,1,Task,image_120.jpg,5.0,2Among5ConjRed,blue,green,Quadrant 3,1.0,3.0,1–4,1
32,25.0,2,1497.3999999999942,1,Task,image_142.jpg,5.0,2Among5ConjRed,blue,green,Quadrant 2,65.0,2.0,65–99,6
32,26.0,1,1604.2999999642489,1,Task,image_119.jpg,5.0,2Among5NoColour,blue,blue,Quadrant 1,75.0,1.0,65–99,6
32,27.0,1,2393.499999952328,1,Task,image_71.jpg,2.0,2Among5ConjRed,green,blue,Quadrant 1,75.0,1.0,65–99,6
32,28.0,2,1711.5999999523046,1,Task,image_135.jpg,5.0,2Among5ConjRed,green,blue,Quadrant 2,26.0,2.0,17–32,4
32,29.0,1,2215.399999952322,0,Task,image_65.jpg,2.0,2Among5ConjRed,blue,red,Quadrant 4,45.0,4.0,33–64,5
32,30.0,1,1349.9000000000233,0,Task,image_104.jpg,5.0,2Among5NoColour,red,red,Quadrant 4,15.0,4.0,9–16,3
32,31.0,2,1478.2000000000116,0,Task,image_56.jpg,2.0,2Among5ConjRed,green,blue,Quadrant 4,15.0,4.0,9–16,3
32,32.0,3,1049.0999999642372,1,Task,image_13.jpg,2.0,2Among5Colour,green,red,Quadrant 3,20.0,3.0,17–32,4
32,33.0,2,2398.299999988085,0,Task,image_133.jpg,5.0,2Among5ConjRed,red,blue,Quadrant 3,20.0,3.0,17–32,4
32,34.0,3,1292.0999999880733,1,Task,image_54.jpg,2.0,2Among5ConjRed,green,red,Quadrant 3,7.0,3.0,5–8,2
32,35.0,2,1459.7999999642489,0,Task,image_98.jpg,5.0,2Among5NoColour,red,red,Quadrant 4,2.0,4.0,1–4,1
32,36.0,2,1936.7999999999884,1,Task,image_35.jpg,2.0,2Among5NoColour,blue,blue,Quadrant 2,14.0,2.0,9–16,3
32,37.0,1,1199.4999999642314,1,Task,image_132.jpg,5.0,2Among5ConjRed,blue,green,Quadrant 1,23.0,1.0,17–32,4
32,38.0,1,1639.1999999523105,0,Task,image_45.jpg,2.0,2Among5NoColour,green,green,Quadrant 3,82.0,3.0,65–99,6
32,39.0,2,1513.699999964243,1,Task,image_131.jpg,5.0,2Among5ConjRed,blue,red,Quadrant 2,14.0,2.0,9–16,3
32,40.0,4,1564.499999976164,0,Task,image_40.jpg,2.0,2Among5NoColour,red,red,Quadrant 2,34.0,2.0,33–64,5
32,41.0,2,1220.0999999642372,1,Task,image_25.jpg,2.0,2Among5NoColour,blue,blue,Quadrant 2,4.0,2.0,1–4,1
32,42.0,4,2609.59999997617,0,Task,image_96.jpg,5.0,2Among5NoColour,green,green,Quadrant 3,1.0,3.0,1–4,1
32,43.0,1,2461.600000000006,0,Task,image_67.jpg,2.0,2Among5ConjRed,red,green,Quadrant 3,47.0,3.0,33–64,5
32,44.0,3,1408.0999999642372,1,Task,image_0.jpg,2.0,2Among5Colour,red,blue,Quadrant 3,1.0,3.0,1–4,1
32,45.0,2,1359.399999976158,1,Task,image_118.jpg,5.0,2Among5NoColour,red,red,Quadrant 2,65.0,2.0,65–99,6
32,46.0,4,1663.0999999761698,1,Task,image_124.jpg,5.0,2Among5ConjRed,green,blue,Quadrant 4,6.0,4.0,5–8,2
32,47.0,3,1216.5,0,Task,image_50.jpg,2.0,2Among5ConjRed,red,blue,Quadrant 4,2.0,4.0,1–4,1
32,48.0,4,1710.8999999880907,1,Task,image_2.jpg,2.0,2Among5Colour,green,red,Quadrant 4,2.0,4.0,1–4,1
32,49.0,2,2255.2999999999884,0,Task,image_117.jpg,5.0,2Among5NoColour,green,green,Quadrant 3,82.0,3.0,65–99,6
32,50.0,4,1692.7000000000116,1,Task,image_113.jpg,5.0,2Among5NoColour,blue,blue,Quadrant 4,45.0,4.0,33–64,5
32,51.0,1,1558.2999999999884,1,Task,image_127.jpg,5.0,2Among5ConjRed,blue,green,Quadrant 1,8.0,1.0,5–8,2
32,52.0,1,1630.0999999761698,0,Task,image_38.jpg,2.0,2Among5NoColour,red,red,Quadrant 4,25.0,4.0,17–32,4
32,53.0,1,1041.6999999523105,1,Task,image_60.jpg,2.0,2Among5ConjRed,blue,green,Quadrant 1,23.0,1.0,17–32,4
32,54.0,3,1262.499999976164,0,Task,image_36.jpg,2.0,2Among5NoColour,green,green,Quadrant 1,23.0,1.0,17–32,4
32,55.0,3,1227.0999999642372,1,Task,image_72.jpg,5.0,2Among5Colour,red,blue,Quadrant 3,1.0,3.0,1–4,1
32,56.0,1,990.699999964243,1,Task,image_84.jpg,5.0,2Among5Colour,red,blue,Quadrant 1,23.0,1.0,17–32,4
32,57.0,1,1179.3999999642256,1,Task,image_31.jpg,2.0,2Among5NoColour,green,green,Quadrant 1,8.0,1.0,5–8,2
32,58.0,3,1115.5,1,Task,image_91.jpg,5.0,2Among5Colour,green,red,Quadrant 3,47.0,3.0,33–64,5
32,59.0,1,1548.4000000000233,1,Task,image_55.jpg,2.0,2Among5ConjRed,blue,green,Quadrant 1,8.0,1.0,5–8,2
32,60.0,3,1836.5999999642368,0,Task,image_108.jpg,5.0,2Among5NoColour,green,green,Quadrant 1,23.0,1.0,17–32,4
32,61.0,3,1016.7000000000698,1,Task,image_48.jpg,2.0,2Among5ConjRed,blue,green,Quadrant 3,1.0,3.0,1–4,1
32,62.0,2,1541.5999999881024,0,Task,image_34.jpg,2.0,2Among5NoColour,red,red,Quadrant 3,16.0,3.0,9–16,3
32,63.0,1,1110.5999999642372,1,Task,image_75.jpg,5.0,2Among5Colour,green,blue,Quadrant 1,3.0,1.0,1–4,1
32,64.0,2,1855.9000000000235,1,Task,image_63.jpg,2.0,2Among5ConjRed,green,blue,Quadrant 2,26.0,2.0,17–32,4
32,65.0,4,1052.5999999881024,1,Task,image_14.jpg,2.0,2Among5Colour,red,green,Quadrant 4,25.0,4.0,17–32,4
32,66.0,3,1896.2999999761807,1,Task,image_58.jpg,2.0,2Among5ConjRed,red,green,Quadrant 3,16.0,3.0,9–16,3
32,67.0,3,2183.7999999999884,0,Task,image_53.jpg,2.0,2Among5ConjRed,green,red,Quadrant 2,5.0,2.0,5–8,2
32,68.0,3,2304.399999952293,1,Task,image_109.jpg,5.0,2Among5NoColour,blue,blue,Quadrant 3,20.0,3.0,17–32,4
32,69.0,4,1944.899999976158,0,Task,image_85.jpg,5.0,2Among5Colour,green,red,Quadrant 3,20.0,3.0,17–32,4
32,70.0,2,1151.4999999761349,1,Task,image_73.jpg,5.0,2Among5Colour,blue,red,Quadrant 2,4.0,2.0,1–4,1
32,71.0,3,1264.1999999523396,1,Task,image_19.jpg,2.0,2Among5Colour,green,red,Quadrant 3,47.0,3.0,33–64,5
32,72.0,1,1324.1999999523396,0,Task,image_121.jpg,5.0,2Among5ConjRed,blue,red,Quadrant 2,4.0,2.0,1–4,1
32,73.0,3,1426.999999952328,1,Task,image_141.jpg,5.0,2Among5ConjRed,blue,red,Quadrant 3,82.0,3.0,65–99,6
32,74.0,3,1321.1999999523396,1,Task,image_24.jpg,2.0,2Among5NoColour,green,green,Quadrant 3,1.0,3.0,1–4,1
32,75.0,1,1586.1999999761465,0,Task,image_70.jpg,2.0,2Among5ConjRed,blue,green,Quadrant 2,65.0,2.0,65–99,6
32,76.0,1,1887.5999999881024,1,Task,image_105.jpg,5.0,2Among5NoColour,green,green,Quadrant 1,9.0,1.0,9–16,3
32,77.0,4,3042.2999999523163,0,Task,image_42.jpg,2.0,2Among5NoColour,green,green,Quadrant 1,59.0,1.0,33–64,5
32,78.0,3,1790.5999999999767,0,Task,image_122.jpg,5.0,2Among5ConjRed,red,blue,Quadrant 4,2.0,4.0,1–4,1
32,79.0,1,1324.3999999880907,1,Task,image_123.jpg,5.0,2Among5ConjRed,red,green,Quadrant 1,3.0,1.0,1–4,1
32,80.0,1,1125.5,0,Task,image_115.jpg,5.0,2Among5NoColour,blue,blue,Quadrant 3,47.0,3.0,33–64,5
32,81.0,2,1414.0999999523046,1,Task,image_88.jpg,5.0,2Among5Colour,green,blue,Quadrant 2,34.0,2.0,33–64,5
32,82.0,2,2299.299999988056,0,Task,image_68.jpg,2.0,2Among5ConjRed,green,red,Quadrant 4,93.0,4.0,65–99,6
32,83.0,4,1422.0999999642372,1,Task,image_28.jpg,2.0,2Among5NoColour,red,red,Quadrant 4,6.0,4.0,5–8,2
32,84.0,2,2170.19999995234,0,Task,image_106.jpg,5.0,2Among5NoColour,red,red,Quadrant 3,16.0,3.0,9–16,3
32,85.0,4,2351.7999999999884,1,Task,image_8.jpg,2.0,2Among5Colour,blue,red,Quadrant 4,15.0,4.0,9–16,3
32,86.0,3,2159.3999999642256,1,Task,image_61.jpg,2.0,2Among5ConjRed,red,blue,Quadrant 3,20.0,3.0,17–32,4
32,87.0,4,905.199999964214,1,Task,image_4.jpg,2.0,2Among5Colour,blue,green,Quadrant 4,6.0,4.0,5–8,2
32,88.0,2,953.699999964214,1,Task,image_101.jpg,5.0,2Among5NoColour,green,green,Quadrant 2,5.0,2.0,5–8,2
32,89.0,3,1255.399999976158,1,Task,image_6.jpg,2.0,2Among5Colour,red,blue,Quadrant 3,7.0,3.0,5–8,2
32,90.0,1,1108.0,1,Task,image_95.jpg,5.0,2Among5Colour,red,green,Quadrant 1,75.0,1.0,65–99,6
32,91.0,1,868.9999999880674,1,Task,image_18.jpg,2.0,2Among5Colour,red,blue,Quadrant 1,59.0,1.0,33–64,5
32,92.0,4,1736.199999988079,0,Task,image_39.jpg,2.0,2Among5NoColour,green,green,Quadrant 2,26.0,2.0,17–32,4
32,93.0,1,1383.3000000000466,1,Task,image_103.jpg,5.0,2Among5NoColour,green,green,Quadrant 1,8.0,1.0,5–8,2
32,94.0,2,1349.4000000000233,1,Task,image_16.jpg,2.0,2Among5Colour,green,blue,Quadrant 2,34.0,2.0,33–64,5
32,95.0,4,1262.399999976158,1,Task,image_52.jpg,2.0,2Among5ConjRed,green,blue,Quadrant 4,6.0,4.0,5–8,2
32,96.0,1,1075.5999999999767,0,Task,image_32.jpg,2.0,2Among5NoColour,red,red,Quadrant 4,15.0,4.0,9–16,3
32,97.0,2,1108.7000000000116,1,Task,image_1.jpg,2.0,2Among5Colour,blue,red,Quadrant 2,4.0,2.0,1–4,1
32,98.0,4,1303.0999999999767,0,Task,image_112.jpg,5.0,2Among5NoColour,red,red,Quadrant 2,34.0,2.0,33–64,5
32,99.0,1,992.5999999999768,1,Task,image_23.jpg,2.0,2Among5Colour,red,green,Quadrant 1,75.0,1.0,65–99,6
32,100.0,3,632.2000000000116,1,Task,image_21.jpg,2.0,2Among5Colour,blue,green,Quadrant 3,82.0,3.0,65–99,6
32,101.0,3,1131.4000000000233,1,Task,image_10.jpg,2.0,2Among5Colour,red,green,Quadrant 3,16.0,3.0,9–16,3
32,102.0,1,1955.69999995234,0,Task,image_43.jpg,2.0,2Among5NoColour,blue,blue,Quadrant 3,47.0,3.0,33–64,5
32,103.0,2,2331.5999999999767,1,Task,image_64.jpg,2.0,2Among5ConjRed,red,green,Quadrant 2,34.0,2.0,33–64,5
32,104.0,3,2075.9999999642605,1,Task,image_37.jpg,2.0,2Among5NoColour,blue,blue,Quadrant 3,20.0,3.0,17–32,4
32,105.0,1,1053.0999999999767,1,Task,image_12.jpg,2.0,2Among5Colour,red,blue,Quadrant 1,23.0,1.0,17–32,4
32,106.0,1,1041.699999988079,1,Task,image_9.jpg,2.0,2Among5Colour,green,blue,Quadrant 1,9.0,1.0,9–16,3
32,107.0,4,1036.7999999642489,1,Task,image_92.jpg,5.0,2Among5Colour,blue,red,Quadrant 4,93.0,4.0,65–99,6
32,108.0,3,1098.2000000000116,1,Task,image_82.jpg,5.0,2Among5Colour,red,green,Quadrant 3,16.0,3.0,9–16,3
32,109.0,2,899.9999999999418,1,Task,image_22.jpg,2.0,2Among5Colour,green,blue,Quadrant 2,65.0,2.0,65–99,6
32,110.0,2,1477.0999999523046,1,Task,image_94.jpg,5.0,2Among5Colour,green,blue,Quadrant 2,65.0,2.0,65–99,6
32,111.0,1,2008.7999999999884,1,Task,image_79.jpg,5.0,2Among5Colour,green,red,Quadrant 1,8.0,1.0,5–8,2
32,112.0,1,4710.400000000023,0,Task,image_130.jpg,5.0,2Among5ConjRed,red,green,Quadrant 3,16.0,3.0,9–16,3
32,113.0,2,1703.9999999761349,0,Task,image_116.jpg,5.0,2Among5NoColour,red,red,Quadrant 4,93.0,4.0,65–99,6
32,114.0,2,1346.0,1,Task,image_46.jpg,2.0,2Among5NoColour,red,red,Quadrant 2,65.0,2.0,65–99,6
32,115.0,1,1850.2999999999304,1,Task,image_81.jpg,5.0,2Among5Colour,green,blue,Quadrant 1,9.0,1.0,9–16,3
32,116.0,1,2062.299999964249,0,Task,image_76.jpg,5.0,2Among5Colour,blue,green,Quadrant 4,6.0,4.0,5–8,2
32,117.0,4,2161.09999997617,1,Task,image_41.jpg,2.0,2Among5NoColour,blue,blue,Quadrant 4,45.0,4.0,33–64,5
32,118.0,2,2712.799999988056,1,Task,image_59.jpg,2.0,2Among5ConjRed,blue,red,Quadrant 2,14.0,2.0,9–16,3
32,119.0,4,1833.0999999999767,0,Task,image_33.jpg,2.0,2Among5NoColour,green,green,Quadrant 1,9.0,1.0,9–16,3
32,120.0,1,1743.0999999881024,0,Task,image_30.jpg,2.0,2Among5NoColour,blue,blue,Quadrant 3,7.0,3.0,5–8,2
32,121.0,4,1279.0999999881024,1,Task,image_20.jpg,2.0,2Among5Colour,blue,red,Quadrant 4,93.0,4.0,65–99,6
32,122.0,2,1265.5999999761698,1,Task,image_97.jpg,5.0,2Among5NoColour,blue,blue,Quadrant 2,4.0,2.0,1–4,1
32,123.0,2,1525.699999988079,0,Task,image_128.jpg,5.0,2Among5ConjRed,green,blue,Quadrant 4,15.0,4.0,9–16,3
32,124.0,1,750.0000000000582,1,Task,image_7.jpg,2.0,2Among5Colour,green,red,Quadrant 1,8.0,1.0,5–8,2
32,125.0,1,1366.0,1,Task,image_129.jpg,5.0,2Among5ConjRed,red,blue,Quadrant 1,9.0,1.0,9–16,3
32,126.0,3,1525.4999999642605,1,Task,image_126.jpg,5.0,2Among5ConjRed,green,red,Quadrant 3,7.0,3.0,5–8,2
32,127.0,1,1686.2999999642489,1,Task,image_143.jpg,5.0,2Among5ConjRed,green,blue,Quadrant 1,75.0,1.0,65–99,6
32,128.0,4,1775.7000000000116,0,Task,image_111.jpg,5.0,2Among5NoColour,green,green,Quadrant 2,26.0,2.0,17–32,4
32,129.0,4,1447.199999988079,1,Task,image_80.jpg,5.0,2Among5Colour,blue,red,Quadrant 4,15.0,4.0,9–16,3
32,130.0,2,827.4999999761349,0,Task,image_99.jpg,5.0,2Among5NoColour,blue,blue,Quadrant 1,3.0,1.0,1–4,1
32,131.0,2,783.2999999999884,0,Task,image_26.jpg,2.0,2Among5NoColour,red,red,Quadrant 4,2.0,4.0,1–4,1
32,132.0,2,1254.2999999761814,1,Task,image_136.jpg,5.0,2Among5ConjRed,red,green,Quadrant 2,34.0,2.0,33–64,5
32,133.0,1,2024.4999999642605,0,Task,image_137.jpg,5.0,2Among5ConjRed,blue,red,Quadrant 4,45.0,4.0,33–64,5
32,134.0,2,3382.599999964237,1,Task,image_125.jpg,5.0,2Among5ConjRed,green,red,Quadrant 2,5.0,2.0,5–8,2
32,135.0,1,1229.5999999999767,0,Task,image_110.jpg,5.0,2Among5NoColour,red,red,Quadrant 4,25.0,4.0,17–32,4
32,136.0,2,1226.3999999642256,1,Task,image_83.jpg,5.0,2Among5Colour,blue,green,Quadrant 2,14.0,2.0,9–16,3
32,137.0,1,1168.499999952328,1,Task,image_47.jpg,2.0,2Among5NoColour,blue,blue,Quadrant 1,75.0,1.0,65–99,6
32,138.0,1,2125.5999999523046,0,Task,image_139.jpg,5.0,2Among5ConjRed,red,green,Quadrant 3,47.0,3.0,33–64,5
32,139.0,2,1213.399999952293,1,Task,image_5.jpg,2.0,2Among5Colour,red,green,Quadrant 2,5.0,2.0,5–8,2
32,140.0,1,2324.399999952293,0,Task,image_49.jpg,2.0,2Among5ConjRed,blue,red,Quadrant 2,4.0,2.0,1–4,1
32,141.0,2,2947.4999999642605,0,Task,image_102.jpg,5.0,2Among5NoColour,blue,blue,Quadrant 3,7.0,3.0,5–8,2
32,142.0,1,1102.4999999642605,1,Task,image_114.jpg,5.0,2Among5NoColour,green,green,Quadrant 1,59.0,1.0,33–64,5
32,143.0,2,1070.7999999642489,1,Task,image_15.jpg,2.0,2Among5Colour,blue,green,Quadrant 2,26.0,2.0,17–32,4
32,144.0,2,1625.0999999999767,0,Task,image_27.jpg,2.0,2Among5NoColour,blue,blue,Quadrant 1,3.0,1.0,1–4,1
8,1.0,2,1417.6000000119238,0,Task,image_50.jpg,2.0,2Among5ConjRed,red,blue,Quadrant 4,2.0,4.0,1–4,1
8,2.0,4,956.7000000119152,1,Task,image_20.jpg,2.0,2Among5Colour,blue,red,Quadrant 4,93.0,4.0,65–99,6
8,3.0,3,894.1000000119093,1,Task,image_82.jpg,5.0,2Among5Colour,red,green,Quadrant 3,16.0,3.0,9–16,3
8,4.0,3,7531.799999964249,0,Task,image_65.jpg,2.0,2Among5ConjRed,blue,red,Quadrant 4,45.0,4.0,33–64,5
8,5.0,1,1311.299999988085,1,Task,image_132.jpg,5.0,2Among5ConjRed,blue,green,Quadrant 1,23.0,1.0,17–32,4
8,6.0,2,2176.5,0,Task,image_28.jpg,2.0,2Among5NoColour,red,red,Quadrant 4,6.0,4.0,5–8,2
8,7.0,2,2033.499999999971,0,Task,image_9.jpg,2.0,2Among5Colour,green,blue,Quadrant 1,9.0,1.0,9–16,3
8,8.0,3,1996.700000011915,0,Task,image_86.jpg,5.0,2Among5Colour,red,green,Quadrant 4,25.0,4.0,17–32,4
8,9.0,4,2594.999999988067,1,Task,image_4.jpg,2.0,2Among5Colour,blue,green,Quadrant 4,6.0,4.0,5–8,2
8,10.0,1,2073.199999988079,0,Task,image_98.jpg,5.0,2Among5NoColour,red,red,Quadrant 4,2.0,4.0,1–4,1
8,11.0,1,2206.399999976158,0,Task,image_134.jpg,5.0,2Among5ConjRed,green,red,Quadrant 4,25.0,4.0,17–32,4
8,12.0,3,2948.1000000119093,1,Task,image_141.jpg,5.0,2Among5ConjRed,blue,red,Quadrant 3,82.0,3.0,65–99,6
8,13.0,4,1609.799999988085,1,Task,image_92.jpg,5.0,2Among5Colour,blue,red,Quadrant 4,93.0,4.0,65–99,6
8,14.0,2,2215.0999999880733,0,Task,image_62.jpg,2.0,2Among5ConjRed,green,red,Quadrant 4,25.0,4.0,17–32,4
8,15.0,2,2476.5,1,Task,image_142.jpg,5.0,2Among5ConjRed,blue,green,Quadrant 2,65.0,2.0,65–99,6
8,16.0,3,2439.1999999761465,0,Task,image_138.jpg,5.0,2Among5ConjRed,red,blue,Quadrant 1,59.0,1.0,33–64,5
8,17.0,3,1116.6999999761465,1,Task,image_13.jpg,2.0,2Among5Colour,green,red,Quadrant 3,20.0,3.0,17–32,4
8,18.0,2,1112.5999999642372,0,Task,image_99.jpg,5.0,2Among5NoColour,blue,blue,Quadrant 1,3.0,1.0,1–4,1
8,19.0,4,1386.5000000119326,1,Task,image_2.jpg,2.0,2Among5Colour,green,red,Quadrant 4,2.0,4.0,1–4,1
8,20.0,2,2002.199999988079,0,Task,image_44.jpg,2.0,2Among5NoColour,red,red,Quadrant 4,93.0,4.0,65–99,6
8,21.0,2,1630.0000000119326,1,Task,image_29.jpg,2.0,2Among5NoColour,green,green,Quadrant 2,5.0,2.0,5–8,2
8,22.0,1,2600.2000000000407,0,Task,image_136.jpg,5.0,2Among5ConjRed,red,green,Quadrant 2,34.0,2.0,33–64,5
8,23.0,2,2352.0999999880733,1,Task,image_131.jpg,5.0,2Among5ConjRed,blue,red,Quadrant 2,14.0,2.0,9–16,3
8,24.0,4,1537.7999999642489,1,Task,image_76.jpg,5.0,2Among5Colour,blue,green,Quadrant 4,6.0,4.0,5–8,2
8,25.0,4,1692.1000000000058,0,Task,image_33.jpg,2.0,2Among5NoColour,green,green,Quadrant 1,9.0,1.0,9–16,3
8,26.0,2,1226.4000000119267,0,Task,image_143.jpg,5.0,2Among5ConjRed,green,blue,Quadrant 1,75.0,1.0,65–99,6
8,27.0,3,2155.4999999642314,0,Task,image_51.jpg,2.0,2Among5ConjRed,red,green,Quadrant 1,3.0,1.0,1–4,1
8,28.0,2,1144.999999976164,1,Task,image_87.jpg,5.0,2Among5Colour,blue,green,Quadrant 2,26.0,2.0,17–32,4
8,29.0,2,2865.2999999761523,1,Task,image_70.jpg,2.0,2Among5ConjRed,blue,green,Quadrant 2,65.0,2.0,65–99,6
8,30.0,2,2185.9999999642314,0,Task,image_122.jpg,5.0,2Among5ConjRed,red,blue,Quadrant 4,2.0,4.0,1–4,1
8,31.0,2,2933.7999999999884,0,Task,image_42.jpg,2.0,2Among5NoColour,green,green,Quadrant 1,59.0,1.0,33–64,5
8,32.0,2,1308.899999976158,1,Task,image_73.jpg,5.0,2Among5Colour,blue,red,Quadrant 2,4.0,2.0,1–4,1
8,33.0,2,1617.699999964243,1,Task,image_46.jpg,2.0,2Among5NoColour,red,red,Quadrant 2,65.0,2.0,65–99,6
8,34.0,3,1956.8999999880907,1,Task,image_139.jpg,5.0,2Among5ConjRed,red,green,Quadrant 3,47.0,3.0,33–64,5
8,35.0,3,2206.7999999761523,1,Task,image_0.jpg,2.0,2Among5Colour,red,blue,Quadrant 3,1.0,3.0,1–4,1
8,36.0,3,1639.999999976164,1,Task,image_120.jpg,5.0,2Among5ConjRed,blue,green,Quadrant 3,1.0,3.0,1–4,1
8,37.0,3,2880.1999999761465,1,Task,image_45.jpg,2.0,2Among5NoColour,green,green,Quadrant 3,82.0,3.0,65–99,6
8,38.0,1,2393.9999999642314,1,Task,image_57.jpg,2.0,2Among5ConjRed,red,blue,Quadrant 1,9.0,1.0,9–16,3
8,39.0,2,1316.4999999880674,1,Task,image_77.jpg,5.0,2Among5Colour,red,green,Quadrant 2,5.0,2.0,5–8,2
8,40.0,4,911.2999999761524,1,Task,image_14.jpg,2.0,2Among5Colour,red,green,Quadrant 4,25.0,4.0,17–32,4
8,41.0,3,981.1000000000058,1,Task,image_21.jpg,2.0,2Among5Colour,blue,green,Quadrant 3,82.0,3.0,65–99,6
8,42.0,3,1725.5999999880733,1,Task,image_58.jpg,2.0,2Among5ConjRed,red,green,Quadrant 3,16.0,3.0,9–16,3
8,43.0,1,1498.0999999642372,0,Task,image_115.jpg,5.0,2Among5NoColour,blue,blue,Quadrant 3,47.0,3.0,33–64,5
8,44.0,3,2326.4999999642314,0,Task,image_125.jpg,5.0,2Among5ConjRed,green,red,Quadrant 2,5.0,2.0,5–8,2
8,45.0,3,1540.5999999642372,1,Task,image_78.jpg,5.0,2Among5Colour,red,blue,Quadrant 3,7.0,3.0,5–8,2
8,46.0,1,1996.5999999880733,1,Task,image_114.jpg,5.0,2Among5NoColour,green,green,Quadrant 1,59.0,1.0,33–64,5
8,47.0,3,1480.0999999642372,1,Task,image_126.jpg,5.0,2Among5ConjRed,green,red,Quadrant 3,7.0,3.0,5–8,2
8,48.0,1,1525.1999999761465,1,Task,image_129.jpg,5.0,2Among5ConjRed,red,blue,Quadrant 1,9.0,1.0,9–16,3
8,49.0,2,1445.4000000118976,1,Task,image_25.jpg,2.0,2Among5NoColour,blue,blue,Quadrant 2,4.0,2.0,1–4,1
8,50.0,1,1147.2999999642489,1,Task,image_79.jpg,5.0,2Among5Colour,green,red,Quadrant 1,8.0,1.0,5–8,2
8,51.0,4,1213.300000011921,0,Task,image_40.jpg,2.0,2Among5NoColour,red,red,Quadrant 2,34.0,2.0,33–64,5
8,52.0,3,1235.9000000118976,1,Task,image_10.jpg,2.0,2Among5Colour,red,green,Quadrant 3,16.0,3.0,9–16,3
8,53.0,2,1323.899999976158,0,Task,image_30.jpg,2.0,2Among5NoColour,blue,blue,Quadrant 3,7.0,3.0,5–8,2
8,54.0,2,1528.2999999642489,1,Task,image_135.jpg,5.0,2Among5ConjRed,green,blue,Quadrant 2,26.0,2.0,17–32,4
8,55.0,2,1381.2999999880558,1,Task,image_118.jpg,5.0,2Among5NoColour,red,red,Quadrant 2,65.0,2.0,65–99,6
8,56.0,2,1257.4999999880674,1,Task,image_94.jpg,5.0,2Among5Colour,green,blue,Quadrant 2,65.0,2.0,65–99,6
8,57.0,2,2090.2999999999884,1,Task,image_59.jpg,2.0,2Among5ConjRed,blue,red,Quadrant 2,14.0,2.0,9–16,3
8,58.0,3,2157.4999999642605,0,Task,image_71.jpg,2.0,2Among5ConjRed,green,blue,Quadrant 1,75.0,1.0,65–99,6
8,59.0,2,830.0,0,Task,image_123.jpg,5.0,2Among5ConjRed,red,green,Quadrant 1,3.0,1.0,1–4,1
8,60.0,2,1084.5000000119326,1,Task,image_11.jpg,2.0,2Among5Colour,blue,green,Quadrant 2,14.0,2.0,9–16,3
8,61.0,1,975.5999999761698,1,Task,image_18.jpg,2.0,2Among5Colour,red,blue,Quadrant 1,59.0,1.0,33–64,5
8,62.0,1,806.7000000000116,1,Task,image_23.jpg,2.0,2Among5Colour,red,green,Quadrant 1,75.0,1.0,65–99,6
8,63.0,2,1469.3999999880907,0,Task,image_56.jpg,2.0,2Among5ConjRed,green,blue,Quadrant 4,15.0,4.0,9–16,3
8,64.0,4,1768.4999999642605,1,Task,image_124.jpg,5.0,2Among5ConjRed,green,blue,Quadrant 4,6.0,4.0,5–8,2
8,65.0,4,1522.5000000119326,1,Task,image_52.jpg,2.0,2Among5ConjRed,green,blue,Quadrant 4,6.0,4.0,5–8,2
8,66.0,2,1160.9000000000233,1,Task,image_16.jpg,2.0,2Among5Colour,green,blue,Quadrant 2,34.0,2.0,33–64,5
8,67.0,1,1146.4000000000233,1,Task,image_47.jpg,2.0,2Among5NoColour,blue,blue,Quadrant 1,75.0,1.0,65–99,6
8,68.0,2,1182.7000000119442,0,Task,image_26.jpg,2.0,2Among5NoColour,red,red,Quadrant 4,2.0,4.0,1–4,1
8,69.0,3,1110.9999999880674,1,Task,image_48.jpg,2.0,2Among5ConjRed,blue,green,Quadrant 3,1.0,3.0,1–4,1
8,70.0,1,1547.7999999880558,1,Task,image_127.jpg,5.0,2Among5ConjRed,blue,green,Quadrant 1,8.0,1.0,5–8,2
8,71.0,1,1199.0,1,Task,image_90.jpg,5.0,2Among5Colour,red,blue,Quadrant 1,59.0,1.0,33–64,5
8,72.0,1,1790.199999964214,0,Task,image_64.jpg,2.0,2Among5ConjRed,red,green,Quadrant 2,34.0,2.0,33–64,5
8,73.0,3,1416.699999964214,1,Task,image_72.jpg,5.0,2Among5Colour,red,blue,Quadrant 3,1.0,3.0,1–4,1
8,74.0,2,1011.1999999761464,0,Task,image_34.jpg,2.0,2Among5NoColour,red,red,Quadrant 3,16.0,3.0,9–16,3
8,75.0,1,1502.0999999999767,0,Task,image_107.jpg,5.0,2Among5NoColour,blue,blue,Quadrant 2,14.0,2.0,9–16,3
8,76.0,3,1231.1000000119093,0,Task,image_108.jpg,5.0,2Among5NoColour,green,green,Quadrant 1,23.0,1.0,17–32,4
8,77.0,3,1960.5999999761696,0,Task,image_66.jpg,2.0,2Among5ConjRed,red,blue,Quadrant 1,59.0,1.0,33–64,5
8,78.0,1,1072.4000000000233,0,Task,image_38.jpg,2.0,2Among5NoColour,red,red,Quadrant 4,25.0,4.0,17–32,4
8,79.0,2,1136.2999999880558,1,Task,image_88.jpg,5.0,2Among5Colour,green,blue,Quadrant 2,34.0,2.0,33–64,5
8,80.0,3,1636.300000011921,0,Task,image_39.jpg,2.0,2Among5NoColour,green,green,Quadrant 2,26.0,2.0,17–32,4
8,81.0,2,1362.9999999880674,1,Task,image_22.jpg,2.0,2Among5Colour,green,blue,Quadrant 2,65.0,2.0,65–99,6
8,82.0,3,1021.699999964214,1,Task,image_54.jpg,2.0,2Among5ConjRed,green,red,Quadrant 3,7.0,3.0,5–8,2
8,83.0,2,1472.0999999642372,0,Task,image_100.jpg,5.0,2Among5NoColour,red,red,Quadrant 4,6.0,4.0,5–8,2
8,84.0,2,1946.699999988079,0,Task,image_128.jpg,5.0,2Among5ConjRed,green,blue,Quadrant 4,15.0,4.0,9–16,3
8,85.0,1,1065.4000000000233,0,Task,image_104.jpg,5.0,2Among5NoColour,red,red,Quadrant 4,15.0,4.0,9–16,3
8,86.0,2,1961.5000000119328,1,Task,image_111.jpg,5.0,2Among5NoColour,green,green,Quadrant 2,26.0,2.0,17–32,4
8,87.0,3,1522.4999999880674,0,Task,image_113.jpg,5.0,2Among5NoColour,blue,blue,Quadrant 4,45.0,4.0,33–64,5
8,88.0,2,1645.3999999642256,1,Task,image_121.jpg,5.0,2Among5ConjRed,blue,red,Quadrant 2,4.0,2.0,1–4,1
8,89.0,1,1250.3999999880907,1,Task,image_12.jpg,2.0,2Among5Colour,red,blue,Quadrant 1,23.0,1.0,17–32,4
8,90.0,3,1264.7000000119442,1,Task,image_24.jpg,2.0,2Among5NoColour,green,green,Quadrant 3,1.0,3.0,1–4,1
8,91.0,1,2077.3999999880907,0,Task,image_67.jpg,2.0,2Among5ConjRed,red,green,Quadrant 3,47.0,3.0,33–64,5
8,92.0,3,1312.4999999642605,0,Task,image_36.jpg,2.0,2Among5NoColour,green,green,Quadrant 1,23.0,1.0,17–32,4
8,93.0,3,1640.4000000118976,1,Task,image_85.jpg,5.0,2Among5Colour,green,red,Quadrant 3,20.0,3.0,17–32,4
8,94.0,2,2109.5999999881024,1,Task,image_49.jpg,2.0,2Among5ConjRed,blue,red,Quadrant 2,4.0,2.0,1–4,1
8,95.0,4,1593.9999999642605,1,Task,image_80.jpg,5.0,2Among5Colour,blue,red,Quadrant 4,15.0,4.0,9–16,3
8,96.0,2,1116.9000000000233,1,Task,image_83.jpg,5.0,2Among5Colour,blue,green,Quadrant 2,14.0,2.0,9–16,3
8,97.0,1,1337.899999976158,1,Task,image_119.jpg,5.0,2Among5NoColour,blue,blue,Quadrant 1,75.0,1.0,65–99,6
8,98.0,1,1921.300000011921,0,Task,image_140.jpg,5.0,2Among5ConjRed,green,red,Quadrant 4,93.0,4.0,65–99,6
8,99.0,3,1023.399999976158,1,Task,image_6.jpg,2.0,2Among5Colour,red,blue,Quadrant 3,7.0,3.0,5–8,2
8,100.0,3,1459.7999999880558,0,Task,image_53.jpg,2.0,2Among5ConjRed,green,red,Quadrant 2,5.0,2.0,5–8,2
8,101.0,2,1594.9000000000233,0,Task,image_106.jpg,5.0,2Among5NoColour,red,red,Quadrant 3,16.0,3.0,9–16,3
8,102.0,3,1855.4999999642605,0,Task,image_137.jpg,5.0,2Among5ConjRed,blue,red,Quadrant 4,45.0,4.0,33–64,5
8,103.0,1,1927.1999999761465,1,Task,image_55.jpg,2.0,2Among5ConjRed,blue,green,Quadrant 1,8.0,1.0,5–8,2
8,104.0,1,1047.4999999880674,1,Task,image_75.jpg,5.0,2Among5Colour,green,blue,Quadrant 1,3.0,1.0,1–4,1
8,105.0,4,1325.9999999761349,1,Task,image_74.jpg,5.0,2Among5Colour,green,red,Quadrant 4,2.0,4.0,1–4,1
8,106.0,1,1374.699999988079,1,Task,image_31.jpg,2.0,2Among5NoColour,green,green,Quadrant 1,8.0,1.0,5–8,2
8,107.0,4,1031.0999999642372,1,Task,image_8.jpg,2.0,2Among5Colour,blue,red,Quadrant 4,15.0,4.0,9–16,3
8,108.0,1,1877.5999999999767,0,Task,image_117.jpg,5.0,2Among5NoColour,green,green,Quadrant 3,82.0,3.0,65–99,6
8,109.0,3,1370.9999999761349,1,Task,image_96.jpg,5.0,2Among5NoColour,green,green,Quadrant 3,1.0,3.0,1–4,1
8,110.0,3,1300.0000000000582,1,Task,image_91.jpg,5.0,2Among5Colour,green,red,Quadrant 3,47.0,3.0,33–64,5
8,111.0,2,951.5,1,Task,image_101.jpg,5.0,2Among5NoColour,green,green,Quadrant 2,5.0,2.0,5–8,2
8,112.0,2,918.4000000118976,1,Task,image_5.jpg,2.0,2Among5Colour,red,green,Quadrant 2,5.0,2.0,5–8,2
8,113.0,2,1327.7000000119442,0,Task,image_102.jpg,5.0,2Among5NoColour,blue,blue,Quadrant 3,7.0,3.0,5–8,2
8,114.0,1,818.7999999880558,1,Task,image_3.jpg,2.0,2Among5Colour,green,blue,Quadrant 1,3.0,1.0,1–4,1
8,115.0,3,1616.8999999642256,1,Task,image_61.jpg,2.0,2Among5ConjRed,red,blue,Quadrant 3,20.0,3.0,17–32,4
8,116.0,2,991.7000000119442,1,Task,image_15.jpg,2.0,2Among5Colour,blue,green,Quadrant 2,26.0,2.0,17–32,4
8,117.0,3,1490.8999999642256,1,Task,image_109.jpg,5.0,2Among5NoColour,blue,blue,Quadrant 3,20.0,3.0,17–32,4
8,118.0,2,2296.300000011921,0,Task,image_68.jpg,2.0,2Among5ConjRed,green,red,Quadrant 4,93.0,4.0,65–99,6
8,119.0,2,2090.0,1,Task,image_63.jpg,2.0,2Among5ConjRed,green,blue,Quadrant 2,26.0,2.0,17–32,4
8,120.0,1,1572.3999999642256,1,Task,image_60.jpg,2.0,2Among5ConjRed,blue,green,Quadrant 1,23.0,1.0,17–32,4
8,121.0,3,1336.7999999642489,0,Task,image_41.jpg,2.0,2Among5NoColour,blue,blue,Quadrant 4,45.0,4.0,33–64,5
8,122.0,3,1656.6999999761465,0,Task,image_116.jpg,5.0,2Among5NoColour,red,red,Quadrant 4,93.0,4.0,65–99,6
8,123.0,4,1616.899999976158,0,Task,image_105.jpg,5.0,2Among5NoColour,green,green,Quadrant 1,9.0,1.0,9–16,3
8,124.0,2,941.9999999761347,0,Task,image_27.jpg,2.0,2Among5NoColour,blue,blue,Quadrant 1,3.0,1.0,1–4,1
8,125.0,1,1388.800000011921,1,Task,image_84.jpg,5.0,2Among5Colour,red,blue,Quadrant 1,23.0,1.0,17–32,4
8,126.0,3,1833.600000000035,1,Task,image_93.jpg,5.0,2Among5Colour,blue,green,Quadrant 3,82.0,3.0,65–99,6
8,127.0,1,1002.1999999880792,0,Task,image_32.jpg,2.0,2Among5NoColour,red,red,Quadrant 4,15.0,4.0,9–16,3
8,128.0,2,2075.9999999642605,0,Task,image_133.jpg,5.0,2Among5ConjRed,red,blue,Quadrant 3,20.0,3.0,17–32,4
8,129.0,1,983.3000000000466,1,Task,image_7.jpg,2.0,2Among5Colour,green,red,Quadrant 1,8.0,1.0,5–8,2
8,130.0,4,1059.4999999880674,1,Task,image_89.jpg,5.0,2Among5Colour,blue,red,Quadrant 4,45.0,4.0,33–64,5
8,131.0,4,896.5999999999767,1,Task,image_17.jpg,2.0,2Among5Colour,blue,red,Quadrant 4,45.0,4.0,33–64,5
8,132.0,3,1506.9000000000233,1,Task,image_37.jpg,2.0,2Among5NoColour,blue,blue,Quadrant 3,20.0,3.0,17–32,4
8,133.0,1,1423.5999999999767,0,Task,image_43.jpg,2.0,2Among5NoColour,blue,blue,Quadrant 3,47.0,3.0,33–64,5
8,134.0,2,928.5000000119326,1,Task,image_1.jpg,2.0,2Among5Colour,blue,red,Quadrant 2,4.0,2.0,1–4,1
8,135.0,1,966.5999999761698,1,Task,image_95.jpg,5.0,2Among5Colour,red,green,Quadrant 1,75.0,1.0,65–99,6
8,136.0,2,1259.4999999642605,1,Task,image_35.jpg,2.0,2Among5NoColour,blue,blue,Quadrant 2,14.0,2.0,9–16,3
8,137.0,1,1506.3999999880907,0,Task,image_110.jpg,5.0,2Among5NoColour,red,red,Quadrant 4,25.0,4.0,17–32,4
8,138.0,1,1631.2999999761814,1,Task,image_103.jpg,5.0,2Among5NoColour,green,green,Quadrant 1,8.0,1.0,5–8,2
8,139.0,2,764.5999999642372,1,Task,image_97.jpg,5.0,2Among5NoColour,blue,blue,Quadrant 2,4.0,2.0,1–4,1
8,140.0,1,1106.9999999880674,1,Task,image_81.jpg,5.0,2Among5Colour,green,blue,Quadrant 1,9.0,1.0,9–16,3
8,141.0,3,1772.2999999761814,1,Task,image_130.jpg,5.0,2Among5ConjRed,red,green,Quadrant 3,16.0,3.0,9–16,3
8,142.0,1,2377.200000011944,0,Task,image_69.jpg,2.0,2Among5ConjRed,blue,red,Quadrant 3,82.0,3.0,65–99,6
8,143.0,4,1077.5999999881024,0,Task,image_112.jpg,5.0,2Among5NoColour,red,red,Quadrant 2,34.0,2.0,33–64,5
8,144.0,3,1498.5999999999767,1,Task,image_19.jpg,2.0,2Among5Colour,green,red,Quadrant 3,47.0,3.0,33–64,5
21,1.0,2,3747.720000000001,0,Task,image_52.jpg,2.0,2Among5ConjRed,green,blue,Quadrant 4,6.0,4.0,5–8,2
21,2.0,4,2587.7599999999948,0,Task,image_53.jpg,2.0,2Among5ConjRed,green,red,Quadrant 2,5.0,2.0,5–8,2
21,3.0,1,3525.7599999999948,0,Task,image_133.jpg,5.0,2Among5ConjRed,red,blue,Quadrant 3,20.0,3.0,17–32,4
21,4.0,1,1881.5,1,Task,image_9.jpg,2.0,2Among5Colour,green,blue,Quadrant 1,9.0,1.0,9–16,3
21,5.0,4,2663.179999999993,0,Task,image_143.jpg,5.0,2Among5ConjRed,green,blue,Quadrant 1,75.0,1.0,65–99,6
21,6.0,2,2619.5399999999936,1,Task,image_121.jpg,5.0,2Among5ConjRed,blue,red,Quadrant 2,4.0,2.0,1–4,1
21,7.0,2,3370.220000000001,0,Task,image_128.jpg,5.0,2Among5ConjRed,green,blue,Quadrant 4,15.0,4.0,9–16,3
21,8.0,1,1881.9199999999985,0,Task,image_96.jpg,5.0,2Among5NoColour,green,green,Quadrant 3,1.0,3.0,1–4,1
21,9.0,2,1927.619999999996,1,Task,image_73.jpg,5.0,2Among5Colour,blue,red,Quadrant 2,4.0,2.0,1–4,1
21,10.0,3,3441.300000000003,0,Task,image_119.jpg,5.0,2Among5NoColour,blue,blue,Quadrant 1,75.0,1.0,65–99,6
21,11.0,2,3057.320000000007,0,Task,image_115.jpg,5.0,2Among5NoColour,blue,blue,Quadrant 3,47.0,3.0,33–64,5
21,12.0,2,1822.679999999993,1,Task,image_142.jpg,5.0,2Among5ConjRed,blue,green,Quadrant 2,65.0,2.0,65–99,6
21,13.0,3,1840.3800000000049,1,Task,image_19.jpg,2.0,2Among5Colour,green,red,Quadrant 3,47.0,3.0,33–64,5
21,14.0,4,2351.3800000000047,1,Task,image_122.jpg,5.0,2Among5ConjRed,red,blue,Quadrant 4,2.0,4.0,1–4,1
21,15.0,4,1572.7399999999907,1,Task,image_80.jpg,5.0,2Among5Colour,blue,red,Quadrant 4,15.0,4.0,9–16,3
21,16.0,2,1204.4400000000023,1,Task,image_87.jpg,5.0,2Among5Colour,blue,green,Quadrant 2,26.0,2.0,17–32,4
21,17.0,4,3582.7999999999884,1,Task,image_68.jpg,2.0,2Among5ConjRed,green,red,Quadrant 4,93.0,4.0,65–99,6
21,18.0,4,1462.459999999992,1,Task,image_86.jpg,5.0,2Among5Colour,red,green,Quadrant 4,25.0,4.0,17–32,4
21,19.0,3,1229.8399999999965,1,Task,image_85.jpg,5.0,2Among5Colour,green,red,Quadrant 3,20.0,3.0,17–32,4
21,20.0,1,2124.519999999989,1,Task,image_132.jpg,5.0,2Among5ConjRed,blue,green,Quadrant 1,23.0,1.0,17–32,4
21,21.0,1,2487.220000000001,1,Task,image_108.jpg,5.0,2Among5NoColour,green,green,Quadrant 1,23.0,1.0,17–32,4
21,22.0,2,1167.2200000000012,1,Task,image_22.jpg,2.0,2Among5Colour,green,blue,Quadrant 2,65.0,2.0,65–99,6
21,23.0,1,2809.920000000013,0,Task,image_106.jpg,5.0,2Among5NoColour,red,red,Quadrant 3,16.0,3.0,9–16,3
21,24.0,2,1442.2799999999988,1,Task,image_16.jpg,2.0,2Among5Colour,green,blue,Quadrant 2,34.0,2.0,33–64,5
21,25.0,1,1219.2999999999884,1,Task,image_84.jpg,5.0,2Among5Colour,red,blue,Quadrant 1,23.0,1.0,17–32,4
21,26.0,1,1054.9800000000105,1,Task,image_12.jpg,2.0,2Among5Colour,red,blue,Quadrant 1,23.0,1.0,17–32,4
21,27.0,1,3911.320000000007,1,Task,image_103.jpg,5.0,2Among5NoColour,green,green,Quadrant 1,8.0,1.0,5–8,2
21,28.0,4,3683.319999999978,0,Task,image_33.jpg,2.0,2Among5NoColour,green,green,Quadrant 1,9.0,1.0,9–16,3
21,29.0,2,1254.3999999999942,1,Task,image_11.jpg,2.0,2Among5Colour,blue,green,Quadrant 2,14.0,2.0,9–16,3
21,30.0,3,1272.7200000000012,1,Task,image_120.jpg,5.0,2Among5ConjRed,blue,green,Quadrant 3,1.0,3.0,1–4,1
21,31.0,1,3002.600000000006,1,Task,image_129.jpg,5.0,2Among5ConjRed,red,blue,Quadrant 1,9.0,1.0,9–16,3
21,32.0,4,1692.820000000007,1,Task,image_26.jpg,2.0,2Among5NoColour,red,red,Quadrant 4,2.0,4.0,1–4,1
21,33.0,3,3417.820000000007,1,Task,image_43.jpg,2.0,2Among5NoColour,blue,blue,Quadrant 3,47.0,3.0,33–64,5
21,34.0,3,3679.5,1,Task,image_139.jpg,5.0,2Among5ConjRed,red,green,Quadrant 3,47.0,3.0,33–64,5
21,35.0,2,1568.2000000000116,1,Task,image_136.jpg,5.0,2Among5ConjRed,red,green,Quadrant 2,34.0,2.0,33–64,5
21,36.0,1,1539.8800000000049,1,Task,image_7.jpg,2.0,2Among5Colour,green,red,Quadrant 1,8.0,1.0,5–8,2
21,37.0,4,3778.920000000013,0,Task,image_141.jpg,5.0,2Among5ConjRed,blue,red,Quadrant 3,82.0,3.0,65–99,6
21,38.0,1,1272.6199999999951,1,Task,image_95.jpg,5.0,2Among5Colour,red,green,Quadrant 1,75.0,1.0,65–99,6
21,39.0,1,2656.2999999999884,1,Task,image_127.jpg,5.0,2Among5ConjRed,blue,green,Quadrant 1,8.0,1.0,5–8,2
21,40.0,1,1885.6600000000035,1,Task,image_18.jpg,2.0,2Among5Colour,red,blue,Quadrant 1,59.0,1.0,33–64,5
21,41.0,4,2670.679999999993,1,Task,image_28.jpg,2.0,2Among5NoColour,red,red,Quadrant 4,6.0,4.0,5–8,2
21,42.0,4,1989.359999999986,1,Task,image_134.jpg,5.0,2Among5ConjRed,green,red,Quadrant 4,25.0,4.0,17–32,4
21,43.0,4,2797.3399999999965,1,Task,image_137.jpg,5.0,2Among5ConjRed,blue,red,Quadrant 4,45.0,4.0,33–64,5
21,44.0,3,3092.399999999994,1,Task,image_34.jpg,2.0,2Among5NoColour,red,red,Quadrant 3,16.0,3.0,9–16,3
21,45.0,4,12735.459999999992,0,Task,image_46.jpg,2.0,2Among5NoColour,red,red,Quadrant 2,65.0,2.0,65–99,6
21,46.0,2,3720.540000000008,1,Task,image_135.jpg,5.0,2Among5ConjRed,green,blue,Quadrant 2,26.0,2.0,17–32,4
21,47.0,1,3649.239999999991,1,Task,image_36.jpg,2.0,2Among5NoColour,green,green,Quadrant 1,23.0,1.0,17–32,4
21,48.0,2,3911.279999999999,1,Task,image_70.jpg,2.0,2Among5ConjRed,blue,green,Quadrant 2,65.0,2.0,65–99,6
21,49.0,2,3701.640000000014,0,Task,image_110.jpg,5.0,2Among5NoColour,red,red,Quadrant 4,25.0,4.0,17–32,4
21,50.0,2,3749.0199999999895,1,Task,image_40.jpg,2.0,2Among5NoColour,red,red,Quadrant 2,34.0,2.0,33–64,5
21,51.0,4,3531.0599999999977,0,Task,image_117.jpg,5.0,2Among5NoColour,green,green,Quadrant 3,82.0,3.0,65–99,6
21,52.0,3,1618.7600000000093,1,Task,image_21.jpg,2.0,2Among5Colour,blue,green,Quadrant 3,82.0,3.0,65–99,6
21,53.0,4,1666.4400000000023,1,Task,image_2.jpg,2.0,2Among5Colour,green,red,Quadrant 4,2.0,4.0,1–4,1
21,54.0,3,2778.780000000028,1,Task,image_82.jpg,5.0,2Among5Colour,red,green,Quadrant 3,16.0,3.0,9–16,3
21,55.0,2,3003.4799999999814,1,Task,image_29.jpg,2.0,2Among5NoColour,green,green,Quadrant 2,5.0,2.0,5–8,2
21,56.0,3,1545.8400000000256,1,Task,image_10.jpg,2.0,2Among5Colour,red,green,Quadrant 3,16.0,3.0,9–16,3
21,57.0,4,3616.859999999986,1,Task,image_104.jpg,5.0,2Among5NoColour,red,red,Quadrant 4,15.0,4.0,9–16,3
21,58.0,3,1406.5599999999977,1,Task,image_78.jpg,5.0,2Among5Colour,red,blue,Quadrant 3,7.0,3.0,5–8,2
21,59.0,1,2988.900000000024,1,Task,image_55.jpg,2.0,2Among5ConjRed,blue,green,Quadrant 1,8.0,1.0,5–8,2
21,60.0,1,1459.9400000000023,1,Task,image_90.jpg,5.0,2Among5Colour,red,blue,Quadrant 1,59.0,1.0,33–64,5
21,61.0,2,3713.299999999989,0,Task,image_71.jpg,2.0,2Among5ConjRed,green,blue,Quadrant 1,75.0,1.0,65–99,6
21,62.0,4,3825.6599999999744,1,Task,image_140.jpg,5.0,2Among5ConjRed,green,red,Quadrant 4,93.0,4.0,65–99,6
21,63.0,3,2494.359999999986,1,Task,image_67.jpg,2.0,2Among5ConjRed,red,green,Quadrant 3,47.0,3.0,33–64,5
21,64.0,4,1428.3800000000049,1,Task,image_14.jpg,2.0,2Among5Colour,red,green,Quadrant 4,25.0,4.0,17–32,4
21,65.0,1,2238.0800000000163,1,Task,image_123.jpg,5.0,2Among5ConjRed,red,green,Quadrant 1,3.0,1.0,1–4,1
21,66.0,3,2652.0999999999767,1,Task,image_58.jpg,2.0,2Among5ConjRed,red,green,Quadrant 3,16.0,3.0,9–16,3
21,67.0,2,3722.460000000021,1,Task,image_88.jpg,5.0,2Among5Colour,green,blue,Quadrant 2,34.0,2.0,33–64,5
21,68.0,2,1933.1599999999744,0,Task,image_69.jpg,2.0,2Among5ConjRed,blue,red,Quadrant 3,82.0,3.0,65–99,6
21,69.0,2,4455.840000000026,0,Task,image_44.jpg,2.0,2Among5NoColour,red,red,Quadrant 4,93.0,4.0,65–99,6
21,70.0,4,1287.219999999972,1,Task,image_8.jpg,2.0,2Among5Colour,blue,red,Quadrant 4,15.0,4.0,9–16,3
21,71.0,1,1670.219999999972,1,Task,image_75.jpg,5.0,2Among5Colour,green,blue,Quadrant 1,3.0,1.0,1–4,1
21,72.0,4,3219.919999999984,0,Task,image_107.jpg,5.0,2Among5NoColour,blue,blue,Quadrant 2,14.0,2.0,9–16,3
21,73.0,4,3959.6199999999953,0,Task,image_42.jpg,2.0,2Among5NoColour,green,green,Quadrant 1,59.0,1.0,33–64,5
21,74.0,3,1472.9799999999814,1,Task,image_30.jpg,2.0,2Among5NoColour,blue,blue,Quadrant 3,7.0,3.0,5–8,2
21,75.0,2,2347.679999999993,1,Task,image_125.jpg,5.0,2Among5ConjRed,green,red,Quadrant 2,5.0,2.0,5–8,2
21,76.0,3,3657.700000000012,0,Task,image_114.jpg,5.0,2Among5NoColour,green,green,Quadrant 1,59.0,1.0,33–64,5
21,77.0,2,2350.039999999979,0,Task,image_60.jpg,2.0,2Among5ConjRed,blue,green,Quadrant 1,23.0,1.0,17–32,4
21,78.0,3,6376.419999999984,0,Task,image_57.jpg,2.0,2Among5ConjRed,red,blue,Quadrant 1,9.0,1.0,9–16,3
21,79.0,1,1925.140000000014,1,Task,image_31.jpg,2.0,2Among5NoColour,green,green,Quadrant 1,8.0,1.0,5–8,2
21,80.0,2,1331.820000000007,1,Task,image_5.jpg,2.0,2Among5Colour,red,green,Quadrant 2,5.0,2.0,5–8,2
21,81.0,3,3961.5,1,Task,image_109.jpg,5.0,2Among5NoColour,blue,blue,Quadrant 3,20.0,3.0,17–32,4
21,82.0,2,4052.8800000000047,0,Task,image_65.jpg,2.0,2Among5ConjRed,blue,red,Quadrant 4,45.0,4.0,33–64,5
21,83.0,2,1136.2399999999907,1,Task,image_1.jpg,2.0,2Among5Colour,blue,red,Quadrant 2,4.0,2.0,1–4,1
21,84.0,3,3812.260000000009,0,Task,image_25.jpg,2.0,2Among5NoColour,blue,blue,Quadrant 2,4.0,2.0,1–4,1
21,85.0,2,1720.6199999999951,1,Task,image_64.jpg,2.0,2Among5ConjRed,red,green,Quadrant 2,34.0,2.0,33–64,5
21,86.0,4,2478.320000000007,1,Task,image_56.jpg,2.0,2Among5ConjRed,green,blue,Quadrant 4,15.0,4.0,9–16,3
21,87.0,3,2842.679999999993,1,Task,image_102.jpg,5.0,2Among5NoColour,blue,blue,Quadrant 3,7.0,3.0,5–8,2
21,88.0,4,1887.039999999979,1,Task,image_92.jpg,5.0,2Among5Colour,blue,red,Quadrant 4,93.0,4.0,65–99,6
21,89.0,1,3267.0599999999977,1,Task,image_138.jpg,5.0,2Among5ConjRed,red,blue,Quadrant 1,59.0,1.0,33–64,5
21,90.0,2,1481.7600000000093,1,Task,image_94.jpg,5.0,2Among5Colour,green,blue,Quadrant 2,65.0,2.0,65–99,6
21,91.0,3,1777.4199999999837,1,Task,image_72.jpg,5.0,2Among5Colour,red,blue,Quadrant 3,1.0,3.0,1–4,1
21,92.0,1,2107.0999999999767,1,Task,image_99.jpg,5.0,2Among5NoColour,blue,blue,Quadrant 1,3.0,1.0,1–4,1
21,93.0,1,3687.479999999981,0,Task,image_45.jpg,2.0,2Among5NoColour,green,green,Quadrant 3,82.0,3.0,65–99,6
21,94.0,4,3260.5200000000186,1,Task,image_62.jpg,2.0,2Among5ConjRed,green,red,Quadrant 4,25.0,4.0,17–32,4
21,95.0,3,1737.8800000000049,1,Task,image_126.jpg,5.0,2Among5ConjRed,green,red,Quadrant 3,7.0,3.0,5–8,2
21,96.0,2,1256.9000000000233,1,Task,image_15.jpg,2.0,2Among5Colour,blue,green,Quadrant 2,26.0,2.0,17–32,4
21,97.0,4,3665.979999999981,0,Task,image_111.jpg,5.0,2Among5NoColour,green,green,Quadrant 2,26.0,2.0,17–32,4
21,98.0,1,1425.5999999999767,1,Task,image_79.jpg,5.0,2Among5Colour,green,red,Quadrant 1,8.0,1.0,5–8,2
21,99.0,4,1260.2999999999884,1,Task,image_4.jpg,2.0,2Among5Colour,blue,green,Quadrant 4,6.0,4.0,5–8,2
21,100.0,4,2713.640000000014,1,Task,image_50.jpg,2.0,2Among5ConjRed,red,blue,Quadrant 4,2.0,4.0,1–4,1
21,101.0,1,1424.0,1,Task,image_81.jpg,5.0,2Among5Colour,green,blue,Quadrant 1,9.0,1.0,9–16,3
21,102.0,2,2376.679999999993,1,Task,image_101.jpg,5.0,2Among5NoColour,green,green,Quadrant 2,5.0,2.0,5–8,2
21,103.0,4,1285.3800000000049,1,Task,image_20.jpg,2.0,2Among5Colour,blue,red,Quadrant 4,93.0,4.0,65–99,6
21,104.0,1,3167.400000000024,1,Task,image_47.jpg,2.0,2Among5NoColour,blue,blue,Quadrant 1,75.0,1.0,65–99,6
21,105.0,1,1215.0999999999767,1,Task,image_3.jpg,2.0,2Among5Colour,green,blue,Quadrant 1,3.0,1.0,1–4,1
21,106.0,4,1630.9799999999814,1,Task,image_98.jpg,5.0,2Among5NoColour,red,red,Quadrant 4,2.0,4.0,1–4,1
21,107.0,4,2193.119999999996,1,Task,image_89.jpg,5.0,2Among5Colour,blue,red,Quadrant 4,45.0,4.0,33–64,5
21,108.0,2,3110.140000000014,1,Task,image_49.jpg,2.0,2Among5ConjRed,blue,red,Quadrant 2,4.0,2.0,1–4,1
21,109.0,3,2412.5200000000186,1,Task,image_24.jpg,2.0,2Among5NoColour,green,green,Quadrant 3,1.0,3.0,1–4,1
21,110.0,2,3799.859999999986,1,Task,image_118.jpg,5.0,2Among5NoColour,red,red,Quadrant 2,65.0,2.0,65–99,6
21,111.0,3,1892.859999999986,1,Task,image_54.jpg,2.0,2Among5ConjRed,green,red,Quadrant 3,7.0,3.0,5–8,2
21,112.0,3,2601.919999999984,1,Task,image_130.jpg,5.0,2Among5ConjRed,red,green,Quadrant 3,16.0,3.0,9–16,3
21,113.0,4,1740.280000000028,1,Task,image_74.jpg,5.0,2Among5Colour,green,red,Quadrant 4,2.0,4.0,1–4,1
21,114.0,3,1826.2999999999884,1,Task,image_93.jpg,5.0,2Among5Colour,blue,green,Quadrant 3,82.0,3.0,65–99,6
21,115.0,2,2911.9799999999814,1,Task,image_131.jpg,5.0,2Among5ConjRed,blue,red,Quadrant 2,14.0,2.0,9–16,3
21,116.0,4,1265.3400000000256,1,Task,image_76.jpg,5.0,2Among5Colour,blue,green,Quadrant 4,6.0,4.0,5–8,2
21,117.0,1,3545.700000000012,1,Task,image_105.jpg,5.0,2Among5NoColour,green,green,Quadrant 1,9.0,1.0,9–16,3
21,118.0,4,3368.719999999972,0,Task,image_59.jpg,2.0,2Among5ConjRed,blue,red,Quadrant 2,14.0,2.0,9–16,3
21,119.0,2,11168.419999999984,1,Task,image_35.jpg,2.0,2Among5NoColour,blue,blue,Quadrant 2,14.0,2.0,9–16,3
21,120.0,1,5188.179999999993,0,Task,image_38.jpg,2.0,2Among5NoColour,red,red,Quadrant 4,25.0,4.0,17–32,4
21,121.0,2,1778.2399999999907,1,Task,image_77.jpg,5.0,2Among5Colour,red,green,Quadrant 2,5.0,2.0,5–8,2
21,122.0,4,2699.98000000004,1,Task,image_100.jpg,5.0,2Among5NoColour,red,red,Quadrant 4,6.0,4.0,5–8,2
21,123.0,3,2634.9400000000023,1,Task,image_0.jpg,2.0,2Among5Colour,red,blue,Quadrant 3,1.0,3.0,1–4,1
21,124.0,1,3829.979999999981,0,Task,image_32.jpg,2.0,2Among5NoColour,red,red,Quadrant 4,15.0,4.0,9–16,3
21,125.0,1,1954.6600000000328,1,Task,image_66.jpg,2.0,2Among5ConjRed,red,blue,Quadrant 1,59.0,1.0,33–64,5
21,126.0,4,3257.0200000000186,1,Task,image_116.jpg,5.0,2Among5NoColour,red,red,Quadrant 4,93.0,4.0,65–99,6
21,127.0,3,1288.3800000000049,1,Task,image_91.jpg,5.0,2Among5Colour,green,red,Quadrant 3,47.0,3.0,33–64,5
21,128.0,2,1339.3800000000049,1,Task,image_83.jpg,5.0,2Among5Colour,blue,green,Quadrant 2,14.0,2.0,9–16,3
21,129.0,1,1720.420000000042,1,Task,image_27.jpg,2.0,2Among5NoColour,blue,blue,Quadrant 1,3.0,1.0,1–4,1
21,130.0,3,1596.0999999999767,1,Task,image_6.jpg,2.0,2Among5Colour,red,blue,Quadrant 3,7.0,3.0,5–8,2
21,131.0,4,2458.119999999996,1,Task,image_124.jpg,5.0,2Among5ConjRed,green,blue,Quadrant 4,6.0,4.0,5–8,2
21,132.0,1,1559.4599999999627,0,Task,image_48.jpg,2.0,2Among5ConjRed,blue,green,Quadrant 3,1.0,3.0,1–4,1
21,133.0,4,5120.819999999949,1,Task,image_41.jpg,2.0,2Among5NoColour,blue,blue,Quadrant 4,45.0,4.0,33–64,5
21,134.0,2,2375.5200000000186,1,Task,image_97.jpg,5.0,2Among5NoColour,blue,blue,Quadrant 2,4.0,2.0,1–4,1
21,135.0,3,3503.2399999999907,1,Task,image_61.jpg,2.0,2Among5ConjRed,red,blue,Quadrant 3,20.0,3.0,17–32,4
21,136.0,2,3876.5999999999767,0,Task,image_113.jpg,5.0,2Among5NoColour,blue,blue,Quadrant 4,45.0,4.0,33–64,5
21,137.0,2,1858.3000000000463,1,Task,image_112.jpg,5.0,2Among5NoColour,red,red,Quadrant 2,34.0,2.0,33–64,5
21,138.0,1,1541.6600000000326,1,Task,image_23.jpg,2.0,2Among5Colour,red,green,Quadrant 1,75.0,1.0,65–99,6
21,139.0,4,946.6800000000512,1,Task,image_17.jpg,2.0,2Among5Colour,blue,red,Quadrant 4,45.0,4.0,33–64,5
21,140.0,1,3557.680000000051,0,Task,image_37.jpg,2.0,2Among5NoColour,blue,blue,Quadrant 3,20.0,3.0,17–32,4
21,141.0,3,1717.359999999986,1,Task,image_13.jpg,2.0,2Among5Colour,green,red,Quadrant 3,20.0,3.0,17–32,4
21,142.0,2,1954.4000000000235,1,Task,image_63.jpg,2.0,2Among5ConjRed,green,blue,Quadrant 2,26.0,2.0,17–32,4
21,143.0,2,3253.7600000000093,1,Task,image_39.jpg,2.0,2Among5NoColour,green,green,Quadrant 2,26.0,2.0,17–32,4
21,144.0,1,2675.119999999996,1,Task,image_51.jpg,2.0,2Among5ConjRed,red,green,Quadrant 1,3.0,1.0,1–4,1
40,1.0,1,3416.099999904633,0,Task,image_106.jpg,5.0,2Among5NoColour,red,red,Quadrant 3,16.0,3.0,9–16,3
40,2.0,3,1444.1999999999823,1,Task,image_82.jpg,5.0,2Among5Colour,red,green,Quadrant 3,16.0,3.0,9–16,3
40,3.0,1,1116.5,1,Task,image_9.jpg,2.0,2Among5Colour,green,blue,Quadrant 1,9.0,1.0,9–16,3
40,4.0,3,1326.3999999999942,1,Task,image_120.jpg,5.0,2Among5ConjRed,blue,green,Quadrant 3,1.0,3.0,1–4,1
40,5.0,3,1152.7000000953703,1,Task,image_13.jpg,2.0,2Among5Colour,green,red,Quadrant 3,20.0,3.0,17–32,4
40,6.0,1,992.9000000000088,1,Task,image_75.jpg,5.0,2Among5Colour,green,blue,Quadrant 1,3.0,1.0,1–4,1
40,7.0,2,2048.699999999997,1,Task,image_49.jpg,2.0,2Among5ConjRed,blue,red,Quadrant 2,4.0,2.0,1–4,1
40,8.0,1,1433.6000000000058,1,Task,image_127.jpg,5.0,2Among5ConjRed,blue,green,Quadrant 1,8.0,1.0,5–8,2
40,9.0,3,1321.9000000476808,1,Task,image_126.jpg,5.0,2Among5ConjRed,green,red,Quadrant 3,7.0,3.0,5–8,2
40,10.0,2,770.3000000953616,0,Task,image_123.jpg,5.0,2Among5ConjRed,red,green,Quadrant 1,3.0,1.0,1–4,1
40,11.0,4,1291.4999999999854,1,Task,image_86.jpg,5.0,2Among5Colour,red,green,Quadrant 4,25.0,4.0,17–32,4
40,12.0,4,1566.1000000000058,1,Task,image_122.jpg,5.0,2Among5ConjRed,red,blue,Quadrant 4,2.0,4.0,1–4,1
40,13.0,2,909.8000000000176,1,Task,image_11.jpg,2.0,2Among5Colour,blue,green,Quadrant 2,14.0,2.0,9–16,3
40,14.0,1,1019.2000000953705,1,Task,image_81.jpg,5.0,2Among5Colour,green,blue,Quadrant 1,9.0,1.0,9–16,3
40,15.0,1,1548.800000000003,0,Task,image_46.jpg,2.0,2Among5NoColour,red,red,Quadrant 2,65.0,2.0,65–99,6
40,16.0,4,2389.4000000000087,0,Task,image_114.jpg,5.0,2Among5NoColour,green,green,Quadrant 1,59.0,1.0,33–64,5
40,17.0,2,2236.399999999994,0,Task,image_43.jpg,2.0,2Among5NoColour,blue,blue,Quadrant 3,47.0,3.0,33–64,5
40,18.0,4,2274.7999999523163,1,Task,image_41.jpg,2.0,2Among5NoColour,blue,blue,Quadrant 4,45.0,4.0,33–64,5
40,19.0,2,2871.4999999523134,0,Task,image_110.jpg,5.0,2Among5NoColour,red,red,Quadrant 4,25.0,4.0,17–32,4
40,20.0,3,1264.2000000000116,1,Task,image_91.jpg,5.0,2Among5Colour,green,red,Quadrant 3,47.0,3.0,33–64,5
40,21.0,4,2504.9999999046267,0,Task,image_130.jpg,5.0,2Among5ConjRed,red,green,Quadrant 3,16.0,3.0,9–16,3
40,22.0,1,2014.5,1,Task,image_31.jpg,2.0,2Among5NoColour,green,green,Quadrant 1,8.0,1.0,5–8,2
40,23.0,2,923.8000000000028,1,Task,image_77.jpg,5.0,2Among5Colour,red,green,Quadrant 2,5.0,2.0,5–8,2
40,24.0,2,1743.6999999999823,1,Task,image_125.jpg,5.0,2Among5ConjRed,green,red,Quadrant 2,5.0,2.0,5–8,2
40,25.0,4,2121.2999999046297,1,Task,image_26.jpg,2.0,2Among5NoColour,red,red,Quadrant 4,2.0,4.0,1–4,1
40,26.0,4,1518.5,1,Task,image_74.jpg,5.0,2Among5Colour,green,red,Quadrant 4,2.0,4.0,1–4,1
40,27.0,2,2062.599999999992,0,Task,image_100.jpg,5.0,2Among5NoColour,red,red,Quadrant 4,6.0,4.0,5–8,2
40,28.0,1,2729.0999999999767,0,Task,image_113.jpg,5.0,2Among5NoColour,blue,blue,Quadrant 4,45.0,4.0,33–64,5
40,29.0,3,1184.8999999999942,1,Task,image_78.jpg,5.0,2Among5Colour,red,blue,Quadrant 3,7.0,3.0,5–8,2
40,30.0,1,956.4999999046267,1,Task,image_7.jpg,2.0,2Among5Colour,green,red,Quadrant 1,8.0,1.0,5–8,2
40,31.0,4,909.7999999999884,1,Task,image_4.jpg,2.0,2Among5Colour,blue,green,Quadrant 4,6.0,4.0,5–8,2
40,32.0,1,1118.1999999999823,1,Task,image_3.jpg,2.0,2Among5Colour,green,blue,Quadrant 1,3.0,1.0,1–4,1
40,33.0,1,1819.4000000000235,1,Task,image_27.jpg,2.0,2Among5NoColour,blue,blue,Quadrant 1,3.0,1.0,1–4,1
40,34.0,1,1351.0,1,Task,image_23.jpg,2.0,2Among5Colour,red,green,Quadrant 1,75.0,1.0,65–99,6
40,35.0,4,1145.9000000000233,1,Task,image_92.jpg,5.0,2Among5Colour,blue,red,Quadrant 4,93.0,4.0,65–99,6
40,36.0,3,1382.0,1,Task,image_93.jpg,5.0,2Among5Colour,blue,green,Quadrant 3,82.0,3.0,65–99,6
40,37.0,3,2575.3000000953616,0,Task,image_36.jpg,2.0,2Among5NoColour,green,green,Quadrant 1,23.0,1.0,17–32,4
40,38.0,3,1264.2000000000116,1,Task,image_72.jpg,5.0,2Among5Colour,red,blue,Quadrant 3,1.0,3.0,1–4,1
40,39.0,3,1673.0999999046326,1,Task,image_0.jpg,2.0,2Among5Colour,red,blue,Quadrant 3,1.0,3.0,1–4,1
40,40.0,3,1625.2999999999884,1,Task,image_115.jpg,5.0,2Among5NoColour,blue,blue,Quadrant 3,47.0,3.0,33–64,5
40,41.0,4,1222.5,1,Task,image_76.jpg,5.0,2Among5Colour,blue,green,Quadrant 4,6.0,4.0,5–8,2
40,42.0,1,2764.900000000024,0,Task,image_37.jpg,2.0,2Among5NoColour,blue,blue,Quadrant 3,20.0,3.0,17–32,4
40,43.0,4,1597.3999999999942,0,Task,image_70.jpg,2.0,2Among5ConjRed,blue,green,Quadrant 2,65.0,2.0,65–99,6
40,44.0,3,2682.900000047696,1,Task,image_139.jpg,5.0,2Among5ConjRed,red,green,Quadrant 3,47.0,3.0,33–64,5
40,45.0,4,1743.9000000000233,0,Task,image_119.jpg,5.0,2Among5NoColour,blue,blue,Quadrant 1,75.0,1.0,65–99,6
40,46.0,2,902.7999999999884,1,Task,image_73.jpg,5.0,2Among5Colour,blue,red,Quadrant 2,4.0,2.0,1–4,1
40,47.0,1,2629.899999952322,1,Task,image_33.jpg,2.0,2Among5NoColour,green,green,Quadrant 1,9.0,1.0,9–16,3
40,48.0,2,2651.600000095379,1,Task,image_111.jpg,5.0,2Among5NoColour,green,green,Quadrant 2,26.0,2.0,17–32,4
40,49.0,2,1785.3999999999942,1,Task,image_142.jpg,5.0,2Among5ConjRed,blue,green,Quadrant 2,65.0,2.0,65–99,6
40,50.0,4,1186.0999999523046,1,Task,image_2.jpg,2.0,2Among5Colour,green,red,Quadrant 4,2.0,4.0,1–4,1
40,51.0,3,1743.6000000000058,1,Task,image_30.jpg,2.0,2Among5NoColour,blue,blue,Quadrant 3,7.0,3.0,5–8,2
40,52.0,2,3081.999999952328,1,Task,image_112.jpg,5.0,2Among5NoColour,red,red,Quadrant 2,34.0,2.0,33–64,5
40,53.0,1,847.8000000000175,1,Task,image_79.jpg,5.0,2Among5Colour,green,red,Quadrant 1,8.0,1.0,5–8,2
40,54.0,1,1701.7999999999884,1,Task,image_55.jpg,2.0,2Among5ConjRed,blue,green,Quadrant 1,8.0,1.0,5–8,2
40,55.0,2,2562.6999999999825,1,Task,image_107.jpg,5.0,2Among5NoColour,blue,blue,Quadrant 2,14.0,2.0,9–16,3
40,56.0,3,2326.6999999999825,1,Task,image_133.jpg,5.0,2Among5ConjRed,red,blue,Quadrant 3,20.0,3.0,17–32,4
40,57.0,3,854.4000000000233,1,Task,image_48.jpg,2.0,2Among5ConjRed,blue,green,Quadrant 3,1.0,3.0,1–4,1
40,58.0,4,965.5,1,Task,image_89.jpg,5.0,2Among5Colour,blue,red,Quadrant 4,45.0,4.0,33–64,5
40,59.0,1,2631.499999952328,1,Task,image_51.jpg,2.0,2Among5ConjRed,red,green,Quadrant 1,3.0,1.0,1–4,1
40,60.0,4,2228.600000047678,1,Task,image_116.jpg,5.0,2Among5NoColour,red,red,Quadrant 4,93.0,4.0,65–99,6
40,61.0,4,819.3999999999942,1,Task,image_17.jpg,2.0,2Among5Colour,blue,red,Quadrant 4,45.0,4.0,33–64,5
40,62.0,2,1157.3000000476895,1,Task,image_22.jpg,2.0,2Among5Colour,green,blue,Quadrant 2,65.0,2.0,65–99,6
40,63.0,4,3579.0,1,Task,image_32.jpg,2.0,2Among5NoColour,red,red,Quadrant 4,15.0,4.0,9–16,3
40,64.0,4,1281.0,1,Task,image_14.jpg,2.0,2Among5Colour,red,green,Quadrant 4,25.0,4.0,17–32,4
40,65.0,1,1536.3000000000177,1,Task,image_60.jpg,2.0,2Among5ConjRed,blue,green,Quadrant 1,23.0,1.0,17–32,4
40,66.0,1,1524.9000000953674,1,Task,image_132.jpg,5.0,2Among5ConjRed,blue,green,Quadrant 1,23.0,1.0,17–32,4
40,67.0,4,2375.2999999999884,0,Task,image_40.jpg,2.0,2Among5NoColour,red,red,Quadrant 2,34.0,2.0,33–64,5
40,68.0,3,990.9999999046267,1,Task,image_85.jpg,5.0,2Among5Colour,green,red,Quadrant 3,20.0,3.0,17–32,4
40,69.0,2,795.2999999999884,1,Task,image_15.jpg,2.0,2Among5Colour,blue,green,Quadrant 2,26.0,2.0,17–32,4
40,70.0,3,2181.0,1,Task,image_109.jpg,5.0,2Among5NoColour,blue,blue,Quadrant 3,20.0,3.0,17–32,4
40,71.0,2,1457.6999999523105,1,Task,image_64.jpg,2.0,2Among5ConjRed,red,green,Quadrant 2,34.0,2.0,33–64,5
40,72.0,4,1318.3000000476895,1,Task,image_44.jpg,2.0,2Among5NoColour,red,red,Quadrant 4,93.0,4.0,65–99,6
40,73.0,4,1159.0999999046326,1,Task,image_20.jpg,2.0,2Among5Colour,blue,red,Quadrant 4,93.0,4.0,65–99,6
40,74.0,1,1479.3999999999942,1,Task,image_129.jpg,5.0,2Among5ConjRed,red,blue,Quadrant 1,9.0,1.0,9–16,3
40,75.0,2,854.3999999999942,1,Task,image_1.jpg,2.0,2Among5Colour,blue,red,Quadrant 2,4.0,2.0,1–4,1
40,76.0,1,1608.7000000476835,1,Task,image_18.jpg,2.0,2Among5Colour,red,blue,Quadrant 1,59.0,1.0,33–64,5
40,77.0,2,1490.3999999999942,1,Task,image_97.jpg,5.0,2Among5NoColour,blue,blue,Quadrant 2,4.0,2.0,1–4,1
40,78.0,1,2955.499999952328,0,Task,image_61.jpg,2.0,2Among5ConjRed,red,blue,Quadrant 3,20.0,3.0,17–32,4
40,79.0,2,2597.2999999999884,1,Task,image_35.jpg,2.0,2Among5NoColour,blue,blue,Quadrant 2,14.0,2.0,9–16,3
40,80.0,4,1854.3000000000463,1,Task,image_38.jpg,2.0,2Among5NoColour,red,red,Quadrant 4,25.0,4.0,17–32,4
40,81.0,2,1340.5999999999767,1,Task,image_101.jpg,5.0,2Among5NoColour,green,green,Quadrant 2,5.0,2.0,5–8,2
40,82.0,1,2395.700000095356,0,Task,image_141.jpg,5.0,2Among5ConjRed,blue,red,Quadrant 3,82.0,3.0,65–99,6
40,83.0,4,1184.500000047672,1,Task,image_98.jpg,5.0,2Among5NoColour,red,red,Quadrant 4,2.0,4.0,1–4,1
40,84.0,4,2813.0999999999767,1,Task,image_104.jpg,5.0,2Among5NoColour,red,red,Quadrant 4,15.0,4.0,9–16,3
40,85.0,4,2100.600000047707,1,Task,image_140.jpg,5.0,2Among5ConjRed,green,red,Quadrant 4,93.0,4.0,65–99,6
40,86.0,2,2317.899999952293,1,Task,image_63.jpg,2.0,2Among5ConjRed,green,blue,Quadrant 2,26.0,2.0,17–32,4
40,87.0,4,2576.900000000024,0,Task,image_138.jpg,5.0,2Among5ConjRed,red,blue,Quadrant 1,59.0,1.0,33–64,5
40,88.0,1,888.8999999999651,1,Task,image_84.jpg,5.0,2Among5Colour,red,blue,Quadrant 1,23.0,1.0,17–32,4
40,89.0,4,1291.899999999965,0,Task,image_118.jpg,5.0,2Among5NoColour,red,red,Quadrant 2,65.0,2.0,65–99,6
40,90.0,1,3520.999999999942,1,Task,image_105.jpg,5.0,2Among5NoColour,green,green,Quadrant 1,9.0,1.0,9–16,3
40,91.0,4,1669.3000000953907,1,Task,image_50.jpg,2.0,2Among5ConjRed,red,blue,Quadrant 4,2.0,4.0,1–4,1
40,92.0,1,1356.5999999046326,0,Task,image_68.jpg,2.0,2Among5ConjRed,green,red,Quadrant 4,93.0,4.0,65–99,6
40,93.0,4,1157.1999999523396,0,Task,image_117.jpg,5.0,2Among5NoColour,green,green,Quadrant 3,82.0,3.0,65–99,6
40,94.0,2,2750.400000000024,0,Task,image_143.jpg,5.0,2Among5ConjRed,green,blue,Quadrant 1,75.0,1.0,65–99,6
40,95.0,3,3003.000000095344,1,Task,image_34.jpg,2.0,2Among5NoColour,red,red,Quadrant 3,16.0,3.0,9–16,3
40,96.0,3,1857.200000047684,1,Task,image_24.jpg,2.0,2Among5NoColour,green,green,Quadrant 3,1.0,3.0,1–4,1
40,97.0,4,2062.7999999999884,1,Task,image_52.jpg,2.0,2Among5ConjRed,green,blue,Quadrant 4,6.0,4.0,5–8,2
40,98.0,3,976.500000095344,1,Task,image_6.jpg,2.0,2Among5Colour,red,blue,Quadrant 3,7.0,3.0,5–8,2
40,99.0,3,1952.0999999999767,1,Task,image_67.jpg,2.0,2Among5ConjRed,red,green,Quadrant 3,47.0,3.0,33–64,5
40,100.0,2,2041.5999999999185,1,Task,image_136.jpg,5.0,2Among5ConjRed,red,green,Quadrant 2,34.0,2.0,33–64,5
40,101.0,3,2596.5999999999767,1,Task,image_54.jpg,2.0,2Among5ConjRed,green,red,Quadrant 3,7.0,3.0,5–8,2
40,102.0,1,1978.500000095344,1,Task,image_99.jpg,5.0,2Among5NoColour,blue,blue,Quadrant 1,3.0,1.0,1–4,1
40,103.0,4,2222.79999999993,0,Task,image_47.jpg,2.0,2Among5NoColour,blue,blue,Quadrant 1,75.0,1.0,65–99,6
40,104.0,3,3120.499999904656,1,Task,image_96.jpg,5.0,2Among5NoColour,green,green,Quadrant 3,1.0,3.0,1–4,1
40,105.0,2,1611.399999999965,1,Task,image_88.jpg,5.0,2Among5Colour,green,blue,Quadrant 2,34.0,2.0,33–64,5
40,106.0,3,2474.5999999523046,1,Task,image_58.jpg,2.0,2Among5ConjRed,red,green,Quadrant 3,16.0,3.0,9–16,3
40,107.0,4,2667.100000000035,0,Task,image_103.jpg,5.0,2Among5NoColour,green,green,Quadrant 1,8.0,1.0,5–8,2
40,108.0,2,1123.600000047707,1,Task,image_94.jpg,5.0,2Among5Colour,green,blue,Quadrant 2,65.0,2.0,65–99,6
40,109.0,2,1007.3999999999652,1,Task,image_16.jpg,2.0,2Among5Colour,green,blue,Quadrant 2,34.0,2.0,33–64,5
40,110.0,4,2891.100000047707,1,Task,image_137.jpg,5.0,2Among5ConjRed,blue,red,Quadrant 4,45.0,4.0,33–64,5
40,111.0,2,2097.3000000000466,1,Task,image_25.jpg,2.0,2Among5NoColour,blue,blue,Quadrant 2,4.0,2.0,1–4,1
40,112.0,4,2861.3000000476604,1,Task,image_128.jpg,5.0,2Among5ConjRed,green,blue,Quadrant 4,15.0,4.0,9–16,3
40,113.0,2,1215.7999999999884,1,Task,image_5.jpg,2.0,2Among5Colour,red,green,Quadrant 2,5.0,2.0,5–8,2
40,114.0,2,1611.4999999999418,1,Task,image_29.jpg,2.0,2Among5NoColour,green,green,Quadrant 2,5.0,2.0,5–8,2
40,115.0,4,2450.399999904621,1,Task,image_65.jpg,2.0,2Among5ConjRed,blue,red,Quadrant 4,45.0,4.0,33–64,5
40,116.0,3,2361.600000000035,1,Task,image_102.jpg,5.0,2Among5NoColour,blue,blue,Quadrant 3,7.0,3.0,5–8,2
40,117.0,4,1911.4000000000235,1,Task,image_56.jpg,2.0,2Among5ConjRed,green,blue,Quadrant 4,15.0,4.0,9–16,3
40,118.0,3,1717.899999904621,0,Task,image_71.jpg,2.0,2Among5ConjRed,green,blue,Quadrant 1,75.0,1.0,65–99,6
40,119.0,3,1370.0999999999767,1,Task,image_21.jpg,2.0,2Among5Colour,blue,green,Quadrant 3,82.0,3.0,65–99,6
40,120.0,1,2625.400000000024,1,Task,image_108.jpg,5.0,2Among5NoColour,green,green,Quadrant 1,23.0,1.0,17–32,4
40,121.0,2,1013.8999999999652,1,Task,image_87.jpg,5.0,2Among5Colour,blue,green,Quadrant 2,26.0,2.0,17–32,4
40,122.0,4,1159.899999999965,1,Task,image_80.jpg,5.0,2Among5Colour,blue,red,Quadrant 4,15.0,4.0,9–16,3
40,123.0,1,916.4000000476954,1,Task,image_12.jpg,2.0,2Among5Colour,red,blue,Quadrant 1,23.0,1.0,17–32,4
40,124.0,1,1797.999999904656,1,Task,image_42.jpg,2.0,2Among5NoColour,green,green,Quadrant 1,59.0,1.0,33–64,5
40,125.0,3,1708.5999999999767,1,Task,image_45.jpg,2.0,2Among5NoColour,green,green,Quadrant 3,82.0,3.0,65–99,6
40,126.0,2,755.9999999523279,1,Task,image_83.jpg,5.0,2Among5Colour,blue,green,Quadrant 2,14.0,2.0,9–16,3
40,127.0,4,3160.399999999965,1,Task,image_62.jpg,2.0,2Among5ConjRed,green,red,Quadrant 4,25.0,4.0,17–32,4
40,128.0,4,2178.000000047672,1,Task,image_134.jpg,5.0,2Among5ConjRed,green,red,Quadrant 4,25.0,4.0,17–32,4
40,129.0,4,1666.7999999999884,1,Task,image_28.jpg,2.0,2Among5NoColour,red,red,Quadrant 4,6.0,4.0,5–8,2
40,130.0,4,2006.0999999523049,0,Task,image_39.jpg,2.0,2Among5NoColour,green,green,Quadrant 2,26.0,2.0,17–32,4
40,131.0,3,1400.2000000953558,1,Task,image_19.jpg,2.0,2Among5Colour,green,red,Quadrant 3,47.0,3.0,33–64,5
40,132.0,3,1479.5999999999767,1,Task,image_10.jpg,2.0,2Among5Colour,red,green,Quadrant 3,16.0,3.0,9–16,3
40,133.0,2,1354.5999999999767,1,Task,image_121.jpg,5.0,2Among5ConjRed,blue,red,Quadrant 2,4.0,2.0,1–4,1
40,134.0,2,1985.1999999046093,1,Task,image_59.jpg,2.0,2Among5ConjRed,blue,red,Quadrant 2,14.0,2.0,9–16,3
40,135.0,2,1389.0,1,Task,image_131.jpg,5.0,2Among5ConjRed,blue,red,Quadrant 2,14.0,2.0,9–16,3
40,136.0,4,1249.8000000000466,1,Task,image_8.jpg,2.0,2Among5Colour,blue,red,Quadrant 4,15.0,4.0,9–16,3
40,137.0,1,2336.900000047696,1,Task,image_66.jpg,2.0,2Among5ConjRed,red,blue,Quadrant 1,59.0,1.0,33–64,5
40,138.0,1,1479.5,1,Task,image_57.jpg,2.0,2Among5ConjRed,red,blue,Quadrant 1,9.0,1.0,9–16,3
40,139.0,3,1968.999999904656,1,Task,image_69.jpg,2.0,2Among5ConjRed,blue,red,Quadrant 3,82.0,3.0,65–99,6
40,140.0,2,1472.399999999965,1,Task,image_53.jpg,2.0,2Among5ConjRed,green,red,Quadrant 2,5.0,2.0,5–8,2
40,141.0,1,1061.600000047707,1,Task,image_95.jpg,5.0,2Among5Colour,red,green,Quadrant 1,75.0,1.0,65–99,6
40,142.0,2,1926.999999952328,1,Task,image_135.jpg,5.0,2Among5ConjRed,green,blue,Quadrant 2,26.0,2.0,17–32,4
40,143.0,4,2242.0999999523046,1,Task,image_124.jpg,5.0,2Among5ConjRed,green,blue,Quadrant 4,6.0,4.0,5–8,2
40,144.0,1,1041.899999999965,1,Task,image_90.jpg,5.0,2Among5Colour,red,blue,Quadrant 1,59.0,1.0,33–64,5
90,1.0,3,5985.000000011933,0,Task,image_42.jpg,2.0,2Among5NoColour,green,green,Quadrant 1,59.0,1.0,33–64,5
90,2.0,3,1999.5999999940395,1,Task,image_82.jpg,5.0,2Among5Colour,red,green,Quadrant 3,16.0,3.0,9–16,3
90,3.0,2,4021.900000005961,1,Task,image_35.jpg,2.0,2Among5NoColour,blue,blue,Quadrant 2,14.0,2.0,9–16,3
90,4.0,2,1401.899999994028,1,Task,image_22.jpg,2.0,2Among5Colour,green,blue,Quadrant 2,65.0,2.0,65–99,6
90,5.0,3,1331.700000011915,1,Task,image_78.jpg,5.0,2Among5Colour,red,blue,Quadrant 3,7.0,3.0,5–8,2
90,6.0,2,4346.499999994034,0,Task,image_132.jpg,5.0,2Among5ConjRed,blue,green,Quadrant 1,23.0,1.0,17–32,4
90,7.0,4,1544.4000000059605,1,Task,image_89.jpg,5.0,2Among5Colour,blue,red,Quadrant 4,45.0,4.0,33–64,5
90,8.0,1,5714.800000005955,0,Task,image_130.jpg,5.0,2Among5ConjRed,red,green,Quadrant 3,16.0,3.0,9–16,3
90,9.0,1,4680.299999999988,1,Task,image_129.jpg,5.0,2Among5ConjRed,red,blue,Quadrant 1,9.0,1.0,9–16,3
90,10.0,2,3993.899999994028,1,Task,image_70.jpg,2.0,2Among5ConjRed,blue,green,Quadrant 2,65.0,2.0,65–99,6
90,11.0,2,1622.400000017893,1,Task,image_87.jpg,5.0,2Among5Colour,blue,green,Quadrant 2,26.0,2.0,17–32,4
90,12.0,1,3784.700000005949,0,Task,image_121.jpg,5.0,2Among5ConjRed,blue,red,Quadrant 2,4.0,2.0,1–4,1
90,13.0,1,2527.699999994046,0,Task,image_141.jpg,5.0,2Among5ConjRed,blue,red,Quadrant 3,82.0,3.0,65–99,6
90,14.0,3,3760.100000005972,1,Task,image_109.jpg,5.0,2Among5NoColour,blue,blue,Quadrant 3,20.0,3.0,17–32,4
90,15.0,2,4084.100000005972,0,Task,image_50.jpg,2.0,2Among5ConjRed,red,blue,Quadrant 4,2.0,4.0,1–4,1
90,16.0,1,3214.200000005949,0,Task,image_65.jpg,2.0,2Among5ConjRed,blue,red,Quadrant 4,45.0,4.0,33–64,5
90,17.0,1,2370.6000000119093,1,Task,image_84.jpg,5.0,2Among5Colour,red,blue,Quadrant 1,23.0,1.0,17–32,4
90,18.0,1,3430.5999999940395,0,Task,image_102.jpg,5.0,2Among5NoColour,blue,blue,Quadrant 3,7.0,3.0,5–8,2
90,19.0,1,1310.4000000059605,1,Task,image_75.jpg,5.0,2Among5Colour,green,blue,Quadrant 1,3.0,1.0,1–4,1
90,20.0,3,1642.6999999940165,1,Task,image_13.jpg,2.0,2Among5Colour,green,red,Quadrant 3,20.0,3.0,17–32,4
90,21.0,4,1294.0,1,Task,image_80.jpg,5.0,2Among5Colour,blue,red,Quadrant 4,15.0,4.0,9–16,3
90,22.0,2,4491.299999999988,0,Task,image_137.jpg,5.0,2Among5ConjRed,blue,red,Quadrant 4,45.0,4.0,33–64,5
90,23.0,3,1309.400000017893,1,Task,image_21.jpg,2.0,2Among5Colour,blue,green,Quadrant 3,82.0,3.0,65–99,6
90,24.0,4,3911.5000000178698,1,Task,image_110.jpg,5.0,2Among5NoColour,red,red,Quadrant 4,25.0,4.0,17–32,4
90,25.0,4,3723.5999999999767,0,Task,image_118.jpg,5.0,2Among5NoColour,red,red,Quadrant 2,65.0,2.0,65–99,6
90,26.0,2,3310.700000005949,1,Task,image_97.jpg,5.0,2Among5NoColour,blue,blue,Quadrant 2,4.0,2.0,1–4,1
90,27.0,1,3699.4000000000233,0,Task,image_64.jpg,2.0,2Among5ConjRed,red,green,Quadrant 2,34.0,2.0,33–64,5
90,28.0,2,3907.399999994028,0,Task,image_67.jpg,2.0,2Among5ConjRed,red,green,Quadrant 3,47.0,3.0,33–64,5
90,29.0,4,4103.300000017858,0,Task,image_131.jpg,5.0,2Among5ConjRed,blue,red,Quadrant 2,14.0,2.0,9–16,3
90,30.0,3,1750.1999999999534,1,Task,image_48.jpg,2.0,2Among5ConjRed,blue,green,Quadrant 3,1.0,3.0,1–4,1
90,31.0,4,2233.299999994051,1,Task,image_98.jpg,5.0,2Among5NoColour,red,red,Quadrant 4,2.0,4.0,1–4,1
90,32.0,4,3110.900000017893,0,Task,image_143.jpg,5.0,2Among5ConjRed,green,blue,Quadrant 1,75.0,1.0,65–99,6
90,33.0,4,2419.0999999940395,1,Task,image_74.jpg,5.0,2Among5Colour,green,red,Quadrant 4,2.0,4.0,1–4,1
90,34.0,3,3841.799999994051,1,Task,image_45.jpg,2.0,2Among5NoColour,green,green,Quadrant 3,82.0,3.0,65–99,6
90,35.0,1,3482.0,0,Task,image_136.jpg,5.0,2Among5ConjRed,red,green,Quadrant 2,34.0,2.0,33–64,5
90,36.0,2,3778.6000000179047,1,Task,image_125.jpg,5.0,2Among5ConjRed,green,red,Quadrant 2,5.0,2.0,5–8,2
90,37.0,1,2626.2999999999884,1,Task,image_55.jpg,2.0,2Among5ConjRed,blue,green,Quadrant 1,8.0,1.0,5–8,2
90,38.0,3,3562.5000000178698,1,Task,image_106.jpg,5.0,2Among5NoColour,red,red,Quadrant 3,16.0,3.0,9–16,3
90,39.0,2,4040.700000011944,0,Task,image_71.jpg,2.0,2Among5ConjRed,green,blue,Quadrant 1,75.0,1.0,65–99,6
90,40.0,2,1491.100000017905,1,Task,image_16.jpg,2.0,2Among5Colour,green,blue,Quadrant 2,34.0,2.0,33–64,5
90,41.0,1,2157.800000017858,1,Task,image_123.jpg,5.0,2Among5ConjRed,red,green,Quadrant 1,3.0,1.0,1–4,1
90,42.0,2,1963.300000005984,1,Task,image_73.jpg,5.0,2Among5Colour,blue,red,Quadrant 2,4.0,2.0,1–4,1
90,43.0,1,3880.700000000012,0,Task,image_140.jpg,5.0,2Among5ConjRed,green,red,Quadrant 4,93.0,4.0,65–99,6
90,44.0,3,4003.700000000012,0,Task,image_40.jpg,2.0,2Among5NoColour,red,red,Quadrant 2,34.0,2.0,33–64,5
90,45.0,1,1841.1999999940165,1,Task,image_81.jpg,5.0,2Among5Colour,green,blue,Quadrant 1,9.0,1.0,9–16,3
90,46.0,3,1994.5000000059367,1,Task,image_85.jpg,5.0,2Among5Colour,green,red,Quadrant 3,20.0,3.0,17–32,4
90,47.0,1,3843.500000011933,0,Task,image_133.jpg,5.0,2Among5ConjRed,red,blue,Quadrant 3,20.0,3.0,17–32,4
90,48.0,3,2966.0999999999767,1,Task,image_34.jpg,2.0,2Among5NoColour,red,red,Quadrant 3,16.0,3.0,9–16,3
90,49.0,3,3766.600000000035,0,Task,image_44.jpg,2.0,2Among5NoColour,red,red,Quadrant 4,93.0,4.0,65–99,6
90,50.0,1,1599.2000000059488,1,Task,image_90.jpg,5.0,2Among5Colour,red,blue,Quadrant 1,59.0,1.0,33–64,5
90,51.0,4,2217.100000000035,1,Task,image_86.jpg,5.0,2Among5Colour,red,green,Quadrant 4,25.0,4.0,17–32,4
90,52.0,4,2196.300000011921,1,Task,image_26.jpg,2.0,2Among5NoColour,red,red,Quadrant 4,2.0,4.0,1–4,1
90,53.0,4,1841.7999999940512,1,Task,image_17.jpg,2.0,2Among5Colour,blue,red,Quadrant 4,45.0,4.0,33–64,5
90,54.0,2,3904.4000000000233,0,Task,image_116.jpg,5.0,2Among5NoColour,red,red,Quadrant 4,93.0,4.0,65–99,6
90,55.0,3,4011.900000017893,0,Task,image_63.jpg,2.0,2Among5ConjRed,green,blue,Quadrant 2,26.0,2.0,17–32,4
90,56.0,2,2830.000000011933,1,Task,image_142.jpg,5.0,2Among5ConjRed,blue,green,Quadrant 2,65.0,2.0,65–99,6
90,57.0,1,3500.5,1,Task,image_66.jpg,2.0,2Among5ConjRed,red,blue,Quadrant 1,59.0,1.0,33–64,5
90,58.0,3,3992.300000005984,1,Task,image_37.jpg,2.0,2Among5NoColour,blue,blue,Quadrant 3,20.0,3.0,17–32,4
90,59.0,4,1573.0000000059372,1,Task,image_20.jpg,2.0,2Among5Colour,blue,red,Quadrant 4,93.0,4.0,65–99,6
90,60.0,1,3847.9000000000233,1,Task,image_33.jpg,2.0,2Among5NoColour,green,green,Quadrant 1,9.0,1.0,9–16,3
90,61.0,3,1879.7000000059488,1,Task,image_0.jpg,2.0,2Among5Colour,red,blue,Quadrant 3,1.0,3.0,1–4,1
90,62.0,1,2406.100000005972,1,Task,image_108.jpg,5.0,2Among5NoColour,green,green,Quadrant 1,23.0,1.0,17–32,4
90,63.0,1,1078.7000000059488,1,Task,image_23.jpg,2.0,2Among5Colour,red,green,Quadrant 1,75.0,1.0,65–99,6
90,64.0,2,3929.299999994051,1,Task,image_107.jpg,5.0,2Among5NoColour,blue,blue,Quadrant 2,14.0,2.0,9–16,3
90,65.0,1,2204.1000000119093,0,Task,image_120.jpg,5.0,2Among5ConjRed,blue,green,Quadrant 3,1.0,3.0,1–4,1
90,66.0,2,3878.4000000118976,0,Task,image_117.jpg,5.0,2Among5NoColour,green,green,Quadrant 3,82.0,3.0,65–99,6
90,67.0,2,3709.699999994016,0,Task,image_68.jpg,2.0,2Among5ConjRed,green,red,Quadrant 4,93.0,4.0,65–99,6
90,68.0,2,3527.0999999940395,0,Task,image_124.jpg,5.0,2Among5ConjRed,green,blue,Quadrant 4,6.0,4.0,5–8,2
90,69.0,3,2352.200000000012,1,Task,image_72.jpg,5.0,2Among5Colour,red,blue,Quadrant 3,1.0,3.0,1–4,1
90,70.0,1,2029.7000000178807,1,Task,image_79.jpg,5.0,2Among5Colour,green,red,Quadrant 1,8.0,1.0,5–8,2
90,71.0,2,2669.2999999999884,1,Task,image_135.jpg,5.0,2Among5ConjRed,green,blue,Quadrant 2,26.0,2.0,17–32,4
90,72.0,4,3178.999999994063,1,Task,image_38.jpg,2.0,2Among5NoColour,red,red,Quadrant 4,25.0,4.0,17–32,4
90,73.0,2,2080.1000000179047,1,Task,image_94.jpg,5.0,2Among5Colour,green,blue,Quadrant 2,65.0,2.0,65–99,6
90,74.0,1,2474.4000000059605,1,Task,image_105.jpg,5.0,2Among5NoColour,green,green,Quadrant 1,9.0,1.0,9–16,3
90,75.0,1,3752.0000000178698,0,Task,image_128.jpg,5.0,2Among5ConjRed,green,blue,Quadrant 4,15.0,4.0,9–16,3
90,76.0,1,3262.500000011933,0,Task,image_54.jpg,2.0,2Among5ConjRed,green,red,Quadrant 3,7.0,3.0,5–8,2
90,77.0,2,1429.399999994028,1,Task,image_77.jpg,5.0,2Among5Colour,red,green,Quadrant 2,5.0,2.0,5–8,2
90,78.0,1,1185.7999999940512,1,Task,image_3.jpg,2.0,2Among5Colour,green,blue,Quadrant 1,3.0,1.0,1–4,1
90,79.0,2,1333.5,1,Task,image_11.jpg,2.0,2Among5Colour,blue,green,Quadrant 2,14.0,2.0,9–16,3
90,80.0,4,1832.2999999999884,1,Task,image_100.jpg,5.0,2Among5NoColour,red,red,Quadrant 4,6.0,4.0,5–8,2
90,81.0,1,1679.6000000119093,1,Task,image_99.jpg,5.0,2Among5NoColour,blue,blue,Quadrant 1,3.0,1.0,1–4,1
90,82.0,3,2102.800000005984,1,Task,image_30.jpg,2.0,2Among5NoColour,blue,blue,Quadrant 3,7.0,3.0,5–8,2
90,83.0,1,3886.6000000179047,1,Task,image_60.jpg,2.0,2Among5ConjRed,blue,green,Quadrant 1,23.0,1.0,17–32,4
90,84.0,3,1204.0,1,Task,image_93.jpg,5.0,2Among5Colour,blue,green,Quadrant 3,82.0,3.0,65–99,6
90,85.0,2,1828.700000000012,1,Task,image_101.jpg,5.0,2Among5NoColour,green,green,Quadrant 2,5.0,2.0,5–8,2
90,86.0,2,1243.2999999999884,1,Task,image_83.jpg,5.0,2Among5Colour,blue,green,Quadrant 2,14.0,2.0,9–16,3
90,87.0,3,2444.400000000024,1,Task,image_24.jpg,2.0,2Among5NoColour,green,green,Quadrant 3,1.0,3.0,1–4,1
90,88.0,3,1860.100000017905,1,Task,image_19.jpg,2.0,2Among5Colour,green,red,Quadrant 3,47.0,3.0,33–64,5
90,89.0,1,2612.6999999940163,0,Task,image_104.jpg,5.0,2Among5NoColour,red,red,Quadrant 4,15.0,4.0,9–16,3
90,90.0,1,2602.300000017858,1,Task,image_57.jpg,2.0,2Among5ConjRed,red,blue,Quadrant 1,9.0,1.0,9–16,3
90,91.0,1,2333.400000000024,1,Task,image_138.jpg,5.0,2Among5ConjRed,red,blue,Quadrant 1,59.0,1.0,33–64,5
90,92.0,2,3332.6999999940163,1,Task,image_1.jpg,2.0,2Among5Colour,blue,red,Quadrant 2,4.0,2.0,1–4,1
90,93.0,1,2716.399999999907,1,Task,image_95.jpg,5.0,2Among5Colour,red,green,Quadrant 1,75.0,1.0,65–99,6
90,94.0,2,1822.0999999999767,1,Task,image_29.jpg,2.0,2Among5NoColour,green,green,Quadrant 2,5.0,2.0,5–8,2
90,95.0,1,1423.800000011921,1,Task,image_7.jpg,2.0,2Among5Colour,green,red,Quadrant 1,8.0,1.0,5–8,2
90,96.0,1,1115.200000006007,1,Task,image_18.jpg,2.0,2Among5Colour,red,blue,Quadrant 1,59.0,1.0,33–64,5
90,97.0,1,807.5,1,Task,image_12.jpg,2.0,2Among5Colour,red,blue,Quadrant 1,23.0,1.0,17–32,4
90,98.0,3,2577.5,1,Task,image_58.jpg,2.0,2Among5ConjRed,red,green,Quadrant 3,16.0,3.0,9–16,3
90,99.0,2,1328.5,1,Task,image_15.jpg,2.0,2Among5Colour,blue,green,Quadrant 2,26.0,2.0,17–32,4
90,100.0,4,4349.09999999404,1,Task,image_56.jpg,2.0,2Among5ConjRed,green,blue,Quadrant 4,15.0,4.0,9–16,3
90,101.0,2,3756.499999994063,0,Task,image_62.jpg,2.0,2Among5ConjRed,green,red,Quadrant 4,25.0,4.0,17–32,4
90,102.0,4,1644.299999993993,1,Task,image_92.jpg,5.0,2Among5Colour,blue,red,Quadrant 4,93.0,4.0,65–99,6
90,103.0,2,2321.900000000024,0,Task,image_2.jpg,2.0,2Among5Colour,green,red,Quadrant 4,2.0,4.0,1–4,1
90,104.0,1,3916.5999999999767,1,Task,image_103.jpg,5.0,2Among5NoColour,green,green,Quadrant 1,8.0,1.0,5–8,2
90,105.0,3,3981.500000005937,0,Task,image_46.jpg,2.0,2Among5NoColour,red,red,Quadrant 2,65.0,2.0,65–99,6
90,106.0,4,2206.0999999999767,1,Task,image_28.jpg,2.0,2Among5NoColour,red,red,Quadrant 4,6.0,4.0,5–8,2
90,107.0,4,2245.499999994063,1,Task,image_76.jpg,5.0,2Among5Colour,blue,green,Quadrant 4,6.0,4.0,5–8,2
90,108.0,4,2823.9000000059605,1,Task,image_113.jpg,5.0,2Among5NoColour,blue,blue,Quadrant 4,45.0,4.0,33–64,5
90,109.0,4,2229.000000005937,1,Task,image_8.jpg,2.0,2Among5Colour,blue,red,Quadrant 4,15.0,4.0,9–16,3
90,110.0,3,2368.899999994086,1,Task,image_126.jpg,5.0,2Among5ConjRed,green,red,Quadrant 3,7.0,3.0,5–8,2
90,111.0,2,2124.900000000024,1,Task,image_111.jpg,5.0,2Among5NoColour,green,green,Quadrant 2,26.0,2.0,17–32,4
90,112.0,3,3878.0000000118735,0,Task,image_47.jpg,2.0,2Among5NoColour,blue,blue,Quadrant 1,75.0,1.0,65–99,6
90,113.0,2,1711.5000000059372,1,Task,image_5.jpg,2.0,2Among5Colour,red,green,Quadrant 2,5.0,2.0,5–8,2
90,114.0,2,3568.900000017835,1,Task,image_25.jpg,2.0,2Among5NoColour,blue,blue,Quadrant 2,4.0,2.0,1–4,1
90,115.0,1,3098.6000000179047,1,Task,image_127.jpg,5.0,2Among5ConjRed,blue,green,Quadrant 1,8.0,1.0,5–8,2
90,116.0,1,1973.5000000118744,1,Task,image_36.jpg,2.0,2Among5NoColour,green,green,Quadrant 1,23.0,1.0,17–32,4
90,117.0,1,2764.3000000000466,0,Task,image_134.jpg,5.0,2Among5ConjRed,green,red,Quadrant 4,25.0,4.0,17–32,4
90,118.0,2,4231.099999999977,0,Task,image_69.jpg,2.0,2Among5ConjRed,blue,red,Quadrant 3,82.0,3.0,65–99,6
90,119.0,1,3635.300000005984,1,Task,image_119.jpg,5.0,2Among5NoColour,blue,blue,Quadrant 1,75.0,1.0,65–99,6
90,120.0,1,2337.400000017835,0,Task,image_112.jpg,5.0,2Among5NoColour,red,red,Quadrant 2,34.0,2.0,33–64,5
90,121.0,2,2179.800000005984,1,Task,image_39.jpg,2.0,2Among5NoColour,green,green,Quadrant 2,26.0,2.0,17–32,4
90,122.0,4,1440.0999999999767,1,Task,image_4.jpg,2.0,2Among5Colour,blue,green,Quadrant 4,6.0,4.0,5–8,2
90,123.0,3,1555.9999999940628,1,Task,image_6.jpg,2.0,2Among5Colour,red,blue,Quadrant 3,7.0,3.0,5–8,2
90,124.0,2,3809.700000006007,0,Task,image_52.jpg,2.0,2Among5ConjRed,green,blue,Quadrant 4,6.0,4.0,5–8,2
90,125.0,1,1679.7000000178814,1,Task,image_9.jpg,2.0,2Among5Colour,green,blue,Quadrant 1,9.0,1.0,9–16,3
90,126.0,2,3824.5999999999767,0,Task,image_43.jpg,2.0,2Among5NoColour,blue,blue,Quadrant 3,47.0,3.0,33–64,5
90,127.0,3,1309.600000017905,1,Task,image_91.jpg,5.0,2Among5Colour,green,red,Quadrant 3,47.0,3.0,33–64,5
90,128.0,2,3852.0999999999767,0,Task,image_139.jpg,5.0,2Among5ConjRed,red,green,Quadrant 3,47.0,3.0,33–64,5
90,129.0,3,4248.000000005937,1,Task,image_115.jpg,5.0,2Among5NoColour,blue,blue,Quadrant 3,47.0,3.0,33–64,5
90,130.0,1,2237.5000000118744,1,Task,image_51.jpg,2.0,2Among5ConjRed,red,green,Quadrant 1,3.0,1.0,1–4,1
90,131.0,2,3992.300000017858,0,Task,image_61.jpg,2.0,2Among5ConjRed,red,blue,Quadrant 3,20.0,3.0,17–32,4
90,132.0,3,3674.000000005937,1,Task,image_96.jpg,5.0,2Among5NoColour,green,green,Quadrant 3,1.0,3.0,1–4,1
90,133.0,1,4671.899999994086,1,Task,image_31.jpg,2.0,2Among5NoColour,green,green,Quadrant 1,8.0,1.0,5–8,2
90,134.0,2,2968.400000000024,1,Task,image_53.jpg,2.0,2Among5ConjRed,green,red,Quadrant 2,5.0,2.0,5–8,2
90,135.0,1,3145.800000011921,1,Task,image_27.jpg,2.0,2Among5NoColour,blue,blue,Quadrant 1,3.0,1.0,1–4,1
90,136.0,2,2780.5999999999767,1,Task,image_59.jpg,2.0,2Among5ConjRed,blue,red,Quadrant 2,14.0,2.0,9–16,3
90,137.0,2,1569.0000000059372,1,Task,image_49.jpg,2.0,2Among5ConjRed,blue,red,Quadrant 2,4.0,2.0,1–4,1
90,138.0,4,2108.100000005914,1,Task,image_122.jpg,5.0,2Among5ConjRed,red,blue,Quadrant 4,2.0,4.0,1–4,1
90,139.0,1,3340.0000000118744,1,Task,image_114.jpg,5.0,2Among5NoColour,green,green,Quadrant 1,59.0,1.0,33–64,5
90,140.0,3,2068.900000017835,1,Task,image_10.jpg,2.0,2Among5Colour,red,green,Quadrant 3,16.0,3.0,9–16,3
90,141.0,2,1490.0999999999767,1,Task,image_88.jpg,5.0,2Among5Colour,green,blue,Quadrant 2,34.0,2.0,33–64,5
90,142.0,4,1247.6999999940165,1,Task,image_14.jpg,2.0,2Among5Colour,red,green,Quadrant 4,25.0,4.0,17–32,4
90,143.0,3,3823.300000005984,0,Task,image_41.jpg,2.0,2Among5NoColour,blue,blue,Quadrant 4,45.0,4.0,33–64,5
90,144.0,4,3103.500000005937,1,Task,image_32.jpg,2.0,2Among5NoColour,red,red,Quadrant 4,15.0,4.0,9–16,3
61,1.0,2,746.8999999985099,0,Task,image_51.jpg,2.0,2Among5ConjRed,red,green,Quadrant 1,3.0,1.0,1–4,1
61,2.0,2,641.1999999984982,1,Task,image_94.jpg,5.0,2Among5Colour,green,blue,Quadrant 2,65.0,2.0,65–99,6
61,3.0,1,4715.799999999988,0,Task,image_117.jpg,5.0,2Among5NoColour,green,green,Quadrant 3,82.0,3.0,65–99,6
61,4.0,1,1377.300000000745,1,Task,image_60.jpg,2.0,2Among5ConjRed,blue,green,Quadrant 1,23.0,1.0,17–32,4
61,5.0,3,3093.1999999984982,1,Task,image_133.jpg,5.0,2Among5ConjRed,red,blue,Quadrant 3,20.0,3.0,17–32,4
61,6.0,2,930.1000000007334,1,Task,image_1.jpg,2.0,2Among5Colour,blue,red,Quadrant 2,4.0,2.0,1–4,1
61,7.0,4,2953.000000000029,1,Task,image_41.jpg,2.0,2Among5NoColour,blue,blue,Quadrant 4,45.0,4.0,33–64,5
61,8.0,4,3943.499999997759,0,Task,image_107.jpg,5.0,2Among5NoColour,blue,blue,Quadrant 2,14.0,2.0,9–16,3
61,9.0,4,3576.599999997765,0,Task,image_46.jpg,2.0,2Among5NoColour,red,red,Quadrant 2,65.0,2.0,65–99,6
61,10.0,1,2466.699999999255,1,Task,image_31.jpg,2.0,2Among5NoColour,green,green,Quadrant 1,8.0,1.0,5–8,2
61,11.0,4,2276.900000000751,1,Task,image_104.jpg,5.0,2Among5NoColour,red,red,Quadrant 4,15.0,4.0,9–16,3
61,12.0,3,1011.4000000007508,1,Task,image_78.jpg,5.0,2Among5Colour,red,blue,Quadrant 3,7.0,3.0,5–8,2
61,13.0,1,1477.800000000745,1,Task,image_127.jpg,5.0,2Among5ConjRed,blue,green,Quadrant 1,8.0,1.0,5–8,2
61,14.0,1,1023.1999999984982,1,Task,image_9.jpg,2.0,2Among5Colour,green,blue,Quadrant 1,9.0,1.0,9–16,3
61,15.0,4,1768.4000000000233,1,Task,image_124.jpg,5.0,2Among5ConjRed,green,blue,Quadrant 4,6.0,4.0,5–8,2
61,16.0,2,3495.7999999977765,0,Task,image_65.jpg,2.0,2Among5ConjRed,blue,red,Quadrant 4,45.0,4.0,33–64,5
61,17.0,1,803.4999999992433,1,Task,image_79.jpg,5.0,2Among5Colour,green,red,Quadrant 1,8.0,1.0,5–8,2
61,18.0,4,824.2000000007392,1,Task,image_4.jpg,2.0,2Among5Colour,blue,green,Quadrant 4,6.0,4.0,5–8,2
61,19.0,2,810.0999999992491,1,Task,image_83.jpg,5.0,2Among5Colour,blue,green,Quadrant 2,14.0,2.0,9–16,3
61,20.0,4,2486.999999997759,1,Task,image_116.jpg,5.0,2Among5NoColour,red,red,Quadrant 4,93.0,4.0,65–99,6
61,21.0,3,830.4999999984866,1,Task,image_93.jpg,5.0,2Among5Colour,blue,green,Quadrant 3,82.0,3.0,65–99,6
61,22.0,4,943.5999999999768,1,Task,image_2.jpg,2.0,2Among5Colour,green,red,Quadrant 4,2.0,4.0,1–4,1
61,23.0,1,3022.099999998521,0,Task,image_34.jpg,2.0,2Among5NoColour,red,red,Quadrant 3,16.0,3.0,9–16,3
61,24.0,4,958.7999999985332,1,Task,image_86.jpg,5.0,2Among5Colour,red,green,Quadrant 4,25.0,4.0,17–32,4
61,25.0,1,844.2000000007683,1,Task,image_95.jpg,5.0,2Among5Colour,red,green,Quadrant 1,75.0,1.0,65–99,6
61,26.0,4,1776.0999999985215,1,Task,image_28.jpg,2.0,2Among5NoColour,red,red,Quadrant 4,6.0,4.0,5–8,2
61,27.0,1,2170.599999998521,1,Task,image_123.jpg,5.0,2Among5ConjRed,red,green,Quadrant 1,3.0,1.0,1–4,1
61,28.0,4,3575.099999998521,0,Task,image_118.jpg,5.0,2Among5NoColour,red,red,Quadrant 2,65.0,2.0,65–99,6
61,29.0,4,1978.4999999992435,1,Task,image_62.jpg,2.0,2Among5ConjRed,green,red,Quadrant 4,25.0,4.0,17–32,4
61,30.0,3,3052.200000000012,1,Task,image_69.jpg,2.0,2Among5ConjRed,blue,red,Quadrant 3,82.0,3.0,65–99,6
61,31.0,4,3580.3999999992666,0,Task,image_119.jpg,5.0,2Among5NoColour,blue,blue,Quadrant 1,75.0,1.0,65–99,6
61,32.0,1,2841.2000000007683,1,Task,image_66.jpg,2.0,2Among5ConjRed,red,blue,Quadrant 1,59.0,1.0,33–64,5
61,33.0,1,942.8000000007452,1,Task,image_84.jpg,5.0,2Among5Colour,red,blue,Quadrant 1,23.0,1.0,17–32,4
61,34.0,2,3253.199999999953,1,Task,image_112.jpg,5.0,2Among5NoColour,red,red,Quadrant 2,34.0,2.0,33–64,5
61,35.0,1,1421.1999999977415,1,Task,image_138.jpg,5.0,2Among5ConjRed,red,blue,Quadrant 1,59.0,1.0,33–64,5
61,36.0,1,807.4000000000233,1,Task,image_75.jpg,5.0,2Among5Colour,green,blue,Quadrant 1,3.0,1.0,1–4,1
61,37.0,3,805.4000000007218,1,Task,image_6.jpg,2.0,2Among5Colour,red,blue,Quadrant 3,7.0,3.0,5–8,2
61,38.0,2,871.3999999992666,1,Task,image_5.jpg,2.0,2Among5Colour,red,green,Quadrant 2,5.0,2.0,5–8,2
61,39.0,3,911.9000000007218,1,Task,image_120.jpg,5.0,2Among5ConjRed,blue,green,Quadrant 3,1.0,3.0,1–4,1
61,40.0,2,1135.7000000000116,1,Task,image_49.jpg,2.0,2Among5ConjRed,blue,red,Quadrant 2,4.0,2.0,1–4,1
61,41.0,4,773.5999999999767,1,Task,image_14.jpg,2.0,2Among5Colour,red,green,Quadrant 4,25.0,4.0,17–32,4
61,42.0,2,986.5999999999768,1,Task,image_25.jpg,2.0,2Among5NoColour,blue,blue,Quadrant 2,4.0,2.0,1–4,1
61,43.0,3,960.6999999984982,1,Task,image_85.jpg,5.0,2Among5Colour,green,red,Quadrant 3,20.0,3.0,17–32,4
61,44.0,3,1228.3999999992666,1,Task,image_91.jpg,5.0,2Among5Colour,green,red,Quadrant 3,47.0,3.0,33–64,5
61,45.0,3,1423.7999999999884,1,Task,image_130.jpg,5.0,2Among5ConjRed,red,green,Quadrant 3,16.0,3.0,9–16,3
61,46.0,4,1184.5999999999767,1,Task,image_8.jpg,2.0,2Among5Colour,blue,red,Quadrant 4,15.0,4.0,9–16,3
61,47.0,1,862.0000000007567,1,Task,image_81.jpg,5.0,2Among5Colour,green,blue,Quadrant 1,9.0,1.0,9–16,3
61,48.0,4,3169.6000000007334,1,Task,image_68.jpg,2.0,2Among5ConjRed,green,red,Quadrant 4,93.0,4.0,65–99,6
61,49.0,4,899.0999999992782,1,Task,image_89.jpg,5.0,2Among5Colour,blue,red,Quadrant 4,45.0,4.0,33–64,5
61,50.0,3,2307.099999998521,1,Task,image_61.jpg,2.0,2Among5ConjRed,red,blue,Quadrant 3,20.0,3.0,17–32,4
61,51.0,2,2553.6999999984982,1,Task,image_39.jpg,2.0,2Among5NoColour,green,green,Quadrant 2,26.0,2.0,17–32,4
61,52.0,1,879.0999999985215,1,Task,image_90.jpg,5.0,2Among5Colour,red,blue,Quadrant 1,59.0,1.0,33–64,5
61,53.0,1,662.1999999977415,1,Task,image_3.jpg,2.0,2Among5Colour,green,blue,Quadrant 1,3.0,1.0,1–4,1
61,54.0,4,1008.1000000007334,0,Task,image_53.jpg,2.0,2Among5ConjRed,green,red,Quadrant 2,5.0,2.0,5–8,2
61,55.0,3,3555.499999999244,1,Task,image_37.jpg,2.0,2Among5NoColour,blue,blue,Quadrant 3,20.0,3.0,17–32,4
61,56.0,1,783.7000000000116,1,Task,image_7.jpg,2.0,2Among5Colour,green,red,Quadrant 1,8.0,1.0,5–8,2
61,57.0,1,2085.199999999953,1,Task,image_57.jpg,2.0,2Among5ConjRed,red,blue,Quadrant 1,9.0,1.0,9–16,3
61,58.0,1,1379.2999999999884,1,Task,image_132.jpg,5.0,2Among5ConjRed,blue,green,Quadrant 1,23.0,1.0,17–32,4
61,59.0,3,3824.299999999989,0,Task,image_44.jpg,2.0,2Among5NoColour,red,red,Quadrant 4,93.0,4.0,65–99,6
61,60.0,1,1480.4000000007218,1,Task,image_114.jpg,5.0,2Among5NoColour,green,green,Quadrant 1,59.0,1.0,33–64,5
61,61.0,2,809.7999999985332,1,Task,image_73.jpg,5.0,2Among5Colour,blue,red,Quadrant 2,4.0,2.0,1–4,1
61,62.0,2,1611.7999999992317,1,Task,image_64.jpg,2.0,2Among5ConjRed,red,green,Quadrant 2,34.0,2.0,33–64,5
61,63.0,4,2350.900000000024,1,Task,image_32.jpg,2.0,2Among5NoColour,red,red,Quadrant 4,15.0,4.0,9–16,3
61,64.0,2,1267.7000000000116,1,Task,image_135.jpg,5.0,2Among5ConjRed,green,blue,Quadrant 2,26.0,2.0,17–32,4
61,65.0,1,1348.7999999999884,1,Task,image_27.jpg,2.0,2Among5NoColour,blue,blue,Quadrant 1,3.0,1.0,1–4,1
61,66.0,2,1260.4000000007218,1,Task,image_63.jpg,2.0,2Among5ConjRed,green,blue,Quadrant 2,26.0,2.0,17–32,4
61,67.0,3,3483.999999999244,1,Task,image_139.jpg,5.0,2Among5ConjRed,red,green,Quadrant 3,47.0,3.0,33–64,5
61,68.0,3,2178.299999999232,1,Task,image_106.jpg,5.0,2Among5NoColour,red,red,Quadrant 3,16.0,3.0,9–16,3
61,69.0,4,1157.9000000007218,1,Task,image_92.jpg,5.0,2Among5Colour,blue,red,Quadrant 4,93.0,4.0,65–99,6
61,70.0,1,1045.499999997788,1,Task,image_23.jpg,2.0,2Among5Colour,red,green,Quadrant 1,75.0,1.0,65–99,6
61,71.0,4,1597.5,1,Task,image_113.jpg,5.0,2Among5NoColour,blue,blue,Quadrant 4,45.0,4.0,33–64,5
61,72.0,4,777.0999999992782,1,Task,image_76.jpg,5.0,2Among5Colour,blue,green,Quadrant 4,6.0,4.0,5–8,2
61,73.0,1,1893.999999997788,1,Task,image_129.jpg,5.0,2Among5ConjRed,red,blue,Quadrant 1,9.0,1.0,9–16,3
61,74.0,1,2702.8000000000466,1,Task,image_33.jpg,2.0,2Among5NoColour,green,green,Quadrant 1,9.0,1.0,9–16,3
61,75.0,4,2237.199999999255,1,Task,image_137.jpg,5.0,2Among5ConjRed,blue,red,Quadrant 4,45.0,4.0,33–64,5
61,76.0,4,1148.7000000007683,1,Task,image_98.jpg,5.0,2Among5NoColour,red,red,Quadrant 4,2.0,4.0,1–4,1
61,77.0,1,2419.0999999999185,1,Task,image_105.jpg,5.0,2Among5NoColour,green,green,Quadrant 1,9.0,1.0,9–16,3
61,78.0,1,3766.5999999985215,1,Task,image_47.jpg,2.0,2Among5NoColour,blue,blue,Quadrant 1,75.0,1.0,65–99,6
61,79.0,3,1159.5,1,Task,image_13.jpg,2.0,2Among5Colour,green,red,Quadrant 3,20.0,3.0,17–32,4
61,80.0,4,1156.8999999977532,1,Task,image_26.jpg,2.0,2Among5NoColour,red,red,Quadrant 4,2.0,4.0,1–4,1
61,81.0,4,1002.39999999851,1,Task,image_80.jpg,5.0,2Among5Colour,blue,red,Quadrant 4,15.0,4.0,9–16,3
61,82.0,3,1197.800000000745,1,Task,image_72.jpg,5.0,2Among5Colour,red,blue,Quadrant 3,1.0,3.0,1–4,1
61,83.0,2,833.7999999985332,1,Task,image_87.jpg,5.0,2Among5Colour,blue,green,Quadrant 2,26.0,2.0,17–32,4
61,84.0,4,1358.2999999977765,1,Task,image_122.jpg,5.0,2Among5ConjRed,red,blue,Quadrant 4,2.0,4.0,1–4,1
61,85.0,1,1377.7999999985332,1,Task,image_143.jpg,5.0,2Among5ConjRed,green,blue,Quadrant 1,75.0,1.0,65–99,6
61,86.0,3,878.4999999992433,1,Task,image_21.jpg,2.0,2Among5Colour,blue,green,Quadrant 3,82.0,3.0,65–99,6
61,87.0,2,3095.2999999977765,1,Task,image_70.jpg,2.0,2Among5ConjRed,blue,green,Quadrant 2,65.0,2.0,65–99,6
61,88.0,3,1383.2999999977765,0,Task,image_99.jpg,5.0,2Among5NoColour,blue,blue,Quadrant 1,3.0,1.0,1–4,1
61,89.0,1,3673.999999998487,0,Task,image_45.jpg,2.0,2Among5NoColour,green,green,Quadrant 3,82.0,3.0,65–99,6
61,90.0,3,1760.4999999984866,1,Task,image_24.jpg,2.0,2Among5NoColour,green,green,Quadrant 3,1.0,3.0,1–4,1
61,91.0,4,1116.7999999999884,1,Task,image_74.jpg,5.0,2Among5Colour,green,red,Quadrant 4,2.0,4.0,1–4,1
61,92.0,1,3366.4999999984866,1,Task,image_108.jpg,5.0,2Among5NoColour,green,green,Quadrant 1,23.0,1.0,17–32,4
61,93.0,2,1679.2999999977765,1,Task,image_142.jpg,5.0,2Among5ConjRed,blue,green,Quadrant 2,65.0,2.0,65–99,6
61,94.0,3,1087.3999999992666,1,Task,image_54.jpg,2.0,2Among5ConjRed,green,red,Quadrant 3,7.0,3.0,5–8,2
61,95.0,2,935.9999999992432,1,Task,image_11.jpg,2.0,2Among5Colour,blue,green,Quadrant 2,14.0,2.0,9–16,3
61,96.0,3,2710.099999997765,1,Task,image_141.jpg,5.0,2Among5ConjRed,blue,red,Quadrant 3,82.0,3.0,65–99,6
61,97.0,2,1277.4000000007218,1,Task,image_121.jpg,5.0,2Among5ConjRed,blue,red,Quadrant 2,4.0,2.0,1–4,1
61,98.0,2,1821.200000000012,1,Task,image_101.jpg,5.0,2Among5NoColour,green,green,Quadrant 2,5.0,2.0,5–8,2
61,99.0,1,2270.799999999232,0,Task,image_56.jpg,2.0,2Among5ConjRed,green,blue,Quadrant 4,15.0,4.0,9–16,3
61,100.0,1,981.6999999977417,1,Task,image_18.jpg,2.0,2Among5Colour,red,blue,Quadrant 1,59.0,1.0,33–64,5
61,101.0,3,2132.400000000024,1,Task,image_30.jpg,2.0,2Among5NoColour,blue,blue,Quadrant 3,7.0,3.0,5–8,2
61,102.0,3,1128.300000000745,1,Task,image_126.jpg,5.0,2Among5ConjRed,green,red,Quadrant 3,7.0,3.0,5–8,2
61,103.0,3,2934.900000000722,1,Task,image_109.jpg,5.0,2Among5NoColour,blue,blue,Quadrant 3,20.0,3.0,17–32,4
61,104.0,1,1739.7999999985332,1,Task,image_55.jpg,2.0,2Among5ConjRed,blue,green,Quadrant 1,8.0,1.0,5–8,2
61,105.0,4,1603.1999999984982,1,Task,image_38.jpg,2.0,2Among5NoColour,red,red,Quadrant 4,25.0,4.0,17–32,4
61,106.0,1,1876.2999999977765,1,Task,image_36.jpg,2.0,2Among5NoColour,green,green,Quadrant 1,23.0,1.0,17–32,4
61,107.0,3,2572.0,1,Task,image_43.jpg,2.0,2Among5NoColour,blue,blue,Quadrant 3,47.0,3.0,33–64,5
61,108.0,3,3216.89999999851,1,Task,image_67.jpg,2.0,2Among5ConjRed,red,green,Quadrant 3,47.0,3.0,33–64,5
61,109.0,3,1424.8999999977532,1,Task,image_96.jpg,5.0,2Among5NoColour,green,green,Quadrant 3,1.0,3.0,1–4,1
61,110.0,2,2235.399999997753,1,Task,image_35.jpg,2.0,2Among5NoColour,blue,blue,Quadrant 2,14.0,2.0,9–16,3
61,111.0,4,1636.7999999999884,1,Task,image_52.jpg,2.0,2Among5ConjRed,green,blue,Quadrant 4,6.0,4.0,5–8,2
61,112.0,2,3032.1999999984982,1,Task,image_111.jpg,5.0,2Among5NoColour,green,green,Quadrant 2,26.0,2.0,17–32,4
61,113.0,1,2103.599999999278,1,Task,image_71.jpg,2.0,2Among5ConjRed,green,blue,Quadrant 1,75.0,1.0,65–99,6
61,114.0,4,2621.700000000012,1,Task,image_140.jpg,5.0,2Among5ConjRed,green,red,Quadrant 4,93.0,4.0,65–99,6
61,115.0,4,1494.999999997788,1,Task,image_100.jpg,5.0,2Among5NoColour,red,red,Quadrant 4,6.0,4.0,5–8,2
61,116.0,4,1032.4000000000233,1,Task,image_110.jpg,5.0,2Among5NoColour,red,red,Quadrant 4,25.0,4.0,17–32,4
61,117.0,3,1193.2999999977765,1,Task,image_82.jpg,5.0,2Among5Colour,red,green,Quadrant 3,16.0,3.0,9–16,3
61,118.0,2,1461.2999999977765,1,Task,image_131.jpg,5.0,2Among5ConjRed,blue,red,Quadrant 2,14.0,2.0,9–16,3
61,119.0,3,822.2999999977765,1,Task,image_19.jpg,2.0,2Among5Colour,green,red,Quadrant 3,47.0,3.0,33–64,5
61,120.0,4,1097.4000000007218,0,Task,image_125.jpg,5.0,2Among5ConjRed,green,red,Quadrant 2,5.0,2.0,5–8,2
61,121.0,2,2451.699999997741,1,Task,image_40.jpg,2.0,2Among5NoColour,red,red,Quadrant 2,34.0,2.0,33–64,5
61,122.0,3,1202.4999999993015,1,Task,image_10.jpg,2.0,2Among5Colour,red,green,Quadrant 3,16.0,3.0,9–16,3
61,123.0,3,869.4999999977881,1,Task,image_0.jpg,2.0,2Among5Colour,red,blue,Quadrant 3,1.0,3.0,1–4,1
61,124.0,2,695.2000000007683,1,Task,image_16.jpg,2.0,2Among5Colour,green,blue,Quadrant 2,34.0,2.0,33–64,5
61,125.0,3,3351.7999999977183,1,Task,image_115.jpg,5.0,2Among5NoColour,blue,blue,Quadrant 3,47.0,3.0,33–64,5
61,126.0,4,965.0999999977648,1,Task,image_17.jpg,2.0,2Among5Colour,blue,red,Quadrant 4,45.0,4.0,33–64,5
61,127.0,2,1400.0999999977648,1,Task,image_29.jpg,2.0,2Among5NoColour,green,green,Quadrant 2,5.0,2.0,5–8,2
61,128.0,4,932.7999999977184,1,Task,image_20.jpg,2.0,2Among5Colour,blue,red,Quadrant 4,93.0,4.0,65–99,6
61,129.0,3,970.9999999984866,1,Task,image_48.jpg,2.0,2Among5ConjRed,blue,green,Quadrant 3,1.0,3.0,1–4,1
61,130.0,4,1455.7000000007683,1,Task,image_128.jpg,5.0,2Among5ConjRed,green,blue,Quadrant 4,15.0,4.0,9–16,3
61,131.0,1,1826.399999997812,1,Task,image_42.jpg,2.0,2Among5NoColour,green,green,Quadrant 1,59.0,1.0,33–64,5
61,132.0,2,842.5000000006985,1,Task,image_15.jpg,2.0,2Among5Colour,blue,green,Quadrant 2,26.0,2.0,17–32,4
61,133.0,2,837.1999999992549,1,Task,image_77.jpg,5.0,2Among5Colour,red,green,Quadrant 2,5.0,2.0,5–8,2
61,134.0,2,1240.1999999985565,1,Task,image_136.jpg,5.0,2Among5ConjRed,red,green,Quadrant 2,34.0,2.0,33–64,5
61,135.0,2,761.2999999977183,1,Task,image_88.jpg,5.0,2Among5Colour,green,blue,Quadrant 2,34.0,2.0,33–64,5
61,136.0,4,1934.999999997788,1,Task,image_50.jpg,2.0,2Among5ConjRed,red,blue,Quadrant 4,2.0,4.0,1–4,1
61,137.0,3,2063.0000000006985,1,Task,image_102.jpg,5.0,2Among5NoColour,blue,blue,Quadrant 3,7.0,3.0,5–8,2
61,138.0,2,1365.4000000007218,1,Task,image_59.jpg,2.0,2Among5ConjRed,blue,red,Quadrant 2,14.0,2.0,9–16,3
61,139.0,1,3034.4999999984866,1,Task,image_103.jpg,5.0,2Among5NoColour,green,green,Quadrant 1,8.0,1.0,5–8,2
61,140.0,2,1963.1999999985565,1,Task,image_22.jpg,2.0,2Among5Colour,green,blue,Quadrant 2,65.0,2.0,65–99,6
61,141.0,1,2026.1999999985565,1,Task,image_12.jpg,2.0,2Among5Colour,red,blue,Quadrant 1,23.0,1.0,17–32,4
61,142.0,4,1849.799999999232,1,Task,image_134.jpg,5.0,2Among5ConjRed,green,red,Quadrant 4,25.0,4.0,17–32,4
61,143.0,2,1130.9999999993015,1,Task,image_97.jpg,5.0,2Among5NoColour,blue,blue,Quadrant 2,4.0,2.0,1–4,1
61,144.0,3,1425.7000000007683,1,Task,image_58.jpg,2.0,2Among5ConjRed,red,green,Quadrant 3,16.0,3.0,9–16,3
44,1.0,4,3367.0000000953733,0,Task,image_59.jpg,2.0,2Among5ConjRed,blue,red,Quadrant 2,14.0,2.0,9–16,3
44,2.0,1,1333.4999998092535,1,Task,image_75.jpg,5.0,2Among5Colour,green,blue,Quadrant 1,3.0,1.0,1–4,1
44,3.0,1,2750.100000000006,0,Task,image_63.jpg,2.0,2Among5ConjRed,green,blue,Quadrant 2,26.0,2.0,17–32,4
44,4.0,1,1853.799999809271,0,Task,image_130.jpg,5.0,2Among5ConjRed,red,green,Quadrant 3,16.0,3.0,9–16,3
44,5.0,1,2271.899999999994,0,Task,image_135.jpg,5.0,2Among5ConjRed,green,blue,Quadrant 2,26.0,2.0,17–32,4
44,6.0,2,2520.599999904633,0,Task,image_129.jpg,5.0,2Among5ConjRed,red,blue,Quadrant 1,9.0,1.0,9–16,3
44,7.0,1,1450.6999999999534,0,Task,image_133.jpg,5.0,2Among5ConjRed,red,blue,Quadrant 3,20.0,3.0,17–32,4
44,8.0,3,2373.599999713886,0,Task,image_118.jpg,5.0,2Among5NoColour,red,red,Quadrant 2,65.0,2.0,65–99,6
44,9.0,2,1283.8999999999942,0,Task,image_98.jpg,5.0,2Among5NoColour,red,red,Quadrant 4,2.0,4.0,1–4,1
44,10.0,2,1718.399999904621,1,Task,image_22.jpg,2.0,2Among5Colour,green,blue,Quadrant 2,65.0,2.0,65–99,6
44,11.0,4,2598.599999904633,1,Task,image_68.jpg,2.0,2Among5ConjRed,green,red,Quadrant 4,93.0,4.0,65–99,6
44,12.0,1,1812.0999999046328,1,Task,image_114.jpg,5.0,2Among5NoColour,green,green,Quadrant 1,59.0,1.0,33–64,5
44,13.0,3,1216.6999999999534,0,Task,image_70.jpg,2.0,2Among5ConjRed,blue,green,Quadrant 2,65.0,2.0,65–99,6
44,14.0,2,1293.9999999046267,0,Task,image_41.jpg,2.0,2Among5NoColour,blue,blue,Quadrant 4,45.0,4.0,33–64,5
44,15.0,2,1463.2999997138977,1,Task,image_1.jpg,2.0,2Among5Colour,blue,red,Quadrant 2,4.0,2.0,1–4,1
44,16.0,3,1146.899999904621,1,Task,image_85.jpg,5.0,2Among5Colour,green,red,Quadrant 3,20.0,3.0,17–32,4
44,17.0,3,2027.0000000953733,0,Task,image_47.jpg,2.0,2Among5NoColour,blue,blue,Quadrant 1,75.0,1.0,65–99,6
44,18.0,3,2102.499999809253,0,Task,image_134.jpg,5.0,2Among5ConjRed,green,red,Quadrant 4,25.0,4.0,17–32,4
44,19.0,4,1311.2000000953558,0,Task,image_126.jpg,5.0,2Among5ConjRed,green,red,Quadrant 3,7.0,3.0,5–8,2
44,20.0,1,808.2000000000116,1,Task,image_55.jpg,2.0,2Among5ConjRed,blue,green,Quadrant 1,8.0,1.0,5–8,2
44,21.0,1,1413.2000000000116,1,Task,image_79.jpg,5.0,2Among5Colour,green,red,Quadrant 1,8.0,1.0,5–8,2
44,22.0,4,2242.100000095379,0,Task,image_71.jpg,2.0,2Among5ConjRed,green,blue,Quadrant 1,75.0,1.0,65–99,6
44,23.0,1,2317.000000000029,1,Task,image_123.jpg,5.0,2Among5ConjRed,red,green,Quadrant 1,3.0,1.0,1–4,1
44,24.0,2,2150.400000095367,1,Task,image_101.jpg,5.0,2Among5NoColour,green,green,Quadrant 2,5.0,2.0,5–8,2
44,25.0,1,1262.399999904621,1,Task,image_9.jpg,2.0,2Among5Colour,green,blue,Quadrant 1,9.0,1.0,9–16,3
44,26.0,3,1697.0,1,Task,image_120.jpg,5.0,2Among5ConjRed,blue,green,Quadrant 3,1.0,3.0,1–4,1
44,27.0,4,2275.299999904644,0,Task,image_39.jpg,2.0,2Among5NoColour,green,green,Quadrant 2,26.0,2.0,17–32,4
44,28.0,4,1908.899999904621,0,Task,image_112.jpg,5.0,2Among5NoColour,red,red,Quadrant 2,34.0,2.0,33–64,5
44,29.0,3,1421.5000000953733,1,Task,image_93.jpg,5.0,2Among5Colour,blue,green,Quadrant 3,82.0,3.0,65–99,6
44,30.0,2,1065.9999998092535,0,Task,image_99.jpg,5.0,2Among5NoColour,blue,blue,Quadrant 1,3.0,1.0,1–4,1
44,31.0,2,1853.0,1,Task,image_111.jpg,5.0,2Among5NoColour,green,green,Quadrant 2,26.0,2.0,17–32,4
44,32.0,2,1383.999999904656,1,Task,image_15.jpg,2.0,2Among5Colour,blue,green,Quadrant 2,26.0,2.0,17–32,4
44,33.0,2,1830.100000095379,0,Task,image_26.jpg,2.0,2Among5NoColour,red,red,Quadrant 4,2.0,4.0,1–4,1
44,34.0,2,2185.900000000024,0,Task,image_128.jpg,5.0,2Among5ConjRed,green,blue,Quadrant 4,15.0,4.0,9–16,3
44,35.0,2,1024.7999999999884,1,Task,image_25.jpg,2.0,2Among5NoColour,blue,blue,Quadrant 2,4.0,2.0,1–4,1
44,36.0,1,1700.3000000000466,0,Task,image_67.jpg,2.0,2Among5ConjRed,red,green,Quadrant 3,47.0,3.0,33–64,5
44,37.0,2,1004.2999999999884,1,Task,image_83.jpg,5.0,2Among5Colour,blue,green,Quadrant 2,14.0,2.0,9–16,3
44,38.0,2,1578.999999904656,1,Task,image_35.jpg,2.0,2Among5NoColour,blue,blue,Quadrant 2,14.0,2.0,9–16,3
44,39.0,1,1361.1999999046093,0,Task,image_142.jpg,5.0,2Among5ConjRed,blue,green,Quadrant 2,65.0,2.0,65–99,6
44,40.0,1,1536.000000095344,1,Task,image_42.jpg,2.0,2Among5NoColour,green,green,Quadrant 1,59.0,1.0,33–64,5
44,41.0,4,1791.8999998092768,1,Task,image_74.jpg,5.0,2Among5Colour,green,red,Quadrant 4,2.0,4.0,1–4,1
44,42.0,1,1365.2999999999884,1,Task,image_84.jpg,5.0,2Among5Colour,red,blue,Quadrant 1,23.0,1.0,17–32,4
44,43.0,2,1548.2000000953558,0,Task,image_124.jpg,5.0,2Among5ConjRed,green,blue,Quadrant 4,6.0,4.0,5–8,2
44,44.0,2,835.9000000000233,0,Task,image_62.jpg,2.0,2Among5ConjRed,green,red,Quadrant 4,25.0,4.0,17–32,4
44,45.0,1,1335.500000095344,1,Task,image_60.jpg,2.0,2Among5ConjRed,blue,green,Quadrant 1,23.0,1.0,17–32,4
44,46.0,2,775.2000000000116,0,Task,image_44.jpg,2.0,2Among5NoColour,red,red,Quadrant 4,93.0,4.0,65–99,6
44,47.0,1,1053.4999997139091,1,Task,image_18.jpg,2.0,2Among5Colour,red,blue,Quadrant 1,59.0,1.0,33–64,5
44,48.0,1,632.7999999046442,0,Task,image_32.jpg,2.0,2Among5NoColour,red,red,Quadrant 4,15.0,4.0,9–16,3
44,49.0,2,964.6999999046092,0,Task,image_52.jpg,2.0,2Among5ConjRed,green,blue,Quadrant 4,6.0,4.0,5–8,2
44,50.0,1,1180.2999999046442,0,Task,image_113.jpg,5.0,2Among5NoColour,blue,blue,Quadrant 4,45.0,4.0,33–64,5
44,51.0,3,914.5,1,Task,image_21.jpg,2.0,2Among5Colour,blue,green,Quadrant 3,82.0,3.0,65–99,6
44,52.0,3,1315.9000000953674,0,Task,image_138.jpg,5.0,2Among5ConjRed,red,blue,Quadrant 1,59.0,1.0,33–64,5
44,53.0,4,1005.5999999046326,1,Task,image_14.jpg,2.0,2Among5Colour,red,green,Quadrant 4,25.0,4.0,17–32,4
44,54.0,3,1498.7000000953558,0,Task,image_125.jpg,5.0,2Among5ConjRed,green,red,Quadrant 2,5.0,2.0,5–8,2
44,55.0,3,1627.100000095379,1,Task,image_72.jpg,5.0,2Among5Colour,red,blue,Quadrant 3,1.0,3.0,1–4,1
44,56.0,1,1775.499999904656,1,Task,image_81.jpg,5.0,2Among5Colour,green,blue,Quadrant 1,9.0,1.0,9–16,3
44,57.0,4,1998.7999998092416,0,Task,image_141.jpg,5.0,2Among5ConjRed,blue,red,Quadrant 3,82.0,3.0,65–99,6
44,58.0,4,931.2999999046442,0,Task,image_119.jpg,5.0,2Among5NoColour,blue,blue,Quadrant 1,75.0,1.0,65–99,6
44,59.0,4,1931.5999999999767,1,Task,image_76.jpg,5.0,2Among5Colour,blue,green,Quadrant 4,6.0,4.0,5–8,2
44,60.0,4,1163.899999904621,1,Task,image_89.jpg,5.0,2Among5Colour,blue,red,Quadrant 4,45.0,4.0,33–64,5
44,61.0,4,1218.6999999046093,1,Task,image_80.jpg,5.0,2Among5Colour,blue,red,Quadrant 4,15.0,4.0,9–16,3
44,62.0,2,1039.500000095344,1,Task,image_16.jpg,2.0,2Among5Colour,green,blue,Quadrant 2,34.0,2.0,33–64,5
44,63.0,2,1155.7999999999884,0,Task,image_102.jpg,5.0,2Among5NoColour,blue,blue,Quadrant 3,7.0,3.0,5–8,2
44,64.0,2,1713.7999999999884,1,Task,image_73.jpg,5.0,2Among5Colour,blue,red,Quadrant 2,4.0,2.0,1–4,1
44,65.0,1,1035.7999999046442,0,Task,image_104.jpg,5.0,2Among5NoColour,red,red,Quadrant 4,15.0,4.0,9–16,3
44,66.0,1,1086.699999713921,0,Task,image_107.jpg,5.0,2Among5NoColour,blue,blue,Quadrant 2,14.0,2.0,9–16,3
44,67.0,2,1560.1999999046093,1,Task,image_97.jpg,5.0,2Among5NoColour,blue,blue,Quadrant 2,4.0,2.0,1–4,1
44,68.0,1,1271.9000000953674,0,Task,image_140.jpg,5.0,2Among5ConjRed,green,red,Quadrant 4,93.0,4.0,65–99,6
44,69.0,3,993.4000000000232,1,Task,image_13.jpg,2.0,2Among5Colour,green,red,Quadrant 3,20.0,3.0,17–32,4
44,70.0,3,807.0999999999767,0,Task,image_108.jpg,5.0,2Among5NoColour,green,green,Quadrant 1,23.0,1.0,17–32,4
44,71.0,3,1788.000000095344,0,Task,image_122.jpg,5.0,2Among5ConjRed,red,blue,Quadrant 4,2.0,4.0,1–4,1
44,72.0,2,1001.8999999046208,0,Task,image_116.jpg,5.0,2Among5NoColour,red,red,Quadrant 4,93.0,4.0,65–99,6
44,73.0,3,918.699999713921,1,Task,image_10.jpg,2.0,2Among5Colour,red,green,Quadrant 3,16.0,3.0,9–16,3
44,74.0,4,1111.4000000000233,1,Task,image_86.jpg,5.0,2Among5Colour,red,green,Quadrant 4,25.0,4.0,17–32,4
44,75.0,3,1512.5999999046326,0,Task,image_53.jpg,2.0,2Among5ConjRed,green,red,Quadrant 2,5.0,2.0,5–8,2
44,76.0,4,849.5,1,Task,image_4.jpg,2.0,2Among5Colour,blue,green,Quadrant 4,6.0,4.0,5–8,2
44,77.0,1,1229.2999999999884,1,Task,image_3.jpg,2.0,2Among5Colour,green,blue,Quadrant 1,3.0,1.0,1–4,1
44,78.0,4,1305.7999999046442,1,Task,image_28.jpg,2.0,2Among5NoColour,red,red,Quadrant 4,6.0,4.0,5–8,2
44,79.0,3,1130.7000000000116,1,Task,image_43.jpg,2.0,2Among5NoColour,blue,blue,Quadrant 3,47.0,3.0,33–64,5
44,80.0,1,1299.100000095379,0,Task,image_58.jpg,2.0,2Among5ConjRed,red,green,Quadrant 3,16.0,3.0,9–16,3
44,81.0,3,780.4000000000233,1,Task,image_82.jpg,5.0,2Among5Colour,red,green,Quadrant 3,16.0,3.0,9–16,3
44,82.0,2,1939.3000000953907,0,Task,image_56.jpg,2.0,2Among5ConjRed,green,blue,Quadrant 4,15.0,4.0,9–16,3
44,83.0,1,979.5999999999768,0,Task,image_2.jpg,2.0,2Among5Colour,green,red,Quadrant 4,2.0,4.0,1–4,1
44,84.0,2,1153.199999713921,0,Task,image_106.jpg,5.0,2Among5NoColour,red,red,Quadrant 3,16.0,3.0,9–16,3
44,85.0,2,904.2000000953558,0,Task,image_30.jpg,2.0,2Among5NoColour,blue,blue,Quadrant 3,7.0,3.0,5–8,2
44,86.0,1,960.5,0,Task,image_110.jpg,5.0,2Among5NoColour,red,red,Quadrant 4,25.0,4.0,17–32,4
44,87.0,1,1431.6999999046093,0,Task,image_69.jpg,2.0,2Among5ConjRed,blue,red,Quadrant 3,82.0,3.0,65–99,6
44,88.0,3,955.7999999999884,1,Task,image_109.jpg,5.0,2Among5NoColour,blue,blue,Quadrant 3,20.0,3.0,17–32,4
44,89.0,3,1554.999999904656,0,Task,image_132.jpg,5.0,2Among5ConjRed,blue,green,Quadrant 1,23.0,1.0,17–32,4
44,90.0,3,1545.7999999999884,1,Task,image_19.jpg,2.0,2Among5Colour,green,red,Quadrant 3,47.0,3.0,33–64,5
44,91.0,2,1209.499999904656,1,Task,image_5.jpg,2.0,2Among5Colour,red,green,Quadrant 2,5.0,2.0,5–8,2
44,92.0,1,998.4000000000232,1,Task,image_31.jpg,2.0,2Among5NoColour,green,green,Quadrant 1,8.0,1.0,5–8,2
44,93.0,1,1483.5999999999767,0,Task,image_96.jpg,5.0,2Among5NoColour,green,green,Quadrant 3,1.0,3.0,1–4,1
44,94.0,4,886.4999999046559,1,Task,image_20.jpg,2.0,2Among5Colour,blue,red,Quadrant 4,93.0,4.0,65–99,6
44,95.0,1,1367.799999809242,1,Task,image_57.jpg,2.0,2Among5ConjRed,red,blue,Quadrant 1,9.0,1.0,9–16,3
44,96.0,2,813.5999999046326,1,Task,image_46.jpg,2.0,2Among5NoColour,red,red,Quadrant 2,65.0,2.0,65–99,6
44,97.0,1,1083.3999997138744,1,Task,image_12.jpg,2.0,2Among5Colour,red,blue,Quadrant 1,23.0,1.0,17–32,4
44,98.0,2,1500.0999999999767,1,Task,image_49.jpg,2.0,2Among5ConjRed,blue,red,Quadrant 2,4.0,2.0,1–4,1
44,99.0,1,1967.0,0,Task,image_137.jpg,5.0,2Among5ConjRed,blue,red,Quadrant 4,45.0,4.0,33–64,5
44,100.0,3,1637.4999997139091,1,Task,image_54.jpg,2.0,2Among5ConjRed,green,red,Quadrant 3,7.0,3.0,5–8,2
44,101.0,2,1025.399999904621,1,Task,image_29.jpg,2.0,2Among5NoColour,green,green,Quadrant 2,5.0,2.0,5–8,2
44,102.0,3,876.9999997139093,1,Task,image_37.jpg,2.0,2Among5NoColour,blue,blue,Quadrant 3,20.0,3.0,17–32,4
44,103.0,2,855.9000000953674,0,Task,image_27.jpg,2.0,2Among5NoColour,blue,blue,Quadrant 1,3.0,1.0,1–4,1
44,104.0,1,786.6999998092651,1,Task,image_90.jpg,5.0,2Among5Colour,red,blue,Quadrant 1,59.0,1.0,33–64,5
44,105.0,3,1096.9999998092535,1,Task,image_24.jpg,2.0,2Among5NoColour,green,green,Quadrant 3,1.0,3.0,1–4,1
44,106.0,4,1538.3000000953907,0,Task,image_105.jpg,5.0,2Among5NoColour,green,green,Quadrant 1,9.0,1.0,9–16,3
44,107.0,3,1059.000000095344,1,Task,image_78.jpg,5.0,2Among5Colour,red,blue,Quadrant 3,7.0,3.0,5–8,2
44,108.0,3,973.000000095344,1,Task,image_48.jpg,2.0,2Among5ConjRed,blue,green,Quadrant 3,1.0,3.0,1–4,1
44,109.0,3,995.499999904656,1,Task,image_6.jpg,2.0,2Among5Colour,red,blue,Quadrant 3,7.0,3.0,5–8,2
44,110.0,3,1353.2999999046442,0,Task,image_66.jpg,2.0,2Among5ConjRed,red,blue,Quadrant 1,59.0,1.0,33–64,5
44,111.0,4,1103.100000095379,1,Task,image_100.jpg,5.0,2Among5NoColour,red,red,Quadrant 4,6.0,4.0,5–8,2
44,112.0,2,746.2999999999884,1,Task,image_94.jpg,5.0,2Among5Colour,green,blue,Quadrant 2,65.0,2.0,65–99,6
44,113.0,2,1313.0999999046326,1,Task,image_11.jpg,2.0,2Among5Colour,blue,green,Quadrant 2,14.0,2.0,9–16,3
44,114.0,2,961.5999998092884,1,Task,image_87.jpg,5.0,2Among5Colour,blue,green,Quadrant 2,26.0,2.0,17–32,4
44,115.0,2,1536.5999998092884,1,Task,image_136.jpg,5.0,2Among5ConjRed,red,green,Quadrant 2,34.0,2.0,33–64,5
44,116.0,4,896.7999997138977,1,Task,image_8.jpg,2.0,2Among5Colour,blue,red,Quadrant 4,15.0,4.0,9–16,3
44,117.0,3,786.3999999046209,0,Task,image_36.jpg,2.0,2Among5NoColour,green,green,Quadrant 1,23.0,1.0,17–32,4
44,118.0,1,832.4999998092535,1,Task,image_95.jpg,5.0,2Among5Colour,red,green,Quadrant 1,75.0,1.0,65–99,6
44,119.0,4,892.4999999046559,1,Task,image_92.jpg,5.0,2Among5Colour,blue,red,Quadrant 4,93.0,4.0,65–99,6
44,120.0,2,646.2999998092419,1,Task,image_88.jpg,5.0,2Among5Colour,green,blue,Quadrant 2,34.0,2.0,33–64,5
44,121.0,3,1050.8999998092768,1,Task,image_0.jpg,2.0,2Among5Colour,red,blue,Quadrant 3,1.0,3.0,1–4,1
44,122.0,1,1117.6999999999534,0,Task,image_139.jpg,5.0,2Among5ConjRed,red,green,Quadrant 3,47.0,3.0,33–64,5
44,123.0,2,982.5,1,Task,image_77.jpg,5.0,2Among5Colour,red,green,Quadrant 2,5.0,2.0,5–8,2
44,124.0,1,1140.8000000953907,0,Task,image_34.jpg,2.0,2Among5NoColour,red,red,Quadrant 3,16.0,3.0,9–16,3
44,125.0,1,604.5000000953441,1,Task,image_23.jpg,2.0,2Among5Colour,red,green,Quadrant 1,75.0,1.0,65–99,6
44,126.0,2,1449.7999999046442,0,Task,image_65.jpg,2.0,2Among5ConjRed,blue,red,Quadrant 4,45.0,4.0,33–64,5
44,127.0,3,885.2999999999884,1,Task,image_91.jpg,5.0,2Among5Colour,green,red,Quadrant 3,47.0,3.0,33–64,5
44,128.0,4,775.2999998092419,1,Task,image_17.jpg,2.0,2Among5Colour,blue,red,Quadrant 4,45.0,4.0,33–64,5
44,129.0,1,836.9999999046559,0,Task,image_38.jpg,2.0,2Among5NoColour,red,red,Quadrant 4,25.0,4.0,17–32,4
44,130.0,2,1233.2999999046442,1,Task,image_121.jpg,5.0,2Among5ConjRed,blue,red,Quadrant 2,4.0,2.0,1–4,1
44,131.0,4,1149.6999998092651,0,Task,image_40.jpg,2.0,2Among5NoColour,red,red,Quadrant 2,34.0,2.0,33–64,5
44,132.0,1,1197.2999999046442,1,Task,image_33.jpg,2.0,2Among5NoColour,green,green,Quadrant 1,9.0,1.0,9–16,3
44,133.0,1,851.0999999999767,1,Task,image_103.jpg,5.0,2Among5NoColour,green,green,Quadrant 1,8.0,1.0,5–8,2
44,134.0,1,1262.8999997138744,1,Task,image_127.jpg,5.0,2Among5ConjRed,blue,green,Quadrant 1,8.0,1.0,5–8,2
44,135.0,2,1441.4000000953674,0,Task,image_45.jpg,2.0,2Among5NoColour,green,green,Quadrant 3,82.0,3.0,65–99,6
44,136.0,1,788.9999997139093,0,Task,image_117.jpg,5.0,2Among5NoColour,green,green,Quadrant 3,82.0,3.0,65–99,6
44,137.0,1,1281.7999999046442,1,Task,image_51.jpg,2.0,2Among5ConjRed,red,green,Quadrant 1,3.0,1.0,1–4,1
44,138.0,1,1716.7999999999884,0,Task,image_61.jpg,2.0,2Among5ConjRed,red,blue,Quadrant 3,20.0,3.0,17–32,4
44,139.0,1,1333.600000000035,0,Task,image_64.jpg,2.0,2Among5ConjRed,red,green,Quadrant 2,34.0,2.0,33–64,5
44,140.0,1,1206.2999997138977,1,Task,image_7.jpg,2.0,2Among5Colour,green,red,Quadrant 1,8.0,1.0,5–8,2
44,141.0,4,1475.5,0,Task,image_131.jpg,5.0,2Among5ConjRed,blue,red,Quadrant 2,14.0,2.0,9–16,3
44,142.0,2,989.6000000953792,0,Task,image_143.jpg,5.0,2Among5ConjRed,green,blue,Quadrant 1,75.0,1.0,65–99,6
44,143.0,3,1963.400000095368,0,Task,image_50.jpg,2.0,2Among5ConjRed,red,blue,Quadrant 4,2.0,4.0,1–4,1
44,144.0,1,835.0999999999767,0,Task,image_115.jpg,5.0,2Among5NoColour,blue,blue,Quadrant 3,47.0,3.0,33–64,5
1,1.0,3,958.3999999999942,1,Task,image_93.jpg,5.0,2Among5Colour,blue,green,Quadrant 3,82.0,3.0,65–99,6
1,2.0,2,1829.699999976161,1,Task,image_131.jpg,5.0,2Among5ConjRed,blue,red,Quadrant 2,14.0,2.0,9–16,3
1,3.0,3,2266.3999999046355,0,Task,image_12.jpg,2.0,2Among5Colour,red,blue,Quadrant 1,23.0,1.0,17–32,4
1,4.0,4,4827.399999904636,1,Task,image_41.jpg,2.0,2Among5NoColour,blue,blue,Quadrant 4,45.0,4.0,33–64,5
1,5.0,2,3917.899999999994,1,Task,image_107.jpg,5.0,2Among5NoColour,blue,blue,Quadrant 2,14.0,2.0,9–16,3
1,6.0,3,4731.499999952313,0,Task,image_118.jpg,5.0,2Among5NoColour,red,red,Quadrant 2,65.0,2.0,65–99,6
1,7.0,3,2151.9999999046267,1,Task,image_10.jpg,2.0,2Among5Colour,red,green,Quadrant 3,16.0,3.0,9–16,3
1,8.0,3,2088.899999904621,1,Task,image_91.jpg,5.0,2Among5Colour,green,red,Quadrant 3,47.0,3.0,33–64,5
1,9.0,2,5811.1999999761465,0,Task,image_27.jpg,2.0,2Among5NoColour,blue,blue,Quadrant 1,3.0,1.0,1–4,1
1,10.0,1,3937.599999904633,1,Task,image_127.jpg,5.0,2Among5ConjRed,blue,green,Quadrant 1,8.0,1.0,5–8,2
1,11.0,4,2366.6999999761465,1,Task,image_20.jpg,2.0,2Among5Colour,blue,red,Quadrant 4,93.0,4.0,65–99,6
1,12.0,1,3364.899999904621,1,Task,image_51.jpg,2.0,2Among5ConjRed,red,green,Quadrant 1,3.0,1.0,1–4,1
1,13.0,1,4593.299999999988,1,Task,image_119.jpg,5.0,2Among5NoColour,blue,blue,Quadrant 1,75.0,1.0,65–99,6
1,14.0,2,4546.100000000006,1,Task,image_70.jpg,2.0,2Among5ConjRed,blue,green,Quadrant 2,65.0,2.0,65–99,6
1,15.0,3,2313.299999904644,1,Task,image_13.jpg,2.0,2Among5Colour,green,red,Quadrant 3,20.0,3.0,17–32,4
1,16.0,1,2629.6999999523105,1,Task,image_81.jpg,5.0,2Among5Colour,green,blue,Quadrant 1,9.0,1.0,9–16,3
1,17.0,2,2004.4999999284628,1,Task,image_16.jpg,2.0,2Among5Colour,green,blue,Quadrant 2,34.0,2.0,33–64,5
1,18.0,1,4225.700000000012,1,Task,image_55.jpg,2.0,2Among5ConjRed,blue,green,Quadrant 1,8.0,1.0,5–8,2
1,19.0,1,1889.79999992848,1,Task,image_3.jpg,2.0,2Among5Colour,green,blue,Quadrant 1,3.0,1.0,1–4,1
1,20.0,4,3775.899999904621,1,Task,image_134.jpg,5.0,2Among5ConjRed,green,red,Quadrant 4,25.0,4.0,17–32,4
1,21.0,4,2517.6999999284744,1,Task,image_98.jpg,5.0,2Among5NoColour,red,red,Quadrant 4,2.0,4.0,1–4,1
1,22.0,3,4963.799999999988,1,Task,image_67.jpg,2.0,2Among5ConjRed,red,green,Quadrant 3,47.0,3.0,33–64,5
1,23.0,2,2517.299999904644,1,Task,image_22.jpg,2.0,2Among5Colour,green,blue,Quadrant 2,65.0,2.0,65–99,6
1,24.0,3,2101.5,1,Task,image_82.jpg,5.0,2Among5Colour,red,green,Quadrant 3,16.0,3.0,9–16,3
1,25.0,4,2369.0999999284686,1,Task,image_38.jpg,2.0,2Among5NoColour,red,red,Quadrant 4,25.0,4.0,17–32,4
1,26.0,4,3664.5,1,Task,image_56.jpg,2.0,2Among5ConjRed,green,blue,Quadrant 4,15.0,4.0,9–16,3
1,27.0,2,2221.9999999046267,1,Task,image_11.jpg,2.0,2Among5Colour,blue,green,Quadrant 2,14.0,2.0,9–16,3
1,28.0,1,1861.899999952322,1,Task,image_95.jpg,5.0,2Among5Colour,red,green,Quadrant 1,75.0,1.0,65–99,6
1,29.0,2,2263.0999999523046,1,Task,image_97.jpg,5.0,2Among5NoColour,blue,blue,Quadrant 2,4.0,2.0,1–4,1
1,30.0,4,2801.0999999523046,1,Task,image_62.jpg,2.0,2Among5ConjRed,green,red,Quadrant 4,25.0,4.0,17–32,4
1,31.0,2,3231.999999976164,1,Task,image_112.jpg,5.0,2Among5NoColour,red,red,Quadrant 2,34.0,2.0,33–64,5
1,32.0,4,2177.899999928486,1,Task,image_2.jpg,2.0,2Among5Colour,green,red,Quadrant 4,2.0,4.0,1–4,1
1,33.0,2,3841.6999999761465,1,Task,image_64.jpg,2.0,2Among5ConjRed,red,green,Quadrant 2,34.0,2.0,33–64,5
1,34.0,1,4481.099999928469,0,Task,image_68.jpg,2.0,2Among5ConjRed,green,red,Quadrant 4,93.0,4.0,65–99,6
1,35.0,1,3448.2999999999884,1,Task,image_66.jpg,2.0,2Among5ConjRed,red,blue,Quadrant 1,59.0,1.0,33–64,5
1,36.0,3,2483.099999904633,1,Task,image_126.jpg,5.0,2Among5ConjRed,green,red,Quadrant 3,7.0,3.0,5–8,2
1,37.0,3,3192.600000000006,1,Task,image_117.jpg,5.0,2Among5NoColour,green,green,Quadrant 3,82.0,3.0,65–99,6
1,38.0,2,4322.09999997617,1,Task,image_29.jpg,2.0,2Among5NoColour,green,green,Quadrant 2,5.0,2.0,5–8,2
1,39.0,3,2312.799999904644,1,Task,image_21.jpg,2.0,2Among5Colour,blue,green,Quadrant 3,82.0,3.0,65–99,6
1,40.0,4,2220.299999928451,1,Task,image_76.jpg,5.0,2Among5Colour,blue,green,Quadrant 4,6.0,4.0,5–8,2
1,41.0,2,2021.5999999046328,1,Task,image_15.jpg,2.0,2Among5Colour,blue,green,Quadrant 2,26.0,2.0,17–32,4
1,42.0,4,3842.1999999284735,1,Task,image_113.jpg,5.0,2Among5NoColour,blue,blue,Quadrant 4,45.0,4.0,33–64,5
1,43.0,2,3490.7999999999884,1,Task,image_136.jpg,5.0,2Among5ConjRed,red,green,Quadrant 2,34.0,2.0,33–64,5
1,44.0,4,3580.900000000081,1,Task,image_17.jpg,2.0,2Among5Colour,blue,red,Quadrant 4,45.0,4.0,33–64,5
1,45.0,1,4083.199999904609,1,Task,image_57.jpg,2.0,2Among5ConjRed,red,blue,Quadrant 1,9.0,1.0,9–16,3
1,46.0,4,3642.899999904621,1,Task,image_89.jpg,5.0,2Among5Colour,blue,red,Quadrant 4,45.0,4.0,33–64,5
1,47.0,1,2916.899999976158,1,Task,image_60.jpg,2.0,2Among5ConjRed,blue,green,Quadrant 1,23.0,1.0,17–32,4
1,48.0,3,2276.799999904644,1,Task,image_120.jpg,5.0,2Among5ConjRed,blue,green,Quadrant 3,1.0,3.0,1–4,1
1,49.0,3,2695.999999952328,1,Task,image_85.jpg,5.0,2Among5Colour,green,red,Quadrant 3,20.0,3.0,17–32,4
1,50.0,1,4352.899999904621,0,Task,image_135.jpg,5.0,2Among5ConjRed,green,blue,Quadrant 2,26.0,2.0,17–32,4
1,51.0,1,4572.399999952293,0,Task,image_140.jpg,5.0,2Among5ConjRed,green,red,Quadrant 4,93.0,4.0,65–99,6
1,52.0,2,3023.7999999999884,1,Task,image_121.jpg,5.0,2Among5ConjRed,blue,red,Quadrant 2,4.0,2.0,1–4,1
1,53.0,2,2641.69999995234,1,Task,image_53.jpg,2.0,2Among5ConjRed,green,red,Quadrant 2,5.0,2.0,5–8,2
1,54.0,4,2542.0999999284977,1,Task,image_100.jpg,5.0,2Among5NoColour,red,red,Quadrant 4,6.0,4.0,5–8,2
1,55.0,2,2645.5999999999767,1,Task,image_125.jpg,5.0,2Among5ConjRed,green,red,Quadrant 2,5.0,2.0,5–8,2
1,56.0,1,2492.0,1,Task,image_132.jpg,5.0,2Among5ConjRed,blue,green,Quadrant 1,23.0,1.0,17–32,4
1,57.0,2,2293.5999999284977,1,Task,image_88.jpg,5.0,2Among5Colour,green,blue,Quadrant 2,34.0,2.0,33–64,5
1,58.0,3,4340.799999928451,0,Task,image_138.jpg,5.0,2Among5ConjRed,red,blue,Quadrant 1,59.0,1.0,33–64,5
1,59.0,4,3908.1999999761465,1,Task,image_116.jpg,5.0,2Among5NoColour,red,red,Quadrant 4,93.0,4.0,65–99,6
1,60.0,4,4274.299999928451,0,Task,image_40.jpg,2.0,2Among5NoColour,red,red,Quadrant 2,34.0,2.0,33–64,5
1,61.0,1,2796.399999976158,1,Task,image_123.jpg,5.0,2Among5ConjRed,red,green,Quadrant 1,3.0,1.0,1–4,1
1,62.0,4,2700.7999999761814,1,Task,image_80.jpg,5.0,2Among5Colour,blue,red,Quadrant 4,15.0,4.0,9–16,3
1,63.0,3,4509.5,0,Task,image_47.jpg,2.0,2Among5NoColour,blue,blue,Quadrant 1,75.0,1.0,65–99,6
1,64.0,2,2157.7999999761814,1,Task,image_77.jpg,5.0,2Among5Colour,red,green,Quadrant 2,5.0,2.0,5–8,2
1,65.0,3,2426.6999999761465,1,Task,image_78.jpg,5.0,2Among5Colour,red,blue,Quadrant 3,7.0,3.0,5–8,2
1,66.0,3,2252.499999952328,1,Task,image_6.jpg,2.0,2Among5Colour,red,blue,Quadrant 3,7.0,3.0,5–8,2
1,67.0,2,4108.399999928486,0,Task,image_114.jpg,5.0,2Among5NoColour,green,green,Quadrant 1,59.0,1.0,33–64,5
1,68.0,3,3057.399999928486,1,Task,image_133.jpg,5.0,2Among5ConjRed,red,blue,Quadrant 3,20.0,3.0,17–32,4
1,69.0,3,3507.09999997617,1,Task,image_139.jpg,5.0,2Among5ConjRed,red,green,Quadrant 3,47.0,3.0,33–64,5
1,70.0,1,4066.0999999284977,0,Task,image_142.jpg,5.0,2Among5ConjRed,blue,green,Quadrant 2,65.0,2.0,65–99,6
1,71.0,2,3679.1999999761465,1,Task,image_63.jpg,2.0,2Among5ConjRed,green,blue,Quadrant 2,26.0,2.0,17–32,4
1,72.0,4,2347.999999928463,1,Task,image_26.jpg,2.0,2Among5NoColour,red,red,Quadrant 4,2.0,4.0,1–4,1
1,73.0,4,2607.6999999761465,1,Task,image_28.jpg,2.0,2Among5NoColour,red,red,Quadrant 4,6.0,4.0,5–8,2
1,74.0,3,2532.499999928463,1,Task,image_96.jpg,5.0,2Among5NoColour,green,green,Quadrant 3,1.0,3.0,1–4,1
1,75.0,1,2514.5999999999767,1,Task,image_18.jpg,2.0,2Among5Colour,red,blue,Quadrant 1,59.0,1.0,33–64,5
1,76.0,4,3916.799999928451,0,Task,image_46.jpg,2.0,2Among5NoColour,red,red,Quadrant 2,65.0,2.0,65–99,6
1,77.0,4,2613.900000000024,1,Task,image_50.jpg,2.0,2Among5ConjRed,red,blue,Quadrant 4,2.0,4.0,1–4,1
1,78.0,2,2379.6999999761465,1,Task,image_94.jpg,5.0,2Among5Colour,green,blue,Quadrant 2,65.0,2.0,65–99,6
1,79.0,1,3130.5,1,Task,image_108.jpg,5.0,2Among5NoColour,green,green,Quadrant 1,23.0,1.0,17–32,4
1,80.0,1,2343.5999999523046,1,Task,image_79.jpg,5.0,2Among5Colour,green,red,Quadrant 1,8.0,1.0,5–8,2
1,81.0,4,2677.7999999761814,1,Task,image_92.jpg,5.0,2Among5Colour,blue,red,Quadrant 4,93.0,4.0,65–99,6
1,82.0,1,3962.799999928451,1,Task,image_31.jpg,2.0,2Among5NoColour,green,green,Quadrant 1,8.0,1.0,5–8,2
1,83.0,4,3607.099999904633,1,Task,image_65.jpg,2.0,2Among5ConjRed,blue,red,Quadrant 4,45.0,4.0,33–64,5
1,84.0,1,4265.299999999988,1,Task,image_143.jpg,5.0,2Among5ConjRed,green,blue,Quadrant 1,75.0,1.0,65–99,6
1,85.0,2,2522.899999928486,1,Task,image_1.jpg,2.0,2Among5Colour,blue,red,Quadrant 2,4.0,2.0,1–4,1
1,86.0,1,2440.2999999761814,1,Task,image_9.jpg,2.0,2Among5Colour,green,blue,Quadrant 1,9.0,1.0,9–16,3
1,87.0,3,2792.5999999523046,1,Task,image_106.jpg,5.0,2Among5NoColour,red,red,Quadrant 3,16.0,3.0,9–16,3
1,88.0,2,2609.400000000024,1,Task,image_49.jpg,2.0,2Among5ConjRed,blue,red,Quadrant 2,4.0,2.0,1–4,1
1,89.0,4,4661.299999999988,1,Task,image_32.jpg,2.0,2Among5NoColour,red,red,Quadrant 4,15.0,4.0,9–16,3
1,90.0,4,2678.399999952293,1,Task,image_14.jpg,2.0,2Among5Colour,red,green,Quadrant 4,25.0,4.0,17–32,4
1,91.0,1,4003.799999904644,1,Task,image_42.jpg,2.0,2Among5NoColour,green,green,Quadrant 1,59.0,1.0,33–64,5
1,92.0,2,2418.900000000024,1,Task,image_73.jpg,5.0,2Among5Colour,blue,red,Quadrant 2,4.0,2.0,1–4,1
1,93.0,1,3768.700000000012,1,Task,image_103.jpg,5.0,2Among5NoColour,green,green,Quadrant 1,8.0,1.0,5–8,2
1,94.0,1,4031.799999904644,0,Task,image_43.jpg,2.0,2Among5NoColour,blue,blue,Quadrant 3,47.0,3.0,33–64,5
1,95.0,4,2928.999999928463,1,Task,image_128.jpg,5.0,2Among5ConjRed,green,blue,Quadrant 4,15.0,4.0,9–16,3
1,96.0,4,2688.69999995234,1,Task,image_86.jpg,5.0,2Among5Colour,red,green,Quadrant 4,25.0,4.0,17–32,4
1,97.0,2,3928.899999904621,1,Task,image_101.jpg,5.0,2Among5NoColour,green,green,Quadrant 2,5.0,2.0,5–8,2
1,98.0,2,2650.099999904633,1,Task,image_59.jpg,2.0,2Among5ConjRed,blue,red,Quadrant 2,14.0,2.0,9–16,3
1,99.0,2,3566.499999904656,1,Task,image_35.jpg,2.0,2Among5NoColour,blue,blue,Quadrant 2,14.0,2.0,9–16,3
1,100.0,3,3753.499999904656,1,Task,image_37.jpg,2.0,2Among5NoColour,blue,blue,Quadrant 3,20.0,3.0,17–32,4
1,101.0,1,2879.599999904633,1,Task,image_7.jpg,2.0,2Among5Colour,green,red,Quadrant 1,8.0,1.0,5–8,2
1,102.0,2,2792.2999999523163,1,Task,image_25.jpg,2.0,2Among5NoColour,blue,blue,Quadrant 2,4.0,2.0,1–4,1
1,103.0,4,2572.499999976135,1,Task,image_8.jpg,2.0,2Among5Colour,blue,red,Quadrant 4,15.0,4.0,9–16,3
1,104.0,3,3124.499999976135,1,Task,image_102.jpg,5.0,2Among5NoColour,blue,blue,Quadrant 3,7.0,3.0,5–8,2
1,105.0,1,3117.999999904656,1,Task,image_23.jpg,2.0,2Among5Colour,red,green,Quadrant 1,75.0,1.0,65–99,6
1,106.0,1,2892.400000000024,1,Task,image_99.jpg,5.0,2Among5NoColour,blue,blue,Quadrant 1,3.0,1.0,1–4,1
1,107.0,3,2776.7999999761814,1,Task,image_19.jpg,2.0,2Among5Colour,green,red,Quadrant 3,47.0,3.0,33–64,5
1,108.0,4,2592.399999976158,1,Task,image_4.jpg,2.0,2Among5Colour,blue,green,Quadrant 4,6.0,4.0,5–8,2
1,109.0,4,3364.999999976135,1,Task,image_44.jpg,2.0,2Among5NoColour,red,red,Quadrant 4,93.0,4.0,65–99,6
1,110.0,2,3380.899999952293,1,Task,image_39.jpg,2.0,2Among5NoColour,green,green,Quadrant 2,26.0,2.0,17–32,4
1,111.0,2,2912.499999976135,1,Task,image_87.jpg,5.0,2Among5Colour,blue,green,Quadrant 2,26.0,2.0,17–32,4
1,112.0,3,3088.099999976112,1,Task,image_61.jpg,2.0,2Among5ConjRed,red,blue,Quadrant 3,20.0,3.0,17–32,4
1,113.0,1,1438.5999999284977,1,Task,image_75.jpg,5.0,2Among5Colour,green,blue,Quadrant 1,3.0,1.0,1–4,1
1,114.0,3,1978.399999928428,1,Task,image_72.jpg,5.0,2Among5Colour,red,blue,Quadrant 3,1.0,3.0,1–4,1
1,115.0,4,2478.399999976158,1,Task,image_122.jpg,5.0,2Among5ConjRed,red,blue,Quadrant 4,2.0,4.0,1–4,1
1,116.0,1,4045.399999928428,1,Task,image_105.jpg,5.0,2Among5NoColour,green,green,Quadrant 1,9.0,1.0,9–16,3
1,117.0,1,4027.899999952293,0,Task,image_45.jpg,2.0,2Among5NoColour,green,green,Quadrant 3,82.0,3.0,65–99,6
1,118.0,1,3701.5999999999767,1,Task,image_33.jpg,2.0,2Among5NoColour,green,green,Quadrant 1,9.0,1.0,9–16,3
1,119.0,1,3562.6999999762047,1,Task,image_71.jpg,2.0,2Among5ConjRed,green,blue,Quadrant 1,75.0,1.0,65–99,6
1,120.0,2,3839.399999976158,1,Task,image_111.jpg,5.0,2Among5NoColour,green,green,Quadrant 2,26.0,2.0,17–32,4
1,121.0,2,3675.5,0,Task,image_69.jpg,2.0,2Among5ConjRed,blue,red,Quadrant 3,82.0,3.0,65–99,6
1,122.0,4,2874.5999999284977,1,Task,image_74.jpg,5.0,2Among5Colour,green,red,Quadrant 4,2.0,4.0,1–4,1
1,123.0,3,3227.7999999523163,1,Task,image_141.jpg,5.0,2Among5ConjRed,blue,red,Quadrant 3,82.0,3.0,65–99,6
1,124.0,3,3504.8000000000466,1,Task,image_34.jpg,2.0,2Among5NoColour,red,red,Quadrant 3,16.0,3.0,9–16,3
1,125.0,2,4526.299999904586,0,Task,image_109.jpg,5.0,2Among5NoColour,blue,blue,Quadrant 3,20.0,3.0,17–32,4
1,126.0,2,3004.4999999522697,1,Task,image_5.jpg,2.0,2Among5Colour,red,green,Quadrant 2,5.0,2.0,5–8,2
1,127.0,4,3283.0,1,Task,image_124.jpg,5.0,2Among5ConjRed,green,blue,Quadrant 4,6.0,4.0,5–8,2
1,128.0,4,4436.899999976158,1,Task,image_104.jpg,5.0,2Among5NoColour,red,red,Quadrant 4,15.0,4.0,9–16,3
1,129.0,1,2402.499999928521,1,Task,image_129.jpg,5.0,2Among5ConjRed,red,blue,Quadrant 1,9.0,1.0,9–16,3
1,130.0,3,2438.899999976158,1,Task,image_54.jpg,2.0,2Among5ConjRed,green,red,Quadrant 3,7.0,3.0,5–8,2
1,131.0,1,5068.300000000047,0,Task,image_115.jpg,5.0,2Among5NoColour,blue,blue,Quadrant 3,47.0,3.0,33–64,5
1,132.0,2,2685.0,1,Task,image_83.jpg,5.0,2Among5Colour,blue,green,Quadrant 2,14.0,2.0,9–16,3
1,133.0,1,3014.6999999046093,1,Task,image_36.jpg,2.0,2Among5NoColour,green,green,Quadrant 1,23.0,1.0,17–32,4
1,134.0,3,2428.299999928451,1,Task,image_48.jpg,2.0,2Among5ConjRed,blue,green,Quadrant 3,1.0,3.0,1–4,1
1,135.0,3,3257.7999999761814,1,Task,image_30.jpg,2.0,2Among5NoColour,blue,blue,Quadrant 3,7.0,3.0,5–8,2
1,136.0,1,3933.999999928521,0,Task,image_110.jpg,5.0,2Among5NoColour,red,red,Quadrant 4,25.0,4.0,17–32,4
1,137.0,3,2882.6999999046093,1,Task,image_58.jpg,2.0,2Among5ConjRed,red,green,Quadrant 3,16.0,3.0,9–16,3
1,138.0,3,2700.1999999762047,1,Task,image_24.jpg,2.0,2Among5NoColour,green,green,Quadrant 3,1.0,3.0,1–4,1
1,139.0,3,2718.899999928428,1,Task,image_0.jpg,2.0,2Among5Colour,red,blue,Quadrant 3,1.0,3.0,1–4,1
1,140.0,3,3027.099999976112,1,Task,image_130.jpg,5.0,2Among5ConjRed,red,green,Quadrant 3,16.0,3.0,9–16,3
1,141.0,1,2862.0,1,Task,image_84.jpg,5.0,2Among5Colour,red,blue,Quadrant 1,23.0,1.0,17–32,4
1,142.0,4,3078.2999999523163,1,Task,image_52.jpg,2.0,2Among5ConjRed,green,blue,Quadrant 4,6.0,4.0,5–8,2
1,143.0,4,3478.0,1,Task,image_137.jpg,5.0,2Among5ConjRed,blue,red,Quadrant 4,45.0,4.0,33–64,5
1,144.0,1,2682.499999928521,1,Task,image_90.jpg,5.0,2Among5Colour,red,blue,Quadrant 1,59.0,1.0,33–64,5
19,1.0,4,1348.0,1,Task,image_8.jpg,2.0,2Among5Colour,blue,red,Quadrant 4,15.0,4.0,9–16,3
19,2.0,1,1005.299999809242,1,Task,image_3.jpg,2.0,2Among5Colour,green,blue,Quadrant 1,3.0,1.0,1–4,1
19,3.0,3,1534.1999999999534,1,Task,image_96.jpg,5.0,2Among5NoColour,green,green,Quadrant 3,1.0,3.0,1–4,1
19,4.0,1,2338.399999904621,1,Task,image_31.jpg,2.0,2Among5NoColour,green,green,Quadrant 1,8.0,1.0,5–8,2
19,5.0,3,2168.7999999999884,1,Task,image_130.jpg,5.0,2Among5ConjRed,red,green,Quadrant 3,16.0,3.0,9–16,3
19,6.0,1,2486.900000000024,1,Task,image_103.jpg,5.0,2Among5NoColour,green,green,Quadrant 1,8.0,1.0,5–8,2
19,7.0,4,2138.5999998092884,1,Task,image_89.jpg,5.0,2Among5Colour,blue,red,Quadrant 4,45.0,4.0,33–64,5
19,8.0,3,1642.4999997139091,1,Task,image_21.jpg,2.0,2Among5Colour,blue,green,Quadrant 3,82.0,3.0,65–99,6
19,9.0,1,1440.0999998092884,1,Task,image_81.jpg,5.0,2Among5Colour,green,blue,Quadrant 1,9.0,1.0,9–16,3
19,10.0,3,5760.499999904656,0,Task,image_140.jpg,5.0,2Among5ConjRed,green,red,Quadrant 4,93.0,4.0,65–99,6
19,11.0,3,1212.4999997139091,1,Task,image_0.jpg,2.0,2Among5Colour,red,blue,Quadrant 3,1.0,3.0,1–4,1
19,12.0,2,1002.5999999046326,1,Task,image_88.jpg,5.0,2Among5Colour,green,blue,Quadrant 2,34.0,2.0,33–64,5
19,13.0,3,1303.7999997138977,1,Task,image_91.jpg,5.0,2Among5Colour,green,red,Quadrant 3,47.0,3.0,33–64,5
19,14.0,4,2038.3999997138744,1,Task,image_56.jpg,2.0,2Among5ConjRed,green,blue,Quadrant 4,15.0,4.0,9–16,3
19,15.0,3,3583.0999999999767,0,Task,image_44.jpg,2.0,2Among5NoColour,red,red,Quadrant 4,93.0,4.0,65–99,6
19,16.0,1,1515.8999998092768,1,Task,image_84.jpg,5.0,2Among5Colour,red,blue,Quadrant 1,23.0,1.0,17–32,4
19,17.0,3,1329.499999904656,1,Task,image_78.jpg,5.0,2Among5Colour,red,blue,Quadrant 3,7.0,3.0,5–8,2
19,18.0,4,1410.899999904621,1,Task,image_2.jpg,2.0,2Among5Colour,green,red,Quadrant 4,2.0,4.0,1–4,1
19,19.0,1,3275.399999904621,1,Task,image_36.jpg,2.0,2Among5NoColour,green,green,Quadrant 1,23.0,1.0,17–32,4
19,20.0,4,1938.499999904656,1,Task,image_128.jpg,5.0,2Among5ConjRed,green,blue,Quadrant 4,15.0,4.0,9–16,3
19,21.0,4,1660.2999999046442,1,Task,image_28.jpg,2.0,2Among5NoColour,red,red,Quadrant 4,6.0,4.0,5–8,2
19,22.0,1,1422.5999998092884,1,Task,image_127.jpg,5.0,2Among5ConjRed,blue,green,Quadrant 1,8.0,1.0,5–8,2
19,23.0,1,1409.599999713886,1,Task,image_123.jpg,5.0,2Among5ConjRed,red,green,Quadrant 1,3.0,1.0,1–4,1
19,24.0,2,2046.299999904586,1,Task,image_111.jpg,5.0,2Among5NoColour,green,green,Quadrant 2,26.0,2.0,17–32,4
19,25.0,4,1093.1999998092651,1,Task,image_98.jpg,5.0,2Among5NoColour,red,red,Quadrant 4,2.0,4.0,1–4,1
19,26.0,2,1513.3999997138744,1,Task,image_35.jpg,2.0,2Among5NoColour,blue,blue,Quadrant 2,14.0,2.0,9–16,3
19,27.0,1,1378.6999999046093,1,Task,image_12.jpg,2.0,2Among5Colour,red,blue,Quadrant 1,23.0,1.0,17–32,4
19,28.0,2,1297.999999904656,1,Task,image_121.jpg,5.0,2Among5ConjRed,blue,red,Quadrant 2,4.0,2.0,1–4,1
19,29.0,1,3262.199999618577,1,Task,image_138.jpg,5.0,2Among5ConjRed,red,blue,Quadrant 1,59.0,1.0,33–64,5
19,30.0,2,1097.0999999046326,1,Task,image_87.jpg,5.0,2Among5Colour,blue,green,Quadrant 2,26.0,2.0,17–32,4
19,31.0,1,1136.199999713921,1,Task,image_51.jpg,2.0,2Among5ConjRed,red,green,Quadrant 1,3.0,1.0,1–4,1
19,32.0,1,3089.5999998092884,1,Task,image_60.jpg,2.0,2Among5ConjRed,blue,green,Quadrant 1,23.0,1.0,17–32,4
19,33.0,1,1160.1999998092651,1,Task,image_23.jpg,2.0,2Among5Colour,red,green,Quadrant 1,75.0,1.0,65–99,6
19,34.0,2,1010.4999997138513,1,Task,image_11.jpg,2.0,2Among5Colour,blue,green,Quadrant 2,14.0,2.0,9–16,3
19,35.0,3,1380.5,1,Task,image_6.jpg,2.0,2Among5Colour,red,blue,Quadrant 3,7.0,3.0,5–8,2
19,36.0,1,1763.5999999999767,1,Task,image_129.jpg,5.0,2Among5ConjRed,red,blue,Quadrant 1,9.0,1.0,9–16,3
19,37.0,3,2337.7999996185536,1,Task,image_67.jpg,2.0,2Among5ConjRed,red,green,Quadrant 3,47.0,3.0,33–64,5
19,38.0,3,2023.3999998092183,1,Task,image_61.jpg,2.0,2Among5ConjRed,red,blue,Quadrant 3,20.0,3.0,17–32,4
19,39.0,1,1032.8999996185305,1,Task,image_9.jpg,2.0,2Among5Colour,green,blue,Quadrant 1,9.0,1.0,9–16,3
19,40.0,4,1049.8999999046791,1,Task,image_14.jpg,2.0,2Among5Colour,red,green,Quadrant 4,25.0,4.0,17–32,4
19,41.0,3,1722.499999904656,0,Task,image_27.jpg,2.0,2Among5NoColour,blue,blue,Quadrant 1,3.0,1.0,1–4,1
19,42.0,1,3892.5999999999767,0,Task,image_141.jpg,5.0,2Among5ConjRed,blue,red,Quadrant 3,82.0,3.0,65–99,6
19,43.0,2,1543.299999809242,1,Task,image_63.jpg,2.0,2Among5ConjRed,green,blue,Quadrant 2,26.0,2.0,17–32,4
19,44.0,2,1978.599999618484,1,Task,image_25.jpg,2.0,2Among5NoColour,blue,blue,Quadrant 2,4.0,2.0,1–4,1
19,45.0,3,1962.1999999999528,1,Task,image_72.jpg,5.0,2Among5Colour,red,blue,Quadrant 3,1.0,3.0,1–4,1
19,46.0,2,1215.5999996184837,1,Task,image_77.jpg,5.0,2Among5Colour,red,green,Quadrant 2,5.0,2.0,5–8,2
19,47.0,2,1463.4000000000233,1,Task,image_131.jpg,5.0,2Among5ConjRed,blue,red,Quadrant 2,14.0,2.0,9–16,3
19,48.0,3,1264.999999904656,1,Task,image_10.jpg,2.0,2Among5Colour,red,green,Quadrant 3,16.0,3.0,9–16,3
19,49.0,3,3657.999999713851,0,Task,image_143.jpg,5.0,2Among5ConjRed,green,blue,Quadrant 1,75.0,1.0,65–99,6
19,50.0,1,1597.0999998092884,1,Task,image_57.jpg,2.0,2Among5ConjRed,red,blue,Quadrant 1,9.0,1.0,9–16,3
19,51.0,3,3889.7999996185536,1,Task,image_117.jpg,5.0,2Among5NoColour,green,green,Quadrant 3,82.0,3.0,65–99,6
19,52.0,2,1199.5999997139445,1,Task,image_83.jpg,5.0,2Among5Colour,blue,green,Quadrant 2,14.0,2.0,9–16,3
19,53.0,1,1968.300000000163,1,Task,image_105.jpg,5.0,2Among5NoColour,green,green,Quadrant 1,9.0,1.0,9–16,3
19,54.0,4,2504.8999997138744,1,Task,image_104.jpg,5.0,2Among5NoColour,red,red,Quadrant 4,15.0,4.0,9–16,3
19,55.0,3,2305.799999904586,1,Task,image_102.jpg,5.0,2Among5NoColour,blue,blue,Quadrant 3,7.0,3.0,5–8,2
19,56.0,4,1438.3000000000466,1,Task,image_17.jpg,2.0,2Among5Colour,blue,red,Quadrant 4,45.0,4.0,33–64,5
19,57.0,2,1166.0999998092884,1,Task,image_16.jpg,2.0,2Among5Colour,green,blue,Quadrant 2,34.0,2.0,33–64,5
19,58.0,1,1301.2000000001865,1,Task,image_95.jpg,5.0,2Among5Colour,red,green,Quadrant 1,75.0,1.0,65–99,6
19,59.0,2,3424.499999713851,1,Task,image_40.jpg,2.0,2Among5NoColour,red,red,Quadrant 2,34.0,2.0,33–64,5
19,60.0,3,1109.3999997138744,1,Task,image_120.jpg,5.0,2Among5ConjRed,blue,green,Quadrant 3,1.0,3.0,1–4,1
19,61.0,2,1714.2999996185536,1,Task,image_125.jpg,5.0,2Among5ConjRed,green,red,Quadrant 2,5.0,2.0,5–8,2
19,62.0,3,3260.0,1,Task,image_139.jpg,5.0,2Among5ConjRed,red,green,Quadrant 3,47.0,3.0,33–64,5
19,63.0,3,1945.8999996185305,1,Task,image_133.jpg,5.0,2Among5ConjRed,red,blue,Quadrant 3,20.0,3.0,17–32,4
19,64.0,3,3890.699999809265,0,Task,image_46.jpg,2.0,2Among5NoColour,red,red,Quadrant 2,65.0,2.0,65–99,6
19,65.0,4,2427.199999999953,1,Task,image_38.jpg,2.0,2Among5NoColour,red,red,Quadrant 4,25.0,4.0,17–32,4
19,66.0,3,3624.6999999999534,0,Task,image_118.jpg,5.0,2Among5NoColour,red,red,Quadrant 2,65.0,2.0,65–99,6
19,67.0,2,2367.199999618577,1,Task,image_107.jpg,5.0,2Among5NoColour,blue,blue,Quadrant 2,14.0,2.0,9–16,3
19,68.0,4,3803.5,0,Task,image_47.jpg,2.0,2Among5NoColour,blue,blue,Quadrant 1,75.0,1.0,65–99,6
19,69.0,2,3490.499999713851,0,Task,image_69.jpg,2.0,2Among5ConjRed,blue,red,Quadrant 3,82.0,3.0,65–99,6
19,70.0,3,1598.0,1,Task,image_54.jpg,2.0,2Among5ConjRed,green,red,Quadrant 3,7.0,3.0,5–8,2
19,71.0,1,1552.8999996185305,1,Task,image_99.jpg,5.0,2Among5NoColour,blue,blue,Quadrant 1,3.0,1.0,1–4,1
19,72.0,2,1704.4000000000233,1,Task,image_53.jpg,2.0,2Among5ConjRed,green,red,Quadrant 2,5.0,2.0,5–8,2
19,73.0,3,2582.0999999999767,1,Task,image_109.jpg,5.0,2Among5NoColour,blue,blue,Quadrant 3,20.0,3.0,17–32,4
19,74.0,3,1964.2999996185536,1,Task,image_24.jpg,2.0,2Among5NoColour,green,green,Quadrant 3,1.0,3.0,1–4,1
19,75.0,1,987.4000000000232,1,Task,image_79.jpg,5.0,2Among5Colour,green,red,Quadrant 1,8.0,1.0,5–8,2
19,76.0,2,1349.5999999999767,1,Task,image_5.jpg,2.0,2Among5Colour,red,green,Quadrant 2,5.0,2.0,5–8,2
19,77.0,2,3502.8000000000466,0,Task,image_65.jpg,2.0,2Among5ConjRed,blue,red,Quadrant 4,45.0,4.0,33–64,5
19,78.0,3,3595.5999998092884,0,Task,image_142.jpg,5.0,2Among5ConjRed,blue,green,Quadrant 2,65.0,2.0,65–99,6
19,79.0,4,1000.2999997138976,1,Task,image_4.jpg,2.0,2Among5Colour,blue,green,Quadrant 4,6.0,4.0,5–8,2
19,80.0,4,972.9999997138513,1,Task,image_74.jpg,5.0,2Among5Colour,green,red,Quadrant 4,2.0,4.0,1–4,1
19,81.0,2,2789.2999997138977,1,Task,image_70.jpg,2.0,2Among5ConjRed,blue,green,Quadrant 2,65.0,2.0,65–99,6
19,82.0,2,1662.8999999046791,1,Task,image_59.jpg,2.0,2Among5ConjRed,blue,red,Quadrant 2,14.0,2.0,9–16,3
19,83.0,1,1358.8999997138744,1,Task,image_55.jpg,2.0,2Among5ConjRed,blue,green,Quadrant 1,8.0,1.0,5–8,2
19,84.0,3,1065.0999996184837,1,Task,image_48.jpg,2.0,2Among5ConjRed,blue,green,Quadrant 3,1.0,3.0,1–4,1
19,85.0,4,3450.0999998092884,1,Task,image_134.jpg,5.0,2Among5ConjRed,green,red,Quadrant 4,25.0,4.0,17–32,4
19,86.0,3,1813.6999996185768,1,Task,image_37.jpg,2.0,2Among5NoColour,blue,blue,Quadrant 3,20.0,3.0,17–32,4
19,87.0,4,1282.7999996185536,1,Task,image_20.jpg,2.0,2Among5Colour,blue,red,Quadrant 4,93.0,4.0,65–99,6
19,88.0,4,1195.0999999999767,1,Task,image_26.jpg,2.0,2Among5NoColour,red,red,Quadrant 4,2.0,4.0,1–4,1
19,89.0,3,1079.7999997138977,1,Task,image_58.jpg,2.0,2Among5ConjRed,red,green,Quadrant 3,16.0,3.0,9–16,3
19,90.0,4,1539.6999999999534,1,Task,image_110.jpg,5.0,2Among5NoColour,red,red,Quadrant 4,25.0,4.0,17–32,4
19,91.0,1,1166.999999904656,1,Task,image_7.jpg,2.0,2Among5Colour,green,red,Quadrant 1,8.0,1.0,5–8,2
19,92.0,1,987.1999999046092,1,Task,image_90.jpg,5.0,2Among5Colour,red,blue,Quadrant 1,59.0,1.0,33–64,5
19,93.0,3,3538.900000000024,0,Task,image_132.jpg,5.0,2Among5ConjRed,blue,green,Quadrant 1,23.0,1.0,17–32,4
19,94.0,1,1258.6999998092651,1,Task,image_75.jpg,5.0,2Among5Colour,green,blue,Quadrant 1,3.0,1.0,1–4,1
19,95.0,1,1311.4999998093117,1,Task,image_33.jpg,2.0,2Among5NoColour,green,green,Quadrant 1,9.0,1.0,9–16,3
19,96.0,1,912.799999904586,1,Task,image_18.jpg,2.0,2Among5Colour,red,blue,Quadrant 1,59.0,1.0,33–64,5
19,97.0,3,2208.699999618577,1,Task,image_106.jpg,5.0,2Among5NoColour,red,red,Quadrant 3,16.0,3.0,9–16,3
19,98.0,2,1328.1999998092651,1,Task,image_73.jpg,5.0,2Among5Colour,blue,red,Quadrant 2,4.0,2.0,1–4,1
19,99.0,2,1098.6999999046093,1,Task,image_22.jpg,2.0,2Among5Colour,green,blue,Quadrant 2,65.0,2.0,65–99,6
19,100.0,4,1901.499999999884,1,Task,image_122.jpg,5.0,2Among5ConjRed,red,blue,Quadrant 4,2.0,4.0,1–4,1
19,101.0,4,2252.3000000000466,1,Task,image_52.jpg,2.0,2Among5ConjRed,green,blue,Quadrant 4,6.0,4.0,5–8,2
19,102.0,1,2583.399999904679,1,Task,image_114.jpg,5.0,2Among5NoColour,green,green,Quadrant 1,59.0,1.0,33–64,5
19,103.0,1,3694.0,0,Task,image_45.jpg,2.0,2Among5NoColour,green,green,Quadrant 3,82.0,3.0,65–99,6
19,104.0,4,1528.3000000000466,1,Task,image_32.jpg,2.0,2Among5NoColour,red,red,Quadrant 4,15.0,4.0,9–16,3
19,105.0,2,1412.8000000000466,1,Task,image_101.jpg,5.0,2Among5NoColour,green,green,Quadrant 2,5.0,2.0,5–8,2
19,106.0,1,2930.199999618577,1,Task,image_119.jpg,5.0,2Among5NoColour,blue,blue,Quadrant 1,75.0,1.0,65–99,6
19,107.0,4,1361.7999997138977,1,Task,image_92.jpg,5.0,2Among5Colour,blue,red,Quadrant 4,93.0,4.0,65–99,6
19,108.0,4,1325.6999999999534,1,Task,image_80.jpg,5.0,2Among5Colour,blue,red,Quadrant 4,15.0,4.0,9–16,3
19,109.0,3,1570.6999999999534,1,Task,image_19.jpg,2.0,2Among5Colour,green,red,Quadrant 3,47.0,3.0,33–64,5
19,110.0,4,1116.9000000000233,1,Task,image_76.jpg,5.0,2Among5Colour,blue,green,Quadrant 4,6.0,4.0,5–8,2
19,111.0,2,1527.1999996185768,1,Task,image_136.jpg,5.0,2Among5ConjRed,red,green,Quadrant 2,34.0,2.0,33–64,5
19,112.0,3,1305.8999996185305,1,Task,image_13.jpg,2.0,2Among5Colour,green,red,Quadrant 3,20.0,3.0,17–32,4
19,113.0,1,1756.299999904586,1,Task,image_108.jpg,5.0,2Among5NoColour,green,green,Quadrant 1,23.0,1.0,17–32,4
19,114.0,4,2750.400000000024,1,Task,image_116.jpg,5.0,2Among5NoColour,red,red,Quadrant 4,93.0,4.0,65–99,6
19,115.0,3,1217.1999998092651,1,Task,image_85.jpg,5.0,2Among5Colour,green,red,Quadrant 3,20.0,3.0,17–32,4
19,116.0,2,1932.8999997138744,1,Task,image_39.jpg,2.0,2Among5NoColour,green,green,Quadrant 2,26.0,2.0,17–32,4
19,117.0,3,1261.5999998092884,1,Task,image_82.jpg,5.0,2Among5Colour,red,green,Quadrant 3,16.0,3.0,9–16,3
19,118.0,2,1495.8999998092186,1,Task,image_64.jpg,2.0,2Among5ConjRed,red,green,Quadrant 2,34.0,2.0,33–64,5
19,119.0,2,2885.699999618577,1,Task,image_135.jpg,5.0,2Among5ConjRed,green,blue,Quadrant 2,26.0,2.0,17–32,4
19,120.0,3,2116.999999713851,1,Task,image_34.jpg,2.0,2Among5NoColour,red,red,Quadrant 3,16.0,3.0,9–16,3
19,121.0,2,852.799999904586,1,Task,image_1.jpg,2.0,2Among5Colour,blue,red,Quadrant 2,4.0,2.0,1–4,1
19,122.0,4,2089.8999996185303,1,Task,image_137.jpg,5.0,2Among5ConjRed,blue,red,Quadrant 4,45.0,4.0,33–64,5
19,123.0,3,3253.40000000014,1,Task,image_115.jpg,5.0,2Among5NoColour,blue,blue,Quadrant 3,47.0,3.0,33–64,5
19,124.0,3,3802.099999904633,0,Task,image_68.jpg,2.0,2Among5ConjRed,green,red,Quadrant 4,93.0,4.0,65–99,6
19,125.0,4,1221.199999713921,1,Task,image_100.jpg,5.0,2Among5NoColour,red,red,Quadrant 4,6.0,4.0,5–8,2
19,126.0,1,1845.599999618484,1,Task,image_66.jpg,2.0,2Among5ConjRed,red,blue,Quadrant 1,59.0,1.0,33–64,5
19,127.0,1,1742.7999997138977,1,Task,image_42.jpg,2.0,2Among5NoColour,green,green,Quadrant 1,59.0,1.0,33–64,5
19,128.0,2,1717.9000000000233,1,Task,image_49.jpg,2.0,2Among5ConjRed,blue,red,Quadrant 2,4.0,2.0,1–4,1
19,129.0,4,1501.1000000000931,1,Task,image_113.jpg,5.0,2Among5NoColour,blue,blue,Quadrant 4,45.0,4.0,33–64,5
19,130.0,3,1377.2999997138977,1,Task,image_126.jpg,5.0,2Among5ConjRed,green,red,Quadrant 3,7.0,3.0,5–8,2
19,131.0,2,3764.89999961853,0,Task,image_71.jpg,2.0,2Among5ConjRed,green,blue,Quadrant 1,75.0,1.0,65–99,6
19,132.0,4,1041.4999998093117,1,Task,image_86.jpg,5.0,2Among5Colour,red,green,Quadrant 4,25.0,4.0,17–32,4
19,133.0,2,1051.4000000000233,1,Task,image_94.jpg,5.0,2Among5Colour,green,blue,Quadrant 2,65.0,2.0,65–99,6
19,134.0,4,1775.6999998092651,1,Task,image_124.jpg,5.0,2Among5ConjRed,green,blue,Quadrant 4,6.0,4.0,5–8,2
19,135.0,4,1199.5999999046326,1,Task,image_50.jpg,2.0,2Among5ConjRed,red,blue,Quadrant 4,2.0,4.0,1–4,1
19,136.0,2,1949.199999809265,1,Task,image_29.jpg,2.0,2Among5NoColour,green,green,Quadrant 2,5.0,2.0,5–8,2
19,137.0,2,2105.0999999999767,1,Task,image_112.jpg,5.0,2Among5NoColour,red,red,Quadrant 2,34.0,2.0,33–64,5
19,138.0,3,3348.7999997138977,1,Task,image_43.jpg,2.0,2Among5NoColour,blue,blue,Quadrant 3,47.0,3.0,33–64,5
19,139.0,2,3567.2999997138977,0,Task,image_41.jpg,2.0,2Among5NoColour,blue,blue,Quadrant 4,45.0,4.0,33–64,5
19,140.0,3,1304.8999998092186,1,Task,image_93.jpg,5.0,2Among5Colour,blue,green,Quadrant 3,82.0,3.0,65–99,6
19,141.0,4,1699.1999998092651,1,Task,image_62.jpg,2.0,2Among5ConjRed,green,red,Quadrant 4,25.0,4.0,17–32,4
19,142.0,2,978.8000000000466,1,Task,image_15.jpg,2.0,2Among5Colour,blue,green,Quadrant 2,26.0,2.0,17–32,4
19,143.0,2,1583.0999996184837,1,Task,image_97.jpg,5.0,2Among5NoColour,blue,blue,Quadrant 2,4.0,2.0,1–4,1
19,144.0,3,2380.5999998092884,1,Task,image_30.jpg,2.0,2Among5NoColour,blue,blue,Quadrant 3,7.0,3.0,5–8,2
84,1.0,2,4281.90000002383,0,Task,image_71.jpg,2.0,2Among5ConjRed,green,blue,Quadrant 1,75.0,1.0,65–99,6
84,2.0,3,3698.200000000012,0,Task,image_46.jpg,2.0,2Among5NoColour,red,red,Quadrant 2,65.0,2.0,65–99,6
84,3.0,2,3828.500000023836,0,Task,image_69.jpg,2.0,2Among5ConjRed,blue,red,Quadrant 3,82.0,3.0,65–99,6
84,4.0,2,2647.3999999880907,1,Task,image_22.jpg,2.0,2Among5Colour,green,blue,Quadrant 2,65.0,2.0,65–99,6
84,5.0,2,970.6999999880792,1,Task,image_87.jpg,5.0,2Among5Colour,blue,green,Quadrant 2,26.0,2.0,17–32,4
84,6.0,2,1065.6000000000058,1,Task,image_94.jpg,5.0,2Among5Colour,green,blue,Quadrant 2,65.0,2.0,65–99,6
84,7.0,1,1083.3000000000177,1,Task,image_12.jpg,2.0,2Among5Colour,red,blue,Quadrant 1,23.0,1.0,17–32,4
84,8.0,3,895.6000000119093,1,Task,image_13.jpg,2.0,2Among5Colour,green,red,Quadrant 3,20.0,3.0,17–32,4
84,9.0,2,2494.500000023836,0,Task,image_56.jpg,2.0,2Among5ConjRed,green,blue,Quadrant 4,15.0,4.0,9–16,3
84,10.0,2,1314.5999999880733,0,Task,image_62.jpg,2.0,2Among5ConjRed,green,red,Quadrant 4,25.0,4.0,17–32,4
84,11.0,3,2038.500000023836,0,Task,image_111.jpg,5.0,2Among5NoColour,green,green,Quadrant 2,26.0,2.0,17–32,4
84,12.0,2,1208.0999999880733,1,Task,image_5.jpg,2.0,2Among5Colour,red,green,Quadrant 2,5.0,2.0,5–8,2
84,13.0,1,3564.199999988079,0,Task,image_137.jpg,5.0,2Among5ConjRed,blue,red,Quadrant 4,45.0,4.0,33–64,5
84,14.0,2,3839.700000011915,1,Task,image_136.jpg,5.0,2Among5ConjRed,red,green,Quadrant 2,34.0,2.0,33–64,5
84,15.0,1,763.5,1,Task,image_23.jpg,2.0,2Among5Colour,red,green,Quadrant 1,75.0,1.0,65–99,6
84,16.0,3,3585.5,0,Task,image_110.jpg,5.0,2Among5NoColour,red,red,Quadrant 4,25.0,4.0,17–32,4
84,17.0,4,2089.300000023853,1,Task,image_20.jpg,2.0,2Among5Colour,blue,red,Quadrant 4,93.0,4.0,65–99,6
84,18.0,4,1404.3000000238535,1,Task,image_86.jpg,5.0,2Among5Colour,red,green,Quadrant 4,25.0,4.0,17–32,4
84,19.0,3,1615.799999988085,1,Task,image_82.jpg,5.0,2Among5Colour,red,green,Quadrant 3,16.0,3.0,9–16,3
84,20.0,3,3941.0000000357686,0,Task,image_123.jpg,5.0,2Among5ConjRed,red,green,Quadrant 1,3.0,1.0,1–4,1
84,21.0,2,3028.3999999880907,1,Task,image_29.jpg,2.0,2Among5NoColour,green,green,Quadrant 2,5.0,2.0,5–8,2
84,22.0,2,2729.799999988085,0,Task,image_99.jpg,5.0,2Among5NoColour,blue,blue,Quadrant 1,3.0,1.0,1–4,1
84,23.0,1,1921.1000000119093,1,Task,image_103.jpg,5.0,2Among5NoColour,green,green,Quadrant 1,8.0,1.0,5–8,2
84,24.0,3,1146.7999999880558,1,Task,image_10.jpg,2.0,2Among5Colour,red,green,Quadrant 3,16.0,3.0,9–16,3
84,25.0,4,1498.8000000238535,1,Task,image_92.jpg,5.0,2Among5Colour,blue,red,Quadrant 4,93.0,4.0,65–99,6
84,26.0,1,812.0000000119326,1,Task,image_90.jpg,5.0,2Among5Colour,red,blue,Quadrant 1,59.0,1.0,33–64,5
84,27.0,2,1945.299999988056,0,Task,image_96.jpg,5.0,2Among5NoColour,green,green,Quadrant 3,1.0,3.0,1–4,1
84,28.0,1,1747.5000000357395,1,Task,image_7.jpg,2.0,2Among5Colour,green,red,Quadrant 1,8.0,1.0,5–8,2
84,29.0,2,3195.500000023865,0,Task,image_119.jpg,5.0,2Among5NoColour,blue,blue,Quadrant 1,75.0,1.0,65–99,6
84,30.0,1,2580.0,1,Task,image_57.jpg,2.0,2Among5ConjRed,red,blue,Quadrant 1,9.0,1.0,9–16,3
84,31.0,1,2369.7000000238186,1,Task,image_143.jpg,5.0,2Among5ConjRed,green,blue,Quadrant 1,75.0,1.0,65–99,6
84,32.0,2,2848.500000011933,0,Task,image_55.jpg,2.0,2Among5ConjRed,blue,green,Quadrant 1,8.0,1.0,5–8,2
84,33.0,4,1073.0000000357395,1,Task,image_17.jpg,2.0,2Among5Colour,blue,red,Quadrant 4,45.0,4.0,33–64,5
84,34.0,4,703.4999999880674,1,Task,image_4.jpg,2.0,2Among5Colour,blue,green,Quadrant 4,6.0,4.0,5–8,2
84,35.0,1,3312.299999988056,0,Task,image_38.jpg,2.0,2Among5NoColour,red,red,Quadrant 4,25.0,4.0,17–32,4
84,36.0,3,1074.4000000357628,1,Task,image_91.jpg,5.0,2Among5Colour,green,red,Quadrant 3,47.0,3.0,33–64,5
84,37.0,4,911.3000000119208,1,Task,image_76.jpg,5.0,2Among5Colour,blue,green,Quadrant 4,6.0,4.0,5–8,2
84,38.0,1,894.2000000000116,0,Task,image_48.jpg,2.0,2Among5ConjRed,blue,green,Quadrant 3,1.0,3.0,1–4,1
84,39.0,3,3666.5999999999767,0,Task,image_28.jpg,2.0,2Among5NoColour,red,red,Quadrant 4,6.0,4.0,5–8,2
84,40.0,4,1099.100000023842,1,Task,image_2.jpg,2.0,2Among5Colour,green,red,Quadrant 4,2.0,4.0,1–4,1
84,41.0,2,2712.5999999999767,0,Task,image_58.jpg,2.0,2Among5ConjRed,red,green,Quadrant 3,16.0,3.0,9–16,3
84,42.0,1,3544.400000035763,0,Task,image_141.jpg,5.0,2Among5ConjRed,blue,red,Quadrant 3,82.0,3.0,65–99,6
84,43.0,3,3926.90000002383,0,Task,image_127.jpg,5.0,2Among5ConjRed,blue,green,Quadrant 1,8.0,1.0,5–8,2
84,44.0,2,933.0000000000582,1,Task,image_16.jpg,2.0,2Among5Colour,green,blue,Quadrant 2,34.0,2.0,33–64,5
84,45.0,2,1516.5,0,Task,image_98.jpg,5.0,2Among5NoColour,red,red,Quadrant 4,2.0,4.0,1–4,1
84,46.0,2,1619.4999999880674,0,Task,image_27.jpg,2.0,2Among5NoColour,blue,blue,Quadrant 1,3.0,1.0,1–4,1
84,47.0,4,2702.100000023842,0,Task,image_109.jpg,5.0,2Among5NoColour,blue,blue,Quadrant 3,20.0,3.0,17–32,4
84,48.0,2,1172.600000023842,1,Task,image_1.jpg,2.0,2Among5Colour,blue,red,Quadrant 2,4.0,2.0,1–4,1
84,49.0,2,1480.1000000357744,0,Task,image_66.jpg,2.0,2Among5ConjRed,red,blue,Quadrant 1,59.0,1.0,33–64,5
84,50.0,4,2279.5999999999767,0,Task,image_42.jpg,2.0,2Among5NoColour,green,green,Quadrant 1,59.0,1.0,33–64,5
84,51.0,4,6449.499999988067,0,Task,image_45.jpg,2.0,2Among5NoColour,green,green,Quadrant 3,82.0,3.0,65–99,6
84,52.0,4,956.6000000357744,1,Task,image_74.jpg,5.0,2Among5Colour,green,red,Quadrant 4,2.0,4.0,1–4,1
84,53.0,2,592.5999999881024,1,Task,image_73.jpg,5.0,2Among5Colour,blue,red,Quadrant 2,4.0,2.0,1–4,1
84,54.0,1,3779.600000023842,1,Task,image_60.jpg,2.0,2Among5ConjRed,blue,green,Quadrant 1,23.0,1.0,17–32,4
84,55.0,2,3706.100000011909,0,Task,image_37.jpg,2.0,2Among5NoColour,blue,blue,Quadrant 3,20.0,3.0,17–32,4
84,56.0,2,2945.1000000119093,1,Task,image_39.jpg,2.0,2Among5NoColour,green,green,Quadrant 2,26.0,2.0,17–32,4
84,57.0,3,2543.0999999881024,1,Task,image_24.jpg,2.0,2Among5NoColour,green,green,Quadrant 3,1.0,3.0,1–4,1
84,58.0,3,985.7999999880558,0,Task,image_9.jpg,2.0,2Among5Colour,green,blue,Quadrant 1,9.0,1.0,9–16,3
84,59.0,2,3503.7000000238186,1,Task,image_35.jpg,2.0,2Among5NoColour,blue,blue,Quadrant 2,14.0,2.0,9–16,3
84,60.0,2,2100.0,1,Task,image_77.jpg,5.0,2Among5Colour,red,green,Quadrant 2,5.0,2.0,5–8,2
84,61.0,2,3182.1000000357744,0,Task,image_32.jpg,2.0,2Among5NoColour,red,red,Quadrant 4,15.0,4.0,9–16,3
84,62.0,4,3070.0,1,Task,image_65.jpg,2.0,2Among5ConjRed,blue,red,Quadrant 4,45.0,4.0,33–64,5
84,63.0,2,2350.0,0,Task,image_128.jpg,5.0,2Among5ConjRed,green,blue,Quadrant 4,15.0,4.0,9–16,3
84,64.0,3,3521.799999988056,1,Task,image_43.jpg,2.0,2Among5NoColour,blue,blue,Quadrant 3,47.0,3.0,33–64,5
84,65.0,4,4179.500000011933,1,Task,image_116.jpg,5.0,2Among5NoColour,red,red,Quadrant 4,93.0,4.0,65–99,6
84,66.0,2,2815.200000000012,1,Task,image_59.jpg,2.0,2Among5ConjRed,blue,red,Quadrant 2,14.0,2.0,9–16,3
84,67.0,2,1462.4000000118976,1,Task,image_131.jpg,5.0,2Among5ConjRed,blue,red,Quadrant 2,14.0,2.0,9–16,3
84,68.0,2,3272.5,1,Task,image_53.jpg,2.0,2Among5ConjRed,green,red,Quadrant 2,5.0,2.0,5–8,2
84,69.0,3,2208.7000000238186,1,Task,image_0.jpg,2.0,2Among5Colour,red,blue,Quadrant 3,1.0,3.0,1–4,1
84,70.0,4,2421.300000023853,1,Task,image_26.jpg,2.0,2Among5NoColour,red,red,Quadrant 4,2.0,4.0,1–4,1
84,71.0,3,2083.399999999907,1,Task,image_72.jpg,5.0,2Among5Colour,red,blue,Quadrant 3,1.0,3.0,1–4,1
84,72.0,3,2737.800000011921,0,Task,image_41.jpg,2.0,2Among5NoColour,blue,blue,Quadrant 4,45.0,4.0,33–64,5
84,73.0,3,3270.800000011921,1,Task,image_106.jpg,5.0,2Among5NoColour,red,red,Quadrant 3,16.0,3.0,9–16,3
84,74.0,3,1099.2999999999884,1,Task,image_21.jpg,2.0,2Among5Colour,blue,green,Quadrant 3,82.0,3.0,65–99,6
84,75.0,2,3404.3999999880907,0,Task,image_52.jpg,2.0,2Among5ConjRed,green,blue,Quadrant 4,6.0,4.0,5–8,2
84,76.0,4,2166.5999999999767,1,Task,image_122.jpg,5.0,2Among5ConjRed,red,blue,Quadrant 4,2.0,4.0,1–4,1
84,77.0,4,2243.2999999999884,1,Task,image_50.jpg,2.0,2Among5ConjRed,red,blue,Quadrant 4,2.0,4.0,1–4,1
84,78.0,2,3825.499999988067,1,Task,image_112.jpg,5.0,2Among5NoColour,red,red,Quadrant 2,34.0,2.0,33–64,5
84,79.0,4,2063.2999999999884,1,Task,image_100.jpg,5.0,2Among5NoColour,red,red,Quadrant 4,6.0,4.0,5–8,2
84,80.0,2,2642.300000023853,1,Task,image_135.jpg,5.0,2Among5ConjRed,green,blue,Quadrant 2,26.0,2.0,17–32,4
84,81.0,1,2544.200000035751,0,Task,image_140.jpg,5.0,2Among5ConjRed,green,red,Quadrant 4,93.0,4.0,65–99,6
84,82.0,1,3670.499999988067,1,Task,image_105.jpg,5.0,2Among5NoColour,green,green,Quadrant 1,9.0,1.0,9–16,3
84,83.0,4,1450.0999999999767,1,Task,image_8.jpg,2.0,2Among5Colour,blue,red,Quadrant 4,15.0,4.0,9–16,3
84,84.0,4,879.5999999881024,1,Task,image_14.jpg,2.0,2Among5Colour,red,green,Quadrant 4,25.0,4.0,17–32,4
84,85.0,4,1115.199999988079,1,Task,image_80.jpg,5.0,2Among5Colour,blue,red,Quadrant 4,15.0,4.0,9–16,3
84,86.0,2,2589.800000011921,0,Task,image_129.jpg,5.0,2Among5ConjRed,red,blue,Quadrant 1,9.0,1.0,9–16,3
84,87.0,3,4014.50000003574,0,Task,image_44.jpg,2.0,2Among5NoColour,red,red,Quadrant 4,93.0,4.0,65–99,6
84,88.0,2,1556.0999999881024,1,Task,image_121.jpg,5.0,2Among5ConjRed,blue,red,Quadrant 2,4.0,2.0,1–4,1
84,89.0,2,1474.7999999880558,0,Task,image_130.jpg,5.0,2Among5ConjRed,red,green,Quadrant 3,16.0,3.0,9–16,3
84,90.0,3,1997.8999999880907,1,Task,image_54.jpg,2.0,2Among5ConjRed,green,red,Quadrant 3,7.0,3.0,5–8,2
84,91.0,3,3346.700000011944,1,Task,image_126.jpg,5.0,2Among5ConjRed,green,red,Quadrant 3,7.0,3.0,5–8,2
84,92.0,2,1452.7999999880558,1,Task,image_25.jpg,2.0,2Among5NoColour,blue,blue,Quadrant 2,4.0,2.0,1–4,1
84,93.0,1,2013.800000035786,0,Task,image_64.jpg,2.0,2Among5ConjRed,red,green,Quadrant 2,34.0,2.0,33–64,5
84,94.0,3,1297.2000000119442,1,Task,image_93.jpg,5.0,2Among5Colour,blue,green,Quadrant 3,82.0,3.0,65–99,6
84,95.0,2,2182.5999999881024,1,Task,image_101.jpg,5.0,2Among5NoColour,green,green,Quadrant 2,5.0,2.0,5–8,2
84,96.0,2,3496.800000023853,0,Task,image_104.jpg,5.0,2Among5NoColour,red,red,Quadrant 4,15.0,4.0,9–16,3
84,97.0,1,1973.699999988079,1,Task,image_108.jpg,5.0,2Among5NoColour,green,green,Quadrant 1,23.0,1.0,17–32,4
84,98.0,1,2562.7999999999884,0,Task,image_107.jpg,5.0,2Among5NoColour,blue,blue,Quadrant 2,14.0,2.0,9–16,3
84,99.0,4,1125.4000000118976,0,Task,image_133.jpg,5.0,2Among5ConjRed,red,blue,Quadrant 3,20.0,3.0,17–32,4
84,100.0,2,2404.200000011944,1,Task,image_125.jpg,5.0,2Among5ConjRed,green,red,Quadrant 2,5.0,2.0,5–8,2
84,101.0,2,1236.8000000238535,0,Task,image_134.jpg,5.0,2Among5ConjRed,green,red,Quadrant 4,25.0,4.0,17–32,4
84,102.0,3,5328.0,1,Task,image_19.jpg,2.0,2Among5Colour,green,red,Quadrant 3,47.0,3.0,33–64,5
84,103.0,4,3089.500000011933,0,Task,image_36.jpg,2.0,2Among5NoColour,green,green,Quadrant 1,23.0,1.0,17–32,4
84,104.0,1,1241.300000035786,1,Task,image_81.jpg,5.0,2Among5Colour,green,blue,Quadrant 1,9.0,1.0,9–16,3
84,105.0,1,3830.50000003574,0,Task,image_49.jpg,2.0,2Among5ConjRed,blue,red,Quadrant 2,4.0,2.0,1–4,1
84,106.0,3,921.4000000000232,1,Task,image_120.jpg,5.0,2Among5ConjRed,blue,green,Quadrant 3,1.0,3.0,1–4,1
84,107.0,4,3638.00000003574,0,Task,image_67.jpg,2.0,2Among5ConjRed,red,green,Quadrant 3,47.0,3.0,33–64,5
84,108.0,1,2121.1000000119675,1,Task,image_79.jpg,5.0,2Among5Colour,green,red,Quadrant 1,8.0,1.0,5–8,2
84,109.0,2,805.0999999999767,0,Task,image_51.jpg,2.0,2Among5ConjRed,red,green,Quadrant 1,3.0,1.0,1–4,1
84,110.0,1,3803.300000011921,1,Task,image_47.jpg,2.0,2Among5NoColour,blue,blue,Quadrant 1,75.0,1.0,65–99,6
84,111.0,2,3164.400000035763,0,Task,image_132.jpg,5.0,2Among5ConjRed,blue,green,Quadrant 1,23.0,1.0,17–32,4
84,112.0,3,1405.0999999881024,1,Task,image_85.jpg,5.0,2Among5Colour,green,red,Quadrant 3,20.0,3.0,17–32,4
84,113.0,3,4304.900000000023,0,Task,image_114.jpg,5.0,2Among5NoColour,green,green,Quadrant 1,59.0,1.0,33–64,5
84,114.0,1,959.7000000238186,1,Task,image_3.jpg,2.0,2Among5Colour,green,blue,Quadrant 1,3.0,1.0,1–4,1
84,115.0,2,3820.400000023888,0,Task,image_33.jpg,2.0,2Among5NoColour,green,green,Quadrant 1,9.0,1.0,9–16,3
84,116.0,3,3461.5999999999767,1,Task,image_34.jpg,2.0,2Among5NoColour,red,red,Quadrant 3,16.0,3.0,9–16,3
84,117.0,2,3529.299999988056,0,Task,image_138.jpg,5.0,2Among5ConjRed,red,blue,Quadrant 1,59.0,1.0,33–64,5
84,118.0,1,4574.100000023842,0,Task,image_139.jpg,5.0,2Among5ConjRed,red,green,Quadrant 3,47.0,3.0,33–64,5
84,119.0,1,1478.1000000119675,1,Task,image_84.jpg,5.0,2Among5Colour,red,blue,Quadrant 1,23.0,1.0,17–32,4
84,120.0,2,2182.5999999999767,0,Task,image_124.jpg,5.0,2Among5ConjRed,green,blue,Quadrant 4,6.0,4.0,5–8,2
84,121.0,2,3522.6000000119675,0,Task,image_78.jpg,5.0,2Among5Colour,red,blue,Quadrant 3,7.0,3.0,5–8,2
84,122.0,2,2138.9000000118976,1,Task,image_11.jpg,2.0,2Among5Colour,blue,green,Quadrant 2,14.0,2.0,9–16,3
84,123.0,2,1015.9000000238884,1,Task,image_83.jpg,5.0,2Among5Colour,blue,green,Quadrant 2,14.0,2.0,9–16,3
84,124.0,3,1908.5000000357395,1,Task,image_102.jpg,5.0,2Among5NoColour,blue,blue,Quadrant 3,7.0,3.0,5–8,2
84,125.0,2,2903.100000035716,0,Task,image_113.jpg,5.0,2Among5NoColour,blue,blue,Quadrant 4,45.0,4.0,33–64,5
84,126.0,1,1397.800000011921,1,Task,image_75.jpg,5.0,2Among5Colour,green,blue,Quadrant 1,3.0,1.0,1–4,1
84,127.0,1,3496.600000035716,0,Task,image_118.jpg,5.0,2Among5NoColour,red,red,Quadrant 2,65.0,2.0,65–99,6
84,128.0,3,966.6999999999534,1,Task,image_6.jpg,2.0,2Among5Colour,red,blue,Quadrant 3,7.0,3.0,5–8,2
84,129.0,1,1472.9000000118976,0,Task,image_63.jpg,2.0,2Among5ConjRed,green,blue,Quadrant 2,26.0,2.0,17–32,4
84,130.0,2,3346.0,1,Task,image_40.jpg,2.0,2Among5NoColour,red,red,Quadrant 2,34.0,2.0,33–64,5
84,131.0,1,2882.5000000118744,0,Task,image_117.jpg,5.0,2Among5NoColour,green,green,Quadrant 3,82.0,3.0,65–99,6
84,132.0,1,1376.3000000000466,0,Task,image_30.jpg,2.0,2Among5NoColour,blue,blue,Quadrant 3,7.0,3.0,5–8,2
84,133.0,4,4159.999999988126,0,Task,image_31.jpg,2.0,2Among5NoColour,green,green,Quadrant 1,8.0,1.0,5–8,2
84,134.0,1,858.8000000237953,1,Task,image_18.jpg,2.0,2Among5Colour,red,blue,Quadrant 1,59.0,1.0,33–64,5
84,135.0,2,3673.200000011944,1,Task,image_70.jpg,2.0,2Among5ConjRed,blue,green,Quadrant 2,65.0,2.0,65–99,6
84,136.0,1,1357.600000023842,0,Task,image_68.jpg,2.0,2Among5ConjRed,green,red,Quadrant 4,93.0,4.0,65–99,6
84,137.0,2,1205.4000000238884,1,Task,image_15.jpg,2.0,2Among5Colour,blue,green,Quadrant 2,26.0,2.0,17–32,4
84,138.0,1,709.7000000119442,1,Task,image_95.jpg,5.0,2Among5Colour,red,green,Quadrant 1,75.0,1.0,65–99,6
84,139.0,3,2927.900000035763,1,Task,image_61.jpg,2.0,2Among5ConjRed,red,blue,Quadrant 3,20.0,3.0,17–32,4
84,140.0,4,1266.6999999999534,1,Task,image_89.jpg,5.0,2Among5Colour,blue,red,Quadrant 4,45.0,4.0,33–64,5
84,141.0,1,3396.200000011944,0,Task,image_115.jpg,5.0,2Among5NoColour,blue,blue,Quadrant 3,47.0,3.0,33–64,5
84,142.0,2,2607.200000011944,1,Task,image_97.jpg,5.0,2Among5NoColour,blue,blue,Quadrant 2,4.0,2.0,1–4,1
84,143.0,2,1589.7999999880558,1,Task,image_142.jpg,5.0,2Among5ConjRed,blue,green,Quadrant 2,65.0,2.0,65–99,6
84,144.0,2,849.6999999999534,1,Task,image_88.jpg,5.0,2Among5Colour,green,blue,Quadrant 2,34.0,2.0,33–64,5
25,1.0,4,3253.2999999988824,1,Task,image_28.jpg,2.0,2Among5NoColour,red,red,Quadrant 4,6.0,4.0,5–8,2
25,2.0,3,2672.799999999625,0,Task,image_119.jpg,5.0,2Among5NoColour,blue,blue,Quadrant 1,75.0,1.0,65–99,6
25,3.0,2,2760.400000000001,0,Task,image_117.jpg,5.0,2Among5NoColour,green,green,Quadrant 3,82.0,3.0,65–99,6
25,4.0,3,1038.6000000003696,1,Task,image_0.jpg,2.0,2Among5Colour,red,blue,Quadrant 3,1.0,3.0,1–4,1
25,5.0,4,879.1999999996333,1,Task,image_76.jpg,5.0,2Among5Colour,blue,green,Quadrant 4,6.0,4.0,5–8,2
25,6.0,2,1430.2999999988824,1,Task,image_73.jpg,5.0,2Among5Colour,blue,red,Quadrant 2,4.0,2.0,1–4,1
25,7.0,4,1661.0,1,Task,image_134.jpg,5.0,2Among5ConjRed,green,red,Quadrant 4,25.0,4.0,17–32,4
25,8.0,3,1608.8999999999942,1,Task,image_54.jpg,2.0,2Among5ConjRed,green,red,Quadrant 3,7.0,3.0,5–8,2
25,9.0,1,1900.5,1,Task,image_132.jpg,5.0,2Among5ConjRed,blue,green,Quadrant 1,23.0,1.0,17–32,4
25,10.0,4,1022.6999999988766,1,Task,image_92.jpg,5.0,2Among5Colour,blue,red,Quadrant 4,93.0,4.0,65–99,6
25,11.0,3,1032.2999999996246,1,Task,image_82.jpg,5.0,2Among5Colour,red,green,Quadrant 3,16.0,3.0,9–16,3
25,12.0,3,982.1000000000058,1,Task,image_21.jpg,2.0,2Among5Colour,blue,green,Quadrant 3,82.0,3.0,65–99,6
25,13.0,1,2505.7999999988824,0,Task,image_104.jpg,5.0,2Among5NoColour,red,red,Quadrant 4,15.0,4.0,9–16,3
25,14.0,4,974.8000000003668,1,Task,image_80.jpg,5.0,2Among5Colour,blue,red,Quadrant 4,15.0,4.0,9–16,3
25,15.0,3,1446.7000000003754,1,Task,image_130.jpg,5.0,2Among5ConjRed,red,green,Quadrant 3,16.0,3.0,9–16,3
25,16.0,1,1182.199999999255,1,Task,image_3.jpg,2.0,2Among5Colour,green,blue,Quadrant 1,3.0,1.0,1–4,1
25,17.0,3,1474.2000000003754,0,Task,image_122.jpg,5.0,2Among5ConjRed,red,blue,Quadrant 4,2.0,4.0,1–4,1
25,18.0,2,1129.8999999999942,1,Task,image_22.jpg,2.0,2Among5Colour,green,blue,Quadrant 2,65.0,2.0,65–99,6
25,19.0,4,1933.2999999999884,0,Task,image_105.jpg,5.0,2Among5NoColour,green,green,Quadrant 1,9.0,1.0,9–16,3
25,20.0,2,1778.099999998885,0,Task,image_110.jpg,5.0,2Among5NoColour,red,red,Quadrant 4,25.0,4.0,17–32,4
25,21.0,1,1219.6999999996333,1,Task,image_9.jpg,2.0,2Among5Colour,green,blue,Quadrant 1,9.0,1.0,9–16,3
25,22.0,2,1683.2999999999884,1,Task,image_29.jpg,2.0,2Among5NoColour,green,green,Quadrant 2,5.0,2.0,5–8,2
25,23.0,2,1436.999999999258,1,Task,image_25.jpg,2.0,2Among5NoColour,blue,blue,Quadrant 2,4.0,2.0,1–4,1
25,24.0,4,1126.2999999992608,1,Task,image_20.jpg,2.0,2Among5Colour,blue,red,Quadrant 4,93.0,4.0,65–99,6
25,25.0,4,1003.1999999992548,1,Task,image_14.jpg,2.0,2Among5Colour,red,green,Quadrant 4,25.0,4.0,17–32,4
25,26.0,1,1889.2999999996248,1,Task,image_60.jpg,2.0,2Among5ConjRed,blue,green,Quadrant 1,23.0,1.0,17–32,4
25,27.0,3,1393.9999999996217,1,Task,image_126.jpg,5.0,2Among5ConjRed,green,red,Quadrant 3,7.0,3.0,5–8,2
25,28.0,1,1706.199999999255,1,Task,image_51.jpg,2.0,2Among5ConjRed,red,green,Quadrant 1,3.0,1.0,1–4,1
25,29.0,4,1970.1999999996333,1,Task,image_50.jpg,2.0,2Among5ConjRed,red,blue,Quadrant 4,2.0,4.0,1–4,1
25,30.0,2,1201.9999999996217,1,Task,image_53.jpg,2.0,2Among5ConjRed,green,red,Quadrant 2,5.0,2.0,5–8,2
25,31.0,2,2025.6999999988768,1,Task,image_118.jpg,5.0,2Among5NoColour,red,red,Quadrant 2,65.0,2.0,65–99,6
25,32.0,1,2657.799999999625,1,Task,image_66.jpg,2.0,2Among5ConjRed,red,blue,Quadrant 1,59.0,1.0,33–64,5
25,33.0,3,2786.1999999988766,1,Task,image_61.jpg,2.0,2Among5ConjRed,red,blue,Quadrant 3,20.0,3.0,17–32,4
25,34.0,2,989.5,1,Task,image_125.jpg,5.0,2Among5ConjRed,green,red,Quadrant 2,5.0,2.0,5–8,2
25,35.0,3,2811.7999999988824,0,Task,image_116.jpg,5.0,2Among5NoColour,red,red,Quadrant 4,93.0,4.0,65–99,6
25,36.0,2,1274.7999999992608,1,Task,image_101.jpg,5.0,2Among5NoColour,green,green,Quadrant 2,5.0,2.0,5–8,2
25,37.0,1,1111.9999999992433,1,Task,image_95.jpg,5.0,2Among5Colour,red,green,Quadrant 1,75.0,1.0,65–99,6
25,38.0,3,2061.600000000384,1,Task,image_141.jpg,5.0,2Among5ConjRed,blue,red,Quadrant 3,82.0,3.0,65–99,6
25,39.0,1,1042.0,1,Task,image_12.jpg,2.0,2Among5Colour,red,blue,Quadrant 1,23.0,1.0,17–32,4
25,40.0,3,1775.6999999996333,1,Task,image_58.jpg,2.0,2Among5ConjRed,red,green,Quadrant 3,16.0,3.0,9–16,3
25,41.0,2,1229.0999999988708,1,Task,image_59.jpg,2.0,2Among5ConjRed,blue,red,Quadrant 2,14.0,2.0,9–16,3
25,42.0,1,2564.2999999999884,0,Task,image_67.jpg,2.0,2Among5ConjRed,red,green,Quadrant 3,47.0,3.0,33–64,5
25,43.0,3,1680.1999999996333,1,Task,image_24.jpg,2.0,2Among5NoColour,green,green,Quadrant 3,1.0,3.0,1–4,1
25,44.0,2,2580.499999999244,1,Task,image_63.jpg,2.0,2Among5ConjRed,green,blue,Quadrant 2,26.0,2.0,17–32,4
25,45.0,3,2886.600000000384,0,Task,image_113.jpg,5.0,2Among5NoColour,blue,blue,Quadrant 4,45.0,4.0,33–64,5
25,46.0,2,2833.700000000012,0,Task,image_44.jpg,2.0,2Among5NoColour,red,red,Quadrant 4,93.0,4.0,65–99,6
25,47.0,3,3055.399999998888,0,Task,image_38.jpg,2.0,2Among5NoColour,red,red,Quadrant 4,25.0,4.0,17–32,4
25,48.0,1,3095.100000000006,0,Task,image_43.jpg,2.0,2Among5NoColour,blue,blue,Quadrant 3,47.0,3.0,33–64,5
25,49.0,2,1296.1000000003842,1,Task,image_94.jpg,5.0,2Among5Colour,green,blue,Quadrant 2,65.0,2.0,65–99,6
25,50.0,3,2999.899999999616,0,Task,image_47.jpg,2.0,2Among5NoColour,blue,blue,Quadrant 1,75.0,1.0,65–99,6
25,51.0,1,1599.7999999999884,1,Task,image_27.jpg,2.0,2Among5NoColour,blue,blue,Quadrant 1,3.0,1.0,1–4,1
25,52.0,4,2020.9999999992435,1,Task,image_128.jpg,5.0,2Among5ConjRed,green,blue,Quadrant 4,15.0,4.0,9–16,3
25,53.0,1,2239.499999999244,0,Task,image_40.jpg,2.0,2Among5NoColour,red,red,Quadrant 2,34.0,2.0,33–64,5
25,54.0,2,1931.799999999639,1,Task,image_35.jpg,2.0,2Among5NoColour,blue,blue,Quadrant 2,14.0,2.0,9–16,3
25,55.0,1,1213.0999999988708,1,Task,image_75.jpg,5.0,2Among5Colour,green,blue,Quadrant 1,3.0,1.0,1–4,1
25,56.0,4,996.7999999988824,1,Task,image_4.jpg,2.0,2Among5Colour,blue,green,Quadrant 4,6.0,4.0,5–8,2
25,57.0,1,3198.2999999988824,1,Task,image_103.jpg,5.0,2Among5NoColour,green,green,Quadrant 1,8.0,1.0,5–8,2
25,58.0,4,2002.599999999249,0,Task,image_71.jpg,2.0,2Among5ConjRed,green,blue,Quadrant 1,75.0,1.0,65–99,6
25,59.0,1,2704.299999999639,1,Task,image_36.jpg,2.0,2Among5NoColour,green,green,Quadrant 1,23.0,1.0,17–32,4
25,60.0,4,1329.6999999996333,1,Task,image_98.jpg,5.0,2Among5NoColour,red,red,Quadrant 4,2.0,4.0,1–4,1
25,61.0,4,1899.7999999988824,0,Task,image_143.jpg,5.0,2Among5ConjRed,green,blue,Quadrant 1,75.0,1.0,65–99,6
25,62.0,3,1347.0999999992491,1,Task,image_13.jpg,2.0,2Among5Colour,green,red,Quadrant 3,20.0,3.0,17–32,4
25,63.0,2,1206.0999999996277,1,Task,image_107.jpg,5.0,2Among5NoColour,blue,blue,Quadrant 2,14.0,2.0,9–16,3
25,64.0,3,2182.100000000006,1,Task,image_106.jpg,5.0,2Among5NoColour,red,red,Quadrant 3,16.0,3.0,9–16,3
25,65.0,2,1668.2999999992608,1,Task,image_64.jpg,2.0,2Among5ConjRed,red,green,Quadrant 2,34.0,2.0,33–64,5
25,66.0,1,2127.199999999255,0,Task,image_46.jpg,2.0,2Among5NoColour,red,red,Quadrant 2,65.0,2.0,65–99,6
25,67.0,3,1653.7999999988824,1,Task,image_30.jpg,2.0,2Among5NoColour,blue,blue,Quadrant 3,7.0,3.0,5–8,2
25,68.0,4,949.4000000003724,1,Task,image_8.jpg,2.0,2Among5Colour,blue,red,Quadrant 4,15.0,4.0,9–16,3
25,69.0,2,1556.8999999992666,0,Task,image_41.jpg,2.0,2Among5NoColour,blue,blue,Quadrant 4,45.0,4.0,33–64,5
25,70.0,2,825.9999999996217,1,Task,image_11.jpg,2.0,2Among5Colour,blue,green,Quadrant 2,14.0,2.0,9–16,3
25,71.0,3,1274.6999999996333,1,Task,image_115.jpg,5.0,2Among5NoColour,blue,blue,Quadrant 3,47.0,3.0,33–64,5
25,72.0,3,1790.199999999255,0,Task,image_108.jpg,5.0,2Among5NoColour,green,green,Quadrant 1,23.0,1.0,17–32,4
25,73.0,3,1223.8999999988882,1,Task,image_10.jpg,2.0,2Among5Colour,red,green,Quadrant 3,16.0,3.0,9–16,3
25,74.0,3,1320.8999999988882,1,Task,image_120.jpg,5.0,2Among5ConjRed,blue,green,Quadrant 3,1.0,3.0,1–4,1
25,75.0,3,1028.6000000003842,1,Task,image_93.jpg,5.0,2Among5Colour,blue,green,Quadrant 3,82.0,3.0,65–99,6
25,76.0,2,1076.0,1,Task,image_121.jpg,5.0,2Among5ConjRed,blue,red,Quadrant 2,4.0,2.0,1–4,1
25,77.0,4,1990.4000000003723,1,Task,image_124.jpg,5.0,2Among5ConjRed,green,blue,Quadrant 4,6.0,4.0,5–8,2
25,78.0,4,1747.7000000000116,1,Task,image_100.jpg,5.0,2Among5NoColour,red,red,Quadrant 4,6.0,4.0,5–8,2
25,79.0,3,1183.700000000361,1,Task,image_19.jpg,2.0,2Among5Colour,green,red,Quadrant 3,47.0,3.0,33–64,5
25,80.0,2,668.8999999988882,1,Task,image_87.jpg,5.0,2Among5Colour,blue,green,Quadrant 2,26.0,2.0,17–32,4
25,81.0,3,1511.799999999639,0,Task,image_31.jpg,2.0,2Among5NoColour,green,green,Quadrant 1,8.0,1.0,5–8,2
25,82.0,3,1500.8999999992666,0,Task,image_138.jpg,5.0,2Among5ConjRed,red,blue,Quadrant 1,59.0,1.0,33–64,5
25,83.0,3,1037.7999999999884,1,Task,image_6.jpg,2.0,2Among5Colour,red,blue,Quadrant 3,7.0,3.0,5–8,2
25,84.0,3,2298.000000000349,1,Task,image_69.jpg,2.0,2Among5ConjRed,blue,red,Quadrant 3,82.0,3.0,65–99,6
25,85.0,2,1161.799999999639,1,Task,image_49.jpg,2.0,2Among5ConjRed,blue,red,Quadrant 2,4.0,2.0,1–4,1
25,86.0,4,887.7999999996391,1,Task,image_74.jpg,5.0,2Among5Colour,green,red,Quadrant 4,2.0,4.0,1–4,1
25,87.0,2,1255.799999999639,1,Task,image_142.jpg,5.0,2Among5ConjRed,blue,green,Quadrant 2,65.0,2.0,65–99,6
25,88.0,1,1131.5,1,Task,image_129.jpg,5.0,2Among5ConjRed,red,blue,Quadrant 1,9.0,1.0,9–16,3
25,89.0,1,902.0999999992782,1,Task,image_90.jpg,5.0,2Among5Colour,red,blue,Quadrant 1,59.0,1.0,33–64,5
25,90.0,4,1809.200000000361,1,Task,image_62.jpg,2.0,2Among5ConjRed,green,red,Quadrant 4,25.0,4.0,17–32,4
25,91.0,3,2073.1999999989057,0,Task,image_111.jpg,5.0,2Among5NoColour,green,green,Quadrant 2,26.0,2.0,17–32,4
25,92.0,3,1133.0000000003492,1,Task,image_72.jpg,5.0,2Among5Colour,red,blue,Quadrant 3,1.0,3.0,1–4,1
25,93.0,4,1016.6000000000348,1,Task,image_86.jpg,5.0,2Among5Colour,red,green,Quadrant 4,25.0,4.0,17–32,4
25,94.0,3,1911.399999999616,0,Task,image_42.jpg,2.0,2Among5NoColour,green,green,Quadrant 1,59.0,1.0,33–64,5
25,95.0,2,1337.1000000003842,1,Task,image_70.jpg,2.0,2Among5ConjRed,blue,green,Quadrant 2,65.0,2.0,65–99,6
25,96.0,2,1471.1999999996042,0,Task,image_52.jpg,2.0,2Among5ConjRed,green,blue,Quadrant 4,6.0,4.0,5–8,2
25,97.0,2,1526.4000000003723,0,Task,image_102.jpg,5.0,2Among5NoColour,blue,blue,Quadrant 3,7.0,3.0,5–8,2
25,98.0,1,1369.3000000003958,1,Task,image_123.jpg,5.0,2Among5ConjRed,red,green,Quadrant 1,3.0,1.0,1–4,1
25,99.0,2,1848.200000000012,1,Task,image_112.jpg,5.0,2Among5NoColour,red,red,Quadrant 2,34.0,2.0,33–64,5
25,100.0,2,1132.7999999999884,1,Task,image_88.jpg,5.0,2Among5Colour,green,blue,Quadrant 2,34.0,2.0,33–64,5
25,101.0,3,1711.7999999999884,0,Task,image_68.jpg,2.0,2Among5ConjRed,green,red,Quadrant 4,93.0,4.0,65–99,6
25,102.0,1,1797.5999999996277,1,Task,image_55.jpg,2.0,2Among5ConjRed,blue,green,Quadrant 1,8.0,1.0,5–8,2
25,103.0,3,2001.5,1,Task,image_133.jpg,5.0,2Among5ConjRed,red,blue,Quadrant 3,20.0,3.0,17–32,4
25,104.0,4,1856.0999999992785,0,Task,image_39.jpg,2.0,2Among5NoColour,green,green,Quadrant 2,26.0,2.0,17–32,4
25,105.0,1,1463.6999999989057,1,Task,image_81.jpg,5.0,2Among5Colour,green,blue,Quadrant 1,9.0,1.0,9–16,3
25,106.0,4,1258.299999999639,1,Task,image_26.jpg,2.0,2Among5NoColour,red,red,Quadrant 4,2.0,4.0,1–4,1
25,107.0,1,835.8999999996158,1,Task,image_7.jpg,2.0,2Among5Colour,green,red,Quadrant 1,8.0,1.0,5–8,2
25,108.0,3,1897.700000000361,1,Task,image_109.jpg,5.0,2Among5NoColour,blue,blue,Quadrant 3,20.0,3.0,17–32,4
25,109.0,1,1950.100000000035,1,Task,image_33.jpg,2.0,2Among5NoColour,green,green,Quadrant 1,9.0,1.0,9–16,3
25,110.0,2,1508.6999999996042,0,Task,image_114.jpg,5.0,2Among5NoColour,green,green,Quadrant 1,59.0,1.0,33–64,5
25,111.0,2,1024.8999999996158,0,Task,image_99.jpg,5.0,2Among5NoColour,blue,blue,Quadrant 1,3.0,1.0,1–4,1
25,112.0,2,808.8999999992666,1,Task,image_77.jpg,5.0,2Among5Colour,red,green,Quadrant 2,5.0,2.0,5–8,2
25,113.0,2,816.9999999996508,1,Task,image_16.jpg,2.0,2Among5Colour,green,blue,Quadrant 2,34.0,2.0,33–64,5
25,114.0,1,594.6999999996042,1,Task,image_23.jpg,2.0,2Among5Colour,red,green,Quadrant 1,75.0,1.0,65–99,6
25,115.0,1,1811.399999999616,1,Task,image_57.jpg,2.0,2Among5ConjRed,red,blue,Quadrant 1,9.0,1.0,9–16,3
25,116.0,2,713.8999999988591,1,Task,image_15.jpg,2.0,2Among5Colour,blue,green,Quadrant 2,26.0,2.0,17–32,4
25,117.0,3,2198.999999999244,1,Task,image_139.jpg,5.0,2Among5ConjRed,red,green,Quadrant 3,47.0,3.0,33–64,5
25,118.0,1,1539.3999999992666,1,Task,image_18.jpg,2.0,2Among5Colour,red,blue,Quadrant 1,59.0,1.0,33–64,5
25,119.0,4,842.5999999988708,1,Task,image_17.jpg,2.0,2Among5Colour,blue,red,Quadrant 4,45.0,4.0,33–64,5
25,120.0,1,606.5999999988708,1,Task,image_79.jpg,5.0,2Among5Colour,green,red,Quadrant 1,8.0,1.0,5–8,2
25,121.0,4,937.9999999996508,1,Task,image_2.jpg,2.0,2Among5Colour,green,red,Quadrant 4,2.0,4.0,1–4,1
25,122.0,2,1747.299999999639,1,Task,image_135.jpg,5.0,2Among5ConjRed,green,blue,Quadrant 2,26.0,2.0,17–32,4
25,123.0,1,720.0,1,Task,image_84.jpg,5.0,2Among5Colour,red,blue,Quadrant 1,23.0,1.0,17–32,4
25,124.0,2,1616.1999999996042,0,Task,image_56.jpg,2.0,2Among5ConjRed,green,blue,Quadrant 4,15.0,4.0,9–16,3
25,125.0,2,1327.5999999996277,1,Task,image_97.jpg,5.0,2Among5NoColour,blue,blue,Quadrant 2,4.0,2.0,1–4,1
25,126.0,3,1056.6999999989057,1,Task,image_78.jpg,5.0,2Among5Colour,red,blue,Quadrant 3,7.0,3.0,5–8,2
25,127.0,2,1962.9000000003723,0,Task,image_37.jpg,2.0,2Among5NoColour,blue,blue,Quadrant 3,20.0,3.0,17–32,4
25,128.0,2,983.1999999996042,1,Task,image_5.jpg,2.0,2Among5Colour,red,green,Quadrant 2,5.0,2.0,5–8,2
25,129.0,1,1427.2000000000116,1,Task,image_127.jpg,5.0,2Among5ConjRed,blue,green,Quadrant 1,8.0,1.0,5–8,2
25,130.0,4,2214.700000000361,1,Task,image_65.jpg,2.0,2Among5ConjRed,blue,red,Quadrant 4,45.0,4.0,33–64,5
25,131.0,2,1469.0,1,Task,image_131.jpg,5.0,2Among5ConjRed,blue,red,Quadrant 2,14.0,2.0,9–16,3
25,132.0,3,1804.9000000003723,1,Task,image_45.jpg,2.0,2Among5NoColour,green,green,Quadrant 3,82.0,3.0,65–99,6
25,133.0,1,3183.5999999999767,0,Task,image_140.jpg,5.0,2Among5ConjRed,green,red,Quadrant 4,93.0,4.0,65–99,6
25,134.0,2,2393.399999999616,0,Task,image_34.jpg,2.0,2Among5NoColour,red,red,Quadrant 3,16.0,3.0,9–16,3
25,135.0,4,900.5000000000582,1,Task,image_89.jpg,5.0,2Among5Colour,blue,red,Quadrant 4,45.0,4.0,33–64,5
25,136.0,3,1109.5999999992782,1,Task,image_91.jpg,5.0,2Among5Colour,green,red,Quadrant 3,47.0,3.0,33–64,5
25,137.0,3,1265.4000000000233,1,Task,image_48.jpg,2.0,2Among5ConjRed,blue,green,Quadrant 3,1.0,3.0,1–4,1
25,138.0,2,752.2999999988824,1,Task,image_1.jpg,2.0,2Among5Colour,blue,red,Quadrant 2,4.0,2.0,1–4,1
25,139.0,2,985.5999999992782,1,Task,image_83.jpg,5.0,2Among5Colour,blue,green,Quadrant 2,14.0,2.0,9–16,3
25,140.0,3,1654.9999999992433,1,Task,image_96.jpg,5.0,2Among5NoColour,green,green,Quadrant 3,1.0,3.0,1–4,1
25,141.0,4,2743.500000000349,1,Task,image_32.jpg,2.0,2Among5NoColour,red,red,Quadrant 4,15.0,4.0,9–16,3
25,142.0,2,1465.0999999992782,1,Task,image_136.jpg,5.0,2Among5ConjRed,red,green,Quadrant 2,34.0,2.0,33–64,5
25,143.0,3,2690.000000000349,0,Task,image_137.jpg,5.0,2Among5ConjRed,blue,red,Quadrant 4,45.0,4.0,33–64,5
25,144.0,3,1175.9000000000233,1,Task,image_85.jpg,5.0,2Among5Colour,green,red,Quadrant 3,20.0,3.0,17–32,4
43,1.0,2,531.4000001430541,1,Task,image_1.jpg,2.0,2Among5Colour,blue,red,Quadrant 2,4.0,2.0,1–4,1
43,2.0,3,5581.100000143051,0,Task,image_112.jpg,5.0,2Among5NoColour,red,red,Quadrant 2,34.0,2.0,33–64,5
43,3.0,1,3636.099999952319,0,Task,image_111.jpg,5.0,2Among5NoColour,green,green,Quadrant 2,26.0,2.0,17–32,4
43,4.0,2,1566.4000000476808,1,Task,image_135.jpg,5.0,2Among5ConjRed,green,blue,Quadrant 2,26.0,2.0,17–32,4
43,5.0,1,3487.3000000953616,0,Task,image_61.jpg,2.0,2Among5ConjRed,red,blue,Quadrant 3,20.0,3.0,17–32,4
43,6.0,2,913.899999952322,0,Task,image_14.jpg,2.0,2Among5Colour,red,green,Quadrant 4,25.0,4.0,17–32,4
43,7.0,2,2411.2000000953703,1,Task,image_97.jpg,5.0,2Among5NoColour,blue,blue,Quadrant 2,4.0,2.0,1–4,1
43,8.0,3,3376.699999999997,0,Task,image_118.jpg,5.0,2Among5NoColour,red,red,Quadrant 2,65.0,2.0,65–99,6
43,9.0,3,3366.800000000003,1,Task,image_67.jpg,2.0,2Among5ConjRed,red,green,Quadrant 3,47.0,3.0,33–64,5
43,10.0,1,3478.200000047684,0,Task,image_106.jpg,5.0,2Among5NoColour,red,red,Quadrant 3,16.0,3.0,9–16,3
43,11.0,2,1967.9999999523127,1,Task,image_121.jpg,5.0,2Among5ConjRed,blue,red,Quadrant 2,4.0,2.0,1–4,1
43,12.0,3,1399.9000000953674,1,Task,image_24.jpg,2.0,2Among5NoColour,green,green,Quadrant 3,1.0,3.0,1–4,1
43,13.0,1,2182.1000000953645,1,Task,image_129.jpg,5.0,2Among5ConjRed,red,blue,Quadrant 1,9.0,1.0,9–16,3
43,14.0,1,2403.5000001430453,1,Task,image_51.jpg,2.0,2Among5ConjRed,red,green,Quadrant 1,3.0,1.0,1–4,1
43,15.0,3,3825.800000000003,1,Task,image_139.jpg,5.0,2Among5ConjRed,red,green,Quadrant 3,47.0,3.0,33–64,5
43,16.0,1,879.1999999523105,1,Task,image_81.jpg,5.0,2Among5Colour,green,blue,Quadrant 1,9.0,1.0,9–16,3
43,17.0,3,4431.899999999994,1,Task,image_69.jpg,2.0,2Among5ConjRed,blue,red,Quadrant 3,82.0,3.0,65–99,6
43,18.0,4,1636.6000000953643,1,Task,image_128.jpg,5.0,2Among5ConjRed,green,blue,Quadrant 4,15.0,4.0,9–16,3
43,19.0,3,1080.8000000953616,1,Task,image_19.jpg,2.0,2Among5Colour,green,red,Quadrant 3,47.0,3.0,33–64,5
43,20.0,4,3748.800000000003,1,Task,image_104.jpg,5.0,2Among5NoColour,red,red,Quadrant 4,15.0,4.0,9–16,3
43,21.0,4,980.3000000953616,1,Task,image_92.jpg,5.0,2Among5Colour,blue,red,Quadrant 4,93.0,4.0,65–99,6
43,22.0,2,3499.600000095379,0,Task,image_117.jpg,5.0,2Among5NoColour,green,green,Quadrant 3,82.0,3.0,65–99,6
43,23.0,1,3355.499999952328,1,Task,image_47.jpg,2.0,2Among5NoColour,blue,blue,Quadrant 1,75.0,1.0,65–99,6
43,24.0,1,756.7999999523163,1,Task,image_90.jpg,5.0,2Among5Colour,red,blue,Quadrant 1,59.0,1.0,33–64,5
43,25.0,2,1626.8000000953616,1,Task,image_131.jpg,5.0,2Among5ConjRed,blue,red,Quadrant 2,14.0,2.0,9–16,3
43,26.0,4,3848.3000000476895,0,Task,image_60.jpg,2.0,2Among5ConjRed,blue,green,Quadrant 1,23.0,1.0,17–32,4
43,27.0,2,1563.9000001430395,1,Task,image_25.jpg,2.0,2Among5NoColour,blue,blue,Quadrant 2,4.0,2.0,1–4,1
43,28.0,4,940.2999999523164,1,Task,image_80.jpg,5.0,2Among5Colour,blue,red,Quadrant 4,15.0,4.0,9–16,3
43,29.0,2,849.7999999999884,1,Task,image_11.jpg,2.0,2Among5Colour,blue,green,Quadrant 2,14.0,2.0,9–16,3
43,30.0,2,711.6999999523105,1,Task,image_87.jpg,5.0,2Among5Colour,blue,green,Quadrant 2,26.0,2.0,17–32,4
43,31.0,4,2584.700000047684,1,Task,image_50.jpg,2.0,2Among5ConjRed,red,blue,Quadrant 4,2.0,4.0,1–4,1
43,32.0,3,719.1999999523105,1,Task,image_93.jpg,5.0,2Among5Colour,blue,green,Quadrant 3,82.0,3.0,65–99,6
43,33.0,4,936.8000001430628,1,Task,image_2.jpg,2.0,2Among5Colour,green,red,Quadrant 4,2.0,4.0,1–4,1
43,34.0,1,880.1000000953791,1,Task,image_23.jpg,2.0,2Among5Colour,red,green,Quadrant 1,75.0,1.0,65–99,6
43,35.0,3,737.1000000000058,1,Task,image_48.jpg,2.0,2Among5ConjRed,blue,green,Quadrant 3,1.0,3.0,1–4,1
43,36.0,1,2369.300000143063,1,Task,image_55.jpg,2.0,2Among5ConjRed,blue,green,Quadrant 1,8.0,1.0,5–8,2
43,37.0,2,3599.400000095367,1,Task,image_39.jpg,2.0,2Among5NoColour,green,green,Quadrant 2,26.0,2.0,17–32,4
43,38.0,3,2463.300000047689,1,Task,image_34.jpg,2.0,2Among5NoColour,red,red,Quadrant 3,16.0,3.0,9–16,3
43,39.0,4,946.5000001430452,1,Task,image_74.jpg,5.0,2Among5Colour,green,red,Quadrant 4,2.0,4.0,1–4,1
43,40.0,4,2562.700000095356,1,Task,image_122.jpg,5.0,2Among5ConjRed,red,blue,Quadrant 4,2.0,4.0,1–4,1
43,41.0,1,3489.5000001430453,0,Task,image_44.jpg,2.0,2Among5NoColour,red,red,Quadrant 4,93.0,4.0,65–99,6
43,42.0,1,1747.600000095379,1,Task,image_57.jpg,2.0,2Among5ConjRed,red,blue,Quadrant 1,9.0,1.0,9–16,3
43,43.0,2,842.6000000953791,1,Task,image_22.jpg,2.0,2Among5Colour,green,blue,Quadrant 2,65.0,2.0,65–99,6
43,44.0,1,2245.499999952328,1,Task,image_127.jpg,5.0,2Among5ConjRed,blue,green,Quadrant 1,8.0,1.0,5–8,2
43,45.0,4,1507.700000143057,1,Task,image_124.jpg,5.0,2Among5ConjRed,green,blue,Quadrant 4,6.0,4.0,5–8,2
43,46.0,4,939.6000000953792,1,Task,image_8.jpg,2.0,2Among5Colour,blue,red,Quadrant 4,15.0,4.0,9–16,3
43,47.0,3,797.5000001430453,1,Task,image_10.jpg,2.0,2Among5Colour,red,green,Quadrant 3,16.0,3.0,9–16,3
43,48.0,2,3593.700000095356,1,Task,image_136.jpg,5.0,2Among5ConjRed,red,green,Quadrant 2,34.0,2.0,33–64,5
43,49.0,1,3216.700000000012,1,Task,image_36.jpg,2.0,2Among5NoColour,green,green,Quadrant 1,23.0,1.0,17–32,4
43,50.0,3,1805.6999999523105,1,Task,image_102.jpg,5.0,2Among5NoColour,blue,blue,Quadrant 3,7.0,3.0,5–8,2
43,51.0,2,2052.5,1,Task,image_49.jpg,2.0,2Among5ConjRed,blue,red,Quadrant 2,4.0,2.0,1–4,1
43,52.0,3,3030.4000001430395,1,Task,image_30.jpg,2.0,2Among5NoColour,blue,blue,Quadrant 3,7.0,3.0,5–8,2
43,53.0,2,1516.2999999523165,1,Task,image_59.jpg,2.0,2Among5ConjRed,blue,red,Quadrant 2,14.0,2.0,9–16,3
43,54.0,1,853.2000000476837,1,Task,image_12.jpg,2.0,2Among5Colour,red,blue,Quadrant 1,23.0,1.0,17–32,4
43,55.0,1,824.5,1,Task,image_3.jpg,2.0,2Among5Colour,green,blue,Quadrant 1,3.0,1.0,1–4,1
43,56.0,2,4061.200000047684,0,Task,image_119.jpg,5.0,2Among5NoColour,blue,blue,Quadrant 1,75.0,1.0,65–99,6
43,57.0,4,3576.7999999523163,1,Task,image_32.jpg,2.0,2Among5NoColour,red,red,Quadrant 4,15.0,4.0,9–16,3
43,58.0,2,903.2000000476836,1,Task,image_88.jpg,5.0,2Among5Colour,green,blue,Quadrant 2,34.0,2.0,33–64,5
43,59.0,1,654.5999999523046,1,Task,image_9.jpg,2.0,2Among5Colour,green,blue,Quadrant 1,9.0,1.0,9–16,3
43,60.0,2,3658.900000047696,0,Task,image_140.jpg,5.0,2Among5ConjRed,green,red,Quadrant 4,93.0,4.0,65–99,6
43,61.0,1,2342.5000001430453,1,Task,image_132.jpg,5.0,2Among5ConjRed,blue,green,Quadrant 1,23.0,1.0,17–32,4
43,62.0,4,2118.5000001430453,1,Task,image_98.jpg,5.0,2Among5NoColour,red,red,Quadrant 4,2.0,4.0,1–4,1
43,63.0,4,3344.100000000006,1,Task,image_100.jpg,5.0,2Among5NoColour,red,red,Quadrant 4,6.0,4.0,5–8,2
43,64.0,3,2183.6999999999825,1,Task,image_109.jpg,5.0,2Among5NoColour,blue,blue,Quadrant 3,20.0,3.0,17–32,4
43,65.0,4,3877.700000000012,0,Task,image_33.jpg,2.0,2Among5NoColour,green,green,Quadrant 1,9.0,1.0,9–16,3
43,66.0,2,1006.200000143028,1,Task,image_77.jpg,5.0,2Among5Colour,red,green,Quadrant 2,5.0,2.0,5–8,2
43,67.0,1,822.5000000953441,1,Task,image_18.jpg,2.0,2Among5Colour,red,blue,Quadrant 1,59.0,1.0,33–64,5
43,68.0,3,721.9999999523279,1,Task,image_85.jpg,5.0,2Among5Colour,green,red,Quadrant 3,20.0,3.0,17–32,4
43,69.0,2,500.2000001430279,1,Task,image_73.jpg,5.0,2Among5Colour,blue,red,Quadrant 2,4.0,2.0,1–4,1
43,70.0,4,2531.600000143051,1,Task,image_134.jpg,5.0,2Among5ConjRed,green,red,Quadrant 4,25.0,4.0,17–32,4
43,71.0,4,3588.2999999523163,1,Task,image_110.jpg,5.0,2Among5NoColour,red,red,Quadrant 4,25.0,4.0,17–32,4
43,72.0,4,732.6999999523396,1,Task,image_89.jpg,5.0,2Among5Colour,blue,red,Quadrant 4,45.0,4.0,33–64,5
43,73.0,3,698.9999999999418,1,Task,image_78.jpg,5.0,2Among5Colour,red,blue,Quadrant 3,7.0,3.0,5–8,2
43,74.0,1,2478.600000095379,1,Task,image_138.jpg,5.0,2Among5ConjRed,red,blue,Quadrant 1,59.0,1.0,33–64,5
43,75.0,1,1872.000000047672,1,Task,image_103.jpg,5.0,2Among5NoColour,green,green,Quadrant 1,8.0,1.0,5–8,2
43,76.0,1,3661.499999952328,0,Task,image_68.jpg,2.0,2Among5ConjRed,green,red,Quadrant 4,93.0,4.0,65–99,6
43,77.0,3,1230.2000000953558,1,Task,image_0.jpg,2.0,2Among5Colour,red,blue,Quadrant 3,1.0,3.0,1–4,1
43,78.0,2,2659.200000095356,0,Task,image_62.jpg,2.0,2Among5ConjRed,green,red,Quadrant 4,25.0,4.0,17–32,4
43,79.0,3,1205.8000000476604,1,Task,image_96.jpg,5.0,2Among5NoColour,green,green,Quadrant 3,1.0,3.0,1–4,1
43,80.0,2,1659.0999999999767,1,Task,image_125.jpg,5.0,2Among5ConjRed,green,red,Quadrant 2,5.0,2.0,5–8,2
43,81.0,3,3303.500000047672,1,Task,image_141.jpg,5.0,2Among5ConjRed,blue,red,Quadrant 3,82.0,3.0,65–99,6
43,82.0,1,4264.700000047684,1,Task,image_114.jpg,5.0,2Among5NoColour,green,green,Quadrant 1,59.0,1.0,33–64,5
43,83.0,2,2604.8000000476604,1,Task,image_63.jpg,2.0,2Among5ConjRed,green,blue,Quadrant 2,26.0,2.0,17–32,4
43,84.0,3,1761.1000001430511,1,Task,image_37.jpg,2.0,2Among5NoColour,blue,blue,Quadrant 3,20.0,3.0,17–32,4
43,85.0,3,1159.5999999523046,1,Task,image_82.jpg,5.0,2Among5Colour,red,green,Quadrant 3,16.0,3.0,9–16,3
43,86.0,2,2352.700000000012,1,Task,image_29.jpg,2.0,2Among5NoColour,green,green,Quadrant 2,5.0,2.0,5–8,2
43,87.0,3,1353.399999952293,1,Task,image_130.jpg,5.0,2Among5ConjRed,red,green,Quadrant 3,16.0,3.0,9–16,3
43,88.0,4,838.399999952293,1,Task,image_4.jpg,2.0,2Among5Colour,blue,green,Quadrant 4,6.0,4.0,5–8,2
43,89.0,3,3515.900000000024,0,Task,image_116.jpg,5.0,2Among5NoColour,red,red,Quadrant 4,93.0,4.0,65–99,6
43,90.0,2,2267.200000143028,1,Task,image_101.jpg,5.0,2Among5NoColour,green,green,Quadrant 2,5.0,2.0,5–8,2
43,91.0,4,1383.5000000000582,1,Task,image_26.jpg,2.0,2Among5NoColour,red,red,Quadrant 4,2.0,4.0,1–4,1
43,92.0,3,2046.200000095356,1,Task,image_54.jpg,2.0,2Among5ConjRed,green,red,Quadrant 3,7.0,3.0,5–8,2
43,93.0,3,3266.0,0,Task,image_143.jpg,5.0,2Among5ConjRed,green,blue,Quadrant 1,75.0,1.0,65–99,6
43,94.0,1,2470.200000143028,1,Task,image_31.jpg,2.0,2Among5NoColour,green,green,Quadrant 1,8.0,1.0,5–8,2
43,95.0,4,1046.6999999523396,1,Task,image_20.jpg,2.0,2Among5Colour,blue,red,Quadrant 4,93.0,4.0,65–99,6
43,96.0,1,2187.2999999999884,1,Task,image_105.jpg,5.0,2Among5NoColour,green,green,Quadrant 1,9.0,1.0,9–16,3
43,97.0,3,826.2000000476837,1,Task,image_120.jpg,5.0,2Among5ConjRed,blue,green,Quadrant 3,1.0,3.0,1–4,1
43,98.0,4,815.4999999523279,1,Task,image_76.jpg,5.0,2Among5Colour,blue,green,Quadrant 4,6.0,4.0,5–8,2
43,99.0,2,1306.2000000476835,1,Task,image_53.jpg,2.0,2Among5ConjRed,green,red,Quadrant 2,5.0,2.0,5–8,2
43,100.0,1,3492.8000000953907,0,Task,image_43.jpg,2.0,2Among5NoColour,blue,blue,Quadrant 3,47.0,3.0,33–64,5
43,101.0,2,3191.800000143063,1,Task,image_142.jpg,5.0,2Among5ConjRed,blue,green,Quadrant 2,65.0,2.0,65–99,6
43,102.0,3,988.7000000476836,1,Task,image_72.jpg,5.0,2Among5Colour,red,blue,Quadrant 3,1.0,3.0,1–4,1
43,103.0,2,724.0999999999767,0,Task,image_123.jpg,5.0,2Among5ConjRed,red,green,Quadrant 1,3.0,1.0,1–4,1
43,104.0,3,3714.200000000012,0,Task,image_66.jpg,2.0,2Among5ConjRed,red,blue,Quadrant 1,59.0,1.0,33–64,5
43,105.0,2,3141.999999952328,1,Task,image_35.jpg,2.0,2Among5NoColour,blue,blue,Quadrant 2,14.0,2.0,9–16,3
43,106.0,1,765.0000000476721,1,Task,image_79.jpg,5.0,2Among5Colour,green,red,Quadrant 1,8.0,1.0,5–8,2
43,107.0,2,2229.5000001430744,1,Task,image_64.jpg,2.0,2Among5ConjRed,red,green,Quadrant 2,34.0,2.0,33–64,5
43,108.0,4,3505.19999995234,1,Task,image_65.jpg,2.0,2Among5ConjRed,blue,red,Quadrant 4,45.0,4.0,33–64,5
43,109.0,3,1802.999999952328,1,Task,image_133.jpg,5.0,2Among5ConjRed,red,blue,Quadrant 3,20.0,3.0,17–32,4
43,110.0,2,3881.200000095356,1,Task,image_46.jpg,2.0,2Among5NoColour,red,red,Quadrant 2,65.0,2.0,65–99,6
43,111.0,3,2058.700000047684,1,Task,image_115.jpg,5.0,2Among5NoColour,blue,blue,Quadrant 3,47.0,3.0,33–64,5
43,112.0,1,637.899999952293,1,Task,image_7.jpg,2.0,2Among5Colour,green,red,Quadrant 1,8.0,1.0,5–8,2
43,113.0,1,1641.0,1,Task,image_27.jpg,2.0,2Among5NoColour,blue,blue,Quadrant 1,3.0,1.0,1–4,1
43,114.0,1,2949.999999999942,1,Task,image_42.jpg,2.0,2Among5NoColour,green,green,Quadrant 1,59.0,1.0,33–64,5
43,115.0,2,836.0,1,Task,image_16.jpg,2.0,2Among5Colour,green,blue,Quadrant 2,34.0,2.0,33–64,5
43,116.0,3,866.4000000476954,1,Task,image_6.jpg,2.0,2Among5Colour,red,blue,Quadrant 3,7.0,3.0,5–8,2
43,117.0,4,910.500000095344,1,Task,image_86.jpg,5.0,2Among5Colour,red,green,Quadrant 4,25.0,4.0,17–32,4
43,118.0,4,3063.8000000953907,1,Task,image_41.jpg,2.0,2Among5NoColour,blue,blue,Quadrant 4,45.0,4.0,33–64,5
43,119.0,4,1867.0000001430744,1,Task,image_28.jpg,2.0,2Among5NoColour,red,red,Quadrant 4,6.0,4.0,5–8,2
43,120.0,1,2350.000000095344,1,Task,image_108.jpg,5.0,2Among5NoColour,green,green,Quadrant 1,23.0,1.0,17–32,4
43,121.0,3,725.7999999999884,1,Task,image_21.jpg,2.0,2Among5Colour,blue,green,Quadrant 3,82.0,3.0,65–99,6
43,122.0,3,1663.000000047672,1,Task,image_58.jpg,2.0,2Among5ConjRed,red,green,Quadrant 3,16.0,3.0,9–16,3
43,123.0,1,729.2000000476837,1,Task,image_75.jpg,5.0,2Among5Colour,green,blue,Quadrant 1,3.0,1.0,1–4,1
43,124.0,1,800.1999999999534,1,Task,image_84.jpg,5.0,2Among5Colour,red,blue,Quadrant 1,23.0,1.0,17–32,4
43,125.0,4,1327.0,1,Task,image_52.jpg,2.0,2Among5ConjRed,green,blue,Quadrant 4,6.0,4.0,5–8,2
43,126.0,2,2166.3000000000466,1,Task,image_107.jpg,5.0,2Among5NoColour,blue,blue,Quadrant 2,14.0,2.0,9–16,3
43,127.0,4,3528.5000001430744,1,Task,image_113.jpg,5.0,2Among5NoColour,blue,blue,Quadrant 4,45.0,4.0,33–64,5
43,128.0,3,1152.7000000000116,1,Task,image_91.jpg,5.0,2Among5Colour,green,red,Quadrant 3,47.0,3.0,33–64,5
43,129.0,4,697.1000000953791,1,Task,image_17.jpg,2.0,2Among5Colour,blue,red,Quadrant 4,45.0,4.0,33–64,5
43,130.0,1,3784.300000143063,0,Task,image_70.jpg,2.0,2Among5ConjRed,blue,green,Quadrant 2,65.0,2.0,65–99,6
43,131.0,2,752.2999999999884,1,Task,image_15.jpg,2.0,2Among5Colour,blue,green,Quadrant 2,26.0,2.0,17–32,4
43,132.0,4,2856.400000095367,1,Task,image_137.jpg,5.0,2Among5ConjRed,blue,red,Quadrant 4,45.0,4.0,33–64,5
43,133.0,1,680.899999952293,1,Task,image_95.jpg,5.0,2Among5Colour,red,green,Quadrant 1,75.0,1.0,65–99,6
43,134.0,4,2382.800000143063,1,Task,image_38.jpg,2.0,2Among5NoColour,red,red,Quadrant 4,25.0,4.0,17–32,4
43,135.0,2,3898.799999999989,1,Task,image_40.jpg,2.0,2Among5NoColour,red,red,Quadrant 2,34.0,2.0,33–64,5
43,136.0,1,1599.100000095379,1,Task,image_71.jpg,2.0,2Among5ConjRed,green,blue,Quadrant 1,75.0,1.0,65–99,6
43,137.0,3,753.7999999523163,1,Task,image_13.jpg,2.0,2Among5Colour,green,red,Quadrant 3,20.0,3.0,17–32,4
43,138.0,4,1428.2000000476835,1,Task,image_56.jpg,2.0,2Among5ConjRed,green,blue,Quadrant 4,15.0,4.0,9–16,3
43,139.0,2,655.6000001430511,1,Task,image_83.jpg,5.0,2Among5Colour,blue,green,Quadrant 2,14.0,2.0,9–16,3
43,140.0,2,570.5000001430744,1,Task,image_5.jpg,2.0,2Among5Colour,red,green,Quadrant 2,5.0,2.0,5–8,2
43,141.0,2,1073.100000047707,1,Task,image_94.jpg,5.0,2Among5Colour,green,blue,Quadrant 2,65.0,2.0,65–99,6
43,142.0,3,1595.899999952293,1,Task,image_126.jpg,5.0,2Among5ConjRed,green,red,Quadrant 3,7.0,3.0,5–8,2
43,143.0,2,3850.100000000035,0,Task,image_45.jpg,2.0,2Among5NoColour,green,green,Quadrant 3,82.0,3.0,65–99,6
43,144.0,1,1092.899999952293,1,Task,image_99.jpg,5.0,2Among5NoColour,blue,blue,Quadrant 1,3.0,1.0,1–4,1
26,1.0,2,3791.500000047672,0,Task,image_100.jpg,5.0,2Among5NoColour,red,red,Quadrant 4,6.0,4.0,5–8,2
26,2.0,1,2496.2999999999884,1,Task,image_103.jpg,5.0,2Among5NoColour,green,green,Quadrant 1,8.0,1.0,5–8,2
26,3.0,3,1914.2999999999884,1,Task,image_93.jpg,5.0,2Among5Colour,blue,green,Quadrant 3,82.0,3.0,65–99,6
26,4.0,4,3280.800000023853,0,Task,image_112.jpg,5.0,2Among5NoColour,red,red,Quadrant 2,34.0,2.0,33–64,5
26,5.0,2,2636.0999999523046,1,Task,image_70.jpg,2.0,2Among5ConjRed,blue,green,Quadrant 2,65.0,2.0,65–99,6
26,6.0,4,25435.50000002384,0,Task,image_29.jpg,2.0,2Among5NoColour,green,green,Quadrant 2,5.0,2.0,5–8,2
26,7.0,3,3545.500000047672,1,Task,image_72.jpg,5.0,2Among5Colour,red,blue,Quadrant 3,1.0,3.0,1–4,1
26,8.0,3,2305.500000047672,1,Task,image_126.jpg,5.0,2Among5ConjRed,green,red,Quadrant 3,7.0,3.0,5–8,2
26,9.0,3,2373.399999999994,0,Task,image_136.jpg,5.0,2Among5ConjRed,red,green,Quadrant 2,34.0,2.0,33–64,5
26,10.0,2,2004.399999952322,1,Task,image_40.jpg,2.0,2Among5NoColour,red,red,Quadrant 2,34.0,2.0,33–64,5
26,11.0,4,3432.0,1,Task,image_41.jpg,2.0,2Among5NoColour,blue,blue,Quadrant 4,45.0,4.0,33–64,5
26,12.0,1,2656.399999976158,1,Task,image_129.jpg,5.0,2Among5ConjRed,red,blue,Quadrant 1,9.0,1.0,9–16,3
26,13.0,4,2327.2999999523163,0,Task,image_47.jpg,2.0,2Among5NoColour,blue,blue,Quadrant 1,75.0,1.0,65–99,6
26,14.0,4,2070.600000047678,1,Task,image_20.jpg,2.0,2Among5Colour,blue,red,Quadrant 4,93.0,4.0,65–99,6
26,15.0,2,1380.1999999523105,1,Task,image_15.jpg,2.0,2Among5Colour,blue,green,Quadrant 2,26.0,2.0,17–32,4
26,16.0,4,1021.2999999999884,1,Task,image_89.jpg,5.0,2Among5Colour,blue,red,Quadrant 4,45.0,4.0,33–64,5
26,17.0,2,1256.5999999523046,1,Task,image_11.jpg,2.0,2Among5Colour,blue,green,Quadrant 2,14.0,2.0,9–16,3
26,18.0,3,1574.500000023836,1,Task,image_19.jpg,2.0,2Among5Colour,green,red,Quadrant 3,47.0,3.0,33–64,5
26,19.0,2,3302.000000047672,1,Task,image_142.jpg,5.0,2Among5ConjRed,blue,green,Quadrant 2,65.0,2.0,65–99,6
26,20.0,4,2145.899999999994,1,Task,image_26.jpg,2.0,2Among5NoColour,red,red,Quadrant 4,2.0,4.0,1–4,1
26,21.0,3,3277.200000047684,1,Task,image_115.jpg,5.0,2Among5NoColour,blue,blue,Quadrant 3,47.0,3.0,33–64,5
26,22.0,4,1398.7000000476835,1,Task,image_74.jpg,5.0,2Among5Colour,green,red,Quadrant 4,2.0,4.0,1–4,1
26,23.0,4,1868.1999999761465,1,Task,image_124.jpg,5.0,2Among5ConjRed,green,blue,Quadrant 4,6.0,4.0,5–8,2
26,24.0,1,1960.4000000238304,1,Task,image_42.jpg,2.0,2Among5NoColour,green,green,Quadrant 1,59.0,1.0,33–64,5
26,25.0,1,3647.3000000238535,1,Task,image_51.jpg,2.0,2Among5ConjRed,red,green,Quadrant 1,3.0,1.0,1–4,1
26,26.0,3,1594.0999999761698,1,Task,image_117.jpg,5.0,2Among5NoColour,green,green,Quadrant 3,82.0,3.0,65–99,6
26,27.0,2,1722.3000000476604,1,Task,image_101.jpg,5.0,2Among5NoColour,green,green,Quadrant 2,5.0,2.0,5–8,2
26,28.0,3,2770.499999952328,1,Task,image_54.jpg,2.0,2Among5ConjRed,green,red,Quadrant 3,7.0,3.0,5–8,2
26,29.0,3,1482.399999976158,1,Task,image_10.jpg,2.0,2Among5Colour,red,green,Quadrant 3,16.0,3.0,9–16,3
26,30.0,2,3806.799999952316,1,Task,image_39.jpg,2.0,2Among5NoColour,green,green,Quadrant 2,26.0,2.0,17–32,4
26,31.0,3,2946.400000000024,0,Task,image_46.jpg,2.0,2Among5NoColour,red,red,Quadrant 2,65.0,2.0,65–99,6
26,32.0,4,3830.899999952293,1,Task,image_32.jpg,2.0,2Among5NoColour,red,red,Quadrant 4,15.0,4.0,9–16,3
26,33.0,1,1515.7999999523165,1,Task,image_12.jpg,2.0,2Among5Colour,red,blue,Quadrant 1,23.0,1.0,17–32,4
26,34.0,4,1490.4000000476954,1,Task,image_8.jpg,2.0,2Among5Colour,blue,red,Quadrant 4,15.0,4.0,9–16,3
26,35.0,2,3804.19999995234,0,Task,image_68.jpg,2.0,2Among5ConjRed,green,red,Quadrant 4,93.0,4.0,65–99,6
26,36.0,3,2727.500000023865,1,Task,image_106.jpg,5.0,2Among5NoColour,red,red,Quadrant 3,16.0,3.0,9–16,3
26,37.0,1,4278.400000047695,1,Task,image_138.jpg,5.0,2Among5ConjRed,red,blue,Quadrant 1,59.0,1.0,33–64,5
26,38.0,3,2875.700000000012,1,Task,image_67.jpg,2.0,2Among5ConjRed,red,green,Quadrant 3,47.0,3.0,33–64,5
26,39.0,3,3010.100000023842,1,Task,image_102.jpg,5.0,2Among5NoColour,blue,blue,Quadrant 3,7.0,3.0,5–8,2
26,40.0,1,1266.0999999999767,1,Task,image_55.jpg,2.0,2Among5ConjRed,blue,green,Quadrant 1,8.0,1.0,5–8,2
26,41.0,1,2753.300000023853,0,Task,image_128.jpg,5.0,2Among5ConjRed,green,blue,Quadrant 4,15.0,4.0,9–16,3
26,42.0,4,4010.799999999989,1,Task,image_62.jpg,2.0,2Among5ConjRed,green,red,Quadrant 4,25.0,4.0,17–32,4
26,43.0,4,1894.100000047707,1,Task,image_116.jpg,5.0,2Among5NoColour,red,red,Quadrant 4,93.0,4.0,65–99,6
26,44.0,3,3244.800000023853,1,Task,image_109.jpg,5.0,2Among5NoColour,blue,blue,Quadrant 3,20.0,3.0,17–32,4
26,45.0,2,1827.999999952328,1,Task,image_83.jpg,5.0,2Among5Colour,blue,green,Quadrant 2,14.0,2.0,9–16,3
26,46.0,4,1975.400000047696,1,Task,image_110.jpg,5.0,2Among5NoColour,red,red,Quadrant 4,25.0,4.0,17–32,4
26,47.0,2,2318.000000023865,1,Task,image_63.jpg,2.0,2Among5ConjRed,green,blue,Quadrant 2,26.0,2.0,17–32,4
26,48.0,4,2232.5999999999767,1,Task,image_104.jpg,5.0,2Among5NoColour,red,red,Quadrant 4,15.0,4.0,9–16,3
26,49.0,4,1453.6999999523396,1,Task,image_80.jpg,5.0,2Among5Colour,blue,red,Quadrant 4,15.0,4.0,9–16,3
26,50.0,2,1016.1999999999534,1,Task,image_1.jpg,2.0,2Among5Colour,blue,red,Quadrant 2,4.0,2.0,1–4,1
26,51.0,1,1415.5000000238651,1,Task,image_18.jpg,2.0,2Among5Colour,red,blue,Quadrant 1,59.0,1.0,33–64,5
26,52.0,2,1302.399999952293,1,Task,image_87.jpg,5.0,2Among5Colour,blue,green,Quadrant 2,26.0,2.0,17–32,4
26,53.0,1,1163.600000023842,1,Task,image_9.jpg,2.0,2Among5Colour,green,blue,Quadrant 1,9.0,1.0,9–16,3
26,54.0,3,3316.8000000476604,1,Task,image_130.jpg,5.0,2Among5ConjRed,red,green,Quadrant 3,16.0,3.0,9–16,3
26,55.0,4,4085.59999997617,0,Task,image_133.jpg,5.0,2Among5ConjRed,red,blue,Quadrant 3,20.0,3.0,17–32,4
26,56.0,4,1677.000000047672,1,Task,image_2.jpg,2.0,2Among5Colour,green,red,Quadrant 4,2.0,4.0,1–4,1
26,57.0,1,1627.2999999999884,0,Task,image_45.jpg,2.0,2Among5NoColour,green,green,Quadrant 3,82.0,3.0,65–99,6
26,58.0,2,1316.2999999999302,1,Task,image_77.jpg,5.0,2Among5Colour,red,green,Quadrant 2,5.0,2.0,5–8,2
26,59.0,2,3191.7999999761814,1,Task,image_64.jpg,2.0,2Among5ConjRed,red,green,Quadrant 2,34.0,2.0,33–64,5
26,60.0,3,1600.9000000000233,1,Task,image_91.jpg,5.0,2Among5Colour,green,red,Quadrant 3,47.0,3.0,33–64,5
26,61.0,1,2494.399999976158,1,Task,image_31.jpg,2.0,2Among5NoColour,green,green,Quadrant 1,8.0,1.0,5–8,2
26,62.0,1,3306.5999999523046,1,Task,image_33.jpg,2.0,2Among5NoColour,green,green,Quadrant 1,9.0,1.0,9–16,3
26,63.0,1,1705.6999999523396,1,Task,image_66.jpg,2.0,2Among5ConjRed,red,blue,Quadrant 1,59.0,1.0,33–64,5
26,64.0,2,1400.5999999761698,1,Task,image_131.jpg,5.0,2Among5ConjRed,blue,red,Quadrant 2,14.0,2.0,9–16,3
26,65.0,4,2769.1999999761465,1,Task,image_140.jpg,5.0,2Among5ConjRed,green,red,Quadrant 4,93.0,4.0,65–99,6
26,66.0,1,1448.899999952293,1,Task,image_105.jpg,5.0,2Among5NoColour,green,green,Quadrant 1,9.0,1.0,9–16,3
26,67.0,1,1416.1999999999534,1,Task,image_108.jpg,5.0,2Among5NoColour,green,green,Quadrant 1,23.0,1.0,17–32,4
26,68.0,2,2210.2999999523163,1,Task,image_49.jpg,2.0,2Among5ConjRed,blue,red,Quadrant 2,4.0,2.0,1–4,1
26,69.0,1,1498.2999999761814,1,Task,image_27.jpg,2.0,2Among5NoColour,blue,blue,Quadrant 1,3.0,1.0,1–4,1
26,70.0,3,1595.2000000000116,1,Task,image_82.jpg,5.0,2Among5Colour,red,green,Quadrant 3,16.0,3.0,9–16,3
26,71.0,4,3808.100000023842,0,Task,image_107.jpg,5.0,2Among5NoColour,blue,blue,Quadrant 2,14.0,2.0,9–16,3
26,72.0,4,1544.5000000238651,0,Task,image_125.jpg,5.0,2Among5ConjRed,green,red,Quadrant 2,5.0,2.0,5–8,2
26,73.0,2,3195.40000002383,0,Task,image_43.jpg,2.0,2Among5NoColour,blue,blue,Quadrant 3,47.0,3.0,33–64,5
26,74.0,3,3565.5,1,Task,image_58.jpg,2.0,2Among5ConjRed,red,green,Quadrant 3,16.0,3.0,9–16,3
26,75.0,2,2484.19999995234,1,Task,image_59.jpg,2.0,2Among5ConjRed,blue,red,Quadrant 2,14.0,2.0,9–16,3
26,76.0,1,3780.700000000012,0,Task,image_34.jpg,2.0,2Among5NoColour,red,red,Quadrant 3,16.0,3.0,9–16,3
26,77.0,1,2890.2999999999884,0,Task,image_97.jpg,5.0,2Among5NoColour,blue,blue,Quadrant 2,4.0,2.0,1–4,1
26,78.0,2,5549.499999976135,0,Task,image_37.jpg,2.0,2Among5NoColour,blue,blue,Quadrant 3,20.0,3.0,17–32,4
26,79.0,2,1227.499999952328,1,Task,image_73.jpg,5.0,2Among5Colour,blue,red,Quadrant 2,4.0,2.0,1–4,1
26,80.0,3,1659.2000000238186,1,Task,image_6.jpg,2.0,2Among5Colour,red,blue,Quadrant 3,7.0,3.0,5–8,2
26,81.0,4,1827.3000000476604,1,Task,image_17.jpg,2.0,2Among5Colour,blue,red,Quadrant 4,45.0,4.0,33–64,5
26,82.0,1,1681.6999999523396,1,Task,image_99.jpg,5.0,2Among5NoColour,blue,blue,Quadrant 1,3.0,1.0,1–4,1
26,83.0,2,2508.6999999761465,1,Task,image_88.jpg,5.0,2Among5Colour,green,blue,Quadrant 2,34.0,2.0,33–64,5
26,84.0,4,3317.000000047672,0,Task,image_141.jpg,5.0,2Among5ConjRed,blue,red,Quadrant 3,82.0,3.0,65–99,6
26,85.0,2,1346.6999999523396,1,Task,image_5.jpg,2.0,2Among5Colour,red,green,Quadrant 2,5.0,2.0,5–8,2
26,86.0,3,2176.999999976135,0,Task,image_119.jpg,5.0,2Among5NoColour,blue,blue,Quadrant 1,75.0,1.0,65–99,6
26,87.0,1,3682.0,0,Task,image_111.jpg,5.0,2Among5NoColour,green,green,Quadrant 2,26.0,2.0,17–32,4
26,88.0,1,1296.399999952293,1,Task,image_95.jpg,5.0,2Among5Colour,red,green,Quadrant 1,75.0,1.0,65–99,6
26,89.0,4,1234.100000047707,1,Task,image_76.jpg,5.0,2Among5Colour,blue,green,Quadrant 4,6.0,4.0,5–8,2
26,90.0,2,2087.0,1,Task,image_118.jpg,5.0,2Among5NoColour,red,red,Quadrant 2,65.0,2.0,65–99,6
26,91.0,1,2591.600000023842,1,Task,image_132.jpg,5.0,2Among5ConjRed,blue,green,Quadrant 1,23.0,1.0,17–32,4
26,92.0,2,3447.90000002383,0,Task,image_65.jpg,2.0,2Among5ConjRed,blue,red,Quadrant 4,45.0,4.0,33–64,5
26,93.0,3,2231.7999999999884,1,Task,image_48.jpg,2.0,2Among5ConjRed,blue,green,Quadrant 3,1.0,3.0,1–4,1
26,94.0,3,1551.5999999761698,1,Task,image_0.jpg,2.0,2Among5Colour,red,blue,Quadrant 3,1.0,3.0,1–4,1
26,95.0,4,1604.2000000476835,1,Task,image_50.jpg,2.0,2Among5ConjRed,red,blue,Quadrant 4,2.0,4.0,1–4,1
26,96.0,2,1498.000000047672,1,Task,image_22.jpg,2.0,2Among5Colour,green,blue,Quadrant 2,65.0,2.0,65–99,6
26,97.0,1,3604.300000047661,0,Task,image_134.jpg,5.0,2Among5ConjRed,green,red,Quadrant 4,25.0,4.0,17–32,4
26,98.0,3,2152.7999999761814,1,Task,image_120.jpg,5.0,2Among5ConjRed,blue,green,Quadrant 3,1.0,3.0,1–4,1
26,99.0,1,1368.3000000238535,1,Task,image_90.jpg,5.0,2Among5Colour,red,blue,Quadrant 1,59.0,1.0,33–64,5
26,100.0,1,1069.4000000476954,1,Task,image_81.jpg,5.0,2Among5Colour,green,blue,Quadrant 1,9.0,1.0,9–16,3
26,101.0,3,1887.899999976158,1,Task,image_85.jpg,5.0,2Among5Colour,green,red,Quadrant 3,20.0,3.0,17–32,4
26,102.0,3,1216.5,1,Task,image_13.jpg,2.0,2Among5Colour,green,red,Quadrant 3,20.0,3.0,17–32,4
26,103.0,1,1051.9000000000233,1,Task,image_84.jpg,5.0,2Among5Colour,red,blue,Quadrant 1,23.0,1.0,17–32,4
26,104.0,1,2019.7999999761807,1,Task,image_36.jpg,2.0,2Among5NoColour,green,green,Quadrant 1,23.0,1.0,17–32,4
26,105.0,2,3679.899999952293,1,Task,image_135.jpg,5.0,2Among5ConjRed,green,blue,Quadrant 2,26.0,2.0,17–32,4
26,106.0,2,3558.0999999523046,1,Task,image_121.jpg,5.0,2Among5ConjRed,blue,red,Quadrant 2,4.0,2.0,1–4,1
26,107.0,1,1855.2000000238183,1,Task,image_60.jpg,2.0,2Among5ConjRed,blue,green,Quadrant 1,23.0,1.0,17–32,4
26,108.0,4,2883.69999995234,0,Task,image_143.jpg,5.0,2Among5ConjRed,green,blue,Quadrant 1,75.0,1.0,65–99,6
26,109.0,4,1953.3000000237955,1,Task,image_14.jpg,2.0,2Among5Colour,red,green,Quadrant 4,25.0,4.0,17–32,4
26,110.0,2,1484.399999976158,1,Task,image_16.jpg,2.0,2Among5Colour,green,blue,Quadrant 2,34.0,2.0,33–64,5
26,111.0,4,3974.099999952363,0,Task,image_35.jpg,2.0,2Among5NoColour,blue,blue,Quadrant 2,14.0,2.0,9–16,3
26,112.0,4,3332.199999999953,1,Task,image_38.jpg,2.0,2Among5NoColour,red,red,Quadrant 4,25.0,4.0,17–32,4
26,113.0,3,2443.5999999999767,1,Task,image_139.jpg,5.0,2Among5ConjRed,red,green,Quadrant 3,47.0,3.0,33–64,5
26,114.0,4,1608.0999999761116,0,Task,image_71.jpg,2.0,2Among5ConjRed,green,blue,Quadrant 1,75.0,1.0,65–99,6
26,115.0,2,1289.2000000476835,1,Task,image_94.jpg,5.0,2Among5Colour,green,blue,Quadrant 2,65.0,2.0,65–99,6
26,116.0,1,1282.7000000238186,1,Task,image_75.jpg,5.0,2Among5Colour,green,blue,Quadrant 1,3.0,1.0,1–4,1
26,117.0,3,2597.600000047707,1,Task,image_30.jpg,2.0,2Among5NoColour,blue,blue,Quadrant 3,7.0,3.0,5–8,2
26,118.0,2,1587.9000000000233,0,Task,image_114.jpg,5.0,2Among5NoColour,green,green,Quadrant 1,59.0,1.0,33–64,5
26,119.0,4,1674.0,1,Task,image_92.jpg,5.0,2Among5Colour,blue,red,Quadrant 4,93.0,4.0,65–99,6
26,120.0,1,961.8000000476604,1,Task,image_7.jpg,2.0,2Among5Colour,green,red,Quadrant 1,8.0,1.0,5–8,2
26,121.0,4,1894.899999976158,1,Task,image_28.jpg,2.0,2Among5NoColour,red,red,Quadrant 4,6.0,4.0,5–8,2
26,122.0,4,2703.2000000238186,1,Task,image_86.jpg,5.0,2Among5Colour,red,green,Quadrant 4,25.0,4.0,17–32,4
26,123.0,2,1707.7000000476835,1,Task,image_25.jpg,2.0,2Among5NoColour,blue,blue,Quadrant 2,4.0,2.0,1–4,1
26,124.0,3,2928.599999976112,0,Task,image_137.jpg,5.0,2Among5ConjRed,blue,red,Quadrant 4,45.0,4.0,33–64,5
26,125.0,4,2001.1999999999528,1,Task,image_4.jpg,2.0,2Among5Colour,blue,green,Quadrant 4,6.0,4.0,5–8,2
26,126.0,1,3707.899999976158,1,Task,image_57.jpg,2.0,2Among5ConjRed,red,blue,Quadrant 1,9.0,1.0,9–16,3
26,127.0,3,1447.5000000477305,1,Task,image_78.jpg,5.0,2Among5Colour,red,blue,Quadrant 3,7.0,3.0,5–8,2
26,128.0,1,2199.400000000024,1,Task,image_127.jpg,5.0,2Among5ConjRed,blue,green,Quadrant 1,8.0,1.0,5–8,2
26,129.0,2,4025.599999952363,0,Task,image_52.jpg,2.0,2Among5ConjRed,green,blue,Quadrant 4,6.0,4.0,5–8,2
26,130.0,1,2202.69999995234,1,Task,image_123.jpg,5.0,2Among5ConjRed,red,green,Quadrant 1,3.0,1.0,1–4,1
26,131.0,3,1805.2999999761807,1,Task,image_96.jpg,5.0,2Among5NoColour,green,green,Quadrant 3,1.0,3.0,1–4,1
26,132.0,4,2300.399999952293,1,Task,image_122.jpg,5.0,2Among5ConjRed,red,blue,Quadrant 4,2.0,4.0,1–4,1
26,133.0,3,1133.0000000001164,1,Task,image_21.jpg,2.0,2Among5Colour,blue,green,Quadrant 3,82.0,3.0,65–99,6
26,134.0,1,1008.100000023842,1,Task,image_23.jpg,2.0,2Among5Colour,red,green,Quadrant 1,75.0,1.0,65–99,6
26,135.0,3,2144.0000000477303,1,Task,image_61.jpg,2.0,2Among5ConjRed,red,blue,Quadrant 3,20.0,3.0,17–32,4
26,136.0,1,912.6999999762048,1,Task,image_79.jpg,5.0,2Among5Colour,green,red,Quadrant 1,8.0,1.0,5–8,2
26,137.0,4,1956.5000000477305,1,Task,image_113.jpg,5.0,2Among5NoColour,blue,blue,Quadrant 4,45.0,4.0,33–64,5
26,138.0,1,1489.899999976158,0,Task,image_69.jpg,2.0,2Among5ConjRed,blue,red,Quadrant 3,82.0,3.0,65–99,6
26,139.0,4,2503.000000023865,1,Task,image_56.jpg,2.0,2Among5ConjRed,green,blue,Quadrant 4,15.0,4.0,9–16,3
26,140.0,2,2211.600000023842,0,Task,image_44.jpg,2.0,2Among5NoColour,red,red,Quadrant 4,93.0,4.0,65–99,6
26,141.0,4,2126.4999999522697,1,Task,image_98.jpg,5.0,2Among5NoColour,red,red,Quadrant 4,2.0,4.0,1–4,1
26,142.0,1,974.7000000476836,1,Task,image_3.jpg,2.0,2Among5Colour,green,blue,Quadrant 1,3.0,1.0,1–4,1
26,143.0,3,2119.900000047637,1,Task,image_24.jpg,2.0,2Among5NoColour,green,green,Quadrant 3,1.0,3.0,1–4,1
26,144.0,2,1498.5000000238651,1,Task,image_53.jpg,2.0,2Among5ConjRed,green,red,Quadrant 2,5.0,2.0,5–8,2
29,1.0,4,1053.399999904621,1,Task,image_8.jpg,2.0,2Among5Colour,blue,red,Quadrant 4,15.0,4.0,9–16,3
29,2.0,3,946.1999999046384,1,Task,image_13.jpg,2.0,2Among5Colour,green,red,Quadrant 3,20.0,3.0,17–32,4
29,3.0,1,865.1999999523105,1,Task,image_12.jpg,2.0,2Among5Colour,red,blue,Quadrant 1,23.0,1.0,17–32,4
29,4.0,1,642.5999999284686,1,Task,image_3.jpg,2.0,2Among5Colour,green,blue,Quadrant 1,3.0,1.0,1–4,1
29,5.0,4,962.0999999046326,1,Task,image_80.jpg,5.0,2Among5Colour,blue,red,Quadrant 4,15.0,4.0,9–16,3
29,6.0,2,2847.399999952322,1,Task,image_70.jpg,2.0,2Among5ConjRed,blue,green,Quadrant 2,65.0,2.0,65–99,6
29,7.0,1,3866.799999999989,0,Task,image_65.jpg,2.0,2Among5ConjRed,blue,red,Quadrant 4,45.0,4.0,33–64,5
29,8.0,3,1591.5999999523046,1,Task,image_126.jpg,5.0,2Among5ConjRed,green,red,Quadrant 3,7.0,3.0,5–8,2
29,9.0,1,2092.7999999761523,0,Task,image_38.jpg,2.0,2Among5NoColour,red,red,Quadrant 4,25.0,4.0,17–32,4
29,10.0,1,2353.1999999284744,0,Task,image_107.jpg,5.0,2Among5NoColour,blue,blue,Quadrant 2,14.0,2.0,9–16,3
29,11.0,1,2091.09999997617,0,Task,image_121.jpg,5.0,2Among5ConjRed,blue,red,Quadrant 2,4.0,2.0,1–4,1
29,12.0,2,3129.7999999761523,1,Task,image_136.jpg,5.0,2Among5ConjRed,red,green,Quadrant 2,34.0,2.0,33–64,5
29,13.0,4,3049.499999928463,0,Task,image_40.jpg,2.0,2Among5NoColour,red,red,Quadrant 2,34.0,2.0,33–64,5
29,14.0,4,1196.399999976158,1,Task,image_17.jpg,2.0,2Among5Colour,blue,red,Quadrant 4,45.0,4.0,33–64,5
29,15.0,1,2979.1999999761465,0,Task,image_104.jpg,5.0,2Among5NoColour,red,red,Quadrant 4,15.0,4.0,9–16,3
29,16.0,4,3088.1999999284744,1,Task,image_62.jpg,2.0,2Among5ConjRed,green,red,Quadrant 4,25.0,4.0,17–32,4
29,17.0,4,1473.1999999046384,1,Task,image_92.jpg,5.0,2Among5Colour,blue,red,Quadrant 4,93.0,4.0,65–99,6
29,18.0,4,1126.0999999523046,1,Task,image_2.jpg,2.0,2Among5Colour,green,red,Quadrant 4,2.0,4.0,1–4,1
29,19.0,2,2470.5,1,Task,image_97.jpg,5.0,2Among5NoColour,blue,blue,Quadrant 2,4.0,2.0,1–4,1
29,20.0,1,930.999999952328,1,Task,image_81.jpg,5.0,2Among5Colour,green,blue,Quadrant 1,9.0,1.0,9–16,3
29,21.0,1,2754.5999999523046,1,Task,image_57.jpg,2.0,2Among5ConjRed,red,blue,Quadrant 1,9.0,1.0,9–16,3
29,22.0,2,2541.2999999999884,1,Task,image_125.jpg,5.0,2Among5ConjRed,green,red,Quadrant 2,5.0,2.0,5–8,2
29,23.0,2,1806.399999976158,1,Task,image_5.jpg,2.0,2Among5Colour,red,green,Quadrant 2,5.0,2.0,5–8,2
29,24.0,4,1840.0999999284688,1,Task,image_89.jpg,5.0,2Among5Colour,blue,red,Quadrant 4,45.0,4.0,33–64,5
29,25.0,1,3749.1999999046384,1,Task,image_105.jpg,5.0,2Among5NoColour,green,green,Quadrant 1,9.0,1.0,9–16,3
29,26.0,1,2540.7999999761523,1,Task,image_143.jpg,5.0,2Among5ConjRed,green,blue,Quadrant 1,75.0,1.0,65–99,6
29,27.0,2,2570.1999999761465,1,Task,image_142.jpg,5.0,2Among5ConjRed,blue,green,Quadrant 2,65.0,2.0,65–99,6
29,28.0,2,3527.1999999284744,0,Task,image_128.jpg,5.0,2Among5ConjRed,green,blue,Quadrant 4,15.0,4.0,9–16,3
29,29.0,2,2933.799999904644,0,Task,image_140.jpg,5.0,2Among5ConjRed,green,red,Quadrant 4,93.0,4.0,65–99,6
29,30.0,3,1960.9999999284628,1,Task,image_10.jpg,2.0,2Among5Colour,red,green,Quadrant 3,16.0,3.0,9–16,3
29,31.0,2,2664.399999928486,1,Task,image_131.jpg,5.0,2Among5ConjRed,blue,red,Quadrant 2,14.0,2.0,9–16,3
29,32.0,3,1650.2999999761814,1,Task,image_93.jpg,5.0,2Among5Colour,blue,green,Quadrant 3,82.0,3.0,65–99,6
29,33.0,3,1615.899999928486,1,Task,image_6.jpg,2.0,2Among5Colour,red,blue,Quadrant 3,7.0,3.0,5–8,2
29,34.0,4,1981.700000000012,1,Task,image_86.jpg,5.0,2Among5Colour,red,green,Quadrant 4,25.0,4.0,17–32,4
29,35.0,2,3661.399999976158,0,Task,image_56.jpg,2.0,2Among5ConjRed,green,blue,Quadrant 4,15.0,4.0,9–16,3
29,36.0,3,1149.0999999523046,1,Task,image_72.jpg,5.0,2Among5Colour,red,blue,Quadrant 3,1.0,3.0,1–4,1
29,37.0,1,3484.399999904621,1,Task,image_127.jpg,5.0,2Among5ConjRed,blue,green,Quadrant 1,8.0,1.0,5–8,2
29,38.0,4,1713.0,1,Task,image_20.jpg,2.0,2Among5Colour,blue,red,Quadrant 4,93.0,4.0,65–99,6
29,39.0,3,2711.399999928486,1,Task,image_130.jpg,5.0,2Among5ConjRed,red,green,Quadrant 3,16.0,3.0,9–16,3
29,40.0,4,2443.7999999523163,1,Task,image_100.jpg,5.0,2Among5NoColour,red,red,Quadrant 4,6.0,4.0,5–8,2
29,41.0,2,2102.0,0,Task,image_50.jpg,2.0,2Among5ConjRed,red,blue,Quadrant 4,2.0,4.0,1–4,1
29,42.0,2,2965.2999999523163,1,Task,image_49.jpg,2.0,2Among5ConjRed,blue,red,Quadrant 2,4.0,2.0,1–4,1
29,43.0,1,3729.799999976181,1,Task,image_132.jpg,5.0,2Among5ConjRed,blue,green,Quadrant 1,23.0,1.0,17–32,4
29,44.0,2,2635.700000000012,1,Task,image_29.jpg,2.0,2Among5NoColour,green,green,Quadrant 2,5.0,2.0,5–8,2
29,45.0,3,1796.6999999046093,1,Task,image_96.jpg,5.0,2Among5NoColour,green,green,Quadrant 3,1.0,3.0,1–4,1
29,46.0,1,1251.0999999284977,1,Task,image_23.jpg,2.0,2Among5Colour,red,green,Quadrant 1,75.0,1.0,65–99,6
29,47.0,2,2847.299999904644,0,Task,image_30.jpg,2.0,2Among5NoColour,blue,blue,Quadrant 3,7.0,3.0,5–8,2
29,48.0,4,1638.7999999761814,1,Task,image_98.jpg,5.0,2Among5NoColour,red,red,Quadrant 4,2.0,4.0,1–4,1
29,49.0,2,3355.7999999761814,1,Task,image_39.jpg,2.0,2Among5NoColour,green,green,Quadrant 2,26.0,2.0,17–32,4
29,50.0,2,1902.9999999761349,1,Task,image_1.jpg,2.0,2Among5Colour,blue,red,Quadrant 2,4.0,2.0,1–4,1
29,51.0,1,1473.9999999284628,1,Task,image_90.jpg,5.0,2Among5Colour,red,blue,Quadrant 1,59.0,1.0,33–64,5
29,52.0,2,3065.1999999046093,1,Task,image_35.jpg,2.0,2Among5NoColour,blue,blue,Quadrant 2,14.0,2.0,9–16,3
29,53.0,3,3235.499999928463,0,Task,image_47.jpg,2.0,2Among5NoColour,blue,blue,Quadrant 1,75.0,1.0,65–99,6
29,54.0,3,2411.399999904621,1,Task,image_109.jpg,5.0,2Among5NoColour,blue,blue,Quadrant 3,20.0,3.0,17–32,4
29,55.0,4,2167.6999999046093,1,Task,image_122.jpg,5.0,2Among5ConjRed,red,blue,Quadrant 4,2.0,4.0,1–4,1
29,56.0,3,2680.1999999046093,0,Task,image_41.jpg,2.0,2Among5NoColour,blue,blue,Quadrant 4,45.0,4.0,33–64,5
29,57.0,4,1404.5999999999767,1,Task,image_14.jpg,2.0,2Among5Colour,red,green,Quadrant 4,25.0,4.0,17–32,4
29,58.0,2,1272.5999999046326,1,Task,image_88.jpg,5.0,2Among5Colour,green,blue,Quadrant 2,34.0,2.0,33–64,5
29,59.0,1,2650.2999999761814,0,Task,image_117.jpg,5.0,2Among5NoColour,green,green,Quadrant 3,82.0,3.0,65–99,6
29,60.0,4,3207.399999999965,1,Task,image_52.jpg,2.0,2Among5ConjRed,green,blue,Quadrant 4,6.0,4.0,5–8,2
29,61.0,3,1366.6999999523396,1,Task,image_24.jpg,2.0,2Among5NoColour,green,green,Quadrant 3,1.0,3.0,1–4,1
29,62.0,2,2472.700000000012,1,Task,image_135.jpg,5.0,2Among5ConjRed,green,blue,Quadrant 2,26.0,2.0,17–32,4
29,63.0,1,2268.499999952328,1,Task,image_33.jpg,2.0,2Among5NoColour,green,green,Quadrant 1,9.0,1.0,9–16,3
29,64.0,3,2797.399999952293,0,Task,image_118.jpg,5.0,2Among5NoColour,red,red,Quadrant 2,65.0,2.0,65–99,6
29,65.0,2,3208.0999999523046,0,Task,image_44.jpg,2.0,2Among5NoColour,red,red,Quadrant 4,93.0,4.0,65–99,6
29,66.0,3,3154.899999976158,0,Task,image_113.jpg,5.0,2Among5NoColour,blue,blue,Quadrant 4,45.0,4.0,33–64,5
29,67.0,4,2483.299999928451,1,Task,image_116.jpg,5.0,2Among5NoColour,red,red,Quadrant 4,93.0,4.0,65–99,6
29,68.0,4,2379.299999928451,1,Task,image_28.jpg,2.0,2Among5NoColour,red,red,Quadrant 4,6.0,4.0,5–8,2
29,69.0,3,3428.7999999523163,1,Task,image_37.jpg,2.0,2Among5NoColour,blue,blue,Quadrant 3,20.0,3.0,17–32,4
29,70.0,2,1233.9999999761349,1,Task,image_87.jpg,5.0,2Among5Colour,blue,green,Quadrant 2,26.0,2.0,17–32,4
29,71.0,3,1407.1999999046093,1,Task,image_82.jpg,5.0,2Among5Colour,red,green,Quadrant 3,16.0,3.0,9–16,3
29,72.0,2,3619.299999952316,1,Task,image_112.jpg,5.0,2Among5NoColour,red,red,Quadrant 2,34.0,2.0,33–64,5
29,73.0,3,3164.499999952328,1,Task,image_43.jpg,2.0,2Among5NoColour,blue,blue,Quadrant 3,47.0,3.0,33–64,5
29,74.0,3,3438.899999904621,0,Task,image_111.jpg,5.0,2Among5NoColour,green,green,Quadrant 2,26.0,2.0,17–32,4
29,75.0,2,3003.2999999999884,1,Task,image_59.jpg,2.0,2Among5ConjRed,blue,red,Quadrant 2,14.0,2.0,9–16,3
29,76.0,3,2561.7999999999884,1,Task,image_106.jpg,5.0,2Among5NoColour,red,red,Quadrant 3,16.0,3.0,9–16,3
29,77.0,3,1025.5999999284977,1,Task,image_21.jpg,2.0,2Among5Colour,blue,green,Quadrant 3,82.0,3.0,65–99,6
29,78.0,3,1408.7999999761814,1,Task,image_34.jpg,2.0,2Among5NoColour,red,red,Quadrant 3,16.0,3.0,9–16,3
29,79.0,4,2502.1999999046093,1,Task,image_110.jpg,5.0,2Among5NoColour,red,red,Quadrant 4,25.0,4.0,17–32,4
29,80.0,2,830.3999999761581,1,Task,image_83.jpg,5.0,2Among5Colour,blue,green,Quadrant 2,14.0,2.0,9–16,3
29,81.0,1,3570.6999999761465,0,Task,image_46.jpg,2.0,2Among5NoColour,red,red,Quadrant 2,65.0,2.0,65–99,6
29,82.0,3,958.6999999523396,1,Task,image_120.jpg,5.0,2Among5ConjRed,blue,green,Quadrant 3,1.0,3.0,1–4,1
29,83.0,3,2280.5999999999767,1,Task,image_19.jpg,2.0,2Among5Colour,green,red,Quadrant 3,47.0,3.0,33–64,5
29,84.0,4,1150.9999999761349,1,Task,image_76.jpg,5.0,2Among5Colour,blue,green,Quadrant 4,6.0,4.0,5–8,2
29,85.0,2,2386.799999928451,1,Task,image_101.jpg,5.0,2Among5NoColour,green,green,Quadrant 2,5.0,2.0,5–8,2
29,86.0,1,3747.9000000000233,1,Task,image_42.jpg,2.0,2Among5NoColour,green,green,Quadrant 1,59.0,1.0,33–64,5
29,87.0,2,750.6999999046093,1,Task,image_15.jpg,2.0,2Among5Colour,blue,green,Quadrant 2,26.0,2.0,17–32,4
29,88.0,1,1451.5999999999767,1,Task,image_55.jpg,2.0,2Among5ConjRed,blue,green,Quadrant 1,8.0,1.0,5–8,2
29,89.0,2,1030.399999976158,1,Task,image_77.jpg,5.0,2Among5Colour,red,green,Quadrant 2,5.0,2.0,5–8,2
29,90.0,1,3085.599999904633,1,Task,image_31.jpg,2.0,2Among5NoColour,green,green,Quadrant 1,8.0,1.0,5–8,2
29,91.0,1,2360.499999952328,1,Task,image_123.jpg,5.0,2Among5ConjRed,red,green,Quadrant 1,3.0,1.0,1–4,1
29,92.0,3,1389.399999928486,1,Task,image_0.jpg,2.0,2Among5Colour,red,blue,Quadrant 3,1.0,3.0,1–4,1
29,93.0,3,2651.999999952328,1,Task,image_58.jpg,2.0,2Among5ConjRed,red,green,Quadrant 3,16.0,3.0,9–16,3
29,94.0,3,2147.19999995234,1,Task,image_61.jpg,2.0,2Among5ConjRed,red,blue,Quadrant 3,20.0,3.0,17–32,4
29,95.0,3,2330.999999928463,1,Task,image_102.jpg,5.0,2Among5NoColour,blue,blue,Quadrant 3,7.0,3.0,5–8,2
29,96.0,2,1133.5999999523046,1,Task,image_11.jpg,2.0,2Among5Colour,blue,green,Quadrant 2,14.0,2.0,9–16,3
29,97.0,3,2538.400000000024,1,Task,image_141.jpg,5.0,2Among5ConjRed,blue,red,Quadrant 3,82.0,3.0,65–99,6
29,98.0,4,2422.499999928463,1,Task,image_74.jpg,5.0,2Among5Colour,green,red,Quadrant 4,2.0,4.0,1–4,1
29,99.0,1,1090.5999999284977,1,Task,image_18.jpg,2.0,2Among5Colour,red,blue,Quadrant 1,59.0,1.0,33–64,5
29,100.0,1,1331.6999999523396,1,Task,image_79.jpg,5.0,2Among5Colour,green,red,Quadrant 1,8.0,1.0,5–8,2
29,101.0,4,2938.999999999942,0,Task,image_69.jpg,2.0,2Among5ConjRed,blue,red,Quadrant 3,82.0,3.0,65–99,6
29,102.0,3,1480.1999999284744,1,Task,image_85.jpg,5.0,2Among5Colour,green,red,Quadrant 3,20.0,3.0,17–32,4
29,103.0,3,1101.7999999999302,1,Task,image_48.jpg,2.0,2Among5ConjRed,blue,green,Quadrant 3,1.0,3.0,1–4,1
29,104.0,1,3386.999999952328,0,Task,image_67.jpg,2.0,2Among5ConjRed,red,green,Quadrant 3,47.0,3.0,33–64,5
29,105.0,2,3134.7999999761814,1,Task,image_63.jpg,2.0,2Among5ConjRed,green,blue,Quadrant 2,26.0,2.0,17–32,4
29,106.0,2,1010.0999999046326,1,Task,image_73.jpg,5.0,2Among5Colour,blue,red,Quadrant 2,4.0,2.0,1–4,1
29,107.0,3,1391.499999952328,1,Task,image_54.jpg,2.0,2Among5ConjRed,green,red,Quadrant 3,7.0,3.0,5–8,2
29,108.0,1,948.2999999761814,1,Task,image_84.jpg,5.0,2Among5Colour,red,blue,Quadrant 1,23.0,1.0,17–32,4
29,109.0,1,1019.8999999046208,1,Task,image_7.jpg,2.0,2Among5Colour,green,red,Quadrant 1,8.0,1.0,5–8,2
29,110.0,3,951.3999999999652,1,Task,image_78.jpg,5.0,2Among5Colour,red,blue,Quadrant 3,7.0,3.0,5–8,2
29,111.0,2,807.1999999046093,1,Task,image_22.jpg,2.0,2Among5Colour,green,blue,Quadrant 2,65.0,2.0,65–99,6
29,112.0,1,1895.5999999284977,1,Task,image_129.jpg,5.0,2Among5ConjRed,red,blue,Quadrant 1,9.0,1.0,9–16,3
29,113.0,1,1318.4000000000815,1,Task,image_66.jpg,2.0,2Among5ConjRed,red,blue,Quadrant 1,59.0,1.0,33–64,5
29,114.0,2,2236.09999997617,1,Task,image_25.jpg,2.0,2Among5NoColour,blue,blue,Quadrant 2,4.0,2.0,1–4,1
29,115.0,2,953.399999928486,1,Task,image_94.jpg,5.0,2Among5Colour,green,blue,Quadrant 2,65.0,2.0,65–99,6
29,116.0,1,1470.5999999046326,1,Task,image_27.jpg,2.0,2Among5NoColour,blue,blue,Quadrant 1,3.0,1.0,1–4,1
29,117.0,1,897.2000000000116,1,Task,image_95.jpg,5.0,2Among5Colour,red,green,Quadrant 1,75.0,1.0,65–99,6
29,118.0,1,2763.399999928486,1,Task,image_103.jpg,5.0,2Among5NoColour,green,green,Quadrant 1,8.0,1.0,5–8,2
29,119.0,2,2822.199999999953,0,Task,image_71.jpg,2.0,2Among5ConjRed,green,blue,Quadrant 1,75.0,1.0,65–99,6
29,120.0,2,3101.69999995234,0,Task,image_134.jpg,5.0,2Among5ConjRed,green,red,Quadrant 4,25.0,4.0,17–32,4
29,121.0,3,2289.0999999999767,1,Task,image_45.jpg,2.0,2Among5NoColour,green,green,Quadrant 3,82.0,3.0,65–99,6
29,122.0,1,1433.5,1,Task,image_9.jpg,2.0,2Among5Colour,green,blue,Quadrant 1,9.0,1.0,9–16,3
29,123.0,4,3116.399999976158,1,Task,image_124.jpg,5.0,2Among5ConjRed,green,blue,Quadrant 4,6.0,4.0,5–8,2
29,124.0,1,3518.0999999999767,0,Task,image_115.jpg,5.0,2Among5NoColour,blue,blue,Quadrant 3,47.0,3.0,33–64,5
29,125.0,1,1301.4999999522695,1,Task,image_75.jpg,5.0,2Among5Colour,green,blue,Quadrant 1,3.0,1.0,1–4,1
29,126.0,4,1606.499999904656,1,Task,image_4.jpg,2.0,2Among5Colour,blue,green,Quadrant 4,6.0,4.0,5–8,2
29,127.0,1,1703.7999999761814,0,Task,image_68.jpg,2.0,2Among5ConjRed,green,red,Quadrant 4,93.0,4.0,65–99,6
29,128.0,4,2615.5,1,Task,image_137.jpg,5.0,2Among5ConjRed,blue,red,Quadrant 4,45.0,4.0,33–64,5
29,129.0,3,2795.399999976158,0,Task,image_119.jpg,5.0,2Among5NoColour,blue,blue,Quadrant 1,75.0,1.0,65–99,6
29,130.0,2,2779.499999928521,0,Task,image_114.jpg,5.0,2Among5NoColour,green,green,Quadrant 1,59.0,1.0,33–64,5
29,131.0,1,2126.499999928521,1,Task,image_108.jpg,5.0,2Among5NoColour,green,green,Quadrant 1,23.0,1.0,17–32,4
29,132.0,4,1871.1999999284744,1,Task,image_26.jpg,2.0,2Among5NoColour,red,red,Quadrant 4,2.0,4.0,1–4,1
29,133.0,3,2611.699999999953,1,Task,image_139.jpg,5.0,2Among5ConjRed,red,green,Quadrant 3,47.0,3.0,33–64,5
29,134.0,2,1201.3000000000466,1,Task,image_16.jpg,2.0,2Among5Colour,green,blue,Quadrant 2,34.0,2.0,33–64,5
29,135.0,3,3116.699999999953,1,Task,image_133.jpg,5.0,2Among5ConjRed,red,blue,Quadrant 3,20.0,3.0,17–32,4
29,136.0,4,2392.399999952293,1,Task,image_32.jpg,2.0,2Among5NoColour,red,red,Quadrant 4,15.0,4.0,9–16,3
29,137.0,3,1505.899999976158,1,Task,image_91.jpg,5.0,2Among5Colour,green,red,Quadrant 3,47.0,3.0,33–64,5
29,138.0,1,2603.299999904586,1,Task,image_60.jpg,2.0,2Among5ConjRed,blue,green,Quadrant 1,23.0,1.0,17–32,4
29,139.0,2,1638.0999999999767,1,Task,image_53.jpg,2.0,2Among5ConjRed,green,red,Quadrant 2,5.0,2.0,5–8,2
29,140.0,2,2256.19999995234,1,Task,image_64.jpg,2.0,2Among5ConjRed,red,green,Quadrant 2,34.0,2.0,33–64,5
29,141.0,1,1289.799999904586,1,Task,image_36.jpg,2.0,2Among5NoColour,green,green,Quadrant 1,23.0,1.0,17–32,4
29,142.0,1,1123.0999999046326,1,Task,image_51.jpg,2.0,2Among5ConjRed,red,green,Quadrant 1,3.0,1.0,1–4,1
29,143.0,1,2354.0999999999767,1,Task,image_99.jpg,5.0,2Among5NoColour,blue,blue,Quadrant 1,3.0,1.0,1–4,1
29,144.0,1,1580.2999999284511,1,Task,image_138.jpg,5.0,2Among5ConjRed,red,blue,Quadrant 1,59.0,1.0,33–64,5
28,1.0,1,5731.5,0,Task,image_63.jpg,2.0,2Among5ConjRed,green,blue,Quadrant 2,26.0,2.0,17–32,4
28,2.0,4,2253.7999999999884,1,Task,image_76.jpg,5.0,2Among5Colour,blue,green,Quadrant 4,6.0,4.0,5–8,2
28,3.0,2,4370.999999997031,0,Task,image_41.jpg,2.0,2Among5NoColour,blue,blue,Quadrant 4,45.0,4.0,33–64,5
28,4.0,4,2556.79999999702,1,Task,image_26.jpg,2.0,2Among5NoColour,red,red,Quadrant 4,2.0,4.0,1–4,1
28,5.0,2,1275.299999998504,1,Task,image_1.jpg,2.0,2Among5Colour,blue,red,Quadrant 2,4.0,2.0,1–4,1
28,6.0,2,5318.0,0,Task,image_99.jpg,5.0,2Among5NoColour,blue,blue,Quadrant 1,3.0,1.0,1–4,1
28,7.0,3,4154.300000001502,0,Task,image_116.jpg,5.0,2Among5NoColour,red,red,Quadrant 4,93.0,4.0,65–99,6
28,8.0,3,2697.39999999851,1,Task,image_54.jpg,2.0,2Among5ConjRed,green,red,Quadrant 3,7.0,3.0,5–8,2
28,9.0,4,3995.20000000298,1,Task,image_32.jpg,2.0,2Among5NoColour,red,red,Quadrant 4,15.0,4.0,9–16,3
28,10.0,4,3856.5,1,Task,image_140.jpg,5.0,2Among5ConjRed,green,red,Quadrant 4,93.0,4.0,65–99,6
28,11.0,4,3428.400000002992,1,Task,image_50.jpg,2.0,2Among5ConjRed,red,blue,Quadrant 4,2.0,4.0,1–4,1
28,12.0,3,2651.0,0,Task,image_127.jpg,5.0,2Among5ConjRed,blue,green,Quadrant 1,8.0,1.0,5–8,2
28,13.0,1,4578.300000002986,1,Task,image_47.jpg,2.0,2Among5NoColour,blue,blue,Quadrant 1,75.0,1.0,65–99,6
28,14.0,2,1512.8999999999942,1,Task,image_73.jpg,5.0,2Among5Colour,blue,red,Quadrant 2,4.0,2.0,1–4,1
28,15.0,4,3973.90000000148,1,Task,image_104.jpg,5.0,2Among5NoColour,red,red,Quadrant 4,15.0,4.0,9–16,3
28,16.0,1,3088.200000001496,0,Task,image_118.jpg,5.0,2Among5NoColour,red,red,Quadrant 2,65.0,2.0,65–99,6
28,17.0,3,1901.6999999984985,1,Task,image_24.jpg,2.0,2Among5NoColour,green,green,Quadrant 3,1.0,3.0,1–4,1
28,18.0,1,4235.700000001496,1,Task,image_132.jpg,5.0,2Among5ConjRed,blue,green,Quadrant 1,23.0,1.0,17–32,4
28,19.0,1,1739.2999999999884,1,Task,image_81.jpg,5.0,2Among5Colour,green,blue,Quadrant 1,9.0,1.0,9–16,3
28,20.0,2,4204.5,1,Task,image_97.jpg,5.0,2Among5NoColour,blue,blue,Quadrant 2,4.0,2.0,1–4,1
28,21.0,1,4182.999999997031,0,Task,image_35.jpg,2.0,2Among5NoColour,blue,blue,Quadrant 2,14.0,2.0,9–16,3
28,22.0,2,1126.9999999985157,0,Task,image_89.jpg,5.0,2Among5Colour,blue,red,Quadrant 4,45.0,4.0,33–64,5
28,23.0,1,2320.099999998521,1,Task,image_138.jpg,5.0,2Among5ConjRed,red,blue,Quadrant 1,59.0,1.0,33–64,5
28,24.0,1,3009.6000000029744,0,Task,image_130.jpg,5.0,2Among5ConjRed,red,green,Quadrant 3,16.0,3.0,9–16,3
28,25.0,3,2926.4999999970314,1,Task,image_106.jpg,5.0,2Among5NoColour,red,red,Quadrant 3,16.0,3.0,9–16,3
28,26.0,3,1260.9000000014785,1,Task,image_96.jpg,5.0,2Among5NoColour,green,green,Quadrant 3,1.0,3.0,1–4,1
28,27.0,4,991.7999999999884,1,Task,image_86.jpg,5.0,2Among5Colour,red,green,Quadrant 4,25.0,4.0,17–32,4
28,28.0,2,3668.499999997032,0,Task,image_42.jpg,2.0,2Among5NoColour,green,green,Quadrant 1,59.0,1.0,33–64,5
28,29.0,2,4292.700000001496,1,Task,image_142.jpg,5.0,2Among5ConjRed,blue,green,Quadrant 2,65.0,2.0,65–99,6
28,30.0,3,1226.800000002957,1,Task,image_72.jpg,5.0,2Among5Colour,red,blue,Quadrant 3,1.0,3.0,1–4,1
28,31.0,1,4047.999999998487,1,Task,image_33.jpg,2.0,2Among5NoColour,green,green,Quadrant 1,9.0,1.0,9–16,3
28,32.0,3,2111.900000000024,1,Task,image_10.jpg,2.0,2Among5Colour,red,green,Quadrant 3,16.0,3.0,9–16,3
28,33.0,4,1684.60000000149,1,Task,image_98.jpg,5.0,2Among5NoColour,red,red,Quadrant 4,2.0,4.0,1–4,1
28,34.0,4,2481.79999999993,0,Task,image_37.jpg,2.0,2Among5NoColour,blue,blue,Quadrant 3,20.0,3.0,17–32,4
28,35.0,2,1186.6999999984982,1,Task,image_15.jpg,2.0,2Among5Colour,blue,green,Quadrant 2,26.0,2.0,17–32,4
28,36.0,3,965.7999999999884,1,Task,image_120.jpg,5.0,2Among5ConjRed,blue,green,Quadrant 3,1.0,3.0,1–4,1
28,37.0,4,1110.5999999985215,0,Task,image_77.jpg,5.0,2Among5Colour,red,green,Quadrant 2,5.0,2.0,5–8,2
28,38.0,2,1363.9000000000233,1,Task,image_83.jpg,5.0,2Among5Colour,blue,green,Quadrant 2,14.0,2.0,9–16,3
28,39.0,2,3777.5999999985215,1,Task,image_64.jpg,2.0,2Among5ConjRed,red,green,Quadrant 2,34.0,2.0,33–64,5
28,40.0,3,1112.5000000015134,1,Task,image_0.jpg,2.0,2Among5Colour,red,blue,Quadrant 3,1.0,3.0,1–4,1
28,41.0,1,3025.10000000149,1,Task,image_51.jpg,2.0,2Among5ConjRed,red,green,Quadrant 1,3.0,1.0,1–4,1
28,42.0,3,1131.900000002992,1,Task,image_48.jpg,2.0,2Among5ConjRed,blue,green,Quadrant 3,1.0,3.0,1–4,1
28,43.0,4,860.5,1,Task,image_4.jpg,2.0,2Among5Colour,blue,green,Quadrant 4,6.0,4.0,5–8,2
28,44.0,4,2312.20000000298,1,Task,image_38.jpg,2.0,2Among5NoColour,red,red,Quadrant 4,25.0,4.0,17–32,4
28,45.0,1,3890.100000003004,1,Task,image_103.jpg,5.0,2Among5NoColour,green,green,Quadrant 1,8.0,1.0,5–8,2
28,46.0,1,3721.300000002957,1,Task,image_31.jpg,2.0,2Among5NoColour,green,green,Quadrant 1,8.0,1.0,5–8,2
28,47.0,4,5113.0999999985215,1,Task,image_44.jpg,2.0,2Among5NoColour,red,red,Quadrant 4,93.0,4.0,65–99,6
28,48.0,3,3928.5999999999767,1,Task,image_58.jpg,2.0,2Among5ConjRed,red,green,Quadrant 3,16.0,3.0,9–16,3
28,49.0,3,4201.099999997008,1,Task,image_133.jpg,5.0,2Among5ConjRed,red,blue,Quadrant 3,20.0,3.0,17–32,4
28,50.0,2,2375.20000000298,1,Task,image_125.jpg,5.0,2Among5ConjRed,green,red,Quadrant 2,5.0,2.0,5–8,2
28,51.0,3,1238.7999999999884,1,Task,image_93.jpg,5.0,2Among5Colour,blue,green,Quadrant 3,82.0,3.0,65–99,6
28,52.0,3,2877.9999999984866,1,Task,image_115.jpg,5.0,2Among5NoColour,blue,blue,Quadrant 3,47.0,3.0,33–64,5
28,53.0,4,1056.0000000015134,1,Task,image_92.jpg,5.0,2Among5Colour,blue,red,Quadrant 4,93.0,4.0,65–99,6
28,54.0,3,1205.7999999999884,0,Task,image_9.jpg,2.0,2Among5Colour,green,blue,Quadrant 1,9.0,1.0,9–16,3
28,55.0,1,4253.499999997031,1,Task,image_55.jpg,2.0,2Among5ConjRed,blue,green,Quadrant 1,8.0,1.0,5–8,2
28,56.0,1,3298.299999998533,1,Task,image_60.jpg,2.0,2Among5ConjRed,blue,green,Quadrant 1,23.0,1.0,17–32,4
28,57.0,4,2748.100000000035,1,Task,image_100.jpg,5.0,2Among5NoColour,red,red,Quadrant 4,6.0,4.0,5–8,2
28,58.0,2,2386.400000000024,1,Task,image_59.jpg,2.0,2Among5ConjRed,blue,red,Quadrant 2,14.0,2.0,9–16,3
28,59.0,4,1294.7000000014668,1,Task,image_8.jpg,2.0,2Among5Colour,blue,red,Quadrant 4,15.0,4.0,9–16,3
28,60.0,1,3859.699999998498,0,Task,image_65.jpg,2.0,2Among5ConjRed,blue,red,Quadrant 4,45.0,4.0,33–64,5
28,61.0,2,1310.2000000029802,0,Task,image_119.jpg,5.0,2Among5NoColour,blue,blue,Quadrant 1,75.0,1.0,65–99,6
28,62.0,1,997.4000000014784,1,Task,image_90.jpg,5.0,2Among5Colour,red,blue,Quadrant 1,59.0,1.0,33–64,5
28,63.0,2,2411.9999999984866,1,Task,image_135.jpg,5.0,2Among5ConjRed,green,blue,Quadrant 2,26.0,2.0,17–32,4
28,64.0,2,2623.199999997043,1,Task,image_49.jpg,2.0,2Among5ConjRed,blue,red,Quadrant 2,4.0,2.0,1–4,1
28,65.0,1,1476.6999999984982,0,Task,image_56.jpg,2.0,2Among5ConjRed,green,blue,Quadrant 4,15.0,4.0,9–16,3
28,66.0,1,478.8999999969965,0,Task,image_30.jpg,2.0,2Among5NoColour,blue,blue,Quadrant 3,7.0,3.0,5–8,2
28,67.0,2,2444.9999999970314,1,Task,image_29.jpg,2.0,2Among5NoColour,green,green,Quadrant 2,5.0,2.0,5–8,2
28,68.0,2,1730.600000000035,1,Task,image_111.jpg,5.0,2Among5NoColour,green,green,Quadrant 2,26.0,2.0,17–32,4
28,69.0,2,1354.9000000000233,1,Task,image_16.jpg,2.0,2Among5Colour,green,blue,Quadrant 2,34.0,2.0,33–64,5
28,70.0,2,2541.099999998521,1,Task,image_121.jpg,5.0,2Among5ConjRed,blue,red,Quadrant 2,4.0,2.0,1–4,1
28,71.0,4,1216.699999997043,1,Task,image_20.jpg,2.0,2Among5Colour,blue,red,Quadrant 4,93.0,4.0,65–99,6
28,72.0,3,3175.5000000029686,1,Task,image_141.jpg,5.0,2Among5ConjRed,blue,red,Quadrant 3,82.0,3.0,65–99,6
28,73.0,1,990.7999999999884,1,Task,image_79.jpg,5.0,2Among5Colour,green,red,Quadrant 1,8.0,1.0,5–8,2
28,74.0,1,2578.900000000024,1,Task,image_123.jpg,5.0,2Among5ConjRed,red,green,Quadrant 1,3.0,1.0,1–4,1
28,75.0,1,3587.39999999851,1,Task,image_57.jpg,2.0,2Among5ConjRed,red,blue,Quadrant 1,9.0,1.0,9–16,3
28,76.0,3,3718.200000000012,1,Task,image_67.jpg,2.0,2Among5ConjRed,red,green,Quadrant 3,47.0,3.0,33–64,5
28,77.0,4,4184.800000002957,1,Task,image_137.jpg,5.0,2Among5ConjRed,blue,red,Quadrant 4,45.0,4.0,33–64,5
28,78.0,1,3680.200000000012,1,Task,image_75.jpg,5.0,2Among5Colour,green,blue,Quadrant 1,3.0,1.0,1–4,1
28,79.0,3,2184.0,1,Task,image_82.jpg,5.0,2Among5Colour,red,green,Quadrant 3,16.0,3.0,9–16,3
28,80.0,4,3865.300000002957,0,Task,image_143.jpg,5.0,2Among5ConjRed,green,blue,Quadrant 1,75.0,1.0,65–99,6
28,81.0,3,2548.6999999984982,1,Task,image_102.jpg,5.0,2Among5NoColour,blue,blue,Quadrant 3,7.0,3.0,5–8,2
28,82.0,3,4181.60000000149,0,Task,image_36.jpg,2.0,2Among5NoColour,green,green,Quadrant 1,23.0,1.0,17–32,4
28,83.0,4,3954.299999999989,0,Task,image_107.jpg,5.0,2Among5NoColour,blue,blue,Quadrant 2,14.0,2.0,9–16,3
28,84.0,1,1073.0999999985215,1,Task,image_7.jpg,2.0,2Among5Colour,green,red,Quadrant 1,8.0,1.0,5–8,2
28,85.0,2,4440.79999999702,0,Task,image_62.jpg,2.0,2Among5ConjRed,green,red,Quadrant 4,25.0,4.0,17–32,4
28,86.0,4,3474.299999998533,1,Task,image_128.jpg,5.0,2Among5ConjRed,green,blue,Quadrant 4,15.0,4.0,9–16,3
28,87.0,3,1181.3000000015018,1,Task,image_13.jpg,2.0,2Among5Colour,green,red,Quadrant 3,20.0,3.0,17–32,4
28,88.0,4,1061.0,1,Task,image_17.jpg,2.0,2Among5Colour,blue,red,Quadrant 4,45.0,4.0,33–64,5
28,89.0,1,3840.699999997043,1,Task,image_71.jpg,2.0,2Among5ConjRed,green,blue,Quadrant 1,75.0,1.0,65–99,6
28,90.0,1,81.50000000296859,0,Task,image_19.jpg,2.0,2Among5Colour,green,red,Quadrant 3,47.0,3.0,33–64,5
28,91.0,1,940.4999999984866,1,Task,image_18.jpg,2.0,2Among5Colour,red,blue,Quadrant 1,59.0,1.0,33–64,5
28,92.0,4,2955.6999999984982,1,Task,image_28.jpg,2.0,2Among5NoColour,red,red,Quadrant 4,6.0,4.0,5–8,2
28,93.0,1,956.900000002992,1,Task,image_12.jpg,2.0,2Among5Colour,red,blue,Quadrant 1,23.0,1.0,17–32,4
28,94.0,3,4082.999999997032,1,Task,image_43.jpg,2.0,2Among5NoColour,blue,blue,Quadrant 3,47.0,3.0,33–64,5
28,95.0,4,3851.199999998498,0,Task,image_61.jpg,2.0,2Among5ConjRed,red,blue,Quadrant 3,20.0,3.0,17–32,4
28,96.0,4,2192.200000001467,1,Task,image_52.jpg,2.0,2Among5ConjRed,green,blue,Quadrant 4,6.0,4.0,5–8,2
28,97.0,3,746.0999999970081,1,Task,image_6.jpg,2.0,2Among5Colour,red,blue,Quadrant 3,7.0,3.0,5–8,2
28,98.0,1,774.8000000015018,1,Task,image_23.jpg,2.0,2Among5Colour,red,green,Quadrant 1,75.0,1.0,65–99,6
28,99.0,4,2638.299999998533,1,Task,image_68.jpg,2.0,2Among5ConjRed,green,red,Quadrant 4,93.0,4.0,65–99,6
28,100.0,2,2259.5000000029686,1,Task,image_5.jpg,2.0,2Among5Colour,red,green,Quadrant 2,5.0,2.0,5–8,2
28,101.0,2,3568.8000000015018,0,Task,image_134.jpg,5.0,2Among5ConjRed,green,red,Quadrant 4,25.0,4.0,17–32,4
28,102.0,4,2160.6999999984982,1,Task,image_122.jpg,5.0,2Among5ConjRed,red,blue,Quadrant 4,2.0,4.0,1–4,1
28,103.0,4,2286.10000000149,1,Task,image_74.jpg,5.0,2Among5Colour,green,red,Quadrant 4,2.0,4.0,1–4,1
28,104.0,2,1177.0999999985215,1,Task,image_11.jpg,2.0,2Among5Colour,blue,green,Quadrant 2,14.0,2.0,9–16,3
28,105.0,1,86.90000000147847,0,Task,image_136.jpg,5.0,2Among5ConjRed,red,green,Quadrant 2,34.0,2.0,33–64,5
28,106.0,3,970.7000000000116,1,Task,image_21.jpg,2.0,2Among5Colour,blue,green,Quadrant 3,82.0,3.0,65–99,6
28,107.0,1,3620.0999999985215,1,Task,image_129.jpg,5.0,2Among5ConjRed,red,blue,Quadrant 1,9.0,1.0,9–16,3
28,108.0,2,2795.599999997008,1,Task,image_131.jpg,5.0,2Among5ConjRed,blue,red,Quadrant 2,14.0,2.0,9–16,3
28,109.0,2,1818.5999999999185,1,Task,image_112.jpg,5.0,2Among5NoColour,red,red,Quadrant 2,34.0,2.0,33–64,5
28,110.0,1,3679.90000000148,1,Task,image_105.jpg,5.0,2Among5NoColour,green,green,Quadrant 1,9.0,1.0,9–16,3
28,111.0,1,4338.200000001467,1,Task,image_27.jpg,2.0,2Among5NoColour,blue,blue,Quadrant 1,3.0,1.0,1–4,1
28,112.0,4,4923.60000000149,0,Task,image_101.jpg,5.0,2Among5NoColour,green,green,Quadrant 2,5.0,2.0,5–8,2
28,113.0,1,3506.700000001467,0,Task,image_46.jpg,2.0,2Among5NoColour,red,red,Quadrant 2,65.0,2.0,65–99,6
28,114.0,2,1404.4999999984866,1,Task,image_88.jpg,5.0,2Among5Colour,green,blue,Quadrant 2,34.0,2.0,33–64,5
28,115.0,3,1066.0999999999767,1,Task,image_91.jpg,5.0,2Among5Colour,green,red,Quadrant 3,47.0,3.0,33–64,5
28,116.0,1,3873.499999996973,1,Task,image_108.jpg,5.0,2Among5NoColour,green,green,Quadrant 1,23.0,1.0,17–32,4
28,117.0,4,1669.300000002957,1,Task,image_14.jpg,2.0,2Among5Colour,red,green,Quadrant 4,25.0,4.0,17–32,4
28,118.0,2,798.199999997043,1,Task,image_22.jpg,2.0,2Among5Colour,green,blue,Quadrant 2,65.0,2.0,65–99,6
28,119.0,3,2575.0,1,Task,image_139.jpg,5.0,2Among5ConjRed,red,green,Quadrant 3,47.0,3.0,33–64,5
28,120.0,1,3343.3000000000466,0,Task,image_109.jpg,5.0,2Among5NoColour,blue,blue,Quadrant 3,20.0,3.0,17–32,4
28,121.0,2,4193.599999999977,1,Task,image_70.jpg,2.0,2Among5ConjRed,blue,green,Quadrant 2,65.0,2.0,65–99,6
28,122.0,2,938.7000000029802,1,Task,image_94.jpg,5.0,2Among5Colour,green,blue,Quadrant 2,65.0,2.0,65–99,6
28,123.0,4,1667.7000000000698,1,Task,image_80.jpg,5.0,2Among5Colour,blue,red,Quadrant 4,15.0,4.0,9–16,3
28,124.0,4,71479.30000000144,0,Task,image_39.jpg,2.0,2Among5NoColour,green,green,Quadrant 2,26.0,2.0,17–32,4
28,125.0,4,3506.8000000000466,1,Task,image_113.jpg,5.0,2Among5NoColour,blue,blue,Quadrant 4,45.0,4.0,33–64,5
28,126.0,3,857.1000000030035,1,Task,image_78.jpg,5.0,2Among5Colour,red,blue,Quadrant 3,7.0,3.0,5–8,2
28,127.0,2,2624.79999999702,1,Task,image_25.jpg,2.0,2Among5NoColour,blue,blue,Quadrant 2,4.0,2.0,1–4,1
28,128.0,1,970.2000000014668,1,Task,image_3.jpg,2.0,2Among5Colour,green,blue,Quadrant 1,3.0,1.0,1–4,1
28,129.0,3,3756.800000000047,1,Task,image_45.jpg,2.0,2Among5NoColour,green,green,Quadrant 3,82.0,3.0,65–99,6
28,130.0,3,2121.199999999953,1,Task,image_69.jpg,2.0,2Among5ConjRed,blue,red,Quadrant 3,82.0,3.0,65–99,6
28,131.0,3,948.5000000030268,1,Task,image_85.jpg,5.0,2Among5Colour,green,red,Quadrant 3,20.0,3.0,17–32,4
28,132.0,1,2765.0000000015134,1,Task,image_66.jpg,2.0,2Among5ConjRed,red,blue,Quadrant 1,59.0,1.0,33–64,5
28,133.0,4,2561.3000000014435,1,Task,image_110.jpg,5.0,2Among5NoColour,red,red,Quadrant 4,25.0,4.0,17–32,4
28,134.0,2,3629.499999996973,1,Task,image_40.jpg,2.0,2Among5NoColour,red,red,Quadrant 2,34.0,2.0,33–64,5
28,135.0,1,1183.2999999985332,1,Task,image_84.jpg,5.0,2Among5Colour,red,blue,Quadrant 1,23.0,1.0,17–32,4
28,136.0,2,828.5000000015134,1,Task,image_87.jpg,5.0,2Among5Colour,blue,green,Quadrant 2,26.0,2.0,17–32,4
28,137.0,4,1750.9000000029337,1,Task,image_2.jpg,2.0,2Among5Colour,green,red,Quadrant 4,2.0,4.0,1–4,1
28,138.0,3,2674.20000000298,1,Task,image_126.jpg,5.0,2Among5ConjRed,green,red,Quadrant 3,7.0,3.0,5–8,2
28,139.0,4,2596.10000000149,1,Task,image_124.jpg,5.0,2Among5ConjRed,green,blue,Quadrant 4,6.0,4.0,5–8,2
28,140.0,3,1467.9999999984866,1,Task,image_34.jpg,2.0,2Among5NoColour,red,red,Quadrant 3,16.0,3.0,9–16,3
28,141.0,1,1087.0000000030268,1,Task,image_95.jpg,5.0,2Among5Colour,red,green,Quadrant 1,75.0,1.0,65–99,6
28,142.0,1,2139.699999999953,1,Task,image_114.jpg,5.0,2Among5NoColour,green,green,Quadrant 1,59.0,1.0,33–64,5
28,143.0,3,1827.0999999970663,1,Task,image_117.jpg,5.0,2Among5NoColour,green,green,Quadrant 3,82.0,3.0,65–99,6
28,144.0,4,1863.0000000030268,0,Task,image_53.jpg,2.0,2Among5ConjRed,green,red,Quadrant 2,5.0,2.0,5–8,2
57,1.0,1,1870.1000000001804,1,Task,image_60.jpg,2.0,2Among5ConjRed,blue,green,Quadrant 1,23.0,1.0,17–32,4
57,2.0,1,3749.0,1,Task,image_66.jpg,2.0,2Among5ConjRed,red,blue,Quadrant 1,59.0,1.0,33–64,5
57,3.0,1,999.1000000002824,1,Task,image_23.jpg,2.0,2Among5Colour,red,green,Quadrant 1,75.0,1.0,65–99,6
57,4.0,2,1786.7000000001865,0,Task,image_44.jpg,2.0,2Among5NoColour,red,red,Quadrant 4,93.0,4.0,65–99,6
57,5.0,2,1826.1000000003696,0,Task,image_133.jpg,5.0,2Among5ConjRed,red,blue,Quadrant 3,20.0,3.0,17–32,4
57,6.0,4,1892.0000000001887,1,Task,image_41.jpg,2.0,2Among5NoColour,blue,blue,Quadrant 4,45.0,4.0,33–64,5
57,7.0,3,1079.6000000000931,1,Task,image_6.jpg,2.0,2Among5Colour,red,blue,Quadrant 3,7.0,3.0,5–8,2
57,8.0,2,1033.800000000003,1,Task,image_22.jpg,2.0,2Among5Colour,green,blue,Quadrant 2,65.0,2.0,65–99,6
57,9.0,3,3174.800000000003,1,Task,image_139.jpg,5.0,2Among5ConjRed,red,green,Quadrant 3,47.0,3.0,33–64,5
57,10.0,4,3743.100000000181,0,Task,image_132.jpg,5.0,2Among5ConjRed,blue,green,Quadrant 1,23.0,1.0,17–32,4
57,11.0,1,2543.1000000001804,1,Task,image_99.jpg,5.0,2Among5NoColour,blue,blue,Quadrant 1,3.0,1.0,1–4,1
57,12.0,4,1693.300000000003,0,Task,image_5.jpg,2.0,2Among5Colour,red,green,Quadrant 2,5.0,2.0,5–8,2
57,13.0,1,3331.800000000192,1,Task,image_36.jpg,2.0,2Among5NoColour,green,green,Quadrant 1,23.0,1.0,17–32,4
57,14.0,4,1485.5000000002765,1,Task,image_76.jpg,5.0,2Among5Colour,blue,green,Quadrant 4,6.0,4.0,5–8,2
57,15.0,3,3573.100000000093,0,Task,image_134.jpg,5.0,2Among5ConjRed,green,red,Quadrant 4,25.0,4.0,17–32,4
57,16.0,2,1977.699999999997,1,Task,image_53.jpg,2.0,2Among5ConjRed,green,red,Quadrant 2,5.0,2.0,5–8,2
57,17.0,1,2719.400000000184,1,Task,image_27.jpg,2.0,2Among5NoColour,blue,blue,Quadrant 1,3.0,1.0,1–4,1
57,18.0,2,2249.100000000268,1,Task,image_88.jpg,5.0,2Among5Colour,green,blue,Quadrant 2,34.0,2.0,33–64,5
57,19.0,3,1549.200000000099,1,Task,image_78.jpg,5.0,2Among5Colour,red,blue,Quadrant 3,7.0,3.0,5–8,2
57,20.0,4,1410.9000000000815,1,Task,image_17.jpg,2.0,2Among5Colour,blue,red,Quadrant 4,45.0,4.0,33–64,5
57,21.0,2,3033.700000000361,1,Task,image_64.jpg,2.0,2Among5ConjRed,red,green,Quadrant 2,34.0,2.0,33–64,5
57,22.0,3,1474.1000000000931,1,Task,image_72.jpg,5.0,2Among5Colour,red,blue,Quadrant 3,1.0,3.0,1–4,1
57,23.0,2,1278.8999999999942,1,Task,image_83.jpg,5.0,2Among5Colour,blue,green,Quadrant 2,14.0,2.0,9–16,3
57,24.0,2,1258.7000000002736,1,Task,image_1.jpg,2.0,2Among5Colour,blue,red,Quadrant 2,4.0,2.0,1–4,1
57,25.0,3,3967.200000000012,0,Task,image_107.jpg,5.0,2Among5NoColour,blue,blue,Quadrant 2,14.0,2.0,9–16,3
57,26.0,3,1926.2999999999884,1,Task,image_10.jpg,2.0,2Among5Colour,red,green,Quadrant 3,16.0,3.0,9–16,3
57,27.0,2,3967.600000000268,0,Task,image_43.jpg,2.0,2Among5NoColour,blue,blue,Quadrant 3,47.0,3.0,33–64,5
57,28.0,4,885.4000000001979,1,Task,image_14.jpg,2.0,2Among5Colour,red,green,Quadrant 4,25.0,4.0,17–32,4
57,29.0,3,3735.000000000175,0,Task,image_65.jpg,2.0,2Among5ConjRed,blue,red,Quadrant 4,45.0,4.0,33–64,5
57,30.0,1,2697.7999999999884,1,Task,image_33.jpg,2.0,2Among5NoColour,green,green,Quadrant 1,9.0,1.0,9–16,3
57,31.0,2,2598.7999999999884,1,Task,image_49.jpg,2.0,2Among5ConjRed,blue,red,Quadrant 2,4.0,2.0,1–4,1
57,32.0,3,3673.400000000285,0,Task,image_42.jpg,2.0,2Among5NoColour,green,green,Quadrant 1,59.0,1.0,33–64,5
57,33.0,2,4127.800000000105,0,Task,image_62.jpg,2.0,2Among5ConjRed,green,red,Quadrant 4,25.0,4.0,17–32,4
57,34.0,1,2644.1000000001804,1,Task,image_105.jpg,5.0,2Among5NoColour,green,green,Quadrant 1,9.0,1.0,9–16,3
57,35.0,1,2531.499999999971,1,Task,image_123.jpg,5.0,2Among5ConjRed,red,green,Quadrant 1,3.0,1.0,1–4,1
57,36.0,4,1411.7000000002736,1,Task,image_20.jpg,2.0,2Among5Colour,blue,red,Quadrant 4,93.0,4.0,65–99,6
57,37.0,2,2133.0,1,Task,image_101.jpg,5.0,2Among5NoColour,green,green,Quadrant 2,5.0,2.0,5–8,2
57,38.0,1,1799.999999999971,1,Task,image_55.jpg,2.0,2Among5ConjRed,blue,green,Quadrant 1,8.0,1.0,5–8,2
57,39.0,3,3962.400000000198,1,Task,image_69.jpg,2.0,2Among5ConjRed,blue,red,Quadrant 3,82.0,3.0,65–99,6
57,40.0,2,1810.000000000291,1,Task,image_70.jpg,2.0,2Among5ConjRed,blue,green,Quadrant 2,65.0,2.0,65–99,6
57,41.0,4,1592.200000000361,1,Task,image_122.jpg,5.0,2Among5ConjRed,red,blue,Quadrant 4,2.0,4.0,1–4,1
57,42.0,4,1868.0,1,Task,image_26.jpg,2.0,2Among5NoColour,red,red,Quadrant 4,2.0,4.0,1–4,1
57,43.0,1,4047.200000000099,0,Task,image_117.jpg,5.0,2Among5NoColour,green,green,Quadrant 3,82.0,3.0,65–99,6
57,44.0,2,1571.9000000003723,1,Task,image_73.jpg,5.0,2Among5Colour,blue,red,Quadrant 2,4.0,2.0,1–4,1
57,45.0,3,3914.7000000002736,0,Task,image_119.jpg,5.0,2Among5NoColour,blue,blue,Quadrant 1,75.0,1.0,65–99,6
57,46.0,3,1623.3000000001048,1,Task,image_0.jpg,2.0,2Among5Colour,red,blue,Quadrant 3,1.0,3.0,1–4,1
57,47.0,3,3203.4000000003725,1,Task,image_141.jpg,5.0,2Among5ConjRed,blue,red,Quadrant 3,82.0,3.0,65–99,6
57,48.0,3,2787.200000000099,1,Task,image_102.jpg,5.0,2Among5NoColour,blue,blue,Quadrant 3,7.0,3.0,5–8,2
57,49.0,3,2424.400000000285,1,Task,image_126.jpg,5.0,2Among5ConjRed,green,red,Quadrant 3,7.0,3.0,5–8,2
57,50.0,4,2990.600000000093,1,Task,image_100.jpg,5.0,2Among5NoColour,red,red,Quadrant 4,6.0,4.0,5–8,2
57,51.0,3,1966.7000000001865,1,Task,image_82.jpg,5.0,2Among5Colour,red,green,Quadrant 3,16.0,3.0,9–16,3
57,52.0,3,1774.000000000291,1,Task,image_96.jpg,5.0,2Among5NoColour,green,green,Quadrant 3,1.0,3.0,1–4,1
57,53.0,3,2928.700000000099,1,Task,image_115.jpg,5.0,2Among5NoColour,blue,blue,Quadrant 3,47.0,3.0,33–64,5
57,54.0,2,1845.700000000012,1,Task,image_11.jpg,2.0,2Among5Colour,blue,green,Quadrant 2,14.0,2.0,9–16,3
57,55.0,4,1309.1000000000931,1,Task,image_4.jpg,2.0,2Among5Colour,blue,green,Quadrant 4,6.0,4.0,5–8,2
57,56.0,3,2791.9000000003725,1,Task,image_58.jpg,2.0,2Among5ConjRed,red,green,Quadrant 3,16.0,3.0,9–16,3
57,57.0,1,4004.899999999994,0,Task,image_68.jpg,2.0,2Among5ConjRed,green,red,Quadrant 4,93.0,4.0,65–99,6
57,58.0,3,3989.300000000163,0,Task,image_142.jpg,5.0,2Among5ConjRed,blue,green,Quadrant 2,65.0,2.0,65–99,6
57,59.0,4,1264.1000000002095,1,Task,image_89.jpg,5.0,2Among5Colour,blue,red,Quadrant 4,45.0,4.0,33–64,5
57,60.0,1,1598.4000000003723,1,Task,image_3.jpg,2.0,2Among5Colour,green,blue,Quadrant 1,3.0,1.0,1–4,1
57,61.0,1,1735.0999999999767,1,Task,image_18.jpg,2.0,2Among5Colour,red,blue,Quadrant 1,59.0,1.0,33–64,5
57,62.0,3,3047.9000000003725,1,Task,image_67.jpg,2.0,2Among5ConjRed,red,green,Quadrant 3,47.0,3.0,33–64,5
57,63.0,2,1573.3000000003958,1,Task,image_121.jpg,5.0,2Among5ConjRed,blue,red,Quadrant 2,4.0,2.0,1–4,1
57,64.0,3,3913.299999999989,0,Task,image_46.jpg,2.0,2Among5NoColour,red,red,Quadrant 2,65.0,2.0,65–99,6
57,65.0,2,1823.7000000001865,1,Task,image_63.jpg,2.0,2Among5ConjRed,green,blue,Quadrant 2,26.0,2.0,17–32,4
57,66.0,3,2865.5999999999767,1,Task,image_54.jpg,2.0,2Among5ConjRed,green,red,Quadrant 3,7.0,3.0,5–8,2
57,67.0,2,3598.800000000396,0,Task,image_110.jpg,5.0,2Among5NoColour,red,red,Quadrant 4,25.0,4.0,17–32,4
57,68.0,4,2974.800000000396,1,Task,image_137.jpg,5.0,2Among5ConjRed,blue,red,Quadrant 4,45.0,4.0,33–64,5
57,69.0,1,1754.400000000256,1,Task,image_57.jpg,2.0,2Among5ConjRed,red,blue,Quadrant 1,9.0,1.0,9–16,3
57,70.0,1,3137.400000000256,1,Task,image_71.jpg,2.0,2Among5ConjRed,green,blue,Quadrant 1,75.0,1.0,65–99,6
57,71.0,1,3363.0,0,Task,image_135.jpg,5.0,2Among5ConjRed,green,blue,Quadrant 2,26.0,2.0,17–32,4
57,72.0,4,3996.6000000002095,0,Task,image_118.jpg,5.0,2Among5NoColour,red,red,Quadrant 2,65.0,2.0,65–99,6
57,73.0,4,1110.5000000001746,1,Task,image_8.jpg,2.0,2Among5Colour,blue,red,Quadrant 4,15.0,4.0,9–16,3
57,74.0,4,1380.2000000001865,1,Task,image_92.jpg,5.0,2Among5Colour,blue,red,Quadrant 4,93.0,4.0,65–99,6
57,75.0,1,3784.900000000373,0,Task,image_45.jpg,2.0,2Among5NoColour,green,green,Quadrant 3,82.0,3.0,65–99,6
57,76.0,1,1147.9000000000233,1,Task,image_7.jpg,2.0,2Among5Colour,green,red,Quadrant 1,8.0,1.0,5–8,2
57,77.0,4,985.0000000003492,1,Task,image_86.jpg,5.0,2Among5Colour,red,green,Quadrant 4,25.0,4.0,17–32,4
57,78.0,2,1886.000000000291,1,Task,image_40.jpg,2.0,2Among5NoColour,red,red,Quadrant 2,34.0,2.0,33–64,5
57,79.0,3,2486.2000000003027,1,Task,image_130.jpg,5.0,2Among5ConjRed,red,green,Quadrant 3,16.0,3.0,9–16,3
57,80.0,3,1674.400000000198,1,Task,image_48.jpg,2.0,2Among5ConjRed,blue,green,Quadrant 3,1.0,3.0,1–4,1
57,81.0,2,1227.900000000198,1,Task,image_94.jpg,5.0,2Among5Colour,green,blue,Quadrant 2,65.0,2.0,65–99,6
57,82.0,1,1257.7999999999884,1,Task,image_9.jpg,2.0,2Among5Colour,green,blue,Quadrant 1,9.0,1.0,9–16,3
57,83.0,3,1452.9000000000233,1,Task,image_85.jpg,5.0,2Among5Colour,green,red,Quadrant 3,20.0,3.0,17–32,4
57,84.0,1,1273.5,1,Task,image_75.jpg,5.0,2Among5Colour,green,blue,Quadrant 1,3.0,1.0,1–4,1
57,85.0,3,3503.300000000396,0,Task,image_47.jpg,2.0,2Among5NoColour,blue,blue,Quadrant 1,75.0,1.0,65–99,6
57,86.0,1,2787.0000000001746,1,Task,image_108.jpg,5.0,2Among5NoColour,green,green,Quadrant 1,23.0,1.0,17–32,4
57,87.0,1,2449.900000000024,1,Task,image_51.jpg,2.0,2Among5ConjRed,red,green,Quadrant 1,3.0,1.0,1–4,1
57,88.0,4,2813.70000000007,1,Task,image_124.jpg,5.0,2Among5ConjRed,green,blue,Quadrant 4,6.0,4.0,5–8,2
57,89.0,3,3634.200000000012,0,Task,image_116.jpg,5.0,2Among5NoColour,red,red,Quadrant 4,93.0,4.0,65–99,6
57,90.0,4,2513.2000000001863,1,Task,image_28.jpg,2.0,2Among5NoColour,red,red,Quadrant 4,6.0,4.0,5–8,2
57,91.0,2,3921.000000000291,1,Task,image_39.jpg,2.0,2Among5NoColour,green,green,Quadrant 2,26.0,2.0,17–32,4
57,92.0,1,3226.300000000396,1,Task,image_138.jpg,5.0,2Among5ConjRed,red,blue,Quadrant 1,59.0,1.0,33–64,5
57,93.0,1,2868.0,1,Task,image_129.jpg,5.0,2Among5ConjRed,red,blue,Quadrant 1,9.0,1.0,9–16,3
57,94.0,3,1372.900000000256,1,Task,image_91.jpg,5.0,2Among5Colour,green,red,Quadrant 3,47.0,3.0,33–64,5
57,95.0,2,2202.100000000093,1,Task,image_136.jpg,5.0,2Among5ConjRed,red,green,Quadrant 2,34.0,2.0,33–64,5
57,96.0,1,985.1000000003842,1,Task,image_90.jpg,5.0,2Among5Colour,red,blue,Quadrant 1,59.0,1.0,33–64,5
57,97.0,2,1535.9000000000233,1,Task,image_77.jpg,5.0,2Among5Colour,red,green,Quadrant 2,5.0,2.0,5–8,2
57,98.0,4,1237.000000000291,1,Task,image_80.jpg,5.0,2Among5Colour,blue,red,Quadrant 4,15.0,4.0,9–16,3
57,99.0,2,2049.0000000001164,1,Task,image_25.jpg,2.0,2Among5NoColour,blue,blue,Quadrant 2,4.0,2.0,1–4,1
57,100.0,3,3274.0000000001746,1,Task,image_61.jpg,2.0,2Among5ConjRed,red,blue,Quadrant 3,20.0,3.0,17–32,4
57,101.0,3,4028.1000000002095,1,Task,image_109.jpg,5.0,2Among5NoColour,blue,blue,Quadrant 3,20.0,3.0,17–32,4
57,102.0,2,931.0999999999768,1,Task,image_16.jpg,2.0,2Among5Colour,green,blue,Quadrant 2,34.0,2.0,33–64,5
57,103.0,4,2512.3000000002794,1,Task,image_38.jpg,2.0,2Among5NoColour,red,red,Quadrant 4,25.0,4.0,17–32,4
57,104.0,2,3795.70000000007,1,Task,image_111.jpg,5.0,2Among5NoColour,green,green,Quadrant 2,26.0,2.0,17–32,4
57,105.0,1,4272.100000000384,0,Task,image_35.jpg,2.0,2Among5NoColour,blue,blue,Quadrant 2,14.0,2.0,9–16,3
57,106.0,4,3187.100000000209,1,Task,image_56.jpg,2.0,2Among5ConjRed,green,blue,Quadrant 4,15.0,4.0,9–16,3
57,107.0,3,901.0000000001746,1,Task,image_120.jpg,5.0,2Among5ConjRed,blue,green,Quadrant 3,1.0,3.0,1–4,1
57,108.0,2,1059.6000000002095,1,Task,image_87.jpg,5.0,2Among5Colour,blue,green,Quadrant 2,26.0,2.0,17–32,4
57,109.0,4,2336.000000000349,1,Task,image_52.jpg,2.0,2Among5ConjRed,green,blue,Quadrant 4,6.0,4.0,5–8,2
57,110.0,3,1368.7999999999884,1,Task,image_21.jpg,2.0,2Among5Colour,blue,green,Quadrant 3,82.0,3.0,65–99,6
57,111.0,2,3522.500000000349,0,Task,image_140.jpg,5.0,2Among5ConjRed,green,red,Quadrant 4,93.0,4.0,65–99,6
57,112.0,3,838.8000000001048,1,Task,image_19.jpg,2.0,2Among5Colour,green,red,Quadrant 3,47.0,3.0,33–64,5
57,113.0,4,1665.1999999999534,1,Task,image_50.jpg,2.0,2Among5ConjRed,red,blue,Quadrant 4,2.0,4.0,1–4,1
57,114.0,1,3873.000000000175,0,Task,image_32.jpg,2.0,2Among5NoColour,red,red,Quadrant 4,15.0,4.0,9–16,3
57,115.0,1,3264.700000000361,1,Task,image_31.jpg,2.0,2Among5NoColour,green,green,Quadrant 1,8.0,1.0,5–8,2
57,116.0,2,3837.5999999999767,0,Task,image_79.jpg,5.0,2Among5Colour,green,red,Quadrant 1,8.0,1.0,5–8,2
57,117.0,3,2649.600000000384,1,Task,image_13.jpg,2.0,2Among5Colour,green,red,Quadrant 3,20.0,3.0,17–32,4
57,118.0,2,1837.0,1,Task,image_15.jpg,2.0,2Among5Colour,blue,green,Quadrant 2,26.0,2.0,17–32,4
57,119.0,4,2386.900000000081,1,Task,image_128.jpg,5.0,2Among5ConjRed,green,blue,Quadrant 4,15.0,4.0,9–16,3
57,120.0,2,2487.700000000012,1,Task,image_59.jpg,2.0,2Among5ConjRed,blue,red,Quadrant 2,14.0,2.0,9–16,3
57,121.0,1,1325.0000000003492,1,Task,image_84.jpg,5.0,2Among5Colour,red,blue,Quadrant 1,23.0,1.0,17–32,4
57,122.0,4,1479.9000000000815,1,Task,image_2.jpg,2.0,2Among5Colour,green,red,Quadrant 4,2.0,4.0,1–4,1
57,123.0,3,1484.5,1,Task,image_24.jpg,2.0,2Among5NoColour,green,green,Quadrant 3,1.0,3.0,1–4,1
57,124.0,2,1422.4000000000815,1,Task,image_97.jpg,5.0,2Among5NoColour,blue,blue,Quadrant 2,4.0,2.0,1–4,1
57,125.0,4,3751.300000000163,1,Task,image_74.jpg,5.0,2Among5Colour,green,red,Quadrant 4,2.0,4.0,1–4,1
57,126.0,1,3984.800000000396,0,Task,image_104.jpg,5.0,2Among5NoColour,red,red,Quadrant 4,15.0,4.0,9–16,3
57,127.0,1,1347.9000000003723,1,Task,image_12.jpg,2.0,2Among5Colour,red,blue,Quadrant 1,23.0,1.0,17–32,4
57,128.0,2,2460.400000000081,1,Task,image_29.jpg,2.0,2Among5NoColour,green,green,Quadrant 2,5.0,2.0,5–8,2
57,129.0,3,1932.4000000000813,1,Task,image_93.jpg,5.0,2Among5Colour,blue,green,Quadrant 3,82.0,3.0,65–99,6
57,130.0,4,4797.999999999942,1,Task,image_113.jpg,5.0,2Among5NoColour,blue,blue,Quadrant 4,45.0,4.0,33–64,5
57,131.0,2,2798.600000000093,1,Task,image_112.jpg,5.0,2Among5NoColour,red,red,Quadrant 2,34.0,2.0,33–64,5
57,132.0,2,3961.6000000002095,1,Task,image_131.jpg,5.0,2Among5ConjRed,blue,red,Quadrant 2,14.0,2.0,9–16,3
57,133.0,2,3145.100000000268,1,Task,image_125.jpg,5.0,2Among5ConjRed,green,red,Quadrant 2,5.0,2.0,5–8,2
57,134.0,1,3621.1000000002095,0,Task,image_37.jpg,2.0,2Among5NoColour,blue,blue,Quadrant 3,20.0,3.0,17–32,4
57,135.0,2,4086.1000000002095,0,Task,image_106.jpg,5.0,2Among5NoColour,red,red,Quadrant 3,16.0,3.0,9–16,3
57,136.0,1,1488.0999999999767,1,Task,image_81.jpg,5.0,2Among5Colour,green,blue,Quadrant 1,9.0,1.0,9–16,3
57,137.0,1,3713.40000000014,1,Task,image_114.jpg,5.0,2Among5NoColour,green,green,Quadrant 1,59.0,1.0,33–64,5
57,138.0,3,2771.900000000256,1,Task,image_30.jpg,2.0,2Among5NoColour,blue,blue,Quadrant 3,7.0,3.0,5–8,2
57,139.0,4,2813.500000000233,1,Task,image_98.jpg,5.0,2Among5NoColour,red,red,Quadrant 4,2.0,4.0,1–4,1
57,140.0,3,3797.6000000002095,0,Task,image_127.jpg,5.0,2Among5ConjRed,blue,green,Quadrant 1,8.0,1.0,5–8,2
57,141.0,1,886.0000000002328,1,Task,image_95.jpg,5.0,2Among5Colour,red,green,Quadrant 1,75.0,1.0,65–99,6
57,142.0,1,1973.1999999999528,1,Task,image_143.jpg,5.0,2Among5ConjRed,green,blue,Quadrant 1,75.0,1.0,65–99,6
57,143.0,3,2327.000000000233,1,Task,image_34.jpg,2.0,2Among5NoColour,red,red,Quadrant 3,16.0,3.0,9–16,3
57,144.0,1,2282.000000000233,1,Task,image_103.jpg,5.0,2Among5NoColour,green,green,Quadrant 1,8.0,1.0,5–8,2
42,1.0,2,3255.5,1,Task,image_63.jpg,2.0,2Among5ConjRed,green,blue,Quadrant 2,26.0,2.0,17–32,4
42,2.0,3,2211.700000190758,1,Task,image_37.jpg,2.0,2Among5NoColour,blue,blue,Quadrant 3,20.0,3.0,17–32,4
42,3.0,2,3036.199999999953,1,Task,image_136.jpg,5.0,2Among5ConjRed,red,green,Quadrant 2,34.0,2.0,33–64,5
42,4.0,2,3198.600000190781,1,Task,image_35.jpg,2.0,2Among5NoColour,blue,blue,Quadrant 2,14.0,2.0,9–16,3
42,5.0,2,1782.6999999999534,1,Task,image_15.jpg,2.0,2Among5Colour,blue,green,Quadrant 2,26.0,2.0,17–32,4
42,6.0,4,1659.0000002861489,1,Task,image_92.jpg,5.0,2Among5Colour,blue,red,Quadrant 4,93.0,4.0,65–99,6
42,7.0,3,1621.9000001907116,1,Task,image_126.jpg,5.0,2Among5ConjRed,green,red,Quadrant 3,7.0,3.0,5–8,2
42,8.0,1,3270.799999904586,1,Task,image_33.jpg,2.0,2Among5NoColour,green,green,Quadrant 1,9.0,1.0,9–16,3
42,9.0,4,2196.200000095414,0,Task,image_109.jpg,5.0,2Among5NoColour,blue,blue,Quadrant 3,20.0,3.0,17–32,4
42,10.0,2,2652.900000286056,0,Task,image_119.jpg,5.0,2Among5NoColour,blue,blue,Quadrant 1,75.0,1.0,65–99,6
42,11.0,2,2472.900000286056,1,Task,image_64.jpg,2.0,2Among5ConjRed,red,green,Quadrant 2,34.0,2.0,33–64,5
42,12.0,3,2855.299999904586,1,Task,image_130.jpg,5.0,2Among5ConjRed,red,green,Quadrant 3,16.0,3.0,9–16,3
42,13.0,3,2172.2000002861023,1,Task,image_91.jpg,5.0,2Among5Colour,green,red,Quadrant 3,47.0,3.0,33–64,5
42,14.0,2,1764.9000001907116,1,Task,image_16.jpg,2.0,2Among5Colour,green,blue,Quadrant 2,34.0,2.0,33–64,5
42,15.0,3,2549.800000000163,0,Task,image_116.jpg,5.0,2Among5NoColour,red,red,Quadrant 4,93.0,4.0,65–99,6
42,16.0,2,2631.099999904633,0,Task,image_104.jpg,5.0,2Among5NoColour,red,red,Quadrant 4,15.0,4.0,9–16,3
42,17.0,2,2791.800000190735,1,Task,image_101.jpg,5.0,2Among5NoColour,green,green,Quadrant 2,5.0,2.0,5–8,2
42,18.0,1,2533.399999999907,1,Task,image_90.jpg,5.0,2Among5Colour,red,blue,Quadrant 1,59.0,1.0,33–64,5
42,19.0,4,1688.5000001906883,1,Task,image_8.jpg,2.0,2Among5Colour,blue,red,Quadrant 4,15.0,4.0,9–16,3
42,20.0,4,3161.0999999999767,1,Task,image_68.jpg,2.0,2Among5ConjRed,green,red,Quadrant 4,93.0,4.0,65–99,6
42,21.0,4,3500.0,1,Task,image_62.jpg,2.0,2Among5ConjRed,green,red,Quadrant 4,25.0,4.0,17–32,4
42,22.0,2,1399.200000190758,1,Task,image_22.jpg,2.0,2Among5Colour,green,blue,Quadrant 2,65.0,2.0,65–99,6
42,23.0,1,1877.8000000000463,1,Task,image_57.jpg,2.0,2Among5ConjRed,red,blue,Quadrant 1,9.0,1.0,9–16,3
42,24.0,3,2658.7000002861023,1,Task,image_69.jpg,2.0,2Among5ConjRed,blue,red,Quadrant 3,82.0,3.0,65–99,6
42,25.0,2,3109.8000000000466,0,Task,image_55.jpg,2.0,2Among5ConjRed,blue,green,Quadrant 1,8.0,1.0,5–8,2
42,26.0,3,2690.400000095367,1,Task,image_67.jpg,2.0,2Among5ConjRed,red,green,Quadrant 3,47.0,3.0,33–64,5
42,27.0,2,2739.5,1,Task,image_111.jpg,5.0,2Among5NoColour,green,green,Quadrant 2,26.0,2.0,17–32,4
42,28.0,2,1937.7000002861023,1,Task,image_49.jpg,2.0,2Among5ConjRed,blue,red,Quadrant 2,4.0,2.0,1–4,1
42,29.0,2,1825.4000000000235,0,Task,image_138.jpg,5.0,2Among5ConjRed,red,blue,Quadrant 1,59.0,1.0,33–64,5
42,30.0,3,3221.800000190735,0,Task,image_44.jpg,2.0,2Among5NoColour,red,red,Quadrant 4,93.0,4.0,65–99,6
42,31.0,3,1351.5000001906883,1,Task,image_19.jpg,2.0,2Among5Colour,green,red,Quadrant 3,47.0,3.0,33–64,5
42,32.0,1,2753.0,1,Task,image_132.jpg,5.0,2Among5ConjRed,blue,green,Quadrant 1,23.0,1.0,17–32,4
42,33.0,1,2920.3000000000466,1,Task,image_27.jpg,2.0,2Among5NoColour,blue,blue,Quadrant 1,3.0,1.0,1–4,1
42,34.0,3,1767.999999904656,1,Task,image_13.jpg,2.0,2Among5Colour,green,red,Quadrant 3,20.0,3.0,17–32,4
42,35.0,4,1945.7000002861023,1,Task,image_76.jpg,5.0,2Among5Colour,blue,green,Quadrant 4,6.0,4.0,5–8,2
42,36.0,1,2535.900000190712,1,Task,image_127.jpg,5.0,2Among5ConjRed,blue,green,Quadrant 1,8.0,1.0,5–8,2
42,37.0,3,2633.300000190735,0,Task,image_140.jpg,5.0,2Among5ConjRed,green,red,Quadrant 4,93.0,4.0,65–99,6
42,38.0,2,1425.1999999046093,1,Task,image_88.jpg,5.0,2Among5Colour,green,blue,Quadrant 2,34.0,2.0,33–64,5
42,39.0,4,2166.800000000163,1,Task,image_98.jpg,5.0,2Among5NoColour,red,red,Quadrant 4,2.0,4.0,1–4,1
42,40.0,3,1749.9000000001397,0,Task,image_50.jpg,2.0,2Among5ConjRed,red,blue,Quadrant 4,2.0,4.0,1–4,1
42,41.0,4,1753.200000190758,1,Task,image_89.jpg,5.0,2Among5Colour,blue,red,Quadrant 4,45.0,4.0,33–64,5
42,42.0,1,1724.0000002861489,1,Task,image_18.jpg,2.0,2Among5Colour,red,blue,Quadrant 1,59.0,1.0,33–64,5
42,43.0,4,1596.3000001907349,1,Task,image_4.jpg,2.0,2Among5Colour,blue,green,Quadrant 4,6.0,4.0,5–8,2
42,44.0,1,2657.499999904656,1,Task,image_42.jpg,2.0,2Among5NoColour,green,green,Quadrant 1,59.0,1.0,33–64,5
42,45.0,4,3184.5,0,Task,image_112.jpg,5.0,2Among5NoColour,red,red,Quadrant 2,34.0,2.0,33–64,5
42,46.0,3,2532.600000190781,1,Task,image_102.jpg,5.0,2Among5NoColour,blue,blue,Quadrant 3,7.0,3.0,5–8,2
42,47.0,2,1752.9000001907116,1,Task,image_1.jpg,2.0,2Among5Colour,blue,red,Quadrant 2,4.0,2.0,1–4,1
42,48.0,3,1521.799999904586,1,Task,image_54.jpg,2.0,2Among5ConjRed,green,red,Quadrant 3,7.0,3.0,5–8,2
42,49.0,2,1607.3000000000466,1,Task,image_87.jpg,5.0,2Among5Colour,blue,green,Quadrant 2,26.0,2.0,17–32,4
42,50.0,1,3574.699999999953,0,Task,image_142.jpg,5.0,2Among5ConjRed,blue,green,Quadrant 2,65.0,2.0,65–99,6
42,51.0,3,1289.999999904656,1,Task,image_78.jpg,5.0,2Among5Colour,red,blue,Quadrant 3,7.0,3.0,5–8,2
42,52.0,2,1077.200000095414,1,Task,image_94.jpg,5.0,2Among5Colour,green,blue,Quadrant 2,65.0,2.0,65–99,6
42,53.0,2,3056.700000190758,1,Task,image_118.jpg,5.0,2Among5NoColour,red,red,Quadrant 2,65.0,2.0,65–99,6
42,54.0,3,2643.200000095414,0,Task,image_31.jpg,2.0,2Among5NoColour,green,green,Quadrant 1,8.0,1.0,5–8,2
42,55.0,1,1452.3999999046791,1,Task,image_9.jpg,2.0,2Among5Colour,green,blue,Quadrant 1,9.0,1.0,9–16,3
42,56.0,1,3826.099999904633,0,Task,image_38.jpg,2.0,2Among5NoColour,red,red,Quadrant 4,25.0,4.0,17–32,4
42,57.0,3,3816.000000095344,0,Task,image_135.jpg,5.0,2Among5ConjRed,green,blue,Quadrant 2,26.0,2.0,17–32,4
42,58.0,1,1478.4000000953674,1,Task,image_84.jpg,5.0,2Among5Colour,red,blue,Quadrant 1,23.0,1.0,17–32,4
42,59.0,1,1614.0,1,Task,image_81.jpg,5.0,2Among5Colour,green,blue,Quadrant 1,9.0,1.0,9–16,3
42,60.0,4,2201.700000190758,1,Task,image_26.jpg,2.0,2Among5NoColour,red,red,Quadrant 4,2.0,4.0,1–4,1
42,61.0,1,1305.799999904586,1,Task,image_23.jpg,2.0,2Among5Colour,red,green,Quadrant 1,75.0,1.0,65–99,6
42,62.0,4,1037.7000002861023,1,Task,image_14.jpg,2.0,2Among5Colour,red,green,Quadrant 4,25.0,4.0,17–32,4
42,63.0,2,1209.499999904656,1,Task,image_73.jpg,5.0,2Among5Colour,blue,red,Quadrant 2,4.0,2.0,1–4,1
42,64.0,4,2020.700000095414,1,Task,image_52.jpg,2.0,2Among5ConjRed,green,blue,Quadrant 4,6.0,4.0,5–8,2
42,65.0,1,1604.700000190758,1,Task,image_79.jpg,5.0,2Among5Colour,green,red,Quadrant 1,8.0,1.0,5–8,2
42,66.0,4,1266.7000000000698,1,Task,image_74.jpg,5.0,2Among5Colour,green,red,Quadrant 4,2.0,4.0,1–4,1
42,67.0,2,1278.3000001907349,1,Task,image_5.jpg,2.0,2Among5Colour,red,green,Quadrant 2,5.0,2.0,5–8,2
42,68.0,2,2352.400000190712,1,Task,image_97.jpg,5.0,2Among5NoColour,blue,blue,Quadrant 2,4.0,2.0,1–4,1
42,69.0,1,3516.899999999907,1,Task,image_108.jpg,5.0,2Among5NoColour,green,green,Quadrant 1,23.0,1.0,17–32,4
42,70.0,2,2419.299999904586,1,Task,image_29.jpg,2.0,2Among5NoColour,green,green,Quadrant 2,5.0,2.0,5–8,2
42,71.0,1,1895.300000286079,1,Task,image_105.jpg,5.0,2Among5NoColour,green,green,Quadrant 1,9.0,1.0,9–16,3
42,72.0,4,4231.300000000047,0,Task,image_39.jpg,2.0,2Among5NoColour,green,green,Quadrant 2,26.0,2.0,17–32,4
42,73.0,4,3794.099999904633,1,Task,image_134.jpg,5.0,2Among5ConjRed,green,red,Quadrant 4,25.0,4.0,17–32,4
42,74.0,3,1597.9000000000233,1,Task,image_72.jpg,5.0,2Among5Colour,red,blue,Quadrant 3,1.0,3.0,1–4,1
42,75.0,2,2709.000000286149,1,Task,image_107.jpg,5.0,2Among5NoColour,blue,blue,Quadrant 2,14.0,2.0,9–16,3
42,76.0,4,1349.0999999999767,1,Task,image_20.jpg,2.0,2Among5Colour,blue,red,Quadrant 4,93.0,4.0,65–99,6
42,77.0,2,3189.400000286056,1,Task,image_121.jpg,5.0,2Among5ConjRed,blue,red,Quadrant 2,4.0,2.0,1–4,1
42,78.0,1,1008.8000001907347,1,Task,image_3.jpg,2.0,2Among5Colour,green,blue,Quadrant 1,3.0,1.0,1–4,1
42,79.0,3,2622.900000095367,1,Task,image_141.jpg,5.0,2Among5ConjRed,blue,red,Quadrant 3,82.0,3.0,65–99,6
42,80.0,2,2627.2000002861023,1,Task,image_131.jpg,5.0,2Among5ConjRed,blue,red,Quadrant 2,14.0,2.0,9–16,3
42,81.0,4,1939.000000095344,1,Task,image_80.jpg,5.0,2Among5Colour,blue,red,Quadrant 4,15.0,4.0,9–16,3
42,82.0,3,1146.0999999999767,1,Task,image_93.jpg,5.0,2Among5Colour,blue,green,Quadrant 3,82.0,3.0,65–99,6
42,83.0,3,3163.000000095344,1,Task,image_106.jpg,5.0,2Among5NoColour,red,red,Quadrant 3,16.0,3.0,9–16,3
42,84.0,3,1962.200000190758,1,Task,image_24.jpg,2.0,2Among5NoColour,green,green,Quadrant 3,1.0,3.0,1–4,1
42,85.0,1,1868.900000286056,1,Task,image_129.jpg,5.0,2Among5ConjRed,red,blue,Quadrant 1,9.0,1.0,9–16,3
42,86.0,3,1810.700000095414,1,Task,image_48.jpg,2.0,2Among5ConjRed,blue,green,Quadrant 3,1.0,3.0,1–4,1
42,87.0,2,1097.800000286079,1,Task,image_83.jpg,5.0,2Among5Colour,blue,green,Quadrant 2,14.0,2.0,9–16,3
42,88.0,3,2010.5999999999767,1,Task,image_6.jpg,2.0,2Among5Colour,red,blue,Quadrant 3,7.0,3.0,5–8,2
42,89.0,4,2414.999999904656,1,Task,image_122.jpg,5.0,2Among5ConjRed,red,blue,Quadrant 4,2.0,4.0,1–4,1
42,90.0,1,3753.800000286079,1,Task,image_66.jpg,2.0,2Among5ConjRed,red,blue,Quadrant 1,59.0,1.0,33–64,5
42,91.0,2,3399.7000002861023,0,Task,image_117.jpg,5.0,2Among5NoColour,green,green,Quadrant 3,82.0,3.0,65–99,6
42,92.0,3,3113.899999904679,1,Task,image_85.jpg,5.0,2Among5Colour,green,red,Quadrant 3,20.0,3.0,17–32,4
42,93.0,1,1214.6000000953209,1,Task,image_75.jpg,5.0,2Among5Colour,green,blue,Quadrant 1,3.0,1.0,1–4,1
42,94.0,2,3230.900000095367,0,Task,image_41.jpg,2.0,2Among5NoColour,blue,blue,Quadrant 4,45.0,4.0,33–64,5
42,95.0,3,1861.0000001906883,1,Task,image_82.jpg,5.0,2Among5Colour,red,green,Quadrant 3,16.0,3.0,9–16,3
42,96.0,3,1306.700000190758,1,Task,image_10.jpg,2.0,2Among5Colour,red,green,Quadrant 3,16.0,3.0,9–16,3
42,97.0,2,2867.900000000024,0,Task,image_137.jpg,5.0,2Among5ConjRed,blue,red,Quadrant 4,45.0,4.0,33–64,5
42,98.0,4,3829.300000190735,1,Task,image_124.jpg,5.0,2Among5ConjRed,green,blue,Quadrant 4,6.0,4.0,5–8,2
42,99.0,4,1461.4000001907116,1,Task,image_86.jpg,5.0,2Among5Colour,red,green,Quadrant 4,25.0,4.0,17–32,4
42,100.0,4,2717.999999904656,1,Task,image_32.jpg,2.0,2Among5NoColour,red,red,Quadrant 4,15.0,4.0,9–16,3
42,101.0,1,3062.0999999999767,1,Task,image_103.jpg,5.0,2Among5NoColour,green,green,Quadrant 1,8.0,1.0,5–8,2
42,102.0,3,1999.1000002861256,1,Task,image_96.jpg,5.0,2Among5NoColour,green,green,Quadrant 3,1.0,3.0,1–4,1
42,103.0,2,3585.8000000953907,0,Task,image_61.jpg,2.0,2Among5ConjRed,red,blue,Quadrant 3,20.0,3.0,17–32,4
42,104.0,1,2999.500000286149,1,Task,image_7.jpg,2.0,2Among5Colour,green,red,Quadrant 1,8.0,1.0,5–8,2
42,105.0,1,1364.5000001906883,1,Task,image_12.jpg,2.0,2Among5Colour,red,blue,Quadrant 1,23.0,1.0,17–32,4
42,106.0,4,2509.800000286079,0,Task,image_143.jpg,5.0,2Among5ConjRed,green,blue,Quadrant 1,75.0,1.0,65–99,6
42,107.0,3,3735.200000095414,1,Task,image_30.jpg,2.0,2Among5NoColour,blue,blue,Quadrant 3,7.0,3.0,5–8,2
42,108.0,2,3666.500000190688,0,Task,image_113.jpg,5.0,2Among5NoColour,blue,blue,Quadrant 4,45.0,4.0,33–64,5
42,109.0,4,3555.300000190735,0,Task,image_115.jpg,5.0,2Among5NoColour,blue,blue,Quadrant 3,47.0,3.0,33–64,5
42,110.0,1,2214.5,1,Task,image_123.jpg,5.0,2Among5ConjRed,red,green,Quadrant 1,3.0,1.0,1–4,1
42,111.0,1,3073.400000286056,1,Task,image_47.jpg,2.0,2Among5NoColour,blue,blue,Quadrant 1,75.0,1.0,65–99,6
42,112.0,2,1697.3000000000466,1,Task,image_77.jpg,5.0,2Among5Colour,red,green,Quadrant 2,5.0,2.0,5–8,2
42,113.0,2,2042.900000286056,1,Task,image_59.jpg,2.0,2Among5ConjRed,blue,red,Quadrant 2,14.0,2.0,9–16,3
42,114.0,1,2024.5000001906883,1,Task,image_95.jpg,5.0,2Among5Colour,red,green,Quadrant 1,75.0,1.0,65–99,6
42,115.0,2,3951.4000000000233,0,Task,image_71.jpg,2.0,2Among5ConjRed,green,blue,Quadrant 1,75.0,1.0,65–99,6
42,116.0,1,3471.500000095344,0,Task,image_46.jpg,2.0,2Among5NoColour,red,red,Quadrant 2,65.0,2.0,65–99,6
42,117.0,3,1373.0000001906883,1,Task,image_21.jpg,2.0,2Among5Colour,blue,green,Quadrant 3,82.0,3.0,65–99,6
42,118.0,4,3622.000000286149,1,Task,image_128.jpg,5.0,2Among5ConjRed,green,blue,Quadrant 4,15.0,4.0,9–16,3
42,119.0,4,3620.300000190735,1,Task,image_100.jpg,5.0,2Among5NoColour,red,red,Quadrant 4,6.0,4.0,5–8,2
42,120.0,2,2603.400000190712,1,Task,image_53.jpg,2.0,2Among5ConjRed,green,red,Quadrant 2,5.0,2.0,5–8,2
42,121.0,2,2383.400000095367,1,Task,image_25.jpg,2.0,2Among5NoColour,blue,blue,Quadrant 2,4.0,2.0,1–4,1
42,122.0,3,2723.599999904633,1,Task,image_139.jpg,5.0,2Among5ConjRed,red,green,Quadrant 3,47.0,3.0,33–64,5
42,123.0,4,4087.000000190688,1,Task,image_56.jpg,2.0,2Among5ConjRed,green,blue,Quadrant 4,15.0,4.0,9–16,3
42,124.0,1,2581.900000095367,1,Task,image_99.jpg,5.0,2Among5NoColour,blue,blue,Quadrant 1,3.0,1.0,1–4,1
42,125.0,2,3416.500000286149,1,Task,image_70.jpg,2.0,2Among5ConjRed,blue,green,Quadrant 2,65.0,2.0,65–99,6
42,126.0,3,2978.000000095344,1,Task,image_34.jpg,2.0,2Among5NoColour,red,red,Quadrant 3,16.0,3.0,9–16,3
42,127.0,2,3012.0999999999767,1,Task,image_40.jpg,2.0,2Among5NoColour,red,red,Quadrant 2,34.0,2.0,33–64,5
42,128.0,4,3699.399999904679,0,Task,image_45.jpg,2.0,2Among5NoColour,green,green,Quadrant 3,82.0,3.0,65–99,6
42,129.0,1,4122.200000095414,0,Task,image_43.jpg,2.0,2Among5NoColour,blue,blue,Quadrant 3,47.0,3.0,33–64,5
42,130.0,4,1855.900000190712,1,Task,image_2.jpg,2.0,2Among5Colour,green,red,Quadrant 4,2.0,4.0,1–4,1
42,131.0,1,1781.200000095414,1,Task,image_51.jpg,2.0,2Among5ConjRed,red,green,Quadrant 1,3.0,1.0,1–4,1
42,132.0,1,2568.400000000024,1,Task,image_114.jpg,5.0,2Among5NoColour,green,green,Quadrant 1,59.0,1.0,33–64,5
42,133.0,3,2903.099999904633,0,Task,image_36.jpg,2.0,2Among5NoColour,green,green,Quadrant 1,23.0,1.0,17–32,4
42,134.0,4,3845.800000095391,1,Task,image_65.jpg,2.0,2Among5ConjRed,blue,red,Quadrant 4,45.0,4.0,33–64,5
42,135.0,2,3446.200000190758,0,Task,image_110.jpg,5.0,2Among5NoColour,red,red,Quadrant 4,25.0,4.0,17–32,4
42,136.0,2,2284.399999999907,1,Task,image_125.jpg,5.0,2Among5ConjRed,green,red,Quadrant 2,5.0,2.0,5–8,2
42,137.0,3,2364.200000095414,1,Task,image_58.jpg,2.0,2Among5ConjRed,red,green,Quadrant 3,16.0,3.0,9–16,3
42,138.0,2,3651.300000000047,0,Task,image_60.jpg,2.0,2Among5ConjRed,blue,green,Quadrant 1,23.0,1.0,17–32,4
42,139.0,3,2422.0,1,Task,image_133.jpg,5.0,2Among5ConjRed,red,blue,Quadrant 3,20.0,3.0,17–32,4
42,140.0,2,1280.799999904586,1,Task,image_11.jpg,2.0,2Among5Colour,blue,green,Quadrant 2,14.0,2.0,9–16,3
42,141.0,4,1879.1999999999528,1,Task,image_28.jpg,2.0,2Among5NoColour,red,red,Quadrant 4,6.0,4.0,5–8,2
42,142.0,3,1772.700000095414,1,Task,image_120.jpg,5.0,2Among5ConjRed,blue,green,Quadrant 3,1.0,3.0,1–4,1
42,143.0,3,1702.2000002861023,1,Task,image_0.jpg,2.0,2Among5Colour,red,blue,Quadrant 3,1.0,3.0,1–4,1
42,144.0,1,2282.000000286149,0,Task,image_17.jpg,2.0,2Among5Colour,blue,red,Quadrant 4,45.0,4.0,33–64,5
73,1.0,2,1909.8999999999944,1,Task,image_25.jpg,2.0,2Among5NoColour,blue,blue,Quadrant 2,4.0,2.0,1–4,1
73,2.0,3,4264.20000000298,0,Task,image_116.jpg,5.0,2Among5NoColour,red,red,Quadrant 4,93.0,4.0,65–99,6
73,3.0,4,1809.3000000014872,1,Task,image_86.jpg,5.0,2Among5Colour,red,green,Quadrant 4,25.0,4.0,17–32,4
73,4.0,4,3127.5000000014843,0,Task,image_61.jpg,2.0,2Among5ConjRed,red,blue,Quadrant 3,20.0,3.0,17–32,4
73,5.0,2,1255.900000001493,1,Task,image_15.jpg,2.0,2Among5Colour,blue,green,Quadrant 2,26.0,2.0,17–32,4
73,6.0,2,3738.600000000006,0,Task,image_140.jpg,5.0,2Among5ConjRed,green,red,Quadrant 4,93.0,4.0,65–99,6
73,7.0,4,3142.000000002983,0,Task,image_40.jpg,2.0,2Among5NoColour,red,red,Quadrant 2,34.0,2.0,33–64,5
73,8.0,4,1909.5000000014843,1,Task,image_92.jpg,5.0,2Among5Colour,blue,red,Quadrant 4,93.0,4.0,65–99,6
73,9.0,1,2323.300000000003,1,Task,image_31.jpg,2.0,2Among5NoColour,green,green,Quadrant 1,8.0,1.0,5–8,2
73,10.0,4,2506.399999999994,0,Task,image_39.jpg,2.0,2Among5NoColour,green,green,Quadrant 2,26.0,2.0,17–32,4
73,11.0,2,3378.20000000298,0,Task,image_127.jpg,5.0,2Among5ConjRed,blue,green,Quadrant 1,8.0,1.0,5–8,2
73,12.0,2,2078.4000000014785,1,Task,image_49.jpg,2.0,2Among5ConjRed,blue,red,Quadrant 2,4.0,2.0,1–4,1
73,13.0,4,3672.600000000006,0,Task,image_63.jpg,2.0,2Among5ConjRed,green,blue,Quadrant 2,26.0,2.0,17–32,4
73,14.0,2,2566.200000000012,0,Task,image_71.jpg,2.0,2Among5ConjRed,green,blue,Quadrant 1,75.0,1.0,65–99,6
73,15.0,3,1440.5000000014843,0,Task,image_36.jpg,2.0,2Among5NoColour,green,green,Quadrant 1,23.0,1.0,17–32,4
73,16.0,4,1623.60000000149,1,Task,image_80.jpg,5.0,2Among5Colour,blue,red,Quadrant 4,15.0,4.0,9–16,3
73,17.0,1,1086.400000002992,1,Task,image_7.jpg,2.0,2Among5Colour,green,red,Quadrant 1,8.0,1.0,5–8,2
73,18.0,2,1437.7000000000116,1,Task,image_77.jpg,5.0,2Among5Colour,red,green,Quadrant 2,5.0,2.0,5–8,2
73,19.0,1,2270.0000000014843,0,Task,image_107.jpg,5.0,2Among5NoColour,blue,blue,Quadrant 2,14.0,2.0,9–16,3
73,20.0,3,1725.6000000000058,1,Task,image_21.jpg,2.0,2Among5Colour,blue,green,Quadrant 3,82.0,3.0,65–99,6
73,21.0,4,1043.0,1,Task,image_14.jpg,2.0,2Among5Colour,red,green,Quadrant 4,25.0,4.0,17–32,4
73,22.0,2,918.1000000000058,1,Task,image_94.jpg,5.0,2Among5Colour,green,blue,Quadrant 2,65.0,2.0,65–99,6
73,23.0,1,2852.400000002992,0,Task,image_110.jpg,5.0,2Among5NoColour,red,red,Quadrant 4,25.0,4.0,17–32,4
73,24.0,1,3609.5,0,Task,image_70.jpg,2.0,2Among5ConjRed,blue,green,Quadrant 2,65.0,2.0,65–99,6
73,25.0,2,2488.700000000012,1,Task,image_59.jpg,2.0,2Among5ConjRed,blue,red,Quadrant 2,14.0,2.0,9–16,3
73,26.0,2,2503.400000002992,1,Task,image_16.jpg,2.0,2Among5Colour,green,blue,Quadrant 2,34.0,2.0,33–64,5
73,27.0,1,4300.600000002247,0,Task,image_41.jpg,2.0,2Among5NoColour,blue,blue,Quadrant 4,45.0,4.0,33–64,5
73,28.0,1,3823.40000000148,1,Task,image_90.jpg,5.0,2Among5Colour,red,blue,Quadrant 1,59.0,1.0,33–64,5
73,29.0,4,1495.3000000015018,1,Task,image_8.jpg,2.0,2Among5Colour,blue,red,Quadrant 4,15.0,4.0,9–16,3
73,30.0,4,1566.0,1,Task,image_74.jpg,5.0,2Among5Colour,green,red,Quadrant 4,2.0,4.0,1–4,1
73,31.0,1,2729.100000000006,1,Task,image_123.jpg,5.0,2Among5ConjRed,red,green,Quadrant 1,3.0,1.0,1–4,1
73,32.0,4,2743.399999999994,1,Task,image_38.jpg,2.0,2Among5NoColour,red,red,Quadrant 4,25.0,4.0,17–32,4
73,33.0,4,1607.8999999999942,1,Task,image_89.jpg,5.0,2Among5Colour,blue,red,Quadrant 4,45.0,4.0,33–64,5
73,34.0,3,3999.300000002229,1,Task,image_43.jpg,2.0,2Among5NoColour,blue,blue,Quadrant 3,47.0,3.0,33–64,5
73,35.0,4,1153.6000000000058,1,Task,image_2.jpg,2.0,2Among5Colour,green,red,Quadrant 4,2.0,4.0,1–4,1
73,36.0,3,1040.6000000000058,1,Task,image_120.jpg,5.0,2Among5ConjRed,blue,green,Quadrant 3,1.0,3.0,1–4,1
73,37.0,1,2806.8000000015018,1,Task,image_27.jpg,2.0,2Among5NoColour,blue,blue,Quadrant 1,3.0,1.0,1–4,1
73,38.0,3,1788.700000001496,1,Task,image_91.jpg,5.0,2Among5Colour,green,red,Quadrant 3,47.0,3.0,33–64,5
73,39.0,3,1721.6000000000058,1,Task,image_24.jpg,2.0,2Among5NoColour,green,green,Quadrant 3,1.0,3.0,1–4,1
73,40.0,2,2189.80000000223,0,Task,image_99.jpg,5.0,2Among5NoColour,blue,blue,Quadrant 1,3.0,1.0,1–4,1
73,41.0,1,1409.7999999999884,1,Task,image_23.jpg,2.0,2Among5Colour,red,green,Quadrant 1,75.0,1.0,65–99,6
73,42.0,2,2744.100000000006,0,Task,image_34.jpg,2.0,2Among5NoColour,red,red,Quadrant 3,16.0,3.0,9–16,3
73,43.0,3,3665.400000002235,1,Task,image_106.jpg,5.0,2Among5NoColour,red,red,Quadrant 3,16.0,3.0,9–16,3
73,44.0,3,1460.1000000000058,1,Task,image_10.jpg,2.0,2Among5Colour,red,green,Quadrant 3,16.0,3.0,9–16,3
73,45.0,1,1264.5,1,Task,image_84.jpg,5.0,2Among5Colour,red,blue,Quadrant 1,23.0,1.0,17–32,4
73,46.0,4,3566.2000000022235,0,Task,image_114.jpg,5.0,2Among5NoColour,green,green,Quadrant 1,59.0,1.0,33–64,5
73,47.0,3,1373.2000000000116,1,Task,image_85.jpg,5.0,2Among5Colour,green,red,Quadrant 3,20.0,3.0,17–32,4
73,48.0,4,1130.0000000014843,1,Task,image_76.jpg,5.0,2Among5Colour,blue,green,Quadrant 4,6.0,4.0,5–8,2
73,49.0,2,3451.600000002247,0,Task,image_119.jpg,5.0,2Among5NoColour,blue,blue,Quadrant 1,75.0,1.0,65–99,6
73,50.0,2,2241.600000000006,1,Task,image_131.jpg,5.0,2Among5ConjRed,blue,red,Quadrant 2,14.0,2.0,9–16,3
73,51.0,2,1252.000000002241,1,Task,image_73.jpg,5.0,2Among5Colour,blue,red,Quadrant 2,4.0,2.0,1–4,1
73,52.0,3,2684.20000000298,1,Task,image_102.jpg,5.0,2Among5NoColour,blue,blue,Quadrant 3,7.0,3.0,5–8,2
73,53.0,1,1442.8000000022294,1,Task,image_12.jpg,2.0,2Among5Colour,red,blue,Quadrant 1,23.0,1.0,17–32,4
73,54.0,4,3796.000000002241,0,Task,image_37.jpg,2.0,2Among5NoColour,blue,blue,Quadrant 3,20.0,3.0,17–32,4
73,55.0,3,1118.7999999999884,1,Task,image_72.jpg,5.0,2Among5Colour,red,blue,Quadrant 3,1.0,3.0,1–4,1
73,56.0,2,2878.5,1,Task,image_125.jpg,5.0,2Among5ConjRed,green,red,Quadrant 2,5.0,2.0,5–8,2
73,57.0,2,1536.9000000022352,1,Task,image_5.jpg,2.0,2Among5Colour,red,green,Quadrant 2,5.0,2.0,5–8,2
73,58.0,3,1482.0,1,Task,image_19.jpg,2.0,2Among5Colour,green,red,Quadrant 3,47.0,3.0,33–64,5
73,59.0,1,929.5,1,Task,image_18.jpg,2.0,2Among5Colour,red,blue,Quadrant 1,59.0,1.0,33–64,5
73,60.0,3,1090.5,1,Task,image_78.jpg,5.0,2Among5Colour,red,blue,Quadrant 3,7.0,3.0,5–8,2
73,61.0,2,3214.5000000007567,1,Task,image_136.jpg,5.0,2Among5ConjRed,red,green,Quadrant 2,34.0,2.0,33–64,5
73,62.0,4,774.2000000022235,1,Task,image_4.jpg,2.0,2Among5Colour,blue,green,Quadrant 4,6.0,4.0,5–8,2
73,63.0,2,3782.299999999989,0,Task,image_117.jpg,5.0,2Among5NoColour,green,green,Quadrant 3,82.0,3.0,65–99,6
73,64.0,1,3475.9000000014785,1,Task,image_103.jpg,5.0,2Among5NoColour,green,green,Quadrant 1,8.0,1.0,5–8,2
73,65.0,3,3601.900000002235,1,Task,image_69.jpg,2.0,2Among5ConjRed,blue,red,Quadrant 3,82.0,3.0,65–99,6
73,66.0,2,2710.100000002247,0,Task,image_56.jpg,2.0,2Among5ConjRed,green,blue,Quadrant 4,15.0,4.0,9–16,3
73,67.0,1,3372.400000000024,1,Task,image_138.jpg,5.0,2Among5ConjRed,red,blue,Quadrant 1,59.0,1.0,33–64,5
73,68.0,2,1224.7000000000116,1,Task,image_87.jpg,5.0,2Among5Colour,blue,green,Quadrant 2,26.0,2.0,17–32,4
73,69.0,4,1975.2000000022235,1,Task,image_122.jpg,5.0,2Among5ConjRed,red,blue,Quadrant 4,2.0,4.0,1–4,1
73,70.0,2,1645.500000002212,1,Task,image_97.jpg,5.0,2Among5NoColour,blue,blue,Quadrant 2,4.0,2.0,1–4,1
73,71.0,1,3378.400000000024,1,Task,image_105.jpg,5.0,2Among5NoColour,green,green,Quadrant 1,9.0,1.0,9–16,3
73,72.0,3,2844.8000000022585,0,Task,image_33.jpg,2.0,2Among5NoColour,green,green,Quadrant 1,9.0,1.0,9–16,3
73,73.0,3,3467.900000000722,0,Task,image_137.jpg,5.0,2Among5ConjRed,blue,red,Quadrant 4,45.0,4.0,33–64,5
73,74.0,2,1347.2000000000116,1,Task,image_11.jpg,2.0,2Among5Colour,blue,green,Quadrant 2,14.0,2.0,9–16,3
73,75.0,2,2683.5000000007567,1,Task,image_135.jpg,5.0,2Among5ConjRed,green,blue,Quadrant 2,26.0,2.0,17–32,4
73,76.0,4,3642.600000002247,1,Task,image_104.jpg,5.0,2Among5NoColour,red,red,Quadrant 4,15.0,4.0,9–16,3
73,77.0,4,4105.099999999977,0,Task,image_108.jpg,5.0,2Among5NoColour,green,green,Quadrant 1,23.0,1.0,17–32,4
73,78.0,1,3524.2000000022235,0,Task,image_35.jpg,2.0,2Among5NoColour,blue,blue,Quadrant 2,14.0,2.0,9–16,3
73,79.0,3,1051.9000000014785,1,Task,image_6.jpg,2.0,2Among5Colour,red,blue,Quadrant 3,7.0,3.0,5–8,2
73,80.0,2,2495.900000002235,1,Task,image_101.jpg,5.0,2Among5NoColour,green,green,Quadrant 2,5.0,2.0,5–8,2
73,81.0,1,1265.5,1,Task,image_3.jpg,2.0,2Among5Colour,green,blue,Quadrant 1,3.0,1.0,1–4,1
73,82.0,4,3558.3000000022585,0,Task,image_109.jpg,5.0,2Among5NoColour,blue,blue,Quadrant 3,20.0,3.0,17–32,4
73,83.0,1,2860.100000002247,1,Task,image_60.jpg,2.0,2Among5ConjRed,blue,green,Quadrant 1,23.0,1.0,17–32,4
73,84.0,2,2045.3000000022585,0,Task,image_50.jpg,2.0,2Among5ConjRed,red,blue,Quadrant 4,2.0,4.0,1–4,1
73,85.0,1,3684.3000000022585,1,Task,image_47.jpg,2.0,2Among5NoColour,blue,blue,Quadrant 1,75.0,1.0,65–99,6
73,86.0,1,2211.2000000022235,1,Task,image_132.jpg,5.0,2Among5ConjRed,blue,green,Quadrant 1,23.0,1.0,17–32,4
73,87.0,4,2143.400000002235,1,Task,image_100.jpg,5.0,2Among5NoColour,red,red,Quadrant 4,6.0,4.0,5–8,2
73,88.0,2,3822.100000002247,1,Task,image_112.jpg,5.0,2Among5NoColour,red,red,Quadrant 2,34.0,2.0,33–64,5
73,89.0,3,2400.900000000722,1,Task,image_54.jpg,2.0,2Among5ConjRed,green,red,Quadrant 3,7.0,3.0,5–8,2
73,90.0,3,1827.8000000022585,1,Task,image_126.jpg,5.0,2Among5ConjRed,green,red,Quadrant 3,7.0,3.0,5–8,2
73,91.0,4,3985.100000002247,0,Task,image_57.jpg,2.0,2Among5ConjRed,red,blue,Quadrant 1,9.0,1.0,9–16,3
73,92.0,3,2772.0000000007567,1,Task,image_67.jpg,2.0,2Among5ConjRed,red,green,Quadrant 3,47.0,3.0,33–64,5
73,93.0,3,2986.900000002235,1,Task,image_133.jpg,5.0,2Among5ConjRed,red,blue,Quadrant 3,20.0,3.0,17–32,4
73,94.0,3,1324.5000000015134,1,Task,image_82.jpg,5.0,2Among5Colour,red,green,Quadrant 3,16.0,3.0,9–16,3
73,95.0,3,1373.4000000007218,1,Task,image_13.jpg,2.0,2Among5Colour,green,red,Quadrant 3,20.0,3.0,17–32,4
73,96.0,4,1931.2000000022235,1,Task,image_124.jpg,5.0,2Among5ConjRed,green,blue,Quadrant 4,6.0,4.0,5–8,2
73,97.0,1,1221.2000000007683,1,Task,image_79.jpg,5.0,2Among5Colour,green,red,Quadrant 1,8.0,1.0,5–8,2
73,98.0,1,3578.900000000024,1,Task,image_143.jpg,5.0,2Among5ConjRed,green,blue,Quadrant 1,75.0,1.0,65–99,6
73,99.0,1,976.9000000000232,1,Task,image_75.jpg,5.0,2Among5Colour,green,blue,Quadrant 1,3.0,1.0,1–4,1
73,100.0,3,3969.200000000768,0,Task,image_42.jpg,2.0,2Among5NoColour,green,green,Quadrant 1,59.0,1.0,33–64,5
73,101.0,3,1387.300000000745,1,Task,image_96.jpg,5.0,2Among5NoColour,green,green,Quadrant 3,1.0,3.0,1–4,1
73,102.0,4,2638.2000000022235,1,Task,image_28.jpg,2.0,2Among5NoColour,red,red,Quadrant 4,6.0,4.0,5–8,2
73,103.0,1,1086.8000000022585,1,Task,image_9.jpg,2.0,2Among5Colour,green,blue,Quadrant 1,9.0,1.0,9–16,3
73,104.0,2,1122.1000000007334,1,Task,image_22.jpg,2.0,2Among5Colour,green,blue,Quadrant 2,65.0,2.0,65–99,6
73,105.0,3,1934.900000000721,1,Task,image_45.jpg,2.0,2Among5NoColour,green,green,Quadrant 3,82.0,3.0,65–99,6
73,106.0,2,1988.900000000721,1,Task,image_53.jpg,2.0,2Among5ConjRed,green,red,Quadrant 2,5.0,2.0,5–8,2
73,107.0,4,3711.500000002212,0,Task,image_111.jpg,5.0,2Among5NoColour,green,green,Quadrant 2,26.0,2.0,17–32,4
73,108.0,3,896.5000000022119,1,Task,image_48.jpg,2.0,2Among5ConjRed,blue,green,Quadrant 3,1.0,3.0,1–4,1
73,109.0,4,2363.600000002247,1,Task,image_128.jpg,5.0,2Among5ConjRed,green,blue,Quadrant 4,15.0,4.0,9–16,3
73,110.0,2,4510.099999999977,1,Task,image_46.jpg,2.0,2Among5NoColour,red,red,Quadrant 2,65.0,2.0,65–99,6
73,111.0,3,2006.2000000007683,1,Task,image_58.jpg,2.0,2Among5ConjRed,red,green,Quadrant 3,16.0,3.0,9–16,3
73,112.0,2,3666.800000000745,1,Task,image_118.jpg,5.0,2Among5NoColour,red,red,Quadrant 2,65.0,2.0,65–99,6
73,113.0,3,2059.600000002247,1,Task,image_30.jpg,2.0,2Among5NoColour,blue,blue,Quadrant 3,7.0,3.0,5–8,2
73,114.0,1,2598.5000000007567,1,Task,image_51.jpg,2.0,2Among5ConjRed,red,green,Quadrant 1,3.0,1.0,1–4,1
73,115.0,2,4048.70000000298,0,Task,image_68.jpg,2.0,2Among5ConjRed,green,red,Quadrant 4,93.0,4.0,65–99,6
73,116.0,2,4014.500000000058,0,Task,image_139.jpg,5.0,2Among5ConjRed,red,green,Quadrant 3,47.0,3.0,33–64,5
73,117.0,4,1511.9000000007218,1,Task,image_98.jpg,5.0,2Among5NoColour,red,red,Quadrant 4,2.0,4.0,1–4,1
73,118.0,1,2205.6000000030035,1,Task,image_66.jpg,2.0,2Among5ConjRed,red,blue,Quadrant 1,59.0,1.0,33–64,5
73,119.0,1,1075.9000000022352,1,Task,image_81.jpg,5.0,2Among5Colour,green,blue,Quadrant 1,9.0,1.0,9–16,3
73,120.0,1,3356.3000000022585,1,Task,image_55.jpg,2.0,2Among5ConjRed,blue,green,Quadrant 1,8.0,1.0,5–8,2
73,121.0,1,1030.500000002212,1,Task,image_95.jpg,5.0,2Among5Colour,red,green,Quadrant 1,75.0,1.0,65–99,6
73,122.0,2,1097.2999999999302,1,Task,image_88.jpg,5.0,2Among5Colour,green,blue,Quadrant 2,34.0,2.0,33–64,5
73,123.0,2,967.0000000007568,1,Task,image_1.jpg,2.0,2Among5Colour,blue,red,Quadrant 2,4.0,2.0,1–4,1
73,124.0,4,1160.5000000007567,1,Task,image_20.jpg,2.0,2Among5Colour,blue,red,Quadrant 4,93.0,4.0,65–99,6
73,125.0,3,2152.700000000012,1,Task,image_130.jpg,5.0,2Among5ConjRed,red,green,Quadrant 3,16.0,3.0,9–16,3
73,126.0,2,1841.300000000745,0,Task,image_134.jpg,5.0,2Among5ConjRed,green,red,Quadrant 4,25.0,4.0,17–32,4
73,127.0,2,1903.7000000022235,1,Task,image_121.jpg,5.0,2Among5ConjRed,blue,red,Quadrant 2,4.0,2.0,1–4,1
73,128.0,4,1367.5000000029686,1,Task,image_26.jpg,2.0,2Among5NoColour,red,red,Quadrant 4,2.0,4.0,1–4,1
73,129.0,3,4139.200000000768,0,Task,image_113.jpg,5.0,2Among5NoColour,blue,blue,Quadrant 4,45.0,4.0,33–64,5
73,130.0,3,1315.400000002992,1,Task,image_93.jpg,5.0,2Among5Colour,blue,green,Quadrant 3,82.0,3.0,65–99,6
73,131.0,2,829.8000000007451,1,Task,image_83.jpg,5.0,2Among5Colour,blue,green,Quadrant 2,14.0,2.0,9–16,3
73,132.0,2,4334.100000000035,1,Task,image_29.jpg,2.0,2Among5NoColour,green,green,Quadrant 2,5.0,2.0,5–8,2
73,133.0,2,3580.1000000007334,1,Task,image_142.jpg,5.0,2Among5ConjRed,blue,green,Quadrant 2,65.0,2.0,65–99,6
73,134.0,4,3025.100000002247,1,Task,image_52.jpg,2.0,2Among5ConjRed,green,blue,Quadrant 4,6.0,4.0,5–8,2
73,135.0,2,3770.700000000768,1,Task,image_64.jpg,2.0,2Among5ConjRed,red,green,Quadrant 2,34.0,2.0,33–64,5
73,136.0,4,1271.3000000000466,1,Task,image_17.jpg,2.0,2Among5Colour,blue,red,Quadrant 4,45.0,4.0,33–64,5
73,137.0,3,3678.000000003027,1,Task,image_141.jpg,5.0,2Among5ConjRed,blue,red,Quadrant 3,82.0,3.0,65–99,6
73,138.0,1,5050.10000000149,0,Task,image_65.jpg,2.0,2Among5ConjRed,blue,red,Quadrant 4,45.0,4.0,33–64,5
73,139.0,3,3361.20000000298,1,Task,image_115.jpg,5.0,2Among5NoColour,blue,blue,Quadrant 3,47.0,3.0,33–64,5
73,140.0,4,4052.4000000029337,1,Task,image_62.jpg,2.0,2Among5ConjRed,green,red,Quadrant 4,25.0,4.0,17–32,4
73,141.0,1,1700.4000000022352,1,Task,image_129.jpg,5.0,2Among5ConjRed,red,blue,Quadrant 1,9.0,1.0,9–16,3
73,142.0,4,3627.4000000029337,1,Task,image_32.jpg,2.0,2Among5NoColour,red,red,Quadrant 4,15.0,4.0,9–16,3
73,143.0,3,1403.800000002957,1,Task,image_0.jpg,2.0,2Among5Colour,red,blue,Quadrant 3,1.0,3.0,1–4,1
73,144.0,4,3767.800000000745,1,Task,image_44.jpg,2.0,2Among5NoColour,red,red,Quadrant 4,93.0,4.0,65–99,6
79,1.0,4,1196.4000000238302,1,Task,image_80.jpg,5.0,2Among5Colour,blue,red,Quadrant 4,15.0,4.0,9–16,3
79,2.0,2,2181.300000000017,0,Task,image_110.jpg,5.0,2Among5NoColour,red,red,Quadrant 4,25.0,4.0,17–32,4
79,3.0,3,4240.8000000238535,0,Task,image_56.jpg,2.0,2Among5ConjRed,green,blue,Quadrant 4,15.0,4.0,9–16,3
79,4.0,2,3538.09999997617,0,Task,image_43.jpg,2.0,2Among5NoColour,blue,blue,Quadrant 3,47.0,3.0,33–64,5
79,5.0,3,926.8000000476897,1,Task,image_91.jpg,5.0,2Among5Colour,green,red,Quadrant 3,47.0,3.0,33–64,5
79,6.0,4,2990.200000000012,1,Task,image_32.jpg,2.0,2Among5NoColour,red,red,Quadrant 4,15.0,4.0,9–16,3
79,7.0,2,1836.20000007152,1,Task,image_131.jpg,5.0,2Among5ConjRed,blue,red,Quadrant 2,14.0,2.0,9–16,3
79,8.0,1,2326.2999999761523,1,Task,image_108.jpg,5.0,2Among5NoColour,green,green,Quadrant 1,23.0,1.0,17–32,4
79,9.0,4,1356.0000000715372,1,Task,image_86.jpg,5.0,2Among5Colour,red,green,Quadrant 4,25.0,4.0,17–32,4
79,10.0,4,3160.400000047696,1,Task,image_41.jpg,2.0,2Among5NoColour,blue,blue,Quadrant 4,45.0,4.0,33–64,5
79,11.0,3,1365.2000000000116,1,Task,image_96.jpg,5.0,2Among5NoColour,green,green,Quadrant 3,1.0,3.0,1–4,1
79,12.0,1,3665.700000000012,1,Task,image_36.jpg,2.0,2Among5NoColour,green,green,Quadrant 1,23.0,1.0,17–32,4
79,13.0,2,1611.3000000238535,0,Task,image_122.jpg,5.0,2Among5ConjRed,red,blue,Quadrant 4,2.0,4.0,1–4,1
79,14.0,4,1410.999999976164,1,Task,image_17.jpg,2.0,2Among5Colour,blue,red,Quadrant 4,45.0,4.0,33–64,5
79,15.0,1,970.8000000715256,1,Task,image_23.jpg,2.0,2Among5Colour,red,green,Quadrant 1,75.0,1.0,65–99,6
79,16.0,4,2879.200000023848,1,Task,image_137.jpg,5.0,2Among5ConjRed,blue,red,Quadrant 4,45.0,4.0,33–64,5
79,17.0,4,1130.6999999761465,1,Task,image_8.jpg,2.0,2Among5Colour,blue,red,Quadrant 4,15.0,4.0,9–16,3
79,18.0,3,2851.6999999761465,1,Task,image_130.jpg,5.0,2Among5ConjRed,red,green,Quadrant 3,16.0,3.0,9–16,3
79,19.0,1,1975.200000023848,1,Task,image_127.jpg,5.0,2Among5ConjRed,blue,green,Quadrant 1,8.0,1.0,5–8,2
79,20.0,4,3466.600000000006,1,Task,image_104.jpg,5.0,2Among5NoColour,red,red,Quadrant 4,15.0,4.0,9–16,3
79,21.0,2,2694.2999999761523,1,Task,image_112.jpg,5.0,2Among5NoColour,red,red,Quadrant 2,34.0,2.0,33–64,5
79,22.0,2,975.2000000000116,1,Task,image_15.jpg,2.0,2Among5Colour,blue,green,Quadrant 2,26.0,2.0,17–32,4
79,23.0,2,1507.6999999761465,1,Task,image_59.jpg,2.0,2Among5ConjRed,blue,red,Quadrant 2,14.0,2.0,9–16,3
79,24.0,3,1310.500000047672,1,Task,image_126.jpg,5.0,2Among5ConjRed,green,red,Quadrant 3,7.0,3.0,5–8,2
79,25.0,2,1531.7000000000116,1,Task,image_125.jpg,5.0,2Among5ConjRed,green,red,Quadrant 2,5.0,2.0,5–8,2
79,26.0,4,1572.2999999999884,1,Task,image_28.jpg,2.0,2Among5NoColour,red,red,Quadrant 4,6.0,4.0,5–8,2
79,27.0,3,1052.9000000715314,1,Task,image_19.jpg,2.0,2Among5Colour,green,red,Quadrant 3,47.0,3.0,33–64,5
79,28.0,2,918.2999999999884,1,Task,image_73.jpg,5.0,2Among5Colour,blue,red,Quadrant 2,4.0,2.0,1–4,1
79,29.0,1,1795.7000000715198,1,Task,image_129.jpg,5.0,2Among5ConjRed,red,blue,Quadrant 1,9.0,1.0,9–16,3
79,30.0,1,2359.100000071514,0,Task,image_61.jpg,2.0,2Among5ConjRed,red,blue,Quadrant 3,20.0,3.0,17–32,4
79,31.0,3,3976.799999999989,0,Task,image_68.jpg,2.0,2Among5ConjRed,green,red,Quadrant 4,93.0,4.0,65–99,6
79,32.0,4,1335.8000000238535,1,Task,image_20.jpg,2.0,2Among5Colour,blue,red,Quadrant 4,93.0,4.0,65–99,6
79,33.0,1,3411.100000023842,1,Task,image_47.jpg,2.0,2Among5NoColour,blue,blue,Quadrant 1,75.0,1.0,65–99,6
79,34.0,2,2654.300000023853,1,Task,image_63.jpg,2.0,2Among5ConjRed,green,blue,Quadrant 2,26.0,2.0,17–32,4
79,35.0,4,2985.2000000238186,1,Task,image_52.jpg,2.0,2Among5ConjRed,green,blue,Quadrant 4,6.0,4.0,5–8,2
79,36.0,1,1731.4000000000233,1,Task,image_99.jpg,5.0,2Among5NoColour,blue,blue,Quadrant 1,3.0,1.0,1–4,1
79,37.0,2,2004.200000047684,1,Task,image_101.jpg,5.0,2Among5NoColour,green,green,Quadrant 2,5.0,2.0,5–8,2
79,38.0,1,2227.200000000012,1,Task,image_123.jpg,5.0,2Among5ConjRed,red,green,Quadrant 1,3.0,1.0,1–4,1
79,39.0,1,3529.999999999942,0,Task,image_38.jpg,2.0,2Among5NoColour,red,red,Quadrant 4,25.0,4.0,17–32,4
79,40.0,2,2116.7999999999884,1,Task,image_49.jpg,2.0,2Among5ConjRed,blue,red,Quadrant 2,4.0,2.0,1–4,1
79,41.0,4,2890.400000000024,1,Task,image_100.jpg,5.0,2Among5NoColour,red,red,Quadrant 4,6.0,4.0,5–8,2
79,42.0,3,1244.5,1,Task,image_21.jpg,2.0,2Among5Colour,blue,green,Quadrant 3,82.0,3.0,65–99,6
79,43.0,2,3496.5,1,Task,image_35.jpg,2.0,2Among5NoColour,blue,blue,Quadrant 2,14.0,2.0,9–16,3
79,44.0,4,2073.100000047707,1,Task,image_50.jpg,2.0,2Among5ConjRed,red,blue,Quadrant 4,2.0,4.0,1–4,1
79,45.0,1,3361.600000047707,1,Task,image_103.jpg,5.0,2Among5NoColour,green,green,Quadrant 1,8.0,1.0,5–8,2
79,46.0,3,995.2000000715489,1,Task,image_85.jpg,5.0,2Among5Colour,green,red,Quadrant 3,20.0,3.0,17–32,4
79,47.0,2,1957.9000000000235,1,Task,image_29.jpg,2.0,2Among5NoColour,green,green,Quadrant 2,5.0,2.0,5–8,2
79,48.0,3,3502.700000071549,1,Task,image_67.jpg,2.0,2Among5ConjRed,red,green,Quadrant 3,47.0,3.0,33–64,5
79,49.0,2,3202.700000071549,1,Task,image_25.jpg,2.0,2Among5NoColour,blue,blue,Quadrant 2,4.0,2.0,1–4,1
79,50.0,1,1661.1999999761465,1,Task,image_27.jpg,2.0,2Among5NoColour,blue,blue,Quadrant 1,3.0,1.0,1–4,1
79,51.0,1,1805.700000047684,1,Task,image_51.jpg,2.0,2Among5ConjRed,red,green,Quadrant 1,3.0,1.0,1–4,1
79,52.0,2,1969.4000000000235,0,Task,image_128.jpg,5.0,2Among5ConjRed,green,blue,Quadrant 4,15.0,4.0,9–16,3
79,53.0,1,1476.4000000000233,1,Task,image_3.jpg,2.0,2Among5Colour,green,blue,Quadrant 1,3.0,1.0,1–4,1
79,54.0,3,1439.9000000715023,1,Task,image_13.jpg,2.0,2Among5Colour,green,red,Quadrant 3,20.0,3.0,17–32,4
79,55.0,2,1555.4999999761349,1,Task,image_53.jpg,2.0,2Among5ConjRed,green,red,Quadrant 2,5.0,2.0,5–8,2
79,56.0,1,3713.100000000035,0,Task,image_62.jpg,2.0,2Among5ConjRed,green,red,Quadrant 4,25.0,4.0,17–32,4
79,57.0,1,1035.600000023842,1,Task,image_79.jpg,5.0,2Among5Colour,green,red,Quadrant 1,8.0,1.0,5–8,2
79,58.0,3,837.6000000715139,1,Task,image_93.jpg,5.0,2Among5Colour,blue,green,Quadrant 3,82.0,3.0,65–99,6
79,59.0,1,2251.999999976135,1,Task,image_42.jpg,2.0,2Among5NoColour,green,green,Quadrant 1,59.0,1.0,33–64,5
79,60.0,2,3744.3000000715256,0,Task,image_69.jpg,2.0,2Among5ConjRed,blue,red,Quadrant 3,82.0,3.0,65–99,6
79,61.0,1,1323.100000023842,1,Task,image_55.jpg,2.0,2Among5ConjRed,blue,green,Quadrant 1,8.0,1.0,5–8,2
79,62.0,3,2051.90000002383,1,Task,image_102.jpg,5.0,2Among5NoColour,blue,blue,Quadrant 3,7.0,3.0,5–8,2
79,63.0,2,1781.0000000715372,1,Task,image_142.jpg,5.0,2Among5ConjRed,blue,green,Quadrant 2,65.0,2.0,65–99,6
79,64.0,1,1429.7000000715489,1,Task,image_81.jpg,5.0,2Among5Colour,green,blue,Quadrant 1,9.0,1.0,9–16,3
79,65.0,2,2008.7000000238183,1,Task,image_46.jpg,2.0,2Among5NoColour,red,red,Quadrant 2,65.0,2.0,65–99,6
79,66.0,1,1047.3000000715256,1,Task,image_7.jpg,2.0,2Among5Colour,green,red,Quadrant 1,8.0,1.0,5–8,2
79,67.0,1,1038.0999999999767,1,Task,image_12.jpg,2.0,2Among5Colour,red,blue,Quadrant 1,23.0,1.0,17–32,4
79,68.0,4,1111.6999999761465,1,Task,image_4.jpg,2.0,2Among5Colour,blue,green,Quadrant 4,6.0,4.0,5–8,2
79,69.0,4,3948.399999976158,1,Task,image_140.jpg,5.0,2Among5ConjRed,green,red,Quadrant 4,93.0,4.0,65–99,6
79,70.0,1,1688.0000000715372,1,Task,image_57.jpg,2.0,2Among5ConjRed,red,blue,Quadrant 1,9.0,1.0,9–16,3
79,71.0,1,4409.5,0,Task,image_39.jpg,2.0,2Among5NoColour,green,green,Quadrant 2,26.0,2.0,17–32,4
79,72.0,4,1002.9000000715024,1,Task,image_76.jpg,5.0,2Among5Colour,blue,green,Quadrant 4,6.0,4.0,5–8,2
79,73.0,2,1435.0000000238651,1,Task,image_97.jpg,5.0,2Among5NoColour,blue,blue,Quadrant 2,4.0,2.0,1–4,1
79,74.0,3,1361.2000000000116,1,Task,image_0.jpg,2.0,2Among5Colour,red,blue,Quadrant 3,1.0,3.0,1–4,1
79,75.0,2,3375.600000047707,1,Task,image_136.jpg,5.0,2Among5ConjRed,red,green,Quadrant 2,34.0,2.0,33–64,5
79,76.0,4,1269.5,1,Task,image_89.jpg,5.0,2Among5Colour,blue,red,Quadrant 4,45.0,4.0,33–64,5
79,77.0,2,3124.5999999999767,1,Task,image_40.jpg,2.0,2Among5NoColour,red,red,Quadrant 2,34.0,2.0,33–64,5
79,78.0,3,1312.899999976158,1,Task,image_10.jpg,2.0,2Among5Colour,red,green,Quadrant 3,16.0,3.0,9–16,3
79,79.0,3,1215.8000000000466,1,Task,image_82.jpg,5.0,2Among5Colour,red,green,Quadrant 3,16.0,3.0,9–16,3
79,80.0,3,3296.3000000476604,1,Task,image_115.jpg,5.0,2Among5NoColour,blue,blue,Quadrant 3,47.0,3.0,33–64,5
79,81.0,1,2594.900000000024,0,Task,image_107.jpg,5.0,2Among5NoColour,blue,blue,Quadrant 2,14.0,2.0,9–16,3
79,82.0,2,790.0999999761698,1,Task,image_87.jpg,5.0,2Among5Colour,blue,green,Quadrant 2,26.0,2.0,17–32,4
79,83.0,3,3600.0999999999767,1,Task,image_139.jpg,5.0,2Among5ConjRed,red,green,Quadrant 3,47.0,3.0,33–64,5
79,84.0,1,832.5,1,Task,image_90.jpg,5.0,2Among5Colour,red,blue,Quadrant 1,59.0,1.0,33–64,5
79,85.0,3,2537.600000047707,0,Task,image_70.jpg,2.0,2Among5ConjRed,blue,green,Quadrant 2,65.0,2.0,65–99,6
79,86.0,1,1792.1999999761465,1,Task,image_138.jpg,5.0,2Among5ConjRed,red,blue,Quadrant 1,59.0,1.0,33–64,5
79,87.0,3,2880.3000000000466,1,Task,image_106.jpg,5.0,2Among5NoColour,red,red,Quadrant 3,16.0,3.0,9–16,3
79,88.0,2,2451.2999999761814,0,Task,image_134.jpg,5.0,2Among5ConjRed,green,red,Quadrant 4,25.0,4.0,17–32,4
79,89.0,3,1015.2999999761814,1,Task,image_6.jpg,2.0,2Among5Colour,red,blue,Quadrant 3,7.0,3.0,5–8,2
79,90.0,2,2036.9000000715023,0,Task,image_54.jpg,2.0,2Among5ConjRed,green,red,Quadrant 3,7.0,3.0,5–8,2
79,91.0,2,1672.7000000000116,0,Task,image_58.jpg,2.0,2Among5ConjRed,red,green,Quadrant 3,16.0,3.0,9–16,3
79,92.0,3,965.2999999999884,1,Task,image_78.jpg,5.0,2Among5Colour,red,blue,Quadrant 3,7.0,3.0,5–8,2
79,93.0,2,1169.3000000238535,1,Task,image_22.jpg,2.0,2Among5Colour,green,blue,Quadrant 2,65.0,2.0,65–99,6
79,94.0,4,1694.4000000238302,1,Task,image_92.jpg,5.0,2Among5Colour,blue,red,Quadrant 4,93.0,4.0,65–99,6
79,95.0,1,967.7999999761814,1,Task,image_9.jpg,2.0,2Among5Colour,green,blue,Quadrant 1,9.0,1.0,9–16,3
79,96.0,2,1130.6999999761465,1,Task,image_88.jpg,5.0,2Among5Colour,green,blue,Quadrant 2,34.0,2.0,33–64,5
79,97.0,1,2242.59999997617,1,Task,image_71.jpg,2.0,2Among5ConjRed,green,blue,Quadrant 1,75.0,1.0,65–99,6
79,98.0,2,1192.4000000238302,1,Task,image_94.jpg,5.0,2Among5Colour,green,blue,Quadrant 2,65.0,2.0,65–99,6
79,99.0,3,3396.200000071549,1,Task,image_117.jpg,5.0,2Among5NoColour,green,green,Quadrant 3,82.0,3.0,65–99,6
79,100.0,4,1171.2000000715489,1,Task,image_74.jpg,5.0,2Among5Colour,green,red,Quadrant 4,2.0,4.0,1–4,1
79,101.0,3,1576.5,1,Task,image_120.jpg,5.0,2Among5ConjRed,blue,green,Quadrant 3,1.0,3.0,1–4,1
79,102.0,2,3573.499999976135,0,Task,image_45.jpg,2.0,2Among5NoColour,green,green,Quadrant 3,82.0,3.0,65–99,6
79,103.0,3,3456.7000000238186,1,Task,image_109.jpg,5.0,2Among5NoColour,blue,blue,Quadrant 3,20.0,3.0,17–32,4
79,104.0,2,776.5000000238651,1,Task,image_83.jpg,5.0,2Among5Colour,blue,green,Quadrant 2,14.0,2.0,9–16,3
79,105.0,1,733.0999999999767,1,Task,image_95.jpg,5.0,2Among5Colour,red,green,Quadrant 1,75.0,1.0,65–99,6
79,106.0,2,578.9000000238302,1,Task,image_11.jpg,2.0,2Among5Colour,blue,green,Quadrant 2,14.0,2.0,9–16,3
79,107.0,4,1251.2999999761814,1,Task,image_98.jpg,5.0,2Among5NoColour,red,red,Quadrant 4,2.0,4.0,1–4,1
79,108.0,1,2742.59999997617,1,Task,image_114.jpg,5.0,2Among5NoColour,green,green,Quadrant 1,59.0,1.0,33–64,5
79,109.0,1,3293.200000047684,1,Task,image_105.jpg,5.0,2Among5NoColour,green,green,Quadrant 1,9.0,1.0,9–16,3
79,110.0,2,1764.6999999761465,1,Task,image_121.jpg,5.0,2Among5ConjRed,blue,red,Quadrant 2,4.0,2.0,1–4,1
79,111.0,4,1177.9000000715023,1,Task,image_26.jpg,2.0,2Among5NoColour,red,red,Quadrant 4,2.0,4.0,1–4,1
79,112.0,4,2147.700000000012,1,Task,image_65.jpg,2.0,2Among5ConjRed,blue,red,Quadrant 4,45.0,4.0,33–64,5
79,113.0,2,3310.4000000715023,1,Task,image_118.jpg,5.0,2Among5NoColour,red,red,Quadrant 2,65.0,2.0,65–99,6
79,114.0,1,3323.59999997617,0,Task,image_141.jpg,5.0,2Among5ConjRed,blue,red,Quadrant 3,82.0,3.0,65–99,6
79,115.0,4,3706.600000071514,0,Task,image_64.jpg,2.0,2Among5ConjRed,red,green,Quadrant 2,34.0,2.0,33–64,5
79,116.0,2,1515.4000000238302,0,Task,image_72.jpg,5.0,2Among5Colour,red,blue,Quadrant 3,1.0,3.0,1–4,1
79,117.0,1,3551.899999976158,1,Task,image_33.jpg,2.0,2Among5NoColour,green,green,Quadrant 1,9.0,1.0,9–16,3
79,118.0,1,2532.900000000024,1,Task,image_66.jpg,2.0,2Among5ConjRed,red,blue,Quadrant 1,59.0,1.0,33–64,5
79,119.0,2,972.7999999761814,1,Task,image_77.jpg,5.0,2Among5Colour,red,green,Quadrant 2,5.0,2.0,5–8,2
79,120.0,1,689.8999999761581,1,Task,image_18.jpg,2.0,2Among5Colour,red,blue,Quadrant 1,59.0,1.0,33–64,5
79,121.0,4,3393.000000023865,0,Task,image_133.jpg,5.0,2Among5ConjRed,red,blue,Quadrant 3,20.0,3.0,17–32,4
79,122.0,1,3291.2999999761814,1,Task,image_132.jpg,5.0,2Among5ConjRed,blue,green,Quadrant 1,23.0,1.0,17–32,4
79,123.0,1,1161.9000000000233,1,Task,image_75.jpg,5.0,2Among5Colour,green,blue,Quadrant 1,3.0,1.0,1–4,1
79,124.0,3,3129.600000071572,1,Task,image_37.jpg,2.0,2Among5NoColour,blue,blue,Quadrant 3,20.0,3.0,17–32,4
79,125.0,2,831.7000000476837,1,Task,image_16.jpg,2.0,2Among5Colour,green,blue,Quadrant 2,34.0,2.0,33–64,5
79,126.0,1,2529.1999999762047,1,Task,image_60.jpg,2.0,2Among5ConjRed,blue,green,Quadrant 1,23.0,1.0,17–32,4
79,127.0,4,3346.0000000477303,1,Task,image_113.jpg,5.0,2Among5NoColour,blue,blue,Quadrant 4,45.0,4.0,33–64,5
79,128.0,1,808.1999999999534,1,Task,image_84.jpg,5.0,2Among5Colour,red,blue,Quadrant 1,23.0,1.0,17–32,4
79,129.0,4,3452.2000000238186,1,Task,image_116.jpg,5.0,2Among5NoColour,red,red,Quadrant 4,93.0,4.0,65–99,6
79,130.0,2,770.600000047707,1,Task,image_5.jpg,2.0,2Among5Colour,red,green,Quadrant 2,5.0,2.0,5–8,2
79,131.0,1,2622.899999976158,1,Task,image_31.jpg,2.0,2Among5NoColour,green,green,Quadrant 1,8.0,1.0,5–8,2
79,132.0,2,1274.3000000715256,1,Task,image_1.jpg,2.0,2Among5Colour,blue,red,Quadrant 2,4.0,2.0,1–4,1
79,133.0,3,1343.3000000476604,1,Task,image_48.jpg,2.0,2Among5ConjRed,blue,green,Quadrant 3,1.0,3.0,1–4,1
79,134.0,1,2880.5999999999767,1,Task,image_143.jpg,5.0,2Among5ConjRed,green,blue,Quadrant 1,75.0,1.0,65–99,6
79,135.0,2,1265.3000000000466,0,Task,image_14.jpg,2.0,2Among5Colour,red,green,Quadrant 4,25.0,4.0,17–32,4
79,136.0,3,2210.7000000238186,1,Task,image_30.jpg,2.0,2Among5NoColour,blue,blue,Quadrant 3,7.0,3.0,5–8,2
79,137.0,2,2484.999999976135,1,Task,image_135.jpg,5.0,2Among5ConjRed,green,blue,Quadrant 2,26.0,2.0,17–32,4
79,138.0,4,1711.1999999762047,1,Task,image_2.jpg,2.0,2Among5Colour,green,red,Quadrant 4,2.0,4.0,1–4,1
79,139.0,3,2818.5,0,Task,image_44.jpg,2.0,2Among5NoColour,red,red,Quadrant 4,93.0,4.0,65–99,6
79,140.0,4,2074.599999976112,0,Task,image_119.jpg,5.0,2Among5NoColour,blue,blue,Quadrant 1,75.0,1.0,65–99,6
79,141.0,4,2297.699999999953,1,Task,image_124.jpg,5.0,2Among5ConjRed,green,blue,Quadrant 4,6.0,4.0,5–8,2
79,142.0,3,2280.8000000000466,1,Task,image_34.jpg,2.0,2Among5NoColour,red,red,Quadrant 3,16.0,3.0,9–16,3
79,143.0,4,3222.700000071549,0,Task,image_111.jpg,5.0,2Among5NoColour,green,green,Quadrant 2,26.0,2.0,17–32,4
79,144.0,3,1452.7999999761814,1,Task,image_24.jpg,2.0,2Among5NoColour,green,green,Quadrant 3,1.0,3.0,1–4,1
7,1.0,3,2893.199999999626,1,Task,image_130.jpg,5.0,2Among5ConjRed,red,green,Quadrant 3,16.0,3.0,9–16,3
7,2.0,3,6300.399999999994,0,Task,image_64.jpg,2.0,2Among5ConjRed,red,green,Quadrant 2,34.0,2.0,33–64,5
7,3.0,2,2983.5,0,Task,image_68.jpg,2.0,2Among5ConjRed,green,red,Quadrant 4,93.0,4.0,65–99,6
7,4.0,1,1588.199999999997,1,Task,image_18.jpg,2.0,2Among5Colour,red,blue,Quadrant 1,59.0,1.0,33–64,5
7,5.0,1,1639.1999999996333,0,Task,image_137.jpg,5.0,2Among5ConjRed,blue,red,Quadrant 4,45.0,4.0,33–64,5
7,6.0,2,1249.300000000745,1,Task,image_70.jpg,2.0,2Among5ConjRed,blue,green,Quadrant 2,65.0,2.0,65–99,6
7,7.0,3,2356.6000000003696,1,Task,image_24.jpg,2.0,2Among5NoColour,green,green,Quadrant 3,1.0,3.0,1–4,1
7,8.0,3,1872.599999999249,1,Task,image_72.jpg,5.0,2Among5Colour,red,blue,Quadrant 3,1.0,3.0,1–4,1
7,9.0,2,2583.39999999998,0,Task,image_117.jpg,5.0,2Among5NoColour,green,green,Quadrant 3,82.0,3.0,65–99,6
7,10.0,1,3226.3999999996304,1,Task,image_31.jpg,2.0,2Among5NoColour,green,green,Quadrant 1,8.0,1.0,5–8,2
7,11.0,2,3012.9000000003725,0,Task,image_34.jpg,2.0,2Among5NoColour,red,red,Quadrant 3,16.0,3.0,9–16,3
7,12.0,1,1640.699999999997,1,Task,image_36.jpg,2.0,2Among5NoColour,green,green,Quadrant 1,23.0,1.0,17–32,4
7,13.0,1,1328.9999999996217,1,Task,image_23.jpg,2.0,2Among5Colour,red,green,Quadrant 1,75.0,1.0,65–99,6
7,14.0,4,3082.700000000012,1,Task,image_38.jpg,2.0,2Among5NoColour,red,red,Quadrant 4,25.0,4.0,17–32,4
7,15.0,1,824.399999999252,1,Task,image_90.jpg,5.0,2Among5Colour,red,blue,Quadrant 1,59.0,1.0,33–64,5
7,16.0,1,2844.4000000003725,0,Task,image_140.jpg,5.0,2Among5ConjRed,green,red,Quadrant 4,93.0,4.0,65–99,6
7,17.0,4,1381.3999999999942,1,Task,image_17.jpg,2.0,2Among5Colour,blue,red,Quadrant 4,45.0,4.0,33–64,5
7,18.0,4,1945.3000000003667,1,Task,image_98.jpg,5.0,2Among5NoColour,red,red,Quadrant 4,2.0,4.0,1–4,1
7,19.0,3,983.5000000000146,1,Task,image_54.jpg,2.0,2Among5ConjRed,green,red,Quadrant 3,7.0,3.0,5–8,2
7,20.0,2,899.9999999999854,1,Task,image_15.jpg,2.0,2Among5Colour,blue,green,Quadrant 2,26.0,2.0,17–32,4
7,21.0,2,950.1000000000058,1,Task,image_22.jpg,2.0,2Among5Colour,green,blue,Quadrant 2,65.0,2.0,65–99,6
7,22.0,3,2144.699999999255,1,Task,image_69.jpg,2.0,2Among5ConjRed,blue,red,Quadrant 3,82.0,3.0,65–99,6
7,23.0,3,1340.6000000003696,1,Task,image_82.jpg,5.0,2Among5Colour,red,green,Quadrant 3,16.0,3.0,9–16,3
7,24.0,3,3913.600000000006,0,Task,image_108.jpg,5.0,2Among5NoColour,green,green,Quadrant 1,23.0,1.0,17–32,4
7,25.0,1,1750.0999999999767,0,Task,image_134.jpg,5.0,2Among5ConjRed,green,red,Quadrant 4,25.0,4.0,17–32,4
7,26.0,4,3483.5999999999767,0,Task,image_47.jpg,2.0,2Among5NoColour,blue,blue,Quadrant 1,75.0,1.0,65–99,6
7,27.0,2,972.8999999996158,0,Task,image_99.jpg,5.0,2Among5NoColour,blue,blue,Quadrant 1,3.0,1.0,1–4,1
7,28.0,1,1426.8999999999942,0,Task,image_110.jpg,5.0,2Among5NoColour,red,red,Quadrant 4,25.0,4.0,17–32,4
7,29.0,4,3097.3000000003667,0,Task,image_103.jpg,5.0,2Among5NoColour,green,green,Quadrant 1,8.0,1.0,5–8,2
7,30.0,2,992.5000000003783,1,Task,image_73.jpg,5.0,2Among5Colour,blue,red,Quadrant 2,4.0,2.0,1–4,1
7,31.0,2,2241.5999999996275,0,Task,image_44.jpg,2.0,2Among5NoColour,red,red,Quadrant 4,93.0,4.0,65–99,6
7,32.0,1,3565.899999999616,1,Task,image_33.jpg,2.0,2Among5NoColour,green,green,Quadrant 1,9.0,1.0,9–16,3
7,33.0,3,2383.399999999994,1,Task,image_102.jpg,5.0,2Among5NoColour,blue,blue,Quadrant 3,7.0,3.0,5–8,2
7,34.0,2,1989.0000000007567,1,Task,image_49.jpg,2.0,2Among5ConjRed,blue,red,Quadrant 2,4.0,2.0,1–4,1
7,35.0,3,1713.0999999996277,1,Task,image_6.jpg,2.0,2Among5Colour,red,blue,Quadrant 3,7.0,3.0,5–8,2
7,36.0,1,1900.1000000000056,1,Task,image_119.jpg,5.0,2Among5NoColour,blue,blue,Quadrant 1,75.0,1.0,65–99,6
7,37.0,2,1599.7999999992608,1,Task,image_118.jpg,5.0,2Among5NoColour,red,red,Quadrant 2,65.0,2.0,65–99,6
7,38.0,4,1672.8000000003667,1,Task,image_92.jpg,5.0,2Among5Colour,blue,red,Quadrant 4,93.0,4.0,65–99,6
7,39.0,1,2050.100000000006,1,Task,image_51.jpg,2.0,2Among5ConjRed,red,green,Quadrant 1,3.0,1.0,1–4,1
7,40.0,1,1910.3999999992664,1,Task,image_71.jpg,2.0,2Among5ConjRed,green,blue,Quadrant 1,75.0,1.0,65–99,6
7,41.0,3,3016.79999999996,1,Task,image_109.jpg,5.0,2Among5NoColour,blue,blue,Quadrant 3,20.0,3.0,17–32,4
7,42.0,1,1072.0,1,Task,image_3.jpg,2.0,2Among5Colour,green,blue,Quadrant 1,3.0,1.0,1–4,1
7,43.0,1,766.0999999992491,1,Task,image_84.jpg,5.0,2Among5Colour,red,blue,Quadrant 1,23.0,1.0,17–32,4
7,44.0,3,789.2000000000116,1,Task,image_13.jpg,2.0,2Among5Colour,green,red,Quadrant 3,20.0,3.0,17–32,4
7,45.0,4,3742.800000000745,0,Task,image_67.jpg,2.0,2Among5ConjRed,red,green,Quadrant 3,47.0,3.0,33–64,5
7,46.0,1,2122.3999999992666,1,Task,image_57.jpg,2.0,2Among5ConjRed,red,blue,Quadrant 1,9.0,1.0,9–16,3
7,47.0,2,714.1999999996333,1,Task,image_11.jpg,2.0,2Among5Colour,blue,green,Quadrant 2,14.0,2.0,9–16,3
7,48.0,4,2041.3999999999944,1,Task,image_26.jpg,2.0,2Among5NoColour,red,red,Quadrant 4,2.0,4.0,1–4,1
7,49.0,1,3883.3000000000175,0,Task,image_139.jpg,5.0,2Among5ConjRed,red,green,Quadrant 3,47.0,3.0,33–64,5
7,50.0,4,1132.2999999992608,1,Task,image_89.jpg,5.0,2Among5Colour,blue,red,Quadrant 4,45.0,4.0,33–64,5
7,51.0,2,708.6999999996333,1,Task,image_83.jpg,5.0,2Among5Colour,blue,green,Quadrant 2,14.0,2.0,9–16,3
7,52.0,1,3931.600000000006,0,Task,image_104.jpg,5.0,2Among5NoColour,red,red,Quadrant 4,15.0,4.0,9–16,3
7,53.0,2,1966.7999999999884,1,Task,image_125.jpg,5.0,2Among5ConjRed,green,red,Quadrant 2,5.0,2.0,5–8,2
7,54.0,3,2466.899999999965,1,Task,image_30.jpg,2.0,2Among5NoColour,blue,blue,Quadrant 3,7.0,3.0,5–8,2
7,55.0,1,1883.499999999971,1,Task,image_123.jpg,5.0,2Among5ConjRed,red,green,Quadrant 1,3.0,1.0,1–4,1
7,56.0,1,2974.099999999249,0,Task,image_35.jpg,2.0,2Among5NoColour,blue,blue,Quadrant 2,14.0,2.0,9–16,3
7,57.0,1,3500.200000000012,1,Task,image_132.jpg,5.0,2Among5ConjRed,blue,green,Quadrant 1,23.0,1.0,17–32,4
7,58.0,2,804.6999999992549,0,Task,image_76.jpg,5.0,2Among5Colour,blue,green,Quadrant 4,6.0,4.0,5–8,2
7,59.0,3,1860.799999999639,0,Task,image_135.jpg,5.0,2Among5ConjRed,green,blue,Quadrant 2,26.0,2.0,17–32,4
7,60.0,4,2450.900000000024,1,Task,image_56.jpg,2.0,2Among5ConjRed,green,blue,Quadrant 4,15.0,4.0,9–16,3
7,61.0,3,2100.399999999994,0,Task,image_63.jpg,2.0,2Among5ConjRed,green,blue,Quadrant 2,26.0,2.0,17–32,4
7,62.0,1,1026.199999999255,1,Task,image_12.jpg,2.0,2Among5Colour,red,blue,Quadrant 1,23.0,1.0,17–32,4
7,63.0,4,3072.1999999996333,1,Task,image_124.jpg,5.0,2Among5ConjRed,green,blue,Quadrant 4,6.0,4.0,5–8,2
7,64.0,2,1100.1000000000058,1,Task,image_88.jpg,5.0,2Among5Colour,green,blue,Quadrant 2,34.0,2.0,33–64,5
7,65.0,3,1093.3999999996158,1,Task,image_93.jpg,5.0,2Among5Colour,blue,green,Quadrant 3,82.0,3.0,65–99,6
7,66.0,3,2388.799999999639,1,Task,image_106.jpg,5.0,2Among5NoColour,red,red,Quadrant 3,16.0,3.0,9–16,3
7,67.0,2,2700.200000000012,1,Task,image_101.jpg,5.0,2Among5NoColour,green,green,Quadrant 2,5.0,2.0,5–8,2
7,68.0,2,4024.700000000012,0,Task,image_37.jpg,2.0,2Among5NoColour,blue,blue,Quadrant 3,20.0,3.0,17–32,4
7,69.0,4,1417.2000000000116,1,Task,image_74.jpg,5.0,2Among5Colour,green,red,Quadrant 4,2.0,4.0,1–4,1
7,70.0,3,1164.1000000003842,1,Task,image_10.jpg,2.0,2Among5Colour,red,green,Quadrant 3,16.0,3.0,9–16,3
7,71.0,4,2390.4999999996508,1,Task,image_52.jpg,2.0,2Among5ConjRed,green,blue,Quadrant 4,6.0,4.0,5–8,2
7,72.0,2,817.7000000000698,1,Task,image_5.jpg,2.0,2Among5Colour,red,green,Quadrant 2,5.0,2.0,5–8,2
7,73.0,1,2150.0,1,Task,image_138.jpg,5.0,2Among5ConjRed,red,blue,Quadrant 1,59.0,1.0,33–64,5
7,74.0,3,1713.7000000000116,1,Task,image_0.jpg,2.0,2Among5Colour,red,blue,Quadrant 3,1.0,3.0,1–4,1
7,75.0,1,865.8999999999651,1,Task,image_79.jpg,5.0,2Among5Colour,green,red,Quadrant 1,8.0,1.0,5–8,2
7,76.0,1,976.4000000007218,1,Task,image_9.jpg,2.0,2Among5Colour,green,blue,Quadrant 1,9.0,1.0,9–16,3
7,77.0,2,2698.7999999999884,1,Task,image_136.jpg,5.0,2Among5ConjRed,red,green,Quadrant 2,34.0,2.0,33–64,5
7,78.0,3,983.0,1,Task,image_21.jpg,2.0,2Among5Colour,blue,green,Quadrant 3,82.0,3.0,65–99,6
7,79.0,2,3038.600000000384,1,Task,image_40.jpg,2.0,2Among5NoColour,red,red,Quadrant 2,34.0,2.0,33–64,5
7,80.0,2,957.1000000003842,1,Task,image_1.jpg,2.0,2Among5Colour,blue,red,Quadrant 2,4.0,2.0,1–4,1
7,81.0,2,1950.1999999999528,1,Task,image_53.jpg,2.0,2Among5ConjRed,green,red,Quadrant 2,5.0,2.0,5–8,2
7,82.0,4,1726.4000000007218,0,Task,image_39.jpg,2.0,2Among5NoColour,green,green,Quadrant 2,26.0,2.0,17–32,4
7,83.0,1,2116.7999999999884,0,Task,image_61.jpg,2.0,2Among5ConjRed,red,blue,Quadrant 3,20.0,3.0,17–32,4
7,84.0,3,3205.999999999244,1,Task,image_96.jpg,5.0,2Among5NoColour,green,green,Quadrant 3,1.0,3.0,1–4,1
7,85.0,4,2245.7000000007683,1,Task,image_122.jpg,5.0,2Among5ConjRed,red,blue,Quadrant 4,2.0,4.0,1–4,1
7,86.0,3,3081.3999999992666,1,Task,image_141.jpg,5.0,2Among5ConjRed,blue,red,Quadrant 3,82.0,3.0,65–99,6
7,87.0,1,2206.4000000003725,1,Task,image_129.jpg,5.0,2Among5ConjRed,red,blue,Quadrant 1,9.0,1.0,9–16,3
7,88.0,2,2409.600000000384,1,Task,image_111.jpg,5.0,2Among5NoColour,green,green,Quadrant 2,26.0,2.0,17–32,4
7,89.0,2,2215.7000000007683,1,Task,image_121.jpg,5.0,2Among5ConjRed,blue,red,Quadrant 2,4.0,2.0,1–4,1
7,90.0,1,1762.8000000003958,1,Task,image_127.jpg,5.0,2Among5ConjRed,blue,green,Quadrant 1,8.0,1.0,5–8,2
7,91.0,2,3089.900000000722,0,Task,image_65.jpg,2.0,2Among5ConjRed,blue,red,Quadrant 4,45.0,4.0,33–64,5
7,92.0,3,3156.0,1,Task,image_45.jpg,2.0,2Among5NoColour,green,green,Quadrant 3,82.0,3.0,65–99,6
7,93.0,1,1400.0,1,Task,image_81.jpg,5.0,2Among5Colour,green,blue,Quadrant 1,9.0,1.0,9–16,3
7,94.0,1,3812.3999999992666,0,Task,image_62.jpg,2.0,2Among5ConjRed,green,red,Quadrant 4,25.0,4.0,17–32,4
7,95.0,2,1827.200000000012,1,Task,image_142.jpg,5.0,2Among5ConjRed,blue,green,Quadrant 2,65.0,2.0,65–99,6
7,96.0,3,2395.499999999244,0,Task,image_116.jpg,5.0,2Among5NoColour,red,red,Quadrant 4,93.0,4.0,65–99,6
7,97.0,1,976.5,1,Task,image_7.jpg,2.0,2Among5Colour,green,red,Quadrant 1,8.0,1.0,5–8,2
7,98.0,2,1731.0999999996277,1,Task,image_112.jpg,5.0,2Among5NoColour,red,red,Quadrant 2,34.0,2.0,33–64,5
7,99.0,1,3681.700000000012,0,Task,image_32.jpg,2.0,2Among5NoColour,red,red,Quadrant 4,15.0,4.0,9–16,3
7,100.0,4,1200.100000000035,1,Task,image_4.jpg,2.0,2Among5Colour,blue,green,Quadrant 4,6.0,4.0,5–8,2
7,101.0,4,1372.6000000007334,1,Task,image_8.jpg,2.0,2Among5Colour,blue,red,Quadrant 4,15.0,4.0,9–16,3
7,102.0,3,882.3999999996158,1,Task,image_19.jpg,2.0,2Among5Colour,green,red,Quadrant 3,47.0,3.0,33–64,5
7,103.0,3,556.4999999996508,1,Task,image_91.jpg,5.0,2Among5Colour,green,red,Quadrant 3,47.0,3.0,33–64,5
7,104.0,1,1440.5,1,Task,image_114.jpg,5.0,2Among5NoColour,green,green,Quadrant 1,59.0,1.0,33–64,5
7,105.0,1,1249.2000000007683,1,Task,image_60.jpg,2.0,2Among5ConjRed,blue,green,Quadrant 1,23.0,1.0,17–32,4
7,106.0,2,1220.8999999996158,1,Task,image_16.jpg,2.0,2Among5Colour,green,blue,Quadrant 2,34.0,2.0,33–64,5
7,107.0,2,1939.2999999999884,1,Task,image_25.jpg,2.0,2Among5NoColour,blue,blue,Quadrant 2,4.0,2.0,1–4,1
7,108.0,3,1261.6000000003842,1,Task,image_85.jpg,5.0,2Among5Colour,green,red,Quadrant 3,20.0,3.0,17–32,4
7,109.0,1,3666.800000000047,1,Task,image_66.jpg,2.0,2Among5ConjRed,red,blue,Quadrant 1,59.0,1.0,33–64,5
7,110.0,3,1883.4000000000235,1,Task,image_126.jpg,5.0,2Among5ConjRed,green,red,Quadrant 3,7.0,3.0,5–8,2
7,111.0,2,792.1000000007334,1,Task,image_94.jpg,5.0,2Among5Colour,green,blue,Quadrant 2,65.0,2.0,65–99,6
7,112.0,1,3625.200000000012,0,Task,image_43.jpg,2.0,2Among5NoColour,blue,blue,Quadrant 3,47.0,3.0,33–64,5
7,113.0,4,2072.199999999604,1,Task,image_41.jpg,2.0,2Among5NoColour,blue,blue,Quadrant 4,45.0,4.0,33–64,5
7,114.0,4,793.2999999992317,1,Task,image_14.jpg,2.0,2Among5Colour,red,green,Quadrant 4,25.0,4.0,17–32,4
7,115.0,3,1756.199999999255,1,Task,image_120.jpg,5.0,2Among5ConjRed,blue,green,Quadrant 3,1.0,3.0,1–4,1
7,116.0,2,1838.0999999999767,1,Task,image_107.jpg,5.0,2Among5NoColour,blue,blue,Quadrant 2,14.0,2.0,9–16,3
7,117.0,1,1044.5999999992782,1,Task,image_95.jpg,5.0,2Among5Colour,red,green,Quadrant 1,75.0,1.0,65–99,6
7,118.0,1,3633.59999999992,1,Task,image_55.jpg,2.0,2Among5ConjRed,blue,green,Quadrant 1,8.0,1.0,5–8,2
7,119.0,3,1966.7999999999884,1,Task,image_58.jpg,2.0,2Among5ConjRed,red,green,Quadrant 3,16.0,3.0,9–16,3
7,120.0,2,940.3999999996158,1,Task,image_77.jpg,5.0,2Among5Colour,red,green,Quadrant 2,5.0,2.0,5–8,2
7,121.0,1,3292.299999999639,0,Task,image_46.jpg,2.0,2Among5NoColour,red,red,Quadrant 2,65.0,2.0,65–99,6
7,122.0,4,883.5999999999767,1,Task,image_86.jpg,5.0,2Among5Colour,red,green,Quadrant 4,25.0,4.0,17–32,4
7,123.0,2,1693.6999999996042,1,Task,image_59.jpg,2.0,2Among5ConjRed,blue,red,Quadrant 2,14.0,2.0,9–16,3
7,124.0,4,3676.700000000012,0,Task,image_133.jpg,5.0,2Among5ConjRed,red,blue,Quadrant 3,20.0,3.0,17–32,4
7,125.0,1,699.8999999999651,1,Task,image_75.jpg,5.0,2Among5Colour,green,blue,Quadrant 1,3.0,1.0,1–4,1
7,126.0,4,929.3999999996158,1,Task,image_2.jpg,2.0,2Among5Colour,green,red,Quadrant 4,2.0,4.0,1–4,1
7,127.0,1,2200.800000000745,1,Task,image_105.jpg,5.0,2Among5NoColour,green,green,Quadrant 1,9.0,1.0,9–16,3
7,128.0,1,2177.300000000396,1,Task,image_143.jpg,5.0,2Among5ConjRed,green,blue,Quadrant 1,75.0,1.0,65–99,6
7,129.0,3,2529.200000000361,1,Task,image_48.jpg,2.0,2Among5ConjRed,blue,green,Quadrant 3,1.0,3.0,1–4,1
7,130.0,2,3570.4999999996508,0,Task,image_115.jpg,5.0,2Among5NoColour,blue,blue,Quadrant 3,47.0,3.0,33–64,5
7,131.0,2,673.3000000007451,1,Task,image_87.jpg,5.0,2Among5Colour,blue,green,Quadrant 2,26.0,2.0,17–32,4
7,132.0,4,2824.900000000024,1,Task,image_28.jpg,2.0,2Among5NoColour,red,red,Quadrant 4,6.0,4.0,5–8,2
7,133.0,4,1317.5999999999767,1,Task,image_80.jpg,5.0,2Among5Colour,blue,red,Quadrant 4,15.0,4.0,9–16,3
7,134.0,2,3433.0,0,Task,image_100.jpg,5.0,2Among5NoColour,red,red,Quadrant 4,6.0,4.0,5–8,2
7,135.0,2,2072.800000000745,0,Task,image_27.jpg,2.0,2Among5NoColour,blue,blue,Quadrant 1,3.0,1.0,1–4,1
7,136.0,2,2838.500000000349,0,Task,image_113.jpg,5.0,2Among5NoColour,blue,blue,Quadrant 4,45.0,4.0,33–64,5
7,137.0,3,937.2999999999884,1,Task,image_78.jpg,5.0,2Among5Colour,red,blue,Quadrant 3,7.0,3.0,5–8,2
7,138.0,2,1215.4999999992433,1,Task,image_97.jpg,5.0,2Among5NoColour,blue,blue,Quadrant 2,4.0,2.0,1–4,1
7,139.0,4,991.0999999999768,1,Task,image_20.jpg,2.0,2Among5Colour,blue,red,Quadrant 4,93.0,4.0,65–99,6
7,140.0,4,3127.3999999992666,0,Task,image_42.jpg,2.0,2Among5NoColour,green,green,Quadrant 1,59.0,1.0,33–64,5
7,141.0,2,1715.8999999996158,1,Task,image_131.jpg,5.0,2Among5ConjRed,blue,red,Quadrant 2,14.0,2.0,9–16,3
7,142.0,4,2358.400000000024,1,Task,image_50.jpg,2.0,2Among5ConjRed,red,blue,Quadrant 4,2.0,4.0,1–4,1
7,143.0,2,1449.4000000003723,1,Task,image_29.jpg,2.0,2Among5NoColour,green,green,Quadrant 2,5.0,2.0,5–8,2
7,144.0,2,2316.300000000396,0,Task,image_128.jpg,5.0,2Among5ConjRed,green,blue,Quadrant 4,15.0,4.0,9–16,3
27,1.0,3,712.3999999523221,1,Task,image_78.jpg,5.0,2Among5Colour,red,blue,Quadrant 3,7.0,3.0,5–8,2
27,2.0,3,3869.799999856943,0,Task,image_122.jpg,5.0,2Among5ConjRed,red,blue,Quadrant 4,2.0,4.0,1–4,1
27,3.0,2,1299.4999999523134,1,Task,image_121.jpg,5.0,2Among5ConjRed,blue,red,Quadrant 2,4.0,2.0,1–4,1
27,4.0,1,1612.6999998569518,1,Task,image_95.jpg,5.0,2Among5Colour,red,green,Quadrant 1,75.0,1.0,65–99,6
27,5.0,4,3823.8000000476895,0,Task,image_119.jpg,5.0,2Among5NoColour,blue,blue,Quadrant 1,75.0,1.0,65–99,6
27,6.0,1,3337.399999856949,1,Task,image_123.jpg,5.0,2Among5ConjRed,red,green,Quadrant 1,3.0,1.0,1–4,1
27,7.0,1,4461.699999952311,0,Task,image_62.jpg,2.0,2Among5ConjRed,green,red,Quadrant 4,25.0,4.0,17–32,4
27,8.0,4,3195.099999856946,0,Task,image_126.jpg,5.0,2Among5ConjRed,green,red,Quadrant 3,7.0,3.0,5–8,2
27,9.0,1,7045.599999952319,0,Task,image_104.jpg,5.0,2Among5NoColour,red,red,Quadrant 4,15.0,4.0,9–16,3
27,10.0,2,1642.6000000000058,1,Task,image_77.jpg,5.0,2Among5Colour,red,green,Quadrant 2,5.0,2.0,5–8,2
27,11.0,2,2765.200000047684,1,Task,image_131.jpg,5.0,2Among5ConjRed,blue,red,Quadrant 2,14.0,2.0,9–16,3
27,12.0,1,4724.899999856949,1,Task,image_105.jpg,5.0,2Among5NoColour,green,green,Quadrant 1,9.0,1.0,9–16,3
27,13.0,1,1129.8000000476895,0,Task,image_120.jpg,5.0,2Among5ConjRed,blue,green,Quadrant 3,1.0,3.0,1–4,1
27,14.0,2,3755.799999856943,0,Task,image_117.jpg,5.0,2Among5NoColour,green,green,Quadrant 3,82.0,3.0,65–99,6
27,15.0,2,4863.900000047681,0,Task,image_139.jpg,5.0,2Among5ConjRed,red,green,Quadrant 3,47.0,3.0,33–64,5
27,16.0,4,1401.5999999523192,1,Task,image_2.jpg,2.0,2Among5Colour,green,red,Quadrant 4,2.0,4.0,1–4,1
27,17.0,3,4322.8000000476895,0,Task,image_70.jpg,2.0,2Among5ConjRed,blue,green,Quadrant 2,65.0,2.0,65–99,6
27,18.0,2,1499.2999999999884,1,Task,image_94.jpg,5.0,2Among5Colour,green,blue,Quadrant 2,65.0,2.0,65–99,6
27,19.0,3,4216.299999999988,1,Task,image_43.jpg,2.0,2Among5NoColour,blue,blue,Quadrant 3,47.0,3.0,33–64,5
27,20.0,2,2492.599999904633,0,Task,image_124.jpg,5.0,2Among5ConjRed,green,blue,Quadrant 4,6.0,4.0,5–8,2
27,21.0,1,1717.9999999046267,1,Task,image_3.jpg,2.0,2Among5Colour,green,blue,Quadrant 1,3.0,1.0,1–4,1
27,22.0,4,886.7999999523163,1,Task,image_76.jpg,5.0,2Among5Colour,blue,green,Quadrant 4,6.0,4.0,5–8,2
27,23.0,4,5410.200000000012,0,Task,image_138.jpg,5.0,2Among5ConjRed,red,blue,Quadrant 1,59.0,1.0,33–64,5
27,24.0,3,1157.2999999523165,1,Task,image_85.jpg,5.0,2Among5Colour,green,red,Quadrant 3,20.0,3.0,17–32,4
27,25.0,2,2360.399999856949,1,Task,image_64.jpg,2.0,2Among5ConjRed,red,green,Quadrant 2,34.0,2.0,33–64,5
27,26.0,4,3073.500000047672,0,Task,image_135.jpg,5.0,2Among5ConjRed,green,blue,Quadrant 2,26.0,2.0,17–32,4
27,27.0,3,2784.300000047689,1,Task,image_58.jpg,2.0,2Among5ConjRed,red,green,Quadrant 3,16.0,3.0,9–16,3
27,28.0,1,1759.499999952328,0,Task,image_96.jpg,5.0,2Among5NoColour,green,green,Quadrant 3,1.0,3.0,1–4,1
27,29.0,4,3636.5,1,Task,image_134.jpg,5.0,2Among5ConjRed,green,red,Quadrant 4,25.0,4.0,17–32,4
27,30.0,1,1084.499999856955,1,Task,image_9.jpg,2.0,2Among5Colour,green,blue,Quadrant 1,9.0,1.0,9–16,3
27,31.0,1,1025.499999856955,1,Task,image_7.jpg,2.0,2Among5Colour,green,red,Quadrant 1,8.0,1.0,5–8,2
27,32.0,4,1084.0999998569605,1,Task,image_14.jpg,2.0,2Among5Colour,red,green,Quadrant 4,25.0,4.0,17–32,4
27,33.0,4,4141.100000047678,0,Task,image_111.jpg,5.0,2Among5NoColour,green,green,Quadrant 2,26.0,2.0,17–32,4
27,34.0,3,3216.5,1,Task,image_102.jpg,5.0,2Among5NoColour,blue,blue,Quadrant 3,7.0,3.0,5–8,2
27,35.0,1,1791.600000047678,1,Task,image_81.jpg,5.0,2Among5Colour,green,blue,Quadrant 1,9.0,1.0,9–16,3
27,36.0,1,1144.1999999523105,1,Task,image_79.jpg,5.0,2Among5Colour,green,red,Quadrant 1,8.0,1.0,5–8,2
27,37.0,3,4067.600000000006,0,Task,image_136.jpg,5.0,2Among5ConjRed,red,green,Quadrant 2,34.0,2.0,33–64,5
27,38.0,2,2675.600000000006,1,Task,image_63.jpg,2.0,2Among5ConjRed,green,blue,Quadrant 2,26.0,2.0,17–32,4
27,39.0,1,999.8999998569489,1,Task,image_23.jpg,2.0,2Among5Colour,red,green,Quadrant 1,75.0,1.0,65–99,6
27,40.0,2,707.2999999523163,1,Task,image_1.jpg,2.0,2Among5Colour,blue,red,Quadrant 2,4.0,2.0,1–4,1
27,41.0,1,4006.200000000012,0,Task,image_141.jpg,5.0,2Among5ConjRed,blue,red,Quadrant 3,82.0,3.0,65–99,6
27,42.0,1,3673.799999904644,1,Task,image_103.jpg,5.0,2Among5NoColour,green,green,Quadrant 1,8.0,1.0,5–8,2
27,43.0,4,3220.300000047689,0,Task,image_42.jpg,2.0,2Among5NoColour,green,green,Quadrant 1,59.0,1.0,33–64,5
27,44.0,2,1044.5999999523046,1,Task,image_22.jpg,2.0,2Among5Colour,green,blue,Quadrant 2,65.0,2.0,65–99,6
27,45.0,2,2048.0999998569605,1,Task,image_53.jpg,2.0,2Among5ConjRed,green,red,Quadrant 2,5.0,2.0,5–8,2
27,46.0,1,5251.0999998569605,0,Task,image_35.jpg,2.0,2Among5NoColour,blue,blue,Quadrant 2,14.0,2.0,9–16,3
27,47.0,3,1082.6999999046384,1,Task,image_10.jpg,2.0,2Among5Colour,red,green,Quadrant 3,16.0,3.0,9–16,3
27,48.0,1,2418.6999999523105,1,Task,image_57.jpg,2.0,2Among5ConjRed,red,blue,Quadrant 1,9.0,1.0,9–16,3
27,49.0,3,1320.3000000476895,1,Task,image_82.jpg,5.0,2Among5Colour,red,green,Quadrant 3,16.0,3.0,9–16,3
27,50.0,2,3625.199999856937,1,Task,image_112.jpg,5.0,2Among5NoColour,red,red,Quadrant 2,34.0,2.0,33–64,5
27,51.0,1,3856.5,0,Task,image_142.jpg,5.0,2Among5ConjRed,blue,green,Quadrant 2,65.0,2.0,65–99,6
27,52.0,3,1208.5999999046326,1,Task,image_48.jpg,2.0,2Among5ConjRed,blue,green,Quadrant 3,1.0,3.0,1–4,1
27,53.0,4,2201.299999856943,1,Task,image_50.jpg,2.0,2Among5ConjRed,red,blue,Quadrant 4,2.0,4.0,1–4,1
27,54.0,4,2126.0999998569605,1,Task,image_98.jpg,5.0,2Among5NoColour,red,red,Quadrant 4,2.0,4.0,1–4,1
27,55.0,4,1482.299999856943,1,Task,image_89.jpg,5.0,2Among5Colour,blue,red,Quadrant 4,45.0,4.0,33–64,5
27,56.0,1,2642.600000000006,1,Task,image_51.jpg,2.0,2Among5ConjRed,red,green,Quadrant 1,3.0,1.0,1–4,1
27,57.0,1,1057.7999999046442,1,Task,image_75.jpg,5.0,2Among5Colour,green,blue,Quadrant 1,3.0,1.0,1–4,1
27,58.0,3,2311.4999998569256,1,Task,image_24.jpg,2.0,2Among5NoColour,green,green,Quadrant 3,1.0,3.0,1–4,1
27,59.0,1,5207.30000004766,1,Task,image_66.jpg,2.0,2Among5ConjRed,red,blue,Quadrant 1,59.0,1.0,33–64,5
27,60.0,3,2879.0999999523046,1,Task,image_67.jpg,2.0,2Among5ConjRed,red,green,Quadrant 3,47.0,3.0,33–64,5
27,61.0,4,3659.400000047696,0,Task,image_69.jpg,2.0,2Among5ConjRed,blue,red,Quadrant 3,82.0,3.0,65–99,6
27,62.0,1,1109.1999999046093,1,Task,image_12.jpg,2.0,2Among5Colour,red,blue,Quadrant 1,23.0,1.0,17–32,4
27,63.0,3,3596.200000047684,1,Task,image_34.jpg,2.0,2Among5NoColour,red,red,Quadrant 3,16.0,3.0,9–16,3
27,64.0,4,1998.7999999523165,1,Task,image_28.jpg,2.0,2Among5NoColour,red,red,Quadrant 4,6.0,4.0,5–8,2
27,65.0,2,1589.2000000000116,1,Task,image_73.jpg,5.0,2Among5Colour,blue,red,Quadrant 2,4.0,2.0,1–4,1
27,66.0,2,891.6999999046093,1,Task,image_15.jpg,2.0,2Among5Colour,blue,green,Quadrant 2,26.0,2.0,17–32,4
27,67.0,1,1242.9000000476954,1,Task,image_84.jpg,5.0,2Among5Colour,red,blue,Quadrant 1,23.0,1.0,17–32,4
27,68.0,4,1897.0999998569605,1,Task,image_110.jpg,5.0,2Among5NoColour,red,red,Quadrant 4,25.0,4.0,17–32,4
27,69.0,1,2697.5999998569605,1,Task,image_129.jpg,5.0,2Among5ConjRed,red,blue,Quadrant 1,9.0,1.0,9–16,3
27,70.0,1,3851.0999999523046,1,Task,image_36.jpg,2.0,2Among5NoColour,green,green,Quadrant 1,23.0,1.0,17–32,4
27,71.0,2,2391.999999952328,1,Task,image_97.jpg,5.0,2Among5NoColour,blue,blue,Quadrant 2,4.0,2.0,1–4,1
27,72.0,4,1878.1999998569368,1,Task,image_20.jpg,2.0,2Among5Colour,blue,red,Quadrant 4,93.0,4.0,65–99,6
27,73.0,1,4270.099999904633,0,Task,image_38.jpg,2.0,2Among5NoColour,red,red,Quadrant 4,25.0,4.0,17–32,4
27,74.0,2,978.2000000000116,1,Task,image_5.jpg,2.0,2Among5Colour,red,green,Quadrant 2,5.0,2.0,5–8,2
27,75.0,4,1118.8999998569489,1,Task,image_92.jpg,5.0,2Among5Colour,blue,red,Quadrant 4,93.0,4.0,65–99,6
27,76.0,3,2409.299999904644,1,Task,image_130.jpg,5.0,2Among5ConjRed,red,green,Quadrant 3,16.0,3.0,9–16,3
27,77.0,2,1019.999999904656,1,Task,image_16.jpg,2.0,2Among5Colour,green,blue,Quadrant 2,34.0,2.0,33–64,5
27,78.0,1,912.0999998569604,1,Task,image_18.jpg,2.0,2Among5Colour,red,blue,Quadrant 1,59.0,1.0,33–64,5
27,79.0,1,2687.4999998569256,1,Task,image_55.jpg,2.0,2Among5ConjRed,blue,green,Quadrant 1,8.0,1.0,5–8,2
27,80.0,3,1094.7999999046442,1,Task,image_6.jpg,2.0,2Among5Colour,red,blue,Quadrant 3,7.0,3.0,5–8,2
27,81.0,2,736.3999998569489,1,Task,image_87.jpg,5.0,2Among5Colour,blue,green,Quadrant 2,26.0,2.0,17–32,4
27,82.0,2,4739.0999998569605,0,Task,image_71.jpg,2.0,2Among5ConjRed,green,blue,Quadrant 1,75.0,1.0,65–99,6
27,83.0,4,3333.399999904621,0,Task,image_107.jpg,5.0,2Among5NoColour,blue,blue,Quadrant 2,14.0,2.0,9–16,3
27,84.0,2,4597.0,0,Task,image_113.jpg,5.0,2Among5NoColour,blue,blue,Quadrant 4,45.0,4.0,33–64,5
27,85.0,1,2985.4999998569256,1,Task,image_132.jpg,5.0,2Among5ConjRed,blue,green,Quadrant 1,23.0,1.0,17–32,4
27,86.0,3,3961.5999999999767,0,Task,image_44.jpg,2.0,2Among5NoColour,red,red,Quadrant 4,93.0,4.0,65–99,6
27,87.0,1,3300.899999952293,1,Task,image_127.jpg,5.0,2Among5ConjRed,blue,green,Quadrant 1,8.0,1.0,5–8,2
27,88.0,3,1479.5999999999767,1,Task,image_19.jpg,2.0,2Among5Colour,green,red,Quadrant 3,47.0,3.0,33–64,5
27,89.0,3,1644.5999998569605,1,Task,image_91.jpg,5.0,2Among5Colour,green,red,Quadrant 3,47.0,3.0,33–64,5
27,90.0,4,1599.7999999999884,1,Task,image_8.jpg,2.0,2Among5Colour,blue,red,Quadrant 4,15.0,4.0,9–16,3
27,91.0,1,4282.099999952305,1,Task,image_114.jpg,5.0,2Among5NoColour,green,green,Quadrant 1,59.0,1.0,33–64,5
27,92.0,1,4116.499999856926,1,Task,image_143.jpg,5.0,2Among5ConjRed,green,blue,Quadrant 1,75.0,1.0,65–99,6
27,93.0,3,1079.0999999046326,1,Task,image_93.jpg,5.0,2Among5Colour,blue,green,Quadrant 3,82.0,3.0,65–99,6
27,94.0,4,999.899999952293,1,Task,image_86.jpg,5.0,2Among5Colour,red,green,Quadrant 4,25.0,4.0,17–32,4
27,95.0,4,1542.9000000476954,1,Task,image_74.jpg,5.0,2Among5Colour,green,red,Quadrant 4,2.0,4.0,1–4,1
27,96.0,4,4017.799999999989,0,Task,image_40.jpg,2.0,2Among5NoColour,red,red,Quadrant 2,34.0,2.0,33–64,5
27,97.0,4,805.0999999046326,1,Task,image_80.jpg,5.0,2Among5Colour,blue,red,Quadrant 4,15.0,4.0,9–16,3
27,98.0,3,3445.299999904644,1,Task,image_115.jpg,5.0,2Among5NoColour,blue,blue,Quadrant 3,47.0,3.0,33–64,5
27,99.0,3,1173.1999998569372,1,Task,image_21.jpg,2.0,2Among5Colour,blue,green,Quadrant 3,82.0,3.0,65–99,6
27,100.0,4,1604.2999999999884,1,Task,image_26.jpg,2.0,2Among5NoColour,red,red,Quadrant 4,2.0,4.0,1–4,1
27,101.0,3,4374.999999904656,0,Task,image_33.jpg,2.0,2Among5NoColour,green,green,Quadrant 1,9.0,1.0,9–16,3
27,102.0,1,5382.000000047672,1,Task,image_47.jpg,2.0,2Among5NoColour,blue,blue,Quadrant 1,75.0,1.0,65–99,6
27,103.0,3,2925.899999952293,1,Task,image_30.jpg,2.0,2Among5NoColour,blue,blue,Quadrant 3,7.0,3.0,5–8,2
27,104.0,2,3711.299999999989,1,Task,image_118.jpg,5.0,2Among5NoColour,red,red,Quadrant 2,65.0,2.0,65–99,6
27,105.0,3,4663.699999904609,0,Task,image_116.jpg,5.0,2Among5NoColour,red,red,Quadrant 4,93.0,4.0,65–99,6
27,106.0,4,4164.699999904609,0,Task,image_133.jpg,5.0,2Among5ConjRed,red,blue,Quadrant 3,20.0,3.0,17–32,4
27,107.0,1,4215.5,0,Task,image_45.jpg,2.0,2Among5NoColour,green,green,Quadrant 3,82.0,3.0,65–99,6
27,108.0,3,2018.6999998569368,1,Task,image_54.jpg,2.0,2Among5ConjRed,green,red,Quadrant 3,7.0,3.0,5–8,2
27,109.0,4,1031.1999999046093,1,Task,image_17.jpg,2.0,2Among5Colour,blue,red,Quadrant 4,45.0,4.0,33–64,5
27,110.0,4,3603.799999952316,1,Task,image_56.jpg,2.0,2Among5ConjRed,green,blue,Quadrant 4,15.0,4.0,9–16,3
27,111.0,1,4035.999999952328,1,Task,image_108.jpg,5.0,2Among5NoColour,green,green,Quadrant 1,23.0,1.0,17–32,4
27,112.0,4,2179.0999999523046,1,Task,image_32.jpg,2.0,2Among5NoColour,red,red,Quadrant 4,15.0,4.0,9–16,3
27,113.0,1,1806.799999856972,1,Task,image_99.jpg,5.0,2Among5NoColour,blue,blue,Quadrant 1,3.0,1.0,1–4,1
27,114.0,4,1253.1999999523396,1,Task,image_4.jpg,2.0,2Among5Colour,blue,green,Quadrant 4,6.0,4.0,5–8,2
27,115.0,2,3715.599999856961,1,Task,image_46.jpg,2.0,2Among5NoColour,red,red,Quadrant 2,65.0,2.0,65–99,6
27,116.0,3,1533.2999999999884,1,Task,image_13.jpg,2.0,2Among5Colour,green,red,Quadrant 3,20.0,3.0,17–32,4
27,117.0,2,2964.2999999999884,1,Task,image_25.jpg,2.0,2Among5NoColour,blue,blue,Quadrant 2,4.0,2.0,1–4,1
27,118.0,3,1511.0999999523046,1,Task,image_72.jpg,5.0,2Among5Colour,red,blue,Quadrant 3,1.0,3.0,1–4,1
27,119.0,1,1740.999999952328,1,Task,image_90.jpg,5.0,2Among5Colour,red,blue,Quadrant 1,59.0,1.0,33–64,5
27,120.0,3,1316.399999952293,1,Task,image_0.jpg,2.0,2Among5Colour,red,blue,Quadrant 3,1.0,3.0,1–4,1
27,121.0,2,3046.3000000476604,0,Task,image_65.jpg,2.0,2Among5ConjRed,blue,red,Quadrant 4,45.0,4.0,33–64,5
27,122.0,2,3543.700000000012,1,Task,image_49.jpg,2.0,2Among5ConjRed,blue,red,Quadrant 2,4.0,2.0,1–4,1
27,123.0,4,3256.4999998569256,1,Task,image_100.jpg,5.0,2Among5NoColour,red,red,Quadrant 4,6.0,4.0,5–8,2
27,124.0,2,1074.5999999046326,1,Task,image_83.jpg,5.0,2Among5Colour,blue,green,Quadrant 2,14.0,2.0,9–16,3
27,125.0,3,3831.4000000000233,1,Task,image_37.jpg,2.0,2Among5NoColour,blue,blue,Quadrant 3,20.0,3.0,17–32,4
27,126.0,3,3231.399999952293,1,Task,image_109.jpg,5.0,2Among5NoColour,blue,blue,Quadrant 3,20.0,3.0,17–32,4
27,127.0,1,3182.7999999999884,1,Task,image_27.jpg,2.0,2Among5NoColour,blue,blue,Quadrant 1,3.0,1.0,1–4,1
27,128.0,4,2426.399999952293,1,Task,image_41.jpg,2.0,2Among5NoColour,blue,blue,Quadrant 4,45.0,4.0,33–64,5
27,129.0,2,2613.399999904621,0,Task,image_68.jpg,2.0,2Among5ConjRed,green,red,Quadrant 4,93.0,4.0,65–99,6
27,130.0,3,4454.899999952293,1,Task,image_106.jpg,5.0,2Among5NoColour,red,red,Quadrant 3,16.0,3.0,9–16,3
27,131.0,2,3182.500000047672,1,Task,image_29.jpg,2.0,2Among5NoColour,green,green,Quadrant 2,5.0,2.0,5–8,2
27,132.0,2,2695.900000000024,1,Task,image_101.jpg,5.0,2Among5NoColour,green,green,Quadrant 2,5.0,2.0,5–8,2
27,133.0,2,1083.3999999999069,1,Task,image_11.jpg,2.0,2Among5Colour,blue,green,Quadrant 2,14.0,2.0,9–16,3
27,134.0,4,3028.3000000476604,0,Task,image_61.jpg,2.0,2Among5ConjRed,red,blue,Quadrant 3,20.0,3.0,17–32,4
27,135.0,1,4146.19999995234,0,Task,image_39.jpg,2.0,2Among5NoColour,green,green,Quadrant 2,26.0,2.0,17–32,4
27,136.0,2,1958.100000047707,1,Task,image_59.jpg,2.0,2Among5ConjRed,blue,red,Quadrant 2,14.0,2.0,9–16,3
27,137.0,2,1284.4000000476371,0,Task,image_52.jpg,2.0,2Among5ConjRed,green,blue,Quadrant 4,6.0,4.0,5–8,2
27,138.0,4,2195.7999999523163,1,Task,image_128.jpg,5.0,2Among5ConjRed,green,blue,Quadrant 4,15.0,4.0,9–16,3
27,139.0,2,1161.2000000476835,1,Task,image_88.jpg,5.0,2Among5Colour,green,blue,Quadrant 2,34.0,2.0,33–64,5
27,140.0,1,2530.599999952363,1,Task,image_31.jpg,2.0,2Among5NoColour,green,green,Quadrant 1,8.0,1.0,5–8,2
27,141.0,4,2935.099999904633,1,Task,image_140.jpg,5.0,2Among5ConjRed,green,red,Quadrant 4,93.0,4.0,65–99,6
27,142.0,1,5353.899999952293,1,Task,image_60.jpg,2.0,2Among5ConjRed,blue,green,Quadrant 1,23.0,1.0,17–32,4
27,143.0,4,2766.19999995234,1,Task,image_137.jpg,5.0,2Among5ConjRed,blue,red,Quadrant 4,45.0,4.0,33–64,5
27,144.0,2,2187.299999856972,1,Task,image_125.jpg,5.0,2Among5ConjRed,green,red,Quadrant 2,5.0,2.0,5–8,2
77,1.0,1,6340.000000011933,1,Task,image_108.jpg,5.0,2Among5NoColour,green,green,Quadrant 1,23.0,1.0,17–32,4
77,2.0,3,2773.700000000012,1,Task,image_96.jpg,5.0,2Among5NoColour,green,green,Quadrant 3,1.0,3.0,1–4,1
77,3.0,1,3097.399999999994,1,Task,image_57.jpg,2.0,2Among5ConjRed,red,blue,Quadrant 1,9.0,1.0,9–16,3
77,4.0,1,2041.4000000119267,1,Task,image_95.jpg,5.0,2Among5Colour,red,green,Quadrant 1,75.0,1.0,65–99,6
77,5.0,4,2005.9999999940333,1,Task,image_8.jpg,2.0,2Among5Colour,blue,red,Quadrant 4,15.0,4.0,9–16,3
77,6.0,3,2015.2999999999884,1,Task,image_19.jpg,2.0,2Among5Colour,green,red,Quadrant 3,47.0,3.0,33–64,5
77,7.0,2,2347.600000005972,1,Task,image_53.jpg,2.0,2Among5ConjRed,green,red,Quadrant 2,5.0,2.0,5–8,2
77,8.0,1,2331.1999999999825,1,Task,image_66.jpg,2.0,2Among5ConjRed,red,blue,Quadrant 1,59.0,1.0,33–64,5
77,9.0,3,2239.600000005972,1,Task,image_13.jpg,2.0,2Among5Colour,green,red,Quadrant 3,20.0,3.0,17–32,4
77,10.0,4,3469.299999994051,0,Task,image_132.jpg,5.0,2Among5ConjRed,blue,green,Quadrant 1,23.0,1.0,17–32,4
77,11.0,3,2609.899999999994,1,Task,image_37.jpg,2.0,2Among5NoColour,blue,blue,Quadrant 3,20.0,3.0,17–32,4
77,12.0,4,2801.5000000059663,1,Task,image_98.jpg,5.0,2Among5NoColour,red,red,Quadrant 4,2.0,4.0,1–4,1
77,13.0,3,1884.3999999999944,1,Task,image_21.jpg,2.0,2Among5Colour,blue,green,Quadrant 3,82.0,3.0,65–99,6
77,14.0,1,4711.900000017893,1,Task,image_36.jpg,2.0,2Among5NoColour,green,green,Quadrant 1,23.0,1.0,17–32,4
77,15.0,4,3846.9000000000233,0,Task,image_139.jpg,5.0,2Among5ConjRed,red,green,Quadrant 3,47.0,3.0,33–64,5
77,16.0,2,5023.300000005955,0,Task,image_116.jpg,5.0,2Among5NoColour,red,red,Quadrant 4,93.0,4.0,65–99,6
77,17.0,1,2018.2999999999884,1,Task,image_51.jpg,2.0,2Among5ConjRed,red,green,Quadrant 1,3.0,1.0,1–4,1
77,18.0,2,1953.200000011915,1,Task,image_5.jpg,2.0,2Among5Colour,red,green,Quadrant 2,5.0,2.0,5–8,2
77,19.0,4,2377.900000017893,1,Task,image_74.jpg,5.0,2Among5Colour,green,red,Quadrant 4,2.0,4.0,1–4,1
77,20.0,2,2319.800000005954,1,Task,image_40.jpg,2.0,2Among5NoColour,red,red,Quadrant 2,34.0,2.0,33–64,5
77,21.0,3,2497.7999999999884,1,Task,image_34.jpg,2.0,2Among5NoColour,red,red,Quadrant 3,16.0,3.0,9–16,3
77,22.0,3,4153.600000011909,0,Task,image_127.jpg,5.0,2Among5ConjRed,blue,green,Quadrant 1,8.0,1.0,5–8,2
77,23.0,1,4646.20000000007,1,Task,image_114.jpg,5.0,2Among5NoColour,green,green,Quadrant 1,59.0,1.0,33–64,5
77,24.0,4,2206.700000011944,1,Task,image_17.jpg,2.0,2Among5Colour,blue,red,Quadrant 4,45.0,4.0,33–64,5
77,25.0,2,2007.0000000119328,1,Task,image_22.jpg,2.0,2Among5Colour,green,blue,Quadrant 2,65.0,2.0,65–99,6
77,26.0,2,1961.2999999999884,0,Task,image_52.jpg,2.0,2Among5ConjRed,green,blue,Quadrant 4,6.0,4.0,5–8,2
77,27.0,4,1848.4000000118976,1,Task,image_80.jpg,5.0,2Among5Colour,blue,red,Quadrant 4,15.0,4.0,9–16,3
77,28.0,1,3969.5999999999767,1,Task,image_119.jpg,5.0,2Among5NoColour,blue,blue,Quadrant 1,75.0,1.0,65–99,6
77,29.0,4,3827.899999994028,0,Task,image_130.jpg,5.0,2Among5ConjRed,red,green,Quadrant 3,16.0,3.0,9–16,3
77,30.0,4,2437.5999999940395,1,Task,image_124.jpg,5.0,2Among5ConjRed,green,blue,Quadrant 4,6.0,4.0,5–8,2
77,31.0,2,4783.59999999404,0,Task,image_133.jpg,5.0,2Among5ConjRed,red,blue,Quadrant 3,20.0,3.0,17–32,4
77,32.0,3,3380.7999999999884,1,Task,image_82.jpg,5.0,2Among5Colour,red,green,Quadrant 3,16.0,3.0,9–16,3
77,33.0,4,2767.1000000119093,1,Task,image_56.jpg,2.0,2Among5ConjRed,green,blue,Quadrant 4,15.0,4.0,9–16,3
77,34.0,4,1857.200000011944,1,Task,image_89.jpg,5.0,2Among5Colour,blue,red,Quadrant 4,45.0,4.0,33–64,5
77,35.0,1,2045.7000000178807,1,Task,image_18.jpg,2.0,2Among5Colour,red,blue,Quadrant 1,59.0,1.0,33–64,5
77,36.0,2,3682.399999994028,1,Task,image_39.jpg,2.0,2Among5NoColour,green,green,Quadrant 2,26.0,2.0,17–32,4
77,37.0,1,2737.5999999999767,1,Task,image_60.jpg,2.0,2Among5ConjRed,blue,green,Quadrant 1,23.0,1.0,17–32,4
77,38.0,4,2561.000000005937,1,Task,image_92.jpg,5.0,2Among5Colour,blue,red,Quadrant 4,93.0,4.0,65–99,6
77,39.0,1,4021.4000000118976,0,Task,image_44.jpg,2.0,2Among5NoColour,red,red,Quadrant 4,93.0,4.0,65–99,6
77,40.0,1,1900.700000011944,1,Task,image_9.jpg,2.0,2Among5Colour,green,blue,Quadrant 1,9.0,1.0,9–16,3
77,41.0,4,4493.5,0,Task,image_112.jpg,5.0,2Among5NoColour,red,red,Quadrant 2,34.0,2.0,33–64,5
77,42.0,3,2126.6000000119093,1,Task,image_91.jpg,5.0,2Among5Colour,green,red,Quadrant 3,47.0,3.0,33–64,5
77,43.0,1,4926.300000005984,0,Task,image_136.jpg,5.0,2Among5ConjRed,red,green,Quadrant 2,34.0,2.0,33–64,5
77,44.0,3,2524.1000000179047,1,Task,image_48.jpg,2.0,2Among5ConjRed,blue,green,Quadrant 3,1.0,3.0,1–4,1
77,45.0,1,4298.50000001787,0,Task,image_45.jpg,2.0,2Among5NoColour,green,green,Quadrant 3,82.0,3.0,65–99,6
77,46.0,4,3245.300000005984,1,Task,image_38.jpg,2.0,2Among5NoColour,red,red,Quadrant 4,25.0,4.0,17–32,4
77,47.0,2,1743.7000000000116,1,Task,image_87.jpg,5.0,2Among5Colour,blue,green,Quadrant 2,26.0,2.0,17–32,4
77,48.0,1,3307.400000000024,1,Task,image_33.jpg,2.0,2Among5NoColour,green,green,Quadrant 1,9.0,1.0,9–16,3
77,49.0,3,4502.000000005937,0,Task,image_71.jpg,2.0,2Among5ConjRed,green,blue,Quadrant 1,75.0,1.0,65–99,6
77,50.0,4,4013.300000005984,1,Task,image_128.jpg,5.0,2Among5ConjRed,green,blue,Quadrant 4,15.0,4.0,9–16,3
77,51.0,2,3588.5999999999767,1,Task,image_63.jpg,2.0,2Among5ConjRed,green,blue,Quadrant 2,26.0,2.0,17–32,4
77,52.0,4,3950.399999994028,1,Task,image_134.jpg,5.0,2Among5ConjRed,green,red,Quadrant 4,25.0,4.0,17–32,4
77,53.0,2,2356.000000005937,1,Task,image_83.jpg,5.0,2Among5Colour,blue,green,Quadrant 2,14.0,2.0,9–16,3
77,54.0,2,3963.600000000035,1,Task,image_35.jpg,2.0,2Among5NoColour,blue,blue,Quadrant 2,14.0,2.0,9–16,3
77,55.0,2,2943.399999994028,1,Task,image_101.jpg,5.0,2Among5NoColour,green,green,Quadrant 2,5.0,2.0,5–8,2
77,56.0,1,7754.700000017881,1,Task,image_12.jpg,2.0,2Among5Colour,red,blue,Quadrant 1,23.0,1.0,17–32,4
77,57.0,3,4370.800000005984,0,Task,image_62.jpg,2.0,2Among5ConjRed,green,red,Quadrant 4,25.0,4.0,17–32,4
77,58.0,4,2151.200000005949,1,Task,image_122.jpg,5.0,2Among5ConjRed,red,blue,Quadrant 4,2.0,4.0,1–4,1
77,59.0,3,2388.700000000012,1,Task,image_102.jpg,5.0,2Among5NoColour,blue,blue,Quadrant 3,7.0,3.0,5–8,2
77,60.0,3,3745.600000011909,1,Task,image_58.jpg,2.0,2Among5ConjRed,red,green,Quadrant 3,16.0,3.0,9–16,3
77,61.0,3,3008.5,1,Task,image_141.jpg,5.0,2Among5ConjRed,blue,red,Quadrant 3,82.0,3.0,65–99,6
77,62.0,4,2107.200000011944,1,Task,image_50.jpg,2.0,2Among5ConjRed,red,blue,Quadrant 4,2.0,4.0,1–4,1
77,63.0,1,4019.999999994063,0,Task,image_4.jpg,2.0,2Among5Colour,blue,green,Quadrant 4,6.0,4.0,5–8,2
77,64.0,2,2551.900000000024,0,Task,image_54.jpg,2.0,2Among5ConjRed,green,red,Quadrant 3,7.0,3.0,5–8,2
77,65.0,2,2295.1999999940163,1,Task,image_94.jpg,5.0,2Among5Colour,green,blue,Quadrant 2,65.0,2.0,65–99,6
77,66.0,1,4900.000000011933,1,Task,image_105.jpg,5.0,2Among5NoColour,green,green,Quadrant 1,9.0,1.0,9–16,3
77,67.0,4,4176.200000000012,1,Task,image_140.jpg,5.0,2Among5ConjRed,green,red,Quadrant 4,93.0,4.0,65–99,6
77,68.0,1,2245.0,0,Task,image_126.jpg,5.0,2Among5ConjRed,green,red,Quadrant 3,7.0,3.0,5–8,2
77,69.0,3,4281.4000000059605,0,Task,image_103.jpg,5.0,2Among5NoColour,green,green,Quadrant 1,8.0,1.0,5–8,2
77,70.0,2,4785.600000005972,0,Task,image_41.jpg,2.0,2Among5NoColour,blue,blue,Quadrant 4,45.0,4.0,33–64,5
77,71.0,2,2169.700000011944,1,Task,image_77.jpg,5.0,2Among5Colour,red,green,Quadrant 2,5.0,2.0,5–8,2
77,72.0,1,1895.300000005984,1,Task,image_81.jpg,5.0,2Among5Colour,green,blue,Quadrant 1,9.0,1.0,9–16,3
77,73.0,3,2925.0000000178698,0,Task,image_70.jpg,2.0,2Among5ConjRed,blue,green,Quadrant 2,65.0,2.0,65–99,6
77,74.0,2,1856.1999999940165,1,Task,image_88.jpg,5.0,2Among5Colour,green,blue,Quadrant 2,34.0,2.0,33–64,5
77,75.0,2,2005.100000005972,1,Task,image_11.jpg,2.0,2Among5Colour,blue,green,Quadrant 2,14.0,2.0,9–16,3
77,76.0,1,2221.500000011933,1,Task,image_129.jpg,5.0,2Among5ConjRed,red,blue,Quadrant 1,9.0,1.0,9–16,3
77,77.0,3,3853.800000011921,1,Task,image_61.jpg,2.0,2Among5ConjRed,red,blue,Quadrant 3,20.0,3.0,17–32,4
77,78.0,3,2209.700000000012,1,Task,image_30.jpg,2.0,2Among5NoColour,blue,blue,Quadrant 3,7.0,3.0,5–8,2
77,79.0,1,1765.1999999999534,0,Task,image_107.jpg,5.0,2Among5NoColour,blue,blue,Quadrant 2,14.0,2.0,9–16,3
77,80.0,2,2187.700000011944,1,Task,image_97.jpg,5.0,2Among5NoColour,blue,blue,Quadrant 2,4.0,2.0,1–4,1
77,81.0,3,3543.9000000059605,0,Task,image_55.jpg,2.0,2Among5ConjRed,blue,green,Quadrant 1,8.0,1.0,5–8,2
77,82.0,1,2573.000000005937,1,Task,image_99.jpg,5.0,2Among5NoColour,blue,blue,Quadrant 1,3.0,1.0,1–4,1
77,83.0,4,4003.500000005937,1,Task,image_100.jpg,5.0,2Among5NoColour,red,red,Quadrant 4,6.0,4.0,5–8,2
77,84.0,3,2223.7000000178814,1,Task,image_0.jpg,2.0,2Among5Colour,red,blue,Quadrant 3,1.0,3.0,1–4,1
77,85.0,4,2825.9000000118976,1,Task,image_28.jpg,2.0,2Among5NoColour,red,red,Quadrant 4,6.0,4.0,5–8,2
77,86.0,1,4993.100000005914,0,Task,image_46.jpg,2.0,2Among5NoColour,red,red,Quadrant 2,65.0,2.0,65–99,6
77,87.0,2,1414.5000000059372,1,Task,image_73.jpg,5.0,2Among5Colour,blue,red,Quadrant 2,4.0,2.0,1–4,1
77,88.0,2,1677.700000006007,1,Task,image_125.jpg,5.0,2Among5ConjRed,green,red,Quadrant 2,5.0,2.0,5–8,2
77,89.0,2,2393.000000005937,1,Task,image_25.jpg,2.0,2Among5NoColour,blue,blue,Quadrant 2,4.0,2.0,1–4,1
77,90.0,3,4217.299999993993,0,Task,image_64.jpg,2.0,2Among5ConjRed,red,green,Quadrant 2,34.0,2.0,33–64,5
77,91.0,3,1656.0999999999767,1,Task,image_6.jpg,2.0,2Among5Colour,red,blue,Quadrant 3,7.0,3.0,5–8,2
77,92.0,1,2558.2000000178814,1,Task,image_123.jpg,5.0,2Among5ConjRed,red,green,Quadrant 1,3.0,1.0,1–4,1
77,93.0,4,3449.0,1,Task,image_104.jpg,5.0,2Among5NoColour,red,red,Quadrant 4,15.0,4.0,9–16,3
77,94.0,3,3777.5,1,Task,image_115.jpg,5.0,2Among5NoColour,blue,blue,Quadrant 3,47.0,3.0,33–64,5
77,95.0,2,3297.199999999953,1,Task,image_49.jpg,2.0,2Among5ConjRed,blue,red,Quadrant 2,4.0,2.0,1–4,1
77,96.0,1,4169.800000000047,0,Task,image_110.jpg,5.0,2Among5NoColour,red,red,Quadrant 4,25.0,4.0,17–32,4
77,97.0,3,2971.300000011921,1,Task,image_43.jpg,2.0,2Among5NoColour,blue,blue,Quadrant 3,47.0,3.0,33–64,5
77,98.0,1,1662.899999994086,1,Task,image_3.jpg,2.0,2Among5Colour,green,blue,Quadrant 1,3.0,1.0,1–4,1
77,99.0,3,2025.1000000119675,1,Task,image_78.jpg,5.0,2Among5Colour,red,blue,Quadrant 3,7.0,3.0,5–8,2
77,100.0,3,2490.100000005914,1,Task,image_106.jpg,5.0,2Among5NoColour,red,red,Quadrant 3,16.0,3.0,9–16,3
77,101.0,1,3356.500000005937,1,Task,image_31.jpg,2.0,2Among5NoColour,green,green,Quadrant 1,8.0,1.0,5–8,2
77,102.0,4,2168.500000017928,1,Task,image_76.jpg,5.0,2Among5Colour,blue,green,Quadrant 4,6.0,4.0,5–8,2
77,103.0,2,2687.0999999940395,1,Task,image_29.jpg,2.0,2Among5NoColour,green,green,Quadrant 2,5.0,2.0,5–8,2
77,104.0,3,3225.800000005984,1,Task,image_109.jpg,5.0,2Among5NoColour,blue,blue,Quadrant 3,20.0,3.0,17–32,4
77,105.0,3,4144.5,0,Task,image_68.jpg,2.0,2Among5ConjRed,green,red,Quadrant 4,93.0,4.0,65–99,6
77,106.0,1,1638.5999999940395,1,Task,image_90.jpg,5.0,2Among5Colour,red,blue,Quadrant 1,59.0,1.0,33–64,5
77,107.0,4,1891.300000017858,1,Task,image_20.jpg,2.0,2Among5Colour,blue,red,Quadrant 4,93.0,4.0,65–99,6
77,108.0,2,3030.000000017928,0,Task,image_32.jpg,2.0,2Among5NoColour,red,red,Quadrant 4,15.0,4.0,9–16,3
77,109.0,1,2121.5000000118744,1,Task,image_23.jpg,2.0,2Among5Colour,red,green,Quadrant 1,75.0,1.0,65–99,6
77,110.0,4,3050.8000000000466,1,Task,image_2.jpg,2.0,2Among5Colour,green,red,Quadrant 4,2.0,4.0,1–4,1
77,111.0,2,4599.600000011968,0,Task,image_65.jpg,2.0,2Among5ConjRed,blue,red,Quadrant 4,45.0,4.0,33–64,5
77,112.0,1,3646.899999999907,1,Task,image_7.jpg,2.0,2Among5Colour,green,red,Quadrant 1,8.0,1.0,5–8,2
77,113.0,4,2031.5,1,Task,image_86.jpg,5.0,2Among5Colour,red,green,Quadrant 4,25.0,4.0,17–32,4
77,114.0,2,3130.5999999999767,1,Task,image_142.jpg,5.0,2Among5ConjRed,blue,green,Quadrant 2,65.0,2.0,65–99,6
77,115.0,3,2368.900000017835,1,Task,image_10.jpg,2.0,2Among5Colour,red,green,Quadrant 3,16.0,3.0,9–16,3
77,116.0,2,2134.000000005937,1,Task,image_59.jpg,2.0,2Among5ConjRed,blue,red,Quadrant 2,14.0,2.0,9–16,3
77,117.0,4,3183.500000005937,1,Task,image_26.jpg,2.0,2Among5NoColour,red,red,Quadrant 4,2.0,4.0,1–4,1
77,118.0,3,2151.499999994063,1,Task,image_72.jpg,5.0,2Among5Colour,red,blue,Quadrant 3,1.0,3.0,1–4,1
77,119.0,2,2376.800000017858,1,Task,image_121.jpg,5.0,2Among5ConjRed,blue,red,Quadrant 2,4.0,2.0,1–4,1
77,120.0,1,4555.300000005984,0,Task,image_111.jpg,5.0,2Among5NoColour,green,green,Quadrant 2,26.0,2.0,17–32,4
77,121.0,1,1965.3000000000463,1,Task,image_27.jpg,2.0,2Among5NoColour,blue,blue,Quadrant 1,3.0,1.0,1–4,1
77,122.0,4,3334.200000011944,1,Task,image_137.jpg,5.0,2Among5ConjRed,blue,red,Quadrant 4,45.0,4.0,33–64,5
77,123.0,1,2848.999999994063,0,Task,image_67.jpg,2.0,2Among5ConjRed,red,green,Quadrant 3,47.0,3.0,33–64,5
77,124.0,3,154.20000000600703,1,Task,image_120.jpg,5.0,2Among5ConjRed,blue,green,Quadrant 3,1.0,3.0,1–4,1
77,125.0,3,2244.1000000179047,1,Task,image_85.jpg,5.0,2Among5Colour,green,red,Quadrant 3,20.0,3.0,17–32,4
77,126.0,3,1902.4000000059605,1,Task,image_24.jpg,2.0,2Among5NoColour,green,green,Quadrant 3,1.0,3.0,1–4,1
77,127.0,1,3070.5,1,Task,image_47.jpg,2.0,2Among5NoColour,blue,blue,Quadrant 1,75.0,1.0,65–99,6
77,128.0,4,3817.399999994086,0,Task,image_143.jpg,5.0,2Among5ConjRed,green,blue,Quadrant 1,75.0,1.0,65–99,6
77,129.0,1,1465.6999999999534,1,Task,image_75.jpg,5.0,2Among5Colour,green,blue,Quadrant 1,3.0,1.0,1–4,1
77,130.0,2,4298.500000011874,0,Task,image_117.jpg,5.0,2Among5NoColour,green,green,Quadrant 3,82.0,3.0,65–99,6
77,131.0,4,1379.799999993993,1,Task,image_14.jpg,2.0,2Among5Colour,red,green,Quadrant 4,25.0,4.0,17–32,4
77,132.0,1,3796.1999999999534,0,Task,image_113.jpg,5.0,2Among5NoColour,blue,blue,Quadrant 4,45.0,4.0,33–64,5
77,133.0,1,2070.5999999999767,1,Task,image_138.jpg,5.0,2Among5ConjRed,red,blue,Quadrant 1,59.0,1.0,33–64,5
77,134.0,3,1588.300000017858,1,Task,image_93.jpg,5.0,2Among5Colour,blue,green,Quadrant 3,82.0,3.0,65–99,6
77,135.0,3,2613.000000005937,1,Task,image_69.jpg,2.0,2Among5ConjRed,blue,red,Quadrant 3,82.0,3.0,65–99,6
77,136.0,1,1448.5000000118744,1,Task,image_79.jpg,5.0,2Among5Colour,green,red,Quadrant 1,8.0,1.0,5–8,2
77,137.0,2,1318.799999993993,1,Task,image_16.jpg,2.0,2Among5Colour,green,blue,Quadrant 2,34.0,2.0,33–64,5
77,138.0,1,870.4000000118976,1,Task,image_84.jpg,5.0,2Among5Colour,red,blue,Quadrant 1,23.0,1.0,17–32,4
77,139.0,2,942.399999994086,1,Task,image_15.jpg,2.0,2Among5Colour,blue,green,Quadrant 2,26.0,2.0,17–32,4
77,140.0,1,3680.0000000118735,1,Task,image_42.jpg,2.0,2Among5NoColour,green,green,Quadrant 1,59.0,1.0,33–64,5
77,141.0,1,1785.0,0,Task,image_131.jpg,5.0,2Among5ConjRed,blue,red,Quadrant 2,14.0,2.0,9–16,3
77,142.0,4,3788.600000005914,0,Task,image_118.jpg,5.0,2Among5NoColour,red,red,Quadrant 2,65.0,2.0,65–99,6
77,143.0,2,1956.800000017858,1,Task,image_135.jpg,5.0,2Among5ConjRed,green,blue,Quadrant 2,26.0,2.0,17–32,4
77,144.0,1,1629.100000005914,0,Task,image_1.jpg,2.0,2Among5Colour,blue,red,Quadrant 2,4.0,2.0,1–4,1
70,1.0,2,4084.0999999284686,1,Task,image_16.jpg,2.0,2Among5Colour,green,blue,Quadrant 2,34.0,2.0,33–64,5
70,2.0,2,6338.299999999988,1,Task,image_107.jpg,5.0,2Among5NoColour,blue,blue,Quadrant 2,14.0,2.0,9–16,3
70,3.0,1,5448.200000000012,0,Task,image_131.jpg,5.0,2Among5ConjRed,blue,red,Quadrant 2,14.0,2.0,9–16,3
70,4.0,3,2677.999999976164,1,Task,image_78.jpg,5.0,2Among5Colour,red,blue,Quadrant 3,7.0,3.0,5–8,2
70,5.0,1,5599.000000000029,0,Task,image_69.jpg,2.0,2Among5ConjRed,blue,red,Quadrant 3,82.0,3.0,65–99,6
70,6.0,3,5463.299999999988,1,Task,image_67.jpg,2.0,2Among5ConjRed,red,green,Quadrant 3,47.0,3.0,33–64,5
70,7.0,2,4368.600000000006,1,Task,image_63.jpg,2.0,2Among5ConjRed,green,blue,Quadrant 2,26.0,2.0,17–32,4
70,8.0,4,3103.0,1,Task,image_89.jpg,5.0,2Among5Colour,blue,red,Quadrant 4,45.0,4.0,33–64,5
70,9.0,2,5643.399999904621,0,Task,image_109.jpg,5.0,2Among5NoColour,blue,blue,Quadrant 3,20.0,3.0,17–32,4
70,10.0,2,3241.6999999761465,1,Task,image_11.jpg,2.0,2Among5Colour,blue,green,Quadrant 2,14.0,2.0,9–16,3
70,11.0,1,1926.499999952328,1,Task,image_18.jpg,2.0,2Among5Colour,red,blue,Quadrant 1,59.0,1.0,33–64,5
70,12.0,4,3365.700000000012,1,Task,image_124.jpg,5.0,2Among5ConjRed,green,blue,Quadrant 4,6.0,4.0,5–8,2
70,13.0,1,2451.399999928486,1,Task,image_23.jpg,2.0,2Among5Colour,red,green,Quadrant 1,75.0,1.0,65–99,6
70,14.0,3,3047.1999999284744,1,Task,image_126.jpg,5.0,2Among5ConjRed,green,red,Quadrant 3,7.0,3.0,5–8,2
70,15.0,2,5245.59999997617,0,Task,image_68.jpg,2.0,2Among5ConjRed,green,red,Quadrant 4,93.0,4.0,65–99,6
70,16.0,3,3574.899999976158,1,Task,image_130.jpg,5.0,2Among5ConjRed,red,green,Quadrant 3,16.0,3.0,9–16,3
70,17.0,3,4584.600000000006,1,Task,image_141.jpg,5.0,2Among5ConjRed,blue,red,Quadrant 3,82.0,3.0,65–99,6
70,18.0,4,4712.299999999988,0,Task,image_112.jpg,5.0,2Among5NoColour,red,red,Quadrant 2,34.0,2.0,33–64,5
70,19.0,4,2732.6999999284744,1,Task,image_17.jpg,2.0,2Among5Colour,blue,red,Quadrant 4,45.0,4.0,33–64,5
70,20.0,3,5142.299999976152,0,Task,image_110.jpg,5.0,2Among5NoColour,red,red,Quadrant 4,25.0,4.0,17–32,4
70,21.0,3,4125.5,0,Task,image_122.jpg,5.0,2Among5ConjRed,red,blue,Quadrant 4,2.0,4.0,1–4,1
70,22.0,1,4565.999999999942,0,Task,image_139.jpg,5.0,2Among5ConjRed,red,green,Quadrant 3,47.0,3.0,33–64,5
70,23.0,1,2645.59999997617,1,Task,image_12.jpg,2.0,2Among5Colour,red,blue,Quadrant 1,23.0,1.0,17–32,4
70,24.0,4,4327.099999999977,0,Task,image_121.jpg,5.0,2Among5ConjRed,blue,red,Quadrant 2,4.0,2.0,1–4,1
70,25.0,3,2565.2999999523163,1,Task,image_21.jpg,2.0,2Among5Colour,blue,green,Quadrant 3,82.0,3.0,65–99,6
70,26.0,4,4968.899999928486,1,Task,image_56.jpg,2.0,2Among5ConjRed,green,blue,Quadrant 4,15.0,4.0,9–16,3
70,27.0,1,2136.6999999284744,1,Task,image_9.jpg,2.0,2Among5Colour,green,blue,Quadrant 1,9.0,1.0,9–16,3
70,28.0,3,4505.299999928451,1,Task,image_43.jpg,2.0,2Among5NoColour,blue,blue,Quadrant 3,47.0,3.0,33–64,5
70,29.0,3,4135.299999976181,1,Task,image_48.jpg,2.0,2Among5ConjRed,blue,green,Quadrant 3,1.0,3.0,1–4,1
70,30.0,2,4324.09999997617,1,Task,image_136.jpg,5.0,2Among5ConjRed,red,green,Quadrant 2,34.0,2.0,33–64,5
70,31.0,4,3469.999999952328,1,Task,image_113.jpg,5.0,2Among5NoColour,blue,blue,Quadrant 4,45.0,4.0,33–64,5
70,32.0,4,3720.399999904621,1,Task,image_52.jpg,2.0,2Among5ConjRed,green,blue,Quadrant 4,6.0,4.0,5–8,2
70,33.0,3,3432.0,1,Task,image_30.jpg,2.0,2Among5NoColour,blue,blue,Quadrant 3,7.0,3.0,5–8,2
70,34.0,3,2352.1999999284744,1,Task,image_24.jpg,2.0,2Among5NoColour,green,green,Quadrant 3,1.0,3.0,1–4,1
70,35.0,3,4876.499999928463,0,Task,image_38.jpg,2.0,2Among5NoColour,red,red,Quadrant 4,25.0,4.0,17–32,4
70,36.0,4,3645.499999928463,1,Task,image_92.jpg,5.0,2Among5Colour,blue,red,Quadrant 4,93.0,4.0,65–99,6
70,37.0,4,3453.7999999999884,1,Task,image_28.jpg,2.0,2Among5NoColour,red,red,Quadrant 4,6.0,4.0,5–8,2
70,38.0,4,2254.700000000012,1,Task,image_26.jpg,2.0,2Among5NoColour,red,red,Quadrant 4,2.0,4.0,1–4,1
70,39.0,3,3594.1999999284744,1,Task,image_61.jpg,2.0,2Among5ConjRed,red,blue,Quadrant 3,20.0,3.0,17–32,4
70,40.0,3,2549.699999999953,0,Task,image_31.jpg,2.0,2Among5NoColour,green,green,Quadrant 1,8.0,1.0,5–8,2
70,41.0,2,4846.0,1,Task,image_142.jpg,5.0,2Among5ConjRed,blue,green,Quadrant 2,65.0,2.0,65–99,6
70,42.0,1,2065.499999952328,1,Task,image_81.jpg,5.0,2Among5Colour,green,blue,Quadrant 1,9.0,1.0,9–16,3
70,43.0,2,4472.399999952293,1,Task,image_46.jpg,2.0,2Among5NoColour,red,red,Quadrant 2,65.0,2.0,65–99,6
70,44.0,3,3959.299999976181,1,Task,image_106.jpg,5.0,2Among5NoColour,red,red,Quadrant 3,16.0,3.0,9–16,3
70,45.0,3,2191.499999952328,1,Task,image_91.jpg,5.0,2Among5Colour,green,red,Quadrant 3,47.0,3.0,33–64,5
70,46.0,2,6092.099999952305,1,Task,image_70.jpg,2.0,2Among5ConjRed,blue,green,Quadrant 2,65.0,2.0,65–99,6
70,47.0,2,3179.999999976135,1,Task,image_25.jpg,2.0,2Among5NoColour,blue,blue,Quadrant 2,4.0,2.0,1–4,1
70,48.0,2,2241.299999928451,1,Task,image_59.jpg,2.0,2Among5ConjRed,blue,red,Quadrant 2,14.0,2.0,9–16,3
70,49.0,4,2252.499999928463,1,Task,image_98.jpg,5.0,2Among5NoColour,red,red,Quadrant 4,2.0,4.0,1–4,1
70,50.0,1,4381.099999904633,1,Task,image_66.jpg,2.0,2Among5ConjRed,red,blue,Quadrant 1,59.0,1.0,33–64,5
70,51.0,4,2725.0999999284977,1,Task,image_100.jpg,5.0,2Among5NoColour,red,red,Quadrant 4,6.0,4.0,5–8,2
70,52.0,1,2552.2999999523163,1,Task,image_51.jpg,2.0,2Among5ConjRed,red,green,Quadrant 1,3.0,1.0,1–4,1
70,53.0,3,4704.299999999988,0,Task,image_42.jpg,2.0,2Among5NoColour,green,green,Quadrant 1,59.0,1.0,33–64,5
70,54.0,2,5415.0,0,Task,image_143.jpg,5.0,2Among5ConjRed,green,blue,Quadrant 1,75.0,1.0,65–99,6
70,55.0,4,2696.7999999761814,1,Task,image_86.jpg,5.0,2Among5Colour,red,green,Quadrant 4,25.0,4.0,17–32,4
70,56.0,3,3784.0,0,Task,image_123.jpg,5.0,2Among5ConjRed,red,green,Quadrant 1,3.0,1.0,1–4,1
70,57.0,1,3239.19999995234,1,Task,image_55.jpg,2.0,2Among5ConjRed,blue,green,Quadrant 1,8.0,1.0,5–8,2
70,58.0,3,3005.299999904644,1,Task,image_34.jpg,2.0,2Among5NoColour,red,red,Quadrant 3,16.0,3.0,9–16,3
70,59.0,1,5430.399999928486,0,Task,image_117.jpg,5.0,2Among5NoColour,green,green,Quadrant 3,82.0,3.0,65–99,6
70,60.0,1,4108.199999928474,1,Task,image_132.jpg,5.0,2Among5ConjRed,blue,green,Quadrant 1,23.0,1.0,17–32,4
70,61.0,4,3222.099999904633,1,Task,image_8.jpg,2.0,2Among5Colour,blue,red,Quadrant 4,15.0,4.0,9–16,3
70,62.0,1,3646.1999999284735,1,Task,image_33.jpg,2.0,2Among5NoColour,green,green,Quadrant 1,9.0,1.0,9–16,3
70,63.0,1,2769.1999999284744,1,Task,image_36.jpg,2.0,2Among5NoColour,green,green,Quadrant 1,23.0,1.0,17–32,4
70,64.0,1,4368.499999928463,1,Task,image_105.jpg,5.0,2Among5NoColour,green,green,Quadrant 1,9.0,1.0,9–16,3
70,65.0,4,2818.7999999523163,1,Task,image_80.jpg,5.0,2Among5Colour,blue,red,Quadrant 4,15.0,4.0,9–16,3
70,66.0,3,3273.5999999523046,1,Task,image_45.jpg,2.0,2Among5NoColour,green,green,Quadrant 3,82.0,3.0,65–99,6
70,67.0,1,2436.7999999761814,1,Task,image_27.jpg,2.0,2Among5NoColour,blue,blue,Quadrant 1,3.0,1.0,1–4,1
70,68.0,2,3299.5,1,Task,image_64.jpg,2.0,2Among5ConjRed,red,green,Quadrant 2,34.0,2.0,33–64,5
70,69.0,1,2095.999999952328,1,Task,image_79.jpg,5.0,2Among5Colour,green,red,Quadrant 1,8.0,1.0,5–8,2
70,70.0,3,1904.0999999999767,1,Task,image_19.jpg,2.0,2Among5Colour,green,red,Quadrant 3,47.0,3.0,33–64,5
70,71.0,2,4415.9000000000815,0,Task,image_114.jpg,5.0,2Among5NoColour,green,green,Quadrant 1,59.0,1.0,33–64,5
70,72.0,1,3955.899999952293,1,Task,image_127.jpg,5.0,2Among5ConjRed,blue,green,Quadrant 1,8.0,1.0,5–8,2
70,73.0,1,2077.5,1,Task,image_75.jpg,5.0,2Among5Colour,green,blue,Quadrant 1,3.0,1.0,1–4,1
70,74.0,2,5123.1999999761465,1,Task,image_111.jpg,5.0,2Among5NoColour,green,green,Quadrant 2,26.0,2.0,17–32,4
70,75.0,1,2780.399999904621,1,Task,image_95.jpg,5.0,2Among5Colour,red,green,Quadrant 1,75.0,1.0,65–99,6
70,76.0,2,1892.19999995234,1,Task,image_87.jpg,5.0,2Among5Colour,blue,green,Quadrant 2,26.0,2.0,17–32,4
70,77.0,3,2319.099999904633,1,Task,image_93.jpg,5.0,2Among5Colour,blue,green,Quadrant 3,82.0,3.0,65–99,6
70,78.0,3,4376.199999904609,0,Task,image_137.jpg,5.0,2Among5ConjRed,blue,red,Quadrant 4,45.0,4.0,33–64,5
70,79.0,3,3343.599999904633,1,Task,image_85.jpg,5.0,2Among5Colour,green,red,Quadrant 3,20.0,3.0,17–32,4
70,80.0,1,2525.299999904644,1,Task,image_7.jpg,2.0,2Among5Colour,green,red,Quadrant 1,8.0,1.0,5–8,2
70,81.0,4,3503.799999904586,1,Task,image_134.jpg,5.0,2Among5ConjRed,green,red,Quadrant 4,25.0,4.0,17–32,4
70,82.0,3,2795.499999928521,1,Task,image_13.jpg,2.0,2Among5Colour,green,red,Quadrant 3,20.0,3.0,17–32,4
70,83.0,1,4646.699999999953,0,Task,image_115.jpg,5.0,2Among5NoColour,blue,blue,Quadrant 3,47.0,3.0,33–64,5
70,84.0,1,2368.899999928428,1,Task,image_84.jpg,5.0,2Among5Colour,red,blue,Quadrant 1,23.0,1.0,17–32,4
70,85.0,4,4054.5,1,Task,image_65.jpg,2.0,2Among5ConjRed,blue,red,Quadrant 4,45.0,4.0,33–64,5
70,86.0,4,3244.399999904679,1,Task,image_50.jpg,2.0,2Among5ConjRed,red,blue,Quadrant 4,2.0,4.0,1–4,1
70,87.0,4,6088.599999904633,0,Task,image_133.jpg,5.0,2Among5ConjRed,red,blue,Quadrant 3,20.0,3.0,17–32,4
70,88.0,3,4854.799999952316,1,Task,image_37.jpg,2.0,2Among5NoColour,blue,blue,Quadrant 3,20.0,3.0,17–32,4
70,89.0,4,4496.099999928498,0,Task,image_97.jpg,5.0,2Among5NoColour,blue,blue,Quadrant 2,4.0,2.0,1–4,1
70,90.0,2,3296.999999928521,1,Task,image_22.jpg,2.0,2Among5Colour,green,blue,Quadrant 2,65.0,2.0,65–99,6
70,91.0,2,5578.399999952293,1,Task,image_39.jpg,2.0,2Among5NoColour,green,green,Quadrant 2,26.0,2.0,17–32,4
70,92.0,3,5301.499999976135,0,Task,image_41.jpg,2.0,2Among5NoColour,blue,blue,Quadrant 4,45.0,4.0,33–64,5
70,93.0,3,3481.299999904586,1,Task,image_10.jpg,2.0,2Among5Colour,red,green,Quadrant 3,16.0,3.0,9–16,3
70,94.0,4,5747.69999995234,0,Task,image_40.jpg,2.0,2Among5NoColour,red,red,Quadrant 2,34.0,2.0,33–64,5
70,95.0,3,4418.599999999977,1,Task,image_102.jpg,5.0,2Among5NoColour,blue,blue,Quadrant 3,7.0,3.0,5–8,2
70,96.0,4,2486.6999999762047,1,Task,image_2.jpg,2.0,2Among5Colour,green,red,Quadrant 4,2.0,4.0,1–4,1
70,97.0,2,4557.899999976158,1,Task,image_101.jpg,5.0,2Among5NoColour,green,green,Quadrant 2,5.0,2.0,5–8,2
70,98.0,2,1969.499999928521,1,Task,image_88.jpg,5.0,2Among5Colour,green,blue,Quadrant 2,34.0,2.0,33–64,5
70,99.0,1,5696.699999928474,1,Task,image_119.jpg,5.0,2Among5NoColour,blue,blue,Quadrant 1,75.0,1.0,65–99,6
70,100.0,2,3640.499999904656,1,Task,image_49.jpg,2.0,2Among5ConjRed,blue,red,Quadrant 2,4.0,2.0,1–4,1
70,101.0,1,2581.1999999762047,1,Task,image_3.jpg,2.0,2Among5Colour,green,blue,Quadrant 1,3.0,1.0,1–4,1
70,102.0,3,3588.599999976112,1,Task,image_54.jpg,2.0,2Among5ConjRed,green,red,Quadrant 3,7.0,3.0,5–8,2
70,103.0,1,4960.099999904633,1,Task,image_108.jpg,5.0,2Among5NoColour,green,green,Quadrant 1,23.0,1.0,17–32,4
70,104.0,4,2543.399999904679,1,Task,image_4.jpg,2.0,2Among5Colour,blue,green,Quadrant 4,6.0,4.0,5–8,2
70,105.0,4,1792.499999904656,1,Task,image_76.jpg,5.0,2Among5Colour,blue,green,Quadrant 4,6.0,4.0,5–8,2
70,106.0,2,2823.399999928428,1,Task,image_83.jpg,5.0,2Among5Colour,blue,green,Quadrant 2,14.0,2.0,9–16,3
70,107.0,2,6911.999999976135,1,Task,image_15.jpg,2.0,2Among5Colour,blue,green,Quadrant 2,26.0,2.0,17–32,4
70,108.0,4,5306.99999995227,1,Task,image_128.jpg,5.0,2Among5ConjRed,green,blue,Quadrant 4,15.0,4.0,9–16,3
70,109.0,3,2213.999999928521,1,Task,image_0.jpg,2.0,2Among5Colour,red,blue,Quadrant 3,1.0,3.0,1–4,1
70,110.0,4,4075.599999904633,1,Task,image_74.jpg,5.0,2Among5Colour,green,red,Quadrant 4,2.0,4.0,1–4,1
70,111.0,4,2502.499999976135,1,Task,image_14.jpg,2.0,2Among5Colour,red,green,Quadrant 4,25.0,4.0,17–32,4
70,112.0,2,2758.6999999284744,1,Task,image_77.jpg,5.0,2Among5Colour,red,green,Quadrant 2,5.0,2.0,5–8,2
70,113.0,3,2983.299999928451,1,Task,image_6.jpg,2.0,2Among5Colour,red,blue,Quadrant 3,7.0,3.0,5–8,2
70,114.0,2,3949.299999928451,1,Task,image_73.jpg,5.0,2Among5Colour,blue,red,Quadrant 2,4.0,2.0,1–4,1
70,115.0,3,2715.2999999761814,1,Task,image_72.jpg,5.0,2Among5Colour,red,blue,Quadrant 3,1.0,3.0,1–4,1
70,116.0,2,2782.699999999953,1,Task,image_125.jpg,5.0,2Among5ConjRed,green,red,Quadrant 2,5.0,2.0,5–8,2
70,117.0,4,3179.799999904586,0,Task,image_60.jpg,2.0,2Among5ConjRed,blue,green,Quadrant 1,23.0,1.0,17–32,4
70,118.0,2,2657.5999999284977,1,Task,image_5.jpg,2.0,2Among5Colour,red,green,Quadrant 2,5.0,2.0,5–8,2
70,119.0,4,3163.899999952293,1,Task,image_104.jpg,5.0,2Among5NoColour,red,red,Quadrant 4,15.0,4.0,9–16,3
70,120.0,2,4767.399999952293,0,Task,image_47.jpg,2.0,2Among5NoColour,blue,blue,Quadrant 1,75.0,1.0,65–99,6
70,121.0,4,5194.599999999977,0,Task,image_103.jpg,5.0,2Among5NoColour,green,green,Quadrant 1,8.0,1.0,5–8,2
70,122.0,4,5565.799999976181,1,Task,image_44.jpg,2.0,2Among5NoColour,red,red,Quadrant 4,93.0,4.0,65–99,6
70,123.0,4,4459.899999928428,1,Task,image_140.jpg,5.0,2Among5ConjRed,green,red,Quadrant 4,93.0,4.0,65–99,6
70,124.0,3,3735.299999904586,1,Task,image_120.jpg,5.0,2Among5ConjRed,blue,green,Quadrant 3,1.0,3.0,1–4,1
70,125.0,4,2276.1999999284744,1,Task,image_20.jpg,2.0,2Among5Colour,blue,red,Quadrant 4,93.0,4.0,65–99,6
70,126.0,1,2334.69999995234,1,Task,image_90.jpg,5.0,2Among5Colour,red,blue,Quadrant 1,59.0,1.0,33–64,5
70,127.0,2,3928.099999952363,1,Task,image_135.jpg,5.0,2Among5ConjRed,green,blue,Quadrant 2,26.0,2.0,17–32,4
70,128.0,4,3062.0,0,Task,image_58.jpg,2.0,2Among5ConjRed,red,green,Quadrant 3,16.0,3.0,9–16,3
70,129.0,1,3045.499999904656,1,Task,image_138.jpg,5.0,2Among5ConjRed,red,blue,Quadrant 1,59.0,1.0,33–64,5
70,130.0,1,1729.2999999284511,1,Task,image_129.jpg,5.0,2Among5ConjRed,red,blue,Quadrant 1,9.0,1.0,9–16,3
70,131.0,1,4082.5,0,Task,image_118.jpg,5.0,2Among5NoColour,red,red,Quadrant 2,65.0,2.0,65–99,6
70,132.0,1,2476.199999999953,0,Task,image_82.jpg,5.0,2Among5Colour,red,green,Quadrant 3,16.0,3.0,9–16,3
70,133.0,4,4557.999999976135,1,Task,image_32.jpg,2.0,2Among5NoColour,red,red,Quadrant 4,15.0,4.0,9–16,3
70,134.0,3,5431.79999999993,0,Task,image_71.jpg,2.0,2Among5ConjRed,green,blue,Quadrant 1,75.0,1.0,65–99,6
70,135.0,3,2959.6999999762047,1,Task,image_96.jpg,5.0,2Among5NoColour,green,green,Quadrant 3,1.0,3.0,1–4,1
70,136.0,2,5192.399999976158,0,Task,image_62.jpg,2.0,2Among5ConjRed,green,red,Quadrant 4,25.0,4.0,17–32,4
70,137.0,4,4914.400000000023,0,Task,image_35.jpg,2.0,2Among5NoColour,blue,blue,Quadrant 2,14.0,2.0,9–16,3
70,138.0,1,5269.699999904609,0,Task,image_116.jpg,5.0,2Among5NoColour,red,red,Quadrant 4,93.0,4.0,65–99,6
70,139.0,2,3660.599999976112,1,Task,image_29.jpg,2.0,2Among5NoColour,green,green,Quadrant 2,5.0,2.0,5–8,2
70,140.0,2,2341.999999928521,1,Task,image_94.jpg,5.0,2Among5Colour,green,blue,Quadrant 2,65.0,2.0,65–99,6
70,141.0,1,3642.899999928428,1,Task,image_57.jpg,2.0,2Among5ConjRed,red,blue,Quadrant 1,9.0,1.0,9–16,3
70,142.0,1,3505.599999976112,1,Task,image_99.jpg,5.0,2Among5NoColour,blue,blue,Quadrant 1,3.0,1.0,1–4,1
70,143.0,2,2058.1999999284744,1,Task,image_1.jpg,2.0,2Among5Colour,blue,red,Quadrant 2,4.0,2.0,1–4,1
70,144.0,2,2442.1999999762047,1,Task,image_53.jpg,2.0,2Among5ConjRed,green,red,Quadrant 2,5.0,2.0,5–8,2
91,1.0,4,1021.6999999761464,1,Task,image_92.jpg,5.0,2Among5Colour,blue,red,Quadrant 4,93.0,4.0,65–99,6
91,2.0,2,2077.200000047684,1,Task,image_101.jpg,5.0,2Among5NoColour,green,green,Quadrant 2,5.0,2.0,5–8,2
91,3.0,2,3154.4000000715314,0,Task,image_38.jpg,2.0,2Among5NoColour,red,red,Quadrant 4,25.0,4.0,17–32,4
91,4.0,1,2260.900000047696,1,Task,image_129.jpg,5.0,2Among5ConjRed,red,blue,Quadrant 1,9.0,1.0,9–16,3
91,5.0,4,1842.900000047696,0,Task,image_60.jpg,2.0,2Among5ConjRed,blue,green,Quadrant 1,23.0,1.0,17–32,4
91,6.0,4,1872.8000000476893,0,Task,image_71.jpg,2.0,2Among5ConjRed,green,blue,Quadrant 1,75.0,1.0,65–99,6
91,7.0,1,1678.2999999999884,1,Task,image_7.jpg,2.0,2Among5Colour,green,red,Quadrant 1,8.0,1.0,5–8,2
91,8.0,4,1906.8000000715256,1,Task,image_52.jpg,2.0,2Among5ConjRed,green,blue,Quadrant 4,6.0,4.0,5–8,2
91,9.0,1,2630.4000000715314,0,Task,image_142.jpg,5.0,2Among5ConjRed,blue,green,Quadrant 2,65.0,2.0,65–99,6
91,10.0,2,2884.800000023853,0,Task,image_138.jpg,5.0,2Among5ConjRed,red,blue,Quadrant 1,59.0,1.0,33–64,5
91,11.0,4,1603.0999999761698,1,Task,image_74.jpg,5.0,2Among5Colour,green,red,Quadrant 4,2.0,4.0,1–4,1
91,12.0,3,1546.3000000476895,1,Task,image_0.jpg,2.0,2Among5Colour,red,blue,Quadrant 3,1.0,3.0,1–4,1
91,13.0,3,3060.100000047678,0,Task,image_47.jpg,2.0,2Among5NoColour,blue,blue,Quadrant 1,75.0,1.0,65–99,6
91,14.0,2,1826.6000000238416,0,Task,image_62.jpg,2.0,2Among5ConjRed,green,red,Quadrant 4,25.0,4.0,17–32,4
91,15.0,3,2768.899999999994,1,Task,image_115.jpg,5.0,2Among5NoColour,blue,blue,Quadrant 3,47.0,3.0,33–64,5
91,16.0,4,1722.8000000238535,0,Task,image_54.jpg,2.0,2Among5ConjRed,green,red,Quadrant 3,7.0,3.0,5–8,2
91,17.0,2,3085.800000023853,0,Task,image_130.jpg,5.0,2Among5ConjRed,red,green,Quadrant 3,16.0,3.0,9–16,3
91,18.0,2,2035.3000000238533,1,Task,image_97.jpg,5.0,2Among5NoColour,blue,blue,Quadrant 2,4.0,2.0,1–4,1
91,19.0,1,2409.399999976158,1,Task,image_119.jpg,5.0,2Among5NoColour,blue,blue,Quadrant 1,75.0,1.0,65–99,6
91,20.0,3,1465.399999999965,1,Task,image_120.jpg,5.0,2Among5ConjRed,blue,green,Quadrant 3,1.0,3.0,1–4,1
91,21.0,2,1433.7000000715198,1,Task,image_63.jpg,2.0,2Among5ConjRed,green,blue,Quadrant 2,26.0,2.0,17–32,4
91,22.0,3,2013.200000000012,1,Task,image_34.jpg,2.0,2Among5NoColour,red,red,Quadrant 3,16.0,3.0,9–16,3
91,23.0,1,1892.1999999761465,1,Task,image_12.jpg,2.0,2Among5Colour,red,blue,Quadrant 1,23.0,1.0,17–32,4
91,24.0,3,2448.0999999999767,0,Task,image_44.jpg,2.0,2Among5NoColour,red,red,Quadrant 4,93.0,4.0,65–99,6
91,25.0,2,1351.2999999999884,0,Task,image_100.jpg,5.0,2Among5NoColour,red,red,Quadrant 4,6.0,4.0,5–8,2
91,26.0,4,1600.7000000476835,0,Task,image_58.jpg,2.0,2Among5ConjRed,red,green,Quadrant 3,16.0,3.0,9–16,3
91,27.0,2,1441.4000000476954,1,Task,image_112.jpg,5.0,2Among5NoColour,red,red,Quadrant 2,34.0,2.0,33–64,5
91,28.0,2,1381.600000023842,0,Task,image_86.jpg,5.0,2Among5Colour,red,green,Quadrant 4,25.0,4.0,17–32,4
91,29.0,1,2191.100000000006,1,Task,image_33.jpg,2.0,2Among5NoColour,green,green,Quadrant 1,9.0,1.0,9–16,3
91,30.0,3,2519.600000023842,0,Task,image_59.jpg,2.0,2Among5ConjRed,blue,red,Quadrant 2,14.0,2.0,9–16,3
91,31.0,2,1890.8000000476893,1,Task,image_107.jpg,5.0,2Among5NoColour,blue,blue,Quadrant 2,14.0,2.0,9–16,3
91,32.0,3,2190.2999999999884,1,Task,image_13.jpg,2.0,2Among5Colour,green,red,Quadrant 3,20.0,3.0,17–32,4
91,33.0,4,1174.8000000476895,1,Task,image_20.jpg,2.0,2Among5Colour,blue,red,Quadrant 4,93.0,4.0,65–99,6
91,34.0,2,1327.500000047672,0,Task,image_143.jpg,5.0,2Among5ConjRed,green,blue,Quadrant 1,75.0,1.0,65–99,6
91,35.0,4,1370.2999999999884,1,Task,image_122.jpg,5.0,2Among5ConjRed,red,blue,Quadrant 4,2.0,4.0,1–4,1
91,36.0,1,1681.5,0,Task,image_128.jpg,5.0,2Among5ConjRed,green,blue,Quadrant 4,15.0,4.0,9–16,3
91,37.0,1,1446.9000000476954,0,Task,image_137.jpg,5.0,2Among5ConjRed,blue,red,Quadrant 4,45.0,4.0,33–64,5
91,38.0,2,1885.2999999999884,1,Task,image_88.jpg,5.0,2Among5Colour,green,blue,Quadrant 2,34.0,2.0,33–64,5
91,39.0,1,1873.0000000715368,1,Task,image_108.jpg,5.0,2Among5NoColour,green,green,Quadrant 1,23.0,1.0,17–32,4
91,40.0,2,2222.1999999761465,0,Task,image_28.jpg,2.0,2Among5NoColour,red,red,Quadrant 4,6.0,4.0,5–8,2
91,41.0,3,1669.4000000238302,1,Task,image_78.jpg,5.0,2Among5Colour,red,blue,Quadrant 3,7.0,3.0,5–8,2
91,42.0,3,2881.600000047707,0,Task,image_42.jpg,2.0,2Among5NoColour,green,green,Quadrant 1,59.0,1.0,33–64,5
91,43.0,2,1375.100000047707,1,Task,image_83.jpg,5.0,2Among5Colour,blue,green,Quadrant 2,14.0,2.0,9–16,3
91,44.0,4,2423.100000023842,0,Task,image_64.jpg,2.0,2Among5ConjRed,red,green,Quadrant 2,34.0,2.0,33–64,5
91,45.0,1,1950.600000071514,0,Task,image_82.jpg,5.0,2Among5Colour,red,green,Quadrant 3,16.0,3.0,9–16,3
91,46.0,1,4360.700000071549,0,Task,image_139.jpg,5.0,2Among5ConjRed,red,green,Quadrant 3,47.0,3.0,33–64,5
91,47.0,2,2900.700000047684,1,Task,image_111.jpg,5.0,2Among5NoColour,green,green,Quadrant 2,26.0,2.0,17–32,4
91,48.0,2,1432.0999999999185,1,Task,image_15.jpg,2.0,2Among5Colour,blue,green,Quadrant 2,26.0,2.0,17–32,4
91,49.0,1,1087.2000000715489,1,Task,image_23.jpg,2.0,2Among5Colour,red,green,Quadrant 1,75.0,1.0,65–99,6
91,50.0,2,1153.7999999999884,1,Task,image_16.jpg,2.0,2Among5Colour,green,blue,Quadrant 2,34.0,2.0,33–64,5
91,51.0,4,2893.499999976135,0,Task,image_46.jpg,2.0,2Among5NoColour,red,red,Quadrant 2,65.0,2.0,65–99,6
91,52.0,2,3048.500000071537,1,Task,image_136.jpg,5.0,2Among5ConjRed,red,green,Quadrant 2,34.0,2.0,33–64,5
91,53.0,3,3886.5999999999767,1,Task,image_43.jpg,2.0,2Among5NoColour,blue,blue,Quadrant 3,47.0,3.0,33–64,5
91,54.0,1,2204.500000071537,1,Task,image_123.jpg,5.0,2Among5ConjRed,red,green,Quadrant 1,3.0,1.0,1–4,1
91,55.0,3,2662.3000000715256,1,Task,image_109.jpg,5.0,2Among5NoColour,blue,blue,Quadrant 3,20.0,3.0,17–32,4
91,56.0,3,2786.3000000476604,1,Task,image_106.jpg,5.0,2Among5NoColour,red,red,Quadrant 3,16.0,3.0,9–16,3
91,57.0,3,2020.0999999999767,1,Task,image_30.jpg,2.0,2Among5NoColour,blue,blue,Quadrant 3,7.0,3.0,5–8,2
91,58.0,3,1571.5000000238651,1,Task,image_6.jpg,2.0,2Among5Colour,red,blue,Quadrant 3,7.0,3.0,5–8,2
91,59.0,3,1420.2999999999884,1,Task,image_10.jpg,2.0,2Among5Colour,red,green,Quadrant 3,16.0,3.0,9–16,3
91,60.0,4,2402.8000000715256,1,Task,image_8.jpg,2.0,2Among5Colour,blue,red,Quadrant 4,15.0,4.0,9–16,3
91,61.0,3,2890.8000000476604,1,Task,image_61.jpg,2.0,2Among5ConjRed,red,blue,Quadrant 3,20.0,3.0,17–32,4
91,62.0,3,2680.100000023842,1,Task,image_69.jpg,2.0,2Among5ConjRed,blue,red,Quadrant 3,82.0,3.0,65–99,6
91,63.0,1,1373.3000000715256,1,Task,image_18.jpg,2.0,2Among5Colour,red,blue,Quadrant 1,59.0,1.0,33–64,5
91,64.0,1,1901.7000000238183,1,Task,image_51.jpg,2.0,2Among5ConjRed,red,green,Quadrant 1,3.0,1.0,1–4,1
91,65.0,2,2144.600000071514,1,Task,image_53.jpg,2.0,2Among5ConjRed,green,red,Quadrant 2,5.0,2.0,5–8,2
91,66.0,2,1539.4999999761349,1,Task,image_87.jpg,5.0,2Among5Colour,blue,green,Quadrant 2,26.0,2.0,17–32,4
91,67.0,4,3588.999999976135,0,Task,image_39.jpg,2.0,2Among5NoColour,green,green,Quadrant 2,26.0,2.0,17–32,4
91,68.0,2,1463.5999999761698,1,Task,image_22.jpg,2.0,2Among5Colour,green,blue,Quadrant 2,65.0,2.0,65–99,6
91,69.0,1,1372.6999999761465,1,Task,image_9.jpg,2.0,2Among5Colour,green,blue,Quadrant 1,9.0,1.0,9–16,3
91,70.0,4,1316.4000000476954,1,Task,image_89.jpg,5.0,2Among5Colour,blue,red,Quadrant 4,45.0,4.0,33–64,5
91,71.0,2,1743.7000000715489,1,Task,image_131.jpg,5.0,2Among5ConjRed,blue,red,Quadrant 2,14.0,2.0,9–16,3
91,72.0,3,1042.0999999999767,1,Task,image_21.jpg,2.0,2Among5Colour,blue,green,Quadrant 3,82.0,3.0,65–99,6
91,73.0,3,1454.600000071514,1,Task,image_91.jpg,5.0,2Among5Colour,green,red,Quadrant 3,47.0,3.0,33–64,5
91,74.0,2,3901.799999976181,0,Task,image_117.jpg,5.0,2Among5NoColour,green,green,Quadrant 3,82.0,3.0,65–99,6
91,75.0,4,2905.8000000476604,1,Task,image_104.jpg,5.0,2Among5NoColour,red,red,Quadrant 4,15.0,4.0,9–16,3
91,76.0,4,1693.8000000476604,0,Task,image_132.jpg,5.0,2Among5ConjRed,blue,green,Quadrant 1,23.0,1.0,17–32,4
91,77.0,4,1489.600000023842,1,Task,image_32.jpg,2.0,2Among5NoColour,red,red,Quadrant 4,15.0,4.0,9–16,3
91,78.0,2,1222.600000023842,1,Task,image_77.jpg,5.0,2Among5Colour,red,green,Quadrant 2,5.0,2.0,5–8,2
91,79.0,1,1708.600000071514,1,Task,image_103.jpg,5.0,2Among5NoColour,green,green,Quadrant 1,8.0,1.0,5–8,2
91,80.0,4,1631.9000000000233,1,Task,image_98.jpg,5.0,2Among5NoColour,red,red,Quadrant 4,2.0,4.0,1–4,1
91,81.0,3,1510.7000000715489,1,Task,image_24.jpg,2.0,2Among5NoColour,green,green,Quadrant 3,1.0,3.0,1–4,1
91,82.0,2,1226.4000000000233,1,Task,image_11.jpg,2.0,2Among5Colour,blue,green,Quadrant 2,14.0,2.0,9–16,3
91,83.0,1,2096.5999999999767,1,Task,image_31.jpg,2.0,2Among5NoColour,green,green,Quadrant 1,8.0,1.0,5–8,2
91,84.0,4,1940.6000000238416,0,Task,image_25.jpg,2.0,2Among5NoColour,blue,blue,Quadrant 2,4.0,2.0,1–4,1
91,85.0,2,3133.90000002383,1,Task,image_121.jpg,5.0,2Among5ConjRed,blue,red,Quadrant 2,4.0,2.0,1–4,1
91,86.0,3,1186.2000000476835,1,Task,image_48.jpg,2.0,2Among5ConjRed,blue,green,Quadrant 3,1.0,3.0,1–4,1
91,87.0,1,1138.2999999999884,1,Task,image_90.jpg,5.0,2Among5Colour,red,blue,Quadrant 1,59.0,1.0,33–64,5
91,88.0,1,3819.0,0,Task,image_45.jpg,2.0,2Among5NoColour,green,green,Quadrant 3,82.0,3.0,65–99,6
91,89.0,2,3636.200000047684,1,Task,image_118.jpg,5.0,2Among5NoColour,red,red,Quadrant 2,65.0,2.0,65–99,6
91,90.0,4,2642.7999999999884,1,Task,image_110.jpg,5.0,2Among5NoColour,red,red,Quadrant 4,25.0,4.0,17–32,4
91,91.0,1,4251.099999999977,0,Task,image_35.jpg,2.0,2Among5NoColour,blue,blue,Quadrant 2,14.0,2.0,9–16,3
91,92.0,1,1265.7000000000116,1,Task,image_75.jpg,5.0,2Among5Colour,green,blue,Quadrant 1,3.0,1.0,1–4,1
91,93.0,4,3744.100000071514,1,Task,image_41.jpg,2.0,2Among5NoColour,blue,blue,Quadrant 4,45.0,4.0,33–64,5
91,94.0,4,1987.3000000715256,1,Task,image_50.jpg,2.0,2Among5ConjRed,red,blue,Quadrant 4,2.0,4.0,1–4,1
91,95.0,4,3490.59999997617,1,Task,image_140.jpg,5.0,2Among5ConjRed,green,red,Quadrant 4,93.0,4.0,65–99,6
91,96.0,3,3721.600000047707,0,Task,image_116.jpg,5.0,2Among5NoColour,red,red,Quadrant 4,93.0,4.0,65–99,6
91,97.0,4,1557.5999999761698,1,Task,image_4.jpg,2.0,2Among5Colour,blue,green,Quadrant 4,6.0,4.0,5–8,2
91,98.0,1,2886.9000000715023,1,Task,image_105.jpg,5.0,2Among5NoColour,green,green,Quadrant 1,9.0,1.0,9–16,3
91,99.0,2,3628.3000000238535,1,Task,image_40.jpg,2.0,2Among5NoColour,red,red,Quadrant 2,34.0,2.0,33–64,5
91,100.0,2,1837.399999976158,1,Task,image_5.jpg,2.0,2Among5Colour,red,green,Quadrant 2,5.0,2.0,5–8,2
91,101.0,4,2242.4000000715023,1,Task,image_56.jpg,2.0,2Among5ConjRed,green,blue,Quadrant 4,15.0,4.0,9–16,3
91,102.0,1,1497.2999999761814,1,Task,image_81.jpg,5.0,2Among5Colour,green,blue,Quadrant 1,9.0,1.0,9–16,3
91,103.0,4,1518.2999999761814,1,Task,image_76.jpg,5.0,2Among5Colour,blue,green,Quadrant 4,6.0,4.0,5–8,2
91,104.0,4,1495.500000047672,1,Task,image_2.jpg,2.0,2Among5Colour,green,red,Quadrant 4,2.0,4.0,1–4,1
91,105.0,4,2683.2999999999884,1,Task,image_124.jpg,5.0,2Among5ConjRed,green,blue,Quadrant 4,6.0,4.0,5–8,2
91,106.0,2,2672.7000000238186,1,Task,image_49.jpg,2.0,2Among5ConjRed,blue,red,Quadrant 2,4.0,2.0,1–4,1
91,107.0,4,1622.2000000000116,1,Task,image_14.jpg,2.0,2Among5Colour,red,green,Quadrant 4,25.0,4.0,17–32,4
91,108.0,1,2452.399999976158,1,Task,image_127.jpg,5.0,2Among5ConjRed,blue,green,Quadrant 1,8.0,1.0,5–8,2
91,109.0,2,1723.0000000715372,1,Task,image_125.jpg,5.0,2Among5ConjRed,green,red,Quadrant 2,5.0,2.0,5–8,2
91,110.0,2,1564.9000000476954,1,Task,image_94.jpg,5.0,2Among5Colour,green,blue,Quadrant 2,65.0,2.0,65–99,6
91,111.0,4,1126.3000000476604,1,Task,image_17.jpg,2.0,2Among5Colour,blue,red,Quadrant 4,45.0,4.0,33–64,5
91,112.0,3,1523.0000000238651,1,Task,image_96.jpg,5.0,2Among5NoColour,green,green,Quadrant 3,1.0,3.0,1–4,1
91,113.0,2,1723.7000000476835,0,Task,image_26.jpg,2.0,2Among5NoColour,red,red,Quadrant 4,2.0,4.0,1–4,1
91,114.0,2,2886.7999999761814,1,Task,image_29.jpg,2.0,2Among5NoColour,green,green,Quadrant 2,5.0,2.0,5–8,2
91,115.0,2,1085.100000047707,1,Task,image_1.jpg,2.0,2Among5Colour,blue,red,Quadrant 2,4.0,2.0,1–4,1
91,116.0,1,1416.4000000000233,1,Task,image_95.jpg,5.0,2Among5Colour,red,green,Quadrant 1,75.0,1.0,65–99,6
91,117.0,3,1445.5999999999767,1,Task,image_93.jpg,5.0,2Among5Colour,blue,green,Quadrant 3,82.0,3.0,65–99,6
91,118.0,3,1619.7000000715489,1,Task,image_19.jpg,2.0,2Among5Colour,green,red,Quadrant 3,47.0,3.0,33–64,5
91,119.0,1,1265.2999999999884,1,Task,image_84.jpg,5.0,2Among5Colour,red,blue,Quadrant 1,23.0,1.0,17–32,4
91,120.0,4,3703.799999999989,1,Task,image_134.jpg,5.0,2Among5ConjRed,green,red,Quadrant 4,25.0,4.0,17–32,4
91,121.0,3,2148.200000000012,1,Task,image_37.jpg,2.0,2Among5NoColour,blue,blue,Quadrant 3,20.0,3.0,17–32,4
91,122.0,1,2335.100000071514,1,Task,image_27.jpg,2.0,2Among5NoColour,blue,blue,Quadrant 1,3.0,1.0,1–4,1
91,123.0,3,1521.600000047707,1,Task,image_126.jpg,5.0,2Among5ConjRed,green,red,Quadrant 3,7.0,3.0,5–8,2
91,124.0,1,1780.600000047707,1,Task,image_57.jpg,2.0,2Among5ConjRed,red,blue,Quadrant 1,9.0,1.0,9–16,3
91,125.0,4,2397.400000047696,1,Task,image_65.jpg,2.0,2Among5ConjRed,blue,red,Quadrant 4,45.0,4.0,33–64,5
91,126.0,3,1309.2000000238186,1,Task,image_85.jpg,5.0,2Among5Colour,green,red,Quadrant 3,20.0,3.0,17–32,4
91,127.0,1,1360.5000000238651,1,Task,image_3.jpg,2.0,2Among5Colour,green,blue,Quadrant 1,3.0,1.0,1–4,1
91,128.0,1,3116.0999999999767,1,Task,image_114.jpg,5.0,2Among5NoColour,green,green,Quadrant 1,59.0,1.0,33–64,5
91,129.0,3,1925.1999999999528,1,Task,image_72.jpg,5.0,2Among5Colour,red,blue,Quadrant 3,1.0,3.0,1–4,1
91,130.0,1,4104.300000000047,0,Task,image_68.jpg,2.0,2Among5ConjRed,green,red,Quadrant 4,93.0,4.0,65–99,6
91,131.0,2,3854.8000000715256,0,Task,image_141.jpg,5.0,2Among5ConjRed,blue,red,Quadrant 3,82.0,3.0,65–99,6
91,132.0,3,2501.8000000000466,1,Task,image_133.jpg,5.0,2Among5ConjRed,red,blue,Quadrant 3,20.0,3.0,17–32,4
91,133.0,3,1817.500000023865,1,Task,image_102.jpg,5.0,2Among5NoColour,blue,blue,Quadrant 3,7.0,3.0,5–8,2
91,134.0,1,1360.0000000238651,1,Task,image_99.jpg,5.0,2Among5NoColour,blue,blue,Quadrant 1,3.0,1.0,1–4,1
91,135.0,1,2185.8000000000466,1,Task,image_36.jpg,2.0,2Among5NoColour,green,green,Quadrant 1,23.0,1.0,17–32,4
91,136.0,2,2986.200000071549,1,Task,image_70.jpg,2.0,2Among5ConjRed,blue,green,Quadrant 2,65.0,2.0,65–99,6
91,137.0,2,1419.1999999762047,1,Task,image_73.jpg,5.0,2Among5Colour,blue,red,Quadrant 2,4.0,2.0,1–4,1
91,138.0,4,1258.3000000237953,1,Task,image_80.jpg,5.0,2Among5Colour,blue,red,Quadrant 4,15.0,4.0,9–16,3
91,139.0,1,1039.1999999999534,1,Task,image_79.jpg,5.0,2Among5Colour,green,red,Quadrant 1,8.0,1.0,5–8,2
91,140.0,1,1668.0,1,Task,image_66.jpg,2.0,2Among5ConjRed,red,blue,Quadrant 1,59.0,1.0,33–64,5
91,141.0,1,1553.4000000000233,1,Task,image_55.jpg,2.0,2Among5ConjRed,blue,green,Quadrant 1,8.0,1.0,5–8,2
91,142.0,2,2025.7000000715489,1,Task,image_135.jpg,5.0,2Among5ConjRed,green,blue,Quadrant 2,26.0,2.0,17–32,4
91,143.0,2,1898.100000071572,0,Task,image_113.jpg,5.0,2Among5NoColour,blue,blue,Quadrant 4,45.0,4.0,33–64,5
91,144.0,3,1941.399999976158,1,Task,image_67.jpg,2.0,2Among5ConjRed,red,green,Quadrant 3,47.0,3.0,33–64,5
20,1.0,2,4297.9000000000015,1,Task,image_46.jpg,2.0,2Among5NoColour,red,red,Quadrant 2,65.0,2.0,65–99,6
20,2.0,1,2902.800000000003,1,Task,image_105.jpg,5.0,2Among5NoColour,green,green,Quadrant 1,9.0,1.0,9–16,3
20,3.0,1,2623.899999976158,1,Task,image_55.jpg,2.0,2Among5ConjRed,blue,green,Quadrant 1,8.0,1.0,5–8,2
20,4.0,1,1217.5,1,Task,image_23.jpg,2.0,2Among5Colour,red,green,Quadrant 1,75.0,1.0,65–99,6
20,5.0,1,3383.5,1,Task,image_60.jpg,2.0,2Among5ConjRed,blue,green,Quadrant 1,23.0,1.0,17–32,4
20,6.0,4,2277.899999976158,1,Task,image_80.jpg,5.0,2Among5Colour,blue,red,Quadrant 4,15.0,4.0,9–16,3
20,7.0,4,2448.499999976164,1,Task,image_100.jpg,5.0,2Among5NoColour,red,red,Quadrant 4,6.0,4.0,5–8,2
20,8.0,2,3448.599999904633,0,Task,image_138.jpg,5.0,2Among5ConjRed,red,blue,Quadrant 1,59.0,1.0,33–64,5
20,9.0,1,1442.9999999523134,1,Task,image_84.jpg,5.0,2Among5Colour,red,blue,Quadrant 1,23.0,1.0,17–32,4
20,10.0,4,1663.899999952322,1,Task,image_8.jpg,2.0,2Among5Colour,blue,red,Quadrant 4,15.0,4.0,9–16,3
20,11.0,4,773.0999999046326,1,Task,image_14.jpg,2.0,2Among5Colour,red,green,Quadrant 4,25.0,4.0,17–32,4
20,12.0,2,4104.999999904627,0,Task,image_143.jpg,5.0,2Among5ConjRed,green,blue,Quadrant 1,75.0,1.0,65–99,6
20,13.0,3,1101.0,1,Task,image_10.jpg,2.0,2Among5Colour,red,green,Quadrant 3,16.0,3.0,9–16,3
20,14.0,3,530.5999999046326,1,Task,image_13.jpg,2.0,2Among5Colour,green,red,Quadrant 3,20.0,3.0,17–32,4
20,15.0,3,926.8999999046356,1,Task,image_6.jpg,2.0,2Among5Colour,red,blue,Quadrant 3,7.0,3.0,5–8,2
20,16.0,2,893.6999999999971,1,Task,image_94.jpg,5.0,2Among5Colour,green,blue,Quadrant 2,65.0,2.0,65–99,6
20,17.0,1,808.5999999523192,1,Task,image_75.jpg,5.0,2Among5Colour,green,blue,Quadrant 1,3.0,1.0,1–4,1
20,18.0,2,1639.1999999284744,1,Task,image_49.jpg,2.0,2Among5ConjRed,blue,red,Quadrant 2,4.0,2.0,1–4,1
20,19.0,4,1076.699999999997,1,Task,image_92.jpg,5.0,2Among5Colour,blue,red,Quadrant 4,93.0,4.0,65–99,6
20,20.0,2,1525.499999928477,0,Task,image_50.jpg,2.0,2Among5ConjRed,red,blue,Quadrant 4,2.0,4.0,1–4,1
20,21.0,3,3574.1999999284744,0,Task,image_113.jpg,5.0,2Among5NoColour,blue,blue,Quadrant 4,45.0,4.0,33–64,5
20,22.0,2,897.0,1,Task,image_5.jpg,2.0,2Among5Colour,red,green,Quadrant 2,5.0,2.0,5–8,2
20,23.0,4,744.7999999523163,1,Task,image_4.jpg,2.0,2Among5Colour,blue,green,Quadrant 4,6.0,4.0,5–8,2
20,24.0,1,858.1999999046384,1,Task,image_79.jpg,5.0,2Among5Colour,green,red,Quadrant 1,8.0,1.0,5–8,2
20,25.0,1,1630.0,0,Task,image_24.jpg,2.0,2Among5NoColour,green,green,Quadrant 3,1.0,3.0,1–4,1
20,26.0,4,2726.999999976164,0,Task,image_117.jpg,5.0,2Among5NoColour,green,green,Quadrant 3,82.0,3.0,65–99,6
20,27.0,1,3440.199999976161,0,Task,image_142.jpg,5.0,2Among5ConjRed,blue,green,Quadrant 2,65.0,2.0,65–99,6
20,28.0,2,880.2999999761523,1,Task,image_88.jpg,5.0,2Among5Colour,green,blue,Quadrant 2,34.0,2.0,33–64,5
20,29.0,2,1572.0999999046326,1,Task,image_121.jpg,5.0,2Among5ConjRed,blue,red,Quadrant 2,4.0,2.0,1–4,1
20,30.0,1,898.2999999284802,1,Task,image_95.jpg,5.0,2Among5Colour,red,green,Quadrant 1,75.0,1.0,65–99,6
20,31.0,4,3418.29999992848,0,Task,image_103.jpg,5.0,2Among5NoColour,green,green,Quadrant 1,8.0,1.0,5–8,2
20,32.0,3,2258.899999904621,1,Task,image_69.jpg,2.0,2Among5ConjRed,blue,red,Quadrant 3,82.0,3.0,65–99,6
20,33.0,3,1756.5999999523046,1,Task,image_102.jpg,5.0,2Among5NoColour,blue,blue,Quadrant 3,7.0,3.0,5–8,2
20,34.0,1,3212.499999976164,1,Task,image_31.jpg,2.0,2Among5NoColour,green,green,Quadrant 1,8.0,1.0,5–8,2
20,35.0,4,3330.399999976158,1,Task,image_128.jpg,5.0,2Among5ConjRed,green,blue,Quadrant 4,15.0,4.0,9–16,3
20,36.0,1,3305.1999999046384,1,Task,image_47.jpg,2.0,2Among5NoColour,blue,blue,Quadrant 1,75.0,1.0,65–99,6
20,37.0,4,966.5999999284686,1,Task,image_89.jpg,5.0,2Among5Colour,blue,red,Quadrant 4,45.0,4.0,33–64,5
20,38.0,2,2366.0999999284686,1,Task,image_101.jpg,5.0,2Among5NoColour,green,green,Quadrant 2,5.0,2.0,5–8,2
20,39.0,3,2500.6999999046384,0,Task,image_42.jpg,2.0,2Among5NoColour,green,green,Quadrant 1,59.0,1.0,33–64,5
20,40.0,3,1004.7999999284802,1,Task,image_48.jpg,2.0,2Among5ConjRed,blue,green,Quadrant 3,1.0,3.0,1–4,1
20,41.0,1,3477.2999999999884,0,Task,image_115.jpg,5.0,2Among5NoColour,blue,blue,Quadrant 3,47.0,3.0,33–64,5
20,42.0,1,565.3999999999942,1,Task,image_3.jpg,2.0,2Among5Colour,green,blue,Quadrant 1,3.0,1.0,1–4,1
20,43.0,3,789.6999999523105,1,Task,image_93.jpg,5.0,2Among5Colour,blue,green,Quadrant 3,82.0,3.0,65–99,6
20,44.0,1,1904.4999999046267,1,Task,image_36.jpg,2.0,2Among5NoColour,green,green,Quadrant 1,23.0,1.0,17–32,4
20,45.0,1,3054.79999992848,0,Task,image_109.jpg,5.0,2Among5NoColour,blue,blue,Quadrant 3,20.0,3.0,17–32,4
20,46.0,1,873.8999999523221,1,Task,image_90.jpg,5.0,2Among5Colour,red,blue,Quadrant 1,59.0,1.0,33–64,5
20,47.0,1,1856.6999999046384,1,Task,image_129.jpg,5.0,2Among5ConjRed,red,blue,Quadrant 1,9.0,1.0,9–16,3
20,48.0,4,1326.999999976164,1,Task,image_98.jpg,5.0,2Among5NoColour,red,red,Quadrant 4,2.0,4.0,1–4,1
20,49.0,4,2919.09999997617,0,Task,image_118.jpg,5.0,2Among5NoColour,red,red,Quadrant 2,65.0,2.0,65–99,6
20,50.0,2,763.1000000000058,1,Task,image_15.jpg,2.0,2Among5Colour,blue,green,Quadrant 2,26.0,2.0,17–32,4
20,51.0,2,3707.29999992848,1,Task,image_70.jpg,2.0,2Among5ConjRed,blue,green,Quadrant 2,65.0,2.0,65–99,6
20,52.0,3,947.899999976158,1,Task,image_85.jpg,5.0,2Among5Colour,green,red,Quadrant 3,20.0,3.0,17–32,4
20,53.0,1,2225.499999952328,1,Task,image_33.jpg,2.0,2Among5NoColour,green,green,Quadrant 1,9.0,1.0,9–16,3
20,54.0,1,833.4999999999709,1,Task,image_18.jpg,2.0,2Among5Colour,red,blue,Quadrant 1,59.0,1.0,33–64,5
20,55.0,3,2183.100000000006,0,Task,image_53.jpg,2.0,2Among5ConjRed,green,red,Quadrant 2,5.0,2.0,5–8,2
20,56.0,3,1269.5999999046326,1,Task,image_19.jpg,2.0,2Among5Colour,green,red,Quadrant 3,47.0,3.0,33–64,5
20,57.0,2,1831.4999999284628,1,Task,image_25.jpg,2.0,2Among5NoColour,blue,blue,Quadrant 2,4.0,2.0,1–4,1
20,58.0,1,704.9999999046267,1,Task,image_9.jpg,2.0,2Among5Colour,green,blue,Quadrant 1,9.0,1.0,9–16,3
20,59.0,2,3337.7999999999884,0,Task,image_62.jpg,2.0,2Among5ConjRed,green,red,Quadrant 4,25.0,4.0,17–32,4
20,60.0,4,2447.6999999523105,0,Task,image_111.jpg,5.0,2Among5NoColour,green,green,Quadrant 2,26.0,2.0,17–32,4
20,61.0,1,1223.9999999046267,1,Task,image_114.jpg,5.0,2Among5NoColour,green,green,Quadrant 1,59.0,1.0,33–64,5
20,62.0,2,3410.0,0,Task,image_32.jpg,2.0,2Among5NoColour,red,red,Quadrant 4,15.0,4.0,9–16,3
20,63.0,4,2633.499999999971,1,Task,image_28.jpg,2.0,2Among5NoColour,red,red,Quadrant 4,6.0,4.0,5–8,2
20,64.0,1,1375.899999952322,1,Task,image_108.jpg,5.0,2Among5NoColour,green,green,Quadrant 1,23.0,1.0,17–32,4
20,65.0,1,3260.899999928486,0,Task,image_63.jpg,2.0,2Among5ConjRed,green,blue,Quadrant 2,26.0,2.0,17–32,4
20,66.0,3,1307.5999999284686,1,Task,image_126.jpg,5.0,2Among5ConjRed,green,red,Quadrant 3,7.0,3.0,5–8,2
20,67.0,1,3099.899999999994,1,Task,image_71.jpg,2.0,2Among5ConjRed,green,blue,Quadrant 1,75.0,1.0,65–99,6
20,68.0,4,2883.0,0,Task,image_97.jpg,5.0,2Among5NoColour,blue,blue,Quadrant 2,4.0,2.0,1–4,1
20,69.0,2,2904.09999997617,1,Task,image_40.jpg,2.0,2Among5NoColour,red,red,Quadrant 2,34.0,2.0,33–64,5
20,70.0,3,1839.1999999284744,1,Task,image_58.jpg,2.0,2Among5ConjRed,red,green,Quadrant 3,16.0,3.0,9–16,3
20,71.0,2,1973.4999999046267,1,Task,image_29.jpg,2.0,2Among5NoColour,green,green,Quadrant 2,5.0,2.0,5–8,2
20,72.0,4,2427.899999952293,1,Task,image_44.jpg,2.0,2Among5NoColour,red,red,Quadrant 4,93.0,4.0,65–99,6
20,73.0,3,3011.400000000024,0,Task,image_116.jpg,5.0,2Among5NoColour,red,red,Quadrant 4,93.0,4.0,65–99,6
20,74.0,3,2186.999999904656,1,Task,image_106.jpg,5.0,2Among5NoColour,red,red,Quadrant 3,16.0,3.0,9–16,3
20,75.0,4,1186.6999999284744,0,Task,image_16.jpg,2.0,2Among5Colour,green,blue,Quadrant 2,34.0,2.0,33–64,5
20,76.0,3,1407.499999952328,1,Task,image_54.jpg,2.0,2Among5ConjRed,green,red,Quadrant 3,7.0,3.0,5–8,2
20,77.0,2,875.4000000000233,1,Task,image_73.jpg,5.0,2Among5Colour,blue,red,Quadrant 2,4.0,2.0,1–4,1
20,78.0,2,1903.0,0,Task,image_122.jpg,5.0,2Among5ConjRed,red,blue,Quadrant 4,2.0,4.0,1–4,1
20,79.0,3,3479.899999952293,0,Task,image_38.jpg,2.0,2Among5NoColour,red,red,Quadrant 4,25.0,4.0,17–32,4
20,80.0,3,2006.899999928486,1,Task,image_139.jpg,5.0,2Among5ConjRed,red,green,Quadrant 3,47.0,3.0,33–64,5
20,81.0,2,2781.1999999046093,0,Task,image_7.jpg,2.0,2Among5Colour,green,red,Quadrant 1,8.0,1.0,5–8,2
20,82.0,3,3466.0999999999767,1,Task,image_34.jpg,2.0,2Among5NoColour,red,red,Quadrant 3,16.0,3.0,9–16,3
20,83.0,1,872.1999999761465,1,Task,image_12.jpg,2.0,2Among5Colour,red,blue,Quadrant 1,23.0,1.0,17–32,4
20,84.0,1,2008.7999999761807,1,Task,image_27.jpg,2.0,2Among5NoColour,blue,blue,Quadrant 1,3.0,1.0,1–4,1
20,85.0,1,1241.5999999761698,1,Task,image_99.jpg,5.0,2Among5NoColour,blue,blue,Quadrant 1,3.0,1.0,1–4,1
20,86.0,2,3048.2999999999884,1,Task,image_39.jpg,2.0,2Among5NoColour,green,green,Quadrant 2,26.0,2.0,17–32,4
20,87.0,2,2032.1999999046093,1,Task,image_136.jpg,5.0,2Among5ConjRed,red,green,Quadrant 2,34.0,2.0,33–64,5
20,88.0,2,1043.399999952293,1,Task,image_77.jpg,5.0,2Among5Colour,red,green,Quadrant 2,5.0,2.0,5–8,2
20,89.0,1,1455.399999904621,0,Task,image_64.jpg,2.0,2Among5ConjRed,red,green,Quadrant 2,34.0,2.0,33–64,5
20,90.0,2,1501.0999999761698,0,Task,image_26.jpg,2.0,2Among5NoColour,red,red,Quadrant 4,2.0,4.0,1–4,1
20,91.0,2,1479.6999999523396,1,Task,image_59.jpg,2.0,2Among5ConjRed,blue,red,Quadrant 2,14.0,2.0,9–16,3
20,92.0,3,3592.7999999999884,1,Task,image_133.jpg,5.0,2Among5ConjRed,red,blue,Quadrant 3,20.0,3.0,17–32,4
20,93.0,3,1131.499999904656,1,Task,image_72.jpg,5.0,2Among5Colour,red,blue,Quadrant 3,1.0,3.0,1–4,1
20,94.0,3,1172.1999999523396,1,Task,image_91.jpg,5.0,2Among5Colour,green,red,Quadrant 3,47.0,3.0,33–64,5
20,95.0,3,2644.999999904656,0,Task,image_119.jpg,5.0,2Among5NoColour,blue,blue,Quadrant 1,75.0,1.0,65–99,6
20,96.0,3,1886.200000000012,1,Task,image_67.jpg,2.0,2Among5ConjRed,red,green,Quadrant 3,47.0,3.0,33–64,5
20,97.0,2,1192.1999999284744,1,Task,image_1.jpg,2.0,2Among5Colour,blue,red,Quadrant 2,4.0,2.0,1–4,1
20,98.0,2,1588.899999976158,1,Task,image_131.jpg,5.0,2Among5ConjRed,blue,red,Quadrant 2,14.0,2.0,9–16,3
20,99.0,2,810.7999999046442,1,Task,image_11.jpg,2.0,2Among5Colour,blue,green,Quadrant 2,14.0,2.0,9–16,3
20,100.0,1,2058.999999976135,1,Task,image_132.jpg,5.0,2Among5ConjRed,blue,green,Quadrant 1,23.0,1.0,17–32,4
20,101.0,4,2318.399999928486,1,Task,image_41.jpg,2.0,2Among5NoColour,blue,blue,Quadrant 4,45.0,4.0,33–64,5
20,102.0,3,1316.0,1,Task,image_82.jpg,5.0,2Among5Colour,red,green,Quadrant 3,16.0,3.0,9–16,3
20,103.0,3,1605.0999999523046,1,Task,image_130.jpg,5.0,2Among5ConjRed,red,green,Quadrant 3,16.0,3.0,9–16,3
20,104.0,2,3658.399999928486,0,Task,image_104.jpg,5.0,2Among5NoColour,red,red,Quadrant 4,15.0,4.0,9–16,3
20,105.0,4,1104.5999999761698,1,Task,image_20.jpg,2.0,2Among5Colour,blue,red,Quadrant 4,93.0,4.0,65–99,6
20,106.0,3,2171.799999904644,1,Task,image_61.jpg,2.0,2Among5ConjRed,red,blue,Quadrant 3,20.0,3.0,17–32,4
20,107.0,1,2716.0999999284977,0,Task,image_140.jpg,5.0,2Among5ConjRed,green,red,Quadrant 4,93.0,4.0,65–99,6
20,108.0,4,1352.0999999999767,1,Task,image_74.jpg,5.0,2Among5Colour,green,red,Quadrant 4,2.0,4.0,1–4,1
20,109.0,1,1748.0999999523046,1,Task,image_57.jpg,2.0,2Among5ConjRed,red,blue,Quadrant 1,9.0,1.0,9–16,3
20,110.0,4,2949.5,0,Task,image_43.jpg,2.0,2Among5NoColour,blue,blue,Quadrant 3,47.0,3.0,33–64,5
20,111.0,1,3378.2999999999884,1,Task,image_66.jpg,2.0,2Among5ConjRed,red,blue,Quadrant 1,59.0,1.0,33–64,5
20,112.0,1,2254.599999904633,1,Task,image_127.jpg,5.0,2Among5ConjRed,blue,green,Quadrant 1,8.0,1.0,5–8,2
20,113.0,1,1743.0999999284977,0,Task,image_120.jpg,5.0,2Among5ConjRed,blue,green,Quadrant 3,1.0,3.0,1–4,1
20,114.0,2,3754.69999995234,0,Task,image_56.jpg,2.0,2Among5ConjRed,green,blue,Quadrant 4,15.0,4.0,9–16,3
20,115.0,1,1702.999999952328,0,Task,image_135.jpg,5.0,2Among5ConjRed,green,blue,Quadrant 2,26.0,2.0,17–32,4
20,116.0,3,1462.6999999046093,1,Task,image_96.jpg,5.0,2Among5NoColour,green,green,Quadrant 3,1.0,3.0,1–4,1
20,117.0,2,3750.999999928463,0,Task,image_124.jpg,5.0,2Among5ConjRed,green,blue,Quadrant 4,6.0,4.0,5–8,2
20,118.0,2,1075.899999904621,1,Task,image_83.jpg,5.0,2Among5Colour,blue,green,Quadrant 2,14.0,2.0,9–16,3
20,119.0,3,1703.2000000000116,1,Task,image_0.jpg,2.0,2Among5Colour,red,blue,Quadrant 3,1.0,3.0,1–4,1
20,120.0,3,2083.5,1,Task,image_30.jpg,2.0,2Among5NoColour,blue,blue,Quadrant 3,7.0,3.0,5–8,2
20,121.0,2,3405.499999928463,0,Task,image_68.jpg,2.0,2Among5ConjRed,green,red,Quadrant 4,93.0,4.0,65–99,6
20,122.0,3,2442.799999928451,1,Task,image_141.jpg,5.0,2Among5ConjRed,blue,red,Quadrant 3,82.0,3.0,65–99,6
20,123.0,4,927.499999952328,1,Task,image_86.jpg,5.0,2Among5Colour,red,green,Quadrant 4,25.0,4.0,17–32,4
20,124.0,1,1101.399999904621,1,Task,image_81.jpg,5.0,2Among5Colour,green,blue,Quadrant 1,9.0,1.0,9–16,3
20,125.0,4,1695.399999904621,1,Task,image_2.jpg,2.0,2Among5Colour,green,red,Quadrant 4,2.0,4.0,1–4,1
20,126.0,4,948.0999999999768,1,Task,image_76.jpg,5.0,2Among5Colour,blue,green,Quadrant 4,6.0,4.0,5–8,2
20,127.0,4,2610.299999904644,1,Task,image_134.jpg,5.0,2Among5ConjRed,green,red,Quadrant 4,25.0,4.0,17–32,4
20,128.0,1,2087.299999928451,0,Task,image_37.jpg,2.0,2Among5NoColour,blue,blue,Quadrant 3,20.0,3.0,17–32,4
20,129.0,1,2066.899999976158,1,Task,image_51.jpg,2.0,2Among5ConjRed,red,green,Quadrant 1,3.0,1.0,1–4,1
20,130.0,2,1735.4000000000233,0,Task,image_45.jpg,2.0,2Among5NoColour,green,green,Quadrant 3,82.0,3.0,65–99,6
20,131.0,4,3048.6999999284744,0,Task,image_112.jpg,5.0,2Among5NoColour,red,red,Quadrant 2,34.0,2.0,33–64,5
20,132.0,2,1722.1999999046093,0,Task,image_52.jpg,2.0,2Among5ConjRed,green,blue,Quadrant 4,6.0,4.0,5–8,2
20,133.0,4,1319.4000000000233,1,Task,image_17.jpg,2.0,2Among5Colour,blue,red,Quadrant 4,45.0,4.0,33–64,5
20,134.0,2,1382.2000000000116,1,Task,image_87.jpg,5.0,2Among5Colour,blue,green,Quadrant 2,26.0,2.0,17–32,4
20,135.0,1,2929.5,0,Task,image_110.jpg,5.0,2Among5NoColour,red,red,Quadrant 4,25.0,4.0,17–32,4
20,136.0,4,3423.09999997617,1,Task,image_137.jpg,5.0,2Among5ConjRed,blue,red,Quadrant 4,45.0,4.0,33–64,5
20,137.0,3,3253.6999999761465,0,Task,image_35.jpg,2.0,2Among5NoColour,blue,blue,Quadrant 2,14.0,2.0,9–16,3
20,138.0,3,942.3999999046208,1,Task,image_21.jpg,2.0,2Among5Colour,blue,green,Quadrant 3,82.0,3.0,65–99,6
20,139.0,1,2626.399999904621,1,Task,image_123.jpg,5.0,2Among5ConjRed,red,green,Quadrant 1,3.0,1.0,1–4,1
20,140.0,4,2991.999999976135,1,Task,image_65.jpg,2.0,2Among5ConjRed,blue,red,Quadrant 4,45.0,4.0,33–64,5
20,141.0,2,1079.399999976158,1,Task,image_22.jpg,2.0,2Among5Colour,green,blue,Quadrant 2,65.0,2.0,65–99,6
20,142.0,3,702.6999999046093,1,Task,image_78.jpg,5.0,2Among5Colour,red,blue,Quadrant 3,7.0,3.0,5–8,2
20,143.0,2,3513.900000000024,1,Task,image_107.jpg,5.0,2Among5NoColour,blue,blue,Quadrant 2,14.0,2.0,9–16,3
20,144.0,4,2162.59999997617,0,Task,image_125.jpg,5.0,2Among5ConjRed,green,red,Quadrant 2,5.0,2.0,5–8,2
49,1.0,4,2260.600000143051,1,Task,image_98.jpg,5.0,2Among5NoColour,red,red,Quadrant 4,2.0,4.0,1–4,1
49,2.0,1,2853.600000190738,0,Task,image_38.jpg,2.0,2Among5NoColour,red,red,Quadrant 4,25.0,4.0,17–32,4
49,3.0,4,2673.9000001907407,1,Task,image_128.jpg,5.0,2Among5ConjRed,green,blue,Quadrant 4,15.0,4.0,9–16,3
49,4.0,3,1459.0000000476866,1,Task,image_19.jpg,2.0,2Among5Colour,green,red,Quadrant 3,47.0,3.0,33–64,5
49,5.0,4,3590.0000000953733,1,Task,image_62.jpg,2.0,2Among5ConjRed,green,red,Quadrant 4,25.0,4.0,17–32,4
49,6.0,4,1491.300000000003,1,Task,image_14.jpg,2.0,2Among5Colour,red,green,Quadrant 4,25.0,4.0,17–32,4
49,7.0,1,943.1999999999972,1,Task,image_95.jpg,5.0,2Among5Colour,red,green,Quadrant 1,75.0,1.0,65–99,6
49,8.0,1,2556.700000047684,1,Task,image_66.jpg,2.0,2Among5ConjRed,red,blue,Quadrant 1,59.0,1.0,33–64,5
49,9.0,2,2749.9000000000087,0,Task,image_56.jpg,2.0,2Among5ConjRed,green,blue,Quadrant 4,15.0,4.0,9–16,3
49,10.0,4,2270.900000047681,0,Task,image_42.jpg,2.0,2Among5NoColour,green,green,Quadrant 1,59.0,1.0,33–64,5
49,11.0,3,1175.7000000953703,1,Task,image_13.jpg,2.0,2Among5Colour,green,red,Quadrant 3,20.0,3.0,17–32,4
49,12.0,2,2023.1000001430511,1,Task,image_125.jpg,5.0,2Among5ConjRed,green,red,Quadrant 2,5.0,2.0,5–8,2
49,13.0,3,973.9000000476808,1,Task,image_21.jpg,2.0,2Among5Colour,blue,green,Quadrant 3,82.0,3.0,65–99,6
49,14.0,2,2377.4000001907407,1,Task,image_53.jpg,2.0,2Among5ConjRed,green,red,Quadrant 2,5.0,2.0,5–8,2
49,15.0,2,879.1000000476779,1,Task,image_15.jpg,2.0,2Among5Colour,blue,green,Quadrant 2,26.0,2.0,17–32,4
49,16.0,2,2385.9000001907407,1,Task,image_136.jpg,5.0,2Among5ConjRed,red,green,Quadrant 2,34.0,2.0,33–64,5
49,17.0,4,1152.7000000476835,1,Task,image_74.jpg,5.0,2Among5Colour,green,red,Quadrant 4,2.0,4.0,1–4,1
49,18.0,3,2350.099999999992,0,Task,image_68.jpg,2.0,2Among5ConjRed,green,red,Quadrant 4,93.0,4.0,65–99,6
49,19.0,2,2358.7000000953703,1,Task,image_135.jpg,5.0,2Among5ConjRed,green,blue,Quadrant 2,26.0,2.0,17–32,4
49,20.0,4,3655.5,0,Task,image_107.jpg,5.0,2Among5NoColour,blue,blue,Quadrant 2,14.0,2.0,9–16,3
49,21.0,2,3440.399999999994,0,Task,image_114.jpg,5.0,2Among5NoColour,green,green,Quadrant 1,59.0,1.0,33–64,5
49,22.0,4,1120.900000190741,1,Task,image_89.jpg,5.0,2Among5Colour,blue,red,Quadrant 4,45.0,4.0,33–64,5
49,23.0,2,2104.900000095367,1,Task,image_131.jpg,5.0,2Among5ConjRed,blue,red,Quadrant 2,14.0,2.0,9–16,3
49,24.0,3,1366.6000000000058,1,Task,image_120.jpg,5.0,2Among5ConjRed,blue,green,Quadrant 3,1.0,3.0,1–4,1
49,25.0,4,3622.3000000476895,1,Task,image_104.jpg,5.0,2Among5NoColour,red,red,Quadrant 4,15.0,4.0,9–16,3
49,26.0,4,1909.200000095356,1,Task,image_124.jpg,5.0,2Among5ConjRed,green,blue,Quadrant 4,6.0,4.0,5–8,2
49,27.0,3,3339.500000047672,0,Task,image_143.jpg,5.0,2Among5ConjRed,green,blue,Quadrant 1,75.0,1.0,65–99,6
49,28.0,2,1721.5,1,Task,image_59.jpg,2.0,2Among5ConjRed,blue,red,Quadrant 2,14.0,2.0,9–16,3
49,29.0,4,3825.500000095373,1,Task,image_140.jpg,5.0,2Among5ConjRed,green,red,Quadrant 4,93.0,4.0,65–99,6
49,30.0,1,1143.2000000000116,1,Task,image_81.jpg,5.0,2Among5Colour,green,blue,Quadrant 1,9.0,1.0,9–16,3
49,31.0,3,1649.9000000476954,1,Task,image_96.jpg,5.0,2Among5NoColour,green,green,Quadrant 3,1.0,3.0,1–4,1
49,32.0,4,1190.600000095379,1,Task,image_2.jpg,2.0,2Among5Colour,green,red,Quadrant 4,2.0,4.0,1–4,1
49,33.0,4,1872.100000095379,1,Task,image_100.jpg,5.0,2Among5NoColour,red,red,Quadrant 4,6.0,4.0,5–8,2
49,34.0,1,1122.7999999999884,1,Task,image_23.jpg,2.0,2Among5Colour,red,green,Quadrant 1,75.0,1.0,65–99,6
49,35.0,1,1135.500000143045,1,Task,image_18.jpg,2.0,2Among5Colour,red,blue,Quadrant 1,59.0,1.0,33–64,5
49,36.0,2,3461.700000190729,1,Task,image_35.jpg,2.0,2Among5NoColour,blue,blue,Quadrant 2,14.0,2.0,9–16,3
49,37.0,2,1594.4000000476954,1,Task,image_5.jpg,2.0,2Among5Colour,red,green,Quadrant 2,5.0,2.0,5–8,2
49,38.0,1,3493.4000001907407,0,Task,image_43.jpg,2.0,2Among5NoColour,blue,blue,Quadrant 3,47.0,3.0,33–64,5
49,39.0,2,2021.8000000476893,1,Task,image_25.jpg,2.0,2Among5NoColour,blue,blue,Quadrant 2,4.0,2.0,1–4,1
49,40.0,2,971.500000047672,1,Task,image_22.jpg,2.0,2Among5Colour,green,blue,Quadrant 2,65.0,2.0,65–99,6
49,41.0,4,3354.0,0,Task,image_37.jpg,2.0,2Among5NoColour,blue,blue,Quadrant 3,20.0,3.0,17–32,4
49,42.0,4,1504.5000001907465,1,Task,image_26.jpg,2.0,2Among5NoColour,red,red,Quadrant 4,2.0,4.0,1–4,1
49,43.0,2,1754.7000000476835,1,Task,image_121.jpg,5.0,2Among5ConjRed,blue,red,Quadrant 2,4.0,2.0,1–4,1
49,44.0,2,1554.9000001430395,1,Task,image_16.jpg,2.0,2Among5Colour,green,blue,Quadrant 2,34.0,2.0,33–64,5
49,45.0,1,2661.400000095367,1,Task,image_31.jpg,2.0,2Among5NoColour,green,green,Quadrant 1,8.0,1.0,5–8,2
49,46.0,2,1058.600000047678,1,Task,image_1.jpg,2.0,2Among5Colour,blue,red,Quadrant 2,4.0,2.0,1–4,1
49,47.0,1,1105.2999999999884,1,Task,image_79.jpg,5.0,2Among5Colour,green,red,Quadrant 1,8.0,1.0,5–8,2
49,48.0,1,3356.0000000953733,0,Task,image_44.jpg,2.0,2Among5NoColour,red,red,Quadrant 4,93.0,4.0,65–99,6
49,49.0,2,3516.700000000012,0,Task,image_69.jpg,2.0,2Among5ConjRed,blue,red,Quadrant 3,82.0,3.0,65–99,6
49,50.0,2,2405.9000001430395,0,Task,image_52.jpg,2.0,2Among5ConjRed,green,blue,Quadrant 4,6.0,4.0,5–8,2
49,51.0,3,2837.700000047684,1,Task,image_58.jpg,2.0,2Among5ConjRed,red,green,Quadrant 3,16.0,3.0,9–16,3
49,52.0,4,2600.7999999999884,1,Task,image_32.jpg,2.0,2Among5NoColour,red,red,Quadrant 4,15.0,4.0,9–16,3
49,53.0,1,2555.7999999999884,1,Task,image_103.jpg,5.0,2Among5NoColour,green,green,Quadrant 1,8.0,1.0,5–8,2
49,54.0,3,3743.200000000012,0,Task,image_46.jpg,2.0,2Among5NoColour,red,red,Quadrant 2,65.0,2.0,65–99,6
49,55.0,4,4028.8000000476895,0,Task,image_102.jpg,5.0,2Among5NoColour,blue,blue,Quadrant 3,7.0,3.0,5–8,2
49,56.0,2,1572.600000095379,1,Task,image_97.jpg,5.0,2Among5NoColour,blue,blue,Quadrant 2,4.0,2.0,1–4,1
49,57.0,4,3345.4000001430395,1,Task,image_134.jpg,5.0,2Among5ConjRed,green,red,Quadrant 4,25.0,4.0,17–32,4
49,58.0,2,1006.8999999999942,1,Task,image_87.jpg,5.0,2Among5Colour,blue,green,Quadrant 2,26.0,2.0,17–32,4
49,59.0,2,3082.600000095379,1,Task,image_29.jpg,2.0,2Among5NoColour,green,green,Quadrant 2,5.0,2.0,5–8,2
49,60.0,2,2905.500000047672,1,Task,image_39.jpg,2.0,2Among5NoColour,green,green,Quadrant 2,26.0,2.0,17–32,4
49,61.0,4,993.4000000953674,1,Task,image_86.jpg,5.0,2Among5Colour,red,green,Quadrant 4,25.0,4.0,17–32,4
49,62.0,1,939.7000000476836,1,Task,image_7.jpg,2.0,2Among5Colour,green,red,Quadrant 1,8.0,1.0,5–8,2
49,63.0,3,1739.5,1,Task,image_141.jpg,5.0,2Among5ConjRed,blue,red,Quadrant 3,82.0,3.0,65–99,6
49,64.0,3,1499.100000000035,1,Task,image_34.jpg,2.0,2Among5NoColour,red,red,Quadrant 3,16.0,3.0,9–16,3
49,65.0,1,1445.6000001907232,1,Task,image_55.jpg,2.0,2Among5ConjRed,blue,green,Quadrant 1,8.0,1.0,5–8,2
49,66.0,2,3333.5,1,Task,image_63.jpg,2.0,2Among5ConjRed,green,blue,Quadrant 2,26.0,2.0,17–32,4
49,67.0,2,3905.700000047684,0,Task,image_71.jpg,2.0,2Among5ConjRed,green,blue,Quadrant 1,75.0,1.0,65–99,6
49,68.0,2,3673.100000095379,1,Task,image_111.jpg,5.0,2Among5NoColour,green,green,Quadrant 2,26.0,2.0,17–32,4
49,69.0,3,2210.400000000024,1,Task,image_30.jpg,2.0,2Among5NoColour,blue,blue,Quadrant 3,7.0,3.0,5–8,2
49,70.0,2,3309.400000047696,1,Task,image_70.jpg,2.0,2Among5ConjRed,blue,green,Quadrant 2,65.0,2.0,65–99,6
49,71.0,3,1294.000000095344,1,Task,image_72.jpg,5.0,2Among5Colour,red,blue,Quadrant 3,1.0,3.0,1–4,1
49,72.0,2,873.9000000953674,1,Task,image_83.jpg,5.0,2Among5Colour,blue,green,Quadrant 2,14.0,2.0,9–16,3
49,73.0,1,992.2000000000116,1,Task,image_84.jpg,5.0,2Among5Colour,red,blue,Quadrant 1,23.0,1.0,17–32,4
49,74.0,1,1483.2999999999884,1,Task,image_36.jpg,2.0,2Among5NoColour,green,green,Quadrant 1,23.0,1.0,17–32,4
49,75.0,3,1137.2999999999884,1,Task,image_78.jpg,5.0,2Among5Colour,red,blue,Quadrant 3,7.0,3.0,5–8,2
49,76.0,2,1052.4000001430395,1,Task,image_94.jpg,5.0,2Among5Colour,green,blue,Quadrant 2,65.0,2.0,65–99,6
49,77.0,1,2358.8000000476604,1,Task,image_27.jpg,2.0,2Among5NoColour,blue,blue,Quadrant 1,3.0,1.0,1–4,1
49,78.0,1,2871.200000190758,1,Task,image_105.jpg,5.0,2Among5NoColour,green,green,Quadrant 1,9.0,1.0,9–16,3
49,79.0,1,940.8000001907347,1,Task,image_9.jpg,2.0,2Among5Colour,green,blue,Quadrant 1,9.0,1.0,9–16,3
49,80.0,3,1105.9000000953674,1,Task,image_48.jpg,2.0,2Among5ConjRed,blue,green,Quadrant 3,1.0,3.0,1–4,1
49,81.0,4,1042.6000001907232,1,Task,image_76.jpg,5.0,2Among5Colour,blue,green,Quadrant 4,6.0,4.0,5–8,2
49,82.0,4,2672.700000095356,1,Task,image_110.jpg,5.0,2Among5NoColour,red,red,Quadrant 4,25.0,4.0,17–32,4
49,83.0,4,3487.900000000024,0,Task,image_47.jpg,2.0,2Among5NoColour,blue,blue,Quadrant 1,75.0,1.0,65–99,6
49,84.0,1,2621.400000190712,1,Task,image_60.jpg,2.0,2Among5ConjRed,blue,green,Quadrant 1,23.0,1.0,17–32,4
49,85.0,4,1387.9000000953674,1,Task,image_80.jpg,5.0,2Among5Colour,blue,red,Quadrant 4,15.0,4.0,9–16,3
49,86.0,2,3424.600000047707,0,Task,image_116.jpg,5.0,2Among5NoColour,red,red,Quadrant 4,93.0,4.0,65–99,6
49,87.0,3,1505.5000001907465,1,Task,image_54.jpg,2.0,2Among5ConjRed,green,red,Quadrant 3,7.0,3.0,5–8,2
49,88.0,3,2872.600000047707,1,Task,image_133.jpg,5.0,2Among5ConjRed,red,blue,Quadrant 3,20.0,3.0,17–32,4
49,89.0,4,1261.0,1,Task,image_122.jpg,5.0,2Among5ConjRed,red,blue,Quadrant 4,2.0,4.0,1–4,1
49,90.0,3,3339.900000000024,1,Task,image_117.jpg,5.0,2Among5NoColour,green,green,Quadrant 3,82.0,3.0,65–99,6
49,91.0,3,2202.600000190723,1,Task,image_139.jpg,5.0,2Among5ConjRed,red,green,Quadrant 3,47.0,3.0,33–64,5
49,92.0,2,1616.600000000035,1,Task,image_49.jpg,2.0,2Among5ConjRed,blue,red,Quadrant 2,4.0,2.0,1–4,1
49,93.0,4,1942.700000190758,1,Task,image_28.jpg,2.0,2Among5NoColour,red,red,Quadrant 4,6.0,4.0,5–8,2
49,94.0,3,837.5000001430744,1,Task,image_93.jpg,5.0,2Among5Colour,blue,green,Quadrant 3,82.0,3.0,65–99,6
49,95.0,1,2158.200000190758,1,Task,image_123.jpg,5.0,2Among5ConjRed,red,green,Quadrant 1,3.0,1.0,1–4,1
49,96.0,4,1326.100000095379,1,Task,image_50.jpg,2.0,2Among5ConjRed,red,blue,Quadrant 4,2.0,4.0,1–4,1
49,97.0,3,1726.6000001907232,1,Task,image_91.jpg,5.0,2Among5Colour,green,red,Quadrant 3,47.0,3.0,33–64,5
49,98.0,1,1139.0000001430744,1,Task,image_51.jpg,2.0,2Among5ConjRed,red,green,Quadrant 1,3.0,1.0,1–4,1
49,99.0,4,908.0000001430744,1,Task,image_20.jpg,2.0,2Among5Colour,blue,red,Quadrant 4,93.0,4.0,65–99,6
49,100.0,1,3499.900000095367,0,Task,image_113.jpg,5.0,2Among5NoColour,blue,blue,Quadrant 4,45.0,4.0,33–64,5
49,101.0,4,1056.6000001430511,1,Task,image_8.jpg,2.0,2Among5Colour,blue,red,Quadrant 4,15.0,4.0,9–16,3
49,102.0,2,771.6000001430511,1,Task,image_11.jpg,2.0,2Among5Colour,blue,green,Quadrant 2,14.0,2.0,9–16,3
49,103.0,4,3973.400000190712,1,Task,image_65.jpg,2.0,2Among5ConjRed,blue,red,Quadrant 4,45.0,4.0,33–64,5
49,104.0,2,989.7000000953558,1,Task,image_77.jpg,5.0,2Among5Colour,red,green,Quadrant 2,5.0,2.0,5–8,2
49,105.0,1,2588.000000047672,1,Task,image_132.jpg,5.0,2Among5ConjRed,blue,green,Quadrant 1,23.0,1.0,17–32,4
49,106.0,1,1041.100000095379,1,Task,image_3.jpg,2.0,2Among5Colour,green,blue,Quadrant 1,3.0,1.0,1–4,1
49,107.0,2,3307.5000001907465,0,Task,image_41.jpg,2.0,2Among5NoColour,blue,blue,Quadrant 4,45.0,4.0,33–64,5
49,108.0,3,1090.9000000000233,1,Task,image_82.jpg,5.0,2Among5Colour,red,green,Quadrant 3,16.0,3.0,9–16,3
49,109.0,2,3376.800000190735,1,Task,image_40.jpg,2.0,2Among5NoColour,red,red,Quadrant 2,34.0,2.0,33–64,5
49,110.0,3,3594.8000000476604,1,Task,image_67.jpg,2.0,2Among5ConjRed,red,green,Quadrant 3,47.0,3.0,33–64,5
49,111.0,1,903.9000001907116,1,Task,image_75.jpg,5.0,2Among5Colour,green,blue,Quadrant 1,3.0,1.0,1–4,1
49,112.0,2,3638.5,1,Task,image_64.jpg,2.0,2Among5ConjRed,red,green,Quadrant 2,34.0,2.0,33–64,5
49,113.0,1,1773.4000000000233,1,Task,image_129.jpg,5.0,2Among5ConjRed,red,blue,Quadrant 1,9.0,1.0,9–16,3
49,114.0,1,772.9000000953674,1,Task,image_90.jpg,5.0,2Among5Colour,red,blue,Quadrant 1,59.0,1.0,33–64,5
49,115.0,2,2033.5999999999767,1,Task,image_101.jpg,5.0,2Among5NoColour,green,green,Quadrant 2,5.0,2.0,5–8,2
49,116.0,1,3661.100000095379,0,Task,image_118.jpg,5.0,2Among5NoColour,red,red,Quadrant 2,65.0,2.0,65–99,6
49,117.0,3,1290.6000001430511,1,Task,image_24.jpg,2.0,2Among5NoColour,green,green,Quadrant 3,1.0,3.0,1–4,1
49,118.0,1,3653.0,1,Task,image_33.jpg,2.0,2Among5NoColour,green,green,Quadrant 1,9.0,1.0,9–16,3
49,119.0,3,908.500000047672,1,Task,image_6.jpg,2.0,2Among5Colour,red,blue,Quadrant 3,7.0,3.0,5–8,2
49,120.0,1,3491.700000047684,0,Task,image_112.jpg,5.0,2Among5NoColour,red,red,Quadrant 2,34.0,2.0,33–64,5
49,121.0,3,1255.8000000476604,1,Task,image_126.jpg,5.0,2Among5ConjRed,green,red,Quadrant 3,7.0,3.0,5–8,2
49,122.0,1,2020.9000001430395,1,Task,image_138.jpg,5.0,2Among5ConjRed,red,blue,Quadrant 1,59.0,1.0,33–64,5
49,123.0,1,1650.7000000000116,1,Task,image_57.jpg,2.0,2Among5ConjRed,red,blue,Quadrant 1,9.0,1.0,9–16,3
49,124.0,3,3005.0,1,Task,image_109.jpg,5.0,2Among5NoColour,blue,blue,Quadrant 3,20.0,3.0,17–32,4
49,125.0,3,1472.6000001907232,1,Task,image_130.jpg,5.0,2Among5ConjRed,red,green,Quadrant 3,16.0,3.0,9–16,3
49,126.0,3,1144.100000047707,1,Task,image_10.jpg,2.0,2Among5Colour,red,green,Quadrant 3,16.0,3.0,9–16,3
49,127.0,4,939.200000190758,1,Task,image_4.jpg,2.0,2Among5Colour,blue,green,Quadrant 4,6.0,4.0,5–8,2
49,128.0,2,933.6999999999534,1,Task,image_88.jpg,5.0,2Among5Colour,green,blue,Quadrant 2,34.0,2.0,33–64,5
49,129.0,1,770.4000001907116,1,Task,image_12.jpg,2.0,2Among5Colour,red,blue,Quadrant 1,23.0,1.0,17–32,4
49,130.0,3,2755.200000143028,1,Task,image_115.jpg,5.0,2Among5NoColour,blue,blue,Quadrant 3,47.0,3.0,33–64,5
49,131.0,3,1604.0,1,Task,image_106.jpg,5.0,2Among5NoColour,red,red,Quadrant 3,16.0,3.0,9–16,3
49,132.0,4,2645.400000000024,1,Task,image_137.jpg,5.0,2Among5ConjRed,blue,red,Quadrant 4,45.0,4.0,33–64,5
49,133.0,2,2770.5000001907465,1,Task,image_142.jpg,5.0,2Among5ConjRed,blue,green,Quadrant 2,65.0,2.0,65–99,6
49,134.0,2,875.5000001430744,1,Task,image_73.jpg,5.0,2Among5Colour,blue,red,Quadrant 2,4.0,2.0,1–4,1
49,135.0,4,922.500000095344,1,Task,image_17.jpg,2.0,2Among5Colour,blue,red,Quadrant 4,45.0,4.0,33–64,5
49,136.0,1,1306.9000001907116,1,Task,image_99.jpg,5.0,2Among5NoColour,blue,blue,Quadrant 1,3.0,1.0,1–4,1
49,137.0,3,3250.3000000000466,1,Task,image_61.jpg,2.0,2Among5ConjRed,red,blue,Quadrant 3,20.0,3.0,17–32,4
49,138.0,4,3670.9000000000233,0,Task,image_119.jpg,5.0,2Among5NoColour,blue,blue,Quadrant 1,75.0,1.0,65–99,6
49,139.0,4,987.8000000476604,1,Task,image_92.jpg,5.0,2Among5Colour,blue,red,Quadrant 4,93.0,4.0,65–99,6
49,140.0,3,805.0,1,Task,image_85.jpg,5.0,2Among5Colour,green,red,Quadrant 3,20.0,3.0,17–32,4
49,141.0,3,1072.1000001907232,1,Task,image_0.jpg,2.0,2Among5Colour,red,blue,Quadrant 3,1.0,3.0,1–4,1
49,142.0,1,1007.0,1,Task,image_127.jpg,5.0,2Among5ConjRed,blue,green,Quadrant 1,8.0,1.0,5–8,2
49,143.0,1,1256.4000001430395,1,Task,image_108.jpg,5.0,2Among5NoColour,green,green,Quadrant 1,23.0,1.0,17–32,4
49,144.0,2,3603.000000095344,0,Task,image_45.jpg,2.0,2Among5NoColour,green,green,Quadrant 3,82.0,3.0,65–99,6
45,1.0,1,790.6999999999534,1,Task,image_75.jpg,5.0,2Among5Colour,green,blue,Quadrant 1,3.0,1.0,1–4,1
45,2.0,2,1689.699999988079,1,Task,image_49.jpg,2.0,2Among5ConjRed,blue,red,Quadrant 2,4.0,2.0,1–4,1
45,3.0,1,1553.4000000000233,1,Task,image_12.jpg,2.0,2Among5Colour,red,blue,Quadrant 1,23.0,1.0,17–32,4
45,4.0,3,2655.6999999940163,1,Task,image_61.jpg,2.0,2Among5ConjRed,red,blue,Quadrant 3,20.0,3.0,17–32,4
45,5.0,1,4661.999999988126,0,Task,image_45.jpg,2.0,2Among5NoColour,green,green,Quadrant 3,82.0,3.0,65–99,6
45,6.0,4,2276.399999982096,0,Task,image_136.jpg,5.0,2Among5ConjRed,red,green,Quadrant 2,34.0,2.0,33–64,5
45,7.0,1,2581.0,1,Task,image_23.jpg,2.0,2Among5Colour,red,green,Quadrant 1,75.0,1.0,65–99,6
45,8.0,2,3792.299999982119,1,Task,image_25.jpg,2.0,2Among5NoColour,blue,blue,Quadrant 2,4.0,2.0,1–4,1
45,9.0,4,1825.5,1,Task,image_98.jpg,5.0,2Among5NoColour,red,red,Quadrant 4,2.0,4.0,1–4,1
45,10.0,4,1706.4999999761349,1,Task,image_2.jpg,2.0,2Among5Colour,green,red,Quadrant 4,2.0,4.0,1–4,1
45,11.0,2,2010.5999999821647,0,Task,image_133.jpg,5.0,2Among5ConjRed,red,blue,Quadrant 3,20.0,3.0,17–32,4
45,12.0,2,1052.1999999940165,1,Task,image_83.jpg,5.0,2Among5Colour,blue,green,Quadrant 2,14.0,2.0,9–16,3
45,13.0,1,2294.3999999880325,1,Task,image_132.jpg,5.0,2Among5ConjRed,blue,green,Quadrant 1,23.0,1.0,17–32,4
45,14.0,4,2924.3000000000466,1,Task,image_65.jpg,2.0,2Among5ConjRed,blue,red,Quadrant 4,45.0,4.0,33–64,5
45,15.0,3,3114.499999976135,0,Task,image_47.jpg,2.0,2Among5NoColour,blue,blue,Quadrant 1,75.0,1.0,65–99,6
45,16.0,4,3655.3999999820953,0,Task,image_109.jpg,5.0,2Among5NoColour,blue,blue,Quadrant 3,20.0,3.0,17–32,4
45,17.0,2,1526.0999999940395,1,Task,image_131.jpg,5.0,2Among5ConjRed,blue,red,Quadrant 2,14.0,2.0,9–16,3
45,18.0,2,1091.5999999881024,0,Task,image_51.jpg,2.0,2Among5ConjRed,red,green,Quadrant 1,3.0,1.0,1–4,1
45,19.0,3,1076.3000000000466,1,Task,image_72.jpg,5.0,2Among5Colour,red,blue,Quadrant 3,1.0,3.0,1–4,1
45,20.0,1,2493.0999999999767,0,Task,image_70.jpg,2.0,2Among5ConjRed,blue,green,Quadrant 2,65.0,2.0,65–99,6
45,21.0,1,955.8999999880324,1,Task,image_3.jpg,2.0,2Among5Colour,green,blue,Quadrant 1,3.0,1.0,1–4,1
45,22.0,4,1105.4999999881256,1,Task,image_89.jpg,5.0,2Among5Colour,blue,red,Quadrant 4,45.0,4.0,33–64,5
45,23.0,4,856.6999999821419,1,Task,image_86.jpg,5.0,2Among5Colour,red,green,Quadrant 4,25.0,4.0,17–32,4
45,24.0,2,3036.0999999999767,0,Task,image_66.jpg,2.0,2Among5ConjRed,red,blue,Quadrant 1,59.0,1.0,33–64,5
45,25.0,3,1122.2999999761814,1,Task,image_48.jpg,2.0,2Among5ConjRed,blue,green,Quadrant 3,1.0,3.0,1–4,1
45,26.0,4,1361.4999999881256,1,Task,image_38.jpg,2.0,2Among5NoColour,red,red,Quadrant 4,25.0,4.0,17–32,4
45,27.0,3,2878.5999999940395,0,Task,image_134.jpg,5.0,2Among5ConjRed,green,red,Quadrant 4,25.0,4.0,17–32,4
45,28.0,2,1310.0999999940395,0,Task,image_52.jpg,2.0,2Among5ConjRed,green,blue,Quadrant 4,6.0,4.0,5–8,2
45,29.0,4,2092.699999982142,1,Task,image_50.jpg,2.0,2Among5ConjRed,red,blue,Quadrant 4,2.0,4.0,1–4,1
45,30.0,3,2043.699999988079,1,Task,image_91.jpg,5.0,2Among5Colour,green,red,Quadrant 3,47.0,3.0,33–64,5
45,31.0,3,3837.9999999881256,0,Task,image_42.jpg,2.0,2Among5NoColour,green,green,Quadrant 1,59.0,1.0,33–64,5
45,32.0,2,883.8000000000466,1,Task,image_1.jpg,2.0,2Among5Colour,blue,red,Quadrant 2,4.0,2.0,1–4,1
45,33.0,2,1918.099999976112,1,Task,image_111.jpg,5.0,2Among5NoColour,green,green,Quadrant 2,26.0,2.0,17–32,4
45,34.0,2,1555.9999999762513,1,Task,image_94.jpg,5.0,2Among5Colour,green,blue,Quadrant 2,65.0,2.0,65–99,6
45,35.0,2,2049.5999999940395,1,Task,image_101.jpg,5.0,2Among5NoColour,green,green,Quadrant 2,5.0,2.0,5–8,2
45,36.0,1,2667.1999999762047,1,Task,image_143.jpg,5.0,2Among5ConjRed,green,blue,Quadrant 1,75.0,1.0,65–99,6
45,37.0,3,1370.5999999940395,1,Task,image_13.jpg,2.0,2Among5Colour,green,red,Quadrant 3,20.0,3.0,17–32,4
45,38.0,3,1895.299999976065,0,Task,image_84.jpg,5.0,2Among5Colour,red,blue,Quadrant 1,23.0,1.0,17–32,4
45,39.0,4,2078.6999999941327,0,Task,image_139.jpg,5.0,2Among5ConjRed,red,green,Quadrant 3,47.0,3.0,33–64,5
45,40.0,3,1413.5999999821652,1,Task,image_96.jpg,5.0,2Among5NoColour,green,green,Quadrant 3,1.0,3.0,1–4,1
45,41.0,4,1353.4999999762513,1,Task,image_14.jpg,2.0,2Among5Colour,red,green,Quadrant 4,25.0,4.0,17–32,4
45,42.0,4,1125.8999999999069,1,Task,image_74.jpg,5.0,2Among5Colour,green,red,Quadrant 4,2.0,4.0,1–4,1
45,43.0,1,3677.599999982165,0,Task,image_46.jpg,2.0,2Among5NoColour,red,red,Quadrant 2,65.0,2.0,65–99,6
45,44.0,4,1003.6999999880792,1,Task,image_26.jpg,2.0,2Among5NoColour,red,red,Quadrant 4,2.0,4.0,1–4,1
45,45.0,2,1142.499999982072,1,Task,image_97.jpg,5.0,2Among5NoColour,blue,blue,Quadrant 2,4.0,2.0,1–4,1
45,46.0,2,916.299999993993,1,Task,image_87.jpg,5.0,2Among5Colour,blue,green,Quadrant 2,26.0,2.0,17–32,4
45,47.0,3,947.899999994086,1,Task,image_0.jpg,2.0,2Among5Colour,red,blue,Quadrant 3,1.0,3.0,1–4,1
45,48.0,2,1090.5999999821652,0,Task,image_141.jpg,5.0,2Among5ConjRed,blue,red,Quadrant 3,82.0,3.0,65–99,6
45,49.0,3,3283.099999976112,1,Task,image_117.jpg,5.0,2Among5NoColour,green,green,Quadrant 3,82.0,3.0,65–99,6
45,50.0,4,840.8999999999069,1,Task,image_4.jpg,2.0,2Among5Colour,blue,green,Quadrant 4,6.0,4.0,5–8,2
45,51.0,2,1530.9999999881256,0,Task,image_54.jpg,2.0,2Among5ConjRed,green,red,Quadrant 3,7.0,3.0,5–8,2
45,52.0,4,1825.699999994133,1,Task,image_110.jpg,5.0,2Among5NoColour,red,red,Quadrant 4,25.0,4.0,17–32,4
45,53.0,3,2938.299999993993,1,Task,image_115.jpg,5.0,2Among5NoColour,blue,blue,Quadrant 3,47.0,3.0,33–64,5
45,54.0,2,1542.9999999939464,0,Task,image_137.jpg,5.0,2Among5ConjRed,blue,red,Quadrant 4,45.0,4.0,33–64,5
45,55.0,1,1532.899999994086,0,Task,image_68.jpg,2.0,2Among5ConjRed,green,red,Quadrant 4,93.0,4.0,65–99,6
45,56.0,4,2051.5999999940395,1,Task,image_32.jpg,2.0,2Among5NoColour,red,red,Quadrant 4,15.0,4.0,9–16,3
45,57.0,4,2667.799999976065,0,Task,image_31.jpg,2.0,2Among5NoColour,green,green,Quadrant 1,8.0,1.0,5–8,2
45,58.0,3,787.2999999821186,1,Task,image_120.jpg,5.0,2Among5ConjRed,blue,green,Quadrant 3,1.0,3.0,1–4,1
45,59.0,2,2864.5999999940395,0,Task,image_67.jpg,2.0,2Among5ConjRed,red,green,Quadrant 3,47.0,3.0,33–64,5
45,60.0,3,2415.799999993993,0,Task,image_36.jpg,2.0,2Among5NoColour,green,green,Quadrant 1,23.0,1.0,17–32,4
45,61.0,2,842.2999999821186,0,Task,image_124.jpg,5.0,2Among5ConjRed,green,blue,Quadrant 4,6.0,4.0,5–8,2
45,62.0,3,965.299999976065,1,Task,image_93.jpg,5.0,2Among5Colour,blue,green,Quadrant 3,82.0,3.0,65–99,6
45,63.0,1,1506.399999994086,1,Task,image_138.jpg,5.0,2Among5ConjRed,red,blue,Quadrant 1,59.0,1.0,33–64,5
45,64.0,2,1984.9999999997672,1,Task,image_107.jpg,5.0,2Among5NoColour,blue,blue,Quadrant 2,14.0,2.0,9–16,3
45,65.0,3,3436.500000000233,0,Task,image_33.jpg,2.0,2Among5NoColour,green,green,Quadrant 1,9.0,1.0,9–16,3
45,66.0,4,2350.099999987986,1,Task,image_41.jpg,2.0,2Among5NoColour,blue,blue,Quadrant 4,45.0,4.0,33–64,5
45,67.0,1,2482.399999994086,1,Task,image_108.jpg,5.0,2Among5NoColour,green,green,Quadrant 1,23.0,1.0,17–32,4
45,68.0,3,2360.9999999939464,0,Task,image_62.jpg,2.0,2Among5ConjRed,green,red,Quadrant 4,25.0,4.0,17–32,4
45,69.0,1,2397.299999976065,1,Task,image_105.jpg,5.0,2Among5NoColour,green,green,Quadrant 1,9.0,1.0,9–16,3
45,70.0,4,1592.799999993993,1,Task,image_122.jpg,5.0,2Among5ConjRed,red,blue,Quadrant 4,2.0,4.0,1–4,1
45,71.0,2,1059.8999999999069,1,Task,image_5.jpg,2.0,2Among5Colour,red,green,Quadrant 2,5.0,2.0,5–8,2
45,72.0,3,916.7999999821186,1,Task,image_10.jpg,2.0,2Among5Colour,red,green,Quadrant 3,16.0,3.0,9–16,3
45,73.0,1,3036.299999993993,1,Task,image_55.jpg,2.0,2Among5ConjRed,blue,green,Quadrant 1,8.0,1.0,5–8,2
45,74.0,3,3325.899999994086,0,Task,image_44.jpg,2.0,2Among5NoColour,red,red,Quadrant 4,93.0,4.0,65–99,6
45,75.0,3,897.5999999761116,1,Task,image_21.jpg,2.0,2Among5Colour,blue,green,Quadrant 3,82.0,3.0,65–99,6
45,76.0,1,882.9999999762513,1,Task,image_81.jpg,5.0,2Among5Colour,green,blue,Quadrant 1,9.0,1.0,9–16,3
45,77.0,1,715.7999999881722,1,Task,image_95.jpg,5.0,2Among5Colour,red,green,Quadrant 1,75.0,1.0,65–99,6
45,78.0,3,923.799999976065,1,Task,image_24.jpg,2.0,2Among5NoColour,green,green,Quadrant 3,1.0,3.0,1–4,1
45,79.0,4,1698.0999999761116,1,Task,image_140.jpg,5.0,2Among5ConjRed,green,red,Quadrant 4,93.0,4.0,65–99,6
45,80.0,4,3473.099999982165,1,Task,image_113.jpg,5.0,2Among5NoColour,blue,blue,Quadrant 4,45.0,4.0,33–64,5
45,81.0,2,823.5999999879859,1,Task,image_121.jpg,5.0,2Among5ConjRed,blue,red,Quadrant 2,4.0,2.0,1–4,1
45,82.0,4,2571.6999999762047,1,Task,image_104.jpg,5.0,2Among5NoColour,red,red,Quadrant 4,15.0,4.0,9–16,3
45,83.0,4,1085.899999994086,1,Task,image_92.jpg,5.0,2Among5Colour,blue,red,Quadrant 4,93.0,4.0,65–99,6
45,84.0,4,798.5999999821652,1,Task,image_76.jpg,5.0,2Among5Colour,blue,green,Quadrant 4,6.0,4.0,5–8,2
45,85.0,1,1226.6000000000931,1,Task,image_90.jpg,5.0,2Among5Colour,red,blue,Quadrant 1,59.0,1.0,33–64,5
45,86.0,4,1813.399999976158,0,Task,image_30.jpg,2.0,2Among5NoColour,blue,blue,Quadrant 3,7.0,3.0,5–8,2
45,87.0,3,2760.2999999821186,1,Task,image_102.jpg,5.0,2Among5NoColour,blue,blue,Quadrant 3,7.0,3.0,5–8,2
45,88.0,2,3338.999999982072,1,Task,image_39.jpg,2.0,2Among5NoColour,green,green,Quadrant 2,26.0,2.0,17–32,4
45,89.0,2,1895.8000000000463,1,Task,image_53.jpg,2.0,2Among5ConjRed,green,red,Quadrant 2,5.0,2.0,5–8,2
45,90.0,3,1495.2999999821186,1,Task,image_58.jpg,2.0,2Among5ConjRed,red,green,Quadrant 3,16.0,3.0,9–16,3
45,91.0,1,2134.8999999880325,1,Task,image_114.jpg,5.0,2Among5NoColour,green,green,Quadrant 1,59.0,1.0,33–64,5
45,92.0,3,2868.599999976112,0,Task,image_119.jpg,5.0,2Among5NoColour,blue,blue,Quadrant 1,75.0,1.0,65–99,6
45,93.0,1,786.5999999761116,1,Task,image_18.jpg,2.0,2Among5Colour,red,blue,Quadrant 1,59.0,1.0,33–64,5
45,94.0,2,2895.5,1,Task,image_112.jpg,5.0,2Among5NoColour,red,red,Quadrant 2,34.0,2.0,33–64,5
45,95.0,4,1830.4999999762515,0,Task,image_60.jpg,2.0,2Among5ConjRed,blue,green,Quadrant 1,23.0,1.0,17–32,4
45,96.0,4,1279.699999988079,1,Task,image_100.jpg,5.0,2Among5NoColour,red,red,Quadrant 4,6.0,4.0,5–8,2
45,97.0,4,1087.799999976065,0,Task,image_125.jpg,5.0,2Among5ConjRed,green,red,Quadrant 2,5.0,2.0,5–8,2
45,98.0,4,1288.5999999940395,1,Task,image_17.jpg,2.0,2Among5Colour,blue,red,Quadrant 4,45.0,4.0,33–64,5
45,99.0,4,1760.0999999761116,0,Task,image_130.jpg,5.0,2Among5ConjRed,red,green,Quadrant 3,16.0,3.0,9–16,3
45,100.0,3,861.9999999939464,1,Task,image_6.jpg,2.0,2Among5Colour,red,blue,Quadrant 3,7.0,3.0,5–8,2
45,101.0,1,1117.5000000002328,1,Task,image_7.jpg,2.0,2Among5Colour,green,red,Quadrant 1,8.0,1.0,5–8,2
45,102.0,2,1021.6999999999534,1,Task,image_63.jpg,2.0,2Among5ConjRed,green,blue,Quadrant 2,26.0,2.0,17–32,4
45,103.0,2,849.1999999941327,1,Task,image_15.jpg,2.0,2Among5Colour,blue,green,Quadrant 2,26.0,2.0,17–32,4
45,104.0,2,1059.5999999940395,1,Task,image_59.jpg,2.0,2Among5ConjRed,blue,red,Quadrant 2,14.0,2.0,9–16,3
45,105.0,2,1260.599999987986,1,Task,image_22.jpg,2.0,2Among5Colour,green,blue,Quadrant 2,65.0,2.0,65–99,6
45,106.0,1,2798.499999982072,1,Task,image_127.jpg,5.0,2Among5ConjRed,blue,green,Quadrant 1,8.0,1.0,5–8,2
45,107.0,1,2241.099999987986,1,Task,image_57.jpg,2.0,2Among5ConjRed,red,blue,Quadrant 1,9.0,1.0,9–16,3
45,108.0,3,1617.699999994133,1,Task,image_126.jpg,5.0,2Among5ConjRed,green,red,Quadrant 3,7.0,3.0,5–8,2
45,109.0,1,1244.3999999880325,1,Task,image_79.jpg,5.0,2Among5Colour,green,red,Quadrant 1,8.0,1.0,5–8,2
45,110.0,2,2550.799999993993,0,Task,image_56.jpg,2.0,2Among5ConjRed,green,blue,Quadrant 4,15.0,4.0,9–16,3
45,111.0,4,722.299999993993,1,Task,image_80.jpg,5.0,2Among5Colour,blue,red,Quadrant 4,15.0,4.0,9–16,3
45,112.0,2,1105.3000000000466,1,Task,image_16.jpg,2.0,2Among5Colour,green,blue,Quadrant 2,34.0,2.0,33–64,5
45,113.0,4,3295.899999994086,1,Task,image_116.jpg,5.0,2Among5NoColour,red,red,Quadrant 4,93.0,4.0,65–99,6
45,114.0,3,3431.3000000000466,1,Task,image_43.jpg,2.0,2Among5NoColour,blue,blue,Quadrant 3,47.0,3.0,33–64,5
45,115.0,3,3014.100000000093,1,Task,image_37.jpg,2.0,2Among5NoColour,blue,blue,Quadrant 3,20.0,3.0,17–32,4
45,116.0,1,2448.600000000093,1,Task,image_103.jpg,5.0,2Among5NoColour,green,green,Quadrant 1,8.0,1.0,5–8,2
45,117.0,3,3898.600000000093,0,Task,image_64.jpg,2.0,2Among5ConjRed,red,green,Quadrant 2,34.0,2.0,33–64,5
45,118.0,2,1039.499999982072,1,Task,image_88.jpg,5.0,2Among5Colour,green,blue,Quadrant 2,34.0,2.0,33–64,5
45,119.0,3,1449.7999999821186,0,Task,image_123.jpg,5.0,2Among5ConjRed,red,green,Quadrant 1,3.0,1.0,1–4,1
45,120.0,3,3410.399999982212,0,Task,image_118.jpg,5.0,2Among5NoColour,red,red,Quadrant 2,65.0,2.0,65–99,6
45,121.0,2,3677.1999999762047,0,Task,image_34.jpg,2.0,2Among5NoColour,red,red,Quadrant 3,16.0,3.0,9–16,3
45,122.0,1,2483.099999987986,1,Task,image_27.jpg,2.0,2Among5NoColour,blue,blue,Quadrant 1,3.0,1.0,1–4,1
45,123.0,2,785.799999976065,1,Task,image_73.jpg,5.0,2Among5Colour,blue,red,Quadrant 2,4.0,2.0,1–4,1
45,124.0,2,926.399999976158,1,Task,image_135.jpg,5.0,2Among5ConjRed,green,blue,Quadrant 2,26.0,2.0,17–32,4
45,125.0,1,885.8999999880325,1,Task,image_99.jpg,5.0,2Among5NoColour,blue,blue,Quadrant 1,3.0,1.0,1–4,1
45,126.0,2,1693.4999999881256,0,Task,image_71.jpg,2.0,2Among5ConjRed,green,blue,Quadrant 1,75.0,1.0,65–99,6
45,127.0,2,2492.600000000093,1,Task,image_11.jpg,2.0,2Among5Colour,blue,green,Quadrant 2,14.0,2.0,9–16,3
45,128.0,4,2804.199999999953,0,Task,image_129.jpg,5.0,2Among5ConjRed,red,blue,Quadrant 1,9.0,1.0,9–16,3
45,129.0,4,2957.6999999941327,1,Task,image_8.jpg,2.0,2Among5Colour,blue,red,Quadrant 4,15.0,4.0,9–16,3
45,130.0,1,2143.999999976252,0,Task,image_35.jpg,2.0,2Among5NoColour,blue,blue,Quadrant 2,14.0,2.0,9–16,3
45,131.0,3,853.3999999940861,1,Task,image_78.jpg,5.0,2Among5Colour,red,blue,Quadrant 3,7.0,3.0,5–8,2
45,132.0,4,1511.5999999821652,1,Task,image_20.jpg,2.0,2Among5Colour,blue,red,Quadrant 4,93.0,4.0,65–99,6
45,133.0,3,1047.099999987986,1,Task,image_82.jpg,5.0,2Among5Colour,red,green,Quadrant 3,16.0,3.0,9–16,3
45,134.0,3,1232.999999982072,1,Task,image_85.jpg,5.0,2Among5Colour,green,red,Quadrant 3,20.0,3.0,17–32,4
45,135.0,2,3315.4999999939464,1,Task,image_29.jpg,2.0,2Among5NoColour,green,green,Quadrant 2,5.0,2.0,5–8,2
45,136.0,3,2304.0999999940395,0,Task,image_128.jpg,5.0,2Among5ConjRed,green,blue,Quadrant 4,15.0,4.0,9–16,3
45,137.0,2,1215.0999999761116,0,Task,image_69.jpg,2.0,2Among5ConjRed,blue,red,Quadrant 3,82.0,3.0,65–99,6
45,138.0,4,1570.3000000000466,1,Task,image_28.jpg,2.0,2Among5NoColour,red,red,Quadrant 4,6.0,4.0,5–8,2
45,139.0,3,1014.1999999820256,1,Task,image_19.jpg,2.0,2Among5Colour,green,red,Quadrant 3,47.0,3.0,33–64,5
45,140.0,2,2026.799999976065,1,Task,image_40.jpg,2.0,2Among5NoColour,red,red,Quadrant 2,34.0,2.0,33–64,5
45,141.0,3,3603.299999976065,1,Task,image_106.jpg,5.0,2Among5NoColour,red,red,Quadrant 3,16.0,3.0,9–16,3
45,142.0,1,924.099999987986,1,Task,image_9.jpg,2.0,2Among5Colour,green,blue,Quadrant 1,9.0,1.0,9–16,3
45,143.0,2,2123.2999999821186,1,Task,image_77.jpg,5.0,2Among5Colour,red,green,Quadrant 2,5.0,2.0,5–8,2
45,144.0,2,2080.899999976158,1,Task,image_142.jpg,5.0,2Among5ConjRed,blue,green,Quadrant 2,65.0,2.0,65–99,6
67,1.0,2,1310.0,0,Task,image_50.jpg,2.0,2Among5ConjRed,red,blue,Quadrant 4,2.0,4.0,1–4,1
67,2.0,3,2006.0999999999767,1,Task,image_109.jpg,5.0,2Among5NoColour,blue,blue,Quadrant 3,20.0,3.0,17–32,4
67,3.0,2,1267.0999999999913,1,Task,image_73.jpg,5.0,2Among5Colour,blue,red,Quadrant 2,4.0,2.0,1–4,1
67,4.0,2,2512.099999999992,1,Task,image_39.jpg,2.0,2Among5NoColour,green,green,Quadrant 2,26.0,2.0,17–32,4
67,5.0,2,1470.800000000003,0,Task,image_122.jpg,5.0,2Among5ConjRed,red,blue,Quadrant 4,2.0,4.0,1–4,1
67,6.0,4,969.6000000000204,1,Task,image_8.jpg,2.0,2Among5Colour,blue,red,Quadrant 4,15.0,4.0,9–16,3
67,7.0,1,3110.7999999999884,1,Task,image_127.jpg,5.0,2Among5ConjRed,blue,green,Quadrant 1,8.0,1.0,5–8,2
67,8.0,4,2405.200000000012,1,Task,image_56.jpg,2.0,2Among5ConjRed,green,blue,Quadrant 4,15.0,4.0,9–16,3
67,9.0,2,2162.700000000012,1,Task,image_111.jpg,5.0,2Among5NoColour,green,green,Quadrant 2,26.0,2.0,17–32,4
67,10.0,2,2173.699999999997,0,Task,image_134.jpg,5.0,2Among5ConjRed,green,red,Quadrant 4,25.0,4.0,17–32,4
67,11.0,4,1496.399999999965,1,Task,image_74.jpg,5.0,2Among5Colour,green,red,Quadrant 4,2.0,4.0,1–4,1
67,12.0,1,2686.200000000012,1,Task,image_103.jpg,5.0,2Among5NoColour,green,green,Quadrant 1,8.0,1.0,5–8,2
67,13.0,2,2140.499999999971,1,Task,image_49.jpg,2.0,2Among5ConjRed,blue,red,Quadrant 2,4.0,2.0,1–4,1
67,14.0,4,1301.6000000000058,1,Task,image_4.jpg,2.0,2Among5Colour,blue,green,Quadrant 4,6.0,4.0,5–8,2
67,15.0,4,1257.7000000000116,1,Task,image_92.jpg,5.0,2Among5Colour,blue,red,Quadrant 4,93.0,4.0,65–99,6
67,16.0,1,2373.499999999971,0,Task,image_44.jpg,2.0,2Among5NoColour,red,red,Quadrant 4,93.0,4.0,65–99,6
67,17.0,1,2304.399999999994,1,Task,image_66.jpg,2.0,2Among5ConjRed,red,blue,Quadrant 1,59.0,1.0,33–64,5
67,18.0,3,2090.600000000006,1,Task,image_58.jpg,2.0,2Among5ConjRed,red,green,Quadrant 3,16.0,3.0,9–16,3
67,19.0,1,2039.5999999999767,1,Task,image_42.jpg,2.0,2Among5NoColour,green,green,Quadrant 1,59.0,1.0,33–64,5
67,20.0,3,1637.0999999999767,1,Task,image_0.jpg,2.0,2Among5Colour,red,blue,Quadrant 3,1.0,3.0,1–4,1
67,21.0,4,2432.6999999999825,1,Task,image_104.jpg,5.0,2Among5NoColour,red,red,Quadrant 4,15.0,4.0,9–16,3
67,22.0,2,1244.6999999999823,1,Task,image_83.jpg,5.0,2Among5Colour,blue,green,Quadrant 2,14.0,2.0,9–16,3
67,23.0,2,1315.0,1,Task,image_11.jpg,2.0,2Among5Colour,blue,green,Quadrant 2,14.0,2.0,9–16,3
67,24.0,1,2073.0,1,Task,image_55.jpg,2.0,2Among5ConjRed,blue,green,Quadrant 1,8.0,1.0,5–8,2
67,25.0,4,1280.2999999999884,1,Task,image_89.jpg,5.0,2Among5Colour,blue,red,Quadrant 4,45.0,4.0,33–64,5
67,26.0,4,2312.499999999971,1,Task,image_100.jpg,5.0,2Among5NoColour,red,red,Quadrant 4,6.0,4.0,5–8,2
67,27.0,3,1425.2999999999884,1,Task,image_72.jpg,5.0,2Among5Colour,red,blue,Quadrant 3,1.0,3.0,1–4,1
67,28.0,2,1678.8999999999942,1,Task,image_53.jpg,2.0,2Among5ConjRed,green,red,Quadrant 2,5.0,2.0,5–8,2
67,29.0,4,1315.6999999999823,1,Task,image_17.jpg,2.0,2Among5Colour,blue,red,Quadrant 4,45.0,4.0,33–64,5
67,30.0,1,1234.3000000000177,1,Task,image_3.jpg,2.0,2Among5Colour,green,blue,Quadrant 1,3.0,1.0,1–4,1
67,31.0,2,996.5999999999768,1,Task,image_94.jpg,5.0,2Among5Colour,green,blue,Quadrant 2,65.0,2.0,65–99,6
67,32.0,3,983.1999999999824,1,Task,image_6.jpg,2.0,2Among5Colour,red,blue,Quadrant 3,7.0,3.0,5–8,2
67,33.0,4,1400.7999999999593,1,Task,image_98.jpg,5.0,2Among5NoColour,red,red,Quadrant 4,2.0,4.0,1–4,1
67,34.0,3,2248.800000000017,1,Task,image_130.jpg,5.0,2Among5ConjRed,red,green,Quadrant 3,16.0,3.0,9–16,3
67,35.0,2,1982.200000000012,1,Task,image_136.jpg,5.0,2Among5ConjRed,red,green,Quadrant 2,34.0,2.0,33–64,5
67,36.0,2,1167.6000000000058,1,Task,image_87.jpg,5.0,2Among5Colour,blue,green,Quadrant 2,26.0,2.0,17–32,4
67,37.0,4,2282.499999999971,1,Task,image_124.jpg,5.0,2Among5ConjRed,green,blue,Quadrant 4,6.0,4.0,5–8,2
67,38.0,2,2370.700000000012,1,Task,image_40.jpg,2.0,2Among5NoColour,red,red,Quadrant 2,34.0,2.0,33–64,5
67,39.0,2,1216.2999999999593,1,Task,image_5.jpg,2.0,2Among5Colour,red,green,Quadrant 2,5.0,2.0,5–8,2
67,40.0,4,1169.1999999999823,1,Task,image_86.jpg,5.0,2Among5Colour,red,green,Quadrant 4,25.0,4.0,17–32,4
67,41.0,2,1440.5999999999767,1,Task,image_131.jpg,5.0,2Among5ConjRed,blue,red,Quadrant 2,14.0,2.0,9–16,3
67,42.0,3,1306.2000000000116,1,Task,image_120.jpg,5.0,2Among5ConjRed,blue,green,Quadrant 3,1.0,3.0,1–4,1
67,43.0,1,2071.200000000012,1,Task,image_36.jpg,2.0,2Among5NoColour,green,green,Quadrant 1,23.0,1.0,17–32,4
67,44.0,2,2798.6999999999825,1,Task,image_35.jpg,2.0,2Among5NoColour,blue,blue,Quadrant 2,14.0,2.0,9–16,3
67,45.0,2,3404.1999999999825,0,Task,image_71.jpg,2.0,2Among5ConjRed,green,blue,Quadrant 1,75.0,1.0,65–99,6
67,46.0,3,2397.0,1,Task,image_69.jpg,2.0,2Among5ConjRed,blue,red,Quadrant 3,82.0,3.0,65–99,6
67,47.0,2,2278.600000000006,0,Task,image_119.jpg,5.0,2Among5NoColour,blue,blue,Quadrant 1,75.0,1.0,65–99,6
67,48.0,4,2405.800000000017,1,Task,image_32.jpg,2.0,2Among5NoColour,red,red,Quadrant 4,15.0,4.0,9–16,3
67,49.0,4,2324.999999999971,1,Task,image_140.jpg,5.0,2Among5ConjRed,green,red,Quadrant 4,93.0,4.0,65–99,6
67,50.0,2,1743.9000000000233,1,Task,image_101.jpg,5.0,2Among5NoColour,green,green,Quadrant 2,5.0,2.0,5–8,2
67,51.0,3,1529.499999999971,1,Task,image_10.jpg,2.0,2Among5Colour,red,green,Quadrant 3,16.0,3.0,9–16,3
67,52.0,2,1960.3999999999944,0,Task,image_117.jpg,5.0,2Among5NoColour,green,green,Quadrant 3,82.0,3.0,65–99,6
67,53.0,3,1993.5999999999767,0,Task,image_27.jpg,2.0,2Among5NoColour,blue,blue,Quadrant 1,3.0,1.0,1–4,1
67,54.0,2,1030.500000000029,1,Task,image_1.jpg,2.0,2Among5Colour,blue,red,Quadrant 2,4.0,2.0,1–4,1
67,55.0,4,4126.199999999983,0,Task,image_67.jpg,2.0,2Among5ConjRed,red,green,Quadrant 3,47.0,3.0,33–64,5
67,56.0,2,1508.8000000000177,0,Task,image_65.jpg,2.0,2Among5ConjRed,blue,red,Quadrant 4,45.0,4.0,33–64,5
67,57.0,4,1174.3999999999942,1,Task,image_20.jpg,2.0,2Among5Colour,blue,red,Quadrant 4,93.0,4.0,65–99,6
67,58.0,3,2468.5,0,Task,image_118.jpg,5.0,2Among5NoColour,red,red,Quadrant 2,65.0,2.0,65–99,6
67,59.0,2,2039.29999999996,0,Task,image_68.jpg,2.0,2Among5ConjRed,green,red,Quadrant 4,93.0,4.0,65–99,6
67,60.0,2,1527.0,1,Task,image_135.jpg,5.0,2Among5ConjRed,green,blue,Quadrant 2,26.0,2.0,17–32,4
67,61.0,3,2301.400000000024,1,Task,image_61.jpg,2.0,2Among5ConjRed,red,blue,Quadrant 3,20.0,3.0,17–32,4
67,62.0,2,1705.0,1,Task,image_88.jpg,5.0,2Among5Colour,green,blue,Quadrant 2,34.0,2.0,33–64,5
67,63.0,2,983.1999999999534,1,Task,image_15.jpg,2.0,2Among5Colour,blue,green,Quadrant 2,26.0,2.0,17–32,4
67,64.0,1,2635.699999999953,1,Task,image_31.jpg,2.0,2Among5NoColour,green,green,Quadrant 1,8.0,1.0,5–8,2
67,65.0,1,2915.199999999953,1,Task,image_105.jpg,5.0,2Among5NoColour,green,green,Quadrant 1,9.0,1.0,9–16,3
67,66.0,1,1800.399999999965,1,Task,image_129.jpg,5.0,2Among5ConjRed,red,blue,Quadrant 1,9.0,1.0,9–16,3
67,67.0,1,1789.399999999965,1,Task,image_99.jpg,5.0,2Among5NoColour,blue,blue,Quadrant 1,3.0,1.0,1–4,1
67,68.0,4,1884.4000000000235,1,Task,image_80.jpg,5.0,2Among5Colour,blue,red,Quadrant 4,15.0,4.0,9–16,3
67,69.0,4,1933.0,1,Task,image_110.jpg,5.0,2Among5NoColour,red,red,Quadrant 4,25.0,4.0,17–32,4
67,70.0,3,2261.200000000012,0,Task,image_143.jpg,5.0,2Among5ConjRed,green,blue,Quadrant 1,75.0,1.0,65–99,6
67,71.0,1,2170.900000000024,1,Task,image_132.jpg,5.0,2Among5ConjRed,blue,green,Quadrant 1,23.0,1.0,17–32,4
67,72.0,4,1741.5,1,Task,image_137.jpg,5.0,2Among5ConjRed,blue,red,Quadrant 4,45.0,4.0,33–64,5
67,73.0,1,1765.5000000000582,0,Task,image_34.jpg,2.0,2Among5NoColour,red,red,Quadrant 3,16.0,3.0,9–16,3
67,74.0,4,2304.5,0,Task,image_47.jpg,2.0,2Among5NoColour,blue,blue,Quadrant 1,75.0,1.0,65–99,6
67,75.0,1,2000.899999999965,0,Task,image_115.jpg,5.0,2Among5NoColour,blue,blue,Quadrant 3,47.0,3.0,33–64,5
67,76.0,4,1675.4000000000233,1,Task,image_52.jpg,2.0,2Among5ConjRed,green,blue,Quadrant 4,6.0,4.0,5–8,2
67,77.0,3,1636.5,1,Task,image_96.jpg,5.0,2Among5NoColour,green,green,Quadrant 3,1.0,3.0,1–4,1
67,78.0,1,1702.2000000000116,1,Task,image_123.jpg,5.0,2Among5ConjRed,red,green,Quadrant 1,3.0,1.0,1–4,1
67,79.0,1,1765.2999999999884,1,Task,image_60.jpg,2.0,2Among5ConjRed,blue,green,Quadrant 1,23.0,1.0,17–32,4
67,80.0,3,1203.9999999999418,1,Task,image_21.jpg,2.0,2Among5Colour,blue,green,Quadrant 3,82.0,3.0,65–99,6
67,81.0,2,1810.600000000035,1,Task,image_142.jpg,5.0,2Among5ConjRed,blue,green,Quadrant 2,65.0,2.0,65–99,6
67,82.0,4,1180.0999999999767,1,Task,image_14.jpg,2.0,2Among5Colour,red,green,Quadrant 4,25.0,4.0,17–32,4
67,83.0,1,1782.399999999965,1,Task,image_108.jpg,5.0,2Among5NoColour,green,green,Quadrant 1,23.0,1.0,17–32,4
67,84.0,3,1755.5999999999767,1,Task,image_126.jpg,5.0,2Among5ConjRed,green,red,Quadrant 3,7.0,3.0,5–8,2
67,85.0,3,2355.20000000007,0,Task,image_113.jpg,5.0,2Among5NoColour,blue,blue,Quadrant 4,45.0,4.0,33–64,5
67,86.0,2,1388.4000000000233,1,Task,image_64.jpg,2.0,2Among5ConjRed,red,green,Quadrant 2,34.0,2.0,33–64,5
67,87.0,2,1586.1999999999534,1,Task,image_112.jpg,5.0,2Among5NoColour,red,red,Quadrant 2,34.0,2.0,33–64,5
67,88.0,4,2021.2000000000696,1,Task,image_38.jpg,2.0,2Among5NoColour,red,red,Quadrant 4,25.0,4.0,17–32,4
67,89.0,2,2149.5999999999185,1,Task,image_46.jpg,2.0,2Among5NoColour,red,red,Quadrant 2,65.0,2.0,65–99,6
67,90.0,2,1491.5999999999767,1,Task,image_77.jpg,5.0,2Among5Colour,red,green,Quadrant 2,5.0,2.0,5–8,2
67,91.0,3,2385.499999999942,1,Task,image_43.jpg,2.0,2Among5NoColour,blue,blue,Quadrant 3,47.0,3.0,33–64,5
67,92.0,2,2268.100000000035,1,Task,image_70.jpg,2.0,2Among5ConjRed,blue,green,Quadrant 2,65.0,2.0,65–99,6
67,93.0,2,1942.0,0,Task,image_41.jpg,2.0,2Among5NoColour,blue,blue,Quadrant 4,45.0,4.0,33–64,5
67,94.0,3,2288.0999999999767,1,Task,image_54.jpg,2.0,2Among5ConjRed,green,red,Quadrant 3,7.0,3.0,5–8,2
67,95.0,1,1234.3000000000466,1,Task,image_95.jpg,5.0,2Among5Colour,red,green,Quadrant 1,75.0,1.0,65–99,6
67,96.0,4,1585.600000000035,1,Task,image_2.jpg,2.0,2Among5Colour,green,red,Quadrant 4,2.0,4.0,1–4,1
67,97.0,3,2482.2999999999884,1,Task,image_102.jpg,5.0,2Among5NoColour,blue,blue,Quadrant 3,7.0,3.0,5–8,2
67,98.0,1,1547.5999999999767,1,Task,image_84.jpg,5.0,2Among5Colour,red,blue,Quadrant 1,23.0,1.0,17–32,4
67,99.0,1,1663.9000000000233,1,Task,image_138.jpg,5.0,2Among5ConjRed,red,blue,Quadrant 1,59.0,1.0,33–64,5
67,100.0,1,2320.700000000012,1,Task,image_51.jpg,2.0,2Among5ConjRed,red,green,Quadrant 1,3.0,1.0,1–4,1
67,101.0,1,1182.5,1,Task,image_18.jpg,2.0,2Among5Colour,red,blue,Quadrant 1,59.0,1.0,33–64,5
67,102.0,2,2459.100000000035,0,Task,image_45.jpg,2.0,2Among5NoColour,green,green,Quadrant 3,82.0,3.0,65–99,6
67,103.0,1,2158.5999999999767,1,Task,image_57.jpg,2.0,2Among5ConjRed,red,blue,Quadrant 1,9.0,1.0,9–16,3
67,104.0,3,1146.6999999999534,1,Task,image_78.jpg,5.0,2Among5Colour,red,blue,Quadrant 3,7.0,3.0,5–8,2
67,105.0,1,1136.7000000000698,1,Task,image_7.jpg,2.0,2Among5Colour,green,red,Quadrant 1,8.0,1.0,5–8,2
67,106.0,3,1449.5999999999767,1,Task,image_91.jpg,5.0,2Among5Colour,green,red,Quadrant 3,47.0,3.0,33–64,5
67,107.0,1,1046.0,1,Task,image_90.jpg,5.0,2Among5Colour,red,blue,Quadrant 1,59.0,1.0,33–64,5
67,108.0,3,1334.600000000035,1,Task,image_24.jpg,2.0,2Among5NoColour,green,green,Quadrant 3,1.0,3.0,1–4,1
67,109.0,2,2240.3000000000466,1,Task,image_29.jpg,2.0,2Among5NoColour,green,green,Quadrant 2,5.0,2.0,5–8,2
67,110.0,1,1188.7000000000698,1,Task,image_9.jpg,2.0,2Among5Colour,green,blue,Quadrant 1,9.0,1.0,9–16,3
67,111.0,4,1575.9000000000233,0,Task,image_139.jpg,5.0,2Among5ConjRed,red,green,Quadrant 3,47.0,3.0,33–64,5
67,112.0,1,2234.5999999999767,1,Task,image_33.jpg,2.0,2Among5NoColour,green,green,Quadrant 1,9.0,1.0,9–16,3
67,113.0,1,892.5,1,Task,image_12.jpg,2.0,2Among5Colour,red,blue,Quadrant 1,23.0,1.0,17–32,4
67,114.0,1,1004.2000000000116,1,Task,image_81.jpg,5.0,2Among5Colour,green,blue,Quadrant 1,9.0,1.0,9–16,3
67,115.0,4,2443.199999999953,0,Task,image_141.jpg,5.0,2Among5ConjRed,blue,red,Quadrant 3,82.0,3.0,65–99,6
67,116.0,2,1106.2999999999884,1,Task,image_16.jpg,2.0,2Among5Colour,green,blue,Quadrant 2,34.0,2.0,33–64,5
67,117.0,4,1685.8000000000466,1,Task,image_28.jpg,2.0,2Among5NoColour,red,red,Quadrant 4,6.0,4.0,5–8,2
67,118.0,4,1314.0999999999767,1,Task,image_26.jpg,2.0,2Among5NoColour,red,red,Quadrant 4,2.0,4.0,1–4,1
67,119.0,2,1542.8000000000466,1,Task,image_59.jpg,2.0,2Among5ConjRed,blue,red,Quadrant 2,14.0,2.0,9–16,3
67,120.0,1,1069.9000000000233,1,Task,image_75.jpg,5.0,2Among5Colour,green,blue,Quadrant 1,3.0,1.0,1–4,1
67,121.0,1,1168.0,1,Task,image_23.jpg,2.0,2Among5Colour,red,green,Quadrant 1,75.0,1.0,65–99,6
67,122.0,3,1574.0000000000582,1,Task,image_106.jpg,5.0,2Among5NoColour,red,red,Quadrant 3,16.0,3.0,9–16,3
67,123.0,4,2153.20000000007,1,Task,image_128.jpg,5.0,2Among5ConjRed,green,blue,Quadrant 4,15.0,4.0,9–16,3
67,124.0,4,2197.399999999965,0,Task,image_107.jpg,5.0,2Among5NoColour,blue,blue,Quadrant 2,14.0,2.0,9–16,3
67,125.0,3,1977.4000000000813,1,Task,image_133.jpg,5.0,2Among5ConjRed,red,blue,Quadrant 3,20.0,3.0,17–32,4
67,126.0,3,1652.2000000000116,1,Task,image_30.jpg,2.0,2Among5NoColour,blue,blue,Quadrant 3,7.0,3.0,5–8,2
67,127.0,3,1119.7000000000698,1,Task,image_93.jpg,5.0,2Among5Colour,blue,green,Quadrant 3,82.0,3.0,65–99,6
67,128.0,3,1358.100000000035,1,Task,image_19.jpg,2.0,2Among5Colour,green,red,Quadrant 3,47.0,3.0,33–64,5
67,129.0,2,2592.20000000007,0,Task,image_37.jpg,2.0,2Among5NoColour,blue,blue,Quadrant 3,20.0,3.0,17–32,4
67,130.0,2,1351.5,1,Task,image_63.jpg,2.0,2Among5ConjRed,green,blue,Quadrant 2,26.0,2.0,17–32,4
67,131.0,3,1427.899999999965,1,Task,image_85.jpg,5.0,2Among5Colour,green,red,Quadrant 3,20.0,3.0,17–32,4
67,132.0,2,2340.500000000058,0,Task,image_114.jpg,5.0,2Among5NoColour,green,green,Quadrant 1,59.0,1.0,33–64,5
67,133.0,2,901.7000000000116,1,Task,image_22.jpg,2.0,2Among5Colour,green,blue,Quadrant 2,65.0,2.0,65–99,6
67,134.0,4,2760.5,1,Task,image_62.jpg,2.0,2Among5ConjRed,green,red,Quadrant 4,25.0,4.0,17–32,4
67,135.0,3,1352.4000000000815,1,Task,image_82.jpg,5.0,2Among5Colour,red,green,Quadrant 3,16.0,3.0,9–16,3
67,136.0,2,1451.600000000035,1,Task,image_25.jpg,2.0,2Among5NoColour,blue,blue,Quadrant 2,4.0,2.0,1–4,1
67,137.0,3,2125.000000000058,0,Task,image_116.jpg,5.0,2Among5NoColour,red,red,Quadrant 4,93.0,4.0,65–99,6
67,138.0,3,1204.9000000000233,1,Task,image_13.jpg,2.0,2Among5Colour,green,red,Quadrant 3,20.0,3.0,17–32,4
67,139.0,4,986.4000000000232,1,Task,image_76.jpg,5.0,2Among5Colour,blue,green,Quadrant 4,6.0,4.0,5–8,2
67,140.0,2,1546.4000000000233,1,Task,image_121.jpg,5.0,2Among5ConjRed,blue,red,Quadrant 2,4.0,2.0,1–4,1
67,141.0,3,1741.9000000000233,1,Task,image_48.jpg,2.0,2Among5ConjRed,blue,green,Quadrant 3,1.0,3.0,1–4,1
67,142.0,2,1726.0000000000582,1,Task,image_125.jpg,5.0,2Among5ConjRed,green,red,Quadrant 2,5.0,2.0,5–8,2
67,143.0,1,1132.2000000000116,1,Task,image_79.jpg,5.0,2Among5Colour,green,red,Quadrant 1,8.0,1.0,5–8,2
67,144.0,2,1519.3000000000466,1,Task,image_97.jpg,5.0,2Among5NoColour,blue,blue,Quadrant 2,4.0,2.0,1–4,1
82,1.0,4,1166.100000000035,1,Task,image_89.jpg,5.0,2Among5Colour,blue,red,Quadrant 4,45.0,4.0,33–64,5
82,2.0,2,5095.299999999988,0,Task,image_66.jpg,2.0,2Among5ConjRed,red,blue,Quadrant 1,59.0,1.0,33–64,5
82,3.0,3,4074.8000000715256,0,Task,image_68.jpg,2.0,2Among5ConjRed,green,red,Quadrant 4,93.0,4.0,65–99,6
82,4.0,2,2093.2000000238186,1,Task,image_59.jpg,2.0,2Among5ConjRed,blue,red,Quadrant 2,14.0,2.0,9–16,3
82,5.0,2,2482.7999999999884,0,Task,image_143.jpg,5.0,2Among5ConjRed,green,blue,Quadrant 1,75.0,1.0,65–99,6
82,6.0,2,3287.2999999999884,1,Task,image_101.jpg,5.0,2Among5NoColour,green,green,Quadrant 2,5.0,2.0,5–8,2
82,7.0,4,1639.7000000238186,1,Task,image_2.jpg,2.0,2Among5Colour,green,red,Quadrant 4,2.0,4.0,1–4,1
82,8.0,4,2797.2000000238186,1,Task,image_65.jpg,2.0,2Among5ConjRed,blue,red,Quadrant 4,45.0,4.0,33–64,5
82,9.0,2,2082.899999999965,0,Task,image_52.jpg,2.0,2Among5ConjRed,green,blue,Quadrant 4,6.0,4.0,5–8,2
82,10.0,4,3106.5999999999767,1,Task,image_128.jpg,5.0,2Among5ConjRed,green,blue,Quadrant 4,15.0,4.0,9–16,3
82,11.0,3,3516.0999999999767,0,Task,image_119.jpg,5.0,2Among5NoColour,blue,blue,Quadrant 1,75.0,1.0,65–99,6
82,12.0,3,2144.100000071514,1,Task,image_72.jpg,5.0,2Among5Colour,red,blue,Quadrant 3,1.0,3.0,1–4,1
82,13.0,1,1732.7999999999302,1,Task,image_95.jpg,5.0,2Among5Colour,red,green,Quadrant 1,75.0,1.0,65–99,6
82,14.0,1,3105.000000023865,1,Task,image_33.jpg,2.0,2Among5NoColour,green,green,Quadrant 1,9.0,1.0,9–16,3
82,15.0,2,2071.5000000477303,1,Task,image_111.jpg,5.0,2Among5NoColour,green,green,Quadrant 2,26.0,2.0,17–32,4
82,16.0,3,3322.899999976158,1,Task,image_43.jpg,2.0,2Among5NoColour,blue,blue,Quadrant 3,47.0,3.0,33–64,5
82,17.0,3,1441.0000000238651,1,Task,image_93.jpg,5.0,2Among5Colour,blue,green,Quadrant 3,82.0,3.0,65–99,6
82,18.0,4,2339.100000071572,1,Task,image_124.jpg,5.0,2Among5ConjRed,green,blue,Quadrant 4,6.0,4.0,5–8,2
82,19.0,2,2320.7000000238186,0,Task,image_71.jpg,2.0,2Among5ConjRed,green,blue,Quadrant 1,75.0,1.0,65–99,6
82,20.0,3,2301.9000000715023,1,Task,image_85.jpg,5.0,2Among5Colour,green,red,Quadrant 3,20.0,3.0,17–32,4
82,21.0,2,2504.7000000238186,0,Task,image_56.jpg,2.0,2Among5ConjRed,green,blue,Quadrant 4,15.0,4.0,9–16,3
82,22.0,2,2037.100000071572,1,Task,image_88.jpg,5.0,2Among5Colour,green,blue,Quadrant 2,34.0,2.0,33–64,5
82,23.0,4,1908.200000047684,1,Task,image_122.jpg,5.0,2Among5ConjRed,red,blue,Quadrant 4,2.0,4.0,1–4,1
82,24.0,3,3832.000000071479,1,Task,image_37.jpg,2.0,2Among5NoColour,blue,blue,Quadrant 3,20.0,3.0,17–32,4
82,25.0,3,1237.9000000238884,1,Task,image_82.jpg,5.0,2Among5Colour,red,green,Quadrant 3,16.0,3.0,9–16,3
82,26.0,4,3661.100000047707,0,Task,image_107.jpg,5.0,2Among5NoColour,blue,blue,Quadrant 2,14.0,2.0,9–16,3
82,27.0,3,1995.4000000238884,0,Task,image_103.jpg,5.0,2Among5NoColour,green,green,Quadrant 1,8.0,1.0,5–8,2
82,28.0,1,1432.8999999999069,1,Task,image_81.jpg,5.0,2Among5Colour,green,blue,Quadrant 1,9.0,1.0,9–16,3
82,29.0,1,2076.599999976112,1,Task,image_129.jpg,5.0,2Among5ConjRed,red,blue,Quadrant 1,9.0,1.0,9–16,3
82,30.0,2,2176.600000047707,1,Task,image_64.jpg,2.0,2Among5ConjRed,red,green,Quadrant 2,34.0,2.0,33–64,5
82,31.0,4,3619.900000047637,1,Task,image_110.jpg,5.0,2Among5NoColour,red,red,Quadrant 4,25.0,4.0,17–32,4
82,32.0,2,1316.1000000000931,1,Task,image_87.jpg,5.0,2Among5Colour,blue,green,Quadrant 2,26.0,2.0,17–32,4
82,33.0,3,3515.999999999884,0,Task,image_46.jpg,2.0,2Among5NoColour,red,red,Quadrant 2,65.0,2.0,65–99,6
82,34.0,3,1270.8000000715256,1,Task,image_19.jpg,2.0,2Among5Colour,green,red,Quadrant 3,47.0,3.0,33–64,5
82,35.0,2,3016.199999999953,1,Task,image_29.jpg,2.0,2Among5NoColour,green,green,Quadrant 2,5.0,2.0,5–8,2
82,36.0,1,3771.9000000715023,0,Task,image_41.jpg,2.0,2Among5NoColour,blue,blue,Quadrant 4,45.0,4.0,33–64,5
82,37.0,4,1232.9000000001397,1,Task,image_4.jpg,2.0,2Among5Colour,blue,green,Quadrant 4,6.0,4.0,5–8,2
82,38.0,2,2741.1999999762047,1,Task,image_35.jpg,2.0,2Among5NoColour,blue,blue,Quadrant 2,14.0,2.0,9–16,3
82,39.0,2,3824.000000071479,0,Task,image_34.jpg,2.0,2Among5NoColour,red,red,Quadrant 3,16.0,3.0,9–16,3
82,40.0,1,1066.2999999999302,1,Task,image_9.jpg,2.0,2Among5Colour,green,blue,Quadrant 1,9.0,1.0,9–16,3
82,41.0,4,1406.0000000477305,1,Task,image_80.jpg,5.0,2Among5Colour,blue,red,Quadrant 4,15.0,4.0,9–16,3
82,42.0,1,2621.7000000238186,0,Task,image_102.jpg,5.0,2Among5NoColour,blue,blue,Quadrant 3,7.0,3.0,5–8,2
82,43.0,3,3733.800000047661,1,Task,image_61.jpg,2.0,2Among5ConjRed,red,blue,Quadrant 3,20.0,3.0,17–32,4
82,44.0,3,1860.2000000238183,1,Task,image_126.jpg,5.0,2Among5ConjRed,green,red,Quadrant 3,7.0,3.0,5–8,2
82,45.0,2,2127.499999976135,1,Task,image_49.jpg,2.0,2Among5ConjRed,blue,red,Quadrant 2,4.0,2.0,1–4,1
82,46.0,4,1832.9000000000235,1,Task,image_8.jpg,2.0,2Among5Colour,blue,red,Quadrant 4,15.0,4.0,9–16,3
82,47.0,1,1392.1999999762047,1,Task,image_23.jpg,2.0,2Among5Colour,red,green,Quadrant 1,75.0,1.0,65–99,6
82,48.0,2,1982.999999999884,1,Task,image_125.jpg,5.0,2Among5ConjRed,green,red,Quadrant 2,5.0,2.0,5–8,2
82,49.0,4,3020.800000023796,0,Task,image_106.jpg,5.0,2Among5NoColour,red,red,Quadrant 3,16.0,3.0,9–16,3
82,50.0,3,3825.8000000715256,1,Task,image_109.jpg,5.0,2Among5NoColour,blue,blue,Quadrant 3,20.0,3.0,17–32,4
82,51.0,2,3729.000000023865,0,Task,image_32.jpg,2.0,2Among5NoColour,red,red,Quadrant 4,15.0,4.0,9–16,3
82,52.0,4,1849.5,1,Task,image_86.jpg,5.0,2Among5Colour,red,green,Quadrant 4,25.0,4.0,17–32,4
82,53.0,3,1546.3000000476604,1,Task,image_13.jpg,2.0,2Among5Colour,green,red,Quadrant 3,20.0,3.0,17–32,4
82,54.0,2,2881.5999999999767,1,Task,image_136.jpg,5.0,2Among5ConjRed,red,green,Quadrant 2,34.0,2.0,33–64,5
82,55.0,4,1478.500000071479,1,Task,image_17.jpg,2.0,2Among5Colour,blue,red,Quadrant 4,45.0,4.0,33–64,5
82,56.0,4,1979.1999999999528,1,Task,image_100.jpg,5.0,2Among5NoColour,red,red,Quadrant 4,6.0,4.0,5–8,2
82,57.0,2,1642.500000071479,1,Task,image_73.jpg,5.0,2Among5Colour,blue,red,Quadrant 2,4.0,2.0,1–4,1
82,58.0,2,1205.100000047707,1,Task,image_11.jpg,2.0,2Among5Colour,blue,green,Quadrant 2,14.0,2.0,9–16,3
82,59.0,1,2299.6999999762047,1,Task,image_51.jpg,2.0,2Among5ConjRed,red,green,Quadrant 1,3.0,1.0,1–4,1
82,60.0,4,3777.800000047661,1,Task,image_62.jpg,2.0,2Among5ConjRed,green,red,Quadrant 4,25.0,4.0,17–32,4
82,61.0,2,1175.399999976158,1,Task,image_83.jpg,5.0,2Among5Colour,blue,green,Quadrant 2,14.0,2.0,9–16,3
82,62.0,1,2487.600000071572,1,Task,image_31.jpg,2.0,2Among5NoColour,green,green,Quadrant 1,8.0,1.0,5–8,2
82,63.0,3,1866.3000000000463,1,Task,image_96.jpg,5.0,2Among5NoColour,green,green,Quadrant 3,1.0,3.0,1–4,1
82,64.0,3,5634.700000047684,0,Task,image_108.jpg,5.0,2Among5NoColour,green,green,Quadrant 1,23.0,1.0,17–32,4
82,65.0,4,1192.8000000237953,1,Task,image_74.jpg,5.0,2Among5Colour,green,red,Quadrant 4,2.0,4.0,1–4,1
82,66.0,3,3762.800000047661,1,Task,image_141.jpg,5.0,2Among5ConjRed,blue,red,Quadrant 3,82.0,3.0,65–99,6
82,67.0,3,3229.79999999993,1,Task,image_139.jpg,5.0,2Among5ConjRed,red,green,Quadrant 3,47.0,3.0,33–64,5
82,68.0,2,1314.100000071572,1,Task,image_16.jpg,2.0,2Among5Colour,green,blue,Quadrant 2,34.0,2.0,33–64,5
82,69.0,2,1971.6999999999528,0,Task,image_132.jpg,5.0,2Among5ConjRed,blue,green,Quadrant 1,23.0,1.0,17–32,4
82,70.0,3,3611.4000000000233,0,Task,image_36.jpg,2.0,2Among5NoColour,green,green,Quadrant 1,23.0,1.0,17–32,4
82,71.0,4,2049.300000023796,1,Task,image_14.jpg,2.0,2Among5Colour,red,green,Quadrant 4,25.0,4.0,17–32,4
82,72.0,4,1333.0999999999767,1,Task,image_92.jpg,5.0,2Among5Colour,blue,red,Quadrant 4,93.0,4.0,65–99,6
82,73.0,2,1887.500000071479,1,Task,image_25.jpg,2.0,2Among5NoColour,blue,blue,Quadrant 2,4.0,2.0,1–4,1
82,74.0,3,1276.7000000476835,1,Task,image_120.jpg,5.0,2Among5ConjRed,blue,green,Quadrant 3,1.0,3.0,1–4,1
82,75.0,4,3862.999999999884,0,Task,image_70.jpg,2.0,2Among5ConjRed,blue,green,Quadrant 2,65.0,2.0,65–99,6
82,76.0,1,2694.4000000715023,1,Task,image_57.jpg,2.0,2Among5ConjRed,red,blue,Quadrant 1,9.0,1.0,9–16,3
82,77.0,3,1190.5999999761116,1,Task,image_48.jpg,2.0,2Among5ConjRed,blue,green,Quadrant 3,1.0,3.0,1–4,1
82,78.0,4,1208.899999976158,1,Task,image_20.jpg,2.0,2Among5Colour,blue,red,Quadrant 4,93.0,4.0,65–99,6
82,79.0,4,3722.100000023842,1,Task,image_104.jpg,5.0,2Among5NoColour,red,red,Quadrant 4,15.0,4.0,9–16,3
82,80.0,3,2938.900000047637,1,Task,image_133.jpg,5.0,2Among5ConjRed,red,blue,Quadrant 3,20.0,3.0,17–32,4
82,81.0,4,3596.600000000093,0,Task,image_117.jpg,5.0,2Among5NoColour,green,green,Quadrant 3,82.0,3.0,65–99,6
82,82.0,1,1048.3000000000466,1,Task,image_7.jpg,2.0,2Among5Colour,green,red,Quadrant 1,8.0,1.0,5–8,2
82,83.0,1,2183.0999999999767,1,Task,image_138.jpg,5.0,2Among5ConjRed,red,blue,Quadrant 1,59.0,1.0,33–64,5
82,84.0,3,1474.9999999761349,1,Task,image_6.jpg,2.0,2Among5Colour,red,blue,Quadrant 3,7.0,3.0,5–8,2
82,85.0,2,1946.4000000715023,1,Task,image_63.jpg,2.0,2Among5ConjRed,green,blue,Quadrant 2,26.0,2.0,17–32,4
82,86.0,2,3446.5999999999767,1,Task,image_39.jpg,2.0,2Among5NoColour,green,green,Quadrant 2,26.0,2.0,17–32,4
82,87.0,1,1179.4000000000233,1,Task,image_18.jpg,2.0,2Among5Colour,red,blue,Quadrant 1,59.0,1.0,33–64,5
82,88.0,3,1016.5,1,Task,image_78.jpg,5.0,2Among5Colour,red,blue,Quadrant 3,7.0,3.0,5–8,2
82,89.0,2,1983.100000000093,0,Task,image_42.jpg,2.0,2Among5NoColour,green,green,Quadrant 1,59.0,1.0,33–64,5
82,90.0,2,2070.7000000238186,1,Task,image_135.jpg,5.0,2Among5ConjRed,green,blue,Quadrant 2,26.0,2.0,17–32,4
82,91.0,2,1547.8000000237953,0,Task,image_30.jpg,2.0,2Among5NoColour,blue,blue,Quadrant 3,7.0,3.0,5–8,2
82,92.0,2,1993.0999999999767,1,Task,image_15.jpg,2.0,2Among5Colour,blue,green,Quadrant 2,26.0,2.0,17–32,4
82,93.0,1,949.8000000000466,1,Task,image_90.jpg,5.0,2Among5Colour,red,blue,Quadrant 1,59.0,1.0,33–64,5
82,94.0,2,3709.499999976135,1,Task,image_40.jpg,2.0,2Among5NoColour,red,red,Quadrant 2,34.0,2.0,33–64,5
82,95.0,1,4190.300000023795,1,Task,image_114.jpg,5.0,2Among5NoColour,green,green,Quadrant 1,59.0,1.0,33–64,5
82,96.0,1,2020.8000000000463,1,Task,image_123.jpg,5.0,2Among5ConjRed,red,green,Quadrant 1,3.0,1.0,1–4,1
82,97.0,1,2349.5999999999767,1,Task,image_75.jpg,5.0,2Among5Colour,green,blue,Quadrant 1,3.0,1.0,1–4,1
82,98.0,2,1856.600000071572,1,Task,image_53.jpg,2.0,2Among5ConjRed,green,red,Quadrant 2,5.0,2.0,5–8,2
82,99.0,2,1216.1999999999534,1,Task,image_5.jpg,2.0,2Among5Colour,red,green,Quadrant 2,5.0,2.0,5–8,2
82,100.0,3,3880.000000000117,0,Task,image_113.jpg,5.0,2Among5NoColour,blue,blue,Quadrant 4,45.0,4.0,33–64,5
82,101.0,1,3709.4000000000233,0,Task,image_134.jpg,5.0,2Among5ConjRed,green,red,Quadrant 4,25.0,4.0,17–32,4
82,102.0,2,4146.400000000023,1,Task,image_142.jpg,5.0,2Among5ConjRed,blue,green,Quadrant 2,65.0,2.0,65–99,6
82,103.0,2,1770.9000000476371,1,Task,image_77.jpg,5.0,2Among5Colour,red,green,Quadrant 2,5.0,2.0,5–8,2
82,104.0,2,2449.600000000093,0,Task,image_38.jpg,2.0,2Among5NoColour,red,red,Quadrant 4,25.0,4.0,17–32,4
82,105.0,2,2277.500000023865,1,Task,image_97.jpg,5.0,2Among5NoColour,blue,blue,Quadrant 2,4.0,2.0,1–4,1
82,106.0,2,1560.6999999999534,1,Task,image_22.jpg,2.0,2Among5Colour,green,blue,Quadrant 2,65.0,2.0,65–99,6
82,107.0,1,4078.3000000237953,1,Task,image_55.jpg,2.0,2Among5ConjRed,blue,green,Quadrant 1,8.0,1.0,5–8,2
82,108.0,1,1299.7999999999302,1,Task,image_84.jpg,5.0,2Among5Colour,red,blue,Quadrant 1,23.0,1.0,17–32,4
82,109.0,3,3746.600000000093,0,Task,image_118.jpg,5.0,2Among5NoColour,red,red,Quadrant 2,65.0,2.0,65–99,6
82,110.0,3,949.6999999999534,1,Task,image_21.jpg,2.0,2Among5Colour,blue,green,Quadrant 3,82.0,3.0,65–99,6
82,111.0,2,2124.8000000000466,1,Task,image_112.jpg,5.0,2Among5NoColour,red,red,Quadrant 2,34.0,2.0,33–64,5
82,112.0,3,3611.0,1,Task,image_69.jpg,2.0,2Among5ConjRed,blue,red,Quadrant 3,82.0,3.0,65–99,6
82,113.0,1,2904.2999999761814,1,Task,image_27.jpg,2.0,2Among5NoColour,blue,blue,Quadrant 1,3.0,1.0,1–4,1
82,114.0,1,1166.1000000000931,1,Task,image_3.jpg,2.0,2Among5Colour,green,blue,Quadrant 1,3.0,1.0,1–4,1
82,115.0,4,2744.600000023842,1,Task,image_137.jpg,5.0,2Among5ConjRed,blue,red,Quadrant 4,45.0,4.0,33–64,5
82,116.0,4,2828.000000071479,1,Task,image_98.jpg,5.0,2Among5NoColour,red,red,Quadrant 4,2.0,4.0,1–4,1
82,117.0,2,1140.9000000238884,1,Task,image_1.jpg,2.0,2Among5Colour,blue,red,Quadrant 2,4.0,2.0,1–4,1
82,118.0,3,2689.600000071572,1,Task,image_58.jpg,2.0,2Among5ConjRed,red,green,Quadrant 3,16.0,3.0,9–16,3
82,119.0,2,2012.6000000238416,1,Task,image_131.jpg,5.0,2Among5ConjRed,blue,red,Quadrant 2,14.0,2.0,9–16,3
82,120.0,3,2699.0000000477303,1,Task,image_54.jpg,2.0,2Among5ConjRed,green,red,Quadrant 3,7.0,3.0,5–8,2
82,121.0,2,3834.700000047684,0,Task,image_115.jpg,5.0,2Among5NoColour,blue,blue,Quadrant 3,47.0,3.0,33–64,5
82,122.0,1,4177.600000071572,1,Task,image_47.jpg,2.0,2Among5NoColour,blue,blue,Quadrant 1,75.0,1.0,65–99,6
82,123.0,4,970.4999999761347,1,Task,image_76.jpg,5.0,2Among5Colour,blue,green,Quadrant 4,6.0,4.0,5–8,2
82,124.0,3,1932.8999999999069,1,Task,image_10.jpg,2.0,2Among5Colour,red,green,Quadrant 3,16.0,3.0,9–16,3
82,125.0,4,2299.70000000007,1,Task,image_26.jpg,2.0,2Among5NoColour,red,red,Quadrant 4,2.0,4.0,1–4,1
82,126.0,3,3056.399999976158,1,Task,image_67.jpg,2.0,2Among5ConjRed,red,green,Quadrant 3,47.0,3.0,33–64,5
82,127.0,2,3170.600000071572,1,Task,image_121.jpg,5.0,2Among5ConjRed,blue,red,Quadrant 2,4.0,2.0,1–4,1
82,128.0,4,3461.300000023796,1,Task,image_28.jpg,2.0,2Among5NoColour,red,red,Quadrant 4,6.0,4.0,5–8,2
82,129.0,4,3694.200000071549,0,Task,image_45.jpg,2.0,2Among5NoColour,green,green,Quadrant 3,82.0,3.0,65–99,6
82,130.0,3,2105.800000023796,1,Task,image_0.jpg,2.0,2Among5Colour,red,blue,Quadrant 3,1.0,3.0,1–4,1
82,131.0,1,3681.70000000007,1,Task,image_60.jpg,2.0,2Among5ConjRed,blue,green,Quadrant 1,23.0,1.0,17–32,4
82,132.0,1,3946.29999999993,1,Task,image_99.jpg,5.0,2Among5NoColour,blue,blue,Quadrant 1,3.0,1.0,1–4,1
82,133.0,1,1046.2000000476835,1,Task,image_79.jpg,5.0,2Among5Colour,green,red,Quadrant 1,8.0,1.0,5–8,2
82,134.0,2,1249.5999999998603,1,Task,image_94.jpg,5.0,2Among5Colour,green,blue,Quadrant 2,65.0,2.0,65–99,6
82,135.0,4,3546.5999999999767,1,Task,image_44.jpg,2.0,2Among5NoColour,red,red,Quadrant 4,93.0,4.0,65–99,6
82,136.0,1,3788.9000000715023,1,Task,image_105.jpg,5.0,2Among5NoColour,green,green,Quadrant 1,9.0,1.0,9–16,3
82,137.0,4,2105.700000071549,1,Task,image_50.jpg,2.0,2Among5ConjRed,red,blue,Quadrant 4,2.0,4.0,1–4,1
82,138.0,3,1311.5000000477305,1,Task,image_91.jpg,5.0,2Among5Colour,green,red,Quadrant 3,47.0,3.0,33–64,5
82,139.0,1,1099.6999999999534,1,Task,image_12.jpg,2.0,2Among5Colour,red,blue,Quadrant 1,23.0,1.0,17–32,4
82,140.0,4,2588.3000000000466,1,Task,image_140.jpg,5.0,2Among5ConjRed,green,red,Quadrant 4,93.0,4.0,65–99,6
82,141.0,1,1491.600000023842,0,Task,image_24.jpg,2.0,2Among5NoColour,green,green,Quadrant 3,1.0,3.0,1–4,1
82,142.0,3,3827.00000004773,1,Task,image_130.jpg,5.0,2Among5ConjRed,red,green,Quadrant 3,16.0,3.0,9–16,3
82,143.0,1,2182.800000023796,1,Task,image_127.jpg,5.0,2Among5ConjRed,blue,green,Quadrant 1,8.0,1.0,5–8,2
82,144.0,4,3701.800000047661,1,Task,image_116.jpg,5.0,2Among5NoColour,red,red,Quadrant 4,93.0,4.0,65–99,6
18,1.0,4,8932.400000000373,1,Task,image_56.jpg,2.0,2Among5ConjRed,green,blue,Quadrant 4,15.0,4.0,9–16,3
18,2.0,2,777.2999999988824,1,Task,image_88.jpg,5.0,2Among5Colour,green,blue,Quadrant 2,34.0,2.0,33–64,5
18,3.0,2,599.2999999992608,0,Task,image_123.jpg,5.0,2Among5ConjRed,red,green,Quadrant 1,3.0,1.0,1–4,1
18,4.0,4,6363.299999998882,1,Task,image_41.jpg,2.0,2Among5NoColour,blue,blue,Quadrant 4,45.0,4.0,33–64,5
18,5.0,3,1273.199999999997,1,Task,image_91.jpg,5.0,2Among5Colour,green,red,Quadrant 3,47.0,3.0,33–64,5
18,6.0,3,3907.899999999616,0,Task,image_36.jpg,2.0,2Among5NoColour,green,green,Quadrant 1,23.0,1.0,17–32,4
18,7.0,1,1634.6000000000058,1,Task,image_7.jpg,2.0,2Among5Colour,green,red,Quadrant 1,8.0,1.0,5–8,2
18,8.0,2,4759.799999998882,0,Task,image_98.jpg,5.0,2Among5NoColour,red,red,Quadrant 4,2.0,4.0,1–4,1
18,9.0,1,3768.399999999616,1,Task,image_71.jpg,2.0,2Among5ConjRed,green,blue,Quadrant 1,75.0,1.0,65–99,6
18,10.0,3,2669.399999999994,1,Task,image_96.jpg,5.0,2Among5NoColour,green,green,Quadrant 3,1.0,3.0,1–4,1
18,11.0,4,3887.6999999988766,0,Task,image_102.jpg,5.0,2Among5NoColour,blue,blue,Quadrant 3,7.0,3.0,5–8,2
18,12.0,3,1431.5999999992491,1,Task,image_0.jpg,2.0,2Among5Colour,red,blue,Quadrant 3,1.0,3.0,1–4,1
18,13.0,3,996.4999999996217,1,Task,image_21.jpg,2.0,2Among5Colour,blue,green,Quadrant 3,82.0,3.0,65–99,6
18,14.0,1,2687.699999999255,1,Task,image_105.jpg,5.0,2Among5NoColour,green,green,Quadrant 1,9.0,1.0,9–16,3
18,15.0,1,3873.899999999994,1,Task,image_129.jpg,5.0,2Among5ConjRed,red,blue,Quadrant 1,9.0,1.0,9–16,3
18,16.0,1,3304.0,1,Task,image_143.jpg,5.0,2Among5ConjRed,green,blue,Quadrant 1,75.0,1.0,65–99,6
18,17.0,4,1636.499999998894,1,Task,image_50.jpg,2.0,2Among5ConjRed,red,blue,Quadrant 4,2.0,4.0,1–4,1
18,18.0,2,1130.3999999992666,1,Task,image_22.jpg,2.0,2Among5Colour,green,blue,Quadrant 2,65.0,2.0,65–99,6
18,19.0,1,3085.899999999616,0,Task,image_34.jpg,2.0,2Among5NoColour,red,red,Quadrant 3,16.0,3.0,9–16,3
18,20.0,4,2169.999999998894,0,Task,image_67.jpg,2.0,2Among5ConjRed,red,green,Quadrant 3,47.0,3.0,33–64,5
18,21.0,1,1090.0999999988708,1,Task,image_81.jpg,5.0,2Among5Colour,green,blue,Quadrant 1,9.0,1.0,9–16,3
18,22.0,1,3574.700000000361,0,Task,image_69.jpg,2.0,2Among5ConjRed,blue,red,Quadrant 3,82.0,3.0,65–99,6
18,23.0,4,1884.599999999249,1,Task,image_28.jpg,2.0,2Among5NoColour,red,red,Quadrant 4,6.0,4.0,5–8,2
18,24.0,4,836.7999999992608,1,Task,image_4.jpg,2.0,2Among5Colour,blue,green,Quadrant 4,6.0,4.0,5–8,2
18,25.0,3,1774.700000000361,1,Task,image_126.jpg,5.0,2Among5ConjRed,green,red,Quadrant 3,7.0,3.0,5–8,2
18,26.0,3,3643.4999999996217,0,Task,image_62.jpg,2.0,2Among5ConjRed,green,red,Quadrant 4,25.0,4.0,17–32,4
18,27.0,1,2811.499999999244,0,Task,image_116.jpg,5.0,2Among5NoColour,red,red,Quadrant 4,93.0,4.0,65–99,6
18,28.0,2,2232.0000000003783,1,Task,image_25.jpg,2.0,2Among5NoColour,blue,blue,Quadrant 2,4.0,2.0,1–4,1
18,29.0,1,1141.999999998894,1,Task,image_60.jpg,2.0,2Among5ConjRed,blue,green,Quadrant 1,23.0,1.0,17–32,4
18,30.0,1,1038.7999999992608,1,Task,image_23.jpg,2.0,2Among5Colour,red,green,Quadrant 1,75.0,1.0,65–99,6
18,31.0,3,934.7999999992608,1,Task,image_78.jpg,5.0,2Among5Colour,red,blue,Quadrant 3,7.0,3.0,5–8,2
18,32.0,4,1598.6000000000058,1,Task,image_122.jpg,5.0,2Among5ConjRed,red,blue,Quadrant 4,2.0,4.0,1–4,1
18,33.0,4,864.5,1,Task,image_14.jpg,2.0,2Among5Colour,red,green,Quadrant 4,25.0,4.0,17–32,4
18,34.0,3,1498.0999999992491,1,Task,image_54.jpg,2.0,2Among5ConjRed,green,red,Quadrant 3,7.0,3.0,5–8,2
18,35.0,2,1107.200000000361,0,Task,image_8.jpg,2.0,2Among5Colour,blue,red,Quadrant 4,15.0,4.0,9–16,3
18,36.0,2,3088.7999999992608,1,Task,image_49.jpg,2.0,2Among5ConjRed,blue,red,Quadrant 2,4.0,2.0,1–4,1
18,37.0,1,812.1000000000058,1,Task,image_18.jpg,2.0,2Among5Colour,red,blue,Quadrant 1,59.0,1.0,33–64,5
18,38.0,3,762.7999999999884,1,Task,image_85.jpg,5.0,2Among5Colour,green,red,Quadrant 3,20.0,3.0,17–32,4
18,39.0,1,602.1000000003842,1,Task,image_12.jpg,2.0,2Among5Colour,red,blue,Quadrant 1,23.0,1.0,17–32,4
18,40.0,3,1178.6999999988766,1,Task,image_115.jpg,5.0,2Among5NoColour,blue,blue,Quadrant 3,47.0,3.0,33–64,5
18,41.0,3,825.8999999988882,1,Task,image_82.jpg,5.0,2Among5Colour,red,green,Quadrant 3,16.0,3.0,9–16,3
18,42.0,4,893.3999999992666,1,Task,image_74.jpg,5.0,2Among5Colour,green,red,Quadrant 4,2.0,4.0,1–4,1
18,43.0,4,1393.7999999988824,1,Task,image_65.jpg,2.0,2Among5ConjRed,blue,red,Quadrant 4,45.0,4.0,33–64,5
18,44.0,2,1352.999999998894,1,Task,image_107.jpg,5.0,2Among5NoColour,blue,blue,Quadrant 2,14.0,2.0,9–16,3
18,45.0,2,2928.4999999996217,1,Task,image_70.jpg,2.0,2Among5ConjRed,blue,green,Quadrant 2,65.0,2.0,65–99,6
18,46.0,1,1534.8999999999942,0,Task,image_135.jpg,5.0,2Among5ConjRed,green,blue,Quadrant 2,26.0,2.0,17–32,4
18,47.0,3,1755.3000000003667,0,Task,image_44.jpg,2.0,2Among5NoColour,red,red,Quadrant 4,93.0,4.0,65–99,6
18,48.0,1,695.7999999996391,1,Task,image_90.jpg,5.0,2Among5Colour,red,blue,Quadrant 1,59.0,1.0,33–64,5
18,49.0,4,1073.299999999639,0,Task,image_108.jpg,5.0,2Among5NoColour,green,green,Quadrant 1,23.0,1.0,17–32,4
18,50.0,1,1796.4999999996217,1,Task,image_3.jpg,2.0,2Among5Colour,green,blue,Quadrant 1,3.0,1.0,1–4,1
18,51.0,1,1067.5999999988708,0,Task,image_100.jpg,5.0,2Among5NoColour,red,red,Quadrant 4,6.0,4.0,5–8,2
18,52.0,1,607.8000000003667,1,Task,image_9.jpg,2.0,2Among5Colour,green,blue,Quadrant 1,9.0,1.0,9–16,3
18,53.0,4,1711.499999998894,0,Task,image_47.jpg,2.0,2Among5NoColour,blue,blue,Quadrant 1,75.0,1.0,65–99,6
18,54.0,2,1134.0999999992782,0,Task,image_130.jpg,5.0,2Among5ConjRed,red,green,Quadrant 3,16.0,3.0,9–16,3
18,55.0,3,2683.400000000024,1,Task,image_133.jpg,5.0,2Among5ConjRed,red,blue,Quadrant 3,20.0,3.0,17–32,4
18,56.0,3,753.0,1,Task,image_120.jpg,5.0,2Among5ConjRed,blue,green,Quadrant 3,1.0,3.0,1–4,1
18,57.0,2,862.0999999992782,0,Task,image_138.jpg,5.0,2Among5ConjRed,red,blue,Quadrant 1,59.0,1.0,33–64,5
18,58.0,3,772.6999999992549,1,Task,image_10.jpg,2.0,2Among5Colour,red,green,Quadrant 3,16.0,3.0,9–16,3
18,59.0,4,766.4000000000233,1,Task,image_2.jpg,2.0,2Among5Colour,green,red,Quadrant 4,2.0,4.0,1–4,1
18,60.0,4,1426.7000000000116,1,Task,image_124.jpg,5.0,2Among5ConjRed,green,blue,Quadrant 4,6.0,4.0,5–8,2
18,61.0,2,1718.200000000361,1,Task,image_40.jpg,2.0,2Among5NoColour,red,red,Quadrant 2,34.0,2.0,33–64,5
18,62.0,1,2153.200000000361,1,Task,image_103.jpg,5.0,2Among5NoColour,green,green,Quadrant 1,8.0,1.0,5–8,2
18,63.0,4,1569.1999999996042,1,Task,image_26.jpg,2.0,2Among5NoColour,red,red,Quadrant 4,2.0,4.0,1–4,1
18,64.0,2,2078.700000000361,0,Task,image_113.jpg,5.0,2Among5NoColour,blue,blue,Quadrant 4,45.0,4.0,33–64,5
18,65.0,3,1986.0999999992785,1,Task,image_109.jpg,5.0,2Among5NoColour,blue,blue,Quadrant 3,20.0,3.0,17–32,4
18,66.0,2,693.3999999996158,1,Task,image_73.jpg,5.0,2Among5Colour,blue,red,Quadrant 2,4.0,2.0,1–4,1
18,67.0,2,771.2999999999884,1,Task,image_11.jpg,2.0,2Among5Colour,blue,green,Quadrant 2,14.0,2.0,9–16,3
18,68.0,3,2047.4000000003723,1,Task,image_37.jpg,2.0,2Among5NoColour,blue,blue,Quadrant 3,20.0,3.0,17–32,4
18,69.0,4,1001.1999999989056,1,Task,image_20.jpg,2.0,2Among5Colour,blue,red,Quadrant 4,93.0,4.0,65–99,6
18,70.0,2,1309.7000000000116,0,Task,image_57.jpg,2.0,2Among5ConjRed,red,blue,Quadrant 1,9.0,1.0,9–16,3
18,71.0,1,743.9999999996508,1,Task,image_84.jpg,5.0,2Among5Colour,red,blue,Quadrant 1,23.0,1.0,17–32,4
18,72.0,1,2076.9999999996508,1,Task,image_99.jpg,5.0,2Among5NoColour,blue,blue,Quadrant 1,3.0,1.0,1–4,1
18,73.0,1,1437.9999999996508,0,Task,image_68.jpg,2.0,2Among5ConjRed,green,red,Quadrant 4,93.0,4.0,65–99,6
18,74.0,3,1549.199999999255,1,Task,image_24.jpg,2.0,2Among5NoColour,green,green,Quadrant 3,1.0,3.0,1–4,1
18,75.0,4,2103.099999999278,0,Task,image_53.jpg,2.0,2Among5ConjRed,green,red,Quadrant 2,5.0,2.0,5–8,2
18,76.0,1,4635.799999999988,0,Task,image_106.jpg,5.0,2Among5NoColour,red,red,Quadrant 3,16.0,3.0,9–16,3
18,77.0,4,2705.0999999999767,1,Task,image_32.jpg,2.0,2Among5NoColour,red,red,Quadrant 4,15.0,4.0,9–16,3
18,78.0,4,3238.099999999278,0,Task,image_46.jpg,2.0,2Among5NoColour,red,red,Quadrant 2,65.0,2.0,65–99,6
18,79.0,3,1020.7000000003608,1,Task,image_19.jpg,2.0,2Among5Colour,green,red,Quadrant 3,47.0,3.0,33–64,5
18,80.0,3,901.0999999996276,1,Task,image_93.jpg,5.0,2Among5Colour,blue,green,Quadrant 3,82.0,3.0,65–99,6
18,81.0,1,1256.1000000003842,0,Task,image_136.jpg,5.0,2Among5ConjRed,red,green,Quadrant 2,34.0,2.0,33–64,5
18,82.0,3,1365.0999999996277,1,Task,image_117.jpg,5.0,2Among5NoColour,green,green,Quadrant 3,82.0,3.0,65–99,6
18,83.0,2,2086.2999999999884,0,Task,image_110.jpg,5.0,2Among5NoColour,red,red,Quadrant 4,25.0,4.0,17–32,4
18,84.0,4,776.0,1,Task,image_86.jpg,5.0,2Among5Colour,red,green,Quadrant 4,25.0,4.0,17–32,4
18,85.0,2,866.3000000003958,1,Task,image_87.jpg,5.0,2Among5Colour,blue,green,Quadrant 2,26.0,2.0,17–32,4
18,86.0,3,725.2999999999884,1,Task,image_6.jpg,2.0,2Among5Colour,red,blue,Quadrant 3,7.0,3.0,5–8,2
18,87.0,1,2144.900000000024,0,Task,image_43.jpg,2.0,2Among5NoColour,blue,blue,Quadrant 3,47.0,3.0,33–64,5
18,88.0,4,2049.200000000012,0,Task,image_125.jpg,5.0,2Among5ConjRed,green,red,Quadrant 2,5.0,2.0,5–8,2
18,89.0,1,810.6999999996042,1,Task,image_95.jpg,5.0,2Among5Colour,red,green,Quadrant 1,75.0,1.0,65–99,6
18,90.0,2,1062.2999999988824,1,Task,image_121.jpg,5.0,2Among5ConjRed,blue,red,Quadrant 2,4.0,2.0,1–4,1
18,91.0,3,994.3000000003958,1,Task,image_13.jpg,2.0,2Among5Colour,green,red,Quadrant 3,20.0,3.0,17–32,4
18,92.0,2,1486.9999999992433,1,Task,image_29.jpg,2.0,2Among5NoColour,green,green,Quadrant 2,5.0,2.0,5–8,2
18,93.0,4,4151.099999998871,1,Task,image_38.jpg,2.0,2Among5NoColour,red,red,Quadrant 4,25.0,4.0,17–32,4
18,94.0,4,3245.300000000396,1,Task,image_137.jpg,5.0,2Among5ConjRed,blue,red,Quadrant 4,45.0,4.0,33–64,5
18,95.0,2,1779.7999999988824,1,Task,image_111.jpg,5.0,2Among5NoColour,green,green,Quadrant 2,26.0,2.0,17–32,4
18,96.0,2,1227.9000000003723,1,Task,image_59.jpg,2.0,2Among5ConjRed,blue,red,Quadrant 2,14.0,2.0,9–16,3
18,97.0,2,977.8999999988592,1,Task,image_97.jpg,5.0,2Among5NoColour,blue,blue,Quadrant 2,4.0,2.0,1–4,1
18,98.0,3,2667.999999999244,0,Task,image_114.jpg,5.0,2Among5NoColour,green,green,Quadrant 1,59.0,1.0,33–64,5
18,99.0,4,3721.9999999996494,0,Task,image_39.jpg,2.0,2Among5NoColour,green,green,Quadrant 2,26.0,2.0,17–32,4
18,100.0,1,1940.099999999628,1,Task,image_55.jpg,2.0,2Among5ConjRed,blue,green,Quadrant 1,8.0,1.0,5–8,2
18,101.0,2,1155.9000000003723,0,Task,image_27.jpg,2.0,2Among5NoColour,blue,blue,Quadrant 1,3.0,1.0,1–4,1
18,102.0,2,1038.8999999996158,0,Task,image_52.jpg,2.0,2Among5ConjRed,green,blue,Quadrant 4,6.0,4.0,5–8,2
18,103.0,3,776.7999999996391,1,Task,image_48.jpg,2.0,2Among5ConjRed,blue,green,Quadrant 3,1.0,3.0,1–4,1
18,104.0,2,1104.5999999988708,1,Task,image_118.jpg,5.0,2Among5NoColour,red,red,Quadrant 2,65.0,2.0,65–99,6
18,105.0,1,2243.899999998859,1,Task,image_33.jpg,2.0,2Among5NoColour,green,green,Quadrant 1,9.0,1.0,9–16,3
18,106.0,3,1774.1999999996042,1,Task,image_141.jpg,5.0,2Among5ConjRed,blue,red,Quadrant 3,82.0,3.0,65–99,6
18,107.0,2,626.999999998894,1,Task,image_83.jpg,5.0,2Among5Colour,blue,green,Quadrant 2,14.0,2.0,9–16,3
18,108.0,2,839.9000000000233,1,Task,image_131.jpg,5.0,2Among5ConjRed,blue,red,Quadrant 2,14.0,2.0,9–16,3
18,109.0,1,3671.100000000384,0,Task,image_35.jpg,2.0,2Among5NoColour,blue,blue,Quadrant 2,14.0,2.0,9–16,3
18,110.0,2,782.7999999999884,1,Task,image_16.jpg,2.0,2Among5Colour,green,blue,Quadrant 2,34.0,2.0,33–64,5
18,111.0,2,619.1999999992549,1,Task,image_15.jpg,2.0,2Among5Colour,blue,green,Quadrant 2,26.0,2.0,17–32,4
18,112.0,4,922.3999999988592,1,Task,image_80.jpg,5.0,2Among5Colour,blue,red,Quadrant 4,15.0,4.0,9–16,3
18,113.0,2,1644.6000000003842,1,Task,image_63.jpg,2.0,2Among5ConjRed,green,blue,Quadrant 2,26.0,2.0,17–32,4
18,114.0,3,13747.29999999964,0,Task,image_132.jpg,5.0,2Among5ConjRed,blue,green,Quadrant 1,23.0,1.0,17–32,4
18,115.0,1,828.499999998894,1,Task,image_75.jpg,5.0,2Among5Colour,green,blue,Quadrant 1,3.0,1.0,1–4,1
18,116.0,2,1666.5999999999767,1,Task,image_94.jpg,5.0,2Among5Colour,green,blue,Quadrant 2,65.0,2.0,65–99,6
18,117.0,2,4717.299999999988,0,Task,image_128.jpg,5.0,2Among5ConjRed,green,blue,Quadrant 4,15.0,4.0,9–16,3
18,118.0,2,821.3999999992666,1,Task,image_1.jpg,2.0,2Among5Colour,blue,red,Quadrant 2,4.0,2.0,1–4,1
18,119.0,2,595.0000000003492,0,Task,image_51.jpg,2.0,2Among5ConjRed,red,green,Quadrant 1,3.0,1.0,1–4,1
18,120.0,1,3379.200000000361,1,Task,image_31.jpg,2.0,2Among5NoColour,green,green,Quadrant 1,8.0,1.0,5–8,2
18,121.0,1,2948.0999999999767,1,Task,image_127.jpg,5.0,2Among5ConjRed,blue,green,Quadrant 1,8.0,1.0,5–8,2
18,122.0,2,1336.3000000003958,1,Task,image_64.jpg,2.0,2Among5ConjRed,red,green,Quadrant 2,34.0,2.0,33–64,5
18,123.0,3,2887.199999999255,1,Task,image_61.jpg,2.0,2Among5ConjRed,red,blue,Quadrant 3,20.0,3.0,17–32,4
18,124.0,2,1081.7999999992317,1,Task,image_77.jpg,5.0,2Among5Colour,red,green,Quadrant 2,5.0,2.0,5–8,2
18,125.0,1,3035.5999999999767,1,Task,image_42.jpg,2.0,2Among5NoColour,green,green,Quadrant 1,59.0,1.0,33–64,5
18,126.0,4,752.8000000003958,1,Task,image_76.jpg,5.0,2Among5Colour,blue,green,Quadrant 4,6.0,4.0,5–8,2
18,127.0,2,1624.299999999639,1,Task,image_112.jpg,5.0,2Among5NoColour,red,red,Quadrant 2,34.0,2.0,33–64,5
18,128.0,2,1760.5,1,Task,image_5.jpg,2.0,2Among5Colour,red,green,Quadrant 2,5.0,2.0,5–8,2
18,129.0,3,2317.9999999996508,1,Task,image_72.jpg,5.0,2Among5Colour,red,blue,Quadrant 3,1.0,3.0,1–4,1
18,130.0,4,1242.3000000003958,1,Task,image_92.jpg,5.0,2Among5Colour,blue,red,Quadrant 4,93.0,4.0,65–99,6
18,131.0,2,6488.800000000396,0,Task,image_134.jpg,5.0,2Among5ConjRed,green,red,Quadrant 4,25.0,4.0,17–32,4
18,132.0,3,2637.899999999616,1,Task,image_139.jpg,5.0,2Among5ConjRed,red,green,Quadrant 3,47.0,3.0,33–64,5
18,133.0,2,1624.5999999992782,0,Task,image_45.jpg,2.0,2Among5NoColour,green,green,Quadrant 3,82.0,3.0,65–99,6
18,134.0,4,820.0999999992782,1,Task,image_17.jpg,2.0,2Among5Colour,blue,red,Quadrant 4,45.0,4.0,33–64,5
18,135.0,4,943.4000000000232,1,Task,image_89.jpg,5.0,2Among5Colour,blue,red,Quadrant 4,45.0,4.0,33–64,5
18,136.0,3,1865.199999999604,1,Task,image_30.jpg,2.0,2Among5NoColour,blue,blue,Quadrant 3,7.0,3.0,5–8,2
18,137.0,1,2722.9999999996508,1,Task,image_119.jpg,5.0,2Among5NoColour,blue,blue,Quadrant 1,75.0,1.0,65–99,6
18,138.0,1,3904.399999999616,0,Task,image_104.jpg,5.0,2Among5NoColour,red,red,Quadrant 4,15.0,4.0,9–16,3
18,139.0,2,2789.5,1,Task,image_101.jpg,5.0,2Among5NoColour,green,green,Quadrant 2,5.0,2.0,5–8,2
18,140.0,2,3674.799999999639,0,Task,image_66.jpg,2.0,2Among5ConjRed,red,blue,Quadrant 1,59.0,1.0,33–64,5
18,141.0,1,887.0000000003492,1,Task,image_79.jpg,5.0,2Among5Colour,green,red,Quadrant 1,8.0,1.0,5–8,2
18,142.0,3,1644.4000000003723,1,Task,image_58.jpg,2.0,2Among5ConjRed,red,green,Quadrant 3,16.0,3.0,9–16,3
18,143.0,4,3461.999999998894,1,Task,image_140.jpg,5.0,2Among5ConjRed,green,red,Quadrant 4,93.0,4.0,65–99,6
18,144.0,4,3458.5999999999767,0,Task,image_142.jpg,5.0,2Among5ConjRed,blue,green,Quadrant 2,65.0,2.0,65–99,6
